subject_id,true_region,predicted_region
sub-0001,0,31
sub-0001,1,1
sub-0001,2,2
sub-0001,3,31
sub-0001,4,4
sub-0001,5,5
sub-0001,6,6
sub-0001,7,7
sub-0001,8,8
sub-0001,9,9
sub-0001,10,10
sub-0001,11,11
sub-0001,12,12
sub-0001,13,13
sub-0001,14,14
sub-0001,15,15
sub-0001,16,16
sub-0001,17,17
sub-0001,18,18
sub-0001,19,19
sub-0001,20,20
sub-0001,21,21
sub-0001,22,22
sub-0001,23,139
sub-0001,24,24
sub-0001,25,25
sub-0001,26,26
sub-0001,27,27
sub-0001,28,28
sub-0001,29,29
sub-0001,30,30
sub-0001,31,31
sub-0001,32,32
sub-0001,33,33
sub-0001,34,34
sub-0001,35,35
sub-0001,36,36
sub-0001,37,37
sub-0001,38,38
sub-0001,39,39
sub-0001,40,37
sub-0001,41,119
sub-0001,42,42
sub-0001,43,43
sub-0001,44,44
sub-0001,45,45
sub-0001,46,60
sub-0001,47,47
sub-0001,48,149
sub-0001,49,49
sub-0001,50,50
sub-0001,51,51
sub-0001,52,53
sub-0001,53,171
sub-0001,54,54
sub-0001,55,196
sub-0001,56,56
sub-0001,57,57
sub-0001,58,58
sub-0001,59,59
sub-0001,60,60
sub-0001,61,61
sub-0001,62,62
sub-0001,63,63
sub-0001,64,64
sub-0001,65,65
sub-0001,66,66
sub-0001,67,67
sub-0001,68,68
sub-0001,69,92
sub-0001,70,70
sub-0001,71,110
sub-0001,72,72
sub-0001,73,73
sub-0001,74,74
sub-0001,75,75
sub-0001,76,76
sub-0001,77,77
sub-0001,78,78
sub-0001,79,79
sub-0001,80,80
sub-0001,81,81
sub-0001,82,82
sub-0001,83,196
sub-0001,84,84
sub-0001,85,85
sub-0001,86,70
sub-0001,87,87
sub-0001,88,88
sub-0001,89,89
sub-0001,90,90
sub-0001,91,91
sub-0001,92,92
sub-0001,93,93
sub-0001,94,82
sub-0001,95,95
sub-0001,96,96
sub-0001,97,97
sub-0001,98,98
sub-0001,99,60
sub-0001,100,100
sub-0001,101,101
sub-0001,102,3
sub-0001,103,103
sub-0001,104,104
sub-0001,105,105
sub-0001,106,106
sub-0001,107,107
sub-0001,108,108
sub-0001,109,109
sub-0001,110,110
sub-0001,111,111
sub-0001,112,112
sub-0001,113,113
sub-0001,114,114
sub-0001,115,115
sub-0001,116,116
sub-0001,117,117
sub-0001,118,118
sub-0001,119,119
sub-0001,120,120
sub-0001,121,121
sub-0001,122,122
sub-0001,123,123
sub-0001,124,124
sub-0001,125,125
sub-0001,126,126
sub-0001,127,37
sub-0001,128,124
sub-0001,129,129
sub-0001,130,130
sub-0001,131,29
sub-0001,132,132
sub-0001,133,133
sub-0001,134,139
sub-0001,135,135
sub-0001,136,136
sub-0001,137,137
sub-0001,138,138
sub-0001,139,139
sub-0001,140,140
sub-0001,141,141
sub-0001,142,142
sub-0001,143,147
sub-0001,144,144
sub-0001,145,149
sub-0001,146,146
sub-0001,147,116
sub-0001,148,148
sub-0001,149,149
sub-0001,150,152
sub-0001,151,151
sub-0001,152,152
sub-0001,153,153
sub-0001,154,154
sub-0001,155,155
sub-0001,156,47
sub-0001,157,157
sub-0001,158,158
sub-0001,159,176
sub-0001,160,196
sub-0001,161,53
sub-0001,162,162
sub-0001,163,163
sub-0001,164,164
sub-0001,165,165
sub-0001,166,166
sub-0001,167,168
sub-0001,168,168
sub-0001,169,201
sub-0001,170,196
sub-0001,171,171
sub-0001,172,172
sub-0001,173,173
sub-0001,174,174
sub-0001,175,175
sub-0001,176,176
sub-0001,177,177
sub-0001,178,178
sub-0001,179,177
sub-0001,180,180
sub-0001,181,73
sub-0001,182,182
sub-0001,183,183
sub-0001,184,184
sub-0001,185,185
sub-0001,186,186
sub-0001,187,186
sub-0001,188,176
sub-0001,189,189
sub-0001,190,190
sub-0001,191,191
sub-0001,192,192
sub-0001,193,193
sub-0001,194,194
sub-0001,195,195
sub-0001,196,196
sub-0001,197,197
sub-0001,198,198
sub-0001,199,199
sub-0001,200,200
sub-0001,201,201
sub-0001,202,202
sub-0001,203,203
sub-0001,204,223
sub-0001,205,205
sub-0001,206,206
sub-0001,207,207
sub-0001,208,208
sub-0001,209,209
sub-0001,210,97
sub-0001,211,204
sub-0001,212,212
sub-0001,213,177
sub-0001,214,214
sub-0001,215,215
sub-0001,216,216
sub-0001,217,217
sub-0001,218,218
sub-0001,219,202
sub-0001,220,223
sub-0001,221,221
sub-0001,222,222
sub-0001,223,223
sub-0001,224,224
sub-0001,225,225
sub-0001,226,53
sub-0001,227,210
sub-0001,228,228
sub-0001,229,187
sub-0001,230,230
sub-0001,231,231
sub-0002,0,0
sub-0002,1,1
sub-0002,2,2
sub-0002,3,3
sub-0002,4,4
sub-0002,5,5
sub-0002,6,131
sub-0002,7,3
sub-0002,8,220
sub-0002,9,9
sub-0002,10,10
sub-0002,11,104
sub-0002,12,12
sub-0002,13,13
sub-0002,14,27
sub-0002,15,15
sub-0002,16,112
sub-0002,17,17
sub-0002,18,18
sub-0002,19,19
sub-0002,20,20
sub-0002,21,21
sub-0002,22,22
sub-0002,23,23
sub-0002,24,123
sub-0002,25,25
sub-0002,26,26
sub-0002,27,43
sub-0002,28,28
sub-0002,29,29
sub-0002,30,30
sub-0002,31,31
sub-0002,32,32
sub-0002,33,63
sub-0002,34,34
sub-0002,35,35
sub-0002,36,36
sub-0002,37,37
sub-0002,38,133
sub-0002,39,39
sub-0002,40,40
sub-0002,41,41
sub-0002,42,39
sub-0002,43,43
sub-0002,44,44
sub-0002,45,45
sub-0002,46,46
sub-0002,47,210
sub-0002,48,48
sub-0002,49,49
sub-0002,50,64
sub-0002,51,52
sub-0002,52,52
sub-0002,53,53
sub-0002,54,54
sub-0002,55,221
sub-0002,56,56
sub-0002,57,57
sub-0002,58,63
sub-0002,59,59
sub-0002,60,60
sub-0002,61,56
sub-0002,62,69
sub-0002,63,230
sub-0002,64,64
sub-0002,65,64
sub-0002,66,66
sub-0002,67,67
sub-0002,68,68
sub-0002,69,66
sub-0002,70,153
sub-0002,71,71
sub-0002,72,72
sub-0002,73,73
sub-0002,74,66
sub-0002,75,75
sub-0002,76,76
sub-0002,77,77
sub-0002,78,161
sub-0002,79,79
sub-0002,80,80
sub-0002,81,81
sub-0002,82,82
sub-0002,83,83
sub-0002,84,84
sub-0002,85,85
sub-0002,86,86
sub-0002,87,87
sub-0002,88,88
sub-0002,89,89
sub-0002,90,90
sub-0002,91,222
sub-0002,92,92
sub-0002,93,93
sub-0002,94,69
sub-0002,95,95
sub-0002,96,96
sub-0002,97,96
sub-0002,98,98
sub-0002,99,30
sub-0002,100,100
sub-0002,101,101
sub-0002,102,102
sub-0002,103,103
sub-0002,104,104
sub-0002,105,105
sub-0002,106,106
sub-0002,107,107
sub-0002,108,108
sub-0002,109,109
sub-0002,110,110
sub-0002,111,111
sub-0002,112,112
sub-0002,113,41
sub-0002,114,114
sub-0002,115,115
sub-0002,116,116
sub-0002,117,117
sub-0002,118,118
sub-0002,119,119
sub-0002,120,120
sub-0002,121,121
sub-0002,122,122
sub-0002,123,123
sub-0002,124,124
sub-0002,125,125
sub-0002,126,126
sub-0002,127,127
sub-0002,128,128
sub-0002,129,129
sub-0002,130,130
sub-0002,131,104
sub-0002,132,132
sub-0002,133,133
sub-0002,134,134
sub-0002,135,135
sub-0002,136,136
sub-0002,137,137
sub-0002,138,138
sub-0002,139,139
sub-0002,140,140
sub-0002,141,141
sub-0002,142,146
sub-0002,143,143
sub-0002,144,144
sub-0002,145,145
sub-0002,146,146
sub-0002,147,147
sub-0002,148,148
sub-0002,149,149
sub-0002,150,178
sub-0002,151,138
sub-0002,152,152
sub-0002,153,91
sub-0002,154,154
sub-0002,155,155
sub-0002,156,156
sub-0002,157,178
sub-0002,158,158
sub-0002,159,159
sub-0002,160,160
sub-0002,161,161
sub-0002,162,202
sub-0002,163,29
sub-0002,164,164
sub-0002,165,165
sub-0002,166,166
sub-0002,167,140
sub-0002,168,178
sub-0002,169,169
sub-0002,170,170
sub-0002,171,171
sub-0002,172,172
sub-0002,173,173
sub-0002,174,178
sub-0002,175,175
sub-0002,176,176
sub-0002,177,178
sub-0002,178,178
sub-0002,179,166
sub-0002,180,180
sub-0002,181,181
sub-0002,182,182
sub-0002,183,183
sub-0002,184,183
sub-0002,185,185
sub-0002,186,186
sub-0002,187,230
sub-0002,188,188
sub-0002,189,189
sub-0002,190,190
sub-0002,191,191
sub-0002,192,178
sub-0002,193,97
sub-0002,194,194
sub-0002,195,195
sub-0002,196,196
sub-0002,197,197
sub-0002,198,198
sub-0002,199,199
sub-0002,200,200
sub-0002,201,204
sub-0002,202,55
sub-0002,203,52
sub-0002,204,221
sub-0002,205,147
sub-0002,206,206
sub-0002,207,207
sub-0002,208,208
sub-0002,209,221
sub-0002,210,220
sub-0002,211,56
sub-0002,212,202
sub-0002,213,218
sub-0002,214,225
sub-0002,215,215
sub-0002,216,216
sub-0002,217,217
sub-0002,218,231
sub-0002,219,219
sub-0002,220,220
sub-0002,221,204
sub-0002,222,204
sub-0002,223,223
sub-0002,224,224
sub-0002,225,227
sub-0002,226,223
sub-0002,227,226
sub-0002,228,228
sub-0002,229,229
sub-0002,230,38
sub-0002,231,231
sub-0003,0,0
sub-0003,1,1
sub-0003,2,2
sub-0003,3,3
sub-0003,4,4
sub-0003,5,5
sub-0003,6,109
sub-0003,7,7
sub-0003,8,8
sub-0003,9,9
sub-0003,10,10
sub-0003,11,11
sub-0003,12,27
sub-0003,13,13
sub-0003,14,14
sub-0003,15,15
sub-0003,16,16
sub-0003,17,17
sub-0003,18,18
sub-0003,19,19
sub-0003,20,20
sub-0003,21,21
sub-0003,22,201
sub-0003,23,23
sub-0003,24,24
sub-0003,25,25
sub-0003,26,26
sub-0003,27,27
sub-0003,28,28
sub-0003,29,29
sub-0003,30,30
sub-0003,31,29
sub-0003,32,32
sub-0003,33,33
sub-0003,34,34
sub-0003,35,35
sub-0003,36,36
sub-0003,37,37
sub-0003,38,38
sub-0003,39,39
sub-0003,40,40
sub-0003,41,41
sub-0003,42,42
sub-0003,43,155
sub-0003,44,44
sub-0003,45,45
sub-0003,46,152
sub-0003,47,47
sub-0003,48,48
sub-0003,49,49
sub-0003,50,50
sub-0003,51,51
sub-0003,52,52
sub-0003,53,53
sub-0003,54,54
sub-0003,55,153
sub-0003,56,56
sub-0003,57,57
sub-0003,58,58
sub-0003,59,59
sub-0003,60,60
sub-0003,61,61
sub-0003,62,31
sub-0003,63,63
sub-0003,64,64
sub-0003,65,155
sub-0003,66,66
sub-0003,67,67
sub-0003,68,68
sub-0003,69,90
sub-0003,70,152
sub-0003,71,71
sub-0003,72,72
sub-0003,73,73
sub-0003,74,74
sub-0003,75,47
sub-0003,76,76
sub-0003,77,77
sub-0003,78,78
sub-0003,79,79
sub-0003,80,51
sub-0003,81,81
sub-0003,82,82
sub-0003,83,83
sub-0003,84,84
sub-0003,85,85
sub-0003,86,86
sub-0003,87,87
sub-0003,88,88
sub-0003,89,89
sub-0003,90,90
sub-0003,91,224
sub-0003,92,53
sub-0003,93,93
sub-0003,94,178
sub-0003,95,95
sub-0003,96,96
sub-0003,97,97
sub-0003,98,98
sub-0003,99,99
sub-0003,100,100
sub-0003,101,101
sub-0003,102,102
sub-0003,103,103
sub-0003,104,104
sub-0003,105,105
sub-0003,106,106
sub-0003,107,107
sub-0003,108,108
sub-0003,109,109
sub-0003,110,110
sub-0003,111,111
sub-0003,112,112
sub-0003,113,113
sub-0003,114,8
sub-0003,115,115
sub-0003,116,116
sub-0003,117,117
sub-0003,118,118
sub-0003,119,119
sub-0003,120,131
sub-0003,121,121
sub-0003,122,122
sub-0003,123,123
sub-0003,124,124
sub-0003,125,125
sub-0003,126,21
sub-0003,127,127
sub-0003,128,128
sub-0003,129,129
sub-0003,130,130
sub-0003,131,29
sub-0003,132,132
sub-0003,133,133
sub-0003,134,134
sub-0003,135,135
sub-0003,136,35
sub-0003,137,13
sub-0003,138,138
sub-0003,139,13
sub-0003,140,140
sub-0003,141,145
sub-0003,142,142
sub-0003,143,143
sub-0003,144,144
sub-0003,145,145
sub-0003,146,146
sub-0003,147,147
sub-0003,148,148
sub-0003,149,149
sub-0003,150,152
sub-0003,151,151
sub-0003,152,152
sub-0003,153,153
sub-0003,154,154
sub-0003,155,155
sub-0003,156,156
sub-0003,157,157
sub-0003,158,158
sub-0003,159,159
sub-0003,160,160
sub-0003,161,161
sub-0003,162,162
sub-0003,163,163
sub-0003,164,164
sub-0003,165,165
sub-0003,166,166
sub-0003,167,167
sub-0003,168,168
sub-0003,169,169
sub-0003,170,53
sub-0003,171,171
sub-0003,172,172
sub-0003,173,173
sub-0003,174,174
sub-0003,175,175
sub-0003,176,176
sub-0003,177,177
sub-0003,178,178
sub-0003,179,183
sub-0003,180,155
sub-0003,181,183
sub-0003,182,182
sub-0003,183,183
sub-0003,184,152
sub-0003,185,185
sub-0003,186,186
sub-0003,187,187
sub-0003,188,188
sub-0003,189,189
sub-0003,190,190
sub-0003,191,191
sub-0003,192,178
sub-0003,193,193
sub-0003,194,194
sub-0003,195,195
sub-0003,196,196
sub-0003,197,197
sub-0003,198,198
sub-0003,199,49
sub-0003,200,200
sub-0003,201,203
sub-0003,202,202
sub-0003,203,202
sub-0003,204,204
sub-0003,205,221
sub-0003,206,155
sub-0003,207,207
sub-0003,208,201
sub-0003,209,209
sub-0003,210,29
sub-0003,211,209
sub-0003,212,212
sub-0003,213,213
sub-0003,214,214
sub-0003,215,155
sub-0003,216,216
sub-0003,217,217
sub-0003,218,218
sub-0003,219,219
sub-0003,220,73
sub-0003,221,221
sub-0003,222,155
sub-0003,223,223
sub-0003,224,195
sub-0003,225,208
sub-0003,226,226
sub-0003,227,152
sub-0003,228,228
sub-0003,229,229
sub-0003,230,230
sub-0003,231,231
sub-0004,0,0
sub-0004,1,1
sub-0004,2,2
sub-0004,3,3
sub-0004,4,4
sub-0004,5,5
sub-0004,6,6
sub-0004,7,7
sub-0004,8,8
sub-0004,9,9
sub-0004,10,10
sub-0004,11,11
sub-0004,12,12
sub-0004,13,140
sub-0004,14,14
sub-0004,15,15
sub-0004,16,16
sub-0004,17,17
sub-0004,18,18
sub-0004,19,19
sub-0004,20,20
sub-0004,21,21
sub-0004,22,22
sub-0004,23,23
sub-0004,24,24
sub-0004,25,25
sub-0004,26,26
sub-0004,27,147
sub-0004,28,28
sub-0004,29,29
sub-0004,30,30
sub-0004,31,31
sub-0004,32,32
sub-0004,33,33
sub-0004,34,34
sub-0004,35,35
sub-0004,36,36
sub-0004,37,37
sub-0004,38,38
sub-0004,39,39
sub-0004,40,37
sub-0004,41,41
sub-0004,42,141
sub-0004,43,43
sub-0004,44,44
sub-0004,45,45
sub-0004,46,46
sub-0004,47,47
sub-0004,48,48
sub-0004,49,153
sub-0004,50,50
sub-0004,51,51
sub-0004,52,52
sub-0004,53,51
sub-0004,54,52
sub-0004,55,55
sub-0004,56,56
sub-0004,57,57
sub-0004,58,58
sub-0004,59,59
sub-0004,60,60
sub-0004,61,61
sub-0004,62,62
sub-0004,63,38
sub-0004,64,64
sub-0004,65,138
sub-0004,66,66
sub-0004,67,67
sub-0004,68,68
sub-0004,69,69
sub-0004,70,70
sub-0004,71,71
sub-0004,72,72
sub-0004,73,73
sub-0004,74,74
sub-0004,75,74
sub-0004,76,76
sub-0004,77,77
sub-0004,78,78
sub-0004,79,79
sub-0004,80,80
sub-0004,81,81
sub-0004,82,82
sub-0004,83,83
sub-0004,84,84
sub-0004,85,85
sub-0004,86,86
sub-0004,87,87
sub-0004,88,88
sub-0004,89,89
sub-0004,90,90
sub-0004,91,91
sub-0004,92,92
sub-0004,93,93
sub-0004,94,94
sub-0004,95,95
sub-0004,96,74
sub-0004,97,97
sub-0004,98,69
sub-0004,99,74
sub-0004,100,100
sub-0004,101,8
sub-0004,102,102
sub-0004,103,103
sub-0004,104,104
sub-0004,105,105
sub-0004,106,106
sub-0004,107,107
sub-0004,108,108
sub-0004,109,109
sub-0004,110,110
sub-0004,111,111
sub-0004,112,112
sub-0004,113,113
sub-0004,114,114
sub-0004,115,115
sub-0004,116,116
sub-0004,117,117
sub-0004,118,140
sub-0004,119,119
sub-0004,120,120
sub-0004,121,121
sub-0004,122,122
sub-0004,123,123
sub-0004,124,124
sub-0004,125,127
sub-0004,126,126
sub-0004,127,127
sub-0004,128,128
sub-0004,129,129
sub-0004,130,131
sub-0004,131,138
sub-0004,132,132
sub-0004,133,38
sub-0004,134,134
sub-0004,135,135
sub-0004,136,136
sub-0004,137,137
sub-0004,138,138
sub-0004,139,139
sub-0004,140,140
sub-0004,141,141
sub-0004,142,142
sub-0004,143,140
sub-0004,144,144
sub-0004,145,145
sub-0004,146,146
sub-0004,147,147
sub-0004,148,148
sub-0004,149,149
sub-0004,150,150
sub-0004,151,151
sub-0004,152,119
sub-0004,153,153
sub-0004,154,154
sub-0004,155,155
sub-0004,156,156
sub-0004,157,157
sub-0004,158,158
sub-0004,159,156
sub-0004,160,160
sub-0004,161,196
sub-0004,162,52
sub-0004,163,163
sub-0004,164,68
sub-0004,165,165
sub-0004,166,166
sub-0004,167,167
sub-0004,168,168
sub-0004,169,99
sub-0004,170,170
sub-0004,171,171
sub-0004,172,172
sub-0004,173,173
sub-0004,174,174
sub-0004,175,175
sub-0004,176,176
sub-0004,177,230
sub-0004,178,178
sub-0004,179,179
sub-0004,180,180
sub-0004,181,181
sub-0004,182,182
sub-0004,183,183
sub-0004,184,184
sub-0004,185,185
sub-0004,186,186
sub-0004,187,64
sub-0004,188,188
sub-0004,189,189
sub-0004,190,190
sub-0004,191,191
sub-0004,192,153
sub-0004,193,193
sub-0004,194,194
sub-0004,195,195
sub-0004,196,196
sub-0004,197,189
sub-0004,198,198
sub-0004,199,141
sub-0004,200,200
sub-0004,201,198
sub-0004,202,203
sub-0004,203,203
sub-0004,204,207
sub-0004,205,205
sub-0004,206,140
sub-0004,207,207
sub-0004,208,156
sub-0004,209,209
sub-0004,210,210
sub-0004,211,156
sub-0004,212,212
sub-0004,213,213
sub-0004,214,214
sub-0004,215,230
sub-0004,216,203
sub-0004,217,161
sub-0004,218,218
sub-0004,219,219
sub-0004,220,220
sub-0004,221,221
sub-0004,222,222
sub-0004,223,223
sub-0004,224,156
sub-0004,225,225
sub-0004,226,226
sub-0004,227,50
sub-0004,228,209
sub-0004,229,210
sub-0004,230,230
sub-0004,231,231
sub-0005,0,0
sub-0005,1,1
sub-0005,2,2
sub-0005,3,1
sub-0005,4,4
sub-0005,5,5
sub-0005,6,6
sub-0005,7,7
sub-0005,8,8
sub-0005,9,9
sub-0005,10,10
sub-0005,11,11
sub-0005,12,12
sub-0005,13,13
sub-0005,14,211
sub-0005,15,37
sub-0005,16,122
sub-0005,17,38
sub-0005,18,18
sub-0005,19,19
sub-0005,20,20
sub-0005,21,21
sub-0005,22,22
sub-0005,23,109
sub-0005,24,24
sub-0005,25,25
sub-0005,26,142
sub-0005,27,33
sub-0005,28,134
sub-0005,29,132
sub-0005,30,30
sub-0005,31,31
sub-0005,32,32
sub-0005,33,33
sub-0005,34,34
sub-0005,35,33
sub-0005,36,36
sub-0005,37,37
sub-0005,38,60
sub-0005,39,39
sub-0005,40,40
sub-0005,41,210
sub-0005,42,59
sub-0005,43,43
sub-0005,44,44
sub-0005,45,47
sub-0005,46,46
sub-0005,47,47
sub-0005,48,48
sub-0005,49,49
sub-0005,50,50
sub-0005,51,51
sub-0005,52,52
sub-0005,53,83
sub-0005,54,54
sub-0005,55,55
sub-0005,56,56
sub-0005,57,57
sub-0005,58,58
sub-0005,59,59
sub-0005,60,60
sub-0005,61,61
sub-0005,62,62
sub-0005,63,169
sub-0005,64,88
sub-0005,65,168
sub-0005,66,169
sub-0005,67,67
sub-0005,68,68
sub-0005,69,88
sub-0005,70,87
sub-0005,71,71
sub-0005,72,72
sub-0005,73,73
sub-0005,74,74
sub-0005,75,75
sub-0005,76,76
sub-0005,77,87
sub-0005,78,47
sub-0005,79,79
sub-0005,80,80
sub-0005,81,81
sub-0005,82,82
sub-0005,83,88
sub-0005,84,84
sub-0005,85,85
sub-0005,86,88
sub-0005,87,87
sub-0005,88,88
sub-0005,89,89
sub-0005,90,90
sub-0005,91,87
sub-0005,92,92
sub-0005,93,93
sub-0005,94,87
sub-0005,95,32
sub-0005,96,96
sub-0005,97,195
sub-0005,98,98
sub-0005,99,80
sub-0005,100,100
sub-0005,101,101
sub-0005,102,102
sub-0005,103,4
sub-0005,104,104
sub-0005,105,105
sub-0005,106,106
sub-0005,107,107
sub-0005,108,108
sub-0005,109,6
sub-0005,110,110
sub-0005,111,111
sub-0005,112,112
sub-0005,113,113
sub-0005,114,114
sub-0005,115,115
sub-0005,116,205
sub-0005,117,117
sub-0005,118,118
sub-0005,119,148
sub-0005,120,120
sub-0005,121,121
sub-0005,122,122
sub-0005,123,80
sub-0005,124,124
sub-0005,125,125
sub-0005,126,126
sub-0005,127,127
sub-0005,128,128
sub-0005,129,129
sub-0005,130,130
sub-0005,131,4
sub-0005,132,132
sub-0005,133,133
sub-0005,134,134
sub-0005,135,135
sub-0005,136,26
sub-0005,137,137
sub-0005,138,138
sub-0005,139,139
sub-0005,140,135
sub-0005,141,141
sub-0005,142,142
sub-0005,143,143
sub-0005,144,126
sub-0005,145,145
sub-0005,146,147
sub-0005,147,147
sub-0005,148,148
sub-0005,149,167
sub-0005,150,150
sub-0005,151,151
sub-0005,152,70
sub-0005,153,70
sub-0005,154,154
sub-0005,155,47
sub-0005,156,156
sub-0005,157,157
sub-0005,158,81
sub-0005,159,159
sub-0005,160,160
sub-0005,161,176
sub-0005,162,162
sub-0005,163,163
sub-0005,164,164
sub-0005,165,165
sub-0005,166,166
sub-0005,167,167
sub-0005,168,168
sub-0005,169,169
sub-0005,170,87
sub-0005,171,134
sub-0005,172,172
sub-0005,173,173
sub-0005,174,38
sub-0005,175,175
sub-0005,176,176
sub-0005,177,177
sub-0005,178,178
sub-0005,179,159
sub-0005,180,180
sub-0005,181,181
sub-0005,182,182
sub-0005,183,68
sub-0005,184,184
sub-0005,185,80
sub-0005,186,186
sub-0005,187,161
sub-0005,188,188
sub-0005,189,189
sub-0005,190,190
sub-0005,191,191
sub-0005,192,192
sub-0005,193,97
sub-0005,194,194
sub-0005,195,195
sub-0005,196,196
sub-0005,197,197
sub-0005,198,198
sub-0005,199,199
sub-0005,200,80
sub-0005,201,47
sub-0005,202,54
sub-0005,203,171
sub-0005,204,204
sub-0005,205,205
sub-0005,206,153
sub-0005,207,207
sub-0005,208,209
sub-0005,209,153
sub-0005,210,226
sub-0005,211,214
sub-0005,212,212
sub-0005,213,213
sub-0005,214,214
sub-0005,215,215
sub-0005,216,216
sub-0005,217,217
sub-0005,218,202
sub-0005,219,219
sub-0005,220,220
sub-0005,221,223
sub-0005,222,87
sub-0005,223,223
sub-0005,224,224
sub-0005,225,208
sub-0005,226,217
sub-0005,227,211
sub-0005,228,228
sub-0005,229,227
sub-0005,230,230
sub-0005,231,231
sub-0006,0,0
sub-0006,1,1
sub-0006,2,2
sub-0006,3,3
sub-0006,4,4
sub-0006,5,5
sub-0006,6,195
sub-0006,7,7
sub-0006,8,8
sub-0006,9,9
sub-0006,10,10
sub-0006,11,11
sub-0006,12,12
sub-0006,13,13
sub-0006,14,14
sub-0006,15,15
sub-0006,16,16
sub-0006,17,59
sub-0006,18,18
sub-0006,19,19
sub-0006,20,20
sub-0006,21,21
sub-0006,22,22
sub-0006,23,23
sub-0006,24,24
sub-0006,25,25
sub-0006,26,26
sub-0006,27,120
sub-0006,28,28
sub-0006,29,29
sub-0006,30,204
sub-0006,31,31
sub-0006,32,32
sub-0006,33,33
sub-0006,34,34
sub-0006,35,35
sub-0006,36,36
sub-0006,37,37
sub-0006,38,38
sub-0006,39,39
sub-0006,40,22
sub-0006,41,41
sub-0006,42,25
sub-0006,43,43
sub-0006,44,44
sub-0006,45,231
sub-0006,46,59
sub-0006,47,70
sub-0006,48,48
sub-0006,49,49
sub-0006,50,50
sub-0006,51,51
sub-0006,52,52
sub-0006,53,53
sub-0006,54,54
sub-0006,55,224
sub-0006,56,56
sub-0006,57,57
sub-0006,58,58
sub-0006,59,59
sub-0006,60,60
sub-0006,61,61
sub-0006,62,62
sub-0006,63,169
sub-0006,64,64
sub-0006,65,53
sub-0006,66,66
sub-0006,67,67
sub-0006,68,174
sub-0006,69,69
sub-0006,70,178
sub-0006,71,32
sub-0006,72,72
sub-0006,73,224
sub-0006,74,74
sub-0006,75,80
sub-0006,76,76
sub-0006,77,77
sub-0006,78,78
sub-0006,79,79
sub-0006,80,80
sub-0006,81,81
sub-0006,82,82
sub-0006,83,83
sub-0006,84,160
sub-0006,85,171
sub-0006,86,68
sub-0006,87,87
sub-0006,88,88
sub-0006,89,89
sub-0006,90,90
sub-0006,91,70
sub-0006,92,51
sub-0006,93,68
sub-0006,94,69
sub-0006,95,95
sub-0006,96,96
sub-0006,97,97
sub-0006,98,131
sub-0006,99,99
sub-0006,100,100
sub-0006,101,101
sub-0006,102,102
sub-0006,103,103
sub-0006,104,104
sub-0006,105,105
sub-0006,106,106
sub-0006,107,107
sub-0006,108,108
sub-0006,109,109
sub-0006,110,8
sub-0006,111,111
sub-0006,112,112
sub-0006,113,113
sub-0006,114,114
sub-0006,115,115
sub-0006,116,116
sub-0006,117,117
sub-0006,118,118
sub-0006,119,166
sub-0006,120,120
sub-0006,121,121
sub-0006,122,122
sub-0006,123,123
sub-0006,124,124
sub-0006,125,125
sub-0006,126,126
sub-0006,127,22
sub-0006,128,128
sub-0006,129,129
sub-0006,130,130
sub-0006,131,131
sub-0006,132,132
sub-0006,133,133
sub-0006,134,134
sub-0006,135,135
sub-0006,136,136
sub-0006,137,137
sub-0006,138,138
sub-0006,139,139
sub-0006,140,67
sub-0006,141,141
sub-0006,142,142
sub-0006,143,143
sub-0006,144,144
sub-0006,145,145
sub-0006,146,146
sub-0006,147,147
sub-0006,148,148
sub-0006,149,178
sub-0006,150,150
sub-0006,151,178
sub-0006,152,152
sub-0006,153,153
sub-0006,154,154
sub-0006,155,155
sub-0006,156,156
sub-0006,157,157
sub-0006,158,158
sub-0006,159,159
sub-0006,160,160
sub-0006,161,216
sub-0006,162,162
sub-0006,163,163
sub-0006,164,164
sub-0006,165,59
sub-0006,166,175
sub-0006,167,220
sub-0006,168,168
sub-0006,169,169
sub-0006,170,170
sub-0006,171,171
sub-0006,172,172
sub-0006,173,173
sub-0006,174,174
sub-0006,175,175
sub-0006,176,89
sub-0006,177,177
sub-0006,178,178
sub-0006,179,179
sub-0006,180,180
sub-0006,181,181
sub-0006,182,182
sub-0006,183,183
sub-0006,184,152
sub-0006,185,185
sub-0006,186,186
sub-0006,187,177
sub-0006,188,188
sub-0006,189,171
sub-0006,190,190
sub-0006,191,191
sub-0006,192,213
sub-0006,193,193
sub-0006,194,194
sub-0006,195,195
sub-0006,196,131
sub-0006,197,131
sub-0006,198,198
sub-0006,199,199
sub-0006,200,200
sub-0006,201,201
sub-0006,202,51
sub-0006,203,203
sub-0006,204,204
sub-0006,205,205
sub-0006,206,178
sub-0006,207,207
sub-0006,208,208
sub-0006,209,209
sub-0006,210,210
sub-0006,211,153
sub-0006,212,212
sub-0006,213,213
sub-0006,214,214
sub-0006,215,215
sub-0006,216,217
sub-0006,217,200
sub-0006,218,28
sub-0006,219,219
sub-0006,220,220
sub-0006,221,221
sub-0006,222,209
sub-0006,223,223
sub-0006,224,230
sub-0006,225,225
sub-0006,226,213
sub-0006,227,6
sub-0006,228,228
sub-0006,229,229
sub-0006,230,230
sub-0006,231,214
sub-0007,0,0
sub-0007,1,1
sub-0007,2,3
sub-0007,3,3
sub-0007,4,4
sub-0007,5,5
sub-0007,6,6
sub-0007,7,7
sub-0007,8,8
sub-0007,9,9
sub-0007,10,10
sub-0007,11,11
sub-0007,12,12
sub-0007,13,13
sub-0007,14,14
sub-0007,15,15
sub-0007,16,16
sub-0007,17,17
sub-0007,18,18
sub-0007,19,19
sub-0007,20,20
sub-0007,21,205
sub-0007,22,20
sub-0007,23,23
sub-0007,24,24
sub-0007,25,25
sub-0007,26,8
sub-0007,27,27
sub-0007,28,28
sub-0007,29,29
sub-0007,30,30
sub-0007,31,31
sub-0007,32,32
sub-0007,33,33
sub-0007,34,34
sub-0007,35,35
sub-0007,36,36
sub-0007,37,37
sub-0007,38,38
sub-0007,39,39
sub-0007,40,40
sub-0007,41,41
sub-0007,42,145
sub-0007,43,43
sub-0007,44,44
sub-0007,45,45
sub-0007,46,46
sub-0007,47,47
sub-0007,48,151
sub-0007,49,49
sub-0007,50,52
sub-0007,51,51
sub-0007,52,52
sub-0007,53,52
sub-0007,54,54
sub-0007,55,55
sub-0007,56,56
sub-0007,57,57
sub-0007,58,58
sub-0007,59,37
sub-0007,60,60
sub-0007,61,61
sub-0007,62,62
sub-0007,63,169
sub-0007,64,64
sub-0007,65,65
sub-0007,66,66
sub-0007,67,67
sub-0007,68,68
sub-0007,69,69
sub-0007,70,70
sub-0007,71,71
sub-0007,72,72
sub-0007,73,73
sub-0007,74,74
sub-0007,75,75
sub-0007,76,76
sub-0007,77,77
sub-0007,78,78
sub-0007,79,79
sub-0007,80,80
sub-0007,81,81
sub-0007,82,82
sub-0007,83,83
sub-0007,84,204
sub-0007,85,161
sub-0007,86,86
sub-0007,87,87
sub-0007,88,88
sub-0007,89,89
sub-0007,90,90
sub-0007,91,199
sub-0007,92,92
sub-0007,93,93
sub-0007,94,94
sub-0007,95,43
sub-0007,96,96
sub-0007,97,97
sub-0007,98,98
sub-0007,99,99
sub-0007,100,100
sub-0007,101,3
sub-0007,102,102
sub-0007,103,103
sub-0007,104,104
sub-0007,105,105
sub-0007,106,106
sub-0007,107,107
sub-0007,108,108
sub-0007,109,109
sub-0007,110,110
sub-0007,111,111
sub-0007,112,112
sub-0007,113,113
sub-0007,114,114
sub-0007,115,118
sub-0007,116,116
sub-0007,117,117
sub-0007,118,118
sub-0007,119,119
sub-0007,120,120
sub-0007,121,121
sub-0007,122,15
sub-0007,123,199
sub-0007,124,111
sub-0007,125,125
sub-0007,126,118
sub-0007,127,127
sub-0007,128,128
sub-0007,129,221
sub-0007,130,130
sub-0007,131,11
sub-0007,132,132
sub-0007,133,133
sub-0007,134,134
sub-0007,135,118
sub-0007,136,136
sub-0007,137,137
sub-0007,138,138
sub-0007,139,139
sub-0007,140,140
sub-0007,141,141
sub-0007,142,142
sub-0007,143,143
sub-0007,144,144
sub-0007,145,145
sub-0007,146,146
sub-0007,147,147
sub-0007,148,148
sub-0007,149,149
sub-0007,150,150
sub-0007,151,151
sub-0007,152,152
sub-0007,153,153
sub-0007,154,154
sub-0007,155,155
sub-0007,156,156
sub-0007,157,84
sub-0007,158,52
sub-0007,159,177
sub-0007,160,160
sub-0007,161,161
sub-0007,162,162
sub-0007,163,53
sub-0007,164,164
sub-0007,165,165
sub-0007,166,166
sub-0007,167,167
sub-0007,168,168
sub-0007,169,169
sub-0007,170,170
sub-0007,171,173
sub-0007,172,172
sub-0007,173,173
sub-0007,174,151
sub-0007,175,175
sub-0007,176,176
sub-0007,177,177
sub-0007,178,178
sub-0007,179,188
sub-0007,180,110
sub-0007,181,181
sub-0007,182,182
sub-0007,183,183
sub-0007,184,184
sub-0007,185,185
sub-0007,186,186
sub-0007,187,84
sub-0007,188,188
sub-0007,189,189
sub-0007,190,190
sub-0007,191,191
sub-0007,192,192
sub-0007,193,78
sub-0007,194,194
sub-0007,195,8
sub-0007,196,196
sub-0007,197,197
sub-0007,198,198
sub-0007,199,199
sub-0007,200,200
sub-0007,201,203
sub-0007,202,202
sub-0007,203,64
sub-0007,204,205
sub-0007,205,205
sub-0007,206,206
sub-0007,207,207
sub-0007,208,208
sub-0007,209,209
sub-0007,210,207
sub-0007,211,70
sub-0007,212,212
sub-0007,213,213
sub-0007,214,214
sub-0007,215,215
sub-0007,216,216
sub-0007,217,217
sub-0007,218,218
sub-0007,219,219
sub-0007,220,220
sub-0007,221,221
sub-0007,222,222
sub-0007,223,223
sub-0007,224,224
sub-0007,225,225
sub-0007,226,226
sub-0007,227,227
sub-0007,228,228
sub-0007,229,229
sub-0007,230,230
sub-0007,231,231
sub-0008,0,0
sub-0008,1,1
sub-0008,2,2
sub-0008,3,3
sub-0008,4,4
sub-0008,5,5
sub-0008,6,6
sub-0008,7,7
sub-0008,8,8
sub-0008,9,9
sub-0008,10,10
sub-0008,11,11
sub-0008,12,42
sub-0008,13,13
sub-0008,14,14
sub-0008,15,15
sub-0008,16,16
sub-0008,17,17
sub-0008,18,18
sub-0008,19,171
sub-0008,20,210
sub-0008,21,197
sub-0008,22,207
sub-0008,23,23
sub-0008,24,198
sub-0008,25,25
sub-0008,26,26
sub-0008,27,27
sub-0008,28,28
sub-0008,29,29
sub-0008,30,30
sub-0008,31,31
sub-0008,32,32
sub-0008,33,33
sub-0008,34,34
sub-0008,35,35
sub-0008,36,36
sub-0008,37,37
sub-0008,38,38
sub-0008,39,39
sub-0008,40,40
sub-0008,41,41
sub-0008,42,42
sub-0008,43,43
sub-0008,44,44
sub-0008,45,45
sub-0008,46,46
sub-0008,47,47
sub-0008,48,230
sub-0008,49,49
sub-0008,50,50
sub-0008,51,51
sub-0008,52,52
sub-0008,53,66
sub-0008,54,92
sub-0008,55,55
sub-0008,56,66
sub-0008,57,57
sub-0008,58,58
sub-0008,59,59
sub-0008,60,60
sub-0008,61,61
sub-0008,62,62
sub-0008,63,63
sub-0008,64,64
sub-0008,65,65
sub-0008,66,66
sub-0008,67,151
sub-0008,68,68
sub-0008,69,69
sub-0008,70,70
sub-0008,71,71
sub-0008,72,72
sub-0008,73,73
sub-0008,74,74
sub-0008,75,75
sub-0008,76,76
sub-0008,77,66
sub-0008,78,78
sub-0008,79,79
sub-0008,80,80
sub-0008,81,81
sub-0008,82,82
sub-0008,83,66
sub-0008,84,84
sub-0008,85,85
sub-0008,86,86
sub-0008,87,87
sub-0008,88,88
sub-0008,89,89
sub-0008,90,90
sub-0008,91,91
sub-0008,92,92
sub-0008,93,93
sub-0008,94,94
sub-0008,95,95
sub-0008,96,96
sub-0008,97,97
sub-0008,98,131
sub-0008,99,99
sub-0008,100,100
sub-0008,101,101
sub-0008,102,102
sub-0008,103,103
sub-0008,104,104
sub-0008,105,105
sub-0008,106,176
sub-0008,107,219
sub-0008,108,108
sub-0008,109,109
sub-0008,110,110
sub-0008,111,111
sub-0008,112,112
sub-0008,113,113
sub-0008,114,114
sub-0008,115,115
sub-0008,116,116
sub-0008,117,117
sub-0008,118,118
sub-0008,119,119
sub-0008,120,120
sub-0008,121,121
sub-0008,122,217
sub-0008,123,123
sub-0008,124,124
sub-0008,125,125
sub-0008,126,126
sub-0008,127,127
sub-0008,128,128
sub-0008,129,129
sub-0008,130,130
sub-0008,131,131
sub-0008,132,132
sub-0008,133,133
sub-0008,134,134
sub-0008,135,135
sub-0008,136,136
sub-0008,137,137
sub-0008,138,138
sub-0008,139,139
sub-0008,140,139
sub-0008,141,141
sub-0008,142,198
sub-0008,143,143
sub-0008,144,144
sub-0008,145,145
sub-0008,146,146
sub-0008,147,147
sub-0008,148,199
sub-0008,149,149
sub-0008,150,150
sub-0008,151,151
sub-0008,152,152
sub-0008,153,176
sub-0008,154,154
sub-0008,155,155
sub-0008,156,156
sub-0008,157,157
sub-0008,158,158
sub-0008,159,176
sub-0008,160,160
sub-0008,161,198
sub-0008,162,162
sub-0008,163,163
sub-0008,164,164
sub-0008,165,165
sub-0008,166,166
sub-0008,167,167
sub-0008,168,168
sub-0008,169,169
sub-0008,170,170
sub-0008,171,171
sub-0008,172,172
sub-0008,173,173
sub-0008,174,174
sub-0008,175,175
sub-0008,176,176
sub-0008,177,177
sub-0008,178,178
sub-0008,179,179
sub-0008,180,180
sub-0008,181,181
sub-0008,182,182
sub-0008,183,183
sub-0008,184,74
sub-0008,185,185
sub-0008,186,186
sub-0008,187,206
sub-0008,188,188
sub-0008,189,183
sub-0008,190,190
sub-0008,191,191
sub-0008,192,192
sub-0008,193,193
sub-0008,194,194
sub-0008,195,195
sub-0008,196,196
sub-0008,197,197
sub-0008,198,198
sub-0008,199,199
sub-0008,200,200
sub-0008,201,65
sub-0008,202,202
sub-0008,203,203
sub-0008,204,171
sub-0008,205,210
sub-0008,206,153
sub-0008,207,207
sub-0008,208,225
sub-0008,209,209
sub-0008,210,210
sub-0008,211,211
sub-0008,212,212
sub-0008,213,213
sub-0008,214,214
sub-0008,215,215
sub-0008,216,216
sub-0008,217,201
sub-0008,218,218
sub-0008,219,219
sub-0008,220,207
sub-0008,221,221
sub-0008,222,50
sub-0008,223,223
sub-0008,224,171
sub-0008,225,225
sub-0008,226,226
sub-0008,227,204
sub-0008,228,228
sub-0008,229,226
sub-0008,230,230
sub-0008,231,231
sub-0009,0,0
sub-0009,1,1
sub-0009,2,2
sub-0009,3,3
sub-0009,4,4
sub-0009,5,5
sub-0009,6,6
sub-0009,7,7
sub-0009,8,8
sub-0009,9,9
sub-0009,10,10
sub-0009,11,11
sub-0009,12,12
sub-0009,13,13
sub-0009,14,14
sub-0009,15,15
sub-0009,16,16
sub-0009,17,17
sub-0009,18,18
sub-0009,19,19
sub-0009,20,210
sub-0009,21,21
sub-0009,22,22
sub-0009,23,125
sub-0009,24,205
sub-0009,25,25
sub-0009,26,26
sub-0009,27,27
sub-0009,28,28
sub-0009,29,29
sub-0009,30,30
sub-0009,31,31
sub-0009,32,32
sub-0009,33,33
sub-0009,34,34
sub-0009,35,35
sub-0009,36,36
sub-0009,37,37
sub-0009,38,38
sub-0009,39,39
sub-0009,40,220
sub-0009,41,218
sub-0009,42,38
sub-0009,43,43
sub-0009,44,44
sub-0009,45,38
sub-0009,46,134
sub-0009,47,87
sub-0009,48,62
sub-0009,49,169
sub-0009,50,156
sub-0009,51,55
sub-0009,52,52
sub-0009,53,53
sub-0009,54,54
sub-0009,55,205
sub-0009,56,131
sub-0009,57,57
sub-0009,58,58
sub-0009,59,59
sub-0009,60,60
sub-0009,61,61
sub-0009,62,62
sub-0009,63,60
sub-0009,64,64
sub-0009,65,187
sub-0009,66,66
sub-0009,67,67
sub-0009,68,68
sub-0009,69,69
sub-0009,70,70
sub-0009,71,71
sub-0009,72,72
sub-0009,73,73
sub-0009,74,74
sub-0009,75,75
sub-0009,76,76
sub-0009,77,77
sub-0009,78,78
sub-0009,79,79
sub-0009,80,80
sub-0009,81,81
sub-0009,82,82
sub-0009,83,83
sub-0009,84,84
sub-0009,85,69
sub-0009,86,86
sub-0009,87,87
sub-0009,88,88
sub-0009,89,89
sub-0009,90,90
sub-0009,91,91
sub-0009,92,0
sub-0009,93,93
sub-0009,94,94
sub-0009,95,95
sub-0009,96,96
sub-0009,97,97
sub-0009,98,30
sub-0009,99,131
sub-0009,100,100
sub-0009,101,28
sub-0009,102,102
sub-0009,103,103
sub-0009,104,104
sub-0009,105,105
sub-0009,106,8
sub-0009,107,107
sub-0009,108,108
sub-0009,109,109
sub-0009,110,110
sub-0009,111,111
sub-0009,112,112
sub-0009,113,125
sub-0009,114,114
sub-0009,115,115
sub-0009,116,116
sub-0009,117,117
sub-0009,118,210
sub-0009,119,119
sub-0009,120,120
sub-0009,121,38
sub-0009,122,122
sub-0009,123,22
sub-0009,124,124
sub-0009,125,125
sub-0009,126,126
sub-0009,127,24
sub-0009,128,128
sub-0009,129,129
sub-0009,130,130
sub-0009,131,131
sub-0009,132,31
sub-0009,133,133
sub-0009,134,134
sub-0009,135,135
sub-0009,136,112
sub-0009,137,137
sub-0009,138,138
sub-0009,139,139
sub-0009,140,38
sub-0009,141,141
sub-0009,142,60
sub-0009,143,143
sub-0009,144,144
sub-0009,145,24
sub-0009,146,146
sub-0009,147,147
sub-0009,148,148
sub-0009,149,149
sub-0009,150,150
sub-0009,151,151
sub-0009,152,152
sub-0009,153,153
sub-0009,154,154
sub-0009,155,155
sub-0009,156,156
sub-0009,157,157
sub-0009,158,158
sub-0009,159,159
sub-0009,160,69
sub-0009,161,131
sub-0009,162,218
sub-0009,163,163
sub-0009,164,164
sub-0009,165,165
sub-0009,166,166
sub-0009,167,167
sub-0009,168,168
sub-0009,169,227
sub-0009,170,170
sub-0009,171,171
sub-0009,172,172
sub-0009,173,173
sub-0009,174,174
sub-0009,175,175
sub-0009,176,176
sub-0009,177,177
sub-0009,178,48
sub-0009,179,179
sub-0009,180,180
sub-0009,181,181
sub-0009,182,182
sub-0009,183,164
sub-0009,184,184
sub-0009,185,185
sub-0009,186,186
sub-0009,187,187
sub-0009,188,188
sub-0009,189,168
sub-0009,190,159
sub-0009,191,191
sub-0009,192,198
sub-0009,193,193
sub-0009,194,194
sub-0009,195,195
sub-0009,196,194
sub-0009,197,131
sub-0009,198,198
sub-0009,199,199
sub-0009,200,200
sub-0009,201,201
sub-0009,202,52
sub-0009,203,221
sub-0009,204,204
sub-0009,205,205
sub-0009,206,206
sub-0009,207,207
sub-0009,208,208
sub-0009,209,209
sub-0009,210,227
sub-0009,211,24
sub-0009,212,212
sub-0009,213,213
sub-0009,214,214
sub-0009,215,215
sub-0009,216,216
sub-0009,217,217
sub-0009,218,162
sub-0009,219,219
sub-0009,220,220
sub-0009,221,221
sub-0009,222,231
sub-0009,223,223
sub-0009,224,224
sub-0009,225,225
sub-0009,226,210
sub-0009,227,156
sub-0009,228,228
sub-0009,229,229
sub-0009,230,231
sub-0009,231,206
sub-0010,0,31
sub-0010,1,1
sub-0010,2,2
sub-0010,3,3
sub-0010,4,4
sub-0010,5,5
sub-0010,6,6
sub-0010,7,7
sub-0010,8,8
sub-0010,9,9
sub-0010,10,10
sub-0010,11,11
sub-0010,12,12
sub-0010,13,13
sub-0010,14,14
sub-0010,15,15
sub-0010,16,16
sub-0010,17,17
sub-0010,18,18
sub-0010,19,19
sub-0010,20,20
sub-0010,21,21
sub-0010,22,8
sub-0010,23,23
sub-0010,24,24
sub-0010,25,25
sub-0010,26,26
sub-0010,27,27
sub-0010,28,28
sub-0010,29,29
sub-0010,30,30
sub-0010,31,31
sub-0010,32,32
sub-0010,33,33
sub-0010,34,34
sub-0010,35,35
sub-0010,36,36
sub-0010,37,37
sub-0010,38,38
sub-0010,39,39
sub-0010,40,40
sub-0010,41,41
sub-0010,42,42
sub-0010,43,43
sub-0010,44,44
sub-0010,45,45
sub-0010,46,46
sub-0010,47,149
sub-0010,48,48
sub-0010,49,49
sub-0010,50,55
sub-0010,51,51
sub-0010,52,52
sub-0010,53,53
sub-0010,54,54
sub-0010,55,55
sub-0010,56,56
sub-0010,57,57
sub-0010,58,58
sub-0010,59,59
sub-0010,60,60
sub-0010,61,61
sub-0010,62,62
sub-0010,63,63
sub-0010,64,64
sub-0010,65,65
sub-0010,66,66
sub-0010,67,67
sub-0010,68,68
sub-0010,69,69
sub-0010,70,66
sub-0010,71,193
sub-0010,72,72
sub-0010,73,193
sub-0010,74,74
sub-0010,75,185
sub-0010,76,76
sub-0010,77,77
sub-0010,78,78
sub-0010,79,79
sub-0010,80,80
sub-0010,81,191
sub-0010,82,82
sub-0010,83,83
sub-0010,84,193
sub-0010,85,189
sub-0010,86,86
sub-0010,87,87
sub-0010,88,88
sub-0010,89,89
sub-0010,90,90
sub-0010,91,91
sub-0010,92,147
sub-0010,93,93
sub-0010,94,94
sub-0010,95,95
sub-0010,96,96
sub-0010,97,97
sub-0010,98,98
sub-0010,99,99
sub-0010,100,100
sub-0010,101,101
sub-0010,102,102
sub-0010,103,103
sub-0010,104,104
sub-0010,105,105
sub-0010,106,106
sub-0010,107,107
sub-0010,108,108
sub-0010,109,109
sub-0010,110,110
sub-0010,111,111
sub-0010,112,112
sub-0010,113,113
sub-0010,114,114
sub-0010,115,115
sub-0010,116,116
sub-0010,117,117
sub-0010,118,204
sub-0010,119,45
sub-0010,120,120
sub-0010,121,121
sub-0010,122,122
sub-0010,123,123
sub-0010,124,124
sub-0010,125,125
sub-0010,126,126
sub-0010,127,127
sub-0010,128,128
sub-0010,129,129
sub-0010,130,31
sub-0010,131,131
sub-0010,132,132
sub-0010,133,193
sub-0010,134,134
sub-0010,135,135
sub-0010,136,136
sub-0010,137,137
sub-0010,138,138
sub-0010,139,139
sub-0010,140,140
sub-0010,141,141
sub-0010,142,142
sub-0010,143,143
sub-0010,144,144
sub-0010,145,145
sub-0010,146,146
sub-0010,147,43
sub-0010,148,148
sub-0010,149,149
sub-0010,150,150
sub-0010,151,151
sub-0010,152,152
sub-0010,153,153
sub-0010,154,154
sub-0010,155,155
sub-0010,156,156
sub-0010,157,157
sub-0010,158,158
sub-0010,159,159
sub-0010,160,216
sub-0010,161,161
sub-0010,162,162
sub-0010,163,163
sub-0010,164,164
sub-0010,165,165
sub-0010,166,168
sub-0010,167,167
sub-0010,168,168
sub-0010,169,169
sub-0010,170,170
sub-0010,171,171
sub-0010,172,172
sub-0010,173,189
sub-0010,174,159
sub-0010,175,175
sub-0010,176,176
sub-0010,177,177
sub-0010,178,178
sub-0010,179,179
sub-0010,180,180
sub-0010,181,181
sub-0010,182,182
sub-0010,183,183
sub-0010,184,193
sub-0010,185,185
sub-0010,186,186
sub-0010,187,187
sub-0010,188,188
sub-0010,189,189
sub-0010,190,190
sub-0010,191,191
sub-0010,192,192
sub-0010,193,195
sub-0010,194,194
sub-0010,195,195
sub-0010,196,196
sub-0010,197,197
sub-0010,198,198
sub-0010,199,199
sub-0010,200,200
sub-0010,201,201
sub-0010,202,54
sub-0010,203,218
sub-0010,204,210
sub-0010,205,205
sub-0010,206,206
sub-0010,207,207
sub-0010,208,208
sub-0010,209,209
sub-0010,210,210
sub-0010,211,22
sub-0010,212,212
sub-0010,213,213
sub-0010,214,214
sub-0010,215,215
sub-0010,216,216
sub-0010,217,217
sub-0010,218,218
sub-0010,219,219
sub-0010,220,171
sub-0010,221,221
sub-0010,222,222
sub-0010,223,223
sub-0010,224,224
sub-0010,225,215
sub-0010,226,220
sub-0010,227,230
sub-0010,228,228
sub-0010,229,229
sub-0010,230,230
sub-0010,231,231
sub-0011,0,0
sub-0011,1,1
sub-0011,2,0
sub-0011,3,3
sub-0011,4,4
sub-0011,5,5
sub-0011,6,6
sub-0011,7,7
sub-0011,8,8
sub-0011,9,9
sub-0011,10,10
sub-0011,11,11
sub-0011,12,12
sub-0011,13,13
sub-0011,14,216
sub-0011,15,15
sub-0011,16,17
sub-0011,17,17
sub-0011,18,18
sub-0011,19,19
sub-0011,20,20
sub-0011,21,21
sub-0011,22,22
sub-0011,23,23
sub-0011,24,24
sub-0011,25,25
sub-0011,26,26
sub-0011,27,27
sub-0011,28,28
sub-0011,29,0
sub-0011,30,30
sub-0011,31,31
sub-0011,32,32
sub-0011,33,104
sub-0011,34,34
sub-0011,35,35
sub-0011,36,36
sub-0011,37,37
sub-0011,38,38
sub-0011,39,39
sub-0011,40,40
sub-0011,41,24
sub-0011,42,148
sub-0011,43,43
sub-0011,44,44
sub-0011,45,45
sub-0011,46,199
sub-0011,47,47
sub-0011,48,48
sub-0011,49,49
sub-0011,50,50
sub-0011,51,224
sub-0011,52,202
sub-0011,53,216
sub-0011,54,62
sub-0011,55,43
sub-0011,56,97
sub-0011,57,57
sub-0011,58,58
sub-0011,59,34
sub-0011,60,60
sub-0011,61,92
sub-0011,62,62
sub-0011,63,63
sub-0011,64,64
sub-0011,65,148
sub-0011,66,0
sub-0011,67,67
sub-0011,68,68
sub-0011,69,69
sub-0011,70,70
sub-0011,71,71
sub-0011,72,72
sub-0011,73,73
sub-0011,74,69
sub-0011,75,51
sub-0011,76,76
sub-0011,77,186
sub-0011,78,78
sub-0011,79,79
sub-0011,80,0
sub-0011,81,81
sub-0011,82,0
sub-0011,83,92
sub-0011,84,157
sub-0011,85,85
sub-0011,86,86
sub-0011,87,87
sub-0011,88,88
sub-0011,89,89
sub-0011,90,90
sub-0011,91,91
sub-0011,92,162
sub-0011,93,93
sub-0011,94,94
sub-0011,95,97
sub-0011,96,96
sub-0011,97,97
sub-0011,98,98
sub-0011,99,99
sub-0011,100,100
sub-0011,101,0
sub-0011,102,102
sub-0011,103,103
sub-0011,104,0
sub-0011,105,105
sub-0011,106,106
sub-0011,107,107
sub-0011,108,108
sub-0011,109,109
sub-0011,110,110
sub-0011,111,111
sub-0011,112,112
sub-0011,113,113
sub-0011,114,114
sub-0011,115,115
sub-0011,116,116
sub-0011,117,117
sub-0011,118,118
sub-0011,119,119
sub-0011,120,120
sub-0011,121,121
sub-0011,122,122
sub-0011,123,21
sub-0011,124,124
sub-0011,125,125
sub-0011,126,210
sub-0011,127,22
sub-0011,128,26
sub-0011,129,129
sub-0011,130,130
sub-0011,131,131
sub-0011,132,132
sub-0011,133,133
sub-0011,134,171
sub-0011,135,97
sub-0011,136,136
sub-0011,137,137
sub-0011,138,138
sub-0011,139,139
sub-0011,140,60
sub-0011,141,141
sub-0011,142,0
sub-0011,143,143
sub-0011,144,144
sub-0011,145,147
sub-0011,146,146
sub-0011,147,147
sub-0011,148,148
sub-0011,149,149
sub-0011,150,183
sub-0011,151,176
sub-0011,152,152
sub-0011,153,153
sub-0011,154,199
sub-0011,155,155
sub-0011,156,156
sub-0011,157,157
sub-0011,158,162
sub-0011,159,176
sub-0011,160,160
sub-0011,161,162
sub-0011,162,162
sub-0011,163,163
sub-0011,164,164
sub-0011,165,165
sub-0011,166,166
sub-0011,167,148
sub-0011,168,168
sub-0011,169,169
sub-0011,170,184
sub-0011,171,176
sub-0011,172,184
sub-0011,173,173
sub-0011,174,174
sub-0011,175,175
sub-0011,176,176
sub-0011,177,177
sub-0011,178,178
sub-0011,179,179
sub-0011,180,180
sub-0011,181,181
sub-0011,182,182
sub-0011,183,183
sub-0011,184,184
sub-0011,185,185
sub-0011,186,155
sub-0011,187,187
sub-0011,188,188
sub-0011,189,152
sub-0011,190,0
sub-0011,191,191
sub-0011,192,152
sub-0011,193,193
sub-0011,194,194
sub-0011,195,195
sub-0011,196,180
sub-0011,197,197
sub-0011,198,198
sub-0011,199,199
sub-0011,200,200
sub-0011,201,201
sub-0011,202,54
sub-0011,203,97
sub-0011,204,204
sub-0011,205,205
sub-0011,206,162
sub-0011,207,207
sub-0011,208,153
sub-0011,209,209
sub-0011,210,183
sub-0011,211,198
sub-0011,212,212
sub-0011,213,213
sub-0011,214,214
sub-0011,215,215
sub-0011,216,216
sub-0011,217,217
sub-0011,218,55
sub-0011,219,162
sub-0011,220,220
sub-0011,221,97
sub-0011,222,220
sub-0011,223,223
sub-0011,224,224
sub-0011,225,225
sub-0011,226,43
sub-0011,227,153
sub-0011,228,228
sub-0011,229,229
sub-0011,230,214
sub-0011,231,231
sub-0012,0,0
sub-0012,1,1
sub-0012,2,2
sub-0012,3,3
sub-0012,4,4
sub-0012,5,5
sub-0012,6,193
sub-0012,7,109
sub-0012,8,8
sub-0012,9,9
sub-0012,10,109
sub-0012,11,11
sub-0012,12,12
sub-0012,13,13
sub-0012,14,14
sub-0012,15,15
sub-0012,16,16
sub-0012,17,17
sub-0012,18,18
sub-0012,19,19
sub-0012,20,20
sub-0012,21,21
sub-0012,22,19
sub-0012,23,23
sub-0012,24,198
sub-0012,25,38
sub-0012,26,26
sub-0012,27,27
sub-0012,28,28
sub-0012,29,29
sub-0012,30,30
sub-0012,31,31
sub-0012,32,32
sub-0012,33,33
sub-0012,34,34
sub-0012,35,35
sub-0012,36,138
sub-0012,37,37
sub-0012,38,224
sub-0012,39,39
sub-0012,40,27
sub-0012,41,41
sub-0012,42,42
sub-0012,43,43
sub-0012,44,44
sub-0012,45,45
sub-0012,46,67
sub-0012,47,47
sub-0012,48,48
sub-0012,49,49
sub-0012,50,50
sub-0012,51,51
sub-0012,52,52
sub-0012,53,66
sub-0012,54,54
sub-0012,55,92
sub-0012,56,56
sub-0012,57,57
sub-0012,58,58
sub-0012,59,59
sub-0012,60,60
sub-0012,61,61
sub-0012,62,62
sub-0012,63,63
sub-0012,64,198
sub-0012,65,65
sub-0012,66,66
sub-0012,67,67
sub-0012,68,68
sub-0012,69,69
sub-0012,70,70
sub-0012,71,71
sub-0012,72,72
sub-0012,73,73
sub-0012,74,74
sub-0012,75,75
sub-0012,76,76
sub-0012,77,77
sub-0012,78,78
sub-0012,79,79
sub-0012,80,80
sub-0012,81,81
sub-0012,82,54
sub-0012,83,83
sub-0012,84,218
sub-0012,85,85
sub-0012,86,86
sub-0012,87,87
sub-0012,88,88
sub-0012,89,89
sub-0012,90,90
sub-0012,91,91
sub-0012,92,92
sub-0012,93,93
sub-0012,94,94
sub-0012,95,95
sub-0012,96,96
sub-0012,97,97
sub-0012,98,98
sub-0012,99,198
sub-0012,100,100
sub-0012,101,101
sub-0012,102,102
sub-0012,103,103
sub-0012,104,104
sub-0012,105,105
sub-0012,106,106
sub-0012,107,107
sub-0012,108,108
sub-0012,109,109
sub-0012,110,110
sub-0012,111,111
sub-0012,112,112
sub-0012,113,113
sub-0012,114,115
sub-0012,115,115
sub-0012,116,116
sub-0012,117,117
sub-0012,118,118
sub-0012,119,119
sub-0012,120,120
sub-0012,121,121
sub-0012,122,120
sub-0012,123,123
sub-0012,124,124
sub-0012,125,125
sub-0012,126,113
sub-0012,127,127
sub-0012,128,128
sub-0012,129,129
sub-0012,130,130
sub-0012,131,131
sub-0012,132,132
sub-0012,133,71
sub-0012,134,134
sub-0012,135,135
sub-0012,136,136
sub-0012,137,137
sub-0012,138,138
sub-0012,139,139
sub-0012,140,33
sub-0012,141,141
sub-0012,142,30
sub-0012,143,113
sub-0012,144,224
sub-0012,145,145
sub-0012,146,146
sub-0012,147,147
sub-0012,148,148
sub-0012,149,38
sub-0012,150,150
sub-0012,151,151
sub-0012,152,152
sub-0012,153,153
sub-0012,154,154
sub-0012,155,155
sub-0012,156,156
sub-0012,157,157
sub-0012,158,158
sub-0012,159,159
sub-0012,160,160
sub-0012,161,157
sub-0012,162,162
sub-0012,163,163
sub-0012,164,164
sub-0012,165,165
sub-0012,166,138
sub-0012,167,199
sub-0012,168,168
sub-0012,169,73
sub-0012,170,170
sub-0012,171,171
sub-0012,172,172
sub-0012,173,173
sub-0012,174,174
sub-0012,175,175
sub-0012,176,176
sub-0012,177,177
sub-0012,178,178
sub-0012,179,183
sub-0012,180,180
sub-0012,181,181
sub-0012,182,182
sub-0012,183,183
sub-0012,184,184
sub-0012,185,185
sub-0012,186,186
sub-0012,187,157
sub-0012,188,188
sub-0012,189,189
sub-0012,190,190
sub-0012,191,191
sub-0012,192,192
sub-0012,193,72
sub-0012,194,194
sub-0012,195,97
sub-0012,196,222
sub-0012,197,197
sub-0012,198,198
sub-0012,199,199
sub-0012,200,200
sub-0012,201,201
sub-0012,202,54
sub-0012,203,203
sub-0012,204,204
sub-0012,205,205
sub-0012,206,206
sub-0012,207,207
sub-0012,208,225
sub-0012,209,209
sub-0012,210,198
sub-0012,211,183
sub-0012,212,212
sub-0012,213,207
sub-0012,214,214
sub-0012,215,224
sub-0012,216,216
sub-0012,217,217
sub-0012,218,52
sub-0012,219,52
sub-0012,220,220
sub-0012,221,221
sub-0012,222,222
sub-0012,223,223
sub-0012,224,224
sub-0012,225,225
sub-0012,226,127
sub-0012,227,223
sub-0012,228,213
sub-0012,229,226
sub-0012,230,230
sub-0012,231,231
sub-0013,0,0
sub-0013,1,1
sub-0013,2,153
sub-0013,3,198
sub-0013,4,4
sub-0013,5,5
sub-0013,6,204
sub-0013,7,7
sub-0013,8,204
sub-0013,9,9
sub-0013,10,10
sub-0013,11,11
sub-0013,12,12
sub-0013,13,13
sub-0013,14,14
sub-0013,15,15
sub-0013,16,16
sub-0013,17,17
sub-0013,18,43
sub-0013,19,19
sub-0013,20,20
sub-0013,21,169
sub-0013,22,22
sub-0013,23,23
sub-0013,24,169
sub-0013,25,25
sub-0013,26,26
sub-0013,27,27
sub-0013,28,28
sub-0013,29,29
sub-0013,30,30
sub-0013,31,31
sub-0013,32,32
sub-0013,33,33
sub-0013,34,34
sub-0013,35,35
sub-0013,36,36
sub-0013,37,35
sub-0013,38,38
sub-0013,39,39
sub-0013,40,40
sub-0013,41,41
sub-0013,42,42
sub-0013,43,43
sub-0013,44,44
sub-0013,45,147
sub-0013,46,147
sub-0013,47,47
sub-0013,48,225
sub-0013,49,49
sub-0013,50,156
sub-0013,51,51
sub-0013,52,52
sub-0013,53,53
sub-0013,54,54
sub-0013,55,55
sub-0013,56,29
sub-0013,57,57
sub-0013,58,58
sub-0013,59,59
sub-0013,60,60
sub-0013,61,168
sub-0013,62,62
sub-0013,63,63
sub-0013,64,64
sub-0013,65,206
sub-0013,66,208
sub-0013,67,67
sub-0013,68,12
sub-0013,69,0
sub-0013,70,178
sub-0013,71,71
sub-0013,72,72
sub-0013,73,73
sub-0013,74,74
sub-0013,75,75
sub-0013,76,76
sub-0013,77,77
sub-0013,78,78
sub-0013,79,79
sub-0013,80,80
sub-0013,81,81
sub-0013,82,52
sub-0013,83,156
sub-0013,84,90
sub-0013,85,47
sub-0013,86,86
sub-0013,87,87
sub-0013,88,47
sub-0013,89,89
sub-0013,90,90
sub-0013,91,224
sub-0013,92,51
sub-0013,93,156
sub-0013,94,94
sub-0013,95,95
sub-0013,96,96
sub-0013,97,97
sub-0013,98,99
sub-0013,99,60
sub-0013,100,100
sub-0013,101,101
sub-0013,102,102
sub-0013,103,103
sub-0013,104,104
sub-0013,105,105
sub-0013,106,106
sub-0013,107,107
sub-0013,108,108
sub-0013,109,109
sub-0013,110,110
sub-0013,111,111
sub-0013,112,112
sub-0013,113,113
sub-0013,114,114
sub-0013,115,115
sub-0013,116,116
sub-0013,117,117
sub-0013,118,199
sub-0013,119,119
sub-0013,120,120
sub-0013,121,121
sub-0013,122,122
sub-0013,123,123
sub-0013,124,169
sub-0013,125,125
sub-0013,126,126
sub-0013,127,127
sub-0013,128,128
sub-0013,129,129
sub-0013,130,130
sub-0013,131,131
sub-0013,132,132
sub-0013,133,133
sub-0013,134,134
sub-0013,135,135
sub-0013,136,35
sub-0013,137,137
sub-0013,138,43
sub-0013,139,139
sub-0013,140,155
sub-0013,141,141
sub-0013,142,142
sub-0013,143,156
sub-0013,144,127
sub-0013,145,145
sub-0013,146,147
sub-0013,147,125
sub-0013,148,148
sub-0013,149,149
sub-0013,150,150
sub-0013,151,151
sub-0013,152,152
sub-0013,153,153
sub-0013,154,154
sub-0013,155,178
sub-0013,156,156
sub-0013,157,157
sub-0013,158,158
sub-0013,159,153
sub-0013,160,53
sub-0013,161,156
sub-0013,162,54
sub-0013,163,163
sub-0013,164,164
sub-0013,165,165
sub-0013,166,178
sub-0013,167,167
sub-0013,168,168
sub-0013,169,178
sub-0013,170,156
sub-0013,171,178
sub-0013,172,172
sub-0013,173,173
sub-0013,174,174
sub-0013,175,175
sub-0013,176,176
sub-0013,177,177
sub-0013,178,178
sub-0013,179,179
sub-0013,180,180
sub-0013,181,43
sub-0013,182,72
sub-0013,183,224
sub-0013,184,184
sub-0013,185,185
sub-0013,186,186
sub-0013,187,187
sub-0013,188,178
sub-0013,189,169
sub-0013,190,161
sub-0013,191,178
sub-0013,192,192
sub-0013,193,95
sub-0013,194,194
sub-0013,195,195
sub-0013,196,198
sub-0013,197,197
sub-0013,198,192
sub-0013,199,103
sub-0013,200,200
sub-0013,201,53
sub-0013,202,160
sub-0013,203,203
sub-0013,204,55
sub-0013,205,12
sub-0013,206,206
sub-0013,207,207
sub-0013,208,208
sub-0013,209,209
sub-0013,210,227
sub-0013,211,215
sub-0013,212,212
sub-0013,213,209
sub-0013,214,214
sub-0013,215,215
sub-0013,216,218
sub-0013,217,195
sub-0013,218,219
sub-0013,219,219
sub-0013,220,220
sub-0013,221,221
sub-0013,222,222
sub-0013,223,223
sub-0013,224,224
sub-0013,225,225
sub-0013,226,169
sub-0013,227,204
sub-0013,228,228
sub-0013,229,169
sub-0013,230,230
sub-0013,231,231
sub-0014,0,0
sub-0014,1,1
sub-0014,2,2
sub-0014,3,3
sub-0014,4,4
sub-0014,5,5
sub-0014,6,6
sub-0014,7,7
sub-0014,8,8
sub-0014,9,9
sub-0014,10,10
sub-0014,11,11
sub-0014,12,12
sub-0014,13,13
sub-0014,14,14
sub-0014,15,15
sub-0014,16,16
sub-0014,17,139
sub-0014,18,18
sub-0014,19,19
sub-0014,20,17
sub-0014,21,21
sub-0014,22,24
sub-0014,23,24
sub-0014,24,138
sub-0014,25,25
sub-0014,26,26
sub-0014,27,27
sub-0014,28,28
sub-0014,29,29
sub-0014,30,30
sub-0014,31,31
sub-0014,32,32
sub-0014,33,33
sub-0014,34,34
sub-0014,35,35
sub-0014,36,36
sub-0014,37,37
sub-0014,38,58
sub-0014,39,39
sub-0014,40,40
sub-0014,41,41
sub-0014,42,42
sub-0014,43,43
sub-0014,44,44
sub-0014,45,45
sub-0014,46,46
sub-0014,47,47
sub-0014,48,48
sub-0014,49,49
sub-0014,50,50
sub-0014,51,51
sub-0014,52,162
sub-0014,53,53
sub-0014,54,54
sub-0014,55,224
sub-0014,56,56
sub-0014,57,57
sub-0014,58,58
sub-0014,59,59
sub-0014,60,60
sub-0014,61,61
sub-0014,62,62
sub-0014,63,63
sub-0014,64,64
sub-0014,65,56
sub-0014,66,66
sub-0014,67,67
sub-0014,68,68
sub-0014,69,69
sub-0014,70,187
sub-0014,71,71
sub-0014,72,72
sub-0014,73,73
sub-0014,74,74
sub-0014,75,75
sub-0014,76,76
sub-0014,77,77
sub-0014,78,78
sub-0014,79,79
sub-0014,80,80
sub-0014,81,81
sub-0014,82,82
sub-0014,83,83
sub-0014,84,84
sub-0014,85,85
sub-0014,86,191
sub-0014,87,87
sub-0014,88,88
sub-0014,89,89
sub-0014,90,90
sub-0014,91,91
sub-0014,92,92
sub-0014,93,92
sub-0014,94,94
sub-0014,95,95
sub-0014,96,96
sub-0014,97,97
sub-0014,98,98
sub-0014,99,99
sub-0014,100,100
sub-0014,101,101
sub-0014,102,4
sub-0014,103,103
sub-0014,104,104
sub-0014,105,105
sub-0014,106,106
sub-0014,107,107
sub-0014,108,108
sub-0014,109,109
sub-0014,110,110
sub-0014,111,111
sub-0014,112,112
sub-0014,113,113
sub-0014,114,114
sub-0014,115,115
sub-0014,116,116
sub-0014,117,117
sub-0014,118,118
sub-0014,119,119
sub-0014,120,120
sub-0014,121,121
sub-0014,122,122
sub-0014,123,123
sub-0014,124,124
sub-0014,125,162
sub-0014,126,126
sub-0014,127,127
sub-0014,128,128
sub-0014,129,129
sub-0014,130,130
sub-0014,131,131
sub-0014,132,100
sub-0014,133,133
sub-0014,134,134
sub-0014,135,135
sub-0014,136,156
sub-0014,137,137
sub-0014,138,138
sub-0014,139,139
sub-0014,140,140
sub-0014,141,141
sub-0014,142,197
sub-0014,143,143
sub-0014,144,144
sub-0014,145,43
sub-0014,146,43
sub-0014,147,147
sub-0014,148,148
sub-0014,149,149
sub-0014,150,150
sub-0014,151,151
sub-0014,152,152
sub-0014,153,153
sub-0014,154,154
sub-0014,155,155
sub-0014,156,156
sub-0014,157,157
sub-0014,158,186
sub-0014,159,159
sub-0014,160,163
sub-0014,161,161
sub-0014,162,202
sub-0014,163,163
sub-0014,164,164
sub-0014,165,165
sub-0014,166,173
sub-0014,167,167
sub-0014,168,168
sub-0014,169,210
sub-0014,170,170
sub-0014,171,171
sub-0014,172,172
sub-0014,173,173
sub-0014,174,174
sub-0014,175,175
sub-0014,176,176
sub-0014,177,177
sub-0014,178,178
sub-0014,179,179
sub-0014,180,180
sub-0014,181,73
sub-0014,182,182
sub-0014,183,183
sub-0014,184,152
sub-0014,185,185
sub-0014,186,177
sub-0014,187,99
sub-0014,188,188
sub-0014,189,189
sub-0014,190,190
sub-0014,191,191
sub-0014,192,192
sub-0014,193,193
sub-0014,194,194
sub-0014,195,195
sub-0014,196,196
sub-0014,197,197
sub-0014,198,198
sub-0014,199,199
sub-0014,200,218
sub-0014,201,201
sub-0014,202,218
sub-0014,203,203
sub-0014,204,204
sub-0014,205,205
sub-0014,206,17
sub-0014,207,207
sub-0014,208,168
sub-0014,209,143
sub-0014,210,210
sub-0014,211,226
sub-0014,212,212
sub-0014,213,213
sub-0014,214,214
sub-0014,215,215
sub-0014,216,203
sub-0014,217,217
sub-0014,218,218
sub-0014,219,219
sub-0014,220,162
sub-0014,221,221
sub-0014,222,222
sub-0014,223,223
sub-0014,224,224
sub-0014,225,225
sub-0014,226,213
sub-0014,227,223
sub-0014,228,228
sub-0014,229,229
sub-0014,230,215
sub-0014,231,231
sub-0015,0,0
sub-0015,1,1
sub-0015,2,2
sub-0015,3,3
sub-0015,4,4
sub-0015,5,7
sub-0015,6,6
sub-0015,7,7
sub-0015,8,8
sub-0015,9,9
sub-0015,10,10
sub-0015,11,11
sub-0015,12,12
sub-0015,13,13
sub-0015,14,14
sub-0015,15,15
sub-0015,16,16
sub-0015,17,17
sub-0015,18,18
sub-0015,19,19
sub-0015,20,20
sub-0015,21,21
sub-0015,22,125
sub-0015,23,123
sub-0015,24,24
sub-0015,25,217
sub-0015,26,26
sub-0015,27,27
sub-0015,28,28
sub-0015,29,29
sub-0015,30,148
sub-0015,31,31
sub-0015,32,32
sub-0015,33,35
sub-0015,34,34
sub-0015,35,35
sub-0015,36,36
sub-0015,37,147
sub-0015,38,38
sub-0015,39,39
sub-0015,40,40
sub-0015,41,41
sub-0015,42,42
sub-0015,43,43
sub-0015,44,44
sub-0015,45,45
sub-0015,46,46
sub-0015,47,47
sub-0015,48,151
sub-0015,49,49
sub-0015,50,83
sub-0015,51,51
sub-0015,52,52
sub-0015,53,53
sub-0015,54,54
sub-0015,55,114
sub-0015,56,56
sub-0015,57,73
sub-0015,58,58
sub-0015,59,59
sub-0015,60,60
sub-0015,61,61
sub-0015,62,62
sub-0015,63,63
sub-0015,64,64
sub-0015,65,65
sub-0015,66,66
sub-0015,67,67
sub-0015,68,75
sub-0015,69,69
sub-0015,70,70
sub-0015,71,71
sub-0015,72,72
sub-0015,73,73
sub-0015,74,74
sub-0015,75,75
sub-0015,76,76
sub-0015,77,77
sub-0015,78,78
sub-0015,79,79
sub-0015,80,80
sub-0015,81,77
sub-0015,82,82
sub-0015,83,83
sub-0015,84,84
sub-0015,85,88
sub-0015,86,86
sub-0015,87,87
sub-0015,88,88
sub-0015,89,89
sub-0015,90,90
sub-0015,91,91
sub-0015,92,79
sub-0015,93,93
sub-0015,94,62
sub-0015,95,95
sub-0015,96,96
sub-0015,97,195
sub-0015,98,98
sub-0015,99,99
sub-0015,100,100
sub-0015,101,28
sub-0015,102,102
sub-0015,103,219
sub-0015,104,27
sub-0015,105,105
sub-0015,106,106
sub-0015,107,107
sub-0015,108,108
sub-0015,109,6
sub-0015,110,110
sub-0015,111,111
sub-0015,112,112
sub-0015,113,113
sub-0015,114,114
sub-0015,115,115
sub-0015,116,116
sub-0015,117,117
sub-0015,118,118
sub-0015,119,119
sub-0015,120,120
sub-0015,121,121
sub-0015,122,122
sub-0015,123,27
sub-0015,124,124
sub-0015,125,226
sub-0015,126,126
sub-0015,127,127
sub-0015,128,126
sub-0015,129,129
sub-0015,130,130
sub-0015,131,131
sub-0015,132,132
sub-0015,133,133
sub-0015,134,134
sub-0015,135,135
sub-0015,136,35
sub-0015,137,35
sub-0015,138,138
sub-0015,139,139
sub-0015,140,35
sub-0015,141,141
sub-0015,142,147
sub-0015,143,149
sub-0015,144,144
sub-0015,145,145
sub-0015,146,146
sub-0015,147,147
sub-0015,148,148
sub-0015,149,149
sub-0015,150,150
sub-0015,151,151
sub-0015,152,152
sub-0015,153,153
sub-0015,154,154
sub-0015,155,155
sub-0015,156,160
sub-0015,157,157
sub-0015,158,158
sub-0015,159,159
sub-0015,160,160
sub-0015,161,161
sub-0015,162,162
sub-0015,163,163
sub-0015,164,164
sub-0015,165,165
sub-0015,166,166
sub-0015,167,167
sub-0015,168,168
sub-0015,169,169
sub-0015,170,88
sub-0015,171,176
sub-0015,172,172
sub-0015,173,173
sub-0015,174,174
sub-0015,175,175
sub-0015,176,176
sub-0015,177,177
sub-0015,178,178
sub-0015,179,179
sub-0015,180,180
sub-0015,181,181
sub-0015,182,182
sub-0015,183,150
sub-0015,184,184
sub-0015,185,185
sub-0015,186,186
sub-0015,187,187
sub-0015,188,188
sub-0015,189,69
sub-0015,190,190
sub-0015,191,191
sub-0015,192,192
sub-0015,193,193
sub-0015,194,194
sub-0015,195,195
sub-0015,196,218
sub-0015,197,197
sub-0015,198,198
sub-0015,199,199
sub-0015,200,200
sub-0015,201,201
sub-0015,202,202
sub-0015,203,203
sub-0015,204,204
sub-0015,205,205
sub-0015,206,206
sub-0015,207,207
sub-0015,208,208
sub-0015,209,220
sub-0015,210,210
sub-0015,211,211
sub-0015,212,212
sub-0015,213,213
sub-0015,214,214
sub-0015,215,226
sub-0015,216,115
sub-0015,217,217
sub-0015,218,218
sub-0015,219,219
sub-0015,220,220
sub-0015,221,147
sub-0015,222,222
sub-0015,223,223
sub-0015,224,224
sub-0015,225,27
sub-0015,226,221
sub-0015,227,208
sub-0015,228,228
sub-0015,229,229
sub-0015,230,224
sub-0015,231,226
sub-0016,0,0
sub-0016,1,1
sub-0016,2,2
sub-0016,3,3
sub-0016,4,4
sub-0016,5,5
sub-0016,6,6
sub-0016,7,7
sub-0016,8,8
sub-0016,9,9
sub-0016,10,131
sub-0016,11,11
sub-0016,12,12
sub-0016,13,13
sub-0016,14,14
sub-0016,15,15
sub-0016,16,16
sub-0016,17,17
sub-0016,18,18
sub-0016,19,19
sub-0016,20,20
sub-0016,21,21
sub-0016,22,22
sub-0016,23,23
sub-0016,24,24
sub-0016,25,25
sub-0016,26,26
sub-0016,27,27
sub-0016,28,28
sub-0016,29,29
sub-0016,30,30
sub-0016,31,31
sub-0016,32,32
sub-0016,33,33
sub-0016,34,34
sub-0016,35,35
sub-0016,36,36
sub-0016,37,37
sub-0016,38,38
sub-0016,39,39
sub-0016,40,40
sub-0016,41,41
sub-0016,42,42
sub-0016,43,43
sub-0016,44,44
sub-0016,45,45
sub-0016,46,46
sub-0016,47,47
sub-0016,48,48
sub-0016,49,49
sub-0016,50,54
sub-0016,51,159
sub-0016,52,52
sub-0016,53,53
sub-0016,54,54
sub-0016,55,55
sub-0016,56,56
sub-0016,57,57
sub-0016,58,58
sub-0016,59,57
sub-0016,60,60
sub-0016,61,39
sub-0016,62,62
sub-0016,63,63
sub-0016,64,64
sub-0016,65,65
sub-0016,66,66
sub-0016,67,67
sub-0016,68,68
sub-0016,69,69
sub-0016,70,70
sub-0016,71,71
sub-0016,72,72
sub-0016,73,73
sub-0016,74,74
sub-0016,75,92
sub-0016,76,76
sub-0016,77,77
sub-0016,78,78
sub-0016,79,79
sub-0016,80,80
sub-0016,81,81
sub-0016,82,82
sub-0016,83,54
sub-0016,84,84
sub-0016,85,85
sub-0016,86,86
sub-0016,87,87
sub-0016,88,186
sub-0016,89,89
sub-0016,90,90
sub-0016,91,91
sub-0016,92,89
sub-0016,93,93
sub-0016,94,94
sub-0016,95,95
sub-0016,96,96
sub-0016,97,97
sub-0016,98,98
sub-0016,99,98
sub-0016,100,100
sub-0016,101,101
sub-0016,102,102
sub-0016,103,103
sub-0016,104,104
sub-0016,105,105
sub-0016,106,106
sub-0016,107,8
sub-0016,108,108
sub-0016,109,109
sub-0016,110,30
sub-0016,111,111
sub-0016,112,112
sub-0016,113,113
sub-0016,114,114
sub-0016,115,115
sub-0016,116,116
sub-0016,117,117
sub-0016,118,118
sub-0016,119,119
sub-0016,120,120
sub-0016,121,121
sub-0016,122,122
sub-0016,123,123
sub-0016,124,124
sub-0016,125,125
sub-0016,126,126
sub-0016,127,127
sub-0016,128,116
sub-0016,129,129
sub-0016,130,118
sub-0016,131,131
sub-0016,132,132
sub-0016,133,133
sub-0016,134,134
sub-0016,135,135
sub-0016,136,136
sub-0016,137,137
sub-0016,138,138
sub-0016,139,139
sub-0016,140,140
sub-0016,141,141
sub-0016,142,148
sub-0016,143,143
sub-0016,144,144
sub-0016,145,145
sub-0016,146,146
sub-0016,147,147
sub-0016,148,148
sub-0016,149,149
sub-0016,150,150
sub-0016,151,153
sub-0016,152,152
sub-0016,153,153
sub-0016,154,153
sub-0016,155,155
sub-0016,156,156
sub-0016,157,157
sub-0016,158,158
sub-0016,159,159
sub-0016,160,160
sub-0016,161,54
sub-0016,162,162
sub-0016,163,163
sub-0016,164,164
sub-0016,165,165
sub-0016,166,166
sub-0016,167,65
sub-0016,168,168
sub-0016,169,169
sub-0016,170,170
sub-0016,171,171
sub-0016,172,172
sub-0016,173,173
sub-0016,174,174
sub-0016,175,175
sub-0016,176,153
sub-0016,177,177
sub-0016,178,178
sub-0016,179,179
sub-0016,180,180
sub-0016,181,181
sub-0016,182,182
sub-0016,183,183
sub-0016,184,184
sub-0016,185,185
sub-0016,186,186
sub-0016,187,187
sub-0016,188,188
sub-0016,189,189
sub-0016,190,157
sub-0016,191,191
sub-0016,192,153
sub-0016,193,193
sub-0016,194,194
sub-0016,195,195
sub-0016,196,183
sub-0016,197,197
sub-0016,198,198
sub-0016,199,199
sub-0016,200,200
sub-0016,201,50
sub-0016,202,202
sub-0016,203,203
sub-0016,204,204
sub-0016,205,120
sub-0016,206,206
sub-0016,207,207
sub-0016,208,221
sub-0016,209,209
sub-0016,210,17
sub-0016,211,92
sub-0016,212,212
sub-0016,213,213
sub-0016,214,178
sub-0016,215,215
sub-0016,216,216
sub-0016,217,219
sub-0016,218,218
sub-0016,219,219
sub-0016,220,223
sub-0016,221,221
sub-0016,222,222
sub-0016,223,223
sub-0016,224,204
sub-0016,225,225
sub-0016,226,226
sub-0016,227,153
sub-0016,228,228
sub-0016,229,229
sub-0016,230,230
sub-0016,231,231
sub-0017,0,0
sub-0017,1,1
sub-0017,2,2
sub-0017,3,6
sub-0017,4,4
sub-0017,5,5
sub-0017,6,6
sub-0017,7,7
sub-0017,8,8
sub-0017,9,9
sub-0017,10,10
sub-0017,11,11
sub-0017,12,12
sub-0017,13,13
sub-0017,14,14
sub-0017,15,139
sub-0017,16,16
sub-0017,17,139
sub-0017,18,18
sub-0017,19,19
sub-0017,20,20
sub-0017,21,21
sub-0017,22,118
sub-0017,23,23
sub-0017,24,24
sub-0017,25,25
sub-0017,26,26
sub-0017,27,119
sub-0017,28,28
sub-0017,29,29
sub-0017,30,30
sub-0017,31,31
sub-0017,32,32
sub-0017,33,33
sub-0017,34,34
sub-0017,35,35
sub-0017,36,36
sub-0017,37,37
sub-0017,38,38
sub-0017,39,39
sub-0017,40,213
sub-0017,41,41
sub-0017,42,42
sub-0017,43,43
sub-0017,44,138
sub-0017,45,138
sub-0017,46,46
sub-0017,47,47
sub-0017,48,48
sub-0017,49,49
sub-0017,50,50
sub-0017,51,51
sub-0017,52,52
sub-0017,53,54
sub-0017,54,54
sub-0017,55,55
sub-0017,56,56
sub-0017,57,57
sub-0017,58,58
sub-0017,59,59
sub-0017,60,60
sub-0017,61,176
sub-0017,62,62
sub-0017,63,63
sub-0017,64,69
sub-0017,65,187
sub-0017,66,69
sub-0017,67,67
sub-0017,68,69
sub-0017,69,69
sub-0017,70,89
sub-0017,71,71
sub-0017,72,72
sub-0017,73,99
sub-0017,74,74
sub-0017,75,47
sub-0017,76,76
sub-0017,77,77
sub-0017,78,78
sub-0017,79,187
sub-0017,80,80
sub-0017,81,81
sub-0017,82,82
sub-0017,83,69
sub-0017,84,84
sub-0017,85,69
sub-0017,86,86
sub-0017,87,87
sub-0017,88,88
sub-0017,89,89
sub-0017,90,90
sub-0017,91,91
sub-0017,92,92
sub-0017,93,93
sub-0017,94,94
sub-0017,95,10
sub-0017,96,96
sub-0017,97,10
sub-0017,98,98
sub-0017,99,99
sub-0017,100,100
sub-0017,101,101
sub-0017,102,5
sub-0017,103,204
sub-0017,104,104
sub-0017,105,105
sub-0017,106,106
sub-0017,107,107
sub-0017,108,108
sub-0017,109,109
sub-0017,110,110
sub-0017,111,111
sub-0017,112,112
sub-0017,113,113
sub-0017,114,114
sub-0017,115,115
sub-0017,116,116
sub-0017,117,117
sub-0017,118,118
sub-0017,119,119
sub-0017,120,120
sub-0017,121,121
sub-0017,122,122
sub-0017,123,123
sub-0017,124,124
sub-0017,125,125
sub-0017,126,126
sub-0017,127,22
sub-0017,128,128
sub-0017,129,129
sub-0017,130,130
sub-0017,131,131
sub-0017,132,132
sub-0017,133,133
sub-0017,134,134
sub-0017,135,135
sub-0017,136,136
sub-0017,137,137
sub-0017,138,138
sub-0017,139,139
sub-0017,140,140
sub-0017,141,141
sub-0017,142,198
sub-0017,143,143
sub-0017,144,144
sub-0017,145,139
sub-0017,146,166
sub-0017,147,118
sub-0017,148,148
sub-0017,149,135
sub-0017,150,150
sub-0017,151,151
sub-0017,152,152
sub-0017,153,153
sub-0017,154,154
sub-0017,155,187
sub-0017,156,156
sub-0017,157,157
sub-0017,158,158
sub-0017,159,176
sub-0017,160,160
sub-0017,161,161
sub-0017,162,162
sub-0017,163,163
sub-0017,164,164
sub-0017,165,165
sub-0017,166,166
sub-0017,167,173
sub-0017,168,168
sub-0017,169,204
sub-0017,170,69
sub-0017,171,171
sub-0017,172,172
sub-0017,173,173
sub-0017,174,174
sub-0017,175,175
sub-0017,176,176
sub-0017,177,177
sub-0017,178,178
sub-0017,179,179
sub-0017,180,180
sub-0017,181,32
sub-0017,182,182
sub-0017,183,183
sub-0017,184,183
sub-0017,185,185
sub-0017,186,186
sub-0017,187,99
sub-0017,188,188
sub-0017,189,189
sub-0017,190,190
sub-0017,191,191
sub-0017,192,192
sub-0017,193,193
sub-0017,194,194
sub-0017,195,195
sub-0017,196,196
sub-0017,197,197
sub-0017,198,198
sub-0017,199,199
sub-0017,200,54
sub-0017,201,229
sub-0017,202,202
sub-0017,203,54
sub-0017,204,204
sub-0017,205,221
sub-0017,206,206
sub-0017,207,207
sub-0017,208,79
sub-0017,209,214
sub-0017,210,227
sub-0017,211,227
sub-0017,212,212
sub-0017,213,14
sub-0017,214,214
sub-0017,215,215
sub-0017,216,216
sub-0017,217,66
sub-0017,218,218
sub-0017,219,219
sub-0017,220,220
sub-0017,221,221
sub-0017,222,222
sub-0017,223,140
sub-0017,224,176
sub-0017,225,89
sub-0017,226,221
sub-0017,227,92
sub-0017,228,228
sub-0017,229,229
sub-0017,230,230
sub-0017,231,231
sub-0018,0,0
sub-0018,1,1
sub-0018,2,2
sub-0018,3,3
sub-0018,4,4
sub-0018,5,5
sub-0018,6,162
sub-0018,7,7
sub-0018,8,8
sub-0018,9,9
sub-0018,10,10
sub-0018,11,11
sub-0018,12,12
sub-0018,13,13
sub-0018,14,14
sub-0018,15,15
sub-0018,16,120
sub-0018,17,17
sub-0018,18,18
sub-0018,19,55
sub-0018,20,55
sub-0018,21,21
sub-0018,22,22
sub-0018,23,23
sub-0018,24,56
sub-0018,25,25
sub-0018,26,26
sub-0018,27,6
sub-0018,28,28
sub-0018,29,29
sub-0018,30,30
sub-0018,31,31
sub-0018,32,32
sub-0018,33,33
sub-0018,34,34
sub-0018,35,35
sub-0018,36,36
sub-0018,37,37
sub-0018,38,38
sub-0018,39,39
sub-0018,40,40
sub-0018,41,221
sub-0018,42,39
sub-0018,43,43
sub-0018,44,39
sub-0018,45,119
sub-0018,46,46
sub-0018,47,47
sub-0018,48,133
sub-0018,49,230
sub-0018,50,50
sub-0018,51,157
sub-0018,52,162
sub-0018,53,53
sub-0018,54,162
sub-0018,55,55
sub-0018,56,56
sub-0018,57,57
sub-0018,58,58
sub-0018,59,59
sub-0018,60,140
sub-0018,61,61
sub-0018,62,62
sub-0018,63,63
sub-0018,64,65
sub-0018,65,65
sub-0018,66,66
sub-0018,67,67
sub-0018,68,88
sub-0018,69,69
sub-0018,70,70
sub-0018,71,71
sub-0018,72,72
sub-0018,73,73
sub-0018,74,74
sub-0018,75,60
sub-0018,76,76
sub-0018,77,77
sub-0018,78,78
sub-0018,79,79
sub-0018,80,80
sub-0018,81,81
sub-0018,82,82
sub-0018,83,83
sub-0018,84,88
sub-0018,85,85
sub-0018,86,86
sub-0018,87,87
sub-0018,88,88
sub-0018,89,89
sub-0018,90,90
sub-0018,91,91
sub-0018,92,92
sub-0018,93,88
sub-0018,94,88
sub-0018,95,95
sub-0018,96,96
sub-0018,97,97
sub-0018,98,98
sub-0018,99,99
sub-0018,100,100
sub-0018,101,101
sub-0018,102,102
sub-0018,103,103
sub-0018,104,104
sub-0018,105,105
sub-0018,106,106
sub-0018,107,107
sub-0018,108,108
sub-0018,109,109
sub-0018,110,110
sub-0018,111,111
sub-0018,112,112
sub-0018,113,113
sub-0018,114,114
sub-0018,115,115
sub-0018,116,116
sub-0018,117,117
sub-0018,118,118
sub-0018,119,119
sub-0018,120,120
sub-0018,121,121
sub-0018,122,122
sub-0018,123,123
sub-0018,124,123
sub-0018,125,125
sub-0018,126,126
sub-0018,127,127
sub-0018,128,128
sub-0018,129,129
sub-0018,130,130
sub-0018,131,131
sub-0018,132,132
sub-0018,133,133
sub-0018,134,134
sub-0018,135,135
sub-0018,136,136
sub-0018,137,137
sub-0018,138,138
sub-0018,139,139
sub-0018,140,140
sub-0018,141,141
sub-0018,142,142
sub-0018,143,169
sub-0018,144,143
sub-0018,145,145
sub-0018,146,146
sub-0018,147,147
sub-0018,148,148
sub-0018,149,60
sub-0018,150,134
sub-0018,151,151
sub-0018,152,152
sub-0018,153,224
sub-0018,154,154
sub-0018,155,173
sub-0018,156,156
sub-0018,157,157
sub-0018,158,158
sub-0018,159,153
sub-0018,160,160
sub-0018,161,161
sub-0018,162,163
sub-0018,163,163
sub-0018,164,171
sub-0018,165,165
sub-0018,166,138
sub-0018,167,166
sub-0018,168,168
sub-0018,169,169
sub-0018,170,170
sub-0018,171,171
sub-0018,172,172
sub-0018,173,173
sub-0018,174,174
sub-0018,175,173
sub-0018,176,189
sub-0018,177,177
sub-0018,178,178
sub-0018,179,157
sub-0018,180,180
sub-0018,181,173
sub-0018,182,169
sub-0018,183,183
sub-0018,184,208
sub-0018,185,185
sub-0018,186,186
sub-0018,187,91
sub-0018,188,188
sub-0018,189,189
sub-0018,190,190
sub-0018,191,191
sub-0018,192,191
sub-0018,193,187
sub-0018,194,194
sub-0018,195,195
sub-0018,196,196
sub-0018,197,197
sub-0018,198,198
sub-0018,199,199
sub-0018,200,55
sub-0018,201,201
sub-0018,202,157
sub-0018,203,160
sub-0018,204,204
sub-0018,205,205
sub-0018,206,65
sub-0018,207,207
sub-0018,208,208
sub-0018,209,224
sub-0018,210,162
sub-0018,211,143
sub-0018,212,212
sub-0018,213,205
sub-0018,214,214
sub-0018,215,215
sub-0018,216,55
sub-0018,217,208
sub-0018,218,50
sub-0018,219,219
sub-0018,220,220
sub-0018,221,221
sub-0018,222,222
sub-0018,223,205
sub-0018,224,224
sub-0018,225,225
sub-0018,226,226
sub-0018,227,62
sub-0018,228,228
sub-0018,229,221
sub-0018,230,230
sub-0018,231,231
sub-0019,0,0
sub-0019,1,1
sub-0019,2,2
sub-0019,3,3
sub-0019,4,4
sub-0019,5,5
sub-0019,6,6
sub-0019,7,7
sub-0019,8,8
sub-0019,9,9
sub-0019,10,10
sub-0019,11,11
sub-0019,12,114
sub-0019,13,13
sub-0019,14,14
sub-0019,15,15
sub-0019,16,16
sub-0019,17,17
sub-0019,18,18
sub-0019,19,19
sub-0019,20,20
sub-0019,21,21
sub-0019,22,22
sub-0019,23,23
sub-0019,24,148
sub-0019,25,25
sub-0019,26,26
sub-0019,27,27
sub-0019,28,28
sub-0019,29,29
sub-0019,30,30
sub-0019,31,31
sub-0019,32,32
sub-0019,33,33
sub-0019,34,34
sub-0019,35,35
sub-0019,36,36
sub-0019,37,37
sub-0019,38,148
sub-0019,39,39
sub-0019,40,148
sub-0019,41,41
sub-0019,42,42
sub-0019,43,43
sub-0019,44,44
sub-0019,45,45
sub-0019,46,46
sub-0019,47,47
sub-0019,48,153
sub-0019,49,49
sub-0019,50,50
sub-0019,51,51
sub-0019,52,52
sub-0019,53,53
sub-0019,54,54
sub-0019,55,204
sub-0019,56,133
sub-0019,57,57
sub-0019,58,58
sub-0019,59,59
sub-0019,60,60
sub-0019,61,61
sub-0019,62,62
sub-0019,63,63
sub-0019,64,64
sub-0019,65,169
sub-0019,66,66
sub-0019,67,67
sub-0019,68,68
sub-0019,69,69
sub-0019,70,70
sub-0019,71,71
sub-0019,72,72
sub-0019,73,73
sub-0019,74,74
sub-0019,75,75
sub-0019,76,76
sub-0019,77,77
sub-0019,78,78
sub-0019,79,79
sub-0019,80,80
sub-0019,81,81
sub-0019,82,82
sub-0019,83,83
sub-0019,84,88
sub-0019,85,85
sub-0019,86,86
sub-0019,87,87
sub-0019,88,88
sub-0019,89,89
sub-0019,90,90
sub-0019,91,91
sub-0019,92,89
sub-0019,93,93
sub-0019,94,88
sub-0019,95,95
sub-0019,96,96
sub-0019,97,97
sub-0019,98,93
sub-0019,99,74
sub-0019,100,100
sub-0019,101,101
sub-0019,102,102
sub-0019,103,103
sub-0019,104,104
sub-0019,105,105
sub-0019,106,106
sub-0019,107,107
sub-0019,108,108
sub-0019,109,109
sub-0019,110,110
sub-0019,111,111
sub-0019,112,112
sub-0019,113,113
sub-0019,114,117
sub-0019,115,115
sub-0019,116,116
sub-0019,117,117
sub-0019,118,118
sub-0019,119,119
sub-0019,120,120
sub-0019,121,121
sub-0019,122,122
sub-0019,123,123
sub-0019,124,93
sub-0019,125,125
sub-0019,126,126
sub-0019,127,127
sub-0019,128,128
sub-0019,129,129
sub-0019,130,130
sub-0019,131,131
sub-0019,132,132
sub-0019,133,133
sub-0019,134,134
sub-0019,135,135
sub-0019,136,136
sub-0019,137,137
sub-0019,138,138
sub-0019,139,139
sub-0019,140,140
sub-0019,141,141
sub-0019,142,45
sub-0019,143,187
sub-0019,144,147
sub-0019,145,145
sub-0019,146,146
sub-0019,147,147
sub-0019,148,148
sub-0019,149,149
sub-0019,150,150
sub-0019,151,151
sub-0019,152,152
sub-0019,153,153
sub-0019,154,154
sub-0019,155,155
sub-0019,156,156
sub-0019,157,157
sub-0019,158,158
sub-0019,159,159
sub-0019,160,160
sub-0019,161,161
sub-0019,162,162
sub-0019,163,163
sub-0019,164,164
sub-0019,165,165
sub-0019,166,166
sub-0019,167,167
sub-0019,168,168
sub-0019,169,169
sub-0019,170,170
sub-0019,171,171
sub-0019,172,172
sub-0019,173,173
sub-0019,174,191
sub-0019,175,175
sub-0019,176,176
sub-0019,177,177
sub-0019,178,178
sub-0019,179,174
sub-0019,180,180
sub-0019,181,183
sub-0019,182,182
sub-0019,183,183
sub-0019,184,184
sub-0019,185,185
sub-0019,186,186
sub-0019,187,187
sub-0019,188,188
sub-0019,189,189
sub-0019,190,190
sub-0019,191,191
sub-0019,192,192
sub-0019,193,193
sub-0019,194,195
sub-0019,195,195
sub-0019,196,196
sub-0019,197,157
sub-0019,198,150
sub-0019,199,199
sub-0019,200,200
sub-0019,201,201
sub-0019,202,220
sub-0019,203,203
sub-0019,204,204
sub-0019,205,205
sub-0019,206,206
sub-0019,207,207
sub-0019,208,186
sub-0019,209,209
sub-0019,210,210
sub-0019,211,212
sub-0019,212,212
sub-0019,213,213
sub-0019,214,214
sub-0019,215,215
sub-0019,216,216
sub-0019,217,217
sub-0019,218,202
sub-0019,219,219
sub-0019,220,204
sub-0019,221,221
sub-0019,222,222
sub-0019,223,223
sub-0019,224,208
sub-0019,225,225
sub-0019,226,210
sub-0019,227,225
sub-0019,228,228
sub-0019,229,138
sub-0019,230,230
sub-0019,231,231
sub-0020,0,0
sub-0020,1,1
sub-0020,2,2
sub-0020,3,3
sub-0020,4,4
sub-0020,5,5
sub-0020,6,6
sub-0020,7,7
sub-0020,8,131
sub-0020,9,9
sub-0020,10,10
sub-0020,11,11
sub-0020,12,12
sub-0020,13,13
sub-0020,14,14
sub-0020,15,15
sub-0020,16,16
sub-0020,17,17
sub-0020,18,18
sub-0020,19,19
sub-0020,20,20
sub-0020,21,21
sub-0020,22,144
sub-0020,23,23
sub-0020,24,148
sub-0020,25,25
sub-0020,26,26
sub-0020,27,27
sub-0020,28,28
sub-0020,29,29
sub-0020,30,30
sub-0020,31,31
sub-0020,32,32
sub-0020,33,33
sub-0020,34,34
sub-0020,35,35
sub-0020,36,36
sub-0020,37,37
sub-0020,38,38
sub-0020,39,39
sub-0020,40,40
sub-0020,41,41
sub-0020,42,42
sub-0020,43,43
sub-0020,44,44
sub-0020,45,38
sub-0020,46,140
sub-0020,47,47
sub-0020,48,149
sub-0020,49,157
sub-0020,50,50
sub-0020,51,51
sub-0020,52,52
sub-0020,53,53
sub-0020,54,54
sub-0020,55,55
sub-0020,56,56
sub-0020,57,57
sub-0020,58,59
sub-0020,59,59
sub-0020,60,60
sub-0020,61,64
sub-0020,62,68
sub-0020,63,63
sub-0020,64,64
sub-0020,65,56
sub-0020,66,66
sub-0020,67,64
sub-0020,68,68
sub-0020,69,69
sub-0020,70,70
sub-0020,71,71
sub-0020,72,72
sub-0020,73,73
sub-0020,74,74
sub-0020,75,75
sub-0020,76,76
sub-0020,77,77
sub-0020,78,78
sub-0020,79,79
sub-0020,80,80
sub-0020,81,81
sub-0020,82,82
sub-0020,83,83
sub-0020,84,74
sub-0020,85,85
sub-0020,86,64
sub-0020,87,87
sub-0020,88,88
sub-0020,89,89
sub-0020,90,90
sub-0020,91,91
sub-0020,92,158
sub-0020,93,93
sub-0020,94,69
sub-0020,95,95
sub-0020,96,96
sub-0020,97,97
sub-0020,98,98
sub-0020,99,99
sub-0020,100,100
sub-0020,101,101
sub-0020,102,102
sub-0020,103,3
sub-0020,104,1
sub-0020,105,105
sub-0020,106,106
sub-0020,107,148
sub-0020,108,108
sub-0020,109,46
sub-0020,110,110
sub-0020,111,111
sub-0020,112,112
sub-0020,113,113
sub-0020,114,114
sub-0020,115,115
sub-0020,116,116
sub-0020,117,117
sub-0020,118,118
sub-0020,119,119
sub-0020,120,120
sub-0020,121,118
sub-0020,122,122
sub-0020,123,123
sub-0020,124,124
sub-0020,125,125
sub-0020,126,126
sub-0020,127,127
sub-0020,128,128
sub-0020,129,129
sub-0020,130,130
sub-0020,131,131
sub-0020,132,132
sub-0020,133,133
sub-0020,134,134
sub-0020,135,135
sub-0020,136,136
sub-0020,137,137
sub-0020,138,138
sub-0020,139,139
sub-0020,140,140
sub-0020,141,141
sub-0020,142,141
sub-0020,143,143
sub-0020,144,144
sub-0020,145,145
sub-0020,146,146
sub-0020,147,147
sub-0020,148,148
sub-0020,149,149
sub-0020,150,150
sub-0020,151,151
sub-0020,152,152
sub-0020,153,153
sub-0020,154,154
sub-0020,155,155
sub-0020,156,156
sub-0020,157,157
sub-0020,158,158
sub-0020,159,159
sub-0020,160,158
sub-0020,161,83
sub-0020,162,162
sub-0020,163,130
sub-0020,164,164
sub-0020,165,165
sub-0020,166,166
sub-0020,167,140
sub-0020,168,142
sub-0020,169,198
sub-0020,170,170
sub-0020,171,183
sub-0020,172,172
sub-0020,173,173
sub-0020,174,174
sub-0020,175,175
sub-0020,176,188
sub-0020,177,177
sub-0020,178,178
sub-0020,179,179
sub-0020,180,111
sub-0020,181,181
sub-0020,182,182
sub-0020,183,183
sub-0020,184,184
sub-0020,185,185
sub-0020,186,186
sub-0020,187,199
sub-0020,188,188
sub-0020,189,189
sub-0020,190,190
sub-0020,191,191
sub-0020,192,192
sub-0020,193,190
sub-0020,194,194
sub-0020,195,195
sub-0020,196,79
sub-0020,197,197
sub-0020,198,198
sub-0020,199,199
sub-0020,200,200
sub-0020,201,157
sub-0020,202,216
sub-0020,203,203
sub-0020,204,199
sub-0020,205,205
sub-0020,206,223
sub-0020,207,198
sub-0020,208,224
sub-0020,209,209
sub-0020,210,207
sub-0020,211,207
sub-0020,212,212
sub-0020,213,213
sub-0020,214,214
sub-0020,215,215
sub-0020,216,216
sub-0020,217,217
sub-0020,218,169
sub-0020,219,219
sub-0020,220,220
sub-0020,221,221
sub-0020,222,222
sub-0020,223,38
sub-0020,224,224
sub-0020,225,225
sub-0020,226,99
sub-0020,227,211
sub-0020,228,228
sub-0020,229,229
sub-0020,230,224
sub-0020,231,231
sub-0021,0,0
sub-0021,1,1
sub-0021,2,2
sub-0021,3,219
sub-0021,4,28
sub-0021,5,5
sub-0021,6,6
sub-0021,7,124
sub-0021,8,107
sub-0021,9,9
sub-0021,10,99
sub-0021,11,11
sub-0021,12,197
sub-0021,13,13
sub-0021,14,14
sub-0021,15,15
sub-0021,16,16
sub-0021,17,72
sub-0021,18,18
sub-0021,19,19
sub-0021,20,20
sub-0021,21,21
sub-0021,22,22
sub-0021,23,23
sub-0021,24,24
sub-0021,25,25
sub-0021,26,26
sub-0021,27,27
sub-0021,28,28
sub-0021,29,29
sub-0021,30,30
sub-0021,31,31
sub-0021,32,32
sub-0021,33,33
sub-0021,34,34
sub-0021,35,35
sub-0021,36,36
sub-0021,37,37
sub-0021,38,38
sub-0021,39,39
sub-0021,40,40
sub-0021,41,41
sub-0021,42,42
sub-0021,43,43
sub-0021,44,44
sub-0021,45,45
sub-0021,46,46
sub-0021,47,47
sub-0021,48,48
sub-0021,49,49
sub-0021,50,50
sub-0021,51,92
sub-0021,52,52
sub-0021,53,53
sub-0021,54,213
sub-0021,55,197
sub-0021,56,56
sub-0021,57,57
sub-0021,58,58
sub-0021,59,59
sub-0021,60,60
sub-0021,61,92
sub-0021,62,28
sub-0021,63,63
sub-0021,64,64
sub-0021,65,175
sub-0021,66,92
sub-0021,67,67
sub-0021,68,72
sub-0021,69,92
sub-0021,70,70
sub-0021,71,71
sub-0021,72,72
sub-0021,73,73
sub-0021,74,74
sub-0021,75,75
sub-0021,76,70
sub-0021,77,77
sub-0021,78,78
sub-0021,79,79
sub-0021,80,80
sub-0021,81,81
sub-0021,82,82
sub-0021,83,86
sub-0021,84,84
sub-0021,85,85
sub-0021,86,86
sub-0021,87,87
sub-0021,88,88
sub-0021,89,91
sub-0021,90,90
sub-0021,91,91
sub-0021,92,92
sub-0021,93,93
sub-0021,94,94
sub-0021,95,95
sub-0021,96,96
sub-0021,97,97
sub-0021,98,98
sub-0021,99,99
sub-0021,100,100
sub-0021,101,33
sub-0021,102,102
sub-0021,103,103
sub-0021,104,104
sub-0021,105,105
sub-0021,106,106
sub-0021,107,219
sub-0021,108,117
sub-0021,109,99
sub-0021,110,110
sub-0021,111,111
sub-0021,112,112
sub-0021,113,113
sub-0021,114,114
sub-0021,115,115
sub-0021,116,116
sub-0021,117,117
sub-0021,118,118
sub-0021,119,119
sub-0021,120,120
sub-0021,121,121
sub-0021,122,122
sub-0021,123,123
sub-0021,124,124
sub-0021,125,205
sub-0021,126,131
sub-0021,127,127
sub-0021,128,128
sub-0021,129,129
sub-0021,130,56
sub-0021,131,131
sub-0021,132,132
sub-0021,133,133
sub-0021,134,134
sub-0021,135,135
sub-0021,136,136
sub-0021,137,137
sub-0021,138,138
sub-0021,139,139
sub-0021,140,140
sub-0021,141,141
sub-0021,142,142
sub-0021,143,192
sub-0021,144,199
sub-0021,145,145
sub-0021,146,146
sub-0021,147,147
sub-0021,148,148
sub-0021,149,149
sub-0021,150,150
sub-0021,151,151
sub-0021,152,152
sub-0021,153,153
sub-0021,154,154
sub-0021,155,155
sub-0021,156,156
sub-0021,157,157
sub-0021,158,158
sub-0021,159,159
sub-0021,160,157
sub-0021,161,196
sub-0021,162,162
sub-0021,163,163
sub-0021,164,164
sub-0021,165,165
sub-0021,166,166
sub-0021,167,167
sub-0021,168,168
sub-0021,169,169
sub-0021,170,170
sub-0021,171,171
sub-0021,172,172
sub-0021,173,173
sub-0021,174,174
sub-0021,175,175
sub-0021,176,176
sub-0021,177,177
sub-0021,178,178
sub-0021,179,179
sub-0021,180,180
sub-0021,181,181
sub-0021,182,182
sub-0021,183,183
sub-0021,184,72
sub-0021,185,185
sub-0021,186,186
sub-0021,187,47
sub-0021,188,188
sub-0021,189,189
sub-0021,190,190
sub-0021,191,191
sub-0021,192,192
sub-0021,193,193
sub-0021,194,194
sub-0021,195,195
sub-0021,196,196
sub-0021,197,197
sub-0021,198,198
sub-0021,199,199
sub-0021,200,200
sub-0021,201,220
sub-0021,202,202
sub-0021,203,203
sub-0021,204,204
sub-0021,205,205
sub-0021,206,206
sub-0021,207,207
sub-0021,208,208
sub-0021,209,209
sub-0021,210,204
sub-0021,211,220
sub-0021,212,212
sub-0021,213,213
sub-0021,214,214
sub-0021,215,157
sub-0021,216,216
sub-0021,217,52
sub-0021,218,218
sub-0021,219,219
sub-0021,220,220
sub-0021,221,221
sub-0021,222,222
sub-0021,223,223
sub-0021,224,224
sub-0021,225,208
sub-0021,226,226
sub-0021,227,211
sub-0021,228,228
sub-0021,229,229
sub-0021,230,208
sub-0021,231,231
sub-0022,0,0
sub-0022,1,1
sub-0022,2,2
sub-0022,3,3
sub-0022,4,4
sub-0022,5,5
sub-0022,6,6
sub-0022,7,7
sub-0022,8,204
sub-0022,9,9
sub-0022,10,10
sub-0022,11,11
sub-0022,12,12
sub-0022,13,13
sub-0022,14,14
sub-0022,15,36
sub-0022,16,16
sub-0022,17,17
sub-0022,18,18
sub-0022,19,19
sub-0022,20,20
sub-0022,21,21
sub-0022,22,123
sub-0022,23,23
sub-0022,24,24
sub-0022,25,25
sub-0022,26,26
sub-0022,27,27
sub-0022,28,28
sub-0022,29,29
sub-0022,30,30
sub-0022,31,31
sub-0022,32,32
sub-0022,33,33
sub-0022,34,34
sub-0022,35,35
sub-0022,36,36
sub-0022,37,37
sub-0022,38,38
sub-0022,39,39
sub-0022,40,40
sub-0022,41,213
sub-0022,42,42
sub-0022,43,43
sub-0022,44,126
sub-0022,45,45
sub-0022,46,43
sub-0022,47,47
sub-0022,48,227
sub-0022,49,49
sub-0022,50,50
sub-0022,51,51
sub-0022,52,52
sub-0022,53,160
sub-0022,54,54
sub-0022,55,143
sub-0022,56,131
sub-0022,57,57
sub-0022,58,58
sub-0022,59,59
sub-0022,60,60
sub-0022,61,61
sub-0022,62,62
sub-0022,63,63
sub-0022,64,64
sub-0022,65,65
sub-0022,66,0
sub-0022,67,67
sub-0022,68,68
sub-0022,69,69
sub-0022,70,70
sub-0022,71,71
sub-0022,72,72
sub-0022,73,73
sub-0022,74,86
sub-0022,75,75
sub-0022,76,76
sub-0022,77,180
sub-0022,78,78
sub-0022,79,156
sub-0022,80,186
sub-0022,81,153
sub-0022,82,160
sub-0022,83,204
sub-0022,84,86
sub-0022,85,85
sub-0022,86,99
sub-0022,87,153
sub-0022,88,88
sub-0022,89,89
sub-0022,90,90
sub-0022,91,94
sub-0022,92,92
sub-0022,93,93
sub-0022,94,94
sub-0022,95,95
sub-0022,96,96
sub-0022,97,99
sub-0022,98,99
sub-0022,99,99
sub-0022,100,100
sub-0022,101,101
sub-0022,102,102
sub-0022,103,103
sub-0022,104,104
sub-0022,105,105
sub-0022,106,106
sub-0022,107,6
sub-0022,108,108
sub-0022,109,109
sub-0022,110,110
sub-0022,111,111
sub-0022,112,112
sub-0022,113,113
sub-0022,114,19
sub-0022,115,115
sub-0022,116,116
sub-0022,117,117
sub-0022,118,120
sub-0022,119,119
sub-0022,120,120
sub-0022,121,121
sub-0022,122,122
sub-0022,123,123
sub-0022,124,124
sub-0022,125,125
sub-0022,126,126
sub-0022,127,127
sub-0022,128,128
sub-0022,129,129
sub-0022,130,0
sub-0022,131,131
sub-0022,132,132
sub-0022,133,133
sub-0022,134,134
sub-0022,135,135
sub-0022,136,136
sub-0022,137,137
sub-0022,138,138
sub-0022,139,139
sub-0022,140,140
sub-0022,141,126
sub-0022,142,142
sub-0022,143,143
sub-0022,144,144
sub-0022,145,145
sub-0022,146,17
sub-0022,147,147
sub-0022,148,148
sub-0022,149,149
sub-0022,150,176
sub-0022,151,151
sub-0022,152,152
sub-0022,153,176
sub-0022,154,144
sub-0022,155,155
sub-0022,156,156
sub-0022,157,157
sub-0022,158,158
sub-0022,159,159
sub-0022,160,160
sub-0022,161,160
sub-0022,162,54
sub-0022,163,163
sub-0022,164,164
sub-0022,165,165
sub-0022,166,178
sub-0022,167,167
sub-0022,168,8
sub-0022,169,206
sub-0022,170,54
sub-0022,171,171
sub-0022,172,177
sub-0022,173,173
sub-0022,174,166
sub-0022,175,175
sub-0022,176,176
sub-0022,177,177
sub-0022,178,178
sub-0022,179,179
sub-0022,180,180
sub-0022,181,181
sub-0022,182,182
sub-0022,183,183
sub-0022,184,184
sub-0022,185,185
sub-0022,186,186
sub-0022,187,209
sub-0022,188,188
sub-0022,189,189
sub-0022,190,160
sub-0022,191,191
sub-0022,192,192
sub-0022,193,193
sub-0022,194,194
sub-0022,195,195
sub-0022,196,196
sub-0022,197,99
sub-0022,198,198
sub-0022,199,199
sub-0022,200,52
sub-0022,201,6
sub-0022,202,160
sub-0022,203,52
sub-0022,204,204
sub-0022,205,118
sub-0022,206,214
sub-0022,207,0
sub-0022,208,201
sub-0022,209,209
sub-0022,210,126
sub-0022,211,169
sub-0022,212,212
sub-0022,213,229
sub-0022,214,214
sub-0022,215,215
sub-0022,216,202
sub-0022,217,0
sub-0022,218,218
sub-0022,219,219
sub-0022,220,204
sub-0022,221,226
sub-0022,222,225
sub-0022,223,215
sub-0022,224,224
sub-0022,225,225
sub-0022,226,129
sub-0022,227,205
sub-0022,228,222
sub-0022,229,229
sub-0022,230,230
sub-0022,231,207
sub-0025,0,0
sub-0025,1,1
sub-0025,2,2
sub-0025,3,3
sub-0025,4,0
sub-0025,5,5
sub-0025,6,6
sub-0025,7,7
sub-0025,8,8
sub-0025,9,9
sub-0025,10,10
sub-0025,11,11
sub-0025,12,12
sub-0025,13,13
sub-0025,14,99
sub-0025,15,15
sub-0025,16,16
sub-0025,17,17
sub-0025,18,147
sub-0025,19,19
sub-0025,20,41
sub-0025,21,21
sub-0025,22,22
sub-0025,23,23
sub-0025,24,24
sub-0025,25,25
sub-0025,26,26
sub-0025,27,64
sub-0025,28,28
sub-0025,29,29
sub-0025,30,35
sub-0025,31,59
sub-0025,32,32
sub-0025,33,33
sub-0025,34,34
sub-0025,35,35
sub-0025,36,36
sub-0025,37,37
sub-0025,38,38
sub-0025,39,39
sub-0025,40,40
sub-0025,41,41
sub-0025,42,42
sub-0025,43,43
sub-0025,44,44
sub-0025,45,45
sub-0025,46,46
sub-0025,47,47
sub-0025,48,40
sub-0025,49,49
sub-0025,50,69
sub-0025,51,51
sub-0025,52,52
sub-0025,53,53
sub-0025,54,64
sub-0025,55,210
sub-0025,56,69
sub-0025,57,57
sub-0025,58,58
sub-0025,59,59
sub-0025,60,60
sub-0025,61,61
sub-0025,62,62
sub-0025,63,59
sub-0025,64,64
sub-0025,65,194
sub-0025,66,66
sub-0025,67,67
sub-0025,68,68
sub-0025,69,69
sub-0025,70,70
sub-0025,71,71
sub-0025,72,72
sub-0025,73,73
sub-0025,74,74
sub-0025,75,75
sub-0025,76,76
sub-0025,77,99
sub-0025,78,78
sub-0025,79,79
sub-0025,80,80
sub-0025,81,81
sub-0025,82,82
sub-0025,83,69
sub-0025,84,84
sub-0025,85,69
sub-0025,86,86
sub-0025,87,87
sub-0025,88,88
sub-0025,89,64
sub-0025,90,69
sub-0025,91,91
sub-0025,92,92
sub-0025,93,93
sub-0025,94,94
sub-0025,95,95
sub-0025,96,96
sub-0025,97,97
sub-0025,98,98
sub-0025,99,99
sub-0025,100,100
sub-0025,101,101
sub-0025,102,102
sub-0025,103,103
sub-0025,104,104
sub-0025,105,105
sub-0025,106,106
sub-0025,107,107
sub-0025,108,108
sub-0025,109,109
sub-0025,110,110
sub-0025,111,111
sub-0025,112,112
sub-0025,113,113
sub-0025,114,114
sub-0025,115,115
sub-0025,116,34
sub-0025,117,117
sub-0025,118,118
sub-0025,119,119
sub-0025,120,148
sub-0025,121,121
sub-0025,122,103
sub-0025,123,123
sub-0025,124,124
sub-0025,125,126
sub-0025,126,126
sub-0025,127,127
sub-0025,128,128
sub-0025,129,129
sub-0025,130,130
sub-0025,131,131
sub-0025,132,132
sub-0025,133,133
sub-0025,134,134
sub-0025,135,135
sub-0025,136,136
sub-0025,137,137
sub-0025,138,138
sub-0025,139,139
sub-0025,140,140
sub-0025,141,141
sub-0025,142,59
sub-0025,143,143
sub-0025,144,144
sub-0025,145,145
sub-0025,146,146
sub-0025,147,221
sub-0025,148,148
sub-0025,149,149
sub-0025,150,150
sub-0025,151,151
sub-0025,152,152
sub-0025,153,153
sub-0025,154,154
sub-0025,155,187
sub-0025,156,156
sub-0025,157,157
sub-0025,158,158
sub-0025,159,0
sub-0025,160,160
sub-0025,161,161
sub-0025,162,187
sub-0025,163,163
sub-0025,164,164
sub-0025,165,165
sub-0025,166,166
sub-0025,167,167
sub-0025,168,168
sub-0025,169,169
sub-0025,170,170
sub-0025,171,171
sub-0025,172,69
sub-0025,173,173
sub-0025,174,179
sub-0025,175,175
sub-0025,176,176
sub-0025,177,177
sub-0025,178,178
sub-0025,179,179
sub-0025,180,180
sub-0025,181,181
sub-0025,182,182
sub-0025,183,183
sub-0025,184,184
sub-0025,185,185
sub-0025,186,186
sub-0025,187,187
sub-0025,188,159
sub-0025,189,189
sub-0025,190,190
sub-0025,191,191
sub-0025,192,192
sub-0025,193,193
sub-0025,194,194
sub-0025,195,195
sub-0025,196,196
sub-0025,197,197
sub-0025,198,198
sub-0025,199,199
sub-0025,200,200
sub-0025,201,210
sub-0025,202,202
sub-0025,203,203
sub-0025,204,221
sub-0025,205,205
sub-0025,206,206
sub-0025,207,207
sub-0025,208,198
sub-0025,209,209
sub-0025,210,69
sub-0025,211,180
sub-0025,212,212
sub-0025,213,213
sub-0025,214,60
sub-0025,215,231
sub-0025,216,216
sub-0025,217,217
sub-0025,218,218
sub-0025,219,219
sub-0025,220,220
sub-0025,221,221
sub-0025,222,222
sub-0025,223,223
sub-0025,224,187
sub-0025,225,224
sub-0025,226,65
sub-0025,227,187
sub-0025,228,228
sub-0025,229,229
sub-0025,230,225
sub-0025,231,231
sub-0026,0,0
sub-0026,1,1
sub-0026,2,2
sub-0026,3,3
sub-0026,4,4
sub-0026,5,5
sub-0026,6,6
sub-0026,7,7
sub-0026,8,8
sub-0026,9,9
sub-0026,10,10
sub-0026,11,11
sub-0026,12,12
sub-0026,13,13
sub-0026,14,14
sub-0026,15,15
sub-0026,16,16
sub-0026,17,17
sub-0026,18,18
sub-0026,19,19
sub-0026,20,20
sub-0026,21,21
sub-0026,22,205
sub-0026,23,23
sub-0026,24,198
sub-0026,25,40
sub-0026,26,26
sub-0026,27,27
sub-0026,28,28
sub-0026,29,29
sub-0026,30,30
sub-0026,31,31
sub-0026,32,32
sub-0026,33,33
sub-0026,34,58
sub-0026,35,35
sub-0026,36,36
sub-0026,37,37
sub-0026,38,38
sub-0026,39,39
sub-0026,40,40
sub-0026,41,41
sub-0026,42,42
sub-0026,43,43
sub-0026,44,44
sub-0026,45,45
sub-0026,46,46
sub-0026,47,47
sub-0026,48,48
sub-0026,49,49
sub-0026,50,50
sub-0026,51,51
sub-0026,52,52
sub-0026,53,53
sub-0026,54,54
sub-0026,55,55
sub-0026,56,56
sub-0026,57,57
sub-0026,58,58
sub-0026,59,59
sub-0026,60,60
sub-0026,61,61
sub-0026,62,62
sub-0026,63,63
sub-0026,64,64
sub-0026,65,65
sub-0026,66,66
sub-0026,67,67
sub-0026,68,68
sub-0026,69,69
sub-0026,70,70
sub-0026,71,71
sub-0026,72,72
sub-0026,73,73
sub-0026,74,74
sub-0026,75,75
sub-0026,76,76
sub-0026,77,77
sub-0026,78,78
sub-0026,79,79
sub-0026,80,80
sub-0026,81,81
sub-0026,82,82
sub-0026,83,83
sub-0026,84,84
sub-0026,85,85
sub-0026,86,86
sub-0026,87,87
sub-0026,88,88
sub-0026,89,89
sub-0026,90,90
sub-0026,91,91
sub-0026,92,92
sub-0026,93,94
sub-0026,94,94
sub-0026,95,95
sub-0026,96,96
sub-0026,97,97
sub-0026,98,98
sub-0026,99,150
sub-0026,100,100
sub-0026,101,101
sub-0026,102,102
sub-0026,103,103
sub-0026,104,104
sub-0026,105,105
sub-0026,106,106
sub-0026,107,107
sub-0026,108,108
sub-0026,109,109
sub-0026,110,110
sub-0026,111,111
sub-0026,112,112
sub-0026,113,113
sub-0026,114,114
sub-0026,115,115
sub-0026,116,115
sub-0026,117,117
sub-0026,118,118
sub-0026,119,119
sub-0026,120,120
sub-0026,121,121
sub-0026,122,122
sub-0026,123,0
sub-0026,124,199
sub-0026,125,125
sub-0026,126,126
sub-0026,127,127
sub-0026,128,128
sub-0026,129,129
sub-0026,130,130
sub-0026,131,118
sub-0026,132,132
sub-0026,133,133
sub-0026,134,134
sub-0026,135,135
sub-0026,136,205
sub-0026,137,137
sub-0026,138,138
sub-0026,139,139
sub-0026,140,140
sub-0026,141,141
sub-0026,142,142
sub-0026,143,42
sub-0026,144,149
sub-0026,145,145
sub-0026,146,146
sub-0026,147,12
sub-0026,148,148
sub-0026,149,149
sub-0026,150,150
sub-0026,151,173
sub-0026,152,152
sub-0026,153,153
sub-0026,154,154
sub-0026,155,155
sub-0026,156,156
sub-0026,157,157
sub-0026,158,158
sub-0026,159,158
sub-0026,160,160
sub-0026,161,161
sub-0026,162,162
sub-0026,163,163
sub-0026,164,164
sub-0026,165,165
sub-0026,166,173
sub-0026,167,173
sub-0026,168,168
sub-0026,169,169
sub-0026,170,170
sub-0026,171,171
sub-0026,172,173
sub-0026,173,173
sub-0026,174,174
sub-0026,175,154
sub-0026,176,176
sub-0026,177,177
sub-0026,178,178
sub-0026,179,179
sub-0026,180,180
sub-0026,181,181
sub-0026,182,182
sub-0026,183,183
sub-0026,184,175
sub-0026,185,185
sub-0026,186,186
sub-0026,187,174
sub-0026,188,188
sub-0026,189,189
sub-0026,190,190
sub-0026,191,82
sub-0026,192,192
sub-0026,193,31
sub-0026,194,194
sub-0026,195,195
sub-0026,196,196
sub-0026,197,197
sub-0026,198,198
sub-0026,199,192
sub-0026,200,200
sub-0026,201,99
sub-0026,202,216
sub-0026,203,203
sub-0026,204,169
sub-0026,205,205
sub-0026,206,198
sub-0026,207,207
sub-0026,208,208
sub-0026,209,209
sub-0026,210,0
sub-0026,211,226
sub-0026,212,212
sub-0026,213,213
sub-0026,214,214
sub-0026,215,215
sub-0026,216,216
sub-0026,217,217
sub-0026,218,218
sub-0026,219,219
sub-0026,220,220
sub-0026,221,221
sub-0026,222,196
sub-0026,223,223
sub-0026,224,224
sub-0026,225,0
sub-0026,226,220
sub-0026,227,183
sub-0026,228,228
sub-0026,229,226
sub-0026,230,230
sub-0026,231,231
sub-0027,0,211
sub-0027,1,1
sub-0027,2,2
sub-0027,3,3
sub-0027,4,4
sub-0027,5,5
sub-0027,6,6
sub-0027,7,7
sub-0027,8,8
sub-0027,9,9
sub-0027,10,10
sub-0027,11,11
sub-0027,12,12
sub-0027,13,13
sub-0027,14,14
sub-0027,15,15
sub-0027,16,16
sub-0027,17,17
sub-0027,18,18
sub-0027,19,19
sub-0027,20,20
sub-0027,21,21
sub-0027,22,221
sub-0027,23,23
sub-0027,24,24
sub-0027,25,25
sub-0027,26,26
sub-0027,27,27
sub-0027,28,28
sub-0027,29,29
sub-0027,30,30
sub-0027,31,31
sub-0027,32,32
sub-0027,33,33
sub-0027,34,34
sub-0027,35,35
sub-0027,36,36
sub-0027,37,37
sub-0027,38,38
sub-0027,39,39
sub-0027,40,40
sub-0027,41,41
sub-0027,42,42
sub-0027,43,43
sub-0027,44,44
sub-0027,45,45
sub-0027,46,46
sub-0027,47,47
sub-0027,48,48
sub-0027,49,49
sub-0027,50,52
sub-0027,51,51
sub-0027,52,66
sub-0027,53,171
sub-0027,54,52
sub-0027,55,210
sub-0027,56,33
sub-0027,57,57
sub-0027,58,58
sub-0027,59,59
sub-0027,60,33
sub-0027,61,61
sub-0027,62,62
sub-0027,63,63
sub-0027,64,64
sub-0027,65,65
sub-0027,66,66
sub-0027,67,67
sub-0027,68,68
sub-0027,69,69
sub-0027,70,70
sub-0027,71,71
sub-0027,72,72
sub-0027,73,73
sub-0027,74,74
sub-0027,75,75
sub-0027,76,76
sub-0027,77,77
sub-0027,78,78
sub-0027,79,79
sub-0027,80,80
sub-0027,81,81
sub-0027,82,82
sub-0027,83,83
sub-0027,84,84
sub-0027,85,192
sub-0027,86,86
sub-0027,87,87
sub-0027,88,88
sub-0027,89,89
sub-0027,90,90
sub-0027,91,91
sub-0027,92,92
sub-0027,93,93
sub-0027,94,94
sub-0027,95,95
sub-0027,96,96
sub-0027,97,97
sub-0027,98,98
sub-0027,99,91
sub-0027,100,100
sub-0027,101,101
sub-0027,102,102
sub-0027,103,211
sub-0027,104,104
sub-0027,105,105
sub-0027,106,106
sub-0027,107,107
sub-0027,108,108
sub-0027,109,109
sub-0027,110,110
sub-0027,111,111
sub-0027,112,118
sub-0027,113,113
sub-0027,114,114
sub-0027,115,115
sub-0027,116,116
sub-0027,117,117
sub-0027,118,118
sub-0027,119,119
sub-0027,120,120
sub-0027,121,121
sub-0027,122,122
sub-0027,123,123
sub-0027,124,123
sub-0027,125,125
sub-0027,126,118
sub-0027,127,127
sub-0027,128,128
sub-0027,129,129
sub-0027,130,130
sub-0027,131,131
sub-0027,132,111
sub-0027,133,133
sub-0027,134,134
sub-0027,135,135
sub-0027,136,136
sub-0027,137,118
sub-0027,138,138
sub-0027,139,139
sub-0027,140,140
sub-0027,141,141
sub-0027,142,142
sub-0027,143,143
sub-0027,144,144
sub-0027,145,145
sub-0027,146,146
sub-0027,147,147
sub-0027,148,148
sub-0027,149,149
sub-0027,150,150
sub-0027,151,151
sub-0027,152,152
sub-0027,153,153
sub-0027,154,154
sub-0027,155,155
sub-0027,156,156
sub-0027,157,157
sub-0027,158,158
sub-0027,159,159
sub-0027,160,160
sub-0027,161,176
sub-0027,162,52
sub-0027,163,52
sub-0027,164,164
sub-0027,165,176
sub-0027,166,151
sub-0027,167,167
sub-0027,168,168
sub-0027,169,169
sub-0027,170,170
sub-0027,171,171
sub-0027,172,172
sub-0027,173,173
sub-0027,174,174
sub-0027,175,175
sub-0027,176,176
sub-0027,177,177
sub-0027,178,178
sub-0027,179,179
sub-0027,180,180
sub-0027,181,181
sub-0027,182,182
sub-0027,183,176
sub-0027,184,184
sub-0027,185,185
sub-0027,186,186
sub-0027,187,187
sub-0027,188,188
sub-0027,189,189
sub-0027,190,190
sub-0027,191,191
sub-0027,192,192
sub-0027,193,193
sub-0027,194,194
sub-0027,195,195
sub-0027,196,203
sub-0027,197,197
sub-0027,198,198
sub-0027,199,199
sub-0027,200,200
sub-0027,201,224
sub-0027,202,99
sub-0027,203,203
sub-0027,204,205
sub-0027,205,205
sub-0027,206,206
sub-0027,207,207
sub-0027,208,208
sub-0027,209,209
sub-0027,210,211
sub-0027,211,52
sub-0027,212,212
sub-0027,213,223
sub-0027,214,214
sub-0027,215,215
sub-0027,216,216
sub-0027,217,187
sub-0027,218,10
sub-0027,219,219
sub-0027,220,205
sub-0027,221,221
sub-0027,222,222
sub-0027,223,223
sub-0027,224,225
sub-0027,225,225
sub-0027,226,211
sub-0027,227,227
sub-0027,228,209
sub-0027,229,229
sub-0027,230,225
sub-0027,231,231
sub-0028,0,209
sub-0028,1,105
sub-0028,2,2
sub-0028,3,3
sub-0028,4,4
sub-0028,5,5
sub-0028,6,6
sub-0028,7,7
sub-0028,8,109
sub-0028,9,9
sub-0028,10,10
sub-0028,11,11
sub-0028,12,12
sub-0028,13,13
sub-0028,14,14
sub-0028,15,15
sub-0028,16,16
sub-0028,17,17
sub-0028,18,18
sub-0028,19,19
sub-0028,20,20
sub-0028,21,21
sub-0028,22,22
sub-0028,23,23
sub-0028,24,24
sub-0028,25,144
sub-0028,26,26
sub-0028,27,27
sub-0028,28,28
sub-0028,29,29
sub-0028,30,30
sub-0028,31,31
sub-0028,32,32
sub-0028,33,33
sub-0028,34,34
sub-0028,35,35
sub-0028,36,36
sub-0028,37,37
sub-0028,38,38
sub-0028,39,39
sub-0028,40,40
sub-0028,41,41
sub-0028,42,42
sub-0028,43,43
sub-0028,44,44
sub-0028,45,45
sub-0028,46,46
sub-0028,47,49
sub-0028,48,48
sub-0028,49,49
sub-0028,50,170
sub-0028,51,51
sub-0028,52,52
sub-0028,53,53
sub-0028,54,52
sub-0028,55,55
sub-0028,56,56
sub-0028,57,57
sub-0028,58,58
sub-0028,59,59
sub-0028,60,60
sub-0028,61,61
sub-0028,62,82
sub-0028,63,119
sub-0028,64,85
sub-0028,65,65
sub-0028,66,66
sub-0028,67,67
sub-0028,68,66
sub-0028,69,69
sub-0028,70,70
sub-0028,71,71
sub-0028,72,72
sub-0028,73,73
sub-0028,74,74
sub-0028,75,188
sub-0028,76,186
sub-0028,77,77
sub-0028,78,78
sub-0028,79,79
sub-0028,80,80
sub-0028,81,81
sub-0028,82,82
sub-0028,83,83
sub-0028,84,84
sub-0028,85,85
sub-0028,86,86
sub-0028,87,87
sub-0028,88,88
sub-0028,89,174
sub-0028,90,187
sub-0028,91,91
sub-0028,92,92
sub-0028,93,85
sub-0028,94,94
sub-0028,95,131
sub-0028,96,186
sub-0028,97,219
sub-0028,98,98
sub-0028,99,99
sub-0028,100,100
sub-0028,101,101
sub-0028,102,102
sub-0028,103,103
sub-0028,104,104
sub-0028,105,105
sub-0028,106,106
sub-0028,107,107
sub-0028,108,108
sub-0028,109,109
sub-0028,110,110
sub-0028,111,111
sub-0028,112,112
sub-0028,113,113
sub-0028,114,114
sub-0028,115,115
sub-0028,116,116
sub-0028,117,117
sub-0028,118,118
sub-0028,119,14
sub-0028,120,27
sub-0028,121,121
sub-0028,122,122
sub-0028,123,123
sub-0028,124,124
sub-0028,125,125
sub-0028,126,126
sub-0028,127,205
sub-0028,128,128
sub-0028,129,129
sub-0028,130,130
sub-0028,131,131
sub-0028,132,132
sub-0028,133,133
sub-0028,134,134
sub-0028,135,135
sub-0028,136,136
sub-0028,137,137
sub-0028,138,138
sub-0028,139,139
sub-0028,140,140
sub-0028,141,141
sub-0028,142,142
sub-0028,143,143
sub-0028,144,144
sub-0028,145,145
sub-0028,146,146
sub-0028,147,147
sub-0028,148,148
sub-0028,149,149
sub-0028,150,150
sub-0028,151,151
sub-0028,152,152
sub-0028,153,153
sub-0028,154,154
sub-0028,155,155
sub-0028,156,156
sub-0028,157,157
sub-0028,158,158
sub-0028,159,159
sub-0028,160,160
sub-0028,161,161
sub-0028,162,162
sub-0028,163,163
sub-0028,164,164
sub-0028,165,148
sub-0028,166,166
sub-0028,167,48
sub-0028,168,143
sub-0028,169,65
sub-0028,170,170
sub-0028,171,171
sub-0028,172,172
sub-0028,173,177
sub-0028,174,174
sub-0028,175,175
sub-0028,176,176
sub-0028,177,177
sub-0028,178,178
sub-0028,179,179
sub-0028,180,180
sub-0028,181,181
sub-0028,182,182
sub-0028,183,183
sub-0028,184,170
sub-0028,185,81
sub-0028,186,186
sub-0028,187,225
sub-0028,188,188
sub-0028,189,189
sub-0028,190,190
sub-0028,191,191
sub-0028,192,186
sub-0028,193,193
sub-0028,194,194
sub-0028,195,195
sub-0028,196,196
sub-0028,197,197
sub-0028,198,173
sub-0028,199,143
sub-0028,200,218
sub-0028,201,201
sub-0028,202,99
sub-0028,203,218
sub-0028,204,204
sub-0028,205,205
sub-0028,206,206
sub-0028,207,207
sub-0028,208,208
sub-0028,209,209
sub-0028,210,205
sub-0028,211,187
sub-0028,212,212
sub-0028,213,213
sub-0028,214,214
sub-0028,215,215
sub-0028,216,216
sub-0028,217,217
sub-0028,218,218
sub-0028,219,219
sub-0028,220,220
sub-0028,221,205
sub-0028,222,222
sub-0028,223,223
sub-0028,224,224
sub-0028,225,225
sub-0028,226,226
sub-0028,227,226
sub-0028,228,228
sub-0028,229,229
sub-0028,230,230
sub-0028,231,209
sub-0029,0,163
sub-0029,1,1
sub-0029,2,2
sub-0029,3,3
sub-0029,4,4
sub-0029,5,5
sub-0029,6,6
sub-0029,7,7
sub-0029,8,8
sub-0029,9,9
sub-0029,10,10
sub-0029,11,11
sub-0029,12,12
sub-0029,13,13
sub-0029,14,14
sub-0029,15,15
sub-0029,16,16
sub-0029,17,17
sub-0029,18,18
sub-0029,19,19
sub-0029,20,20
sub-0029,21,21
sub-0029,22,22
sub-0029,23,23
sub-0029,24,24
sub-0029,25,20
sub-0029,26,26
sub-0029,27,27
sub-0029,28,28
sub-0029,29,29
sub-0029,30,30
sub-0029,31,104
sub-0029,32,32
sub-0029,33,38
sub-0029,34,34
sub-0029,35,35
sub-0029,36,36
sub-0029,37,37
sub-0029,38,61
sub-0029,39,39
sub-0029,40,40
sub-0029,41,41
sub-0029,42,146
sub-0029,43,43
sub-0029,44,44
sub-0029,45,45
sub-0029,46,86
sub-0029,47,90
sub-0029,48,48
sub-0029,49,49
sub-0029,50,50
sub-0029,51,51
sub-0029,52,52
sub-0029,53,53
sub-0029,54,83
sub-0029,55,55
sub-0029,56,56
sub-0029,57,57
sub-0029,58,58
sub-0029,59,33
sub-0029,60,60
sub-0029,61,61
sub-0029,62,62
sub-0029,63,63
sub-0029,64,61
sub-0029,65,65
sub-0029,66,66
sub-0029,67,67
sub-0029,68,68
sub-0029,69,69
sub-0029,70,70
sub-0029,71,71
sub-0029,72,72
sub-0029,73,73
sub-0029,74,74
sub-0029,75,75
sub-0029,76,76
sub-0029,77,77
sub-0029,78,78
sub-0029,79,79
sub-0029,80,80
sub-0029,81,81
sub-0029,82,82
sub-0029,83,83
sub-0029,84,91
sub-0029,85,85
sub-0029,86,86
sub-0029,87,87
sub-0029,88,88
sub-0029,89,89
sub-0029,90,90
sub-0029,91,91
sub-0029,92,97
sub-0029,93,93
sub-0029,94,94
sub-0029,95,95
sub-0029,96,96
sub-0029,97,97
sub-0029,98,98
sub-0029,99,99
sub-0029,100,100
sub-0029,101,101
sub-0029,102,102
sub-0029,103,103
sub-0029,104,104
sub-0029,105,105
sub-0029,106,106
sub-0029,107,107
sub-0029,108,108
sub-0029,109,109
sub-0029,110,110
sub-0029,111,111
sub-0029,112,112
sub-0029,113,212
sub-0029,114,114
sub-0029,115,115
sub-0029,116,116
sub-0029,117,117
sub-0029,118,137
sub-0029,119,119
sub-0029,120,120
sub-0029,121,121
sub-0029,122,122
sub-0029,123,123
sub-0029,124,124
sub-0029,125,125
sub-0029,126,126
sub-0029,127,127
sub-0029,128,128
sub-0029,129,129
sub-0029,130,130
sub-0029,131,131
sub-0029,132,132
sub-0029,133,104
sub-0029,134,134
sub-0029,135,135
sub-0029,136,136
sub-0029,137,137
sub-0029,138,138
sub-0029,139,139
sub-0029,140,140
sub-0029,141,141
sub-0029,142,142
sub-0029,143,143
sub-0029,144,144
sub-0029,145,145
sub-0029,146,146
sub-0029,147,147
sub-0029,148,148
sub-0029,149,149
sub-0029,150,192
sub-0029,151,151
sub-0029,152,178
sub-0029,153,153
sub-0029,154,154
sub-0029,155,178
sub-0029,156,156
sub-0029,157,157
sub-0029,158,158
sub-0029,159,176
sub-0029,160,160
sub-0029,161,174
sub-0029,162,162
sub-0029,163,163
sub-0029,164,164
sub-0029,165,165
sub-0029,166,166
sub-0029,167,198
sub-0029,168,168
sub-0029,169,169
sub-0029,170,170
sub-0029,171,171
sub-0029,172,172
sub-0029,173,173
sub-0029,174,174
sub-0029,175,175
sub-0029,176,176
sub-0029,177,177
sub-0029,178,178
sub-0029,179,179
sub-0029,180,180
sub-0029,181,181
sub-0029,182,182
sub-0029,183,183
sub-0029,184,184
sub-0029,185,185
sub-0029,186,186
sub-0029,187,92
sub-0029,188,188
sub-0029,189,189
sub-0029,190,82
sub-0029,191,191
sub-0029,192,192
sub-0029,193,193
sub-0029,194,194
sub-0029,195,195
sub-0029,196,131
sub-0029,197,198
sub-0029,198,38
sub-0029,199,199
sub-0029,200,200
sub-0029,201,201
sub-0029,202,202
sub-0029,203,203
sub-0029,204,204
sub-0029,205,205
sub-0029,206,206
sub-0029,207,207
sub-0029,208,55
sub-0029,209,209
sub-0029,210,207
sub-0029,211,228
sub-0029,212,212
sub-0029,213,213
sub-0029,214,214
sub-0029,215,215
sub-0029,216,216
sub-0029,217,217
sub-0029,218,218
sub-0029,219,202
sub-0029,220,220
sub-0029,221,221
sub-0029,222,222
sub-0029,223,223
sub-0029,224,50
sub-0029,225,211
sub-0029,226,192
sub-0029,227,227
sub-0029,228,228
sub-0029,229,229
sub-0029,230,230
sub-0029,231,231
sub-0030,0,0
sub-0030,1,1
sub-0030,2,2
sub-0030,3,3
sub-0030,4,4
sub-0030,5,5
sub-0030,6,195
sub-0030,7,195
sub-0030,8,220
sub-0030,9,9
sub-0030,10,10
sub-0030,11,11
sub-0030,12,12
sub-0030,13,13
sub-0030,14,14
sub-0030,15,15
sub-0030,16,16
sub-0030,17,17
sub-0030,18,18
sub-0030,19,19
sub-0030,20,197
sub-0030,21,21
sub-0030,22,22
sub-0030,23,23
sub-0030,24,24
sub-0030,25,25
sub-0030,26,26
sub-0030,27,12
sub-0030,28,28
sub-0030,29,171
sub-0030,30,30
sub-0030,31,31
sub-0030,32,32
sub-0030,33,33
sub-0030,34,34
sub-0030,35,35
sub-0030,36,36
sub-0030,37,37
sub-0030,38,12
sub-0030,39,39
sub-0030,40,40
sub-0030,41,41
sub-0030,42,42
sub-0030,43,43
sub-0030,44,44
sub-0030,45,45
sub-0030,46,46
sub-0030,47,47
sub-0030,48,48
sub-0030,49,49
sub-0030,50,50
sub-0030,51,51
sub-0030,52,52
sub-0030,53,53
sub-0030,54,204
sub-0030,55,147
sub-0030,56,66
sub-0030,57,57
sub-0030,58,58
sub-0030,59,59
sub-0030,60,60
sub-0030,61,61
sub-0030,62,62
sub-0030,63,147
sub-0030,64,64
sub-0030,65,65
sub-0030,66,66
sub-0030,67,67
sub-0030,68,68
sub-0030,69,69
sub-0030,70,151
sub-0030,71,182
sub-0030,72,140
sub-0030,73,73
sub-0030,74,74
sub-0030,75,67
sub-0030,76,76
sub-0030,77,77
sub-0030,78,78
sub-0030,79,79
sub-0030,80,80
sub-0030,81,81
sub-0030,82,203
sub-0030,83,83
sub-0030,84,200
sub-0030,85,196
sub-0030,86,86
sub-0030,87,87
sub-0030,88,88
sub-0030,89,89
sub-0030,90,90
sub-0030,91,91
sub-0030,92,92
sub-0030,93,93
sub-0030,94,94
sub-0030,95,95
sub-0030,96,96
sub-0030,97,97
sub-0030,98,98
sub-0030,99,99
sub-0030,100,100
sub-0030,101,54
sub-0030,102,102
sub-0030,103,103
sub-0030,104,104
sub-0030,105,105
sub-0030,106,106
sub-0030,107,107
sub-0030,108,108
sub-0030,109,7
sub-0030,110,110
sub-0030,111,195
sub-0030,112,209
sub-0030,113,113
sub-0030,114,114
sub-0030,115,115
sub-0030,116,140
sub-0030,117,117
sub-0030,118,209
sub-0030,119,119
sub-0030,120,12
sub-0030,121,121
sub-0030,122,122
sub-0030,123,123
sub-0030,124,124
sub-0030,125,125
sub-0030,126,126
sub-0030,127,127
sub-0030,128,128
sub-0030,129,129
sub-0030,130,130
sub-0030,131,131
sub-0030,132,132
sub-0030,133,133
sub-0030,134,134
sub-0030,135,164
sub-0030,136,136
sub-0030,137,43
sub-0030,138,138
sub-0030,139,139
sub-0030,140,43
sub-0030,141,141
sub-0030,142,147
sub-0030,143,221
sub-0030,144,23
sub-0030,145,145
sub-0030,146,146
sub-0030,147,147
sub-0030,148,148
sub-0030,149,149
sub-0030,150,150
sub-0030,151,151
sub-0030,152,152
sub-0030,153,212
sub-0030,154,154
sub-0030,155,155
sub-0030,156,156
sub-0030,157,157
sub-0030,158,158
sub-0030,159,159
sub-0030,160,160
sub-0030,161,161
sub-0030,162,162
sub-0030,163,163
sub-0030,164,164
sub-0030,165,164
sub-0030,166,166
sub-0030,167,44
sub-0030,168,168
sub-0030,169,169
sub-0030,170,51
sub-0030,171,171
sub-0030,172,172
sub-0030,173,173
sub-0030,174,174
sub-0030,175,175
sub-0030,176,176
sub-0030,177,164
sub-0030,178,178
sub-0030,179,179
sub-0030,180,180
sub-0030,181,181
sub-0030,182,182
sub-0030,183,183
sub-0030,184,184
sub-0030,185,185
sub-0030,186,186
sub-0030,187,225
sub-0030,188,188
sub-0030,189,189
sub-0030,190,158
sub-0030,191,178
sub-0030,192,48
sub-0030,193,193
sub-0030,194,194
sub-0030,195,195
sub-0030,196,196
sub-0030,197,197
sub-0030,198,198
sub-0030,199,199
sub-0030,200,54
sub-0030,201,201
sub-0030,202,162
sub-0030,203,156
sub-0030,204,207
sub-0030,205,12
sub-0030,206,206
sub-0030,207,207
sub-0030,208,208
sub-0030,209,209
sub-0030,210,223
sub-0030,211,223
sub-0030,212,212
sub-0030,213,213
sub-0030,214,214
sub-0030,215,215
sub-0030,216,203
sub-0030,217,217
sub-0030,218,218
sub-0030,219,219
sub-0030,220,12
sub-0030,221,221
sub-0030,222,222
sub-0030,223,223
sub-0030,224,224
sub-0030,225,225
sub-0030,226,221
sub-0030,227,207
sub-0030,228,228
sub-0030,229,229
sub-0030,230,230
sub-0030,231,231
sub-0031,0,103
sub-0031,1,1
sub-0031,2,2
sub-0031,3,0
sub-0031,4,4
sub-0031,5,5
sub-0031,6,6
sub-0031,7,7
sub-0031,8,8
sub-0031,9,9
sub-0031,10,10
sub-0031,11,11
sub-0031,12,12
sub-0031,13,13
sub-0031,14,14
sub-0031,15,13
sub-0031,16,16
sub-0031,17,17
sub-0031,18,18
sub-0031,19,19
sub-0031,20,20
sub-0031,21,21
sub-0031,22,22
sub-0031,23,23
sub-0031,24,99
sub-0031,25,25
sub-0031,26,26
sub-0031,27,18
sub-0031,28,171
sub-0031,29,29
sub-0031,30,30
sub-0031,31,133
sub-0031,32,32
sub-0031,33,209
sub-0031,34,34
sub-0031,35,35
sub-0031,36,36
sub-0031,37,37
sub-0031,38,138
sub-0031,39,39
sub-0031,40,40
sub-0031,41,144
sub-0031,42,56
sub-0031,43,43
sub-0031,44,44
sub-0031,45,214
sub-0031,46,46
sub-0031,47,47
sub-0031,48,49
sub-0031,49,49
sub-0031,50,50
sub-0031,51,51
sub-0031,52,52
sub-0031,53,53
sub-0031,54,54
sub-0031,55,55
sub-0031,56,138
sub-0031,57,57
sub-0031,58,58
sub-0031,59,59
sub-0031,60,60
sub-0031,61,67
sub-0031,62,62
sub-0031,63,67
sub-0031,64,64
sub-0031,65,69
sub-0031,66,66
sub-0031,67,67
sub-0031,68,68
sub-0031,69,69
sub-0031,70,70
sub-0031,71,71
sub-0031,72,72
sub-0031,73,73
sub-0031,74,74
sub-0031,75,66
sub-0031,76,86
sub-0031,77,86
sub-0031,78,78
sub-0031,79,79
sub-0031,80,80
sub-0031,81,81
sub-0031,82,82
sub-0031,83,83
sub-0031,84,84
sub-0031,85,85
sub-0031,86,86
sub-0031,87,87
sub-0031,88,88
sub-0031,89,89
sub-0031,90,90
sub-0031,91,91
sub-0031,92,82
sub-0031,93,93
sub-0031,94,94
sub-0031,95,138
sub-0031,96,96
sub-0031,97,97
sub-0031,98,98
sub-0031,99,99
sub-0031,100,100
sub-0031,101,101
sub-0031,102,102
sub-0031,103,103
sub-0031,104,104
sub-0031,105,105
sub-0031,106,106
sub-0031,107,107
sub-0031,108,108
sub-0031,109,109
sub-0031,110,110
sub-0031,111,111
sub-0031,112,112
sub-0031,113,18
sub-0031,114,114
sub-0031,115,115
sub-0031,116,116
sub-0031,117,117
sub-0031,118,118
sub-0031,119,119
sub-0031,120,120
sub-0031,121,121
sub-0031,122,122
sub-0031,123,123
sub-0031,124,124
sub-0031,125,125
sub-0031,126,126
sub-0031,127,127
sub-0031,128,128
sub-0031,129,129
sub-0031,130,130
sub-0031,131,131
sub-0031,132,138
sub-0031,133,133
sub-0031,134,134
sub-0031,135,135
sub-0031,136,136
sub-0031,137,137
sub-0031,138,138
sub-0031,139,139
sub-0031,140,60
sub-0031,141,141
sub-0031,142,147
sub-0031,143,143
sub-0031,144,144
sub-0031,145,145
sub-0031,146,149
sub-0031,147,147
sub-0031,148,148
sub-0031,149,149
sub-0031,150,150
sub-0031,151,151
sub-0031,152,152
sub-0031,153,153
sub-0031,154,154
sub-0031,155,155
sub-0031,156,156
sub-0031,157,153
sub-0031,158,158
sub-0031,159,159
sub-0031,160,160
sub-0031,161,161
sub-0031,162,201
sub-0031,163,219
sub-0031,164,164
sub-0031,165,165
sub-0031,166,166
sub-0031,167,173
sub-0031,168,168
sub-0031,169,69
sub-0031,170,85
sub-0031,171,138
sub-0031,172,172
sub-0031,173,173
sub-0031,174,174
sub-0031,175,175
sub-0031,176,176
sub-0031,177,177
sub-0031,178,178
sub-0031,179,69
sub-0031,180,138
sub-0031,181,181
sub-0031,182,182
sub-0031,183,183
sub-0031,184,60
sub-0031,185,99
sub-0031,186,186
sub-0031,187,187
sub-0031,188,188
sub-0031,189,69
sub-0031,190,190
sub-0031,191,191
sub-0031,192,192
sub-0031,193,99
sub-0031,194,194
sub-0031,195,195
sub-0031,196,85
sub-0031,197,197
sub-0031,198,198
sub-0031,199,199
sub-0031,200,200
sub-0031,201,201
sub-0031,202,202
sub-0031,203,203
sub-0031,204,204
sub-0031,205,205
sub-0031,206,220
sub-0031,207,207
sub-0031,208,209
sub-0031,209,209
sub-0031,210,60
sub-0031,211,157
sub-0031,212,212
sub-0031,213,213
sub-0031,214,214
sub-0031,215,215
sub-0031,216,216
sub-0031,217,217
sub-0031,218,218
sub-0031,219,219
sub-0031,220,220
sub-0031,221,224
sub-0031,222,222
sub-0031,223,223
sub-0031,224,209
sub-0031,225,225
sub-0031,226,99
sub-0031,227,211
sub-0031,228,228
sub-0031,229,213
sub-0031,230,230
sub-0031,231,214
sub-0033,0,0
sub-0033,1,1
sub-0033,2,2
sub-0033,3,3
sub-0033,4,4
sub-0033,5,5
sub-0033,6,6
sub-0033,7,7
sub-0033,8,107
sub-0033,9,9
sub-0033,10,10
sub-0033,11,11
sub-0033,12,12
sub-0033,13,16
sub-0033,14,14
sub-0033,15,12
sub-0033,16,16
sub-0033,17,17
sub-0033,18,18
sub-0033,19,19
sub-0033,20,20
sub-0033,21,21
sub-0033,22,22
sub-0033,23,23
sub-0033,24,24
sub-0033,25,25
sub-0033,26,26
sub-0033,27,27
sub-0033,28,28
sub-0033,29,29
sub-0033,30,30
sub-0033,31,31
sub-0033,32,32
sub-0033,33,33
sub-0033,34,34
sub-0033,35,35
sub-0033,36,36
sub-0033,37,37
sub-0033,38,38
sub-0033,39,39
sub-0033,40,40
sub-0033,41,41
sub-0033,42,40
sub-0033,43,43
sub-0033,44,44
sub-0033,45,147
sub-0033,46,40
sub-0033,47,47
sub-0033,48,48
sub-0033,49,49
sub-0033,50,92
sub-0033,51,83
sub-0033,52,52
sub-0033,53,53
sub-0033,54,52
sub-0033,55,196
sub-0033,56,56
sub-0033,57,57
sub-0033,58,58
sub-0033,59,59
sub-0033,60,75
sub-0033,61,164
sub-0033,62,62
sub-0033,63,63
sub-0033,64,64
sub-0033,65,65
sub-0033,66,66
sub-0033,67,67
sub-0033,68,164
sub-0033,69,69
sub-0033,70,175
sub-0033,71,71
sub-0033,72,72
sub-0033,73,73
sub-0033,74,74
sub-0033,75,81
sub-0033,76,76
sub-0033,77,77
sub-0033,78,78
sub-0033,79,79
sub-0033,80,80
sub-0033,81,81
sub-0033,82,83
sub-0033,83,83
sub-0033,84,79
sub-0033,85,85
sub-0033,86,86
sub-0033,87,87
sub-0033,88,88
sub-0033,89,89
sub-0033,90,90
sub-0033,91,91
sub-0033,92,92
sub-0033,93,93
sub-0033,94,94
sub-0033,95,95
sub-0033,96,96
sub-0033,97,97
sub-0033,98,98
sub-0033,99,99
sub-0033,100,100
sub-0033,101,101
sub-0033,102,102
sub-0033,103,103
sub-0033,104,104
sub-0033,105,105
sub-0033,106,106
sub-0033,107,107
sub-0033,108,108
sub-0033,109,109
sub-0033,110,110
sub-0033,111,111
sub-0033,112,112
sub-0033,113,113
sub-0033,114,114
sub-0033,115,18
sub-0033,116,116
sub-0033,117,117
sub-0033,118,118
sub-0033,119,140
sub-0033,120,120
sub-0033,121,121
sub-0033,122,122
sub-0033,123,123
sub-0033,124,124
sub-0033,125,125
sub-0033,126,126
sub-0033,127,127
sub-0033,128,128
sub-0033,129,129
sub-0033,130,130
sub-0033,131,131
sub-0033,132,132
sub-0033,133,133
sub-0033,134,134
sub-0033,135,135
sub-0033,136,136
sub-0033,137,137
sub-0033,138,138
sub-0033,139,139
sub-0033,140,140
sub-0033,141,141
sub-0033,142,142
sub-0033,143,143
sub-0033,144,144
sub-0033,145,145
sub-0033,146,146
sub-0033,147,147
sub-0033,148,148
sub-0033,149,149
sub-0033,150,150
sub-0033,151,151
sub-0033,152,174
sub-0033,153,176
sub-0033,154,40
sub-0033,155,155
sub-0033,156,156
sub-0033,157,81
sub-0033,158,158
sub-0033,159,159
sub-0033,160,160
sub-0033,161,161
sub-0033,162,162
sub-0033,163,131
sub-0033,164,164
sub-0033,165,165
sub-0033,166,175
sub-0033,167,173
sub-0033,168,168
sub-0033,169,65
sub-0033,170,170
sub-0033,171,171
sub-0033,172,172
sub-0033,173,173
sub-0033,174,174
sub-0033,175,175
sub-0033,176,176
sub-0033,177,177
sub-0033,178,178
sub-0033,179,179
sub-0033,180,180
sub-0033,181,181
sub-0033,182,182
sub-0033,183,198
sub-0033,184,184
sub-0033,185,185
sub-0033,186,186
sub-0033,187,187
sub-0033,188,188
sub-0033,189,168
sub-0033,190,198
sub-0033,191,191
sub-0033,192,192
sub-0033,193,76
sub-0033,194,194
sub-0033,195,195
sub-0033,196,196
sub-0033,197,197
sub-0033,198,131
sub-0033,199,199
sub-0033,200,81
sub-0033,201,201
sub-0033,202,202
sub-0033,203,203
sub-0033,204,204
sub-0033,205,205
sub-0033,206,221
sub-0033,207,207
sub-0033,208,209
sub-0033,209,209
sub-0033,210,22
sub-0033,211,12
sub-0033,212,212
sub-0033,213,22
sub-0033,214,214
sub-0033,215,215
sub-0033,216,79
sub-0033,217,47
sub-0033,218,218
sub-0033,219,219
sub-0033,220,220
sub-0033,221,221
sub-0033,222,222
sub-0033,223,223
sub-0033,224,224
sub-0033,225,209
sub-0033,226,205
sub-0033,227,227
sub-0033,228,228
sub-0033,229,229
sub-0033,230,230
sub-0033,231,175
sub-0034,0,0
sub-0034,1,1
sub-0034,2,2
sub-0034,3,3
sub-0034,4,4
sub-0034,5,5
sub-0034,6,6
sub-0034,7,7
sub-0034,8,8
sub-0034,9,9
sub-0034,10,10
sub-0034,11,11
sub-0034,12,12
sub-0034,13,13
sub-0034,14,14
sub-0034,15,15
sub-0034,16,16
sub-0034,17,17
sub-0034,18,18
sub-0034,19,19
sub-0034,20,20
sub-0034,21,21
sub-0034,22,22
sub-0034,23,23
sub-0034,24,24
sub-0034,25,25
sub-0034,26,26
sub-0034,27,27
sub-0034,28,28
sub-0034,29,29
sub-0034,30,30
sub-0034,31,135
sub-0034,32,32
sub-0034,33,33
sub-0034,34,34
sub-0034,35,35
sub-0034,36,36
sub-0034,37,37
sub-0034,38,38
sub-0034,39,39
sub-0034,40,99
sub-0034,41,41
sub-0034,42,42
sub-0034,43,43
sub-0034,44,44
sub-0034,45,45
sub-0034,46,46
sub-0034,47,47
sub-0034,48,48
sub-0034,49,49
sub-0034,50,50
sub-0034,51,51
sub-0034,52,52
sub-0034,53,53
sub-0034,54,54
sub-0034,55,55
sub-0034,56,30
sub-0034,57,57
sub-0034,58,58
sub-0034,59,59
sub-0034,60,60
sub-0034,61,62
sub-0034,62,62
sub-0034,63,63
sub-0034,64,62
sub-0034,65,65
sub-0034,66,66
sub-0034,67,67
sub-0034,68,68
sub-0034,69,69
sub-0034,70,70
sub-0034,71,99
sub-0034,72,72
sub-0034,73,73
sub-0034,74,74
sub-0034,75,87
sub-0034,76,76
sub-0034,77,77
sub-0034,78,188
sub-0034,79,79
sub-0034,80,80
sub-0034,81,81
sub-0034,82,82
sub-0034,83,83
sub-0034,84,87
sub-0034,85,85
sub-0034,86,86
sub-0034,87,87
sub-0034,88,88
sub-0034,89,89
sub-0034,90,90
sub-0034,91,91
sub-0034,92,50
sub-0034,93,93
sub-0034,94,94
sub-0034,95,95
sub-0034,96,96
sub-0034,97,99
sub-0034,98,98
sub-0034,99,99
sub-0034,100,100
sub-0034,101,101
sub-0034,102,102
sub-0034,103,103
sub-0034,104,104
sub-0034,105,105
sub-0034,106,106
sub-0034,107,107
sub-0034,108,108
sub-0034,109,109
sub-0034,110,110
sub-0034,111,111
sub-0034,112,112
sub-0034,113,113
sub-0034,114,118
sub-0034,115,115
sub-0034,116,116
sub-0034,117,117
sub-0034,118,118
sub-0034,119,119
sub-0034,120,120
sub-0034,121,121
sub-0034,122,120
sub-0034,123,123
sub-0034,124,124
sub-0034,125,125
sub-0034,126,128
sub-0034,127,127
sub-0034,128,128
sub-0034,129,129
sub-0034,130,130
sub-0034,131,199
sub-0034,132,5
sub-0034,133,133
sub-0034,134,134
sub-0034,135,135
sub-0034,136,65
sub-0034,137,137
sub-0034,138,138
sub-0034,139,139
sub-0034,140,140
sub-0034,141,128
sub-0034,142,142
sub-0034,143,143
sub-0034,144,24
sub-0034,145,145
sub-0034,146,146
sub-0034,147,147
sub-0034,148,148
sub-0034,149,149
sub-0034,150,150
sub-0034,151,176
sub-0034,152,178
sub-0034,153,153
sub-0034,154,154
sub-0034,155,86
sub-0034,156,156
sub-0034,157,157
sub-0034,158,158
sub-0034,159,159
sub-0034,160,99
sub-0034,161,161
sub-0034,162,162
sub-0034,163,163
sub-0034,164,164
sub-0034,165,165
sub-0034,166,166
sub-0034,167,154
sub-0034,168,168
sub-0034,169,169
sub-0034,170,170
sub-0034,171,171
sub-0034,172,172
sub-0034,173,173
sub-0034,174,174
sub-0034,175,175
sub-0034,176,176
sub-0034,177,174
sub-0034,178,191
sub-0034,179,188
sub-0034,180,180
sub-0034,181,181
sub-0034,182,47
sub-0034,183,183
sub-0034,184,184
sub-0034,185,185
sub-0034,186,186
sub-0034,187,187
sub-0034,188,188
sub-0034,189,189
sub-0034,190,188
sub-0034,191,191
sub-0034,192,157
sub-0034,193,193
sub-0034,194,194
sub-0034,195,195
sub-0034,196,196
sub-0034,197,99
sub-0034,198,198
sub-0034,199,199
sub-0034,200,200
sub-0034,201,156
sub-0034,202,218
sub-0034,203,156
sub-0034,204,204
sub-0034,205,205
sub-0034,206,206
sub-0034,207,207
sub-0034,208,208
sub-0034,209,209
sub-0034,210,8
sub-0034,211,187
sub-0034,212,212
sub-0034,213,213
sub-0034,214,214
sub-0034,215,215
sub-0034,216,216
sub-0034,217,210
sub-0034,218,218
sub-0034,219,219
sub-0034,220,220
sub-0034,221,221
sub-0034,222,222
sub-0034,223,223
sub-0034,224,171
sub-0034,225,224
sub-0034,226,161
sub-0034,227,70
sub-0034,228,228
sub-0034,229,99
sub-0034,230,230
sub-0034,231,231
sub-0035,0,0
sub-0035,1,1
sub-0035,2,2
sub-0035,3,3
sub-0035,4,4
sub-0035,5,5
sub-0035,6,6
sub-0035,7,7
sub-0035,8,8
sub-0035,9,9
sub-0035,10,10
sub-0035,11,11
sub-0035,12,22
sub-0035,13,13
sub-0035,14,8
sub-0035,15,15
sub-0035,16,16
sub-0035,17,17
sub-0035,18,18
sub-0035,19,19
sub-0035,20,124
sub-0035,21,21
sub-0035,22,22
sub-0035,23,23
sub-0035,24,197
sub-0035,25,25
sub-0035,26,200
sub-0035,27,27
sub-0035,28,28
sub-0035,29,29
sub-0035,30,30
sub-0035,31,31
sub-0035,32,32
sub-0035,33,33
sub-0035,34,34
sub-0035,35,35
sub-0035,36,36
sub-0035,37,37
sub-0035,38,31
sub-0035,39,39
sub-0035,40,40
sub-0035,41,41
sub-0035,42,221
sub-0035,43,43
sub-0035,44,44
sub-0035,45,45
sub-0035,46,46
sub-0035,47,47
sub-0035,48,48
sub-0035,49,49
sub-0035,50,50
sub-0035,51,92
sub-0035,52,28
sub-0035,53,53
sub-0035,54,54
sub-0035,55,55
sub-0035,56,56
sub-0035,57,57
sub-0035,58,58
sub-0035,59,28
sub-0035,60,60
sub-0035,61,61
sub-0035,62,62
sub-0035,63,63
sub-0035,64,152
sub-0035,65,65
sub-0035,66,219
sub-0035,67,67
sub-0035,68,68
sub-0035,69,69
sub-0035,70,152
sub-0035,71,71
sub-0035,72,72
sub-0035,73,73
sub-0035,74,66
sub-0035,75,75
sub-0035,76,76
sub-0035,77,72
sub-0035,78,183
sub-0035,79,79
sub-0035,80,80
sub-0035,81,81
sub-0035,82,82
sub-0035,83,83
sub-0035,84,84
sub-0035,85,89
sub-0035,86,86
sub-0035,87,51
sub-0035,88,88
sub-0035,89,89
sub-0035,90,90
sub-0035,91,90
sub-0035,92,28
sub-0035,93,93
sub-0035,94,89
sub-0035,95,95
sub-0035,96,96
sub-0035,97,97
sub-0035,98,198
sub-0035,99,72
sub-0035,100,100
sub-0035,101,28
sub-0035,102,102
sub-0035,103,103
sub-0035,104,104
sub-0035,105,105
sub-0035,106,106
sub-0035,107,107
sub-0035,108,108
sub-0035,109,109
sub-0035,110,110
sub-0035,111,111
sub-0035,112,112
sub-0035,113,113
sub-0035,114,22
sub-0035,115,115
sub-0035,116,124
sub-0035,117,117
sub-0035,118,118
sub-0035,119,119
sub-0035,120,120
sub-0035,121,121
sub-0035,122,122
sub-0035,123,123
sub-0035,124,124
sub-0035,125,125
sub-0035,126,126
sub-0035,127,22
sub-0035,128,128
sub-0035,129,129
sub-0035,130,130
sub-0035,131,131
sub-0035,132,132
sub-0035,133,133
sub-0035,134,150
sub-0035,135,135
sub-0035,136,207
sub-0035,137,137
sub-0035,138,138
sub-0035,139,139
sub-0035,140,199
sub-0035,141,152
sub-0035,142,131
sub-0035,143,65
sub-0035,144,124
sub-0035,145,145
sub-0035,146,146
sub-0035,147,205
sub-0035,148,148
sub-0035,149,149
sub-0035,150,178
sub-0035,151,151
sub-0035,152,152
sub-0035,153,152
sub-0035,154,154
sub-0035,155,155
sub-0035,156,156
sub-0035,157,178
sub-0035,158,158
sub-0035,159,159
sub-0035,160,216
sub-0035,161,171
sub-0035,162,162
sub-0035,163,163
sub-0035,164,164
sub-0035,165,165
sub-0035,166,166
sub-0035,167,173
sub-0035,168,168
sub-0035,169,169
sub-0035,170,170
sub-0035,171,171
sub-0035,172,172
sub-0035,173,173
sub-0035,174,174
sub-0035,175,175
sub-0035,176,176
sub-0035,177,177
sub-0035,178,178
sub-0035,179,179
sub-0035,180,180
sub-0035,181,181
sub-0035,182,182
sub-0035,183,183
sub-0035,184,184
sub-0035,185,185
sub-0035,186,47
sub-0035,187,187
sub-0035,188,188
sub-0035,189,189
sub-0035,190,189
sub-0035,191,152
sub-0035,192,192
sub-0035,193,193
sub-0035,194,194
sub-0035,195,195
sub-0035,196,199
sub-0035,197,197
sub-0035,198,198
sub-0035,199,199
sub-0035,200,200
sub-0035,201,201
sub-0035,202,28
sub-0035,203,203
sub-0035,204,204
sub-0035,205,205
sub-0035,206,206
sub-0035,207,207
sub-0035,208,208
sub-0035,209,209
sub-0035,210,196
sub-0035,211,211
sub-0035,212,212
sub-0035,213,213
sub-0035,214,178
sub-0035,215,178
sub-0035,216,216
sub-0035,217,217
sub-0035,218,218
sub-0035,219,219
sub-0035,220,220
sub-0035,221,221
sub-0035,222,222
sub-0035,223,223
sub-0035,224,224
sub-0035,225,225
sub-0035,226,226
sub-0035,227,225
sub-0035,228,228
sub-0035,229,229
sub-0035,230,230
sub-0035,231,231
sub-0036,0,101
sub-0036,1,1
sub-0036,2,2
sub-0036,3,3
sub-0036,4,4
sub-0036,5,5
sub-0036,6,6
sub-0036,7,112
sub-0036,8,8
sub-0036,9,9
sub-0036,10,10
sub-0036,11,11
sub-0036,12,112
sub-0036,13,13
sub-0036,14,14
sub-0036,15,139
sub-0036,16,16
sub-0036,17,17
sub-0036,18,18
sub-0036,19,19
sub-0036,20,20
sub-0036,21,21
sub-0036,22,22
sub-0036,23,139
sub-0036,24,24
sub-0036,25,25
sub-0036,26,26
sub-0036,27,224
sub-0036,28,28
sub-0036,29,29
sub-0036,30,30
sub-0036,31,31
sub-0036,32,32
sub-0036,33,33
sub-0036,34,34
sub-0036,35,35
sub-0036,36,36
sub-0036,37,37
sub-0036,38,38
sub-0036,39,39
sub-0036,40,20
sub-0036,41,41
sub-0036,42,42
sub-0036,43,43
sub-0036,44,44
sub-0036,45,45
sub-0036,46,46
sub-0036,47,47
sub-0036,48,48
sub-0036,49,49
sub-0036,50,89
sub-0036,51,51
sub-0036,52,97
sub-0036,53,221
sub-0036,54,226
sub-0036,55,55
sub-0036,56,37
sub-0036,57,57
sub-0036,58,58
sub-0036,59,164
sub-0036,60,60
sub-0036,61,61
sub-0036,62,62
sub-0036,63,221
sub-0036,64,64
sub-0036,65,70
sub-0036,66,95
sub-0036,67,67
sub-0036,68,68
sub-0036,69,69
sub-0036,70,70
sub-0036,71,71
sub-0036,72,72
sub-0036,73,73
sub-0036,74,74
sub-0036,75,75
sub-0036,76,76
sub-0036,77,77
sub-0036,78,78
sub-0036,79,79
sub-0036,80,80
sub-0036,81,81
sub-0036,82,82
sub-0036,83,83
sub-0036,84,84
sub-0036,85,85
sub-0036,86,85
sub-0036,87,87
sub-0036,88,88
sub-0036,89,89
sub-0036,90,90
sub-0036,91,91
sub-0036,92,92
sub-0036,93,93
sub-0036,94,94
sub-0036,95,95
sub-0036,96,96
sub-0036,97,97
sub-0036,98,93
sub-0036,99,99
sub-0036,100,100
sub-0036,101,101
sub-0036,102,195
sub-0036,103,103
sub-0036,104,104
sub-0036,105,105
sub-0036,106,195
sub-0036,107,107
sub-0036,108,108
sub-0036,109,109
sub-0036,110,110
sub-0036,111,111
sub-0036,112,112
sub-0036,113,113
sub-0036,114,114
sub-0036,115,115
sub-0036,116,116
sub-0036,117,117
sub-0036,118,118
sub-0036,119,119
sub-0036,120,120
sub-0036,121,121
sub-0036,122,122
sub-0036,123,123
sub-0036,124,124
sub-0036,125,125
sub-0036,126,126
sub-0036,127,127
sub-0036,128,128
sub-0036,129,129
sub-0036,130,130
sub-0036,131,131
sub-0036,132,132
sub-0036,133,133
sub-0036,134,134
sub-0036,135,135
sub-0036,136,136
sub-0036,137,137
sub-0036,138,138
sub-0036,139,139
sub-0036,140,140
sub-0036,141,141
sub-0036,142,142
sub-0036,143,143
sub-0036,144,144
sub-0036,145,39
sub-0036,146,146
sub-0036,147,139
sub-0036,148,148
sub-0036,149,149
sub-0036,150,150
sub-0036,151,151
sub-0036,152,152
sub-0036,153,153
sub-0036,154,154
sub-0036,155,155
sub-0036,156,156
sub-0036,157,157
sub-0036,158,158
sub-0036,159,159
sub-0036,160,221
sub-0036,161,225
sub-0036,162,171
sub-0036,163,163
sub-0036,164,164
sub-0036,165,165
sub-0036,166,166
sub-0036,167,136
sub-0036,168,168
sub-0036,169,73
sub-0036,170,170
sub-0036,171,171
sub-0036,172,172
sub-0036,173,173
sub-0036,174,140
sub-0036,175,175
sub-0036,176,178
sub-0036,177,175
sub-0036,178,178
sub-0036,179,179
sub-0036,180,180
sub-0036,181,181
sub-0036,182,182
sub-0036,183,183
sub-0036,184,184
sub-0036,185,185
sub-0036,186,186
sub-0036,187,187
sub-0036,188,89
sub-0036,189,189
sub-0036,190,91
sub-0036,191,191
sub-0036,192,192
sub-0036,193,193
sub-0036,194,194
sub-0036,195,195
sub-0036,196,196
sub-0036,197,197
sub-0036,198,198
sub-0036,199,199
sub-0036,200,219
sub-0036,201,56
sub-0036,202,225
sub-0036,203,203
sub-0036,204,27
sub-0036,205,205
sub-0036,206,206
sub-0036,207,207
sub-0036,208,208
sub-0036,209,209
sub-0036,210,210
sub-0036,211,162
sub-0036,212,212
sub-0036,213,213
sub-0036,214,157
sub-0036,215,215
sub-0036,216,208
sub-0036,217,198
sub-0036,218,218
sub-0036,219,219
sub-0036,220,113
sub-0036,221,221
sub-0036,222,222
sub-0036,223,223
sub-0036,224,214
sub-0036,225,225
sub-0036,226,22
sub-0036,227,210
sub-0036,228,228
sub-0036,229,229
sub-0036,230,91
sub-0036,231,222
sub-0037,0,99
sub-0037,1,1
sub-0037,2,2
sub-0037,3,102
sub-0037,4,4
sub-0037,5,5
sub-0037,6,6
sub-0037,7,7
sub-0037,8,8
sub-0037,9,9
sub-0037,10,10
sub-0037,11,11
sub-0037,12,12
sub-0037,13,13
sub-0037,14,14
sub-0037,15,15
sub-0037,16,16
sub-0037,17,17
sub-0037,18,18
sub-0037,19,19
sub-0037,20,20
sub-0037,21,21
sub-0037,22,195
sub-0037,23,23
sub-0037,24,131
sub-0037,25,25
sub-0037,26,26
sub-0037,27,27
sub-0037,28,28
sub-0037,29,131
sub-0037,30,30
sub-0037,31,31
sub-0037,32,32
sub-0037,33,33
sub-0037,34,34
sub-0037,35,35
sub-0037,36,36
sub-0037,37,37
sub-0037,38,38
sub-0037,39,39
sub-0037,40,40
sub-0037,41,147
sub-0037,42,199
sub-0037,43,43
sub-0037,44,44
sub-0037,45,45
sub-0037,46,46
sub-0037,47,70
sub-0037,48,48
sub-0037,49,49
sub-0037,50,217
sub-0037,51,160
sub-0037,52,52
sub-0037,53,54
sub-0037,54,54
sub-0037,55,52
sub-0037,56,56
sub-0037,57,57
sub-0037,58,58
sub-0037,59,59
sub-0037,60,60
sub-0037,61,56
sub-0037,62,62
sub-0037,63,63
sub-0037,64,64
sub-0037,65,65
sub-0037,66,56
sub-0037,67,67
sub-0037,68,68
sub-0037,69,69
sub-0037,70,70
sub-0037,71,71
sub-0037,72,72
sub-0037,73,73
sub-0037,74,74
sub-0037,75,75
sub-0037,76,76
sub-0037,77,77
sub-0037,78,78
sub-0037,79,156
sub-0037,80,80
sub-0037,81,159
sub-0037,82,82
sub-0037,83,83
sub-0037,84,84
sub-0037,85,85
sub-0037,86,64
sub-0037,87,87
sub-0037,88,88
sub-0037,89,89
sub-0037,90,90
sub-0037,91,91
sub-0037,92,92
sub-0037,93,93
sub-0037,94,94
sub-0037,95,132
sub-0037,96,96
sub-0037,97,97
sub-0037,98,151
sub-0037,99,99
sub-0037,100,100
sub-0037,101,101
sub-0037,102,102
sub-0037,103,103
sub-0037,104,104
sub-0037,105,105
sub-0037,106,106
sub-0037,107,107
sub-0037,108,108
sub-0037,109,109
sub-0037,110,110
sub-0037,111,111
sub-0037,112,112
sub-0037,113,199
sub-0037,114,114
sub-0037,115,115
sub-0037,116,116
sub-0037,117,117
sub-0037,118,118
sub-0037,119,119
sub-0037,120,120
sub-0037,121,121
sub-0037,122,122
sub-0037,123,131
sub-0037,124,56
sub-0037,125,210
sub-0037,126,65
sub-0037,127,56
sub-0037,128,128
sub-0037,129,129
sub-0037,130,130
sub-0037,131,131
sub-0037,132,132
sub-0037,133,133
sub-0037,134,134
sub-0037,135,135
sub-0037,136,136
sub-0037,137,137
sub-0037,138,138
sub-0037,139,139
sub-0037,140,140
sub-0037,141,141
sub-0037,142,142
sub-0037,143,143
sub-0037,144,150
sub-0037,145,145
sub-0037,146,146
sub-0037,147,147
sub-0037,148,148
sub-0037,149,149
sub-0037,150,150
sub-0037,151,151
sub-0037,152,207
sub-0037,153,153
sub-0037,154,154
sub-0037,155,155
sub-0037,156,120
sub-0037,157,157
sub-0037,158,156
sub-0037,159,156
sub-0037,160,160
sub-0037,161,156
sub-0037,162,156
sub-0037,163,163
sub-0037,164,164
sub-0037,165,165
sub-0037,166,166
sub-0037,167,173
sub-0037,168,168
sub-0037,169,169
sub-0037,170,170
sub-0037,171,131
sub-0037,172,178
sub-0037,173,173
sub-0037,174,174
sub-0037,175,153
sub-0037,176,176
sub-0037,177,177
sub-0037,178,178
sub-0037,179,179
sub-0037,180,180
sub-0037,181,171
sub-0037,182,182
sub-0037,183,151
sub-0037,184,184
sub-0037,185,185
sub-0037,186,157
sub-0037,187,187
sub-0037,188,188
sub-0037,189,176
sub-0037,190,190
sub-0037,191,191
sub-0037,192,192
sub-0037,193,193
sub-0037,194,194
sub-0037,195,195
sub-0037,196,83
sub-0037,197,168
sub-0037,198,198
sub-0037,199,199
sub-0037,200,200
sub-0037,201,202
sub-0037,202,8
sub-0037,203,156
sub-0037,204,204
sub-0037,205,210
sub-0037,206,207
sub-0037,207,207
sub-0037,208,208
sub-0037,209,209
sub-0037,210,207
sub-0037,211,33
sub-0037,212,153
sub-0037,213,131
sub-0037,214,153
sub-0037,215,153
sub-0037,216,217
sub-0037,217,217
sub-0037,218,218
sub-0037,219,219
sub-0037,220,143
sub-0037,221,52
sub-0037,222,207
sub-0037,223,223
sub-0037,224,224
sub-0037,225,224
sub-0037,226,156
sub-0037,227,153
sub-0037,228,228
sub-0037,229,156
sub-0037,230,168
sub-0037,231,231
sub-0038,0,2
sub-0038,1,1
sub-0038,2,2
sub-0038,3,3
sub-0038,4,33
sub-0038,5,5
sub-0038,6,6
sub-0038,7,7
sub-0038,8,8
sub-0038,9,9
sub-0038,10,10
sub-0038,11,11
sub-0038,12,115
sub-0038,13,13
sub-0038,14,14
sub-0038,15,15
sub-0038,16,16
sub-0038,17,138
sub-0038,18,18
sub-0038,19,19
sub-0038,20,16
sub-0038,21,144
sub-0038,22,22
sub-0038,23,23
sub-0038,24,199
sub-0038,25,25
sub-0038,26,26
sub-0038,27,27
sub-0038,28,28
sub-0038,29,29
sub-0038,30,30
sub-0038,31,31
sub-0038,32,32
sub-0038,33,33
sub-0038,34,34
sub-0038,35,35
sub-0038,36,36
sub-0038,37,37
sub-0038,38,38
sub-0038,39,39
sub-0038,40,40
sub-0038,41,41
sub-0038,42,42
sub-0038,43,43
sub-0038,44,44
sub-0038,45,45
sub-0038,46,43
sub-0038,47,47
sub-0038,48,48
sub-0038,49,49
sub-0038,50,50
sub-0038,51,51
sub-0038,52,52
sub-0038,53,53
sub-0038,54,54
sub-0038,55,202
sub-0038,56,56
sub-0038,57,57
sub-0038,58,58
sub-0038,59,59
sub-0038,60,138
sub-0038,61,177
sub-0038,62,66
sub-0038,63,63
sub-0038,64,66
sub-0038,65,187
sub-0038,66,66
sub-0038,67,67
sub-0038,68,68
sub-0038,69,69
sub-0038,70,70
sub-0038,71,138
sub-0038,72,72
sub-0038,73,73
sub-0038,74,74
sub-0038,75,75
sub-0038,76,76
sub-0038,77,77
sub-0038,78,78
sub-0038,79,79
sub-0038,80,80
sub-0038,81,81
sub-0038,82,82
sub-0038,83,83
sub-0038,84,84
sub-0038,85,85
sub-0038,86,86
sub-0038,87,87
sub-0038,88,88
sub-0038,89,69
sub-0038,90,90
sub-0038,91,192
sub-0038,92,66
sub-0038,93,93
sub-0038,94,94
sub-0038,95,95
sub-0038,96,96
sub-0038,97,97
sub-0038,98,98
sub-0038,99,99
sub-0038,100,100
sub-0038,101,101
sub-0038,102,102
sub-0038,103,103
sub-0038,104,104
sub-0038,105,105
sub-0038,106,106
sub-0038,107,107
sub-0038,108,108
sub-0038,109,109
sub-0038,110,110
sub-0038,111,111
sub-0038,112,112
sub-0038,113,113
sub-0038,114,114
sub-0038,115,118
sub-0038,116,16
sub-0038,117,117
sub-0038,118,118
sub-0038,119,119
sub-0038,120,120
sub-0038,121,121
sub-0038,122,16
sub-0038,123,123
sub-0038,124,144
sub-0038,125,125
sub-0038,126,39
sub-0038,127,127
sub-0038,128,128
sub-0038,129,129
sub-0038,130,130
sub-0038,131,131
sub-0038,132,132
sub-0038,133,133
sub-0038,134,134
sub-0038,135,135
sub-0038,136,136
sub-0038,137,137
sub-0038,138,138
sub-0038,139,139
sub-0038,140,140
sub-0038,141,141
sub-0038,142,198
sub-0038,143,229
sub-0038,144,144
sub-0038,145,145
sub-0038,146,146
sub-0038,147,147
sub-0038,148,148
sub-0038,149,149
sub-0038,150,150
sub-0038,151,151
sub-0038,152,152
sub-0038,153,184
sub-0038,154,149
sub-0038,155,155
sub-0038,156,156
sub-0038,157,157
sub-0038,158,158
sub-0038,159,176
sub-0038,160,160
sub-0038,161,161
sub-0038,162,162
sub-0038,163,163
sub-0038,164,164
sub-0038,165,165
sub-0038,166,138
sub-0038,167,176
sub-0038,168,168
sub-0038,169,169
sub-0038,170,170
sub-0038,171,171
sub-0038,172,172
sub-0038,173,173
sub-0038,174,191
sub-0038,175,175
sub-0038,176,176
sub-0038,177,177
sub-0038,178,178
sub-0038,179,86
sub-0038,180,180
sub-0038,181,181
sub-0038,182,182
sub-0038,183,183
sub-0038,184,88
sub-0038,185,185
sub-0038,186,186
sub-0038,187,187
sub-0038,188,188
sub-0038,189,189
sub-0038,190,82
sub-0038,191,191
sub-0038,192,192
sub-0038,193,193
sub-0038,194,194
sub-0038,195,195
sub-0038,196,198
sub-0038,197,197
sub-0038,198,198
sub-0038,199,199
sub-0038,200,200
sub-0038,201,201
sub-0038,202,202
sub-0038,203,203
sub-0038,204,201
sub-0038,205,226
sub-0038,206,226
sub-0038,207,143
sub-0038,208,220
sub-0038,209,225
sub-0038,210,229
sub-0038,211,160
sub-0038,212,113
sub-0038,213,213
sub-0038,214,225
sub-0038,215,215
sub-0038,216,66
sub-0038,217,162
sub-0038,218,218
sub-0038,219,219
sub-0038,220,53
sub-0038,221,221
sub-0038,222,226
sub-0038,223,205
sub-0038,224,224
sub-0038,225,224
sub-0038,226,226
sub-0038,227,167
sub-0038,228,103
sub-0038,229,229
sub-0038,230,230
sub-0038,231,225
sub-0039,0,0
sub-0039,1,1
sub-0039,2,2
sub-0039,3,3
sub-0039,4,4
sub-0039,5,5
sub-0039,6,6
sub-0039,7,7
sub-0039,8,8
sub-0039,9,9
sub-0039,10,10
sub-0039,11,11
sub-0039,12,12
sub-0039,13,13
sub-0039,14,14
sub-0039,15,15
sub-0039,16,16
sub-0039,17,17
sub-0039,18,18
sub-0039,19,19
sub-0039,20,20
sub-0039,21,21
sub-0039,22,27
sub-0039,23,45
sub-0039,24,24
sub-0039,25,25
sub-0039,26,26
sub-0039,27,27
sub-0039,28,28
sub-0039,29,103
sub-0039,30,39
sub-0039,31,31
sub-0039,32,32
sub-0039,33,34
sub-0039,34,34
sub-0039,35,35
sub-0039,36,36
sub-0039,37,37
sub-0039,38,38
sub-0039,39,39
sub-0039,40,40
sub-0039,41,41
sub-0039,42,42
sub-0039,43,43
sub-0039,44,44
sub-0039,45,27
sub-0039,46,46
sub-0039,47,49
sub-0039,48,48
sub-0039,49,49
sub-0039,50,217
sub-0039,51,51
sub-0039,52,52
sub-0039,53,53
sub-0039,54,53
sub-0039,55,199
sub-0039,56,56
sub-0039,57,57
sub-0039,58,58
sub-0039,59,59
sub-0039,60,72
sub-0039,61,165
sub-0039,62,62
sub-0039,63,34
sub-0039,64,64
sub-0039,65,65
sub-0039,66,66
sub-0039,67,67
sub-0039,68,68
sub-0039,69,69
sub-0039,70,70
sub-0039,71,71
sub-0039,72,72
sub-0039,73,73
sub-0039,74,74
sub-0039,75,75
sub-0039,76,76
sub-0039,77,77
sub-0039,78,78
sub-0039,79,79
sub-0039,80,80
sub-0039,81,81
sub-0039,82,82
sub-0039,83,83
sub-0039,84,84
sub-0039,85,85
sub-0039,86,74
sub-0039,87,87
sub-0039,88,88
sub-0039,89,89
sub-0039,90,90
sub-0039,91,91
sub-0039,92,52
sub-0039,93,93
sub-0039,94,94
sub-0039,95,95
sub-0039,96,96
sub-0039,97,97
sub-0039,98,98
sub-0039,99,99
sub-0039,100,100
sub-0039,101,0
sub-0039,102,102
sub-0039,103,103
sub-0039,104,104
sub-0039,105,105
sub-0039,106,106
sub-0039,107,107
sub-0039,108,108
sub-0039,109,109
sub-0039,110,110
sub-0039,111,111
sub-0039,112,112
sub-0039,113,113
sub-0039,114,114
sub-0039,115,115
sub-0039,116,116
sub-0039,117,117
sub-0039,118,118
sub-0039,119,119
sub-0039,120,120
sub-0039,121,121
sub-0039,122,122
sub-0039,123,22
sub-0039,124,124
sub-0039,125,125
sub-0039,126,113
sub-0039,127,127
sub-0039,128,34
sub-0039,129,129
sub-0039,130,130
sub-0039,131,199
sub-0039,132,132
sub-0039,133,133
sub-0039,134,134
sub-0039,135,135
sub-0039,136,136
sub-0039,137,137
sub-0039,138,138
sub-0039,139,139
sub-0039,140,140
sub-0039,141,141
sub-0039,142,39
sub-0039,143,144
sub-0039,144,144
sub-0039,145,145
sub-0039,146,146
sub-0039,147,147
sub-0039,148,148
sub-0039,149,45
sub-0039,150,150
sub-0039,151,151
sub-0039,152,152
sub-0039,153,153
sub-0039,154,154
sub-0039,155,155
sub-0039,156,156
sub-0039,157,157
sub-0039,158,158
sub-0039,159,81
sub-0039,160,171
sub-0039,161,161
sub-0039,162,52
sub-0039,163,52
sub-0039,164,164
sub-0039,165,165
sub-0039,166,166
sub-0039,167,39
sub-0039,168,168
sub-0039,169,169
sub-0039,170,170
sub-0039,171,171
sub-0039,172,172
sub-0039,173,173
sub-0039,174,174
sub-0039,175,175
sub-0039,176,176
sub-0039,177,175
sub-0039,178,178
sub-0039,179,67
sub-0039,180,180
sub-0039,181,181
sub-0039,182,182
sub-0039,183,183
sub-0039,184,184
sub-0039,185,185
sub-0039,186,186
sub-0039,187,186
sub-0039,188,188
sub-0039,189,189
sub-0039,190,190
sub-0039,191,192
sub-0039,192,192
sub-0039,193,193
sub-0039,194,194
sub-0039,195,195
sub-0039,196,196
sub-0039,197,197
sub-0039,198,198
sub-0039,199,199
sub-0039,200,200
sub-0039,201,201
sub-0039,202,157
sub-0039,203,203
sub-0039,204,204
sub-0039,205,205
sub-0039,206,206
sub-0039,207,207
sub-0039,208,208
sub-0039,209,209
sub-0039,210,53
sub-0039,211,211
sub-0039,212,212
sub-0039,213,113
sub-0039,214,214
sub-0039,215,215
sub-0039,216,216
sub-0039,217,217
sub-0039,218,203
sub-0039,219,219
sub-0039,220,220
sub-0039,221,221
sub-0039,222,222
sub-0039,223,222
sub-0039,224,224
sub-0039,225,225
sub-0039,226,167
sub-0039,227,149
sub-0039,228,228
sub-0039,229,27
sub-0039,230,230
sub-0039,231,215
sub-0040,0,0
sub-0040,1,1
sub-0040,2,2
sub-0040,3,3
sub-0040,4,4
sub-0040,5,5
sub-0040,6,6
sub-0040,7,2
sub-0040,8,8
sub-0040,9,9
sub-0040,10,10
sub-0040,11,11
sub-0040,12,12
sub-0040,13,13
sub-0040,14,14
sub-0040,15,15
sub-0040,16,16
sub-0040,17,17
sub-0040,18,18
sub-0040,19,19
sub-0040,20,20
sub-0040,21,21
sub-0040,22,22
sub-0040,23,24
sub-0040,24,24
sub-0040,25,25
sub-0040,26,26
sub-0040,27,27
sub-0040,28,28
sub-0040,29,30
sub-0040,30,30
sub-0040,31,164
sub-0040,32,37
sub-0040,33,33
sub-0040,34,34
sub-0040,35,35
sub-0040,36,36
sub-0040,37,37
sub-0040,38,38
sub-0040,39,37
sub-0040,40,40
sub-0040,41,41
sub-0040,42,42
sub-0040,43,43
sub-0040,44,44
sub-0040,45,45
sub-0040,46,46
sub-0040,47,146
sub-0040,48,48
sub-0040,49,49
sub-0040,50,50
sub-0040,51,51
sub-0040,52,52
sub-0040,53,53
sub-0040,54,54
sub-0040,55,55
sub-0040,56,38
sub-0040,57,57
sub-0040,58,58
sub-0040,59,59
sub-0040,60,60
sub-0040,61,61
sub-0040,62,57
sub-0040,63,63
sub-0040,64,57
sub-0040,65,65
sub-0040,66,53
sub-0040,67,67
sub-0040,68,68
sub-0040,69,69
sub-0040,70,70
sub-0040,71,71
sub-0040,72,72
sub-0040,73,73
sub-0040,74,83
sub-0040,75,75
sub-0040,76,76
sub-0040,77,77
sub-0040,78,180
sub-0040,79,79
sub-0040,80,80
sub-0040,81,81
sub-0040,82,82
sub-0040,83,54
sub-0040,84,84
sub-0040,85,82
sub-0040,86,82
sub-0040,87,87
sub-0040,88,88
sub-0040,89,89
sub-0040,90,90
sub-0040,91,91
sub-0040,92,92
sub-0040,93,93
sub-0040,94,94
sub-0040,95,95
sub-0040,96,96
sub-0040,97,97
sub-0040,98,90
sub-0040,99,56
sub-0040,100,100
sub-0040,101,101
sub-0040,102,102
sub-0040,103,103
sub-0040,104,104
sub-0040,105,105
sub-0040,106,2
sub-0040,107,107
sub-0040,108,108
sub-0040,109,109
sub-0040,110,110
sub-0040,111,111
sub-0040,112,112
sub-0040,113,113
sub-0040,114,114
sub-0040,115,115
sub-0040,116,116
sub-0040,117,117
sub-0040,118,36
sub-0040,119,119
sub-0040,120,120
sub-0040,121,121
sub-0040,122,122
sub-0040,123,123
sub-0040,124,124
sub-0040,125,125
sub-0040,126,126
sub-0040,127,127
sub-0040,128,128
sub-0040,129,129
sub-0040,130,131
sub-0040,131,131
sub-0040,132,32
sub-0040,133,57
sub-0040,134,134
sub-0040,135,36
sub-0040,136,35
sub-0040,137,137
sub-0040,138,138
sub-0040,139,139
sub-0040,140,173
sub-0040,141,141
sub-0040,142,142
sub-0040,143,143
sub-0040,144,144
sub-0040,145,145
sub-0040,146,146
sub-0040,147,147
sub-0040,148,148
sub-0040,149,149
sub-0040,150,150
sub-0040,151,151
sub-0040,152,152
sub-0040,153,153
sub-0040,154,154
sub-0040,155,155
sub-0040,156,156
sub-0040,157,157
sub-0040,158,158
sub-0040,159,159
sub-0040,160,160
sub-0040,161,161
sub-0040,162,162
sub-0040,163,163
sub-0040,164,164
sub-0040,165,165
sub-0040,166,166
sub-0040,167,167
sub-0040,168,168
sub-0040,169,169
sub-0040,170,170
sub-0040,171,171
sub-0040,172,172
sub-0040,173,173
sub-0040,174,174
sub-0040,175,175
sub-0040,176,176
sub-0040,177,175
sub-0040,178,178
sub-0040,179,190
sub-0040,180,180
sub-0040,181,181
sub-0040,182,182
sub-0040,183,183
sub-0040,184,184
sub-0040,185,185
sub-0040,186,186
sub-0040,187,187
sub-0040,188,188
sub-0040,189,189
sub-0040,190,190
sub-0040,191,191
sub-0040,192,192
sub-0040,193,193
sub-0040,194,194
sub-0040,195,195
sub-0040,196,196
sub-0040,197,160
sub-0040,198,56
sub-0040,199,199
sub-0040,200,200
sub-0040,201,201
sub-0040,202,160
sub-0040,203,203
sub-0040,204,204
sub-0040,205,148
sub-0040,206,206
sub-0040,207,43
sub-0040,208,227
sub-0040,209,215
sub-0040,210,30
sub-0040,211,213
sub-0040,212,225
sub-0040,213,227
sub-0040,214,214
sub-0040,215,215
sub-0040,216,216
sub-0040,217,217
sub-0040,218,218
sub-0040,219,219
sub-0040,220,220
sub-0040,221,220
sub-0040,222,222
sub-0040,223,223
sub-0040,224,175
sub-0040,225,212
sub-0040,226,227
sub-0040,227,207
sub-0040,228,65
sub-0040,229,229
sub-0040,230,230
sub-0040,231,231
sub-0042,0,0
sub-0042,1,1
sub-0042,2,2
sub-0042,3,3
sub-0042,4,4
sub-0042,5,5
sub-0042,6,6
sub-0042,7,7
sub-0042,8,8
sub-0042,9,9
sub-0042,10,10
sub-0042,11,11
sub-0042,12,12
sub-0042,13,13
sub-0042,14,14
sub-0042,15,122
sub-0042,16,16
sub-0042,17,17
sub-0042,18,18
sub-0042,19,19
sub-0042,20,20
sub-0042,21,21
sub-0042,22,22
sub-0042,23,23
sub-0042,24,24
sub-0042,25,25
sub-0042,26,26
sub-0042,27,27
sub-0042,28,28
sub-0042,29,29
sub-0042,30,131
sub-0042,31,31
sub-0042,32,32
sub-0042,33,33
sub-0042,34,34
sub-0042,35,35
sub-0042,36,36
sub-0042,37,118
sub-0042,38,38
sub-0042,39,39
sub-0042,40,150
sub-0042,41,41
sub-0042,42,42
sub-0042,43,43
sub-0042,44,44
sub-0042,45,45
sub-0042,46,46
sub-0042,47,87
sub-0042,48,150
sub-0042,49,49
sub-0042,50,50
sub-0042,51,51
sub-0042,52,52
sub-0042,53,53
sub-0042,54,54
sub-0042,55,52
sub-0042,56,32
sub-0042,57,66
sub-0042,58,58
sub-0042,59,59
sub-0042,60,60
sub-0042,61,150
sub-0042,62,62
sub-0042,63,168
sub-0042,64,62
sub-0042,65,65
sub-0042,66,66
sub-0042,67,67
sub-0042,68,68
sub-0042,69,69
sub-0042,70,70
sub-0042,71,195
sub-0042,72,72
sub-0042,73,73
sub-0042,74,74
sub-0042,75,75
sub-0042,76,76
sub-0042,77,77
sub-0042,78,95
sub-0042,79,79
sub-0042,80,80
sub-0042,81,81
sub-0042,82,82
sub-0042,83,83
sub-0042,84,96
sub-0042,85,66
sub-0042,86,220
sub-0042,87,87
sub-0042,88,88
sub-0042,89,89
sub-0042,90,90
sub-0042,91,88
sub-0042,92,92
sub-0042,93,93
sub-0042,94,94
sub-0042,95,95
sub-0042,96,96
sub-0042,97,97
sub-0042,98,122
sub-0042,99,99
sub-0042,100,100
sub-0042,101,101
sub-0042,102,102
sub-0042,103,103
sub-0042,104,30
sub-0042,105,105
sub-0042,106,106
sub-0042,107,107
sub-0042,108,108
sub-0042,109,148
sub-0042,110,7
sub-0042,111,111
sub-0042,112,112
sub-0042,113,113
sub-0042,114,114
sub-0042,115,115
sub-0042,116,116
sub-0042,117,117
sub-0042,118,118
sub-0042,119,119
sub-0042,120,120
sub-0042,121,122
sub-0042,122,122
sub-0042,123,123
sub-0042,124,124
sub-0042,125,125
sub-0042,126,126
sub-0042,127,127
sub-0042,128,126
sub-0042,129,129
sub-0042,130,130
sub-0042,131,131
sub-0042,132,132
sub-0042,133,133
sub-0042,134,134
sub-0042,135,135
sub-0042,136,136
sub-0042,137,137
sub-0042,138,138
sub-0042,139,139
sub-0042,140,140
sub-0042,141,141
sub-0042,142,142
sub-0042,143,143
sub-0042,144,144
sub-0042,145,145
sub-0042,146,146
sub-0042,147,147
sub-0042,148,148
sub-0042,149,149
sub-0042,150,150
sub-0042,151,151
sub-0042,152,152
sub-0042,153,153
sub-0042,154,154
sub-0042,155,155
sub-0042,156,156
sub-0042,157,157
sub-0042,158,96
sub-0042,159,159
sub-0042,160,160
sub-0042,161,52
sub-0042,162,162
sub-0042,163,31
sub-0042,164,176
sub-0042,165,165
sub-0042,166,166
sub-0042,167,167
sub-0042,168,168
sub-0042,169,95
sub-0042,170,170
sub-0042,171,176
sub-0042,172,172
sub-0042,173,173
sub-0042,174,177
sub-0042,175,175
sub-0042,176,176
sub-0042,177,88
sub-0042,178,178
sub-0042,179,184
sub-0042,180,180
sub-0042,181,181
sub-0042,182,182
sub-0042,183,183
sub-0042,184,138
sub-0042,185,185
sub-0042,186,186
sub-0042,187,187
sub-0042,188,188
sub-0042,189,189
sub-0042,190,176
sub-0042,191,191
sub-0042,192,192
sub-0042,193,193
sub-0042,194,194
sub-0042,195,195
sub-0042,196,198
sub-0042,197,198
sub-0042,198,198
sub-0042,199,199
sub-0042,200,83
sub-0042,201,220
sub-0042,202,52
sub-0042,203,220
sub-0042,204,204
sub-0042,205,205
sub-0042,206,199
sub-0042,207,207
sub-0042,208,208
sub-0042,209,209
sub-0042,210,62
sub-0042,211,113
sub-0042,212,212
sub-0042,213,149
sub-0042,214,214
sub-0042,215,231
sub-0042,216,66
sub-0042,217,217
sub-0042,218,218
sub-0042,219,219
sub-0042,220,220
sub-0042,221,221
sub-0042,222,201
sub-0042,223,223
sub-0042,224,224
sub-0042,225,225
sub-0042,226,169
sub-0042,227,104
sub-0042,228,228
sub-0042,229,229
sub-0042,230,230
sub-0042,231,64
sub-0043,0,0
sub-0043,1,1
sub-0043,2,2
sub-0043,3,3
sub-0043,4,4
sub-0043,5,5
sub-0043,6,195
sub-0043,7,7
sub-0043,8,195
sub-0043,9,9
sub-0043,10,10
sub-0043,11,11
sub-0043,12,12
sub-0043,13,13
sub-0043,14,14
sub-0043,15,15
sub-0043,16,16
sub-0043,17,17
sub-0043,18,18
sub-0043,19,19
sub-0043,20,217
sub-0043,21,176
sub-0043,22,44
sub-0043,23,23
sub-0043,24,92
sub-0043,25,207
sub-0043,26,26
sub-0043,27,27
sub-0043,28,28
sub-0043,29,131
sub-0043,30,30
sub-0043,31,31
sub-0043,32,32
sub-0043,33,33
sub-0043,34,34
sub-0043,35,35
sub-0043,36,36
sub-0043,37,37
sub-0043,38,38
sub-0043,39,39
sub-0043,40,40
sub-0043,41,41
sub-0043,42,42
sub-0043,43,43
sub-0043,44,44
sub-0043,45,45
sub-0043,46,46
sub-0043,47,47
sub-0043,48,48
sub-0043,49,49
sub-0043,50,50
sub-0043,51,51
sub-0043,52,52
sub-0043,53,64
sub-0043,54,54
sub-0043,55,55
sub-0043,56,56
sub-0043,57,57
sub-0043,58,58
sub-0043,59,59
sub-0043,60,60
sub-0043,61,49
sub-0043,62,62
sub-0043,63,57
sub-0043,64,64
sub-0043,65,65
sub-0043,66,66
sub-0043,67,67
sub-0043,68,47
sub-0043,69,68
sub-0043,70,66
sub-0043,71,32
sub-0043,72,72
sub-0043,73,48
sub-0043,74,74
sub-0043,75,75
sub-0043,76,216
sub-0043,77,51
sub-0043,78,216
sub-0043,79,79
sub-0043,80,216
sub-0043,81,81
sub-0043,82,82
sub-0043,83,83
sub-0043,84,84
sub-0043,85,85
sub-0043,86,86
sub-0043,87,87
sub-0043,88,88
sub-0043,89,89
sub-0043,90,90
sub-0043,91,91
sub-0043,92,217
sub-0043,93,64
sub-0043,94,94
sub-0043,95,95
sub-0043,96,96
sub-0043,97,97
sub-0043,98,98
sub-0043,99,99
sub-0043,100,100
sub-0043,101,116
sub-0043,102,102
sub-0043,103,103
sub-0043,104,104
sub-0043,105,105
sub-0043,106,106
sub-0043,107,107
sub-0043,108,108
sub-0043,109,109
sub-0043,110,110
sub-0043,111,111
sub-0043,112,112
sub-0043,113,113
sub-0043,114,114
sub-0043,115,115
sub-0043,116,116
sub-0043,117,117
sub-0043,118,118
sub-0043,119,119
sub-0043,120,217
sub-0043,121,121
sub-0043,122,122
sub-0043,123,198
sub-0043,124,124
sub-0043,125,125
sub-0043,126,126
sub-0043,127,127
sub-0043,128,128
sub-0043,129,129
sub-0043,130,130
sub-0043,131,131
sub-0043,132,171
sub-0043,133,133
sub-0043,134,34
sub-0043,135,135
sub-0043,136,136
sub-0043,137,137
sub-0043,138,138
sub-0043,139,139
sub-0043,140,37
sub-0043,141,141
sub-0043,142,231
sub-0043,143,187
sub-0043,144,25
sub-0043,145,145
sub-0043,146,146
sub-0043,147,147
sub-0043,148,37
sub-0043,149,149
sub-0043,150,150
sub-0043,151,151
sub-0043,152,152
sub-0043,153,153
sub-0043,154,154
sub-0043,155,155
sub-0043,156,156
sub-0043,157,157
sub-0043,158,158
sub-0043,159,159
sub-0043,160,202
sub-0043,161,176
sub-0043,162,162
sub-0043,163,163
sub-0043,164,164
sub-0043,165,34
sub-0043,166,168
sub-0043,167,183
sub-0043,168,168
sub-0043,169,169
sub-0043,170,170
sub-0043,171,171
sub-0043,172,172
sub-0043,173,173
sub-0043,174,174
sub-0043,175,175
sub-0043,176,176
sub-0043,177,171
sub-0043,178,178
sub-0043,179,179
sub-0043,180,180
sub-0043,181,183
sub-0043,182,49
sub-0043,183,183
sub-0043,184,176
sub-0043,185,159
sub-0043,186,186
sub-0043,187,187
sub-0043,188,188
sub-0043,189,189
sub-0043,190,52
sub-0043,191,191
sub-0043,192,192
sub-0043,193,193
sub-0043,194,194
sub-0043,195,195
sub-0043,196,196
sub-0043,197,198
sub-0043,198,198
sub-0043,199,199
sub-0043,200,200
sub-0043,201,201
sub-0043,202,97
sub-0043,203,203
sub-0043,204,218
sub-0043,205,204
sub-0043,206,206
sub-0043,207,114
sub-0043,208,207
sub-0043,209,209
sub-0043,210,221
sub-0043,211,211
sub-0043,212,212
sub-0043,213,213
sub-0043,214,225
sub-0043,215,215
sub-0043,216,216
sub-0043,217,217
sub-0043,218,200
sub-0043,219,219
sub-0043,220,220
sub-0043,221,221
sub-0043,222,222
sub-0043,223,223
sub-0043,224,208
sub-0043,225,225
sub-0043,226,223
sub-0043,227,227
sub-0043,228,228
sub-0043,229,229
sub-0043,230,225
sub-0043,231,231
sub-0044,0,0
sub-0044,1,1
sub-0044,2,2
sub-0044,3,3
sub-0044,4,4
sub-0044,5,5
sub-0044,6,6
sub-0044,7,7
sub-0044,8,160
sub-0044,9,9
sub-0044,10,10
sub-0044,11,11
sub-0044,12,12
sub-0044,13,13
sub-0044,14,14
sub-0044,15,15
sub-0044,16,16
sub-0044,17,17
sub-0044,18,18
sub-0044,19,19
sub-0044,20,20
sub-0044,21,21
sub-0044,22,22
sub-0044,23,23
sub-0044,24,131
sub-0044,25,25
sub-0044,26,26
sub-0044,27,27
sub-0044,28,28
sub-0044,29,29
sub-0044,30,30
sub-0044,31,31
sub-0044,32,32
sub-0044,33,33
sub-0044,34,34
sub-0044,35,35
sub-0044,36,36
sub-0044,37,37
sub-0044,38,38
sub-0044,39,39
sub-0044,40,40
sub-0044,41,212
sub-0044,42,42
sub-0044,43,43
sub-0044,44,44
sub-0044,45,45
sub-0044,46,46
sub-0044,47,90
sub-0044,48,48
sub-0044,49,49
sub-0044,50,50
sub-0044,51,51
sub-0044,52,52
sub-0044,53,53
sub-0044,54,54
sub-0044,55,156
sub-0044,56,56
sub-0044,57,57
sub-0044,58,58
sub-0044,59,59
sub-0044,60,60
sub-0044,61,61
sub-0044,62,59
sub-0044,63,63
sub-0044,64,64
sub-0044,65,65
sub-0044,66,66
sub-0044,67,67
sub-0044,68,68
sub-0044,69,69
sub-0044,70,68
sub-0044,71,71
sub-0044,72,72
sub-0044,73,73
sub-0044,74,74
sub-0044,75,75
sub-0044,76,76
sub-0044,77,77
sub-0044,78,83
sub-0044,79,79
sub-0044,80,80
sub-0044,81,81
sub-0044,82,82
sub-0044,83,83
sub-0044,84,84
sub-0044,85,85
sub-0044,86,86
sub-0044,87,87
sub-0044,88,88
sub-0044,89,89
sub-0044,90,90
sub-0044,91,91
sub-0044,92,79
sub-0044,93,93
sub-0044,94,94
sub-0044,95,95
sub-0044,96,96
sub-0044,97,97
sub-0044,98,98
sub-0044,99,74
sub-0044,100,100
sub-0044,101,101
sub-0044,102,102
sub-0044,103,103
sub-0044,104,104
sub-0044,105,105
sub-0044,106,106
sub-0044,107,107
sub-0044,108,108
sub-0044,109,109
sub-0044,110,110
sub-0044,111,111
sub-0044,112,112
sub-0044,113,113
sub-0044,114,114
sub-0044,115,115
sub-0044,116,116
sub-0044,117,117
sub-0044,118,118
sub-0044,119,119
sub-0044,120,120
sub-0044,121,121
sub-0044,122,122
sub-0044,123,123
sub-0044,124,124
sub-0044,125,125
sub-0044,126,126
sub-0044,127,26
sub-0044,128,128
sub-0044,129,129
sub-0044,130,130
sub-0044,131,131
sub-0044,132,132
sub-0044,133,133
sub-0044,134,134
sub-0044,135,135
sub-0044,136,136
sub-0044,137,137
sub-0044,138,138
sub-0044,139,139
sub-0044,140,140
sub-0044,141,141
sub-0044,142,142
sub-0044,143,143
sub-0044,144,144
sub-0044,145,145
sub-0044,146,146
sub-0044,147,38
sub-0044,148,148
sub-0044,149,149
sub-0044,150,174
sub-0044,151,151
sub-0044,152,152
sub-0044,153,153
sub-0044,154,154
sub-0044,155,153
sub-0044,156,156
sub-0044,157,157
sub-0044,158,158
sub-0044,159,159
sub-0044,160,50
sub-0044,161,90
sub-0044,162,162
sub-0044,163,163
sub-0044,164,31
sub-0044,165,165
sub-0044,166,166
sub-0044,167,167
sub-0044,168,168
sub-0044,169,75
sub-0044,170,170
sub-0044,171,171
sub-0044,172,172
sub-0044,173,173
sub-0044,174,174
sub-0044,175,175
sub-0044,176,176
sub-0044,177,177
sub-0044,178,178
sub-0044,179,179
sub-0044,180,180
sub-0044,181,172
sub-0044,182,182
sub-0044,183,183
sub-0044,184,60
sub-0044,185,185
sub-0044,186,186
sub-0044,187,187
sub-0044,188,188
sub-0044,189,191
sub-0044,190,87
sub-0044,191,191
sub-0044,192,192
sub-0044,193,193
sub-0044,194,194
sub-0044,195,28
sub-0044,196,209
sub-0044,197,197
sub-0044,198,198
sub-0044,199,199
sub-0044,200,200
sub-0044,201,160
sub-0044,202,50
sub-0044,203,203
sub-0044,204,99
sub-0044,205,160
sub-0044,206,209
sub-0044,207,207
sub-0044,208,224
sub-0044,209,209
sub-0044,210,225
sub-0044,211,226
sub-0044,212,212
sub-0044,213,213
sub-0044,214,214
sub-0044,215,215
sub-0044,216,216
sub-0044,217,82
sub-0044,218,160
sub-0044,219,219
sub-0044,220,220
sub-0044,221,221
sub-0044,222,209
sub-0044,223,119
sub-0044,224,209
sub-0044,225,225
sub-0044,226,98
sub-0044,227,210
sub-0044,228,228
sub-0044,229,121
sub-0044,230,230
sub-0044,231,231
sub-0045,0,0
sub-0045,1,1
sub-0045,2,2
sub-0045,3,3
sub-0045,4,4
sub-0045,5,5
sub-0045,6,6
sub-0045,7,105
sub-0045,8,8
sub-0045,9,9
sub-0045,10,10
sub-0045,11,11
sub-0045,12,12
sub-0045,13,13
sub-0045,14,14
sub-0045,15,15
sub-0045,16,16
sub-0045,17,17
sub-0045,18,18
sub-0045,19,19
sub-0045,20,24
sub-0045,21,128
sub-0045,22,22
sub-0045,23,23
sub-0045,24,24
sub-0045,25,25
sub-0045,26,26
sub-0045,27,27
sub-0045,28,28
sub-0045,29,29
sub-0045,30,30
sub-0045,31,31
sub-0045,32,38
sub-0045,33,116
sub-0045,34,147
sub-0045,35,35
sub-0045,36,36
sub-0045,37,37
sub-0045,38,38
sub-0045,39,39
sub-0045,40,40
sub-0045,41,41
sub-0045,42,42
sub-0045,43,43
sub-0045,44,44
sub-0045,45,12
sub-0045,46,46
sub-0045,47,47
sub-0045,48,155
sub-0045,49,49
sub-0045,50,69
sub-0045,51,51
sub-0045,52,156
sub-0045,53,0
sub-0045,54,49
sub-0045,55,55
sub-0045,56,56
sub-0045,57,57
sub-0045,58,62
sub-0045,59,64
sub-0045,60,60
sub-0045,61,61
sub-0045,62,62
sub-0045,63,63
sub-0045,64,62
sub-0045,65,155
sub-0045,66,66
sub-0045,67,67
sub-0045,68,68
sub-0045,69,69
sub-0045,70,70
sub-0045,71,71
sub-0045,72,72
sub-0045,73,73
sub-0045,74,74
sub-0045,75,49
sub-0045,76,76
sub-0045,77,77
sub-0045,78,182
sub-0045,79,79
sub-0045,80,80
sub-0045,81,81
sub-0045,82,82
sub-0045,83,83
sub-0045,84,84
sub-0045,85,85
sub-0045,86,86
sub-0045,87,87
sub-0045,88,88
sub-0045,89,89
sub-0045,90,90
sub-0045,91,178
sub-0045,92,92
sub-0045,93,64
sub-0045,94,94
sub-0045,95,99
sub-0045,96,96
sub-0045,97,97
sub-0045,98,98
sub-0045,99,99
sub-0045,100,100
sub-0045,101,101
sub-0045,102,102
sub-0045,103,103
sub-0045,104,104
sub-0045,105,105
sub-0045,106,104
sub-0045,107,107
sub-0045,108,102
sub-0045,109,109
sub-0045,110,110
sub-0045,111,128
sub-0045,112,112
sub-0045,113,113
sub-0045,114,114
sub-0045,115,115
sub-0045,116,116
sub-0045,117,117
sub-0045,118,118
sub-0045,119,119
sub-0045,120,120
sub-0045,121,121
sub-0045,122,122
sub-0045,123,123
sub-0045,124,124
sub-0045,125,125
sub-0045,126,126
sub-0045,127,127
sub-0045,128,128
sub-0045,129,129
sub-0045,130,130
sub-0045,131,131
sub-0045,132,30
sub-0045,133,133
sub-0045,134,173
sub-0045,135,220
sub-0045,136,25
sub-0045,137,137
sub-0045,138,138
sub-0045,139,139
sub-0045,140,140
sub-0045,141,141
sub-0045,142,43
sub-0045,143,23
sub-0045,144,144
sub-0045,145,199
sub-0045,146,146
sub-0045,147,147
sub-0045,148,148
sub-0045,149,44
sub-0045,150,150
sub-0045,151,151
sub-0045,152,152
sub-0045,153,153
sub-0045,154,154
sub-0045,155,155
sub-0045,156,156
sub-0045,157,157
sub-0045,158,158
sub-0045,159,178
sub-0045,160,160
sub-0045,161,161
sub-0045,162,216
sub-0045,163,163
sub-0045,164,164
sub-0045,165,174
sub-0045,166,166
sub-0045,167,174
sub-0045,168,168
sub-0045,169,169
sub-0045,170,170
sub-0045,171,171
sub-0045,172,172
sub-0045,173,173
sub-0045,174,174
sub-0045,175,175
sub-0045,176,176
sub-0045,177,177
sub-0045,178,178
sub-0045,179,179
sub-0045,180,180
sub-0045,181,155
sub-0045,182,182
sub-0045,183,183
sub-0045,184,184
sub-0045,185,182
sub-0045,186,186
sub-0045,187,49
sub-0045,188,188
sub-0045,189,178
sub-0045,190,161
sub-0045,191,191
sub-0045,192,192
sub-0045,193,193
sub-0045,194,194
sub-0045,195,224
sub-0045,196,196
sub-0045,197,198
sub-0045,198,198
sub-0045,199,199
sub-0045,200,200
sub-0045,201,201
sub-0045,202,202
sub-0045,203,203
sub-0045,204,204
sub-0045,205,205
sub-0045,206,206
sub-0045,207,207
sub-0045,208,208
sub-0045,209,155
sub-0045,210,221
sub-0045,211,206
sub-0045,212,212
sub-0045,213,205
sub-0045,214,214
sub-0045,215,215
sub-0045,216,216
sub-0045,217,217
sub-0045,218,218
sub-0045,219,219
sub-0045,220,220
sub-0045,221,221
sub-0045,222,222
sub-0045,223,223
sub-0045,224,224
sub-0045,225,225
sub-0045,226,205
sub-0045,227,227
sub-0045,228,228
sub-0045,229,43
sub-0045,230,230
sub-0045,231,231
sub-0046,0,0
sub-0046,1,1
sub-0046,2,2
sub-0046,3,3
sub-0046,4,4
sub-0046,5,5
sub-0046,6,6
sub-0046,7,7
sub-0046,8,8
sub-0046,9,9
sub-0046,10,10
sub-0046,11,11
sub-0046,12,43
sub-0046,13,13
sub-0046,14,14
sub-0046,15,15
sub-0046,16,16
sub-0046,17,17
sub-0046,18,18
sub-0046,19,19
sub-0046,20,20
sub-0046,21,98
sub-0046,22,8
sub-0046,23,23
sub-0046,24,98
sub-0046,25,25
sub-0046,26,26
sub-0046,27,27
sub-0046,28,168
sub-0046,29,29
sub-0046,30,30
sub-0046,31,102
sub-0046,32,32
sub-0046,33,33
sub-0046,34,34
sub-0046,35,35
sub-0046,36,36
sub-0046,37,37
sub-0046,38,38
sub-0046,39,154
sub-0046,40,206
sub-0046,41,41
sub-0046,42,98
sub-0046,43,43
sub-0046,44,44
sub-0046,45,45
sub-0046,46,46
sub-0046,47,47
sub-0046,48,48
sub-0046,49,49
sub-0046,50,67
sub-0046,51,51
sub-0046,52,162
sub-0046,53,53
sub-0046,54,160
sub-0046,55,98
sub-0046,56,56
sub-0046,57,67
sub-0046,58,58
sub-0046,59,59
sub-0046,60,60
sub-0046,61,61
sub-0046,62,62
sub-0046,63,63
sub-0046,64,65
sub-0046,65,178
sub-0046,66,66
sub-0046,67,67
sub-0046,68,68
sub-0046,69,69
sub-0046,70,49
sub-0046,71,71
sub-0046,72,72
sub-0046,73,73
sub-0046,74,74
sub-0046,75,77
sub-0046,76,76
sub-0046,77,77
sub-0046,78,78
sub-0046,79,79
sub-0046,80,80
sub-0046,81,81
sub-0046,82,84
sub-0046,83,83
sub-0046,84,84
sub-0046,85,85
sub-0046,86,86
sub-0046,87,87
sub-0046,88,88
sub-0046,89,89
sub-0046,90,90
sub-0046,91,94
sub-0046,92,92
sub-0046,93,93
sub-0046,94,94
sub-0046,95,95
sub-0046,96,96
sub-0046,97,184
sub-0046,98,98
sub-0046,99,99
sub-0046,100,100
sub-0046,101,101
sub-0046,102,102
sub-0046,103,103
sub-0046,104,104
sub-0046,105,105
sub-0046,106,106
sub-0046,107,107
sub-0046,108,108
sub-0046,109,109
sub-0046,110,110
sub-0046,111,111
sub-0046,112,112
sub-0046,113,113
sub-0046,114,114
sub-0046,115,115
sub-0046,116,116
sub-0046,117,117
sub-0046,118,118
sub-0046,119,119
sub-0046,120,120
sub-0046,121,121
sub-0046,122,122
sub-0046,123,123
sub-0046,124,124
sub-0046,125,125
sub-0046,126,126
sub-0046,127,127
sub-0046,128,128
sub-0046,129,129
sub-0046,130,142
sub-0046,131,131
sub-0046,132,132
sub-0046,133,133
sub-0046,134,134
sub-0046,135,135
sub-0046,136,136
sub-0046,137,137
sub-0046,138,138
sub-0046,139,139
sub-0046,140,140
sub-0046,141,141
sub-0046,142,165
sub-0046,143,187
sub-0046,144,144
sub-0046,145,145
sub-0046,146,146
sub-0046,147,147
sub-0046,148,148
sub-0046,149,149
sub-0046,150,150
sub-0046,151,154
sub-0046,152,152
sub-0046,153,153
sub-0046,154,154
sub-0046,155,155
sub-0046,156,156
sub-0046,157,157
sub-0046,158,50
sub-0046,159,159
sub-0046,160,160
sub-0046,161,161
sub-0046,162,162
sub-0046,163,163
sub-0046,164,31
sub-0046,165,165
sub-0046,166,166
sub-0046,167,167
sub-0046,168,168
sub-0046,169,67
sub-0046,170,170
sub-0046,171,171
sub-0046,172,172
sub-0046,173,168
sub-0046,174,174
sub-0046,175,175
sub-0046,176,176
sub-0046,177,177
sub-0046,178,178
sub-0046,179,179
sub-0046,180,180
sub-0046,181,181
sub-0046,182,182
sub-0046,183,183
sub-0046,184,184
sub-0046,185,185
sub-0046,186,186
sub-0046,187,152
sub-0046,188,188
sub-0046,189,189
sub-0046,190,190
sub-0046,191,191
sub-0046,192,192
sub-0046,193,193
sub-0046,194,194
sub-0046,195,195
sub-0046,196,196
sub-0046,197,197
sub-0046,198,198
sub-0046,199,199
sub-0046,200,200
sub-0046,201,216
sub-0046,202,118
sub-0046,203,203
sub-0046,204,227
sub-0046,205,215
sub-0046,206,206
sub-0046,207,207
sub-0046,208,224
sub-0046,209,207
sub-0046,210,103
sub-0046,211,227
sub-0046,212,212
sub-0046,213,213
sub-0046,214,214
sub-0046,215,215
sub-0046,216,202
sub-0046,217,217
sub-0046,218,218
sub-0046,219,219
sub-0046,220,102
sub-0046,221,221
sub-0046,222,222
sub-0046,223,223
sub-0046,224,224
sub-0046,225,212
sub-0046,226,226
sub-0046,227,70
sub-0046,228,228
sub-0046,229,229
sub-0046,230,215
sub-0046,231,231
sub-0047,0,0
sub-0047,1,1
sub-0047,2,2
sub-0047,3,3
sub-0047,4,4
sub-0047,5,5
sub-0047,6,6
sub-0047,7,7
sub-0047,8,8
sub-0047,9,9
sub-0047,10,10
sub-0047,11,11
sub-0047,12,12
sub-0047,13,13
sub-0047,14,14
sub-0047,15,15
sub-0047,16,16
sub-0047,17,17
sub-0047,18,18
sub-0047,19,19
sub-0047,20,20
sub-0047,21,21
sub-0047,22,22
sub-0047,23,23
sub-0047,24,24
sub-0047,25,25
sub-0047,26,26
sub-0047,27,27
sub-0047,28,28
sub-0047,29,29
sub-0047,30,30
sub-0047,31,31
sub-0047,32,32
sub-0047,33,33
sub-0047,34,34
sub-0047,35,35
sub-0047,36,36
sub-0047,37,138
sub-0047,38,38
sub-0047,39,39
sub-0047,40,40
sub-0047,41,41
sub-0047,42,98
sub-0047,43,43
sub-0047,44,44
sub-0047,45,45
sub-0047,46,46
sub-0047,47,47
sub-0047,48,148
sub-0047,49,49
sub-0047,50,50
sub-0047,51,51
sub-0047,52,52
sub-0047,53,53
sub-0047,54,54
sub-0047,55,55
sub-0047,56,56
sub-0047,57,57
sub-0047,58,58
sub-0047,59,59
sub-0047,60,133
sub-0047,61,61
sub-0047,62,171
sub-0047,63,154
sub-0047,64,59
sub-0047,65,65
sub-0047,66,66
sub-0047,67,67
sub-0047,68,68
sub-0047,69,69
sub-0047,70,70
sub-0047,71,71
sub-0047,72,72
sub-0047,73,73
sub-0047,74,74
sub-0047,75,75
sub-0047,76,76
sub-0047,77,77
sub-0047,78,78
sub-0047,79,79
sub-0047,80,80
sub-0047,81,81
sub-0047,82,82
sub-0047,83,83
sub-0047,84,91
sub-0047,85,85
sub-0047,86,81
sub-0047,87,87
sub-0047,88,88
sub-0047,89,89
sub-0047,90,89
sub-0047,91,91
sub-0047,92,79
sub-0047,93,93
sub-0047,94,176
sub-0047,95,95
sub-0047,96,96
sub-0047,97,97
sub-0047,98,98
sub-0047,99,148
sub-0047,100,100
sub-0047,101,101
sub-0047,102,102
sub-0047,103,103
sub-0047,104,104
sub-0047,105,105
sub-0047,106,106
sub-0047,107,107
sub-0047,108,108
sub-0047,109,109
sub-0047,110,110
sub-0047,111,148
sub-0047,112,112
sub-0047,113,113
sub-0047,114,114
sub-0047,115,115
sub-0047,116,116
sub-0047,117,117
sub-0047,118,118
sub-0047,119,119
sub-0047,120,120
sub-0047,121,121
sub-0047,122,122
sub-0047,123,123
sub-0047,124,124
sub-0047,125,125
sub-0047,126,126
sub-0047,127,127
sub-0047,128,128
sub-0047,129,129
sub-0047,130,130
sub-0047,131,131
sub-0047,132,132
sub-0047,133,133
sub-0047,134,134
sub-0047,135,135
sub-0047,136,136
sub-0047,137,137
sub-0047,138,138
sub-0047,139,139
sub-0047,140,140
sub-0047,141,141
sub-0047,142,136
sub-0047,143,147
sub-0047,144,144
sub-0047,145,145
sub-0047,146,146
sub-0047,147,147
sub-0047,148,148
sub-0047,149,38
sub-0047,150,150
sub-0047,151,151
sub-0047,152,152
sub-0047,153,153
sub-0047,154,154
sub-0047,155,155
sub-0047,156,156
sub-0047,157,157
sub-0047,158,158
sub-0047,159,159
sub-0047,160,160
sub-0047,161,53
sub-0047,162,162
sub-0047,163,163
sub-0047,164,164
sub-0047,165,165
sub-0047,166,166
sub-0047,167,167
sub-0047,168,168
sub-0047,169,169
sub-0047,170,170
sub-0047,171,171
sub-0047,172,89
sub-0047,173,173
sub-0047,174,148
sub-0047,175,175
sub-0047,176,176
sub-0047,177,177
sub-0047,178,178
sub-0047,179,179
sub-0047,180,180
sub-0047,181,181
sub-0047,182,182
sub-0047,183,183
sub-0047,184,70
sub-0047,185,80
sub-0047,186,186
sub-0047,187,209
sub-0047,188,188
sub-0047,189,189
sub-0047,190,190
sub-0047,191,191
sub-0047,192,192
sub-0047,193,193
sub-0047,194,194
sub-0047,195,195
sub-0047,196,196
sub-0047,197,197
sub-0047,198,198
sub-0047,199,199
sub-0047,200,200
sub-0047,201,201
sub-0047,202,202
sub-0047,203,203
sub-0047,204,204
sub-0047,205,205
sub-0047,206,206
sub-0047,207,59
sub-0047,208,186
sub-0047,209,208
sub-0047,210,210
sub-0047,211,160
sub-0047,212,212
sub-0047,213,213
sub-0047,214,214
sub-0047,215,215
sub-0047,216,79
sub-0047,217,217
sub-0047,218,218
sub-0047,219,219
sub-0047,220,220
sub-0047,221,221
sub-0047,222,222
sub-0047,223,223
sub-0047,224,224
sub-0047,225,225
sub-0047,226,147
sub-0047,227,43
sub-0047,228,228
sub-0047,229,229
sub-0047,230,230
sub-0047,231,231
sub-0048,0,0
sub-0048,1,1
sub-0048,2,2
sub-0048,3,105
sub-0048,4,4
sub-0048,5,5
sub-0048,6,6
sub-0048,7,7
sub-0048,8,210
sub-0048,9,9
sub-0048,10,10
sub-0048,11,11
sub-0048,12,12
sub-0048,13,13
sub-0048,14,14
sub-0048,15,13
sub-0048,16,16
sub-0048,17,17
sub-0048,18,18
sub-0048,19,19
sub-0048,20,92
sub-0048,21,21
sub-0048,22,22
sub-0048,23,221
sub-0048,24,24
sub-0048,25,25
sub-0048,26,26
sub-0048,27,27
sub-0048,28,28
sub-0048,29,29
sub-0048,30,30
sub-0048,31,31
sub-0048,32,32
sub-0048,33,33
sub-0048,34,34
sub-0048,35,35
sub-0048,36,36
sub-0048,37,37
sub-0048,38,38
sub-0048,39,39
sub-0048,40,40
sub-0048,41,41
sub-0048,42,150
sub-0048,43,43
sub-0048,44,44
sub-0048,45,45
sub-0048,46,46
sub-0048,47,47
sub-0048,48,48
sub-0048,49,49
sub-0048,50,50
sub-0048,51,51
sub-0048,52,52
sub-0048,53,53
sub-0048,54,54
sub-0048,55,153
sub-0048,56,56
sub-0048,57,57
sub-0048,58,58
sub-0048,59,59
sub-0048,60,60
sub-0048,61,150
sub-0048,62,62
sub-0048,63,165
sub-0048,64,64
sub-0048,65,153
sub-0048,66,66
sub-0048,67,67
sub-0048,68,68
sub-0048,69,69
sub-0048,70,155
sub-0048,71,71
sub-0048,72,72
sub-0048,73,73
sub-0048,74,74
sub-0048,75,75
sub-0048,76,76
sub-0048,77,77
sub-0048,78,78
sub-0048,79,79
sub-0048,80,79
sub-0048,81,81
sub-0048,82,82
sub-0048,83,83
sub-0048,84,84
sub-0048,85,85
sub-0048,86,86
sub-0048,87,87
sub-0048,88,88
sub-0048,89,89
sub-0048,90,86
sub-0048,91,153
sub-0048,92,92
sub-0048,93,93
sub-0048,94,94
sub-0048,95,195
sub-0048,96,96
sub-0048,97,97
sub-0048,98,98
sub-0048,99,99
sub-0048,100,100
sub-0048,101,101
sub-0048,102,102
sub-0048,103,209
sub-0048,104,104
sub-0048,105,105
sub-0048,106,106
sub-0048,107,107
sub-0048,108,108
sub-0048,109,109
sub-0048,110,110
sub-0048,111,111
sub-0048,112,112
sub-0048,113,113
sub-0048,114,114
sub-0048,115,115
sub-0048,116,116
sub-0048,117,117
sub-0048,118,118
sub-0048,119,119
sub-0048,120,120
sub-0048,121,121
sub-0048,122,122
sub-0048,123,123
sub-0048,124,124
sub-0048,125,27
sub-0048,126,126
sub-0048,127,103
sub-0048,128,128
sub-0048,129,129
sub-0048,130,130
sub-0048,131,209
sub-0048,132,105
sub-0048,133,133
sub-0048,134,134
sub-0048,135,135
sub-0048,136,136
sub-0048,137,137
sub-0048,138,138
sub-0048,139,138
sub-0048,140,8
sub-0048,141,141
sub-0048,142,211
sub-0048,143,143
sub-0048,144,144
sub-0048,145,145
sub-0048,146,146
sub-0048,147,147
sub-0048,148,148
sub-0048,149,114
sub-0048,150,150
sub-0048,151,151
sub-0048,152,152
sub-0048,153,153
sub-0048,154,154
sub-0048,155,155
sub-0048,156,156
sub-0048,157,157
sub-0048,158,158
sub-0048,159,155
sub-0048,160,160
sub-0048,161,171
sub-0048,162,162
sub-0048,163,163
sub-0048,164,164
sub-0048,165,165
sub-0048,166,166
sub-0048,167,167
sub-0048,168,168
sub-0048,169,206
sub-0048,170,170
sub-0048,171,171
sub-0048,172,172
sub-0048,173,173
sub-0048,174,174
sub-0048,175,175
sub-0048,176,176
sub-0048,177,177
sub-0048,178,178
sub-0048,179,152
sub-0048,180,180
sub-0048,181,181
sub-0048,182,182
sub-0048,183,183
sub-0048,184,184
sub-0048,185,185
sub-0048,186,186
sub-0048,187,187
sub-0048,188,188
sub-0048,189,189
sub-0048,190,190
sub-0048,191,191
sub-0048,192,192
sub-0048,193,193
sub-0048,194,194
sub-0048,195,195
sub-0048,196,196
sub-0048,197,197
sub-0048,198,198
sub-0048,199,199
sub-0048,200,200
sub-0048,201,201
sub-0048,202,205
sub-0048,203,203
sub-0048,204,204
sub-0048,205,205
sub-0048,206,153
sub-0048,207,207
sub-0048,208,225
sub-0048,209,225
sub-0048,210,189
sub-0048,211,197
sub-0048,212,212
sub-0048,213,155
sub-0048,214,214
sub-0048,215,215
sub-0048,216,216
sub-0048,217,217
sub-0048,218,56
sub-0048,219,202
sub-0048,220,210
sub-0048,221,207
sub-0048,222,222
sub-0048,223,223
sub-0048,224,224
sub-0048,225,157
sub-0048,226,27
sub-0048,227,230
sub-0048,228,228
sub-0048,229,229
sub-0048,230,153
sub-0048,231,153
sub-0049,0,0
sub-0049,1,1
sub-0049,2,2
sub-0049,3,3
sub-0049,4,103
sub-0049,5,5
sub-0049,6,6
sub-0049,7,7
sub-0049,8,8
sub-0049,9,9
sub-0049,10,10
sub-0049,11,11
sub-0049,12,125
sub-0049,13,13
sub-0049,14,14
sub-0049,15,15
sub-0049,16,16
sub-0049,17,17
sub-0049,18,18
sub-0049,19,19
sub-0049,20,20
sub-0049,21,21
sub-0049,22,22
sub-0049,23,23
sub-0049,24,24
sub-0049,25,25
sub-0049,26,26
sub-0049,27,27
sub-0049,28,28
sub-0049,29,28
sub-0049,30,30
sub-0049,31,31
sub-0049,32,71
sub-0049,33,33
sub-0049,34,34
sub-0049,35,35
sub-0049,36,36
sub-0049,37,37
sub-0049,38,38
sub-0049,39,39
sub-0049,40,40
sub-0049,41,41
sub-0049,42,141
sub-0049,43,43
sub-0049,44,44
sub-0049,45,137
sub-0049,46,46
sub-0049,47,47
sub-0049,48,48
sub-0049,49,49
sub-0049,50,50
sub-0049,51,51
sub-0049,52,55
sub-0049,53,53
sub-0049,54,54
sub-0049,55,227
sub-0049,56,56
sub-0049,57,57
sub-0049,58,58
sub-0049,59,59
sub-0049,60,64
sub-0049,61,166
sub-0049,62,64
sub-0049,63,63
sub-0049,64,64
sub-0049,65,65
sub-0049,66,66
sub-0049,67,67
sub-0049,68,68
sub-0049,69,69
sub-0049,70,70
sub-0049,71,71
sub-0049,72,72
sub-0049,73,73
sub-0049,74,74
sub-0049,75,72
sub-0049,76,76
sub-0049,77,77
sub-0049,78,78
sub-0049,79,79
sub-0049,80,83
sub-0049,81,81
sub-0049,82,82
sub-0049,83,83
sub-0049,84,84
sub-0049,85,85
sub-0049,86,86
sub-0049,87,87
sub-0049,88,88
sub-0049,89,89
sub-0049,90,90
sub-0049,91,91
sub-0049,92,92
sub-0049,93,93
sub-0049,94,94
sub-0049,95,95
sub-0049,96,96
sub-0049,97,97
sub-0049,98,98
sub-0049,99,60
sub-0049,100,109
sub-0049,101,101
sub-0049,102,102
sub-0049,103,103
sub-0049,104,104
sub-0049,105,105
sub-0049,106,106
sub-0049,107,107
sub-0049,108,108
sub-0049,109,109
sub-0049,110,110
sub-0049,111,111
sub-0049,112,112
sub-0049,113,113
sub-0049,114,114
sub-0049,115,115
sub-0049,116,116
sub-0049,117,117
sub-0049,118,118
sub-0049,119,119
sub-0049,120,120
sub-0049,121,121
sub-0049,122,122
sub-0049,123,123
sub-0049,124,143
sub-0049,125,125
sub-0049,126,126
sub-0049,127,103
sub-0049,128,128
sub-0049,129,129
sub-0049,130,130
sub-0049,131,131
sub-0049,132,132
sub-0049,133,73
sub-0049,134,112
sub-0049,135,166
sub-0049,136,136
sub-0049,137,137
sub-0049,138,138
sub-0049,139,139
sub-0049,140,140
sub-0049,141,141
sub-0049,142,142
sub-0049,143,65
sub-0049,144,144
sub-0049,145,145
sub-0049,146,146
sub-0049,147,147
sub-0049,148,148
sub-0049,149,148
sub-0049,150,150
sub-0049,151,151
sub-0049,152,152
sub-0049,153,153
sub-0049,154,154
sub-0049,155,155
sub-0049,156,156
sub-0049,157,178
sub-0049,158,158
sub-0049,159,83
sub-0049,160,160
sub-0049,161,83
sub-0049,162,83
sub-0049,163,208
sub-0049,164,164
sub-0049,165,165
sub-0049,166,166
sub-0049,167,150
sub-0049,168,168
sub-0049,169,169
sub-0049,170,170
sub-0049,171,171
sub-0049,172,172
sub-0049,173,173
sub-0049,174,64
sub-0049,175,175
sub-0049,176,176
sub-0049,177,177
sub-0049,178,178
sub-0049,179,179
sub-0049,180,180
sub-0049,181,181
sub-0049,182,182
sub-0049,183,183
sub-0049,184,60
sub-0049,185,185
sub-0049,186,186
sub-0049,187,187
sub-0049,188,188
sub-0049,189,189
sub-0049,190,190
sub-0049,191,191
sub-0049,192,192
sub-0049,193,193
sub-0049,194,194
sub-0049,195,195
sub-0049,196,196
sub-0049,197,191
sub-0049,198,178
sub-0049,199,199
sub-0049,200,200
sub-0049,201,201
sub-0049,202,202
sub-0049,203,203
sub-0049,204,204
sub-0049,205,205
sub-0049,206,206
sub-0049,207,221
sub-0049,208,65
sub-0049,209,209
sub-0049,210,53
sub-0049,211,189
sub-0049,212,212
sub-0049,213,213
sub-0049,214,214
sub-0049,215,215
sub-0049,216,216
sub-0049,217,217
sub-0049,218,218
sub-0049,219,219
sub-0049,220,207
sub-0049,221,221
sub-0049,222,222
sub-0049,223,223
sub-0049,224,224
sub-0049,225,225
sub-0049,226,224
sub-0049,227,221
sub-0049,228,228
sub-0049,229,229
sub-0049,230,208
sub-0049,231,231
sub-0050,0,0
sub-0050,1,1
sub-0050,2,2
sub-0050,3,3
sub-0050,4,4
sub-0050,5,5
sub-0050,6,6
sub-0050,7,7
sub-0050,8,8
sub-0050,9,9
sub-0050,10,8
sub-0050,11,11
sub-0050,12,12
sub-0050,13,13
sub-0050,14,14
sub-0050,15,15
sub-0050,16,16
sub-0050,17,17
sub-0050,18,18
sub-0050,19,19
sub-0050,20,167
sub-0050,21,199
sub-0050,22,217
sub-0050,23,23
sub-0050,24,24
sub-0050,25,213
sub-0050,26,26
sub-0050,27,142
sub-0050,28,28
sub-0050,29,29
sub-0050,30,198
sub-0050,31,59
sub-0050,32,59
sub-0050,33,33
sub-0050,34,34
sub-0050,35,35
sub-0050,36,36
sub-0050,37,37
sub-0050,38,38
sub-0050,39,39
sub-0050,40,42
sub-0050,41,41
sub-0050,42,42
sub-0050,43,43
sub-0050,44,44
sub-0050,45,140
sub-0050,46,59
sub-0050,47,47
sub-0050,48,48
sub-0050,49,49
sub-0050,50,156
sub-0050,51,51
sub-0050,52,217
sub-0050,53,53
sub-0050,54,54
sub-0050,55,101
sub-0050,56,56
sub-0050,57,57
sub-0050,58,58
sub-0050,59,59
sub-0050,60,60
sub-0050,61,46
sub-0050,62,67
sub-0050,63,140
sub-0050,64,64
sub-0050,65,147
sub-0050,66,66
sub-0050,67,67
sub-0050,68,68
sub-0050,69,66
sub-0050,70,153
sub-0050,71,71
sub-0050,72,185
sub-0050,73,73
sub-0050,74,74
sub-0050,75,75
sub-0050,76,76
sub-0050,77,77
sub-0050,78,78
sub-0050,79,79
sub-0050,80,80
sub-0050,81,81
sub-0050,82,162
sub-0050,83,83
sub-0050,84,189
sub-0050,85,68
sub-0050,86,142
sub-0050,87,87
sub-0050,88,88
sub-0050,89,68
sub-0050,90,90
sub-0050,91,91
sub-0050,92,79
sub-0050,93,192
sub-0050,94,213
sub-0050,95,95
sub-0050,96,96
sub-0050,97,97
sub-0050,98,66
sub-0050,99,142
sub-0050,100,100
sub-0050,101,101
sub-0050,102,102
sub-0050,103,103
sub-0050,104,104
sub-0050,105,105
sub-0050,106,7
sub-0050,107,107
sub-0050,108,108
sub-0050,109,109
sub-0050,110,7
sub-0050,111,1
sub-0050,112,112
sub-0050,113,113
sub-0050,114,147
sub-0050,115,115
sub-0050,116,116
sub-0050,117,117
sub-0050,118,18
sub-0050,119,140
sub-0050,120,120
sub-0050,121,121
sub-0050,122,122
sub-0050,123,123
sub-0050,124,124
sub-0050,125,125
sub-0050,126,213
sub-0050,127,221
sub-0050,128,97
sub-0050,129,129
sub-0050,130,130
sub-0050,131,131
sub-0050,132,132
sub-0050,133,140
sub-0050,134,134
sub-0050,135,135
sub-0050,136,136
sub-0050,137,34
sub-0050,138,134
sub-0050,139,139
sub-0050,140,140
sub-0050,141,141
sub-0050,142,142
sub-0050,143,192
sub-0050,144,199
sub-0050,145,145
sub-0050,146,146
sub-0050,147,198
sub-0050,148,148
sub-0050,149,149
sub-0050,150,150
sub-0050,151,156
sub-0050,152,46
sub-0050,153,46
sub-0050,154,154
sub-0050,155,155
sub-0050,156,156
sub-0050,157,157
sub-0050,158,158
sub-0050,159,159
sub-0050,160,97
sub-0050,161,197
sub-0050,162,142
sub-0050,163,163
sub-0050,164,164
sub-0050,165,165
sub-0050,166,166
sub-0050,167,167
sub-0050,168,142
sub-0050,169,169
sub-0050,170,170
sub-0050,171,171
sub-0050,172,172
sub-0050,173,173
sub-0050,174,75
sub-0050,175,151
sub-0050,176,176
sub-0050,177,171
sub-0050,178,178
sub-0050,179,75
sub-0050,180,96
sub-0050,181,181
sub-0050,182,182
sub-0050,183,183
sub-0050,184,184
sub-0050,185,185
sub-0050,186,186
sub-0050,187,77
sub-0050,188,188
sub-0050,189,189
sub-0050,190,190
sub-0050,191,191
sub-0050,192,192
sub-0050,193,193
sub-0050,194,194
sub-0050,195,195
sub-0050,196,196
sub-0050,197,197
sub-0050,198,198
sub-0050,199,199
sub-0050,200,162
sub-0050,201,77
sub-0050,202,226
sub-0050,203,8
sub-0050,204,227
sub-0050,205,205
sub-0050,206,206
sub-0050,207,221
sub-0050,208,208
sub-0050,209,209
sub-0050,210,30
sub-0050,211,224
sub-0050,212,212
sub-0050,213,198
sub-0050,214,214
sub-0050,215,215
sub-0050,216,162
sub-0050,217,217
sub-0050,218,218
sub-0050,219,162
sub-0050,220,220
sub-0050,221,221
sub-0050,222,222
sub-0050,223,223
sub-0050,224,77
sub-0050,225,224
sub-0050,226,221
sub-0050,227,217
sub-0050,228,228
sub-0050,229,192
sub-0050,230,230
sub-0050,231,231
sub-0051,0,0
sub-0051,1,1
sub-0051,2,2
sub-0051,3,3
sub-0051,4,4
sub-0051,5,5
sub-0051,6,6
sub-0051,7,7
sub-0051,8,8
sub-0051,9,9
sub-0051,10,10
sub-0051,11,11
sub-0051,12,12
sub-0051,13,13
sub-0051,14,14
sub-0051,15,15
sub-0051,16,16
sub-0051,17,17
sub-0051,18,18
sub-0051,19,19
sub-0051,20,20
sub-0051,21,21
sub-0051,22,199
sub-0051,23,23
sub-0051,24,24
sub-0051,25,199
sub-0051,26,26
sub-0051,27,27
sub-0051,28,28
sub-0051,29,29
sub-0051,30,199
sub-0051,31,56
sub-0051,32,28
sub-0051,33,56
sub-0051,34,34
sub-0051,35,72
sub-0051,36,36
sub-0051,37,37
sub-0051,38,38
sub-0051,39,39
sub-0051,40,40
sub-0051,41,199
sub-0051,42,42
sub-0051,43,43
sub-0051,44,44
sub-0051,45,45
sub-0051,46,167
sub-0051,47,47
sub-0051,48,48
sub-0051,49,49
sub-0051,50,50
sub-0051,51,51
sub-0051,52,53
sub-0051,53,53
sub-0051,54,54
sub-0051,55,218
sub-0051,56,56
sub-0051,57,57
sub-0051,58,58
sub-0051,59,59
sub-0051,60,60
sub-0051,61,61
sub-0051,62,62
sub-0051,63,63
sub-0051,64,64
sub-0051,65,155
sub-0051,66,66
sub-0051,67,67
sub-0051,68,68
sub-0051,69,69
sub-0051,70,70
sub-0051,71,71
sub-0051,72,53
sub-0051,73,73
sub-0051,74,74
sub-0051,75,75
sub-0051,76,76
sub-0051,77,77
sub-0051,78,78
sub-0051,79,79
sub-0051,80,80
sub-0051,81,81
sub-0051,82,82
sub-0051,83,83
sub-0051,84,84
sub-0051,85,85
sub-0051,86,66
sub-0051,87,87
sub-0051,88,88
sub-0051,89,89
sub-0051,90,90
sub-0051,91,90
sub-0051,92,53
sub-0051,93,93
sub-0051,94,94
sub-0051,95,95
sub-0051,96,96
sub-0051,97,97
sub-0051,98,98
sub-0051,99,99
sub-0051,100,100
sub-0051,101,101
sub-0051,102,102
sub-0051,103,103
sub-0051,104,104
sub-0051,105,105
sub-0051,106,106
sub-0051,107,107
sub-0051,108,108
sub-0051,109,109
sub-0051,110,110
sub-0051,111,111
sub-0051,112,112
sub-0051,113,113
sub-0051,114,114
sub-0051,115,115
sub-0051,116,116
sub-0051,117,117
sub-0051,118,118
sub-0051,119,15
sub-0051,120,120
sub-0051,121,121
sub-0051,122,122
sub-0051,123,123
sub-0051,124,124
sub-0051,125,125
sub-0051,126,126
sub-0051,127,127
sub-0051,128,128
sub-0051,129,129
sub-0051,130,130
sub-0051,131,131
sub-0051,132,132
sub-0051,133,133
sub-0051,134,134
sub-0051,135,135
sub-0051,136,136
sub-0051,137,137
sub-0051,138,138
sub-0051,139,139
sub-0051,140,60
sub-0051,141,141
sub-0051,142,167
sub-0051,143,143
sub-0051,144,144
sub-0051,145,145
sub-0051,146,146
sub-0051,147,210
sub-0051,148,148
sub-0051,149,149
sub-0051,150,150
sub-0051,151,151
sub-0051,152,152
sub-0051,153,153
sub-0051,154,154
sub-0051,155,155
sub-0051,156,156
sub-0051,157,157
sub-0051,158,158
sub-0051,159,159
sub-0051,160,160
sub-0051,161,161
sub-0051,162,54
sub-0051,163,56
sub-0051,164,164
sub-0051,165,165
sub-0051,166,166
sub-0051,167,167
sub-0051,168,168
sub-0051,169,169
sub-0051,170,170
sub-0051,171,56
sub-0051,172,172
sub-0051,173,173
sub-0051,174,174
sub-0051,175,175
sub-0051,176,178
sub-0051,177,177
sub-0051,178,178
sub-0051,179,179
sub-0051,180,180
sub-0051,181,181
sub-0051,182,182
sub-0051,183,68
sub-0051,184,184
sub-0051,185,185
sub-0051,186,186
sub-0051,187,187
sub-0051,188,188
sub-0051,189,83
sub-0051,190,190
sub-0051,191,191
sub-0051,192,192
sub-0051,193,193
sub-0051,194,194
sub-0051,195,195
sub-0051,196,196
sub-0051,197,197
sub-0051,198,145
sub-0051,199,199
sub-0051,200,83
sub-0051,201,201
sub-0051,202,53
sub-0051,203,53
sub-0051,204,204
sub-0051,205,205
sub-0051,206,206
sub-0051,207,207
sub-0051,208,208
sub-0051,209,209
sub-0051,210,161
sub-0051,211,224
sub-0051,212,212
sub-0051,213,144
sub-0051,214,214
sub-0051,215,215
sub-0051,216,216
sub-0051,217,217
sub-0051,218,218
sub-0051,219,219
sub-0051,220,204
sub-0051,221,221
sub-0051,222,222
sub-0051,223,205
sub-0051,224,224
sub-0051,225,225
sub-0051,226,226
sub-0051,227,210
sub-0051,228,228
sub-0051,229,229
sub-0051,230,230
sub-0051,231,231
sub-0052,0,0
sub-0052,1,1
sub-0052,2,2
sub-0052,3,3
sub-0052,4,4
sub-0052,5,5
sub-0052,6,6
sub-0052,7,7
sub-0052,8,8
sub-0052,9,9
sub-0052,10,111
sub-0052,11,11
sub-0052,12,118
sub-0052,13,13
sub-0052,14,14
sub-0052,15,15
sub-0052,16,16
sub-0052,17,17
sub-0052,18,18
sub-0052,19,19
sub-0052,20,124
sub-0052,21,21
sub-0052,22,176
sub-0052,23,23
sub-0052,24,24
sub-0052,25,25
sub-0052,26,26
sub-0052,27,27
sub-0052,28,28
sub-0052,29,29
sub-0052,30,32
sub-0052,31,56
sub-0052,32,32
sub-0052,33,33
sub-0052,34,112
sub-0052,35,35
sub-0052,36,36
sub-0052,37,37
sub-0052,38,32
sub-0052,39,39
sub-0052,40,40
sub-0052,41,221
sub-0052,42,42
sub-0052,43,43
sub-0052,44,44
sub-0052,45,45
sub-0052,46,46
sub-0052,47,47
sub-0052,48,48
sub-0052,49,60
sub-0052,50,50
sub-0052,51,51
sub-0052,52,52
sub-0052,53,60
sub-0052,54,54
sub-0052,55,55
sub-0052,56,138
sub-0052,57,57
sub-0052,58,56
sub-0052,59,59
sub-0052,60,60
sub-0052,61,61
sub-0052,62,62
sub-0052,63,56
sub-0052,64,64
sub-0052,65,56
sub-0052,66,66
sub-0052,67,67
sub-0052,68,68
sub-0052,69,69
sub-0052,70,68
sub-0052,71,71
sub-0052,72,72
sub-0052,73,73
sub-0052,74,74
sub-0052,75,75
sub-0052,76,159
sub-0052,77,77
sub-0052,78,62
sub-0052,79,79
sub-0052,80,80
sub-0052,81,81
sub-0052,82,82
sub-0052,83,83
sub-0052,84,198
sub-0052,85,85
sub-0052,86,86
sub-0052,87,87
sub-0052,88,88
sub-0052,89,89
sub-0052,90,90
sub-0052,91,68
sub-0052,92,224
sub-0052,93,93
sub-0052,94,94
sub-0052,95,56
sub-0052,96,181
sub-0052,97,148
sub-0052,98,199
sub-0052,99,99
sub-0052,100,100
sub-0052,101,101
sub-0052,102,102
sub-0052,103,103
sub-0052,104,104
sub-0052,105,105
sub-0052,106,106
sub-0052,107,107
sub-0052,108,108
sub-0052,109,109
sub-0052,110,110
sub-0052,111,111
sub-0052,112,112
sub-0052,113,113
sub-0052,114,114
sub-0052,115,115
sub-0052,116,116
sub-0052,117,117
sub-0052,118,138
sub-0052,119,119
sub-0052,120,120
sub-0052,121,121
sub-0052,122,122
sub-0052,123,123
sub-0052,124,124
sub-0052,125,125
sub-0052,126,126
sub-0052,127,127
sub-0052,128,128
sub-0052,129,129
sub-0052,130,130
sub-0052,131,131
sub-0052,132,132
sub-0052,133,133
sub-0052,134,134
sub-0052,135,135
sub-0052,136,136
sub-0052,137,137
sub-0052,138,138
sub-0052,139,139
sub-0052,140,140
sub-0052,141,141
sub-0052,142,113
sub-0052,143,199
sub-0052,144,144
sub-0052,145,145
sub-0052,146,56
sub-0052,147,147
sub-0052,148,148
sub-0052,149,149
sub-0052,150,150
sub-0052,151,175
sub-0052,152,152
sub-0052,153,156
sub-0052,154,199
sub-0052,155,184
sub-0052,156,156
sub-0052,157,157
sub-0052,158,158
sub-0052,159,159
sub-0052,160,160
sub-0052,161,191
sub-0052,162,162
sub-0052,163,163
sub-0052,164,164
sub-0052,165,165
sub-0052,166,166
sub-0052,167,56
sub-0052,168,168
sub-0052,169,169
sub-0052,170,170
sub-0052,171,171
sub-0052,172,172
sub-0052,173,173
sub-0052,174,174
sub-0052,175,191
sub-0052,176,176
sub-0052,177,191
sub-0052,178,178
sub-0052,179,179
sub-0052,180,180
sub-0052,181,181
sub-0052,182,182
sub-0052,183,183
sub-0052,184,184
sub-0052,185,185
sub-0052,186,186
sub-0052,187,50
sub-0052,188,188
sub-0052,189,189
sub-0052,190,190
sub-0052,191,191
sub-0052,192,198
sub-0052,193,172
sub-0052,194,194
sub-0052,195,111
sub-0052,196,198
sub-0052,197,198
sub-0052,198,198
sub-0052,199,199
sub-0052,200,200
sub-0052,201,201
sub-0052,202,202
sub-0052,203,203
sub-0052,204,204
sub-0052,205,112
sub-0052,206,226
sub-0052,207,199
sub-0052,208,208
sub-0052,209,209
sub-0052,210,113
sub-0052,211,70
sub-0052,212,224
sub-0052,213,229
sub-0052,214,214
sub-0052,215,187
sub-0052,216,216
sub-0052,217,156
sub-0052,218,218
sub-0052,219,219
sub-0052,220,156
sub-0052,221,50
sub-0052,222,226
sub-0052,223,56
sub-0052,224,204
sub-0052,225,212
sub-0052,226,210
sub-0052,227,211
sub-0052,228,228
sub-0052,229,224
sub-0052,230,231
sub-0052,231,224
sub-0053,0,0
sub-0053,1,1
sub-0053,2,2
sub-0053,3,3
sub-0053,4,4
sub-0053,5,5
sub-0053,6,6
sub-0053,7,7
sub-0053,8,8
sub-0053,9,9
sub-0053,10,10
sub-0053,11,11
sub-0053,12,12
sub-0053,13,13
sub-0053,14,102
sub-0053,15,15
sub-0053,16,37
sub-0053,17,17
sub-0053,18,18
sub-0053,19,19
sub-0053,20,20
sub-0053,21,40
sub-0053,22,22
sub-0053,23,23
sub-0053,24,24
sub-0053,25,25
sub-0053,26,26
sub-0053,27,27
sub-0053,28,28
sub-0053,29,29
sub-0053,30,139
sub-0053,31,31
sub-0053,32,138
sub-0053,33,33
sub-0053,34,34
sub-0053,35,35
sub-0053,36,139
sub-0053,37,37
sub-0053,38,38
sub-0053,39,39
sub-0053,40,40
sub-0053,41,41
sub-0053,42,42
sub-0053,43,43
sub-0053,44,44
sub-0053,45,45
sub-0053,46,46
sub-0053,47,47
sub-0053,48,48
sub-0053,49,49
sub-0053,50,50
sub-0053,51,51
sub-0053,52,52
sub-0053,53,53
sub-0053,54,54
sub-0053,55,55
sub-0053,56,56
sub-0053,57,57
sub-0053,58,58
sub-0053,59,59
sub-0053,60,37
sub-0053,61,61
sub-0053,62,175
sub-0053,63,168
sub-0053,64,64
sub-0053,65,65
sub-0053,66,66
sub-0053,67,74
sub-0053,68,68
sub-0053,69,69
sub-0053,70,70
sub-0053,71,71
sub-0053,72,72
sub-0053,73,73
sub-0053,74,74
sub-0053,75,75
sub-0053,76,76
sub-0053,77,77
sub-0053,78,78
sub-0053,79,79
sub-0053,80,80
sub-0053,81,81
sub-0053,82,82
sub-0053,83,83
sub-0053,84,84
sub-0053,85,85
sub-0053,86,74
sub-0053,87,87
sub-0053,88,88
sub-0053,89,89
sub-0053,90,90
sub-0053,91,91
sub-0053,92,92
sub-0053,93,93
sub-0053,94,94
sub-0053,95,195
sub-0053,96,96
sub-0053,97,97
sub-0053,98,98
sub-0053,99,99
sub-0053,100,100
sub-0053,101,101
sub-0053,102,102
sub-0053,103,103
sub-0053,104,104
sub-0053,105,105
sub-0053,106,106
sub-0053,107,107
sub-0053,108,108
sub-0053,109,109
sub-0053,110,111
sub-0053,111,111
sub-0053,112,112
sub-0053,113,113
sub-0053,114,114
sub-0053,115,115
sub-0053,116,116
sub-0053,117,117
sub-0053,118,139
sub-0053,119,119
sub-0053,120,120
sub-0053,121,121
sub-0053,122,122
sub-0053,123,123
sub-0053,124,124
sub-0053,125,125
sub-0053,126,126
sub-0053,127,127
sub-0053,128,128
sub-0053,129,129
sub-0053,130,130
sub-0053,131,139
sub-0053,132,132
sub-0053,133,133
sub-0053,134,134
sub-0053,135,135
sub-0053,136,136
sub-0053,137,137
sub-0053,138,138
sub-0053,139,139
sub-0053,140,139
sub-0053,141,141
sub-0053,142,2
sub-0053,143,40
sub-0053,144,144
sub-0053,145,145
sub-0053,146,146
sub-0053,147,146
sub-0053,148,148
sub-0053,149,149
sub-0053,150,40
sub-0053,151,151
sub-0053,152,152
sub-0053,153,176
sub-0053,154,154
sub-0053,155,155
sub-0053,156,156
sub-0053,157,157
sub-0053,158,158
sub-0053,159,159
sub-0053,160,160
sub-0053,161,88
sub-0053,162,162
sub-0053,163,163
sub-0053,164,164
sub-0053,165,165
sub-0053,166,174
sub-0053,167,167
sub-0053,168,168
sub-0053,169,41
sub-0053,170,170
sub-0053,171,171
sub-0053,172,172
sub-0053,173,173
sub-0053,174,174
sub-0053,175,175
sub-0053,176,176
sub-0053,177,177
sub-0053,178,178
sub-0053,179,74
sub-0053,180,180
sub-0053,181,181
sub-0053,182,180
sub-0053,183,183
sub-0053,184,184
sub-0053,185,185
sub-0053,186,181
sub-0053,187,125
sub-0053,188,188
sub-0053,189,189
sub-0053,190,189
sub-0053,191,191
sub-0053,192,192
sub-0053,193,193
sub-0053,194,194
sub-0053,195,195
sub-0053,196,196
sub-0053,197,197
sub-0053,198,198
sub-0053,199,199
sub-0053,200,200
sub-0053,201,205
sub-0053,202,202
sub-0053,203,218
sub-0053,204,204
sub-0053,205,205
sub-0053,206,223
sub-0053,207,221
sub-0053,208,208
sub-0053,209,209
sub-0053,210,144
sub-0053,211,228
sub-0053,212,212
sub-0053,213,213
sub-0053,214,214
sub-0053,215,215
sub-0053,216,216
sub-0053,217,217
sub-0053,218,218
sub-0053,219,219
sub-0053,220,220
sub-0053,221,221
sub-0053,222,223
sub-0053,223,207
sub-0053,224,229
sub-0053,225,225
sub-0053,226,205
sub-0053,227,224
sub-0053,228,228
sub-0053,229,229
sub-0053,230,230
sub-0053,231,231
sub-0054,0,0
sub-0054,1,1
sub-0054,2,2
sub-0054,3,3
sub-0054,4,4
sub-0054,5,5
sub-0054,6,6
sub-0054,7,7
sub-0054,8,8
sub-0054,9,9
sub-0054,10,10
sub-0054,11,11
sub-0054,12,12
sub-0054,13,13
sub-0054,14,14
sub-0054,15,15
sub-0054,16,16
sub-0054,17,17
sub-0054,18,213
sub-0054,19,19
sub-0054,20,25
sub-0054,21,21
sub-0054,22,40
sub-0054,23,23
sub-0054,24,24
sub-0054,25,25
sub-0054,26,218
sub-0054,27,27
sub-0054,28,28
sub-0054,29,29
sub-0054,30,30
sub-0054,31,31
sub-0054,32,32
sub-0054,33,33
sub-0054,34,34
sub-0054,35,35
sub-0054,36,36
sub-0054,37,37
sub-0054,38,38
sub-0054,39,39
sub-0054,40,40
sub-0054,41,41
sub-0054,42,62
sub-0054,43,43
sub-0054,44,44
sub-0054,45,45
sub-0054,46,46
sub-0054,47,47
sub-0054,48,64
sub-0054,49,49
sub-0054,50,50
sub-0054,51,51
sub-0054,52,52
sub-0054,53,53
sub-0054,54,54
sub-0054,55,54
sub-0054,56,56
sub-0054,57,57
sub-0054,58,66
sub-0054,59,59
sub-0054,60,60
sub-0054,61,61
sub-0054,62,62
sub-0054,63,63
sub-0054,64,69
sub-0054,65,65
sub-0054,66,66
sub-0054,67,67
sub-0054,68,68
sub-0054,69,69
sub-0054,70,69
sub-0054,71,71
sub-0054,72,72
sub-0054,73,73
sub-0054,74,74
sub-0054,75,68
sub-0054,76,76
sub-0054,77,77
sub-0054,78,78
sub-0054,79,79
sub-0054,80,80
sub-0054,81,81
sub-0054,82,82
sub-0054,83,69
sub-0054,84,84
sub-0054,85,69
sub-0054,86,99
sub-0054,87,87
sub-0054,88,88
sub-0054,89,89
sub-0054,90,90
sub-0054,91,91
sub-0054,92,92
sub-0054,93,69
sub-0054,94,94
sub-0054,95,95
sub-0054,96,96
sub-0054,97,97
sub-0054,98,218
sub-0054,99,99
sub-0054,100,100
sub-0054,101,56
sub-0054,102,102
sub-0054,103,103
sub-0054,104,3
sub-0054,105,105
sub-0054,106,106
sub-0054,107,107
sub-0054,108,108
sub-0054,109,109
sub-0054,110,110
sub-0054,111,111
sub-0054,112,112
sub-0054,113,113
sub-0054,114,114
sub-0054,115,115
sub-0054,116,116
sub-0054,117,117
sub-0054,118,118
sub-0054,119,119
sub-0054,120,120
sub-0054,121,121
sub-0054,122,122
sub-0054,123,123
sub-0054,124,124
sub-0054,125,139
sub-0054,126,126
sub-0054,127,127
sub-0054,128,128
sub-0054,129,7
sub-0054,130,130
sub-0054,131,131
sub-0054,132,132
sub-0054,133,133
sub-0054,134,134
sub-0054,135,135
sub-0054,136,136
sub-0054,137,137
sub-0054,138,138
sub-0054,139,139
sub-0054,140,140
sub-0054,141,141
sub-0054,142,199
sub-0054,143,204
sub-0054,144,144
sub-0054,145,145
sub-0054,146,146
sub-0054,147,147
sub-0054,148,148
sub-0054,149,149
sub-0054,150,150
sub-0054,151,151
sub-0054,152,152
sub-0054,153,177
sub-0054,154,154
sub-0054,155,155
sub-0054,156,156
sub-0054,157,70
sub-0054,158,158
sub-0054,159,159
sub-0054,160,160
sub-0054,161,161
sub-0054,162,162
sub-0054,163,163
sub-0054,164,164
sub-0054,165,165
sub-0054,166,166
sub-0054,167,150
sub-0054,168,69
sub-0054,169,169
sub-0054,170,157
sub-0054,171,171
sub-0054,172,172
sub-0054,173,173
sub-0054,174,174
sub-0054,175,175
sub-0054,176,176
sub-0054,177,177
sub-0054,178,178
sub-0054,179,179
sub-0054,180,180
sub-0054,181,181
sub-0054,182,182
sub-0054,183,183
sub-0054,184,184
sub-0054,185,185
sub-0054,186,186
sub-0054,187,187
sub-0054,188,188
sub-0054,189,189
sub-0054,190,190
sub-0054,191,191
sub-0054,192,157
sub-0054,193,193
sub-0054,194,194
sub-0054,195,195
sub-0054,196,196
sub-0054,197,199
sub-0054,198,198
sub-0054,199,199
sub-0054,200,200
sub-0054,201,201
sub-0054,202,202
sub-0054,203,203
sub-0054,204,97
sub-0054,205,205
sub-0054,206,71
sub-0054,207,207
sub-0054,208,217
sub-0054,209,225
sub-0054,210,162
sub-0054,211,197
sub-0054,212,212
sub-0054,213,213
sub-0054,214,214
sub-0054,215,215
sub-0054,216,220
sub-0054,217,217
sub-0054,218,56
sub-0054,219,219
sub-0054,220,220
sub-0054,221,221
sub-0054,222,222
sub-0054,223,223
sub-0054,224,205
sub-0054,225,225
sub-0054,226,210
sub-0054,227,45
sub-0054,228,228
sub-0054,229,229
sub-0054,230,230
sub-0054,231,231
sub-0055,0,0
sub-0055,1,1
sub-0055,2,2
sub-0055,3,3
sub-0055,4,4
sub-0055,5,5
sub-0055,6,8
sub-0055,7,7
sub-0055,8,8
sub-0055,9,9
sub-0055,10,10
sub-0055,11,11
sub-0055,12,139
sub-0055,13,13
sub-0055,14,14
sub-0055,15,15
sub-0055,16,16
sub-0055,17,17
sub-0055,18,18
sub-0055,19,120
sub-0055,20,41
sub-0055,21,52
sub-0055,22,221
sub-0055,23,23
sub-0055,24,20
sub-0055,25,116
sub-0055,26,26
sub-0055,27,149
sub-0055,28,28
sub-0055,29,29
sub-0055,30,28
sub-0055,31,31
sub-0055,32,32
sub-0055,33,33
sub-0055,34,34
sub-0055,35,35
sub-0055,36,36
sub-0055,37,37
sub-0055,38,38
sub-0055,39,39
sub-0055,40,63
sub-0055,41,41
sub-0055,42,39
sub-0055,43,43
sub-0055,44,44
sub-0055,45,45
sub-0055,46,46
sub-0055,47,47
sub-0055,48,48
sub-0055,49,49
sub-0055,50,50
sub-0055,51,51
sub-0055,52,52
sub-0055,53,53
sub-0055,54,54
sub-0055,55,202
sub-0055,56,56
sub-0055,57,57
sub-0055,58,58
sub-0055,59,59
sub-0055,60,60
sub-0055,61,69
sub-0055,62,62
sub-0055,63,38
sub-0055,64,64
sub-0055,65,47
sub-0055,66,66
sub-0055,67,67
sub-0055,68,68
sub-0055,69,69
sub-0055,70,70
sub-0055,71,71
sub-0055,72,72
sub-0055,73,73
sub-0055,74,74
sub-0055,75,75
sub-0055,76,76
sub-0055,77,77
sub-0055,78,78
sub-0055,79,79
sub-0055,80,80
sub-0055,81,81
sub-0055,82,82
sub-0055,83,83
sub-0055,84,84
sub-0055,85,85
sub-0055,86,86
sub-0055,87,87
sub-0055,88,88
sub-0055,89,89
sub-0055,90,90
sub-0055,91,91
sub-0055,92,92
sub-0055,93,93
sub-0055,94,227
sub-0055,95,95
sub-0055,96,96
sub-0055,97,97
sub-0055,98,98
sub-0055,99,99
sub-0055,100,100
sub-0055,101,101
sub-0055,102,102
sub-0055,103,103
sub-0055,104,104
sub-0055,105,105
sub-0055,106,106
sub-0055,107,107
sub-0055,108,108
sub-0055,109,109
sub-0055,110,110
sub-0055,111,111
sub-0055,112,112
sub-0055,113,113
sub-0055,114,114
sub-0055,115,115
sub-0055,116,138
sub-0055,117,117
sub-0055,118,116
sub-0055,119,119
sub-0055,120,120
sub-0055,121,121
sub-0055,122,122
sub-0055,123,123
sub-0055,124,124
sub-0055,125,125
sub-0055,126,126
sub-0055,127,127
sub-0055,128,128
sub-0055,129,129
sub-0055,130,130
sub-0055,131,131
sub-0055,132,132
sub-0055,133,5
sub-0055,134,134
sub-0055,135,135
sub-0055,136,136
sub-0055,137,137
sub-0055,138,138
sub-0055,139,139
sub-0055,140,140
sub-0055,141,141
sub-0055,142,149
sub-0055,143,143
sub-0055,144,39
sub-0055,145,145
sub-0055,146,146
sub-0055,147,204
sub-0055,148,148
sub-0055,149,149
sub-0055,150,150
sub-0055,151,176
sub-0055,152,152
sub-0055,153,153
sub-0055,154,154
sub-0055,155,155
sub-0055,156,156
sub-0055,157,157
sub-0055,158,158
sub-0055,159,159
sub-0055,160,160
sub-0055,161,52
sub-0055,162,52
sub-0055,163,163
sub-0055,164,171
sub-0055,165,165
sub-0055,166,166
sub-0055,167,39
sub-0055,168,168
sub-0055,169,89
sub-0055,170,170
sub-0055,171,171
sub-0055,172,172
sub-0055,173,173
sub-0055,174,174
sub-0055,175,175
sub-0055,176,176
sub-0055,177,177
sub-0055,178,178
sub-0055,179,171
sub-0055,180,180
sub-0055,181,133
sub-0055,182,182
sub-0055,183,183
sub-0055,184,43
sub-0055,185,185
sub-0055,186,186
sub-0055,187,187
sub-0055,188,188
sub-0055,189,189
sub-0055,190,190
sub-0055,191,191
sub-0055,192,192
sub-0055,193,193
sub-0055,194,8
sub-0055,195,202
sub-0055,196,196
sub-0055,197,197
sub-0055,198,198
sub-0055,199,189
sub-0055,200,200
sub-0055,201,201
sub-0055,202,202
sub-0055,203,203
sub-0055,204,171
sub-0055,205,205
sub-0055,206,206
sub-0055,207,207
sub-0055,208,208
sub-0055,209,209
sub-0055,210,153
sub-0055,211,99
sub-0055,212,212
sub-0055,213,213
sub-0055,214,214
sub-0055,215,215
sub-0055,216,52
sub-0055,217,171
sub-0055,218,218
sub-0055,219,218
sub-0055,220,53
sub-0055,221,221
sub-0055,222,222
sub-0055,223,204
sub-0055,224,224
sub-0055,225,225
sub-0055,226,223
sub-0055,227,161
sub-0055,228,228
sub-0055,229,229
sub-0055,230,230
sub-0055,231,231
sub-0056,0,0
sub-0056,1,1
sub-0056,2,2
sub-0056,3,3
sub-0056,4,4
sub-0056,5,5
sub-0056,6,6
sub-0056,7,7
sub-0056,8,8
sub-0056,9,9
sub-0056,10,10
sub-0056,11,11
sub-0056,12,148
sub-0056,13,13
sub-0056,14,14
sub-0056,15,15
sub-0056,16,16
sub-0056,17,118
sub-0056,18,18
sub-0056,19,118
sub-0056,20,20
sub-0056,21,21
sub-0056,22,126
sub-0056,23,23
sub-0056,24,25
sub-0056,25,25
sub-0056,26,26
sub-0056,27,27
sub-0056,28,28
sub-0056,29,29
sub-0056,30,30
sub-0056,31,31
sub-0056,32,32
sub-0056,33,57
sub-0056,34,34
sub-0056,35,59
sub-0056,36,36
sub-0056,37,37
sub-0056,38,38
sub-0056,39,39
sub-0056,40,40
sub-0056,41,41
sub-0056,42,42
sub-0056,43,43
sub-0056,44,44
sub-0056,45,118
sub-0056,46,46
sub-0056,47,88
sub-0056,48,48
sub-0056,49,49
sub-0056,50,50
sub-0056,51,51
sub-0056,52,52
sub-0056,53,162
sub-0056,54,54
sub-0056,55,55
sub-0056,56,165
sub-0056,57,57
sub-0056,58,58
sub-0056,59,59
sub-0056,60,148
sub-0056,61,61
sub-0056,62,67
sub-0056,63,63
sub-0056,64,64
sub-0056,65,25
sub-0056,66,66
sub-0056,67,67
sub-0056,68,68
sub-0056,69,69
sub-0056,70,70
sub-0056,71,71
sub-0056,72,72
sub-0056,73,73
sub-0056,74,74
sub-0056,75,75
sub-0056,76,76
sub-0056,77,159
sub-0056,78,78
sub-0056,79,79
sub-0056,80,80
sub-0056,81,81
sub-0056,82,82
sub-0056,83,68
sub-0056,84,84
sub-0056,85,85
sub-0056,86,86
sub-0056,87,87
sub-0056,88,88
sub-0056,89,89
sub-0056,90,90
sub-0056,91,91
sub-0056,92,92
sub-0056,93,93
sub-0056,94,94
sub-0056,95,148
sub-0056,96,96
sub-0056,97,97
sub-0056,98,98
sub-0056,99,68
sub-0056,100,100
sub-0056,101,101
sub-0056,102,102
sub-0056,103,0
sub-0056,104,104
sub-0056,105,105
sub-0056,106,106
sub-0056,107,107
sub-0056,108,108
sub-0056,109,109
sub-0056,110,110
sub-0056,111,148
sub-0056,112,112
sub-0056,113,113
sub-0056,114,114
sub-0056,115,118
sub-0056,116,116
sub-0056,117,117
sub-0056,118,118
sub-0056,119,119
sub-0056,120,118
sub-0056,121,121
sub-0056,122,118
sub-0056,123,123
sub-0056,124,199
sub-0056,125,125
sub-0056,126,126
sub-0056,127,127
sub-0056,128,128
sub-0056,129,129
sub-0056,130,130
sub-0056,131,131
sub-0056,132,132
sub-0056,133,133
sub-0056,134,134
sub-0056,135,135
sub-0056,136,136
sub-0056,137,137
sub-0056,138,138
sub-0056,139,139
sub-0056,140,165
sub-0056,141,141
sub-0056,142,142
sub-0056,143,143
sub-0056,144,144
sub-0056,145,145
sub-0056,146,146
sub-0056,147,147
sub-0056,148,148
sub-0056,149,149
sub-0056,150,150
sub-0056,151,151
sub-0056,152,49
sub-0056,153,153
sub-0056,154,154
sub-0056,155,155
sub-0056,156,162
sub-0056,157,157
sub-0056,158,158
sub-0056,159,159
sub-0056,160,220
sub-0056,161,161
sub-0056,162,162
sub-0056,163,163
sub-0056,164,164
sub-0056,165,165
sub-0056,166,165
sub-0056,167,167
sub-0056,168,171
sub-0056,169,209
sub-0056,170,170
sub-0056,171,171
sub-0056,172,172
sub-0056,173,173
sub-0056,174,174
sub-0056,175,175
sub-0056,176,176
sub-0056,177,177
sub-0056,178,178
sub-0056,179,179
sub-0056,180,180
sub-0056,181,75
sub-0056,182,182
sub-0056,183,46
sub-0056,184,184
sub-0056,185,185
sub-0056,186,186
sub-0056,187,230
sub-0056,188,188
sub-0056,189,189
sub-0056,190,190
sub-0056,191,191
sub-0056,192,192
sub-0056,193,193
sub-0056,194,194
sub-0056,195,195
sub-0056,196,196
sub-0056,197,197
sub-0056,198,198
sub-0056,199,199
sub-0056,200,200
sub-0056,201,201
sub-0056,202,202
sub-0056,203,220
sub-0056,204,220
sub-0056,205,205
sub-0056,206,206
sub-0056,207,165
sub-0056,208,208
sub-0056,209,225
sub-0056,210,92
sub-0056,211,8
sub-0056,212,212
sub-0056,213,213
sub-0056,214,153
sub-0056,215,215
sub-0056,216,216
sub-0056,217,187
sub-0056,218,204
sub-0056,219,52
sub-0056,220,171
sub-0056,221,221
sub-0056,222,222
sub-0056,223,173
sub-0056,224,209
sub-0056,225,153
sub-0056,226,226
sub-0056,227,227
sub-0056,228,228
sub-0056,229,118
sub-0056,230,160
sub-0056,231,231
sub-0058,0,103
sub-0058,1,1
sub-0058,2,2
sub-0058,3,3
sub-0058,4,4
sub-0058,5,5
sub-0058,6,6
sub-0058,7,123
sub-0058,8,8
sub-0058,9,9
sub-0058,10,10
sub-0058,11,11
sub-0058,12,119
sub-0058,13,13
sub-0058,14,14
sub-0058,15,15
sub-0058,16,16
sub-0058,17,17
sub-0058,18,18
sub-0058,19,120
sub-0058,20,20
sub-0058,21,21
sub-0058,22,17
sub-0058,23,23
sub-0058,24,198
sub-0058,25,25
sub-0058,26,26
sub-0058,27,27
sub-0058,28,28
sub-0058,29,29
sub-0058,30,30
sub-0058,31,31
sub-0058,32,32
sub-0058,33,33
sub-0058,34,34
sub-0058,35,35
sub-0058,36,36
sub-0058,37,37
sub-0058,38,64
sub-0058,39,39
sub-0058,40,40
sub-0058,41,41
sub-0058,42,146
sub-0058,43,43
sub-0058,44,44
sub-0058,45,45
sub-0058,46,46
sub-0058,47,155
sub-0058,48,48
sub-0058,49,49
sub-0058,50,50
sub-0058,51,51
sub-0058,52,52
sub-0058,53,53
sub-0058,54,160
sub-0058,55,55
sub-0058,56,139
sub-0058,57,64
sub-0058,58,38
sub-0058,59,38
sub-0058,60,38
sub-0058,61,64
sub-0058,62,62
sub-0058,63,63
sub-0058,64,64
sub-0058,65,65
sub-0058,66,96
sub-0058,67,64
sub-0058,68,68
sub-0058,69,69
sub-0058,70,70
sub-0058,71,71
sub-0058,72,137
sub-0058,73,73
sub-0058,74,74
sub-0058,75,75
sub-0058,76,76
sub-0058,77,77
sub-0058,78,78
sub-0058,79,79
sub-0058,80,80
sub-0058,81,81
sub-0058,82,82
sub-0058,83,83
sub-0058,84,86
sub-0058,85,85
sub-0058,86,86
sub-0058,87,87
sub-0058,88,88
sub-0058,89,89
sub-0058,90,90
sub-0058,91,91
sub-0058,92,92
sub-0058,93,93
sub-0058,94,94
sub-0058,95,95
sub-0058,96,96
sub-0058,97,97
sub-0058,98,98
sub-0058,99,99
sub-0058,100,100
sub-0058,101,101
sub-0058,102,0
sub-0058,103,103
sub-0058,104,104
sub-0058,105,105
sub-0058,106,8
sub-0058,107,107
sub-0058,108,108
sub-0058,109,109
sub-0058,110,110
sub-0058,111,111
sub-0058,112,112
sub-0058,113,119
sub-0058,114,114
sub-0058,115,115
sub-0058,116,116
sub-0058,117,117
sub-0058,118,118
sub-0058,119,119
sub-0058,120,120
sub-0058,121,121
sub-0058,122,122
sub-0058,123,124
sub-0058,124,199
sub-0058,125,125
sub-0058,126,126
sub-0058,127,127
sub-0058,128,128
sub-0058,129,129
sub-0058,130,130
sub-0058,131,99
sub-0058,132,132
sub-0058,133,133
sub-0058,134,134
sub-0058,135,135
sub-0058,136,136
sub-0058,137,137
sub-0058,138,138
sub-0058,139,139
sub-0058,140,140
sub-0058,141,141
sub-0058,142,104
sub-0058,143,169
sub-0058,144,144
sub-0058,145,139
sub-0058,146,146
sub-0058,147,114
sub-0058,148,148
sub-0058,149,149
sub-0058,150,174
sub-0058,151,151
sub-0058,152,152
sub-0058,153,153
sub-0058,154,154
sub-0058,155,155
sub-0058,156,156
sub-0058,157,157
sub-0058,158,158
sub-0058,159,81
sub-0058,160,160
sub-0058,161,161
sub-0058,162,162
sub-0058,163,163
sub-0058,164,164
sub-0058,165,165
sub-0058,166,166
sub-0058,167,167
sub-0058,168,168
sub-0058,169,89
sub-0058,170,172
sub-0058,171,171
sub-0058,172,172
sub-0058,173,173
sub-0058,174,174
sub-0058,175,175
sub-0058,176,176
sub-0058,177,177
sub-0058,178,178
sub-0058,179,179
sub-0058,180,180
sub-0058,181,181
sub-0058,182,182
sub-0058,183,183
sub-0058,184,174
sub-0058,185,185
sub-0058,186,186
sub-0058,187,187
sub-0058,188,188
sub-0058,189,189
sub-0058,190,50
sub-0058,191,191
sub-0058,192,192
sub-0058,193,193
sub-0058,194,194
sub-0058,195,195
sub-0058,196,198
sub-0058,197,197
sub-0058,198,198
sub-0058,199,199
sub-0058,200,200
sub-0058,201,163
sub-0058,202,202
sub-0058,203,203
sub-0058,204,204
sub-0058,205,220
sub-0058,206,173
sub-0058,207,207
sub-0058,208,14
sub-0058,209,209
sub-0058,210,131
sub-0058,211,166
sub-0058,212,119
sub-0058,213,213
sub-0058,214,214
sub-0058,215,215
sub-0058,216,216
sub-0058,217,204
sub-0058,218,95
sub-0058,219,219
sub-0058,220,220
sub-0058,221,204
sub-0058,222,64
sub-0058,223,223
sub-0058,224,224
sub-0058,225,152
sub-0058,226,160
sub-0058,227,212
sub-0058,228,228
sub-0058,229,229
sub-0058,230,230
sub-0058,231,231
sub-0059,0,229
sub-0059,1,1
sub-0059,2,2
sub-0059,3,3
sub-0059,4,4
sub-0059,5,5
sub-0059,6,6
sub-0059,7,7
sub-0059,8,8
sub-0059,9,9
sub-0059,10,10
sub-0059,11,11
sub-0059,12,12
sub-0059,13,13
sub-0059,14,14
sub-0059,15,15
sub-0059,16,16
sub-0059,17,17
sub-0059,18,18
sub-0059,19,19
sub-0059,20,20
sub-0059,21,21
sub-0059,22,24
sub-0059,23,23
sub-0059,24,99
sub-0059,25,25
sub-0059,26,26
sub-0059,27,27
sub-0059,28,28
sub-0059,29,29
sub-0059,30,30
sub-0059,31,31
sub-0059,32,32
sub-0059,33,33
sub-0059,34,34
sub-0059,35,35
sub-0059,36,36
sub-0059,37,37
sub-0059,38,38
sub-0059,39,39
sub-0059,40,40
sub-0059,41,41
sub-0059,42,42
sub-0059,43,43
sub-0059,44,44
sub-0059,45,146
sub-0059,46,53
sub-0059,47,64
sub-0059,48,48
sub-0059,49,153
sub-0059,50,50
sub-0059,51,51
sub-0059,52,52
sub-0059,53,53
sub-0059,54,54
sub-0059,55,55
sub-0059,56,56
sub-0059,57,64
sub-0059,58,58
sub-0059,59,64
sub-0059,60,138
sub-0059,61,53
sub-0059,62,62
sub-0059,63,63
sub-0059,64,64
sub-0059,65,65
sub-0059,66,66
sub-0059,67,67
sub-0059,68,68
sub-0059,69,69
sub-0059,70,70
sub-0059,71,71
sub-0059,72,72
sub-0059,73,73
sub-0059,74,74
sub-0059,75,75
sub-0059,76,76
sub-0059,77,77
sub-0059,78,78
sub-0059,79,79
sub-0059,80,80
sub-0059,81,81
sub-0059,82,82
sub-0059,83,69
sub-0059,84,86
sub-0059,85,85
sub-0059,86,86
sub-0059,87,87
sub-0059,88,88
sub-0059,89,89
sub-0059,90,90
sub-0059,91,91
sub-0059,92,92
sub-0059,93,93
sub-0059,94,94
sub-0059,95,95
sub-0059,96,96
sub-0059,97,97
sub-0059,98,199
sub-0059,99,99
sub-0059,100,100
sub-0059,101,101
sub-0059,102,102
sub-0059,103,103
sub-0059,104,104
sub-0059,105,105
sub-0059,106,106
sub-0059,107,107
sub-0059,108,108
sub-0059,109,109
sub-0059,110,110
sub-0059,111,111
sub-0059,112,112
sub-0059,113,113
sub-0059,114,114
sub-0059,115,115
sub-0059,116,116
sub-0059,117,117
sub-0059,118,118
sub-0059,119,119
sub-0059,120,120
sub-0059,121,121
sub-0059,122,122
sub-0059,123,123
sub-0059,124,124
sub-0059,125,125
sub-0059,126,41
sub-0059,127,127
sub-0059,128,128
sub-0059,129,129
sub-0059,130,130
sub-0059,131,131
sub-0059,132,132
sub-0059,133,133
sub-0059,134,138
sub-0059,135,135
sub-0059,136,136
sub-0059,137,137
sub-0059,138,138
sub-0059,139,139
sub-0059,140,140
sub-0059,141,141
sub-0059,142,142
sub-0059,143,143
sub-0059,144,144
sub-0059,145,145
sub-0059,146,146
sub-0059,147,147
sub-0059,148,148
sub-0059,149,149
sub-0059,150,150
sub-0059,151,154
sub-0059,152,152
sub-0059,153,189
sub-0059,154,154
sub-0059,155,46
sub-0059,156,156
sub-0059,157,157
sub-0059,158,158
sub-0059,159,159
sub-0059,160,169
sub-0059,161,69
sub-0059,162,162
sub-0059,163,163
sub-0059,164,172
sub-0059,165,165
sub-0059,166,138
sub-0059,167,146
sub-0059,168,64
sub-0059,169,67
sub-0059,170,170
sub-0059,171,169
sub-0059,172,172
sub-0059,173,178
sub-0059,174,69
sub-0059,175,175
sub-0059,176,176
sub-0059,177,177
sub-0059,178,178
sub-0059,179,179
sub-0059,180,180
sub-0059,181,181
sub-0059,182,182
sub-0059,183,183
sub-0059,184,184
sub-0059,185,185
sub-0059,186,186
sub-0059,187,86
sub-0059,188,188
sub-0059,189,189
sub-0059,190,86
sub-0059,191,191
sub-0059,192,192
sub-0059,193,193
sub-0059,194,194
sub-0059,195,195
sub-0059,196,86
sub-0059,197,197
sub-0059,198,149
sub-0059,199,199
sub-0059,200,200
sub-0059,201,97
sub-0059,202,202
sub-0059,203,203
sub-0059,204,195
sub-0059,205,205
sub-0059,206,206
sub-0059,207,207
sub-0059,208,51
sub-0059,209,103
sub-0059,210,140
sub-0059,211,99
sub-0059,212,212
sub-0059,213,213
sub-0059,214,214
sub-0059,215,215
sub-0059,216,101
sub-0059,217,217
sub-0059,218,218
sub-0059,219,219
sub-0059,220,147
sub-0059,221,221
sub-0059,222,222
sub-0059,223,223
sub-0059,224,156
sub-0059,225,0
sub-0059,226,64
sub-0059,227,227
sub-0059,228,228
sub-0059,229,229
sub-0059,230,160
sub-0059,231,231
sub-0060,0,224
sub-0060,1,1
sub-0060,2,2
sub-0060,3,3
sub-0060,4,4
sub-0060,5,5
sub-0060,6,6
sub-0060,7,7
sub-0060,8,8
sub-0060,9,9
sub-0060,10,10
sub-0060,11,11
sub-0060,12,12
sub-0060,13,13
sub-0060,14,14
sub-0060,15,15
sub-0060,16,16
sub-0060,17,17
sub-0060,18,18
sub-0060,19,19
sub-0060,20,124
sub-0060,21,21
sub-0060,22,22
sub-0060,23,23
sub-0060,24,24
sub-0060,25,24
sub-0060,26,26
sub-0060,27,27
sub-0060,28,28
sub-0060,29,29
sub-0060,30,30
sub-0060,31,31
sub-0060,32,32
sub-0060,33,56
sub-0060,34,34
sub-0060,35,35
sub-0060,36,36
sub-0060,37,37
sub-0060,38,38
sub-0060,39,39
sub-0060,40,41
sub-0060,41,229
sub-0060,42,42
sub-0060,43,43
sub-0060,44,44
sub-0060,45,45
sub-0060,46,46
sub-0060,47,60
sub-0060,48,48
sub-0060,49,49
sub-0060,50,50
sub-0060,51,51
sub-0060,52,52
sub-0060,53,54
sub-0060,54,54
sub-0060,55,219
sub-0060,56,56
sub-0060,57,57
sub-0060,58,58
sub-0060,59,59
sub-0060,60,60
sub-0060,61,99
sub-0060,62,62
sub-0060,63,63
sub-0060,64,99
sub-0060,65,65
sub-0060,66,66
sub-0060,67,67
sub-0060,68,68
sub-0060,69,69
sub-0060,70,174
sub-0060,71,71
sub-0060,72,72
sub-0060,73,73
sub-0060,74,74
sub-0060,75,75
sub-0060,76,76
sub-0060,77,226
sub-0060,78,99
sub-0060,79,79
sub-0060,80,80
sub-0060,81,81
sub-0060,82,82
sub-0060,83,83
sub-0060,84,99
sub-0060,85,85
sub-0060,86,86
sub-0060,87,87
sub-0060,88,88
sub-0060,89,83
sub-0060,90,90
sub-0060,91,91
sub-0060,92,92
sub-0060,93,93
sub-0060,94,94
sub-0060,95,95
sub-0060,96,97
sub-0060,97,97
sub-0060,98,99
sub-0060,99,99
sub-0060,100,0
sub-0060,101,130
sub-0060,102,102
sub-0060,103,103
sub-0060,104,104
sub-0060,105,105
sub-0060,106,106
sub-0060,107,107
sub-0060,108,108
sub-0060,109,109
sub-0060,110,110
sub-0060,111,111
sub-0060,112,112
sub-0060,113,113
sub-0060,114,114
sub-0060,115,115
sub-0060,116,166
sub-0060,117,117
sub-0060,118,118
sub-0060,119,119
sub-0060,120,120
sub-0060,121,121
sub-0060,122,122
sub-0060,123,123
sub-0060,124,124
sub-0060,125,125
sub-0060,126,24
sub-0060,127,147
sub-0060,128,128
sub-0060,129,129
sub-0060,130,171
sub-0060,131,131
sub-0060,132,132
sub-0060,133,133
sub-0060,134,166
sub-0060,135,133
sub-0060,136,136
sub-0060,137,32
sub-0060,138,138
sub-0060,139,139
sub-0060,140,140
sub-0060,141,141
sub-0060,142,203
sub-0060,143,55
sub-0060,144,98
sub-0060,145,145
sub-0060,146,146
sub-0060,147,147
sub-0060,148,148
sub-0060,149,149
sub-0060,150,171
sub-0060,151,151
sub-0060,152,166
sub-0060,153,153
sub-0060,154,154
sub-0060,155,155
sub-0060,156,156
sub-0060,157,157
sub-0060,158,51
sub-0060,159,159
sub-0060,160,160
sub-0060,161,161
sub-0060,162,162
sub-0060,163,163
sub-0060,164,164
sub-0060,165,165
sub-0060,166,166
sub-0060,167,38
sub-0060,168,168
sub-0060,169,169
sub-0060,170,170
sub-0060,171,171
sub-0060,172,172
sub-0060,173,173
sub-0060,174,174
sub-0060,175,175
sub-0060,176,176
sub-0060,177,177
sub-0060,178,178
sub-0060,179,179
sub-0060,180,180
sub-0060,181,32
sub-0060,182,182
sub-0060,183,198
sub-0060,184,184
sub-0060,185,183
sub-0060,186,186
sub-0060,187,187
sub-0060,188,188
sub-0060,189,189
sub-0060,190,160
sub-0060,191,191
sub-0060,192,192
sub-0060,193,176
sub-0060,194,10
sub-0060,195,30
sub-0060,196,196
sub-0060,197,197
sub-0060,198,198
sub-0060,199,199
sub-0060,200,200
sub-0060,201,51
sub-0060,202,160
sub-0060,203,201
sub-0060,204,52
sub-0060,205,205
sub-0060,206,206
sub-0060,207,207
sub-0060,208,166
sub-0060,209,162
sub-0060,210,98
sub-0060,211,208
sub-0060,212,224
sub-0060,213,213
sub-0060,214,214
sub-0060,215,215
sub-0060,216,216
sub-0060,217,217
sub-0060,218,218
sub-0060,219,98
sub-0060,220,220
sub-0060,221,221
sub-0060,222,222
sub-0060,223,223
sub-0060,224,166
sub-0060,225,225
sub-0060,226,169
sub-0060,227,54
sub-0060,228,228
sub-0060,229,24
sub-0060,230,230
sub-0060,231,231
sub-0061,0,0
sub-0061,1,1
sub-0061,2,2
sub-0061,3,3
sub-0061,4,4
sub-0061,5,5
sub-0061,6,6
sub-0061,7,7
sub-0061,8,54
sub-0061,9,9
sub-0061,10,10
sub-0061,11,11
sub-0061,12,118
sub-0061,13,13
sub-0061,14,28
sub-0061,15,15
sub-0061,16,16
sub-0061,17,120
sub-0061,18,18
sub-0061,19,19
sub-0061,20,20
sub-0061,21,21
sub-0061,22,20
sub-0061,23,223
sub-0061,24,118
sub-0061,25,25
sub-0061,26,26
sub-0061,27,27
sub-0061,28,28
sub-0061,29,29
sub-0061,30,30
sub-0061,31,31
sub-0061,32,32
sub-0061,33,33
sub-0061,34,34
sub-0061,35,35
sub-0061,36,118
sub-0061,37,119
sub-0061,38,38
sub-0061,39,59
sub-0061,40,40
sub-0061,41,222
sub-0061,42,42
sub-0061,43,43
sub-0061,44,44
sub-0061,45,45
sub-0061,46,46
sub-0061,47,47
sub-0061,48,48
sub-0061,49,49
sub-0061,50,50
sub-0061,51,51
sub-0061,52,69
sub-0061,53,218
sub-0061,54,54
sub-0061,55,50
sub-0061,56,50
sub-0061,57,57
sub-0061,58,58
sub-0061,59,59
sub-0061,60,60
sub-0061,61,62
sub-0061,62,62
sub-0061,63,63
sub-0061,64,64
sub-0061,65,66
sub-0061,66,66
sub-0061,67,67
sub-0061,68,68
sub-0061,69,69
sub-0061,70,62
sub-0061,71,71
sub-0061,72,67
sub-0061,73,73
sub-0061,74,74
sub-0061,75,88
sub-0061,76,76
sub-0061,77,77
sub-0061,78,88
sub-0061,79,79
sub-0061,80,80
sub-0061,81,81
sub-0061,82,82
sub-0061,83,83
sub-0061,84,84
sub-0061,85,85
sub-0061,86,86
sub-0061,87,87
sub-0061,88,88
sub-0061,89,89
sub-0061,90,90
sub-0061,91,91
sub-0061,92,92
sub-0061,93,93
sub-0061,94,94
sub-0061,95,95
sub-0061,96,195
sub-0061,97,8
sub-0061,98,98
sub-0061,99,99
sub-0061,100,100
sub-0061,101,101
sub-0061,102,30
sub-0061,103,103
sub-0061,104,104
sub-0061,105,105
sub-0061,106,106
sub-0061,107,107
sub-0061,108,108
sub-0061,109,8
sub-0061,110,110
sub-0061,111,111
sub-0061,112,112
sub-0061,113,113
sub-0061,114,114
sub-0061,115,115
sub-0061,116,116
sub-0061,117,117
sub-0061,118,118
sub-0061,119,119
sub-0061,120,120
sub-0061,121,121
sub-0061,122,122
sub-0061,123,123
sub-0061,124,124
sub-0061,125,126
sub-0061,126,118
sub-0061,127,30
sub-0061,128,4
sub-0061,129,129
sub-0061,130,130
sub-0061,131,131
sub-0061,132,132
sub-0061,133,133
sub-0061,134,134
sub-0061,135,135
sub-0061,136,136
sub-0061,137,137
sub-0061,138,138
sub-0061,139,139
sub-0061,140,140
sub-0061,141,30
sub-0061,142,4
sub-0061,143,199
sub-0061,144,144
sub-0061,145,145
sub-0061,146,140
sub-0061,147,120
sub-0061,148,148
sub-0061,149,148
sub-0061,150,150
sub-0061,151,174
sub-0061,152,152
sub-0061,153,153
sub-0061,154,154
sub-0061,155,155
sub-0061,156,156
sub-0061,157,157
sub-0061,158,158
sub-0061,159,159
sub-0061,160,160
sub-0061,161,225
sub-0061,162,54
sub-0061,163,163
sub-0061,164,176
sub-0061,165,165
sub-0061,166,166
sub-0061,167,167
sub-0061,168,168
sub-0061,169,227
sub-0061,170,216
sub-0061,171,69
sub-0061,172,172
sub-0061,173,173
sub-0061,174,174
sub-0061,175,175
sub-0061,176,176
sub-0061,177,177
sub-0061,178,178
sub-0061,179,67
sub-0061,180,180
sub-0061,181,181
sub-0061,182,182
sub-0061,183,183
sub-0061,184,184
sub-0061,185,185
sub-0061,186,186
sub-0061,187,99
sub-0061,188,188
sub-0061,189,189
sub-0061,190,190
sub-0061,191,191
sub-0061,192,192
sub-0061,193,56
sub-0061,194,195
sub-0061,195,195
sub-0061,196,196
sub-0061,197,198
sub-0061,198,198
sub-0061,199,3
sub-0061,200,200
sub-0061,201,217
sub-0061,202,52
sub-0061,203,203
sub-0061,204,30
sub-0061,205,205
sub-0061,206,206
sub-0061,207,207
sub-0061,208,210
sub-0061,209,209
sub-0061,210,227
sub-0061,211,211
sub-0061,212,212
sub-0061,213,213
sub-0061,214,214
sub-0061,215,69
sub-0061,216,202
sub-0061,217,157
sub-0061,218,218
sub-0061,219,219
sub-0061,220,220
sub-0061,221,221
sub-0061,222,222
sub-0061,223,223
sub-0061,224,50
sub-0061,225,208
sub-0061,226,208
sub-0061,227,208
sub-0061,228,228
sub-0061,229,229
sub-0061,230,230
sub-0061,231,230
sub-0062,0,0
sub-0062,1,1
sub-0062,2,2
sub-0062,3,3
sub-0062,4,4
sub-0062,5,5
sub-0062,6,6
sub-0062,7,7
sub-0062,8,201
sub-0062,9,8
sub-0062,10,10
sub-0062,11,11
sub-0062,12,12
sub-0062,13,13
sub-0062,14,14
sub-0062,15,15
sub-0062,16,16
sub-0062,17,17
sub-0062,18,18
sub-0062,19,19
sub-0062,20,20
sub-0062,21,21
sub-0062,22,22
sub-0062,23,23
sub-0062,24,24
sub-0062,25,25
sub-0062,26,26
sub-0062,27,120
sub-0062,28,28
sub-0062,29,29
sub-0062,30,30
sub-0062,31,31
sub-0062,32,32
sub-0062,33,57
sub-0062,34,34
sub-0062,35,35
sub-0062,36,36
sub-0062,37,37
sub-0062,38,149
sub-0062,39,39
sub-0062,40,56
sub-0062,41,41
sub-0062,42,42
sub-0062,43,43
sub-0062,44,44
sub-0062,45,45
sub-0062,46,46
sub-0062,47,43
sub-0062,48,151
sub-0062,49,49
sub-0062,50,50
sub-0062,51,51
sub-0062,52,52
sub-0062,53,53
sub-0062,54,50
sub-0062,55,160
sub-0062,56,102
sub-0062,57,57
sub-0062,58,58
sub-0062,59,59
sub-0062,60,60
sub-0062,61,56
sub-0062,62,62
sub-0062,63,63
sub-0062,64,64
sub-0062,65,56
sub-0062,66,66
sub-0062,67,67
sub-0062,68,68
sub-0062,69,69
sub-0062,70,178
sub-0062,71,71
sub-0062,72,72
sub-0062,73,73
sub-0062,74,74
sub-0062,75,75
sub-0062,76,76
sub-0062,77,79
sub-0062,78,78
sub-0062,79,79
sub-0062,80,80
sub-0062,81,81
sub-0062,82,82
sub-0062,83,83
sub-0062,84,84
sub-0062,85,69
sub-0062,86,86
sub-0062,87,87
sub-0062,88,88
sub-0062,89,69
sub-0062,90,90
sub-0062,91,153
sub-0062,92,92
sub-0062,93,93
sub-0062,94,94
sub-0062,95,95
sub-0062,96,96
sub-0062,97,97
sub-0062,98,98
sub-0062,99,99
sub-0062,100,100
sub-0062,101,28
sub-0062,102,102
sub-0062,103,103
sub-0062,104,104
sub-0062,105,105
sub-0062,106,106
sub-0062,107,107
sub-0062,108,108
sub-0062,109,204
sub-0062,110,110
sub-0062,111,111
sub-0062,112,112
sub-0062,113,126
sub-0062,114,114
sub-0062,115,115
sub-0062,116,116
sub-0062,117,117
sub-0062,118,118
sub-0062,119,119
sub-0062,120,120
sub-0062,121,121
sub-0062,122,122
sub-0062,123,123
sub-0062,124,124
sub-0062,125,126
sub-0062,126,139
sub-0062,127,126
sub-0062,128,114
sub-0062,129,129
sub-0062,130,130
sub-0062,131,56
sub-0062,132,195
sub-0062,133,133
sub-0062,134,56
sub-0062,135,56
sub-0062,136,136
sub-0062,137,137
sub-0062,138,138
sub-0062,139,139
sub-0062,140,119
sub-0062,141,141
sub-0062,142,207
sub-0062,143,149
sub-0062,144,126
sub-0062,145,119
sub-0062,146,146
sub-0062,147,147
sub-0062,148,148
sub-0062,149,149
sub-0062,150,150
sub-0062,151,151
sub-0062,152,152
sub-0062,153,153
sub-0062,154,154
sub-0062,155,155
sub-0062,156,156
sub-0062,157,157
sub-0062,158,158
sub-0062,159,79
sub-0062,160,160
sub-0062,161,161
sub-0062,162,162
sub-0062,163,163
sub-0062,164,66
sub-0062,165,165
sub-0062,166,166
sub-0062,167,142
sub-0062,168,168
sub-0062,169,66
sub-0062,170,170
sub-0062,171,171
sub-0062,172,172
sub-0062,173,183
sub-0062,174,178
sub-0062,175,153
sub-0062,176,176
sub-0062,177,177
sub-0062,178,178
sub-0062,179,178
sub-0062,180,180
sub-0062,181,181
sub-0062,182,182
sub-0062,183,183
sub-0062,184,184
sub-0062,185,185
sub-0062,186,186
sub-0062,187,187
sub-0062,188,188
sub-0062,189,176
sub-0062,190,217
sub-0062,191,191
sub-0062,192,192
sub-0062,193,97
sub-0062,194,194
sub-0062,195,195
sub-0062,196,195
sub-0062,197,192
sub-0062,198,183
sub-0062,199,152
sub-0062,200,200
sub-0062,201,200
sub-0062,202,176
sub-0062,203,203
sub-0062,204,56
sub-0062,205,126
sub-0062,206,206
sub-0062,207,116
sub-0062,208,218
sub-0062,209,209
sub-0062,210,229
sub-0062,211,211
sub-0062,212,212
sub-0062,213,213
sub-0062,214,214
sub-0062,215,215
sub-0062,216,200
sub-0062,217,217
sub-0062,218,56
sub-0062,219,219
sub-0062,220,220
sub-0062,221,126
sub-0062,222,222
sub-0062,223,223
sub-0062,224,208
sub-0062,225,225
sub-0062,226,56
sub-0062,227,183
sub-0062,228,228
sub-0062,229,229
sub-0062,230,214
sub-0062,231,231
sub-0063,0,131
sub-0063,1,1
sub-0063,2,2
sub-0063,3,102
sub-0063,4,0
sub-0063,5,5
sub-0063,6,6
sub-0063,7,7
sub-0063,8,2
sub-0063,9,9
sub-0063,10,10
sub-0063,11,11
sub-0063,12,12
sub-0063,13,13
sub-0063,14,14
sub-0063,15,15
sub-0063,16,16
sub-0063,17,17
sub-0063,18,18
sub-0063,19,19
sub-0063,20,204
sub-0063,21,21
sub-0063,22,205
sub-0063,23,23
sub-0063,24,199
sub-0063,25,25
sub-0063,26,26
sub-0063,27,27
sub-0063,28,28
sub-0063,29,29
sub-0063,30,30
sub-0063,31,31
sub-0063,32,32
sub-0063,33,56
sub-0063,34,34
sub-0063,35,35
sub-0063,36,36
sub-0063,37,37
sub-0063,38,38
sub-0063,39,39
sub-0063,40,40
sub-0063,41,41
sub-0063,42,42
sub-0063,43,43
sub-0063,44,44
sub-0063,45,45
sub-0063,46,46
sub-0063,47,47
sub-0063,48,48
sub-0063,49,49
sub-0063,50,50
sub-0063,51,51
sub-0063,52,52
sub-0063,53,53
sub-0063,54,187
sub-0063,55,147
sub-0063,56,56
sub-0063,57,57
sub-0063,58,58
sub-0063,59,59
sub-0063,60,60
sub-0063,61,56
sub-0063,62,62
sub-0063,63,63
sub-0063,64,64
sub-0063,65,65
sub-0063,66,66
sub-0063,67,176
sub-0063,68,68
sub-0063,69,69
sub-0063,70,70
sub-0063,71,71
sub-0063,72,72
sub-0063,73,73
sub-0063,74,74
sub-0063,75,75
sub-0063,76,76
sub-0063,77,77
sub-0063,78,78
sub-0063,79,79
sub-0063,80,80
sub-0063,81,81
sub-0063,82,82
sub-0063,83,83
sub-0063,84,0
sub-0063,85,85
sub-0063,86,86
sub-0063,87,87
sub-0063,88,88
sub-0063,89,89
sub-0063,90,90
sub-0063,91,91
sub-0063,92,92
sub-0063,93,93
sub-0063,94,153
sub-0063,95,32
sub-0063,96,96
sub-0063,97,97
sub-0063,98,124
sub-0063,99,43
sub-0063,100,100
sub-0063,101,101
sub-0063,102,102
sub-0063,103,103
sub-0063,104,104
sub-0063,105,105
sub-0063,106,106
sub-0063,107,131
sub-0063,108,108
sub-0063,109,109
sub-0063,110,110
sub-0063,111,111
sub-0063,112,112
sub-0063,113,113
sub-0063,114,114
sub-0063,115,115
sub-0063,116,116
sub-0063,117,117
sub-0063,118,118
sub-0063,119,119
sub-0063,120,120
sub-0063,121,121
sub-0063,122,122
sub-0063,123,123
sub-0063,124,115
sub-0063,125,125
sub-0063,126,126
sub-0063,127,127
sub-0063,128,128
sub-0063,129,129
sub-0063,130,130
sub-0063,131,131
sub-0063,132,132
sub-0063,133,133
sub-0063,134,134
sub-0063,135,135
sub-0063,136,136
sub-0063,137,137
sub-0063,138,138
sub-0063,139,139
sub-0063,140,140
sub-0063,141,141
sub-0063,142,49
sub-0063,143,148
sub-0063,144,144
sub-0063,145,145
sub-0063,146,146
sub-0063,147,115
sub-0063,148,148
sub-0063,149,149
sub-0063,150,150
sub-0063,151,151
sub-0063,152,152
sub-0063,153,153
sub-0063,154,154
sub-0063,155,155
sub-0063,156,156
sub-0063,157,157
sub-0063,158,158
sub-0063,159,159
sub-0063,160,160
sub-0063,161,160
sub-0063,162,202
sub-0063,163,163
sub-0063,164,164
sub-0063,165,165
sub-0063,166,166
sub-0063,167,167
sub-0063,168,168
sub-0063,169,169
sub-0063,170,170
sub-0063,171,171
sub-0063,172,90
sub-0063,173,150
sub-0063,174,174
sub-0063,175,171
sub-0063,176,176
sub-0063,177,177
sub-0063,178,178
sub-0063,179,187
sub-0063,180,180
sub-0063,181,181
sub-0063,182,182
sub-0063,183,183
sub-0063,184,148
sub-0063,185,185
sub-0063,186,186
sub-0063,187,209
sub-0063,188,188
sub-0063,189,189
sub-0063,190,190
sub-0063,191,80
sub-0063,192,192
sub-0063,193,193
sub-0063,194,194
sub-0063,195,195
sub-0063,196,196
sub-0063,197,197
sub-0063,198,198
sub-0063,199,199
sub-0063,200,200
sub-0063,201,171
sub-0063,202,54
sub-0063,203,203
sub-0063,204,204
sub-0063,205,205
sub-0063,206,206
sub-0063,207,207
sub-0063,208,224
sub-0063,209,209
sub-0063,210,210
sub-0063,211,72
sub-0063,212,212
sub-0063,213,213
sub-0063,214,214
sub-0063,215,215
sub-0063,216,216
sub-0063,217,217
sub-0063,218,219
sub-0063,219,219
sub-0063,220,220
sub-0063,221,221
sub-0063,222,56
sub-0063,223,223
sub-0063,224,115
sub-0063,225,225
sub-0063,226,166
sub-0063,227,187
sub-0063,228,228
sub-0063,229,229
sub-0063,230,230
sub-0063,231,231
sub-0064,0,0
sub-0064,1,1
sub-0064,2,2
sub-0064,3,102
sub-0064,4,4
sub-0064,5,5
sub-0064,6,6
sub-0064,7,7
sub-0064,8,8
sub-0064,9,9
sub-0064,10,10
sub-0064,11,11
sub-0064,12,12
sub-0064,13,13
sub-0064,14,14
sub-0064,15,15
sub-0064,16,16
sub-0064,17,17
sub-0064,18,18
sub-0064,19,19
sub-0064,20,20
sub-0064,21,21
sub-0064,22,22
sub-0064,23,23
sub-0064,24,24
sub-0064,25,25
sub-0064,26,26
sub-0064,27,27
sub-0064,28,28
sub-0064,29,29
sub-0064,30,30
sub-0064,31,31
sub-0064,32,32
sub-0064,33,33
sub-0064,34,34
sub-0064,35,35
sub-0064,36,36
sub-0064,37,37
sub-0064,38,38
sub-0064,39,39
sub-0064,40,40
sub-0064,41,41
sub-0064,42,42
sub-0064,43,43
sub-0064,44,44
sub-0064,45,45
sub-0064,46,46
sub-0064,47,154
sub-0064,48,48
sub-0064,49,178
sub-0064,50,50
sub-0064,51,51
sub-0064,52,52
sub-0064,53,53
sub-0064,54,54
sub-0064,55,200
sub-0064,56,28
sub-0064,57,173
sub-0064,58,58
sub-0064,59,59
sub-0064,60,60
sub-0064,61,61
sub-0064,62,99
sub-0064,63,27
sub-0064,64,64
sub-0064,65,65
sub-0064,66,51
sub-0064,67,67
sub-0064,68,68
sub-0064,69,157
sub-0064,70,178
sub-0064,71,71
sub-0064,72,36
sub-0064,73,73
sub-0064,74,74
sub-0064,75,75
sub-0064,76,76
sub-0064,77,77
sub-0064,78,78
sub-0064,79,79
sub-0064,80,51
sub-0064,81,81
sub-0064,82,82
sub-0064,83,83
sub-0064,84,84
sub-0064,85,85
sub-0064,86,86
sub-0064,87,87
sub-0064,88,88
sub-0064,89,178
sub-0064,90,90
sub-0064,91,91
sub-0064,92,51
sub-0064,93,84
sub-0064,94,94
sub-0064,95,95
sub-0064,96,96
sub-0064,97,97
sub-0064,98,98
sub-0064,99,99
sub-0064,100,100
sub-0064,101,101
sub-0064,102,102
sub-0064,103,103
sub-0064,104,104
sub-0064,105,105
sub-0064,106,10
sub-0064,107,107
sub-0064,108,108
sub-0064,109,109
sub-0064,110,110
sub-0064,111,111
sub-0064,112,112
sub-0064,113,113
sub-0064,114,114
sub-0064,115,115
sub-0064,116,116
sub-0064,117,117
sub-0064,118,118
sub-0064,119,115
sub-0064,120,120
sub-0064,121,121
sub-0064,122,122
sub-0064,123,98
sub-0064,124,124
sub-0064,125,125
sub-0064,126,26
sub-0064,127,124
sub-0064,128,26
sub-0064,129,129
sub-0064,130,130
sub-0064,131,99
sub-0064,132,132
sub-0064,133,151
sub-0064,134,151
sub-0064,135,135
sub-0064,136,136
sub-0064,137,137
sub-0064,138,36
sub-0064,139,139
sub-0064,140,27
sub-0064,141,43
sub-0064,142,142
sub-0064,143,55
sub-0064,144,99
sub-0064,145,229
sub-0064,146,146
sub-0064,147,60
sub-0064,148,148
sub-0064,149,38
sub-0064,150,150
sub-0064,151,151
sub-0064,152,152
sub-0064,153,153
sub-0064,154,154
sub-0064,155,155
sub-0064,156,156
sub-0064,157,157
sub-0064,158,158
sub-0064,159,178
sub-0064,160,160
sub-0064,161,161
sub-0064,162,162
sub-0064,163,163
sub-0064,164,174
sub-0064,165,165
sub-0064,166,166
sub-0064,167,167
sub-0064,168,168
sub-0064,169,169
sub-0064,170,170
sub-0064,171,171
sub-0064,172,172
sub-0064,173,173
sub-0064,174,174
sub-0064,175,175
sub-0064,176,176
sub-0064,177,178
sub-0064,178,178
sub-0064,179,179
sub-0064,180,180
sub-0064,181,99
sub-0064,182,182
sub-0064,183,183
sub-0064,184,184
sub-0064,185,185
sub-0064,186,186
sub-0064,187,178
sub-0064,188,188
sub-0064,189,189
sub-0064,190,190
sub-0064,191,191
sub-0064,192,192
sub-0064,193,216
sub-0064,194,194
sub-0064,195,195
sub-0064,196,196
sub-0064,197,197
sub-0064,198,198
sub-0064,199,199
sub-0064,200,200
sub-0064,201,200
sub-0064,202,202
sub-0064,203,203
sub-0064,204,217
sub-0064,205,205
sub-0064,206,206
sub-0064,207,207
sub-0064,208,208
sub-0064,209,209
sub-0064,210,151
sub-0064,211,151
sub-0064,212,212
sub-0064,213,213
sub-0064,214,214
sub-0064,215,215
sub-0064,216,216
sub-0064,217,216
sub-0064,218,218
sub-0064,219,219
sub-0064,220,220
sub-0064,221,220
sub-0064,222,222
sub-0064,223,206
sub-0064,224,224
sub-0064,225,225
sub-0064,226,226
sub-0064,227,206
sub-0064,228,228
sub-0064,229,210
sub-0064,230,230
sub-0064,231,206
sub-0065,0,0
sub-0065,1,1
sub-0065,2,2
sub-0065,3,3
sub-0065,4,4
sub-0065,5,5
sub-0065,6,6
sub-0065,7,7
sub-0065,8,8
sub-0065,9,9
sub-0065,10,10
sub-0065,11,11
sub-0065,12,12
sub-0065,13,13
sub-0065,14,14
sub-0065,15,15
sub-0065,16,16
sub-0065,17,17
sub-0065,18,18
sub-0065,19,19
sub-0065,20,20
sub-0065,21,21
sub-0065,22,144
sub-0065,23,23
sub-0065,24,22
sub-0065,25,25
sub-0065,26,26
sub-0065,27,27
sub-0065,28,28
sub-0065,29,29
sub-0065,30,7
sub-0065,31,31
sub-0065,32,32
sub-0065,33,33
sub-0065,34,34
sub-0065,35,35
sub-0065,36,36
sub-0065,37,37
sub-0065,38,38
sub-0065,39,39
sub-0065,40,42
sub-0065,41,41
sub-0065,42,42
sub-0065,43,43
sub-0065,44,44
sub-0065,45,45
sub-0065,46,46
sub-0065,47,47
sub-0065,48,48
sub-0065,49,49
sub-0065,50,50
sub-0065,51,51
sub-0065,52,52
sub-0065,53,51
sub-0065,54,201
sub-0065,55,55
sub-0065,56,56
sub-0065,57,57
sub-0065,58,164
sub-0065,59,59
sub-0065,60,60
sub-0065,61,61
sub-0065,62,62
sub-0065,63,63
sub-0065,64,64
sub-0065,65,65
sub-0065,66,66
sub-0065,67,67
sub-0065,68,62
sub-0065,69,69
sub-0065,70,70
sub-0065,71,71
sub-0065,72,72
sub-0065,73,73
sub-0065,74,74
sub-0065,75,75
sub-0065,76,76
sub-0065,77,77
sub-0065,78,78
sub-0065,79,79
sub-0065,80,80
sub-0065,81,81
sub-0065,82,82
sub-0065,83,176
sub-0065,84,84
sub-0065,85,85
sub-0065,86,61
sub-0065,87,87
sub-0065,88,88
sub-0065,89,89
sub-0065,90,90
sub-0065,91,90
sub-0065,92,92
sub-0065,93,42
sub-0065,94,94
sub-0065,95,95
sub-0065,96,96
sub-0065,97,193
sub-0065,98,98
sub-0065,99,99
sub-0065,100,100
sub-0065,101,101
sub-0065,102,102
sub-0065,103,103
sub-0065,104,104
sub-0065,105,105
sub-0065,106,106
sub-0065,107,107
sub-0065,108,108
sub-0065,109,109
sub-0065,110,110
sub-0065,111,111
sub-0065,112,112
sub-0065,113,113
sub-0065,114,114
sub-0065,115,115
sub-0065,116,116
sub-0065,117,117
sub-0065,118,114
sub-0065,119,119
sub-0065,120,120
sub-0065,121,121
sub-0065,122,122
sub-0065,123,123
sub-0065,124,124
sub-0065,125,125
sub-0065,126,126
sub-0065,127,127
sub-0065,128,22
sub-0065,129,129
sub-0065,130,130
sub-0065,131,131
sub-0065,132,132
sub-0065,133,133
sub-0065,134,164
sub-0065,135,135
sub-0065,136,136
sub-0065,137,137
sub-0065,138,138
sub-0065,139,139
sub-0065,140,45
sub-0065,141,141
sub-0065,142,142
sub-0065,143,143
sub-0065,144,144
sub-0065,145,145
sub-0065,146,146
sub-0065,147,147
sub-0065,148,148
sub-0065,149,149
sub-0065,150,150
sub-0065,151,151
sub-0065,152,152
sub-0065,153,153
sub-0065,154,154
sub-0065,155,157
sub-0065,156,156
sub-0065,157,157
sub-0065,158,158
sub-0065,159,159
sub-0065,160,156
sub-0065,161,171
sub-0065,162,162
sub-0065,163,163
sub-0065,164,164
sub-0065,165,164
sub-0065,166,164
sub-0065,167,168
sub-0065,168,168
sub-0065,169,169
sub-0065,170,170
sub-0065,171,171
sub-0065,172,172
sub-0065,173,173
sub-0065,174,164
sub-0065,175,175
sub-0065,176,176
sub-0065,177,171
sub-0065,178,178
sub-0065,179,179
sub-0065,180,180
sub-0065,181,164
sub-0065,182,182
sub-0065,183,183
sub-0065,184,184
sub-0065,185,185
sub-0065,186,186
sub-0065,187,187
sub-0065,188,188
sub-0065,189,189
sub-0065,190,190
sub-0065,191,191
sub-0065,192,192
sub-0065,193,193
sub-0065,194,194
sub-0065,195,195
sub-0065,196,196
sub-0065,197,198
sub-0065,198,171
sub-0065,199,199
sub-0065,200,200
sub-0065,201,201
sub-0065,202,198
sub-0065,203,203
sub-0065,204,204
sub-0065,205,205
sub-0065,206,206
sub-0065,207,207
sub-0065,208,208
sub-0065,209,209
sub-0065,210,0
sub-0065,211,0
sub-0065,212,212
sub-0065,213,213
sub-0065,214,231
sub-0065,215,215
sub-0065,216,216
sub-0065,217,204
sub-0065,218,161
sub-0065,219,217
sub-0065,220,220
sub-0065,221,221
sub-0065,222,169
sub-0065,223,204
sub-0065,224,224
sub-0065,225,156
sub-0065,226,226
sub-0065,227,227
sub-0065,228,45
sub-0065,229,22
sub-0065,230,215
sub-0065,231,231
sub-0066,0,0
sub-0066,1,1
sub-0066,2,2
sub-0066,3,3
sub-0066,4,4
sub-0066,5,5
sub-0066,6,30
sub-0066,7,7
sub-0066,8,8
sub-0066,9,9
sub-0066,10,10
sub-0066,11,11
sub-0066,12,37
sub-0066,13,13
sub-0066,14,37
sub-0066,15,15
sub-0066,16,16
sub-0066,17,17
sub-0066,18,16
sub-0066,19,19
sub-0066,20,198
sub-0066,21,21
sub-0066,22,60
sub-0066,23,23
sub-0066,24,24
sub-0066,25,25
sub-0066,26,26
sub-0066,27,27
sub-0066,28,28
sub-0066,29,29
sub-0066,30,30
sub-0066,31,31
sub-0066,32,32
sub-0066,33,34
sub-0066,34,34
sub-0066,35,35
sub-0066,36,36
sub-0066,37,37
sub-0066,38,38
sub-0066,39,39
sub-0066,40,48
sub-0066,41,41
sub-0066,42,42
sub-0066,43,43
sub-0066,44,44
sub-0066,45,45
sub-0066,46,46
sub-0066,47,47
sub-0066,48,48
sub-0066,49,49
sub-0066,50,159
sub-0066,51,51
sub-0066,52,52
sub-0066,53,53
sub-0066,54,54
sub-0066,55,168
sub-0066,56,56
sub-0066,57,57
sub-0066,58,58
sub-0066,59,59
sub-0066,60,60
sub-0066,61,61
sub-0066,62,62
sub-0066,63,38
sub-0066,64,64
sub-0066,65,168
sub-0066,66,53
sub-0066,67,67
sub-0066,68,68
sub-0066,69,61
sub-0066,70,70
sub-0066,71,71
sub-0066,72,38
sub-0066,73,73
sub-0066,74,74
sub-0066,75,75
sub-0066,76,76
sub-0066,77,80
sub-0066,78,78
sub-0066,79,79
sub-0066,80,80
sub-0066,81,81
sub-0066,82,82
sub-0066,83,83
sub-0066,84,99
sub-0066,85,62
sub-0066,86,86
sub-0066,87,87
sub-0066,88,88
sub-0066,89,89
sub-0066,90,90
sub-0066,91,91
sub-0066,92,92
sub-0066,93,93
sub-0066,94,94
sub-0066,95,95
sub-0066,96,194
sub-0066,97,97
sub-0066,98,199
sub-0066,99,22
sub-0066,100,100
sub-0066,101,101
sub-0066,102,102
sub-0066,103,103
sub-0066,104,104
sub-0066,105,105
sub-0066,106,106
sub-0066,107,107
sub-0066,108,108
sub-0066,109,109
sub-0066,110,110
sub-0066,111,111
sub-0066,112,112
sub-0066,113,113
sub-0066,114,114
sub-0066,115,115
sub-0066,116,116
sub-0066,117,117
sub-0066,118,118
sub-0066,119,119
sub-0066,120,120
sub-0066,121,121
sub-0066,122,122
sub-0066,123,123
sub-0066,124,124
sub-0066,125,125
sub-0066,126,126
sub-0066,127,127
sub-0066,128,128
sub-0066,129,129
sub-0066,130,130
sub-0066,131,131
sub-0066,132,132
sub-0066,133,58
sub-0066,134,134
sub-0066,135,136
sub-0066,136,136
sub-0066,137,137
sub-0066,138,138
sub-0066,139,139
sub-0066,140,168
sub-0066,141,141
sub-0066,142,136
sub-0066,143,143
sub-0066,144,144
sub-0066,145,145
sub-0066,146,146
sub-0066,147,119
sub-0066,148,148
sub-0066,149,149
sub-0066,150,168
sub-0066,151,151
sub-0066,152,152
sub-0066,153,153
sub-0066,154,154
sub-0066,155,155
sub-0066,156,156
sub-0066,157,81
sub-0066,158,158
sub-0066,159,159
sub-0066,160,83
sub-0066,161,161
sub-0066,162,162
sub-0066,163,163
sub-0066,164,164
sub-0066,165,165
sub-0066,166,166
sub-0066,167,167
sub-0066,168,168
sub-0066,169,38
sub-0066,170,170
sub-0066,171,171
sub-0066,172,172
sub-0066,173,173
sub-0066,174,189
sub-0066,175,175
sub-0066,176,153
sub-0066,177,153
sub-0066,178,178
sub-0066,179,179
sub-0066,180,180
sub-0066,181,171
sub-0066,182,182
sub-0066,183,183
sub-0066,184,184
sub-0066,185,185
sub-0066,186,186
sub-0066,187,47
sub-0066,188,188
sub-0066,189,171
sub-0066,190,189
sub-0066,191,191
sub-0066,192,153
sub-0066,193,193
sub-0066,194,194
sub-0066,195,8
sub-0066,196,196
sub-0066,197,197
sub-0066,198,198
sub-0066,199,168
sub-0066,200,200
sub-0066,201,201
sub-0066,202,202
sub-0066,203,203
sub-0066,204,204
sub-0066,205,205
sub-0066,206,206
sub-0066,207,198
sub-0066,208,208
sub-0066,209,209
sub-0066,210,227
sub-0066,211,155
sub-0066,212,212
sub-0066,213,213
sub-0066,214,214
sub-0066,215,215
sub-0066,216,163
sub-0066,217,220
sub-0066,218,218
sub-0066,219,202
sub-0066,220,220
sub-0066,221,204
sub-0066,222,70
sub-0066,223,147
sub-0066,224,225
sub-0066,225,225
sub-0066,226,163
sub-0066,227,227
sub-0066,228,228
sub-0066,229,22
sub-0066,230,230
sub-0066,231,231
sub-0067,0,0
sub-0067,1,1
sub-0067,2,2
sub-0067,3,3
sub-0067,4,4
sub-0067,5,5
sub-0067,6,6
sub-0067,7,204
sub-0067,8,204
sub-0067,9,9
sub-0067,10,10
sub-0067,11,11
sub-0067,12,97
sub-0067,13,13
sub-0067,14,17
sub-0067,15,15
sub-0067,16,16
sub-0067,17,17
sub-0067,18,18
sub-0067,19,19
sub-0067,20,20
sub-0067,21,21
sub-0067,22,205
sub-0067,23,23
sub-0067,24,24
sub-0067,25,25
sub-0067,26,26
sub-0067,27,27
sub-0067,28,28
sub-0067,29,29
sub-0067,30,30
sub-0067,31,31
sub-0067,32,32
sub-0067,33,33
sub-0067,34,34
sub-0067,35,35
sub-0067,36,36
sub-0067,37,37
sub-0067,38,38
sub-0067,39,39
sub-0067,40,40
sub-0067,41,41
sub-0067,42,42
sub-0067,43,43
sub-0067,44,44
sub-0067,45,45
sub-0067,46,46
sub-0067,47,47
sub-0067,48,48
sub-0067,49,49
sub-0067,50,50
sub-0067,51,51
sub-0067,52,52
sub-0067,53,53
sub-0067,54,54
sub-0067,55,55
sub-0067,56,132
sub-0067,57,57
sub-0067,58,58
sub-0067,59,59
sub-0067,60,60
sub-0067,61,89
sub-0067,62,64
sub-0067,63,63
sub-0067,64,68
sub-0067,65,65
sub-0067,66,68
sub-0067,67,67
sub-0067,68,68
sub-0067,69,69
sub-0067,70,87
sub-0067,71,10
sub-0067,72,72
sub-0067,73,73
sub-0067,74,74
sub-0067,75,75
sub-0067,76,76
sub-0067,77,77
sub-0067,78,67
sub-0067,79,79
sub-0067,80,88
sub-0067,81,81
sub-0067,82,82
sub-0067,83,83
sub-0067,84,219
sub-0067,85,89
sub-0067,86,68
sub-0067,87,87
sub-0067,88,88
sub-0067,89,89
sub-0067,90,90
sub-0067,91,91
sub-0067,92,54
sub-0067,93,93
sub-0067,94,94
sub-0067,95,95
sub-0067,96,96
sub-0067,97,97
sub-0067,98,98
sub-0067,99,138
sub-0067,100,6
sub-0067,101,30
sub-0067,102,102
sub-0067,103,103
sub-0067,104,104
sub-0067,105,105
sub-0067,106,106
sub-0067,107,107
sub-0067,108,108
sub-0067,109,199
sub-0067,110,110
sub-0067,111,111
sub-0067,112,112
sub-0067,113,127
sub-0067,114,118
sub-0067,115,115
sub-0067,116,116
sub-0067,117,117
sub-0067,118,118
sub-0067,119,119
sub-0067,120,120
sub-0067,121,121
sub-0067,122,122
sub-0067,123,123
sub-0067,124,124
sub-0067,125,125
sub-0067,126,126
sub-0067,127,127
sub-0067,128,128
sub-0067,129,129
sub-0067,130,30
sub-0067,131,131
sub-0067,132,132
sub-0067,133,133
sub-0067,134,134
sub-0067,135,135
sub-0067,136,136
sub-0067,137,33
sub-0067,138,138
sub-0067,139,139
sub-0067,140,140
sub-0067,141,141
sub-0067,142,231
sub-0067,143,143
sub-0067,144,144
sub-0067,145,145
sub-0067,146,146
sub-0067,147,147
sub-0067,148,148
sub-0067,149,149
sub-0067,150,152
sub-0067,151,151
sub-0067,152,152
sub-0067,153,153
sub-0067,154,154
sub-0067,155,155
sub-0067,156,156
sub-0067,157,157
sub-0067,158,158
sub-0067,159,159
sub-0067,160,160
sub-0067,161,161
sub-0067,162,54
sub-0067,163,163
sub-0067,164,164
sub-0067,165,165
sub-0067,166,166
sub-0067,167,144
sub-0067,168,168
sub-0067,169,65
sub-0067,170,170
sub-0067,171,171
sub-0067,172,172
sub-0067,173,173
sub-0067,174,174
sub-0067,175,175
sub-0067,176,176
sub-0067,177,177
sub-0067,178,178
sub-0067,179,179
sub-0067,180,111
sub-0067,181,164
sub-0067,182,182
sub-0067,183,183
sub-0067,184,68
sub-0067,185,185
sub-0067,186,186
sub-0067,187,187
sub-0067,188,188
sub-0067,189,189
sub-0067,190,190
sub-0067,191,191
sub-0067,192,192
sub-0067,193,193
sub-0067,194,194
sub-0067,195,195
sub-0067,196,24
sub-0067,197,197
sub-0067,198,198
sub-0067,199,199
sub-0067,200,218
sub-0067,201,53
sub-0067,202,84
sub-0067,203,52
sub-0067,204,131
sub-0067,205,30
sub-0067,206,206
sub-0067,207,207
sub-0067,208,208
sub-0067,209,209
sub-0067,210,203
sub-0067,211,210
sub-0067,212,212
sub-0067,213,213
sub-0067,214,214
sub-0067,215,215
sub-0067,216,54
sub-0067,217,204
sub-0067,218,218
sub-0067,219,161
sub-0067,220,30
sub-0067,221,22
sub-0067,222,222
sub-0067,223,223
sub-0067,224,224
sub-0067,225,225
sub-0067,226,218
sub-0067,227,224
sub-0067,228,228
sub-0067,229,229
sub-0067,230,230
sub-0067,231,231
sub-0068,0,210
sub-0068,1,1
sub-0068,2,2
sub-0068,3,3
sub-0068,4,4
sub-0068,5,5
sub-0068,6,6
sub-0068,7,0
sub-0068,8,200
sub-0068,9,9
sub-0068,10,10
sub-0068,11,11
sub-0068,12,223
sub-0068,13,13
sub-0068,14,14
sub-0068,15,15
sub-0068,16,16
sub-0068,17,17
sub-0068,18,18
sub-0068,19,19
sub-0068,20,211
sub-0068,21,21
sub-0068,22,220
sub-0068,23,23
sub-0068,24,98
sub-0068,25,25
sub-0068,26,26
sub-0068,27,27
sub-0068,28,28
sub-0068,29,29
sub-0068,30,30
sub-0068,31,31
sub-0068,32,32
sub-0068,33,142
sub-0068,34,34
sub-0068,35,35
sub-0068,36,36
sub-0068,37,37
sub-0068,38,38
sub-0068,39,39
sub-0068,40,40
sub-0068,41,41
sub-0068,42,42
sub-0068,43,43
sub-0068,44,44
sub-0068,45,45
sub-0068,46,61
sub-0068,47,155
sub-0068,48,48
sub-0068,49,49
sub-0068,50,50
sub-0068,51,51
sub-0068,52,52
sub-0068,53,217
sub-0068,54,226
sub-0068,55,160
sub-0068,56,56
sub-0068,57,57
sub-0068,58,58
sub-0068,59,59
sub-0068,60,60
sub-0068,61,61
sub-0068,62,62
sub-0068,63,63
sub-0068,64,67
sub-0068,65,65
sub-0068,66,66
sub-0068,67,67
sub-0068,68,68
sub-0068,69,69
sub-0068,70,152
sub-0068,71,71
sub-0068,72,72
sub-0068,73,73
sub-0068,74,74
sub-0068,75,75
sub-0068,76,76
sub-0068,77,77
sub-0068,78,78
sub-0068,79,79
sub-0068,80,80
sub-0068,81,81
sub-0068,82,82
sub-0068,83,83
sub-0068,84,84
sub-0068,85,98
sub-0068,86,64
sub-0068,87,87
sub-0068,88,88
sub-0068,89,89
sub-0068,90,90
sub-0068,91,91
sub-0068,92,92
sub-0068,93,93
sub-0068,94,94
sub-0068,95,95
sub-0068,96,96
sub-0068,97,97
sub-0068,98,0
sub-0068,99,99
sub-0068,100,100
sub-0068,101,101
sub-0068,102,0
sub-0068,103,103
sub-0068,104,104
sub-0068,105,105
sub-0068,106,106
sub-0068,107,107
sub-0068,108,108
sub-0068,109,109
sub-0068,110,110
sub-0068,111,111
sub-0068,112,112
sub-0068,113,221
sub-0068,114,114
sub-0068,115,115
sub-0068,116,116
sub-0068,117,117
sub-0068,118,118
sub-0068,119,119
sub-0068,120,166
sub-0068,121,121
sub-0068,122,122
sub-0068,123,196
sub-0068,124,198
sub-0068,125,115
sub-0068,126,126
sub-0068,127,127
sub-0068,128,128
sub-0068,129,129
sub-0068,130,130
sub-0068,131,131
sub-0068,132,57
sub-0068,133,133
sub-0068,134,171
sub-0068,135,135
sub-0068,136,136
sub-0068,137,137
sub-0068,138,138
sub-0068,139,139
sub-0068,140,142
sub-0068,141,141
sub-0068,142,112
sub-0068,143,152
sub-0068,144,144
sub-0068,145,145
sub-0068,146,146
sub-0068,147,147
sub-0068,148,148
sub-0068,149,149
sub-0068,150,150
sub-0068,151,151
sub-0068,152,152
sub-0068,153,153
sub-0068,154,154
sub-0068,155,155
sub-0068,156,156
sub-0068,157,157
sub-0068,158,158
sub-0068,159,96
sub-0068,160,112
sub-0068,161,196
sub-0068,162,162
sub-0068,163,0
sub-0068,164,164
sub-0068,165,165
sub-0068,166,166
sub-0068,167,119
sub-0068,168,168
sub-0068,169,169
sub-0068,170,170
sub-0068,171,131
sub-0068,172,172
sub-0068,173,173
sub-0068,174,174
sub-0068,175,175
sub-0068,176,176
sub-0068,177,177
sub-0068,178,178
sub-0068,179,96
sub-0068,180,180
sub-0068,181,181
sub-0068,182,182
sub-0068,183,183
sub-0068,184,184
sub-0068,185,185
sub-0068,186,186
sub-0068,187,225
sub-0068,188,188
sub-0068,189,189
sub-0068,190,190
sub-0068,191,191
sub-0068,192,192
sub-0068,193,193
sub-0068,194,194
sub-0068,195,195
sub-0068,196,198
sub-0068,197,197
sub-0068,198,198
sub-0068,199,199
sub-0068,200,193
sub-0068,201,169
sub-0068,202,53
sub-0068,203,203
sub-0068,204,56
sub-0068,205,205
sub-0068,206,206
sub-0068,207,207
sub-0068,208,208
sub-0068,209,209
sub-0068,210,98
sub-0068,211,227
sub-0068,212,212
sub-0068,213,213
sub-0068,214,214
sub-0068,215,152
sub-0068,216,97
sub-0068,217,143
sub-0068,218,169
sub-0068,219,204
sub-0068,220,50
sub-0068,221,169
sub-0068,222,55
sub-0068,223,223
sub-0068,224,224
sub-0068,225,225
sub-0068,226,226
sub-0068,227,215
sub-0068,228,228
sub-0068,229,229
sub-0068,230,225
sub-0068,231,231
sub-0069,0,0
sub-0069,1,0
sub-0069,2,2
sub-0069,3,3
sub-0069,4,4
sub-0069,5,5
sub-0069,6,64
sub-0069,7,108
sub-0069,8,64
sub-0069,9,9
sub-0069,10,111
sub-0069,11,11
sub-0069,12,12
sub-0069,13,64
sub-0069,14,14
sub-0069,15,64
sub-0069,16,16
sub-0069,17,17
sub-0069,18,18
sub-0069,19,19
sub-0069,20,98
sub-0069,21,21
sub-0069,22,98
sub-0069,23,23
sub-0069,24,43
sub-0069,25,144
sub-0069,26,26
sub-0069,27,27
sub-0069,28,28
sub-0069,29,29
sub-0069,30,30
sub-0069,31,31
sub-0069,32,32
sub-0069,33,33
sub-0069,34,34
sub-0069,35,35
sub-0069,36,119
sub-0069,37,37
sub-0069,38,38
sub-0069,39,39
sub-0069,40,40
sub-0069,41,136
sub-0069,42,42
sub-0069,43,43
sub-0069,44,44
sub-0069,45,45
sub-0069,46,47
sub-0069,47,47
sub-0069,48,48
sub-0069,49,49
sub-0069,50,50
sub-0069,51,51
sub-0069,52,52
sub-0069,53,53
sub-0069,54,54
sub-0069,55,55
sub-0069,56,138
sub-0069,57,64
sub-0069,58,58
sub-0069,59,59
sub-0069,60,60
sub-0069,61,148
sub-0069,62,62
sub-0069,63,226
sub-0069,64,64
sub-0069,65,65
sub-0069,66,66
sub-0069,67,67
sub-0069,68,68
sub-0069,69,69
sub-0069,70,90
sub-0069,71,71
sub-0069,72,72
sub-0069,73,73
sub-0069,74,74
sub-0069,75,75
sub-0069,76,76
sub-0069,77,77
sub-0069,78,78
sub-0069,79,50
sub-0069,80,80
sub-0069,81,81
sub-0069,82,82
sub-0069,83,69
sub-0069,84,84
sub-0069,85,85
sub-0069,86,86
sub-0069,87,87
sub-0069,88,88
sub-0069,89,89
sub-0069,90,90
sub-0069,91,91
sub-0069,92,92
sub-0069,93,93
sub-0069,94,94
sub-0069,95,33
sub-0069,96,43
sub-0069,97,97
sub-0069,98,30
sub-0069,99,99
sub-0069,100,100
sub-0069,101,101
sub-0069,102,0
sub-0069,103,103
sub-0069,104,104
sub-0069,105,105
sub-0069,106,8
sub-0069,107,107
sub-0069,108,108
sub-0069,109,109
sub-0069,110,110
sub-0069,111,111
sub-0069,112,112
sub-0069,113,113
sub-0069,114,114
sub-0069,115,115
sub-0069,116,116
sub-0069,117,117
sub-0069,118,118
sub-0069,119,119
sub-0069,120,120
sub-0069,121,210
sub-0069,122,229
sub-0069,123,199
sub-0069,124,139
sub-0069,125,125
sub-0069,126,126
sub-0069,127,127
sub-0069,128,128
sub-0069,129,129
sub-0069,130,130
sub-0069,131,131
sub-0069,132,132
sub-0069,133,133
sub-0069,134,134
sub-0069,135,135
sub-0069,136,136
sub-0069,137,137
sub-0069,138,138
sub-0069,139,139
sub-0069,140,140
sub-0069,141,141
sub-0069,142,45
sub-0069,143,143
sub-0069,144,144
sub-0069,145,145
sub-0069,146,146
sub-0069,147,147
sub-0069,148,148
sub-0069,149,149
sub-0069,150,138
sub-0069,151,151
sub-0069,152,152
sub-0069,153,56
sub-0069,154,154
sub-0069,155,155
sub-0069,156,156
sub-0069,157,157
sub-0069,158,158
sub-0069,159,159
sub-0069,160,160
sub-0069,161,161
sub-0069,162,162
sub-0069,163,163
sub-0069,164,164
sub-0069,165,165
sub-0069,166,166
sub-0069,167,167
sub-0069,168,90
sub-0069,169,169
sub-0069,170,170
sub-0069,171,28
sub-0069,172,172
sub-0069,173,173
sub-0069,174,72
sub-0069,175,175
sub-0069,176,176
sub-0069,177,177
sub-0069,178,178
sub-0069,179,179
sub-0069,180,180
sub-0069,181,181
sub-0069,182,182
sub-0069,183,183
sub-0069,184,184
sub-0069,185,185
sub-0069,186,186
sub-0069,187,161
sub-0069,188,188
sub-0069,189,189
sub-0069,190,190
sub-0069,191,191
sub-0069,192,192
sub-0069,193,193
sub-0069,194,194
sub-0069,195,195
sub-0069,196,196
sub-0069,197,197
sub-0069,198,198
sub-0069,199,199
sub-0069,200,161
sub-0069,201,201
sub-0069,202,210
sub-0069,203,54
sub-0069,204,199
sub-0069,205,204
sub-0069,206,206
sub-0069,207,207
sub-0069,208,55
sub-0069,209,8
sub-0069,210,94
sub-0069,211,208
sub-0069,212,212
sub-0069,213,213
sub-0069,214,187
sub-0069,215,92
sub-0069,216,216
sub-0069,217,217
sub-0069,218,218
sub-0069,219,156
sub-0069,220,220
sub-0069,221,221
sub-0069,222,222
sub-0069,223,223
sub-0069,224,210
sub-0069,225,60
sub-0069,226,205
sub-0069,227,38
sub-0069,228,228
sub-0069,229,114
sub-0069,230,211
sub-0069,231,231
sub-0070,0,0
sub-0070,1,1
sub-0070,2,2
sub-0070,3,3
sub-0070,4,4
sub-0070,5,5
sub-0070,6,6
sub-0070,7,7
sub-0070,8,66
sub-0070,9,9
sub-0070,10,10
sub-0070,11,11
sub-0070,12,12
sub-0070,13,13
sub-0070,14,95
sub-0070,15,15
sub-0070,16,16
sub-0070,17,17
sub-0070,18,18
sub-0070,19,19
sub-0070,20,20
sub-0070,21,21
sub-0070,22,22
sub-0070,23,23
sub-0070,24,197
sub-0070,25,25
sub-0070,26,26
sub-0070,27,97
sub-0070,28,28
sub-0070,29,29
sub-0070,30,30
sub-0070,31,31
sub-0070,32,32
sub-0070,33,33
sub-0070,34,43
sub-0070,35,35
sub-0070,36,36
sub-0070,37,37
sub-0070,38,38
sub-0070,39,39
sub-0070,40,55
sub-0070,41,223
sub-0070,42,42
sub-0070,43,43
sub-0070,44,44
sub-0070,45,45
sub-0070,46,46
sub-0070,47,60
sub-0070,48,48
sub-0070,49,49
sub-0070,50,50
sub-0070,51,51
sub-0070,52,52
sub-0070,53,53
sub-0070,54,162
sub-0070,55,21
sub-0070,56,37
sub-0070,57,57
sub-0070,58,58
sub-0070,59,59
sub-0070,60,60
sub-0070,61,61
sub-0070,62,62
sub-0070,63,64
sub-0070,64,64
sub-0070,65,67
sub-0070,66,86
sub-0070,67,67
sub-0070,68,68
sub-0070,69,69
sub-0070,70,70
sub-0070,71,71
sub-0070,72,72
sub-0070,73,73
sub-0070,74,74
sub-0070,75,75
sub-0070,76,76
sub-0070,77,77
sub-0070,78,78
sub-0070,79,79
sub-0070,80,80
sub-0070,81,81
sub-0070,82,53
sub-0070,83,83
sub-0070,84,84
sub-0070,85,197
sub-0070,86,86
sub-0070,87,66
sub-0070,88,88
sub-0070,89,89
sub-0070,90,89
sub-0070,91,153
sub-0070,92,163
sub-0070,93,93
sub-0070,94,67
sub-0070,95,95
sub-0070,96,96
sub-0070,97,97
sub-0070,98,197
sub-0070,99,99
sub-0070,100,0
sub-0070,101,101
sub-0070,102,102
sub-0070,103,103
sub-0070,104,104
sub-0070,105,105
sub-0070,106,106
sub-0070,107,107
sub-0070,108,108
sub-0070,109,109
sub-0070,110,110
sub-0070,111,111
sub-0070,112,112
sub-0070,113,205
sub-0070,114,114
sub-0070,115,116
sub-0070,116,138
sub-0070,117,117
sub-0070,118,118
sub-0070,119,119
sub-0070,120,120
sub-0070,121,121
sub-0070,122,121
sub-0070,123,123
sub-0070,124,124
sub-0070,125,125
sub-0070,126,126
sub-0070,127,127
sub-0070,128,128
sub-0070,129,129
sub-0070,130,130
sub-0070,131,131
sub-0070,132,132
sub-0070,133,133
sub-0070,134,175
sub-0070,135,135
sub-0070,136,116
sub-0070,137,60
sub-0070,138,138
sub-0070,139,139
sub-0070,140,156
sub-0070,141,141
sub-0070,142,119
sub-0070,143,143
sub-0070,144,144
sub-0070,145,149
sub-0070,146,146
sub-0070,147,147
sub-0070,148,148
sub-0070,149,149
sub-0070,150,86
sub-0070,151,153
sub-0070,152,152
sub-0070,153,153
sub-0070,154,154
sub-0070,155,155
sub-0070,156,156
sub-0070,157,157
sub-0070,158,158
sub-0070,159,159
sub-0070,160,160
sub-0070,161,161
sub-0070,162,162
sub-0070,163,163
sub-0070,164,156
sub-0070,165,67
sub-0070,166,166
sub-0070,167,104
sub-0070,168,168
sub-0070,169,169
sub-0070,170,170
sub-0070,171,220
sub-0070,172,172
sub-0070,173,67
sub-0070,174,67
sub-0070,175,86
sub-0070,176,176
sub-0070,177,177
sub-0070,178,178
sub-0070,179,179
sub-0070,180,180
sub-0070,181,181
sub-0070,182,182
sub-0070,183,183
sub-0070,184,176
sub-0070,185,185
sub-0070,186,186
sub-0070,187,225
sub-0070,188,176
sub-0070,189,197
sub-0070,190,190
sub-0070,191,191
sub-0070,192,192
sub-0070,193,193
sub-0070,194,194
sub-0070,195,195
sub-0070,196,196
sub-0070,197,197
sub-0070,198,198
sub-0070,199,197
sub-0070,200,218
sub-0070,201,67
sub-0070,202,55
sub-0070,203,203
sub-0070,204,204
sub-0070,205,211
sub-0070,206,206
sub-0070,207,207
sub-0070,208,208
sub-0070,209,209
sub-0070,210,210
sub-0070,211,211
sub-0070,212,212
sub-0070,213,213
sub-0070,214,214
sub-0070,215,215
sub-0070,216,216
sub-0070,217,64
sub-0070,218,218
sub-0070,219,219
sub-0070,220,55
sub-0070,221,156
sub-0070,222,222
sub-0070,223,223
sub-0070,224,224
sub-0070,225,225
sub-0070,226,201
sub-0070,227,227
sub-0070,228,228
sub-0070,229,175
sub-0070,230,230
sub-0070,231,231
sub-0071,0,0
sub-0071,1,1
sub-0071,2,2
sub-0071,3,3
sub-0071,4,4
sub-0071,5,5
sub-0071,6,6
sub-0071,7,7
sub-0071,8,8
sub-0071,9,9
sub-0071,10,10
sub-0071,11,2
sub-0071,12,12
sub-0071,13,13
sub-0071,14,14
sub-0071,15,15
sub-0071,16,16
sub-0071,17,17
sub-0071,18,18
sub-0071,19,19
sub-0071,20,20
sub-0071,21,21
sub-0071,22,22
sub-0071,23,23
sub-0071,24,24
sub-0071,25,25
sub-0071,26,26
sub-0071,27,27
sub-0071,28,28
sub-0071,29,29
sub-0071,30,138
sub-0071,31,31
sub-0071,32,32
sub-0071,33,33
sub-0071,34,34
sub-0071,35,35
sub-0071,36,36
sub-0071,37,37
sub-0071,38,38
sub-0071,39,39
sub-0071,40,40
sub-0071,41,41
sub-0071,42,119
sub-0071,43,43
sub-0071,44,44
sub-0071,45,45
sub-0071,46,46
sub-0071,47,47
sub-0071,48,48
sub-0071,49,49
sub-0071,50,50
sub-0071,51,51
sub-0071,52,52
sub-0071,53,53
sub-0071,54,86
sub-0071,55,208
sub-0071,56,33
sub-0071,57,57
sub-0071,58,58
sub-0071,59,59
sub-0071,60,60
sub-0071,61,61
sub-0071,62,86
sub-0071,63,112
sub-0071,64,64
sub-0071,65,65
sub-0071,66,86
sub-0071,67,57
sub-0071,68,68
sub-0071,69,86
sub-0071,70,70
sub-0071,71,71
sub-0071,72,72
sub-0071,73,73
sub-0071,74,74
sub-0071,75,86
sub-0071,76,76
sub-0071,77,77
sub-0071,78,78
sub-0071,79,224
sub-0071,80,80
sub-0071,81,81
sub-0071,82,82
sub-0071,83,83
sub-0071,84,88
sub-0071,85,85
sub-0071,86,86
sub-0071,87,87
sub-0071,88,88
sub-0071,89,89
sub-0071,90,90
sub-0071,91,91
sub-0071,92,92
sub-0071,93,93
sub-0071,94,94
sub-0071,95,95
sub-0071,96,96
sub-0071,97,97
sub-0071,98,98
sub-0071,99,86
sub-0071,100,100
sub-0071,101,101
sub-0071,102,102
sub-0071,103,103
sub-0071,104,104
sub-0071,105,105
sub-0071,106,106
sub-0071,107,6
sub-0071,108,108
sub-0071,109,109
sub-0071,110,110
sub-0071,111,111
sub-0071,112,112
sub-0071,113,113
sub-0071,114,114
sub-0071,115,115
sub-0071,116,116
sub-0071,117,117
sub-0071,118,118
sub-0071,119,119
sub-0071,120,120
sub-0071,121,121
sub-0071,122,122
sub-0071,123,123
sub-0071,124,124
sub-0071,125,125
sub-0071,126,119
sub-0071,127,127
sub-0071,128,119
sub-0071,129,129
sub-0071,130,130
sub-0071,131,131
sub-0071,132,132
sub-0071,133,133
sub-0071,134,134
sub-0071,135,135
sub-0071,136,136
sub-0071,137,137
sub-0071,138,138
sub-0071,139,139
sub-0071,140,140
sub-0071,141,141
sub-0071,142,142
sub-0071,143,143
sub-0071,144,144
sub-0071,145,145
sub-0071,146,146
sub-0071,147,147
sub-0071,148,148
sub-0071,149,153
sub-0071,150,150
sub-0071,151,151
sub-0071,152,152
sub-0071,153,157
sub-0071,154,154
sub-0071,155,70
sub-0071,156,156
sub-0071,157,157
sub-0071,158,158
sub-0071,159,157
sub-0071,160,160
sub-0071,161,161
sub-0071,162,162
sub-0071,163,163
sub-0071,164,164
sub-0071,165,165
sub-0071,166,166
sub-0071,167,167
sub-0071,168,168
sub-0071,169,169
sub-0071,170,170
sub-0071,171,156
sub-0071,172,172
sub-0071,173,173
sub-0071,174,138
sub-0071,175,175
sub-0071,176,176
sub-0071,177,177
sub-0071,178,178
sub-0071,179,179
sub-0071,180,180
sub-0071,181,181
sub-0071,182,182
sub-0071,183,183
sub-0071,184,184
sub-0071,185,185
sub-0071,186,157
sub-0071,187,187
sub-0071,188,188
sub-0071,189,189
sub-0071,190,190
sub-0071,191,191
sub-0071,192,192
sub-0071,193,130
sub-0071,194,194
sub-0071,195,195
sub-0071,196,196
sub-0071,197,197
sub-0071,198,197
sub-0071,199,199
sub-0071,200,157
sub-0071,201,157
sub-0071,202,208
sub-0071,203,157
sub-0071,204,226
sub-0071,205,39
sub-0071,206,206
sub-0071,207,207
sub-0071,208,208
sub-0071,209,209
sub-0071,210,210
sub-0071,211,226
sub-0071,212,212
sub-0071,213,213
sub-0071,214,214
sub-0071,215,215
sub-0071,216,216
sub-0071,217,143
sub-0071,218,218
sub-0071,219,157
sub-0071,220,224
sub-0071,221,221
sub-0071,222,222
sub-0071,223,223
sub-0071,224,224
sub-0071,225,225
sub-0071,226,139
sub-0071,227,86
sub-0071,228,228
sub-0071,229,229
sub-0071,230,230
sub-0071,231,231
sub-0072,0,0
sub-0072,1,1
sub-0072,2,2
sub-0072,3,102
sub-0072,4,4
sub-0072,5,5
sub-0072,6,6
sub-0072,7,7
sub-0072,8,8
sub-0072,9,111
sub-0072,10,10
sub-0072,11,11
sub-0072,12,12
sub-0072,13,13
sub-0072,14,14
sub-0072,15,15
sub-0072,16,16
sub-0072,17,17
sub-0072,18,18
sub-0072,19,19
sub-0072,20,20
sub-0072,21,21
sub-0072,22,22
sub-0072,23,23
sub-0072,24,24
sub-0072,25,25
sub-0072,26,26
sub-0072,27,27
sub-0072,28,28
sub-0072,29,29
sub-0072,30,30
sub-0072,31,31
sub-0072,32,148
sub-0072,33,33
sub-0072,34,34
sub-0072,35,35
sub-0072,36,36
sub-0072,37,37
sub-0072,38,38
sub-0072,39,39
sub-0072,40,25
sub-0072,41,41
sub-0072,42,42
sub-0072,43,43
sub-0072,44,44
sub-0072,45,45
sub-0072,46,46
sub-0072,47,48
sub-0072,48,48
sub-0072,49,49
sub-0072,50,50
sub-0072,51,51
sub-0072,52,52
sub-0072,53,53
sub-0072,54,147
sub-0072,55,55
sub-0072,56,61
sub-0072,57,57
sub-0072,58,58
sub-0072,59,27
sub-0072,60,27
sub-0072,61,61
sub-0072,62,62
sub-0072,63,63
sub-0072,64,64
sub-0072,65,176
sub-0072,66,69
sub-0072,67,67
sub-0072,68,69
sub-0072,69,69
sub-0072,70,70
sub-0072,71,71
sub-0072,72,72
sub-0072,73,73
sub-0072,74,74
sub-0072,75,75
sub-0072,76,76
sub-0072,77,77
sub-0072,78,78
sub-0072,79,79
sub-0072,80,80
sub-0072,81,81
sub-0072,82,82
sub-0072,83,83
sub-0072,84,84
sub-0072,85,85
sub-0072,86,86
sub-0072,87,87
sub-0072,88,88
sub-0072,89,89
sub-0072,90,90
sub-0072,91,91
sub-0072,92,92
sub-0072,93,93
sub-0072,94,94
sub-0072,95,95
sub-0072,96,96
sub-0072,97,10
sub-0072,98,99
sub-0072,99,8
sub-0072,100,111
sub-0072,101,118
sub-0072,102,102
sub-0072,103,103
sub-0072,104,104
sub-0072,105,111
sub-0072,106,106
sub-0072,107,107
sub-0072,108,11
sub-0072,109,126
sub-0072,110,110
sub-0072,111,111
sub-0072,112,112
sub-0072,113,113
sub-0072,114,114
sub-0072,115,115
sub-0072,116,116
sub-0072,117,117
sub-0072,118,118
sub-0072,119,119
sub-0072,120,120
sub-0072,121,121
sub-0072,122,122
sub-0072,123,123
sub-0072,124,124
sub-0072,125,125
sub-0072,126,25
sub-0072,127,127
sub-0072,128,128
sub-0072,129,129
sub-0072,130,168
sub-0072,131,131
sub-0072,132,132
sub-0072,133,133
sub-0072,134,113
sub-0072,135,118
sub-0072,136,27
sub-0072,137,137
sub-0072,138,138
sub-0072,139,139
sub-0072,140,140
sub-0072,141,141
sub-0072,142,226
sub-0072,143,143
sub-0072,144,144
sub-0072,145,45
sub-0072,146,146
sub-0072,147,147
sub-0072,148,148
sub-0072,149,149
sub-0072,150,150
sub-0072,151,151
sub-0072,152,152
sub-0072,153,176
sub-0072,154,154
sub-0072,155,48
sub-0072,156,156
sub-0072,157,157
sub-0072,158,158
sub-0072,159,159
sub-0072,160,160
sub-0072,161,161
sub-0072,162,202
sub-0072,163,52
sub-0072,164,164
sub-0072,165,165
sub-0072,166,166
sub-0072,167,48
sub-0072,168,168
sub-0072,169,178
sub-0072,170,176
sub-0072,171,171
sub-0072,172,172
sub-0072,173,173
sub-0072,174,174
sub-0072,175,175
sub-0072,176,176
sub-0072,177,175
sub-0072,178,178
sub-0072,179,179
sub-0072,180,180
sub-0072,181,181
sub-0072,182,182
sub-0072,183,183
sub-0072,184,184
sub-0072,185,185
sub-0072,186,186
sub-0072,187,187
sub-0072,188,188
sub-0072,189,175
sub-0072,190,189
sub-0072,191,191
sub-0072,192,192
sub-0072,193,193
sub-0072,194,194
sub-0072,195,10
sub-0072,196,196
sub-0072,197,175
sub-0072,198,175
sub-0072,199,199
sub-0072,200,15
sub-0072,201,118
sub-0072,202,203
sub-0072,203,203
sub-0072,204,204
sub-0072,205,205
sub-0072,206,206
sub-0072,207,182
sub-0072,208,208
sub-0072,209,209
sub-0072,210,210
sub-0072,211,176
sub-0072,212,225
sub-0072,213,213
sub-0072,214,214
sub-0072,215,215
sub-0072,216,216
sub-0072,217,205
sub-0072,218,218
sub-0072,219,27
sub-0072,220,220
sub-0072,221,221
sub-0072,222,222
sub-0072,223,223
sub-0072,224,224
sub-0072,225,225
sub-0072,226,226
sub-0072,227,151
sub-0072,228,228
sub-0072,229,229
sub-0072,230,176
sub-0072,231,231
sub-0074,0,0
sub-0074,1,1
sub-0074,2,2
sub-0074,3,3
sub-0074,4,4
sub-0074,5,5
sub-0074,6,6
sub-0074,7,7
sub-0074,8,8
sub-0074,9,9
sub-0074,10,10
sub-0074,11,11
sub-0074,12,12
sub-0074,13,13
sub-0074,14,14
sub-0074,15,15
sub-0074,16,16
sub-0074,17,17
sub-0074,18,18
sub-0074,19,19
sub-0074,20,41
sub-0074,21,126
sub-0074,22,22
sub-0074,23,24
sub-0074,24,24
sub-0074,25,25
sub-0074,26,26
sub-0074,27,27
sub-0074,28,28
sub-0074,29,29
sub-0074,30,30
sub-0074,31,31
sub-0074,32,32
sub-0074,33,33
sub-0074,34,34
sub-0074,35,35
sub-0074,36,36
sub-0074,37,37
sub-0074,38,38
sub-0074,39,39
sub-0074,40,40
sub-0074,41,41
sub-0074,42,42
sub-0074,43,43
sub-0074,44,44
sub-0074,45,45
sub-0074,46,46
sub-0074,47,47
sub-0074,48,48
sub-0074,49,49
sub-0074,50,50
sub-0074,51,51
sub-0074,52,52
sub-0074,53,52
sub-0074,54,54
sub-0074,55,203
sub-0074,56,56
sub-0074,57,57
sub-0074,58,58
sub-0074,59,62
sub-0074,60,60
sub-0074,61,61
sub-0074,62,62
sub-0074,63,58
sub-0074,64,64
sub-0074,65,65
sub-0074,66,66
sub-0074,67,67
sub-0074,68,70
sub-0074,69,69
sub-0074,70,70
sub-0074,71,71
sub-0074,72,72
sub-0074,73,73
sub-0074,74,74
sub-0074,75,75
sub-0074,76,76
sub-0074,77,77
sub-0074,78,78
sub-0074,79,79
sub-0074,80,80
sub-0074,81,81
sub-0074,82,82
sub-0074,83,82
sub-0074,84,84
sub-0074,85,85
sub-0074,86,86
sub-0074,87,87
sub-0074,88,88
sub-0074,89,89
sub-0074,90,90
sub-0074,91,91
sub-0074,92,92
sub-0074,93,93
sub-0074,94,178
sub-0074,95,95
sub-0074,96,96
sub-0074,97,97
sub-0074,98,98
sub-0074,99,198
sub-0074,100,100
sub-0074,101,101
sub-0074,102,102
sub-0074,103,103
sub-0074,104,104
sub-0074,105,105
sub-0074,106,106
sub-0074,107,97
sub-0074,108,108
sub-0074,109,109
sub-0074,110,110
sub-0074,111,10
sub-0074,112,112
sub-0074,113,113
sub-0074,114,114
sub-0074,115,115
sub-0074,116,116
sub-0074,117,117
sub-0074,118,118
sub-0074,119,119
sub-0074,120,120
sub-0074,121,114
sub-0074,122,122
sub-0074,123,123
sub-0074,124,124
sub-0074,125,125
sub-0074,126,126
sub-0074,127,127
sub-0074,128,128
sub-0074,129,129
sub-0074,130,130
sub-0074,131,131
sub-0074,132,132
sub-0074,133,133
sub-0074,134,134
sub-0074,135,135
sub-0074,136,136
sub-0074,137,137
sub-0074,138,138
sub-0074,139,139
sub-0074,140,140
sub-0074,141,141
sub-0074,142,142
sub-0074,143,143
sub-0074,144,144
sub-0074,145,145
sub-0074,146,146
sub-0074,147,147
sub-0074,148,148
sub-0074,149,149
sub-0074,150,150
sub-0074,151,151
sub-0074,152,173
sub-0074,153,153
sub-0074,154,154
sub-0074,155,155
sub-0074,156,156
sub-0074,157,157
sub-0074,158,158
sub-0074,159,159
sub-0074,160,160
sub-0074,161,161
sub-0074,162,218
sub-0074,163,163
sub-0074,164,178
sub-0074,165,165
sub-0074,166,166
sub-0074,167,167
sub-0074,168,168
sub-0074,169,169
sub-0074,170,218
sub-0074,171,171
sub-0074,172,178
sub-0074,173,173
sub-0074,174,174
sub-0074,175,175
sub-0074,176,176
sub-0074,177,177
sub-0074,178,178
sub-0074,179,176
sub-0074,180,180
sub-0074,181,181
sub-0074,182,182
sub-0074,183,183
sub-0074,184,184
sub-0074,185,185
sub-0074,186,186
sub-0074,187,187
sub-0074,188,188
sub-0074,189,189
sub-0074,190,52
sub-0074,191,176
sub-0074,192,192
sub-0074,193,193
sub-0074,194,194
sub-0074,195,195
sub-0074,196,218
sub-0074,197,197
sub-0074,198,198
sub-0074,199,199
sub-0074,200,200
sub-0074,201,201
sub-0074,202,202
sub-0074,203,203
sub-0074,204,226
sub-0074,205,205
sub-0074,206,206
sub-0074,207,207
sub-0074,208,97
sub-0074,209,209
sub-0074,210,60
sub-0074,211,204
sub-0074,212,212
sub-0074,213,213
sub-0074,214,214
sub-0074,215,215
sub-0074,216,216
sub-0074,217,203
sub-0074,218,218
sub-0074,219,219
sub-0074,220,220
sub-0074,221,221
sub-0074,222,162
sub-0074,223,223
sub-0074,224,224
sub-0074,225,225
sub-0074,226,52
sub-0074,227,99
sub-0074,228,228
sub-0074,229,229
sub-0074,230,230
sub-0074,231,231
sub-0075,0,0
sub-0075,1,1
sub-0075,2,2
sub-0075,3,3
sub-0075,4,4
sub-0075,5,5
sub-0075,6,6
sub-0075,7,7
sub-0075,8,8
sub-0075,9,9
sub-0075,10,10
sub-0075,11,11
sub-0075,12,12
sub-0075,13,17
sub-0075,14,14
sub-0075,15,15
sub-0075,16,16
sub-0075,17,17
sub-0075,18,18
sub-0075,19,19
sub-0075,20,20
sub-0075,21,21
sub-0075,22,22
sub-0075,23,23
sub-0075,24,20
sub-0075,25,25
sub-0075,26,26
sub-0075,27,27
sub-0075,28,28
sub-0075,29,29
sub-0075,30,33
sub-0075,31,31
sub-0075,32,32
sub-0075,33,60
sub-0075,34,34
sub-0075,35,35
sub-0075,36,36
sub-0075,37,37
sub-0075,38,38
sub-0075,39,39
sub-0075,40,40
sub-0075,41,20
sub-0075,42,20
sub-0075,43,43
sub-0075,44,60
sub-0075,45,45
sub-0075,46,46
sub-0075,47,47
sub-0075,48,207
sub-0075,49,49
sub-0075,50,50
sub-0075,51,51
sub-0075,52,52
sub-0075,53,162
sub-0075,54,79
sub-0075,55,25
sub-0075,56,56
sub-0075,57,57
sub-0075,58,58
sub-0075,59,59
sub-0075,60,60
sub-0075,61,61
sub-0075,62,62
sub-0075,63,59
sub-0075,64,64
sub-0075,65,65
sub-0075,66,66
sub-0075,67,67
sub-0075,68,68
sub-0075,69,69
sub-0075,70,64
sub-0075,71,71
sub-0075,72,72
sub-0075,73,73
sub-0075,74,74
sub-0075,75,60
sub-0075,76,76
sub-0075,77,77
sub-0075,78,78
sub-0075,79,79
sub-0075,80,80
sub-0075,81,81
sub-0075,82,82
sub-0075,83,176
sub-0075,84,79
sub-0075,85,85
sub-0075,86,86
sub-0075,87,87
sub-0075,88,90
sub-0075,89,89
sub-0075,90,90
sub-0075,91,91
sub-0075,92,92
sub-0075,93,91
sub-0075,94,94
sub-0075,95,95
sub-0075,96,96
sub-0075,97,97
sub-0075,98,98
sub-0075,99,172
sub-0075,100,100
sub-0075,101,101
sub-0075,102,102
sub-0075,103,103
sub-0075,104,104
sub-0075,105,105
sub-0075,106,106
sub-0075,107,107
sub-0075,108,108
sub-0075,109,109
sub-0075,110,110
sub-0075,111,111
sub-0075,112,112
sub-0075,113,113
sub-0075,114,114
sub-0075,115,115
sub-0075,116,116
sub-0075,117,117
sub-0075,118,118
sub-0075,119,119
sub-0075,120,120
sub-0075,121,121
sub-0075,122,122
sub-0075,123,123
sub-0075,124,124
sub-0075,125,125
sub-0075,126,126
sub-0075,127,127
sub-0075,128,128
sub-0075,129,129
sub-0075,130,130
sub-0075,131,131
sub-0075,132,132
sub-0075,133,133
sub-0075,134,134
sub-0075,135,135
sub-0075,136,136
sub-0075,137,137
sub-0075,138,138
sub-0075,139,60
sub-0075,140,60
sub-0075,141,141
sub-0075,142,64
sub-0075,143,143
sub-0075,144,144
sub-0075,145,40
sub-0075,146,60
sub-0075,147,47
sub-0075,148,148
sub-0075,149,140
sub-0075,150,150
sub-0075,151,204
sub-0075,152,38
sub-0075,153,153
sub-0075,154,154
sub-0075,155,47
sub-0075,156,50
sub-0075,157,157
sub-0075,158,158
sub-0075,159,159
sub-0075,160,160
sub-0075,161,53
sub-0075,162,162
sub-0075,163,163
sub-0075,164,164
sub-0075,165,165
sub-0075,166,166
sub-0075,167,167
sub-0075,168,168
sub-0075,169,169
sub-0075,170,170
sub-0075,171,171
sub-0075,172,172
sub-0075,173,173
sub-0075,174,174
sub-0075,175,175
sub-0075,176,176
sub-0075,177,168
sub-0075,178,178
sub-0075,179,179
sub-0075,180,180
sub-0075,181,181
sub-0075,182,182
sub-0075,183,183
sub-0075,184,184
sub-0075,185,185
sub-0075,186,186
sub-0075,187,187
sub-0075,188,188
sub-0075,189,189
sub-0075,190,160
sub-0075,191,191
sub-0075,192,192
sub-0075,193,193
sub-0075,194,194
sub-0075,195,195
sub-0075,196,98
sub-0075,197,197
sub-0075,198,40
sub-0075,199,199
sub-0075,200,200
sub-0075,201,201
sub-0075,202,202
sub-0075,203,203
sub-0075,204,220
sub-0075,205,221
sub-0075,206,206
sub-0075,207,207
sub-0075,208,208
sub-0075,209,209
sub-0075,210,210
sub-0075,211,227
sub-0075,212,206
sub-0075,213,206
sub-0075,214,214
sub-0075,215,60
sub-0075,216,216
sub-0075,217,217
sub-0075,218,218
sub-0075,219,219
sub-0075,220,220
sub-0075,221,221
sub-0075,222,222
sub-0075,223,223
sub-0075,224,125
sub-0075,225,186
sub-0075,226,226
sub-0075,227,125
sub-0075,228,228
sub-0075,229,20
sub-0075,230,230
sub-0075,231,231
sub-0076,0,0
sub-0076,1,1
sub-0076,2,2
sub-0076,3,3
sub-0076,4,4
sub-0076,5,5
sub-0076,6,6
sub-0076,7,7
sub-0076,8,8
sub-0076,9,9
sub-0076,10,10
sub-0076,11,11
sub-0076,12,12
sub-0076,13,13
sub-0076,14,14
sub-0076,15,15
sub-0076,16,16
sub-0076,17,17
sub-0076,18,18
sub-0076,19,19
sub-0076,20,20
sub-0076,21,21
sub-0076,22,22
sub-0076,23,23
sub-0076,24,24
sub-0076,25,25
sub-0076,26,26
sub-0076,27,27
sub-0076,28,28
sub-0076,29,29
sub-0076,30,30
sub-0076,31,31
sub-0076,32,32
sub-0076,33,63
sub-0076,34,34
sub-0076,35,35
sub-0076,36,27
sub-0076,37,37
sub-0076,38,59
sub-0076,39,39
sub-0076,40,40
sub-0076,41,41
sub-0076,42,42
sub-0076,43,43
sub-0076,44,44
sub-0076,45,45
sub-0076,46,46
sub-0076,47,47
sub-0076,48,146
sub-0076,49,49
sub-0076,50,50
sub-0076,51,51
sub-0076,52,52
sub-0076,53,53
sub-0076,54,160
sub-0076,55,204
sub-0076,56,56
sub-0076,57,57
sub-0076,58,58
sub-0076,59,59
sub-0076,60,60
sub-0076,61,61
sub-0076,62,62
sub-0076,63,94
sub-0076,64,46
sub-0076,65,65
sub-0076,66,66
sub-0076,67,67
sub-0076,68,66
sub-0076,69,69
sub-0076,70,49
sub-0076,71,71
sub-0076,72,72
sub-0076,73,73
sub-0076,74,74
sub-0076,75,75
sub-0076,76,76
sub-0076,77,190
sub-0076,78,78
sub-0076,79,79
sub-0076,80,80
sub-0076,81,81
sub-0076,82,82
sub-0076,83,83
sub-0076,84,84
sub-0076,85,85
sub-0076,86,85
sub-0076,87,87
sub-0076,88,88
sub-0076,89,64
sub-0076,90,90
sub-0076,91,91
sub-0076,92,92
sub-0076,93,93
sub-0076,94,94
sub-0076,95,95
sub-0076,96,79
sub-0076,97,79
sub-0076,98,190
sub-0076,99,199
sub-0076,100,100
sub-0076,101,101
sub-0076,102,102
sub-0076,103,103
sub-0076,104,104
sub-0076,105,105
sub-0076,106,106
sub-0076,107,107
sub-0076,108,108
sub-0076,109,109
sub-0076,110,110
sub-0076,111,111
sub-0076,112,112
sub-0076,113,125
sub-0076,114,114
sub-0076,115,115
sub-0076,116,116
sub-0076,117,117
sub-0076,118,118
sub-0076,119,119
sub-0076,120,114
sub-0076,121,121
sub-0076,122,122
sub-0076,123,123
sub-0076,124,124
sub-0076,125,125
sub-0076,126,126
sub-0076,127,127
sub-0076,128,128
sub-0076,129,129
sub-0076,130,130
sub-0076,131,131
sub-0076,132,132
sub-0076,133,31
sub-0076,134,134
sub-0076,135,135
sub-0076,136,136
sub-0076,137,137
sub-0076,138,138
sub-0076,139,39
sub-0076,140,140
sub-0076,141,141
sub-0076,142,142
sub-0076,143,143
sub-0076,144,144
sub-0076,145,145
sub-0076,146,146
sub-0076,147,147
sub-0076,148,148
sub-0076,149,149
sub-0076,150,150
sub-0076,151,151
sub-0076,152,152
sub-0076,153,153
sub-0076,154,154
sub-0076,155,155
sub-0076,156,156
sub-0076,157,157
sub-0076,158,158
sub-0076,159,159
sub-0076,160,160
sub-0076,161,66
sub-0076,162,162
sub-0076,163,163
sub-0076,164,164
sub-0076,165,165
sub-0076,166,166
sub-0076,167,167
sub-0076,168,168
sub-0076,169,169
sub-0076,170,170
sub-0076,171,171
sub-0076,172,172
sub-0076,173,173
sub-0076,174,174
sub-0076,175,175
sub-0076,176,176
sub-0076,177,177
sub-0076,178,175
sub-0076,179,179
sub-0076,180,180
sub-0076,181,173
sub-0076,182,182
sub-0076,183,168
sub-0076,184,184
sub-0076,185,185
sub-0076,186,186
sub-0076,187,188
sub-0076,188,188
sub-0076,189,189
sub-0076,190,190
sub-0076,191,191
sub-0076,192,175
sub-0076,193,193
sub-0076,194,194
sub-0076,195,195
sub-0076,196,196
sub-0076,197,190
sub-0076,198,168
sub-0076,199,199
sub-0076,200,216
sub-0076,201,201
sub-0076,202,202
sub-0076,203,203
sub-0076,204,204
sub-0076,205,205
sub-0076,206,206
sub-0076,207,222
sub-0076,208,208
sub-0076,209,209
sub-0076,210,198
sub-0076,211,205
sub-0076,212,212
sub-0076,213,213
sub-0076,214,214
sub-0076,215,215
sub-0076,216,216
sub-0076,217,217
sub-0076,218,202
sub-0076,219,219
sub-0076,220,224
sub-0076,221,41
sub-0076,222,222
sub-0076,223,223
sub-0076,224,219
sub-0076,225,225
sub-0076,226,218
sub-0076,227,229
sub-0076,228,228
sub-0076,229,229
sub-0076,230,230
sub-0076,231,228
sub-0077,0,0
sub-0077,1,1
sub-0077,2,2
sub-0077,3,3
sub-0077,4,4
sub-0077,5,5
sub-0077,6,6
sub-0077,7,208
sub-0077,8,8
sub-0077,9,9
sub-0077,10,10
sub-0077,11,11
sub-0077,12,12
sub-0077,13,13
sub-0077,14,37
sub-0077,15,15
sub-0077,16,16
sub-0077,17,17
sub-0077,18,18
sub-0077,19,19
sub-0077,20,20
sub-0077,21,21
sub-0077,22,22
sub-0077,23,39
sub-0077,24,24
sub-0077,25,38
sub-0077,26,26
sub-0077,27,27
sub-0077,28,28
sub-0077,29,29
sub-0077,30,30
sub-0077,31,31
sub-0077,32,32
sub-0077,33,33
sub-0077,34,34
sub-0077,35,35
sub-0077,36,36
sub-0077,37,37
sub-0077,38,38
sub-0077,39,39
sub-0077,40,40
sub-0077,41,41
sub-0077,42,42
sub-0077,43,43
sub-0077,44,39
sub-0077,45,38
sub-0077,46,46
sub-0077,47,47
sub-0077,48,48
sub-0077,49,49
sub-0077,50,157
sub-0077,51,51
sub-0077,52,52
sub-0077,53,156
sub-0077,54,189
sub-0077,55,219
sub-0077,56,69
sub-0077,57,57
sub-0077,58,58
sub-0077,59,59
sub-0077,60,60
sub-0077,61,61
sub-0077,62,62
sub-0077,63,63
sub-0077,64,60
sub-0077,65,176
sub-0077,66,69
sub-0077,67,67
sub-0077,68,189
sub-0077,69,69
sub-0077,70,69
sub-0077,71,71
sub-0077,72,72
sub-0077,73,73
sub-0077,74,95
sub-0077,75,67
sub-0077,76,76
sub-0077,77,183
sub-0077,78,78
sub-0077,79,79
sub-0077,80,157
sub-0077,81,81
sub-0077,82,82
sub-0077,83,157
sub-0077,84,82
sub-0077,85,85
sub-0077,86,86
sub-0077,87,87
sub-0077,88,88
sub-0077,89,89
sub-0077,90,189
sub-0077,91,91
sub-0077,92,40
sub-0077,93,176
sub-0077,94,94
sub-0077,95,138
sub-0077,96,96
sub-0077,97,97
sub-0077,98,98
sub-0077,99,37
sub-0077,100,100
sub-0077,101,101
sub-0077,102,102
sub-0077,103,103
sub-0077,104,104
sub-0077,105,105
sub-0077,106,106
sub-0077,107,107
sub-0077,108,108
sub-0077,109,109
sub-0077,110,110
sub-0077,111,111
sub-0077,112,112
sub-0077,113,113
sub-0077,114,114
sub-0077,115,139
sub-0077,116,116
sub-0077,117,117
sub-0077,118,118
sub-0077,119,119
sub-0077,120,120
sub-0077,121,121
sub-0077,122,18
sub-0077,123,21
sub-0077,124,124
sub-0077,125,125
sub-0077,126,25
sub-0077,127,139
sub-0077,128,116
sub-0077,129,129
sub-0077,130,130
sub-0077,131,48
sub-0077,132,132
sub-0077,133,133
sub-0077,134,38
sub-0077,135,135
sub-0077,136,37
sub-0077,137,137
sub-0077,138,138
sub-0077,139,139
sub-0077,140,140
sub-0077,141,141
sub-0077,142,142
sub-0077,143,143
sub-0077,144,144
sub-0077,145,145
sub-0077,146,146
sub-0077,147,147
sub-0077,148,148
sub-0077,149,149
sub-0077,150,150
sub-0077,151,48
sub-0077,152,152
sub-0077,153,153
sub-0077,154,154
sub-0077,155,155
sub-0077,156,156
sub-0077,157,157
sub-0077,158,158
sub-0077,159,157
sub-0077,160,160
sub-0077,161,161
sub-0077,162,54
sub-0077,163,208
sub-0077,164,164
sub-0077,165,165
sub-0077,166,38
sub-0077,167,38
sub-0077,168,168
sub-0077,169,120
sub-0077,170,170
sub-0077,171,69
sub-0077,172,172
sub-0077,173,173
sub-0077,174,174
sub-0077,175,175
sub-0077,176,176
sub-0077,177,177
sub-0077,178,178
sub-0077,179,179
sub-0077,180,180
sub-0077,181,71
sub-0077,182,182
sub-0077,183,183
sub-0077,184,172
sub-0077,185,185
sub-0077,186,186
sub-0077,187,187
sub-0077,188,188
sub-0077,189,189
sub-0077,190,190
sub-0077,191,191
sub-0077,192,192
sub-0077,193,193
sub-0077,194,194
sub-0077,195,195
sub-0077,196,157
sub-0077,197,192
sub-0077,198,93
sub-0077,199,199
sub-0077,200,219
sub-0077,201,209
sub-0077,202,218
sub-0077,203,156
sub-0077,204,219
sub-0077,205,48
sub-0077,206,207
sub-0077,207,48
sub-0077,208,208
sub-0077,209,208
sub-0077,210,176
sub-0077,211,157
sub-0077,212,212
sub-0077,213,213
sub-0077,214,214
sub-0077,215,215
sub-0077,216,203
sub-0077,217,204
sub-0077,218,208
sub-0077,219,219
sub-0077,220,208
sub-0077,221,221
sub-0077,222,222
sub-0077,223,223
sub-0077,224,224
sub-0077,225,225
sub-0077,226,38
sub-0077,227,227
sub-0077,228,228
sub-0077,229,229
sub-0077,230,230
sub-0077,231,231
sub-0078,0,0
sub-0078,1,1
sub-0078,2,2
sub-0078,3,3
sub-0078,4,4
sub-0078,5,5
sub-0078,6,6
sub-0078,7,7
sub-0078,8,8
sub-0078,9,9
sub-0078,10,10
sub-0078,11,11
sub-0078,12,139
sub-0078,13,13
sub-0078,14,14
sub-0078,15,15
sub-0078,16,16
sub-0078,17,39
sub-0078,18,18
sub-0078,19,19
sub-0078,20,20
sub-0078,21,21
sub-0078,22,22
sub-0078,23,23
sub-0078,24,24
sub-0078,25,25
sub-0078,26,26
sub-0078,27,27
sub-0078,28,28
sub-0078,29,29
sub-0078,30,30
sub-0078,31,31
sub-0078,32,32
sub-0078,33,33
sub-0078,34,34
sub-0078,35,35
sub-0078,36,36
sub-0078,37,37
sub-0078,38,38
sub-0078,39,39
sub-0078,40,139
sub-0078,41,41
sub-0078,42,59
sub-0078,43,43
sub-0078,44,44
sub-0078,45,45
sub-0078,46,46
sub-0078,47,47
sub-0078,48,48
sub-0078,49,49
sub-0078,50,90
sub-0078,51,51
sub-0078,52,52
sub-0078,53,52
sub-0078,54,54
sub-0078,55,43
sub-0078,56,56
sub-0078,57,57
sub-0078,58,58
sub-0078,59,59
sub-0078,60,59
sub-0078,61,154
sub-0078,62,66
sub-0078,63,29
sub-0078,64,64
sub-0078,65,65
sub-0078,66,66
sub-0078,67,67
sub-0078,68,68
sub-0078,69,69
sub-0078,70,70
sub-0078,71,71
sub-0078,72,72
sub-0078,73,73
sub-0078,74,74
sub-0078,75,185
sub-0078,76,76
sub-0078,77,77
sub-0078,78,78
sub-0078,79,79
sub-0078,80,80
sub-0078,81,81
sub-0078,82,82
sub-0078,83,83
sub-0078,84,84
sub-0078,85,85
sub-0078,86,86
sub-0078,87,87
sub-0078,88,88
sub-0078,89,89
sub-0078,90,90
sub-0078,91,91
sub-0078,92,63
sub-0078,93,93
sub-0078,94,94
sub-0078,95,95
sub-0078,96,96
sub-0078,97,97
sub-0078,98,98
sub-0078,99,30
sub-0078,100,1
sub-0078,101,28
sub-0078,102,102
sub-0078,103,103
sub-0078,104,104
sub-0078,105,105
sub-0078,106,106
sub-0078,107,107
sub-0078,108,108
sub-0078,109,109
sub-0078,110,211
sub-0078,111,27
sub-0078,112,112
sub-0078,113,113
sub-0078,114,114
sub-0078,115,115
sub-0078,116,116
sub-0078,117,117
sub-0078,118,37
sub-0078,119,119
sub-0078,120,120
sub-0078,121,121
sub-0078,122,122
sub-0078,123,123
sub-0078,124,198
sub-0078,125,125
sub-0078,126,126
sub-0078,127,127
sub-0078,128,128
sub-0078,129,129
sub-0078,130,130
sub-0078,131,183
sub-0078,132,28
sub-0078,133,34
sub-0078,134,134
sub-0078,135,139
sub-0078,136,136
sub-0078,137,137
sub-0078,138,138
sub-0078,139,139
sub-0078,140,142
sub-0078,141,141
sub-0078,142,39
sub-0078,143,143
sub-0078,144,144
sub-0078,145,39
sub-0078,146,39
sub-0078,147,147
sub-0078,148,148
sub-0078,149,149
sub-0078,150,150
sub-0078,151,151
sub-0078,152,152
sub-0078,153,153
sub-0078,154,154
sub-0078,155,153
sub-0078,156,156
sub-0078,157,157
sub-0078,158,158
sub-0078,159,159
sub-0078,160,160
sub-0078,161,161
sub-0078,162,162
sub-0078,163,163
sub-0078,164,28
sub-0078,165,165
sub-0078,166,177
sub-0078,167,167
sub-0078,168,168
sub-0078,169,169
sub-0078,170,170
sub-0078,171,176
sub-0078,172,172
sub-0078,173,178
sub-0078,174,174
sub-0078,175,175
sub-0078,176,176
sub-0078,177,177
sub-0078,178,178
sub-0078,179,179
sub-0078,180,180
sub-0078,181,181
sub-0078,182,182
sub-0078,183,183
sub-0078,184,184
sub-0078,185,185
sub-0078,186,186
sub-0078,187,155
sub-0078,188,188
sub-0078,189,189
sub-0078,190,190
sub-0078,191,191
sub-0078,192,192
sub-0078,193,193
sub-0078,194,194
sub-0078,195,195
sub-0078,196,196
sub-0078,197,197
sub-0078,198,198
sub-0078,199,198
sub-0078,200,200
sub-0078,201,201
sub-0078,202,202
sub-0078,203,203
sub-0078,204,204
sub-0078,205,149
sub-0078,206,206
sub-0078,207,143
sub-0078,208,224
sub-0078,209,153
sub-0078,210,54
sub-0078,211,65
sub-0078,212,229
sub-0078,213,213
sub-0078,214,214
sub-0078,215,155
sub-0078,216,216
sub-0078,217,201
sub-0078,218,218
sub-0078,219,219
sub-0078,220,220
sub-0078,221,149
sub-0078,222,227
sub-0078,223,220
sub-0078,224,161
sub-0078,225,225
sub-0078,226,210
sub-0078,227,155
sub-0078,228,228
sub-0078,229,120
sub-0078,230,230
sub-0078,231,209
sub-0079,0,0
sub-0079,1,1
sub-0079,2,2
sub-0079,3,3
sub-0079,4,4
sub-0079,5,5
sub-0079,6,6
sub-0079,7,7
sub-0079,8,8
sub-0079,9,9
sub-0079,10,10
sub-0079,11,11
sub-0079,12,12
sub-0079,13,13
sub-0079,14,14
sub-0079,15,15
sub-0079,16,16
sub-0079,17,17
sub-0079,18,18
sub-0079,19,19
sub-0079,20,20
sub-0079,21,21
sub-0079,22,205
sub-0079,23,23
sub-0079,24,24
sub-0079,25,25
sub-0079,26,26
sub-0079,27,27
sub-0079,28,28
sub-0079,29,29
sub-0079,30,30
sub-0079,31,31
sub-0079,32,32
sub-0079,33,33
sub-0079,34,34
sub-0079,35,35
sub-0079,36,36
sub-0079,37,37
sub-0079,38,38
sub-0079,39,39
sub-0079,40,40
sub-0079,41,41
sub-0079,42,42
sub-0079,43,43
sub-0079,44,44
sub-0079,45,45
sub-0079,46,46
sub-0079,47,47
sub-0079,48,48
sub-0079,49,49
sub-0079,50,176
sub-0079,51,51
sub-0079,52,156
sub-0079,53,53
sub-0079,54,52
sub-0079,55,163
sub-0079,56,33
sub-0079,57,57
sub-0079,58,58
sub-0079,59,59
sub-0079,60,60
sub-0079,61,61
sub-0079,62,62
sub-0079,63,39
sub-0079,64,69
sub-0079,65,65
sub-0079,66,66
sub-0079,67,178
sub-0079,68,68
sub-0079,69,69
sub-0079,70,70
sub-0079,71,71
sub-0079,72,72
sub-0079,73,73
sub-0079,74,74
sub-0079,75,75
sub-0079,76,76
sub-0079,77,77
sub-0079,78,78
sub-0079,79,79
sub-0079,80,80
sub-0079,81,81
sub-0079,82,82
sub-0079,83,83
sub-0079,84,51
sub-0079,85,170
sub-0079,86,86
sub-0079,87,87
sub-0079,88,170
sub-0079,89,191
sub-0079,90,90
sub-0079,91,91
sub-0079,92,156
sub-0079,93,93
sub-0079,94,178
sub-0079,95,95
sub-0079,96,96
sub-0079,97,97
sub-0079,98,98
sub-0079,99,99
sub-0079,100,100
sub-0079,101,101
sub-0079,102,102
sub-0079,103,30
sub-0079,104,30
sub-0079,105,105
sub-0079,106,106
sub-0079,107,107
sub-0079,108,108
sub-0079,109,109
sub-0079,110,110
sub-0079,111,30
sub-0079,112,112
sub-0079,113,113
sub-0079,114,114
sub-0079,115,115
sub-0079,116,116
sub-0079,117,117
sub-0079,118,118
sub-0079,119,119
sub-0079,120,120
sub-0079,121,121
sub-0079,122,122
sub-0079,123,123
sub-0079,124,198
sub-0079,125,125
sub-0079,126,126
sub-0079,127,141
sub-0079,128,41
sub-0079,129,129
sub-0079,130,163
sub-0079,131,131
sub-0079,132,132
sub-0079,133,31
sub-0079,134,39
sub-0079,135,135
sub-0079,136,136
sub-0079,137,137
sub-0079,138,138
sub-0079,139,139
sub-0079,140,140
sub-0079,141,141
sub-0079,142,136
sub-0079,143,28
sub-0079,144,144
sub-0079,145,145
sub-0079,146,146
sub-0079,147,213
sub-0079,148,148
sub-0079,149,48
sub-0079,150,39
sub-0079,151,151
sub-0079,152,152
sub-0079,153,153
sub-0079,154,154
sub-0079,155,155
sub-0079,156,156
sub-0079,157,157
sub-0079,158,158
sub-0079,159,159
sub-0079,160,160
sub-0079,161,161
sub-0079,162,162
sub-0079,163,163
sub-0079,164,164
sub-0079,165,165
sub-0079,166,166
sub-0079,167,39
sub-0079,168,168
sub-0079,169,169
sub-0079,170,170
sub-0079,171,171
sub-0079,172,172
sub-0079,173,176
sub-0079,174,151
sub-0079,175,175
sub-0079,176,176
sub-0079,177,177
sub-0079,178,178
sub-0079,179,179
sub-0079,180,180
sub-0079,181,181
sub-0079,182,182
sub-0079,183,183
sub-0079,184,183
sub-0079,185,185
sub-0079,186,186
sub-0079,187,187
sub-0079,188,188
sub-0079,189,189
sub-0079,190,190
sub-0079,191,191
sub-0079,192,192
sub-0079,193,193
sub-0079,194,194
sub-0079,195,195
sub-0079,196,99
sub-0079,197,197
sub-0079,198,170
sub-0079,199,199
sub-0079,200,200
sub-0079,201,201
sub-0079,202,169
sub-0079,203,210
sub-0079,204,8
sub-0079,205,205
sub-0079,206,206
sub-0079,207,207
sub-0079,208,157
sub-0079,209,209
sub-0079,210,210
sub-0079,211,213
sub-0079,212,213
sub-0079,213,205
sub-0079,214,214
sub-0079,215,48
sub-0079,216,170
sub-0079,217,77
sub-0079,218,218
sub-0079,219,54
sub-0079,220,205
sub-0079,221,221
sub-0079,222,215
sub-0079,223,223
sub-0079,224,224
sub-0079,225,225
sub-0079,226,213
sub-0079,227,227
sub-0079,228,41
sub-0079,229,229
sub-0079,230,230
sub-0079,231,213
sub-0080,0,0
sub-0080,1,1
sub-0080,2,2
sub-0080,3,3
sub-0080,4,4
sub-0080,5,5
sub-0080,6,6
sub-0080,7,7
sub-0080,8,8
sub-0080,9,9
sub-0080,10,10
sub-0080,11,11
sub-0080,12,12
sub-0080,13,13
sub-0080,14,14
sub-0080,15,15
sub-0080,16,16
sub-0080,17,140
sub-0080,18,18
sub-0080,19,19
sub-0080,20,20
sub-0080,21,21
sub-0080,22,125
sub-0080,23,23
sub-0080,24,21
sub-0080,25,25
sub-0080,26,26
sub-0080,27,27
sub-0080,28,28
sub-0080,29,29
sub-0080,30,30
sub-0080,31,31
sub-0080,32,32
sub-0080,33,29
sub-0080,34,34
sub-0080,35,35
sub-0080,36,36
sub-0080,37,37
sub-0080,38,38
sub-0080,39,39
sub-0080,40,40
sub-0080,41,226
sub-0080,42,64
sub-0080,43,43
sub-0080,44,44
sub-0080,45,64
sub-0080,46,46
sub-0080,47,47
sub-0080,48,152
sub-0080,49,49
sub-0080,50,50
sub-0080,51,51
sub-0080,52,52
sub-0080,53,53
sub-0080,54,50
sub-0080,55,55
sub-0080,56,56
sub-0080,57,57
sub-0080,58,58
sub-0080,59,59
sub-0080,60,64
sub-0080,61,152
sub-0080,62,62
sub-0080,63,64
sub-0080,64,64
sub-0080,65,65
sub-0080,66,66
sub-0080,67,67
sub-0080,68,178
sub-0080,69,69
sub-0080,70,187
sub-0080,71,71
sub-0080,72,72
sub-0080,73,73
sub-0080,74,74
sub-0080,75,75
sub-0080,76,76
sub-0080,77,77
sub-0080,78,78
sub-0080,79,191
sub-0080,80,80
sub-0080,81,81
sub-0080,82,82
sub-0080,83,83
sub-0080,84,85
sub-0080,85,85
sub-0080,86,86
sub-0080,87,87
sub-0080,88,88
sub-0080,89,89
sub-0080,90,90
sub-0080,91,91
sub-0080,92,92
sub-0080,93,93
sub-0080,94,94
sub-0080,95,95
sub-0080,96,96
sub-0080,97,97
sub-0080,98,83
sub-0080,99,90
sub-0080,100,100
sub-0080,101,101
sub-0080,102,102
sub-0080,103,103
sub-0080,104,104
sub-0080,105,105
sub-0080,106,106
sub-0080,107,107
sub-0080,108,108
sub-0080,109,109
sub-0080,110,110
sub-0080,111,111
sub-0080,112,112
sub-0080,113,113
sub-0080,114,114
sub-0080,115,115
sub-0080,116,116
sub-0080,117,117
sub-0080,118,118
sub-0080,119,119
sub-0080,120,120
sub-0080,121,121
sub-0080,122,122
sub-0080,123,123
sub-0080,124,124
sub-0080,125,125
sub-0080,126,126
sub-0080,127,127
sub-0080,128,128
sub-0080,129,129
sub-0080,130,130
sub-0080,131,131
sub-0080,132,132
sub-0080,133,133
sub-0080,134,166
sub-0080,135,135
sub-0080,136,112
sub-0080,137,137
sub-0080,138,138
sub-0080,139,139
sub-0080,140,140
sub-0080,141,141
sub-0080,142,142
sub-0080,143,143
sub-0080,144,144
sub-0080,145,145
sub-0080,146,146
sub-0080,147,147
sub-0080,148,148
sub-0080,149,149
sub-0080,150,148
sub-0080,151,152
sub-0080,152,152
sub-0080,153,152
sub-0080,154,154
sub-0080,155,155
sub-0080,156,156
sub-0080,157,157
sub-0080,158,158
sub-0080,159,168
sub-0080,160,83
sub-0080,161,161
sub-0080,162,162
sub-0080,163,163
sub-0080,164,164
sub-0080,165,165
sub-0080,166,171
sub-0080,167,215
sub-0080,168,168
sub-0080,169,155
sub-0080,170,178
sub-0080,171,171
sub-0080,172,172
sub-0080,173,178
sub-0080,174,166
sub-0080,175,175
sub-0080,176,176
sub-0080,177,177
sub-0080,178,178
sub-0080,179,179
sub-0080,180,180
sub-0080,181,181
sub-0080,182,182
sub-0080,183,183
sub-0080,184,148
sub-0080,185,185
sub-0080,186,186
sub-0080,187,62
sub-0080,188,188
sub-0080,189,189
sub-0080,190,190
sub-0080,191,191
sub-0080,192,192
sub-0080,193,193
sub-0080,194,194
sub-0080,195,195
sub-0080,196,196
sub-0080,197,197
sub-0080,198,198
sub-0080,199,199
sub-0080,200,200
sub-0080,201,156
sub-0080,202,202
sub-0080,203,0
sub-0080,204,204
sub-0080,205,205
sub-0080,206,206
sub-0080,207,207
sub-0080,208,223
sub-0080,209,209
sub-0080,210,152
sub-0080,211,30
sub-0080,212,212
sub-0080,213,213
sub-0080,214,223
sub-0080,215,208
sub-0080,216,202
sub-0080,217,169
sub-0080,218,143
sub-0080,219,123
sub-0080,220,187
sub-0080,221,221
sub-0080,222,222
sub-0080,223,223
sub-0080,224,202
sub-0080,225,225
sub-0080,226,226
sub-0080,227,47
sub-0080,228,228
sub-0080,229,229
sub-0080,230,187
sub-0080,231,231
sub-0081,0,0
sub-0081,1,1
sub-0081,2,2
sub-0081,3,3
sub-0081,4,4
sub-0081,5,5
sub-0081,6,106
sub-0081,7,7
sub-0081,8,8
sub-0081,9,9
sub-0081,10,10
sub-0081,11,11
sub-0081,12,12
sub-0081,13,13
sub-0081,14,14
sub-0081,15,15
sub-0081,16,16
sub-0081,17,138
sub-0081,18,18
sub-0081,19,19
sub-0081,20,20
sub-0081,21,21
sub-0081,22,22
sub-0081,23,23
sub-0081,24,197
sub-0081,25,25
sub-0081,26,26
sub-0081,27,147
sub-0081,28,28
sub-0081,29,29
sub-0081,30,138
sub-0081,31,31
sub-0081,32,32
sub-0081,33,33
sub-0081,34,34
sub-0081,35,35
sub-0081,36,36
sub-0081,37,37
sub-0081,38,64
sub-0081,39,39
sub-0081,40,40
sub-0081,41,41
sub-0081,42,42
sub-0081,43,43
sub-0081,44,44
sub-0081,45,147
sub-0081,46,46
sub-0081,47,46
sub-0081,48,48
sub-0081,49,49
sub-0081,50,50
sub-0081,51,51
sub-0081,52,52
sub-0081,53,53
sub-0081,54,160
sub-0081,55,219
sub-0081,56,56
sub-0081,57,57
sub-0081,58,58
sub-0081,59,59
sub-0081,60,66
sub-0081,61,61
sub-0081,62,62
sub-0081,63,63
sub-0081,64,64
sub-0081,65,169
sub-0081,66,66
sub-0081,67,67
sub-0081,68,68
sub-0081,69,69
sub-0081,70,70
sub-0081,71,71
sub-0081,72,72
sub-0081,73,73
sub-0081,74,74
sub-0081,75,75
sub-0081,76,76
sub-0081,77,77
sub-0081,78,78
sub-0081,79,79
sub-0081,80,80
sub-0081,81,81
sub-0081,82,82
sub-0081,83,83
sub-0081,84,84
sub-0081,85,85
sub-0081,86,86
sub-0081,87,87
sub-0081,88,88
sub-0081,89,89
sub-0081,90,68
sub-0081,91,91
sub-0081,92,92
sub-0081,93,93
sub-0081,94,94
sub-0081,95,95
sub-0081,96,96
sub-0081,97,97
sub-0081,98,98
sub-0081,99,99
sub-0081,100,100
sub-0081,101,101
sub-0081,102,102
sub-0081,103,103
sub-0081,104,104
sub-0081,105,105
sub-0081,106,106
sub-0081,107,107
sub-0081,108,108
sub-0081,109,109
sub-0081,110,110
sub-0081,111,111
sub-0081,112,112
sub-0081,113,127
sub-0081,114,114
sub-0081,115,115
sub-0081,116,116
sub-0081,117,117
sub-0081,118,118
sub-0081,119,119
sub-0081,120,120
sub-0081,121,121
sub-0081,122,122
sub-0081,123,123
sub-0081,124,124
sub-0081,125,125
sub-0081,126,126
sub-0081,127,127
sub-0081,128,128
sub-0081,129,129
sub-0081,130,130
sub-0081,131,195
sub-0081,132,132
sub-0081,133,133
sub-0081,134,134
sub-0081,135,135
sub-0081,136,136
sub-0081,137,137
sub-0081,138,138
sub-0081,139,139
sub-0081,140,140
sub-0081,141,141
sub-0081,142,133
sub-0081,143,143
sub-0081,144,144
sub-0081,145,145
sub-0081,146,146
sub-0081,147,148
sub-0081,148,148
sub-0081,149,174
sub-0081,150,150
sub-0081,151,172
sub-0081,152,152
sub-0081,153,153
sub-0081,154,154
sub-0081,155,155
sub-0081,156,156
sub-0081,157,157
sub-0081,158,158
sub-0081,159,159
sub-0081,160,160
sub-0081,161,219
sub-0081,162,162
sub-0081,163,163
sub-0081,164,164
sub-0081,165,165
sub-0081,166,172
sub-0081,167,167
sub-0081,168,168
sub-0081,169,169
sub-0081,170,170
sub-0081,171,171
sub-0081,172,172
sub-0081,173,173
sub-0081,174,174
sub-0081,175,175
sub-0081,176,176
sub-0081,177,177
sub-0081,178,178
sub-0081,179,179
sub-0081,180,180
sub-0081,181,181
sub-0081,182,182
sub-0081,183,183
sub-0081,184,60
sub-0081,185,185
sub-0081,186,186
sub-0081,187,64
sub-0081,188,188
sub-0081,189,189
sub-0081,190,190
sub-0081,191,191
sub-0081,192,192
sub-0081,193,193
sub-0081,194,194
sub-0081,195,195
sub-0081,196,196
sub-0081,197,197
sub-0081,198,198
sub-0081,199,199
sub-0081,200,224
sub-0081,201,224
sub-0081,202,219
sub-0081,203,218
sub-0081,204,166
sub-0081,205,205
sub-0081,206,206
sub-0081,207,207
sub-0081,208,91
sub-0081,209,209
sub-0081,210,142
sub-0081,211,226
sub-0081,212,212
sub-0081,213,213
sub-0081,214,214
sub-0081,215,215
sub-0081,216,51
sub-0081,217,203
sub-0081,218,218
sub-0081,219,219
sub-0081,220,220
sub-0081,221,221
sub-0081,222,222
sub-0081,223,211
sub-0081,224,224
sub-0081,225,225
sub-0081,226,224
sub-0081,227,196
sub-0081,228,228
sub-0081,229,229
sub-0081,230,230
sub-0081,231,231
sub-0082,0,0
sub-0082,1,1
sub-0082,2,171
sub-0082,3,3
sub-0082,4,4
sub-0082,5,10
sub-0082,6,10
sub-0082,7,7
sub-0082,8,65
sub-0082,9,30
sub-0082,10,10
sub-0082,11,11
sub-0082,12,12
sub-0082,13,13
sub-0082,14,14
sub-0082,15,120
sub-0082,16,16
sub-0082,17,17
sub-0082,18,18
sub-0082,19,19
sub-0082,20,20
sub-0082,21,21
sub-0082,22,126
sub-0082,23,23
sub-0082,24,198
sub-0082,25,25
sub-0082,26,26
sub-0082,27,27
sub-0082,28,28
sub-0082,29,29
sub-0082,30,30
sub-0082,31,31
sub-0082,32,32
sub-0082,33,33
sub-0082,34,58
sub-0082,35,58
sub-0082,36,118
sub-0082,37,37
sub-0082,38,38
sub-0082,39,39
sub-0082,40,126
sub-0082,41,41
sub-0082,42,42
sub-0082,43,43
sub-0082,44,65
sub-0082,45,38
sub-0082,46,67
sub-0082,47,47
sub-0082,48,168
sub-0082,49,49
sub-0082,50,50
sub-0082,51,51
sub-0082,52,160
sub-0082,53,161
sub-0082,54,196
sub-0082,55,55
sub-0082,56,56
sub-0082,57,57
sub-0082,58,58
sub-0082,59,59
sub-0082,60,60
sub-0082,61,59
sub-0082,62,62
sub-0082,63,63
sub-0082,64,64
sub-0082,65,65
sub-0082,66,66
sub-0082,67,67
sub-0082,68,68
sub-0082,69,69
sub-0082,70,70
sub-0082,71,71
sub-0082,72,72
sub-0082,73,73
sub-0082,74,64
sub-0082,75,47
sub-0082,76,76
sub-0082,77,77
sub-0082,78,78
sub-0082,79,79
sub-0082,80,80
sub-0082,81,81
sub-0082,82,82
sub-0082,83,171
sub-0082,84,196
sub-0082,85,85
sub-0082,86,86
sub-0082,87,87
sub-0082,88,88
sub-0082,89,89
sub-0082,90,90
sub-0082,91,91
sub-0082,92,92
sub-0082,93,93
sub-0082,94,94
sub-0082,95,95
sub-0082,96,96
sub-0082,97,97
sub-0082,98,98
sub-0082,99,86
sub-0082,100,100
sub-0082,101,101
sub-0082,102,102
sub-0082,103,103
sub-0082,104,104
sub-0082,105,10
sub-0082,106,106
sub-0082,107,107
sub-0082,108,108
sub-0082,109,109
sub-0082,110,110
sub-0082,111,111
sub-0082,112,112
sub-0082,113,126
sub-0082,114,114
sub-0082,115,115
sub-0082,116,116
sub-0082,117,117
sub-0082,118,118
sub-0082,119,119
sub-0082,120,120
sub-0082,121,121
sub-0082,122,122
sub-0082,123,123
sub-0082,124,124
sub-0082,125,125
sub-0082,126,126
sub-0082,127,127
sub-0082,128,128
sub-0082,129,129
sub-0082,130,130
sub-0082,131,131
sub-0082,132,132
sub-0082,133,133
sub-0082,134,134
sub-0082,135,135
sub-0082,136,136
sub-0082,137,137
sub-0082,138,138
sub-0082,139,139
sub-0082,140,140
sub-0082,141,141
sub-0082,142,142
sub-0082,143,53
sub-0082,144,144
sub-0082,145,126
sub-0082,146,146
sub-0082,147,147
sub-0082,148,148
sub-0082,149,149
sub-0082,150,67
sub-0082,151,151
sub-0082,152,152
sub-0082,153,153
sub-0082,154,154
sub-0082,155,155
sub-0082,156,156
sub-0082,157,157
sub-0082,158,158
sub-0082,159,160
sub-0082,160,160
sub-0082,161,161
sub-0082,162,162
sub-0082,163,163
sub-0082,164,164
sub-0082,165,165
sub-0082,166,166
sub-0082,167,167
sub-0082,168,168
sub-0082,169,169
sub-0082,170,170
sub-0082,171,130
sub-0082,172,172
sub-0082,173,173
sub-0082,174,174
sub-0082,175,175
sub-0082,176,176
sub-0082,177,175
sub-0082,178,178
sub-0082,179,179
sub-0082,180,180
sub-0082,181,181
sub-0082,182,182
sub-0082,183,183
sub-0082,184,160
sub-0082,185,185
sub-0082,186,186
sub-0082,187,187
sub-0082,188,188
sub-0082,189,189
sub-0082,190,160
sub-0082,191,191
sub-0082,192,192
sub-0082,193,193
sub-0082,194,110
sub-0082,195,195
sub-0082,196,196
sub-0082,197,197
sub-0082,198,198
sub-0082,199,199
sub-0082,200,200
sub-0082,201,201
sub-0082,202,204
sub-0082,203,160
sub-0082,204,204
sub-0082,205,205
sub-0082,206,160
sub-0082,207,207
sub-0082,208,208
sub-0082,209,209
sub-0082,210,210
sub-0082,211,211
sub-0082,212,212
sub-0082,213,19
sub-0082,214,214
sub-0082,215,215
sub-0082,216,196
sub-0082,217,204
sub-0082,218,218
sub-0082,219,219
sub-0082,220,220
sub-0082,221,221
sub-0082,222,222
sub-0082,223,223
sub-0082,224,224
sub-0082,225,225
sub-0082,226,16
sub-0082,227,65
sub-0082,228,166
sub-0082,229,118
sub-0082,230,230
sub-0082,231,231
sub-0083,0,0
sub-0083,1,1
sub-0083,2,2
sub-0083,3,3
sub-0083,4,4
sub-0083,5,5
sub-0083,6,6
sub-0083,7,7
sub-0083,8,8
sub-0083,9,9
sub-0083,10,10
sub-0083,11,11
sub-0083,12,12
sub-0083,13,119
sub-0083,14,114
sub-0083,15,45
sub-0083,16,16
sub-0083,17,17
sub-0083,18,18
sub-0083,19,19
sub-0083,20,20
sub-0083,21,21
sub-0083,22,22
sub-0083,23,23
sub-0083,24,24
sub-0083,25,25
sub-0083,26,26
sub-0083,27,45
sub-0083,28,28
sub-0083,29,29
sub-0083,30,30
sub-0083,31,31
sub-0083,32,32
sub-0083,33,132
sub-0083,34,34
sub-0083,35,35
sub-0083,36,36
sub-0083,37,37
sub-0083,38,45
sub-0083,39,39
sub-0083,40,40
sub-0083,41,41
sub-0083,42,42
sub-0083,43,43
sub-0083,44,44
sub-0083,45,45
sub-0083,46,47
sub-0083,47,47
sub-0083,48,48
sub-0083,49,49
sub-0083,50,217
sub-0083,51,51
sub-0083,52,52
sub-0083,53,53
sub-0083,54,204
sub-0083,55,55
sub-0083,56,56
sub-0083,57,57
sub-0083,58,58
sub-0083,59,59
sub-0083,60,60
sub-0083,61,61
sub-0083,62,62
sub-0083,63,63
sub-0083,64,64
sub-0083,65,65
sub-0083,66,66
sub-0083,67,67
sub-0083,68,68
sub-0083,69,69
sub-0083,70,70
sub-0083,71,71
sub-0083,72,166
sub-0083,73,73
sub-0083,74,74
sub-0083,75,75
sub-0083,76,76
sub-0083,77,77
sub-0083,78,78
sub-0083,79,79
sub-0083,80,80
sub-0083,81,81
sub-0083,82,82
sub-0083,83,83
sub-0083,84,217
sub-0083,85,85
sub-0083,86,89
sub-0083,87,87
sub-0083,88,77
sub-0083,89,89
sub-0083,90,90
sub-0083,91,91
sub-0083,92,61
sub-0083,93,176
sub-0083,94,62
sub-0083,95,95
sub-0083,96,96
sub-0083,97,97
sub-0083,98,98
sub-0083,99,99
sub-0083,100,100
sub-0083,101,101
sub-0083,102,102
sub-0083,103,103
sub-0083,104,104
sub-0083,105,105
sub-0083,106,106
sub-0083,107,107
sub-0083,108,108
sub-0083,109,109
sub-0083,110,110
sub-0083,111,111
sub-0083,112,112
sub-0083,113,113
sub-0083,114,114
sub-0083,115,115
sub-0083,116,116
sub-0083,117,117
sub-0083,118,118
sub-0083,119,119
sub-0083,120,33
sub-0083,121,121
sub-0083,122,122
sub-0083,123,123
sub-0083,124,124
sub-0083,125,125
sub-0083,126,126
sub-0083,127,45
sub-0083,128,128
sub-0083,129,129
sub-0083,130,130
sub-0083,131,131
sub-0083,132,132
sub-0083,133,133
sub-0083,134,134
sub-0083,135,135
sub-0083,136,136
sub-0083,137,137
sub-0083,138,138
sub-0083,139,139
sub-0083,140,140
sub-0083,141,141
sub-0083,142,142
sub-0083,143,143
sub-0083,144,144
sub-0083,145,145
sub-0083,146,146
sub-0083,147,45
sub-0083,148,148
sub-0083,149,149
sub-0083,150,45
sub-0083,151,151
sub-0083,152,45
sub-0083,153,153
sub-0083,154,149
sub-0083,155,155
sub-0083,156,156
sub-0083,157,157
sub-0083,158,158
sub-0083,159,176
sub-0083,160,160
sub-0083,161,161
sub-0083,162,162
sub-0083,163,163
sub-0083,164,164
sub-0083,165,164
sub-0083,166,166
sub-0083,167,149
sub-0083,168,168
sub-0083,169,169
sub-0083,170,170
sub-0083,171,171
sub-0083,172,172
sub-0083,173,173
sub-0083,174,174
sub-0083,175,175
sub-0083,176,176
sub-0083,177,152
sub-0083,178,178
sub-0083,179,179
sub-0083,180,180
sub-0083,181,181
sub-0083,182,182
sub-0083,183,183
sub-0083,184,77
sub-0083,185,185
sub-0083,186,186
sub-0083,187,89
sub-0083,188,77
sub-0083,189,176
sub-0083,190,190
sub-0083,191,176
sub-0083,192,192
sub-0083,193,195
sub-0083,194,194
sub-0083,195,195
sub-0083,196,196
sub-0083,197,197
sub-0083,198,198
sub-0083,199,199
sub-0083,200,200
sub-0083,201,201
sub-0083,202,204
sub-0083,203,203
sub-0083,204,204
sub-0083,205,205
sub-0083,206,206
sub-0083,207,207
sub-0083,208,225
sub-0083,209,209
sub-0083,210,202
sub-0083,211,53
sub-0083,212,212
sub-0083,213,213
sub-0083,214,214
sub-0083,215,215
sub-0083,216,216
sub-0083,217,221
sub-0083,218,218
sub-0083,219,219
sub-0083,220,220
sub-0083,221,221
sub-0083,222,223
sub-0083,223,223
sub-0083,224,224
sub-0083,225,225
sub-0083,226,226
sub-0083,227,213
sub-0083,228,45
sub-0083,229,205
sub-0083,230,230
sub-0083,231,231
sub-0084,0,3
sub-0084,1,1
sub-0084,2,2
sub-0084,3,3
sub-0084,4,4
sub-0084,5,5
sub-0084,6,6
sub-0084,7,7
sub-0084,8,8
sub-0084,9,9
sub-0084,10,10
sub-0084,11,11
sub-0084,12,12
sub-0084,13,37
sub-0084,14,14
sub-0084,15,15
sub-0084,16,16
sub-0084,17,17
sub-0084,18,18
sub-0084,19,19
sub-0084,20,20
sub-0084,21,21
sub-0084,22,22
sub-0084,23,23
sub-0084,24,24
sub-0084,25,25
sub-0084,26,26
sub-0084,27,27
sub-0084,28,28
sub-0084,29,29
sub-0084,30,30
sub-0084,31,31
sub-0084,32,32
sub-0084,33,33
sub-0084,34,34
sub-0084,35,35
sub-0084,36,36
sub-0084,37,37
sub-0084,38,38
sub-0084,39,39
sub-0084,40,40
sub-0084,41,41
sub-0084,42,42
sub-0084,43,43
sub-0084,44,61
sub-0084,45,45
sub-0084,46,46
sub-0084,47,47
sub-0084,48,174
sub-0084,49,49
sub-0084,50,82
sub-0084,51,51
sub-0084,52,52
sub-0084,53,53
sub-0084,54,82
sub-0084,55,82
sub-0084,56,56
sub-0084,57,57
sub-0084,58,58
sub-0084,59,59
sub-0084,60,60
sub-0084,61,61
sub-0084,62,62
sub-0084,63,63
sub-0084,64,64
sub-0084,65,65
sub-0084,66,66
sub-0084,67,67
sub-0084,68,68
sub-0084,69,69
sub-0084,70,70
sub-0084,71,71
sub-0084,72,72
sub-0084,73,73
sub-0084,74,74
sub-0084,75,82
sub-0084,76,82
sub-0084,77,77
sub-0084,78,78
sub-0084,79,50
sub-0084,80,80
sub-0084,81,81
sub-0084,82,82
sub-0084,83,83
sub-0084,84,84
sub-0084,85,85
sub-0084,86,86
sub-0084,87,87
sub-0084,88,88
sub-0084,89,89
sub-0084,90,90
sub-0084,91,91
sub-0084,92,92
sub-0084,93,93
sub-0084,94,88
sub-0084,95,68
sub-0084,96,208
sub-0084,97,97
sub-0084,98,98
sub-0084,99,99
sub-0084,100,100
sub-0084,101,101
sub-0084,102,102
sub-0084,103,103
sub-0084,104,104
sub-0084,105,105
sub-0084,106,106
sub-0084,107,107
sub-0084,108,108
sub-0084,109,109
sub-0084,110,110
sub-0084,111,111
sub-0084,112,112
sub-0084,113,113
sub-0084,114,114
sub-0084,115,115
sub-0084,116,116
sub-0084,117,117
sub-0084,118,118
sub-0084,119,119
sub-0084,120,120
sub-0084,121,121
sub-0084,122,122
sub-0084,123,123
sub-0084,124,124
sub-0084,125,125
sub-0084,126,126
sub-0084,127,127
sub-0084,128,128
sub-0084,129,129
sub-0084,130,130
sub-0084,131,131
sub-0084,132,132
sub-0084,133,133
sub-0084,134,134
sub-0084,135,135
sub-0084,136,136
sub-0084,137,137
sub-0084,138,138
sub-0084,139,139
sub-0084,140,140
sub-0084,141,141
sub-0084,142,3
sub-0084,143,224
sub-0084,144,144
sub-0084,145,145
sub-0084,146,153
sub-0084,147,147
sub-0084,148,148
sub-0084,149,149
sub-0084,150,150
sub-0084,151,151
sub-0084,152,152
sub-0084,153,153
sub-0084,154,154
sub-0084,155,155
sub-0084,156,156
sub-0084,157,157
sub-0084,158,224
sub-0084,159,174
sub-0084,160,160
sub-0084,161,161
sub-0084,162,162
sub-0084,163,163
sub-0084,164,164
sub-0084,165,165
sub-0084,166,166
sub-0084,167,173
sub-0084,168,168
sub-0084,169,169
sub-0084,170,82
sub-0084,171,133
sub-0084,172,172
sub-0084,173,173
sub-0084,174,138
sub-0084,175,175
sub-0084,176,50
sub-0084,177,174
sub-0084,178,178
sub-0084,179,68
sub-0084,180,180
sub-0084,181,181
sub-0084,182,182
sub-0084,183,183
sub-0084,184,174
sub-0084,185,185
sub-0084,186,91
sub-0084,187,187
sub-0084,188,188
sub-0084,189,189
sub-0084,190,190
sub-0084,191,191
sub-0084,192,88
sub-0084,193,68
sub-0084,194,194
sub-0084,195,195
sub-0084,196,82
sub-0084,197,197
sub-0084,198,198
sub-0084,199,199
sub-0084,200,200
sub-0084,201,201
sub-0084,202,202
sub-0084,203,203
sub-0084,204,204
sub-0084,205,8
sub-0084,206,206
sub-0084,207,36
sub-0084,208,208
sub-0084,209,224
sub-0084,210,0
sub-0084,211,220
sub-0084,212,208
sub-0084,213,213
sub-0084,214,214
sub-0084,215,215
sub-0084,216,203
sub-0084,217,169
sub-0084,218,218
sub-0084,219,219
sub-0084,220,220
sub-0084,221,43
sub-0084,222,222
sub-0084,223,90
sub-0084,224,224
sub-0084,225,225
sub-0084,226,224
sub-0084,227,93
sub-0084,228,228
sub-0084,229,229
sub-0084,230,215
sub-0084,231,231
sub-0085,0,0
sub-0085,1,1
sub-0085,2,2
sub-0085,3,3
sub-0085,4,4
sub-0085,5,5
sub-0085,6,6
sub-0085,7,7
sub-0085,8,70
sub-0085,9,9
sub-0085,10,8
sub-0085,11,11
sub-0085,12,12
sub-0085,13,13
sub-0085,14,14
sub-0085,15,0
sub-0085,16,193
sub-0085,17,17
sub-0085,18,18
sub-0085,19,19
sub-0085,20,20
sub-0085,21,21
sub-0085,22,24
sub-0085,23,23
sub-0085,24,199
sub-0085,25,25
sub-0085,26,26
sub-0085,27,27
sub-0085,28,28
sub-0085,29,29
sub-0085,30,30
sub-0085,31,31
sub-0085,32,32
sub-0085,33,33
sub-0085,34,34
sub-0085,35,35
sub-0085,36,36
sub-0085,37,37
sub-0085,38,207
sub-0085,39,39
sub-0085,40,48
sub-0085,41,24
sub-0085,42,42
sub-0085,43,43
sub-0085,44,44
sub-0085,45,45
sub-0085,46,46
sub-0085,47,47
sub-0085,48,48
sub-0085,49,49
sub-0085,50,223
sub-0085,51,51
sub-0085,52,99
sub-0085,53,53
sub-0085,54,53
sub-0085,55,199
sub-0085,56,56
sub-0085,57,57
sub-0085,58,58
sub-0085,59,59
sub-0085,60,47
sub-0085,61,61
sub-0085,62,62
sub-0085,63,131
sub-0085,64,64
sub-0085,65,65
sub-0085,66,66
sub-0085,67,67
sub-0085,68,68
sub-0085,69,69
sub-0085,70,70
sub-0085,71,71
sub-0085,72,72
sub-0085,73,169
sub-0085,74,74
sub-0085,75,83
sub-0085,76,76
sub-0085,77,77
sub-0085,78,78
sub-0085,79,79
sub-0085,80,80
sub-0085,81,81
sub-0085,82,82
sub-0085,83,83
sub-0085,84,97
sub-0085,85,66
sub-0085,86,95
sub-0085,87,87
sub-0085,88,88
sub-0085,89,89
sub-0085,90,90
sub-0085,91,91
sub-0085,92,41
sub-0085,93,68
sub-0085,94,70
sub-0085,95,95
sub-0085,96,96
sub-0085,97,97
sub-0085,98,98
sub-0085,99,20
sub-0085,100,100
sub-0085,101,101
sub-0085,102,102
sub-0085,103,103
sub-0085,104,104
sub-0085,105,105
sub-0085,106,106
sub-0085,107,107
sub-0085,108,108
sub-0085,109,109
sub-0085,110,110
sub-0085,111,8
sub-0085,112,112
sub-0085,113,113
sub-0085,114,114
sub-0085,115,115
sub-0085,116,116
sub-0085,117,117
sub-0085,118,121
sub-0085,119,119
sub-0085,120,120
sub-0085,121,121
sub-0085,122,122
sub-0085,123,123
sub-0085,124,124
sub-0085,125,125
sub-0085,126,43
sub-0085,127,127
sub-0085,128,128
sub-0085,129,129
sub-0085,130,130
sub-0085,131,199
sub-0085,132,132
sub-0085,133,133
sub-0085,134,134
sub-0085,135,135
sub-0085,136,160
sub-0085,137,137
sub-0085,138,138
sub-0085,139,139
sub-0085,140,140
sub-0085,141,141
sub-0085,142,199
sub-0085,143,143
sub-0085,144,144
sub-0085,145,145
sub-0085,146,146
sub-0085,147,147
sub-0085,148,148
sub-0085,149,199
sub-0085,150,150
sub-0085,151,151
sub-0085,152,152
sub-0085,153,153
sub-0085,154,154
sub-0085,155,155
sub-0085,156,156
sub-0085,157,157
sub-0085,158,158
sub-0085,159,159
sub-0085,160,198
sub-0085,161,82
sub-0085,162,50
sub-0085,163,163
sub-0085,164,164
sub-0085,165,165
sub-0085,166,166
sub-0085,167,20
sub-0085,168,168
sub-0085,169,169
sub-0085,170,170
sub-0085,171,171
sub-0085,172,68
sub-0085,173,46
sub-0085,174,150
sub-0085,175,175
sub-0085,176,176
sub-0085,177,177
sub-0085,178,178
sub-0085,179,179
sub-0085,180,180
sub-0085,181,181
sub-0085,182,182
sub-0085,183,183
sub-0085,184,166
sub-0085,185,185
sub-0085,186,186
sub-0085,187,187
sub-0085,188,188
sub-0085,189,168
sub-0085,190,190
sub-0085,191,191
sub-0085,192,192
sub-0085,193,193
sub-0085,194,194
sub-0085,195,195
sub-0085,196,196
sub-0085,197,197
sub-0085,198,198
sub-0085,199,199
sub-0085,200,200
sub-0085,201,201
sub-0085,202,124
sub-0085,203,203
sub-0085,204,221
sub-0085,205,229
sub-0085,206,206
sub-0085,207,207
sub-0085,208,208
sub-0085,209,209
sub-0085,210,20
sub-0085,211,213
sub-0085,212,212
sub-0085,213,213
sub-0085,214,214
sub-0085,215,215
sub-0085,216,216
sub-0085,217,217
sub-0085,218,202
sub-0085,219,219
sub-0085,220,223
sub-0085,221,54
sub-0085,222,222
sub-0085,223,223
sub-0085,224,131
sub-0085,225,186
sub-0085,226,171
sub-0085,227,223
sub-0085,228,144
sub-0085,229,229
sub-0085,230,231
sub-0085,231,231
sub-0087,0,226
sub-0087,1,1
sub-0087,2,2
sub-0087,3,3
sub-0087,4,4
sub-0087,5,5
sub-0087,6,6
sub-0087,7,7
sub-0087,8,8
sub-0087,9,9
sub-0087,10,10
sub-0087,11,11
sub-0087,12,12
sub-0087,13,13
sub-0087,14,14
sub-0087,15,15
sub-0087,16,16
sub-0087,17,17
sub-0087,18,18
sub-0087,19,19
sub-0087,20,20
sub-0087,21,21
sub-0087,22,22
sub-0087,23,23
sub-0087,24,24
sub-0087,25,25
sub-0087,26,26
sub-0087,27,27
sub-0087,28,28
sub-0087,29,29
sub-0087,30,30
sub-0087,31,31
sub-0087,32,32
sub-0087,33,33
sub-0087,34,34
sub-0087,35,35
sub-0087,36,36
sub-0087,37,37
sub-0087,38,38
sub-0087,39,39
sub-0087,40,120
sub-0087,41,118
sub-0087,42,45
sub-0087,43,43
sub-0087,44,44
sub-0087,45,45
sub-0087,46,46
sub-0087,47,90
sub-0087,48,48
sub-0087,49,49
sub-0087,50,50
sub-0087,51,51
sub-0087,52,52
sub-0087,53,53
sub-0087,54,54
sub-0087,55,200
sub-0087,56,59
sub-0087,57,57
sub-0087,58,58
sub-0087,59,59
sub-0087,60,60
sub-0087,61,46
sub-0087,62,62
sub-0087,63,127
sub-0087,64,57
sub-0087,65,65
sub-0087,66,66
sub-0087,67,67
sub-0087,68,86
sub-0087,69,69
sub-0087,70,70
sub-0087,71,71
sub-0087,72,72
sub-0087,73,73
sub-0087,74,74
sub-0087,75,75
sub-0087,76,76
sub-0087,77,77
sub-0087,78,72
sub-0087,79,79
sub-0087,80,80
sub-0087,81,81
sub-0087,82,82
sub-0087,83,69
sub-0087,84,200
sub-0087,85,85
sub-0087,86,83
sub-0087,87,87
sub-0087,88,88
sub-0087,89,87
sub-0087,90,90
sub-0087,91,91
sub-0087,92,54
sub-0087,93,93
sub-0087,94,94
sub-0087,95,95
sub-0087,96,96
sub-0087,97,97
sub-0087,98,86
sub-0087,99,99
sub-0087,100,100
sub-0087,101,101
sub-0087,102,102
sub-0087,103,103
sub-0087,104,6
sub-0087,105,105
sub-0087,106,106
sub-0087,107,107
sub-0087,108,108
sub-0087,109,109
sub-0087,110,110
sub-0087,111,111
sub-0087,112,112
sub-0087,113,113
sub-0087,114,114
sub-0087,115,115
sub-0087,116,116
sub-0087,117,117
sub-0087,118,118
sub-0087,119,119
sub-0087,120,120
sub-0087,121,121
sub-0087,122,122
sub-0087,123,123
sub-0087,124,124
sub-0087,125,125
sub-0087,126,126
sub-0087,127,127
sub-0087,128,128
sub-0087,129,129
sub-0087,130,130
sub-0087,131,148
sub-0087,132,132
sub-0087,133,133
sub-0087,134,142
sub-0087,135,31
sub-0087,136,136
sub-0087,137,137
sub-0087,138,138
sub-0087,139,139
sub-0087,140,140
sub-0087,141,141
sub-0087,142,142
sub-0087,143,143
sub-0087,144,144
sub-0087,145,145
sub-0087,146,146
sub-0087,147,147
sub-0087,148,148
sub-0087,149,149
sub-0087,150,150
sub-0087,151,151
sub-0087,152,152
sub-0087,153,153
sub-0087,154,154
sub-0087,155,155
sub-0087,156,156
sub-0087,157,157
sub-0087,158,158
sub-0087,159,159
sub-0087,160,160
sub-0087,161,161
sub-0087,162,162
sub-0087,163,163
sub-0087,164,164
sub-0087,165,165
sub-0087,166,166
sub-0087,167,167
sub-0087,168,168
sub-0087,169,169
sub-0087,170,170
sub-0087,171,171
sub-0087,172,172
sub-0087,173,173
sub-0087,174,174
sub-0087,175,175
sub-0087,176,176
sub-0087,177,177
sub-0087,178,178
sub-0087,179,179
sub-0087,180,180
sub-0087,181,181
sub-0087,182,182
sub-0087,183,183
sub-0087,184,184
sub-0087,185,185
sub-0087,186,186
sub-0087,187,47
sub-0087,188,188
sub-0087,189,189
sub-0087,190,190
sub-0087,191,191
sub-0087,192,192
sub-0087,193,193
sub-0087,194,194
sub-0087,195,195
sub-0087,196,196
sub-0087,197,197
sub-0087,198,183
sub-0087,199,199
sub-0087,200,200
sub-0087,201,201
sub-0087,202,202
sub-0087,203,203
sub-0087,204,220
sub-0087,205,205
sub-0087,206,206
sub-0087,207,207
sub-0087,208,143
sub-0087,209,209
sub-0087,210,204
sub-0087,211,54
sub-0087,212,212
sub-0087,213,213
sub-0087,214,214
sub-0087,215,215
sub-0087,216,201
sub-0087,217,204
sub-0087,218,218
sub-0087,219,219
sub-0087,220,220
sub-0087,221,221
sub-0087,222,222
sub-0087,223,223
sub-0087,224,231
sub-0087,225,230
sub-0087,226,201
sub-0087,227,225
sub-0087,228,228
sub-0087,229,213
sub-0087,230,230
sub-0087,231,231
sub-0088,0,0
sub-0088,1,1
sub-0088,2,2
sub-0088,3,3
sub-0088,4,4
sub-0088,5,5
sub-0088,6,131
sub-0088,7,7
sub-0088,8,8
sub-0088,9,9
sub-0088,10,10
sub-0088,11,11
sub-0088,12,12
sub-0088,13,119
sub-0088,14,14
sub-0088,15,15
sub-0088,16,116
sub-0088,17,17
sub-0088,18,139
sub-0088,19,19
sub-0088,20,20
sub-0088,21,21
sub-0088,22,125
sub-0088,23,23
sub-0088,24,24
sub-0088,25,25
sub-0088,26,26
sub-0088,27,27
sub-0088,28,28
sub-0088,29,29
sub-0088,30,30
sub-0088,31,31
sub-0088,32,32
sub-0088,33,33
sub-0088,34,34
sub-0088,35,35
sub-0088,36,36
sub-0088,37,37
sub-0088,38,119
sub-0088,39,39
sub-0088,40,40
sub-0088,41,41
sub-0088,42,146
sub-0088,43,43
sub-0088,44,44
sub-0088,45,45
sub-0088,46,72
sub-0088,47,47
sub-0088,48,48
sub-0088,49,49
sub-0088,50,50
sub-0088,51,51
sub-0088,52,52
sub-0088,53,53
sub-0088,54,54
sub-0088,55,55
sub-0088,56,56
sub-0088,57,57
sub-0088,58,58
sub-0088,59,59
sub-0088,60,60
sub-0088,61,61
sub-0088,62,62
sub-0088,63,168
sub-0088,64,64
sub-0088,65,65
sub-0088,66,66
sub-0088,67,67
sub-0088,68,68
sub-0088,69,69
sub-0088,70,70
sub-0088,71,71
sub-0088,72,72
sub-0088,73,73
sub-0088,74,74
sub-0088,75,75
sub-0088,76,76
sub-0088,77,188
sub-0088,78,95
sub-0088,79,79
sub-0088,80,80
sub-0088,81,81
sub-0088,82,82
sub-0088,83,83
sub-0088,84,84
sub-0088,85,91
sub-0088,86,86
sub-0088,87,87
sub-0088,88,88
sub-0088,89,89
sub-0088,90,90
sub-0088,91,91
sub-0088,92,92
sub-0088,93,93
sub-0088,94,94
sub-0088,95,95
sub-0088,96,95
sub-0088,97,97
sub-0088,98,153
sub-0088,99,99
sub-0088,100,100
sub-0088,101,101
sub-0088,102,102
sub-0088,103,103
sub-0088,104,104
sub-0088,105,105
sub-0088,106,106
sub-0088,107,2
sub-0088,108,108
sub-0088,109,2
sub-0088,110,110
sub-0088,111,111
sub-0088,112,37
sub-0088,113,113
sub-0088,114,114
sub-0088,115,115
sub-0088,116,135
sub-0088,117,117
sub-0088,118,37
sub-0088,119,119
sub-0088,120,37
sub-0088,121,121
sub-0088,122,122
sub-0088,123,123
sub-0088,124,124
sub-0088,125,125
sub-0088,126,126
sub-0088,127,127
sub-0088,128,128
sub-0088,129,129
sub-0088,130,130
sub-0088,131,131
sub-0088,132,132
sub-0088,133,133
sub-0088,134,134
sub-0088,135,135
sub-0088,136,136
sub-0088,137,137
sub-0088,138,138
sub-0088,139,139
sub-0088,140,44
sub-0088,141,141
sub-0088,142,142
sub-0088,143,143
sub-0088,144,144
sub-0088,145,145
sub-0088,146,146
sub-0088,147,147
sub-0088,148,148
sub-0088,149,149
sub-0088,150,153
sub-0088,151,151
sub-0088,152,152
sub-0088,153,153
sub-0088,154,154
sub-0088,155,155
sub-0088,156,156
sub-0088,157,157
sub-0088,158,158
sub-0088,159,159
sub-0088,160,160
sub-0088,161,52
sub-0088,162,162
sub-0088,163,163
sub-0088,164,164
sub-0088,165,165
sub-0088,166,166
sub-0088,167,167
sub-0088,168,168
sub-0088,169,169
sub-0088,170,170
sub-0088,171,171
sub-0088,172,172
sub-0088,173,173
sub-0088,174,174
sub-0088,175,175
sub-0088,176,176
sub-0088,177,177
sub-0088,178,178
sub-0088,179,179
sub-0088,180,133
sub-0088,181,133
sub-0088,182,182
sub-0088,183,183
sub-0088,184,152
sub-0088,185,169
sub-0088,186,186
sub-0088,187,187
sub-0088,188,188
sub-0088,189,189
sub-0088,190,190
sub-0088,191,191
sub-0088,192,192
sub-0088,193,193
sub-0088,194,95
sub-0088,195,195
sub-0088,196,176
sub-0088,197,153
sub-0088,198,198
sub-0088,199,199
sub-0088,200,200
sub-0088,201,201
sub-0088,202,202
sub-0088,203,203
sub-0088,204,204
sub-0088,205,37
sub-0088,206,206
sub-0088,207,207
sub-0088,208,208
sub-0088,209,209
sub-0088,210,210
sub-0088,211,208
sub-0088,212,212
sub-0088,213,213
sub-0088,214,214
sub-0088,215,215
sub-0088,216,216
sub-0088,217,204
sub-0088,218,218
sub-0088,219,219
sub-0088,220,220
sub-0088,221,204
sub-0088,222,222
sub-0088,223,133
sub-0088,224,224
sub-0088,225,225
sub-0088,226,226
sub-0088,227,206
sub-0088,228,37
sub-0088,229,229
sub-0088,230,230
sub-0088,231,223
sub-0090,0,0
sub-0090,1,1
sub-0090,2,2
sub-0090,3,3
sub-0090,4,4
sub-0090,5,5
sub-0090,6,106
sub-0090,7,7
sub-0090,8,8
sub-0090,9,9
sub-0090,10,10
sub-0090,11,11
sub-0090,12,12
sub-0090,13,13
sub-0090,14,14
sub-0090,15,15
sub-0090,16,16
sub-0090,17,17
sub-0090,18,18
sub-0090,19,19
sub-0090,20,20
sub-0090,21,128
sub-0090,22,205
sub-0090,23,23
sub-0090,24,42
sub-0090,25,25
sub-0090,26,26
sub-0090,27,27
sub-0090,28,154
sub-0090,29,6
sub-0090,30,6
sub-0090,31,31
sub-0090,32,32
sub-0090,33,33
sub-0090,34,34
sub-0090,35,35
sub-0090,36,38
sub-0090,37,37
sub-0090,38,38
sub-0090,39,39
sub-0090,40,40
sub-0090,41,212
sub-0090,42,42
sub-0090,43,43
sub-0090,44,44
sub-0090,45,45
sub-0090,46,46
sub-0090,47,47
sub-0090,48,48
sub-0090,49,49
sub-0090,50,169
sub-0090,51,51
sub-0090,52,160
sub-0090,53,53
sub-0090,54,54
sub-0090,55,55
sub-0090,56,56
sub-0090,57,57
sub-0090,58,58
sub-0090,59,59
sub-0090,60,60
sub-0090,61,61
sub-0090,62,62
sub-0090,63,48
sub-0090,64,64
sub-0090,65,65
sub-0090,66,66
sub-0090,67,67
sub-0090,68,68
sub-0090,69,69
sub-0090,70,70
sub-0090,71,71
sub-0090,72,148
sub-0090,73,73
sub-0090,74,74
sub-0090,75,75
sub-0090,76,76
sub-0090,77,73
sub-0090,78,78
sub-0090,79,79
sub-0090,80,80
sub-0090,81,81
sub-0090,82,82
sub-0090,83,83
sub-0090,84,158
sub-0090,85,85
sub-0090,86,67
sub-0090,87,87
sub-0090,88,88
sub-0090,89,90
sub-0090,90,90
sub-0090,91,91
sub-0090,92,92
sub-0090,93,93
sub-0090,94,94
sub-0090,95,95
sub-0090,96,96
sub-0090,97,97
sub-0090,98,64
sub-0090,99,99
sub-0090,100,100
sub-0090,101,101
sub-0090,102,102
sub-0090,103,103
sub-0090,104,104
sub-0090,105,105
sub-0090,106,106
sub-0090,107,107
sub-0090,108,108
sub-0090,109,109
sub-0090,110,110
sub-0090,111,111
sub-0090,112,112
sub-0090,113,113
sub-0090,114,114
sub-0090,115,115
sub-0090,116,116
sub-0090,117,117
sub-0090,118,118
sub-0090,119,119
sub-0090,120,120
sub-0090,121,121
sub-0090,122,122
sub-0090,123,229
sub-0090,124,198
sub-0090,125,125
sub-0090,126,126
sub-0090,127,127
sub-0090,128,128
sub-0090,129,129
sub-0090,130,134
sub-0090,131,221
sub-0090,132,132
sub-0090,133,133
sub-0090,134,134
sub-0090,135,135
sub-0090,136,136
sub-0090,137,137
sub-0090,138,138
sub-0090,139,139
sub-0090,140,140
sub-0090,141,141
sub-0090,142,142
sub-0090,143,143
sub-0090,144,144
sub-0090,145,145
sub-0090,146,146
sub-0090,147,147
sub-0090,148,148
sub-0090,149,149
sub-0090,150,150
sub-0090,151,151
sub-0090,152,152
sub-0090,153,153
sub-0090,154,154
sub-0090,155,155
sub-0090,156,156
sub-0090,157,157
sub-0090,158,158
sub-0090,159,159
sub-0090,160,160
sub-0090,161,161
sub-0090,162,171
sub-0090,163,163
sub-0090,164,164
sub-0090,165,165
sub-0090,166,166
sub-0090,167,167
sub-0090,168,168
sub-0090,169,169
sub-0090,170,170
sub-0090,171,171
sub-0090,172,172
sub-0090,173,173
sub-0090,174,178
sub-0090,175,175
sub-0090,176,176
sub-0090,177,177
sub-0090,178,178
sub-0090,179,170
sub-0090,180,46
sub-0090,181,59
sub-0090,182,182
sub-0090,183,183
sub-0090,184,184
sub-0090,185,185
sub-0090,186,186
sub-0090,187,169
sub-0090,188,188
sub-0090,189,189
sub-0090,190,170
sub-0090,191,191
sub-0090,192,192
sub-0090,193,193
sub-0090,194,194
sub-0090,195,97
sub-0090,196,196
sub-0090,197,64
sub-0090,198,46
sub-0090,199,48
sub-0090,200,200
sub-0090,201,169
sub-0090,202,202
sub-0090,203,203
sub-0090,204,221
sub-0090,205,205
sub-0090,206,206
sub-0090,207,207
sub-0090,208,208
sub-0090,209,209
sub-0090,210,223
sub-0090,211,46
sub-0090,212,212
sub-0090,213,213
sub-0090,214,225
sub-0090,215,215
sub-0090,216,216
sub-0090,217,201
sub-0090,218,203
sub-0090,219,219
sub-0090,220,220
sub-0090,221,221
sub-0090,222,205
sub-0090,223,223
sub-0090,224,224
sub-0090,225,225
sub-0090,226,226
sub-0090,227,205
sub-0090,228,228
sub-0090,229,229
sub-0090,230,230
sub-0090,231,231
sub-0091,0,0
sub-0091,1,4
sub-0091,2,7
sub-0091,3,3
sub-0091,4,4
sub-0091,5,5
sub-0091,6,6
sub-0091,7,30
sub-0091,8,8
sub-0091,9,9
sub-0091,10,10
sub-0091,11,11
sub-0091,12,12
sub-0091,13,119
sub-0091,14,14
sub-0091,15,120
sub-0091,16,16
sub-0091,17,140
sub-0091,18,18
sub-0091,19,19
sub-0091,20,20
sub-0091,21,124
sub-0091,22,22
sub-0091,23,23
sub-0091,24,149
sub-0091,25,60
sub-0091,26,26
sub-0091,27,27
sub-0091,28,28
sub-0091,29,29
sub-0091,30,30
sub-0091,31,4
sub-0091,32,32
sub-0091,33,33
sub-0091,34,34
sub-0091,35,35
sub-0091,36,36
sub-0091,37,37
sub-0091,38,38
sub-0091,39,39
sub-0091,40,40
sub-0091,41,41
sub-0091,42,42
sub-0091,43,43
sub-0091,44,44
sub-0091,45,45
sub-0091,46,46
sub-0091,47,47
sub-0091,48,48
sub-0091,49,49
sub-0091,50,50
sub-0091,51,51
sub-0091,52,52
sub-0091,53,53
sub-0091,54,54
sub-0091,55,153
sub-0091,56,138
sub-0091,57,57
sub-0091,58,58
sub-0091,59,59
sub-0091,60,60
sub-0091,61,61
sub-0091,62,62
sub-0091,63,63
sub-0091,64,61
sub-0091,65,65
sub-0091,66,66
sub-0091,67,67
sub-0091,68,60
sub-0091,69,69
sub-0091,70,68
sub-0091,71,71
sub-0091,72,72
sub-0091,73,73
sub-0091,74,74
sub-0091,75,225
sub-0091,76,159
sub-0091,77,159
sub-0091,78,78
sub-0091,79,79
sub-0091,80,80
sub-0091,81,81
sub-0091,82,82
sub-0091,83,83
sub-0091,84,84
sub-0091,85,85
sub-0091,86,170
sub-0091,87,87
sub-0091,88,88
sub-0091,89,89
sub-0091,90,91
sub-0091,91,91
sub-0091,92,180
sub-0091,93,93
sub-0091,94,94
sub-0091,95,95
sub-0091,96,96
sub-0091,97,97
sub-0091,98,98
sub-0091,99,54
sub-0091,100,100
sub-0091,101,101
sub-0091,102,102
sub-0091,103,103
sub-0091,104,104
sub-0091,105,105
sub-0091,106,106
sub-0091,107,107
sub-0091,108,108
sub-0091,109,109
sub-0091,110,110
sub-0091,111,111
sub-0091,112,112
sub-0091,113,113
sub-0091,114,114
sub-0091,115,115
sub-0091,116,116
sub-0091,117,117
sub-0091,118,118
sub-0091,119,119
sub-0091,120,119
sub-0091,121,121
sub-0091,122,122
sub-0091,123,201
sub-0091,124,10
sub-0091,125,125
sub-0091,126,126
sub-0091,127,127
sub-0091,128,128
sub-0091,129,129
sub-0091,130,130
sub-0091,131,131
sub-0091,132,132
sub-0091,133,133
sub-0091,134,134
sub-0091,135,135
sub-0091,136,136
sub-0091,137,137
sub-0091,138,138
sub-0091,139,139
sub-0091,140,140
sub-0091,141,141
sub-0091,142,46
sub-0091,143,143
sub-0091,144,144
sub-0091,145,145
sub-0091,146,146
sub-0091,147,147
sub-0091,148,148
sub-0091,149,149
sub-0091,150,150
sub-0091,151,151
sub-0091,152,152
sub-0091,153,153
sub-0091,154,154
sub-0091,155,155
sub-0091,156,156
sub-0091,157,157
sub-0091,158,158
sub-0091,159,159
sub-0091,160,160
sub-0091,161,82
sub-0091,162,162
sub-0091,163,163
sub-0091,164,164
sub-0091,165,61
sub-0091,166,166
sub-0091,167,167
sub-0091,168,168
sub-0091,169,169
sub-0091,170,170
sub-0091,171,195
sub-0091,172,172
sub-0091,173,173
sub-0091,174,60
sub-0091,175,175
sub-0091,176,176
sub-0091,177,177
sub-0091,178,178
sub-0091,179,179
sub-0091,180,180
sub-0091,181,181
sub-0091,182,182
sub-0091,183,183
sub-0091,184,60
sub-0091,185,159
sub-0091,186,186
sub-0091,187,177
sub-0091,188,188
sub-0091,189,189
sub-0091,190,190
sub-0091,191,191
sub-0091,192,192
sub-0091,193,193
sub-0091,194,194
sub-0091,195,195
sub-0091,196,196
sub-0091,197,197
sub-0091,198,198
sub-0091,199,199
sub-0091,200,200
sub-0091,201,54
sub-0091,202,202
sub-0091,203,203
sub-0091,204,204
sub-0091,205,205
sub-0091,206,206
sub-0091,207,207
sub-0091,208,52
sub-0091,209,209
sub-0091,210,187
sub-0091,211,222
sub-0091,212,212
sub-0091,213,213
sub-0091,214,214
sub-0091,215,215
sub-0091,216,216
sub-0091,217,200
sub-0091,218,218
sub-0091,219,219
sub-0091,220,220
sub-0091,221,221
sub-0091,222,222
sub-0091,223,223
sub-0091,224,224
sub-0091,225,225
sub-0091,226,220
sub-0091,227,187
sub-0091,228,228
sub-0091,229,229
sub-0091,230,230
sub-0091,231,231
sub-0092,0,97
sub-0092,1,1
sub-0092,2,2
sub-0092,3,8
sub-0092,4,4
sub-0092,5,5
sub-0092,6,6
sub-0092,7,7
sub-0092,8,107
sub-0092,9,9
sub-0092,10,10
sub-0092,11,11
sub-0092,12,12
sub-0092,13,13
sub-0092,14,27
sub-0092,15,15
sub-0092,16,16
sub-0092,17,17
sub-0092,18,18
sub-0092,19,19
sub-0092,20,20
sub-0092,21,21
sub-0092,22,22
sub-0092,23,23
sub-0092,24,24
sub-0092,25,25
sub-0092,26,26
sub-0092,27,27
sub-0092,28,28
sub-0092,29,29
sub-0092,30,30
sub-0092,31,31
sub-0092,32,32
sub-0092,33,33
sub-0092,34,34
sub-0092,35,35
sub-0092,36,147
sub-0092,37,37
sub-0092,38,38
sub-0092,39,39
sub-0092,40,40
sub-0092,41,41
sub-0092,42,39
sub-0092,43,43
sub-0092,44,44
sub-0092,45,45
sub-0092,46,46
sub-0092,47,47
sub-0092,48,48
sub-0092,49,49
sub-0092,50,50
sub-0092,51,51
sub-0092,52,28
sub-0092,53,83
sub-0092,54,160
sub-0092,55,216
sub-0092,56,56
sub-0092,57,57
sub-0092,58,58
sub-0092,59,138
sub-0092,60,60
sub-0092,61,61
sub-0092,62,62
sub-0092,63,59
sub-0092,64,68
sub-0092,65,65
sub-0092,66,66
sub-0092,67,67
sub-0092,68,68
sub-0092,69,69
sub-0092,70,47
sub-0092,71,71
sub-0092,72,72
sub-0092,73,73
sub-0092,74,74
sub-0092,75,75
sub-0092,76,76
sub-0092,77,77
sub-0092,78,78
sub-0092,79,79
sub-0092,80,80
sub-0092,81,81
sub-0092,82,82
sub-0092,83,83
sub-0092,84,84
sub-0092,85,85
sub-0092,86,86
sub-0092,87,87
sub-0092,88,88
sub-0092,89,89
sub-0092,90,90
sub-0092,91,91
sub-0092,92,92
sub-0092,93,93
sub-0092,94,94
sub-0092,95,95
sub-0092,96,96
sub-0092,97,97
sub-0092,98,131
sub-0092,99,99
sub-0092,100,100
sub-0092,101,101
sub-0092,102,2
sub-0092,103,0
sub-0092,104,104
sub-0092,105,107
sub-0092,106,106
sub-0092,107,107
sub-0092,108,108
sub-0092,109,109
sub-0092,110,110
sub-0092,111,111
sub-0092,112,112
sub-0092,113,113
sub-0092,114,114
sub-0092,115,115
sub-0092,116,116
sub-0092,117,117
sub-0092,118,118
sub-0092,119,119
sub-0092,120,120
sub-0092,121,121
sub-0092,122,122
sub-0092,123,123
sub-0092,124,124
sub-0092,125,131
sub-0092,126,126
sub-0092,127,45
sub-0092,128,128
sub-0092,129,129
sub-0092,130,130
sub-0092,131,164
sub-0092,132,132
sub-0092,133,133
sub-0092,134,134
sub-0092,135,135
sub-0092,136,136
sub-0092,137,137
sub-0092,138,138
sub-0092,139,139
sub-0092,140,140
sub-0092,141,141
sub-0092,142,147
sub-0092,143,143
sub-0092,144,144
sub-0092,145,145
sub-0092,146,146
sub-0092,147,147
sub-0092,148,148
sub-0092,149,149
sub-0092,150,150
sub-0092,151,173
sub-0092,152,152
sub-0092,153,153
sub-0092,154,154
sub-0092,155,155
sub-0092,156,156
sub-0092,157,157
sub-0092,158,158
sub-0092,159,159
sub-0092,160,43
sub-0092,161,83
sub-0092,162,162
sub-0092,163,163
sub-0092,164,164
sub-0092,165,165
sub-0092,166,166
sub-0092,167,167
sub-0092,168,168
sub-0092,169,169
sub-0092,170,170
sub-0092,171,171
sub-0092,172,172
sub-0092,173,39
sub-0092,174,174
sub-0092,175,175
sub-0092,176,176
sub-0092,177,177
sub-0092,178,178
sub-0092,179,179
sub-0092,180,180
sub-0092,181,181
sub-0092,182,73
sub-0092,183,148
sub-0092,184,184
sub-0092,185,185
sub-0092,186,186
sub-0092,187,187
sub-0092,188,188
sub-0092,189,189
sub-0092,190,190
sub-0092,191,191
sub-0092,192,192
sub-0092,193,193
sub-0092,194,194
sub-0092,195,195
sub-0092,196,196
sub-0092,197,197
sub-0092,198,198
sub-0092,199,199
sub-0092,200,200
sub-0092,201,201
sub-0092,202,219
sub-0092,203,203
sub-0092,204,204
sub-0092,205,205
sub-0092,206,223
sub-0092,207,207
sub-0092,208,208
sub-0092,209,209
sub-0092,210,211
sub-0092,211,177
sub-0092,212,212
sub-0092,213,213
sub-0092,214,214
sub-0092,215,223
sub-0092,216,216
sub-0092,217,217
sub-0092,218,219
sub-0092,219,219
sub-0092,220,215
sub-0092,221,8
sub-0092,222,214
sub-0092,223,223
sub-0092,224,224
sub-0092,225,225
sub-0092,226,211
sub-0092,227,211
sub-0092,228,228
sub-0092,229,229
sub-0092,230,215
sub-0092,231,231
sub-0093,0,0
sub-0093,1,1
sub-0093,2,2
sub-0093,3,3
sub-0093,4,4
sub-0093,5,5
sub-0093,6,6
sub-0093,7,7
sub-0093,8,8
sub-0093,9,9
sub-0093,10,204
sub-0093,11,11
sub-0093,12,12
sub-0093,13,13
sub-0093,14,14
sub-0093,15,15
sub-0093,16,16
sub-0093,17,17
sub-0093,18,18
sub-0093,19,19
sub-0093,20,20
sub-0093,21,21
sub-0093,22,22
sub-0093,23,23
sub-0093,24,24
sub-0093,25,25
sub-0093,26,26
sub-0093,27,27
sub-0093,28,28
sub-0093,29,29
sub-0093,30,30
sub-0093,31,31
sub-0093,32,32
sub-0093,33,133
sub-0093,34,34
sub-0093,35,13
sub-0093,36,36
sub-0093,37,37
sub-0093,38,38
sub-0093,39,39
sub-0093,40,40
sub-0093,41,41
sub-0093,42,42
sub-0093,43,43
sub-0093,44,44
sub-0093,45,45
sub-0093,46,46
sub-0093,47,47
sub-0093,48,48
sub-0093,49,49
sub-0093,50,50
sub-0093,51,51
sub-0093,52,52
sub-0093,53,160
sub-0093,54,54
sub-0093,55,55
sub-0093,56,56
sub-0093,57,133
sub-0093,58,58
sub-0093,59,59
sub-0093,60,60
sub-0093,61,61
sub-0093,62,62
sub-0093,63,63
sub-0093,64,64
sub-0093,65,92
sub-0093,66,66
sub-0093,67,67
sub-0093,68,68
sub-0093,69,69
sub-0093,70,70
sub-0093,71,71
sub-0093,72,72
sub-0093,73,73
sub-0093,74,74
sub-0093,75,75
sub-0093,76,76
sub-0093,77,77
sub-0093,78,78
sub-0093,79,79
sub-0093,80,80
sub-0093,81,81
sub-0093,82,82
sub-0093,83,83
sub-0093,84,84
sub-0093,85,85
sub-0093,86,82
sub-0093,87,87
sub-0093,88,88
sub-0093,89,94
sub-0093,90,90
sub-0093,91,91
sub-0093,92,92
sub-0093,93,93
sub-0093,94,94
sub-0093,95,95
sub-0093,96,96
sub-0093,97,97
sub-0093,98,98
sub-0093,99,99
sub-0093,100,100
sub-0093,101,101
sub-0093,102,102
sub-0093,103,103
sub-0093,104,104
sub-0093,105,105
sub-0093,106,106
sub-0093,107,107
sub-0093,108,108
sub-0093,109,109
sub-0093,110,110
sub-0093,111,6
sub-0093,112,112
sub-0093,113,113
sub-0093,114,114
sub-0093,115,115
sub-0093,116,116
sub-0093,117,117
sub-0093,118,118
sub-0093,119,119
sub-0093,120,120
sub-0093,121,121
sub-0093,122,122
sub-0093,123,123
sub-0093,124,124
sub-0093,125,125
sub-0093,126,126
sub-0093,127,127
sub-0093,128,128
sub-0093,129,129
sub-0093,130,130
sub-0093,131,131
sub-0093,132,132
sub-0093,133,133
sub-0093,134,173
sub-0093,135,164
sub-0093,136,136
sub-0093,137,137
sub-0093,138,138
sub-0093,139,139
sub-0093,140,41
sub-0093,141,141
sub-0093,142,142
sub-0093,143,143
sub-0093,144,144
sub-0093,145,145
sub-0093,146,146
sub-0093,147,147
sub-0093,148,148
sub-0093,149,149
sub-0093,150,150
sub-0093,151,151
sub-0093,152,152
sub-0093,153,153
sub-0093,154,154
sub-0093,155,155
sub-0093,156,156
sub-0093,157,157
sub-0093,158,158
sub-0093,159,159
sub-0093,160,160
sub-0093,161,82
sub-0093,162,92
sub-0093,163,171
sub-0093,164,164
sub-0093,165,173
sub-0093,166,166
sub-0093,167,167
sub-0093,168,173
sub-0093,169,205
sub-0093,170,170
sub-0093,171,173
sub-0093,172,171
sub-0093,173,173
sub-0093,174,174
sub-0093,175,175
sub-0093,176,177
sub-0093,177,177
sub-0093,178,178
sub-0093,179,179
sub-0093,180,180
sub-0093,181,181
sub-0093,182,182
sub-0093,183,183
sub-0093,184,184
sub-0093,185,185
sub-0093,186,186
sub-0093,187,190
sub-0093,188,188
sub-0093,189,189
sub-0093,190,190
sub-0093,191,82
sub-0093,192,192
sub-0093,193,193
sub-0093,194,194
sub-0093,195,195
sub-0093,196,183
sub-0093,197,197
sub-0093,198,198
sub-0093,199,199
sub-0093,200,200
sub-0093,201,204
sub-0093,202,202
sub-0093,203,203
sub-0093,204,204
sub-0093,205,221
sub-0093,206,206
sub-0093,207,207
sub-0093,208,208
sub-0093,209,209
sub-0093,210,211
sub-0093,211,149
sub-0093,212,212
sub-0093,213,213
sub-0093,214,214
sub-0093,215,215
sub-0093,216,216
sub-0093,217,217
sub-0093,218,218
sub-0093,219,82
sub-0093,220,51
sub-0093,221,221
sub-0093,222,222
sub-0093,223,223
sub-0093,224,224
sub-0093,225,73
sub-0093,226,226
sub-0093,227,211
sub-0093,228,228
sub-0093,229,229
sub-0093,230,230
sub-0093,231,231
sub-0094,0,0
sub-0094,1,1
sub-0094,2,2
sub-0094,3,3
sub-0094,4,4
sub-0094,5,5
sub-0094,6,6
sub-0094,7,7
sub-0094,8,107
sub-0094,9,9
sub-0094,10,10
sub-0094,11,11
sub-0094,12,12
sub-0094,13,36
sub-0094,14,14
sub-0094,15,15
sub-0094,16,16
sub-0094,17,17
sub-0094,18,18
sub-0094,19,19
sub-0094,20,20
sub-0094,21,21
sub-0094,22,22
sub-0094,23,23
sub-0094,24,24
sub-0094,25,25
sub-0094,26,26
sub-0094,27,120
sub-0094,28,28
sub-0094,29,29
sub-0094,30,30
sub-0094,31,31
sub-0094,32,32
sub-0094,33,57
sub-0094,34,34
sub-0094,35,35
sub-0094,36,36
sub-0094,37,37
sub-0094,38,38
sub-0094,39,39
sub-0094,40,40
sub-0094,41,41
sub-0094,42,42
sub-0094,43,43
sub-0094,44,44
sub-0094,45,45
sub-0094,46,46
sub-0094,47,47
sub-0094,48,48
sub-0094,49,49
sub-0094,50,176
sub-0094,51,51
sub-0094,52,52
sub-0094,53,53
sub-0094,54,54
sub-0094,55,203
sub-0094,56,56
sub-0094,57,57
sub-0094,58,58
sub-0094,59,59
sub-0094,60,60
sub-0094,61,62
sub-0094,62,62
sub-0094,63,39
sub-0094,64,64
sub-0094,65,65
sub-0094,66,66
sub-0094,67,67
sub-0094,68,68
sub-0094,69,69
sub-0094,70,70
sub-0094,71,71
sub-0094,72,38
sub-0094,73,73
sub-0094,74,74
sub-0094,75,75
sub-0094,76,76
sub-0094,77,77
sub-0094,78,78
sub-0094,79,79
sub-0094,80,80
sub-0094,81,81
sub-0094,82,82
sub-0094,83,83
sub-0094,84,84
sub-0094,85,85
sub-0094,86,86
sub-0094,87,87
sub-0094,88,88
sub-0094,89,89
sub-0094,90,90
sub-0094,91,191
sub-0094,92,92
sub-0094,93,69
sub-0094,94,94
sub-0094,95,95
sub-0094,96,96
sub-0094,97,97
sub-0094,98,74
sub-0094,99,99
sub-0094,100,100
sub-0094,101,33
sub-0094,102,102
sub-0094,103,103
sub-0094,104,104
sub-0094,105,105
sub-0094,106,106
sub-0094,107,97
sub-0094,108,108
sub-0094,109,109
sub-0094,110,110
sub-0094,111,111
sub-0094,112,112
sub-0094,113,113
sub-0094,114,114
sub-0094,115,115
sub-0094,116,116
sub-0094,117,117
sub-0094,118,118
sub-0094,119,119
sub-0094,120,120
sub-0094,121,121
sub-0094,122,122
sub-0094,123,123
sub-0094,124,20
sub-0094,125,125
sub-0094,126,126
sub-0094,127,127
sub-0094,128,128
sub-0094,129,129
sub-0094,130,130
sub-0094,131,46
sub-0094,132,195
sub-0094,133,163
sub-0094,134,171
sub-0094,135,135
sub-0094,136,136
sub-0094,137,137
sub-0094,138,138
sub-0094,139,139
sub-0094,140,140
sub-0094,141,141
sub-0094,142,142
sub-0094,143,198
sub-0094,144,39
sub-0094,145,145
sub-0094,146,146
sub-0094,147,147
sub-0094,148,148
sub-0094,149,149
sub-0094,150,150
sub-0094,151,151
sub-0094,152,152
sub-0094,153,153
sub-0094,154,154
sub-0094,155,155
sub-0094,156,156
sub-0094,157,157
sub-0094,158,158
sub-0094,159,159
sub-0094,160,160
sub-0094,161,161
sub-0094,162,171
sub-0094,163,163
sub-0094,164,164
sub-0094,165,165
sub-0094,166,138
sub-0094,167,150
sub-0094,168,168
sub-0094,169,169
sub-0094,170,170
sub-0094,171,171
sub-0094,172,176
sub-0094,173,173
sub-0094,174,172
sub-0094,175,175
sub-0094,176,176
sub-0094,177,177
sub-0094,178,178
sub-0094,179,172
sub-0094,180,180
sub-0094,181,66
sub-0094,182,182
sub-0094,183,198
sub-0094,184,159
sub-0094,185,185
sub-0094,186,186
sub-0094,187,209
sub-0094,188,188
sub-0094,189,189
sub-0094,190,190
sub-0094,191,191
sub-0094,192,192
sub-0094,193,193
sub-0094,194,194
sub-0094,195,195
sub-0094,196,196
sub-0094,197,197
sub-0094,198,198
sub-0094,199,199
sub-0094,200,200
sub-0094,201,53
sub-0094,202,198
sub-0094,203,53
sub-0094,204,205
sub-0094,205,205
sub-0094,206,206
sub-0094,207,207
sub-0094,208,208
sub-0094,209,209
sub-0094,210,73
sub-0094,211,92
sub-0094,212,212
sub-0094,213,213
sub-0094,214,214
sub-0094,215,215
sub-0094,216,216
sub-0094,217,217
sub-0094,218,218
sub-0094,219,218
sub-0094,220,205
sub-0094,221,221
sub-0094,222,53
sub-0094,223,223
sub-0094,224,157
sub-0094,225,225
sub-0094,226,204
sub-0094,227,150
sub-0094,228,228
sub-0094,229,229
sub-0094,230,230
sub-0094,231,60
sub-0095,0,0
sub-0095,1,1
sub-0095,2,2
sub-0095,3,3
sub-0095,4,4
sub-0095,5,5
sub-0095,6,6
sub-0095,7,7
sub-0095,8,8
sub-0095,9,9
sub-0095,10,10
sub-0095,11,11
sub-0095,12,12
sub-0095,13,13
sub-0095,14,14
sub-0095,15,15
sub-0095,16,120
sub-0095,17,17
sub-0095,18,120
sub-0095,19,19
sub-0095,20,20
sub-0095,21,21
sub-0095,22,22
sub-0095,23,23
sub-0095,24,24
sub-0095,25,25
sub-0095,26,26
sub-0095,27,27
sub-0095,28,28
sub-0095,29,29
sub-0095,30,30
sub-0095,31,31
sub-0095,32,32
sub-0095,33,33
sub-0095,34,34
sub-0095,35,35
sub-0095,36,36
sub-0095,37,37
sub-0095,38,38
sub-0095,39,39
sub-0095,40,40
sub-0095,41,41
sub-0095,42,42
sub-0095,43,43
sub-0095,44,44
sub-0095,45,45
sub-0095,46,46
sub-0095,47,47
sub-0095,48,48
sub-0095,49,49
sub-0095,50,50
sub-0095,51,51
sub-0095,52,52
sub-0095,53,53
sub-0095,54,54
sub-0095,55,55
sub-0095,56,56
sub-0095,57,57
sub-0095,58,58
sub-0095,59,59
sub-0095,60,60
sub-0095,61,61
sub-0095,62,62
sub-0095,63,63
sub-0095,64,57
sub-0095,65,65
sub-0095,66,66
sub-0095,67,67
sub-0095,68,68
sub-0095,69,69
sub-0095,70,70
sub-0095,71,95
sub-0095,72,72
sub-0095,73,73
sub-0095,74,74
sub-0095,75,75
sub-0095,76,76
sub-0095,77,77
sub-0095,78,95
sub-0095,79,79
sub-0095,80,80
sub-0095,81,81
sub-0095,82,82
sub-0095,83,83
sub-0095,84,85
sub-0095,85,85
sub-0095,86,86
sub-0095,87,87
sub-0095,88,88
sub-0095,89,89
sub-0095,90,90
sub-0095,91,91
sub-0095,92,92
sub-0095,93,93
sub-0095,94,94
sub-0095,95,95
sub-0095,96,96
sub-0095,97,97
sub-0095,98,98
sub-0095,99,99
sub-0095,100,100
sub-0095,101,101
sub-0095,102,102
sub-0095,103,103
sub-0095,104,104
sub-0095,105,105
sub-0095,106,106
sub-0095,107,107
sub-0095,108,108
sub-0095,109,109
sub-0095,110,110
sub-0095,111,111
sub-0095,112,112
sub-0095,113,113
sub-0095,114,114
sub-0095,115,115
sub-0095,116,116
sub-0095,117,117
sub-0095,118,118
sub-0095,119,119
sub-0095,120,0
sub-0095,121,120
sub-0095,122,122
sub-0095,123,123
sub-0095,124,124
sub-0095,125,125
sub-0095,126,126
sub-0095,127,127
sub-0095,128,128
sub-0095,129,129
sub-0095,130,130
sub-0095,131,131
sub-0095,132,132
sub-0095,133,133
sub-0095,134,134
sub-0095,135,135
sub-0095,136,136
sub-0095,137,137
sub-0095,138,138
sub-0095,139,139
sub-0095,140,116
sub-0095,141,141
sub-0095,142,199
sub-0095,143,143
sub-0095,144,144
sub-0095,145,145
sub-0095,146,146
sub-0095,147,147
sub-0095,148,148
sub-0095,149,141
sub-0095,150,150
sub-0095,151,151
sub-0095,152,152
sub-0095,153,153
sub-0095,154,154
sub-0095,155,155
sub-0095,156,156
sub-0095,157,157
sub-0095,158,158
sub-0095,159,159
sub-0095,160,160
sub-0095,161,153
sub-0095,162,219
sub-0095,163,163
sub-0095,164,164
sub-0095,165,165
sub-0095,166,166
sub-0095,167,167
sub-0095,168,168
sub-0095,169,169
sub-0095,170,170
sub-0095,171,171
sub-0095,172,172
sub-0095,173,173
sub-0095,174,174
sub-0095,175,176
sub-0095,176,156
sub-0095,177,177
sub-0095,178,178
sub-0095,179,152
sub-0095,180,31
sub-0095,181,32
sub-0095,182,182
sub-0095,183,183
sub-0095,184,184
sub-0095,185,201
sub-0095,186,186
sub-0095,187,187
sub-0095,188,188
sub-0095,189,189
sub-0095,190,190
sub-0095,191,191
sub-0095,192,192
sub-0095,193,193
sub-0095,194,194
sub-0095,195,195
sub-0095,196,196
sub-0095,197,197
sub-0095,198,198
sub-0095,199,199
sub-0095,200,200
sub-0095,201,201
sub-0095,202,28
sub-0095,203,203
sub-0095,204,204
sub-0095,205,205
sub-0095,206,206
sub-0095,207,207
sub-0095,208,208
sub-0095,209,209
sub-0095,210,210
sub-0095,211,160
sub-0095,212,212
sub-0095,213,213
sub-0095,214,214
sub-0095,215,215
sub-0095,216,216
sub-0095,217,217
sub-0095,218,65
sub-0095,219,219
sub-0095,220,220
sub-0095,221,156
sub-0095,222,222
sub-0095,223,223
sub-0095,224,224
sub-0095,225,225
sub-0095,226,86
sub-0095,227,152
sub-0095,228,228
sub-0095,229,229
sub-0095,230,230
sub-0095,231,231
sub-0096,0,0
sub-0096,1,1
sub-0096,2,2
sub-0096,3,3
sub-0096,4,4
sub-0096,5,5
sub-0096,6,6
sub-0096,7,7
sub-0096,8,27
sub-0096,9,9
sub-0096,10,10
sub-0096,11,11
sub-0096,12,12
sub-0096,13,13
sub-0096,14,14
sub-0096,15,15
sub-0096,16,16
sub-0096,17,17
sub-0096,18,18
sub-0096,19,19
sub-0096,20,20
sub-0096,21,21
sub-0096,22,22
sub-0096,23,23
sub-0096,24,24
sub-0096,25,25
sub-0096,26,26
sub-0096,27,27
sub-0096,28,28
sub-0096,29,29
sub-0096,30,30
sub-0096,31,31
sub-0096,32,32
sub-0096,33,33
sub-0096,34,34
sub-0096,35,35
sub-0096,36,36
sub-0096,37,37
sub-0096,38,38
sub-0096,39,39
sub-0096,40,40
sub-0096,41,41
sub-0096,42,42
sub-0096,43,43
sub-0096,44,44
sub-0096,45,45
sub-0096,46,46
sub-0096,47,47
sub-0096,48,48
sub-0096,49,49
sub-0096,50,50
sub-0096,51,51
sub-0096,52,52
sub-0096,53,50
sub-0096,54,54
sub-0096,55,218
sub-0096,56,56
sub-0096,57,57
sub-0096,58,58
sub-0096,59,59
sub-0096,60,60
sub-0096,61,61
sub-0096,62,62
sub-0096,63,63
sub-0096,64,64
sub-0096,65,65
sub-0096,66,66
sub-0096,67,67
sub-0096,68,68
sub-0096,69,69
sub-0096,70,70
sub-0096,71,71
sub-0096,72,72
sub-0096,73,73
sub-0096,74,74
sub-0096,75,166
sub-0096,76,181
sub-0096,77,77
sub-0096,78,78
sub-0096,79,92
sub-0096,80,80
sub-0096,81,81
sub-0096,82,82
sub-0096,83,83
sub-0096,84,83
sub-0096,85,85
sub-0096,86,86
sub-0096,87,87
sub-0096,88,88
sub-0096,89,89
sub-0096,90,90
sub-0096,91,91
sub-0096,92,92
sub-0096,93,93
sub-0096,94,94
sub-0096,95,95
sub-0096,96,180
sub-0096,97,72
sub-0096,98,98
sub-0096,99,99
sub-0096,100,100
sub-0096,101,101
sub-0096,102,102
sub-0096,103,103
sub-0096,104,104
sub-0096,105,105
sub-0096,106,106
sub-0096,107,107
sub-0096,108,108
sub-0096,109,109
sub-0096,110,110
sub-0096,111,111
sub-0096,112,112
sub-0096,113,113
sub-0096,114,115
sub-0096,115,115
sub-0096,116,116
sub-0096,117,117
sub-0096,118,118
sub-0096,119,119
sub-0096,120,120
sub-0096,121,121
sub-0096,122,122
sub-0096,123,92
sub-0096,124,124
sub-0096,125,125
sub-0096,126,115
sub-0096,127,127
sub-0096,128,128
sub-0096,129,129
sub-0096,130,130
sub-0096,131,131
sub-0096,132,132
sub-0096,133,133
sub-0096,134,134
sub-0096,135,135
sub-0096,136,35
sub-0096,137,137
sub-0096,138,138
sub-0096,139,139
sub-0096,140,140
sub-0096,141,141
sub-0096,142,0
sub-0096,143,143
sub-0096,144,144
sub-0096,145,145
sub-0096,146,146
sub-0096,147,147
sub-0096,148,148
sub-0096,149,149
sub-0096,150,150
sub-0096,151,183
sub-0096,152,72
sub-0096,153,176
sub-0096,154,154
sub-0096,155,155
sub-0096,156,156
sub-0096,157,157
sub-0096,158,159
sub-0096,159,159
sub-0096,160,160
sub-0096,161,161
sub-0096,162,162
sub-0096,163,163
sub-0096,164,172
sub-0096,165,165
sub-0096,166,166
sub-0096,167,151
sub-0096,168,132
sub-0096,169,169
sub-0096,170,170
sub-0096,171,171
sub-0096,172,172
sub-0096,173,173
sub-0096,174,174
sub-0096,175,175
sub-0096,176,176
sub-0096,177,176
sub-0096,178,178
sub-0096,179,179
sub-0096,180,180
sub-0096,181,181
sub-0096,182,182
sub-0096,183,183
sub-0096,184,184
sub-0096,185,185
sub-0096,186,186
sub-0096,187,50
sub-0096,188,188
sub-0096,189,189
sub-0096,190,190
sub-0096,191,191
sub-0096,192,192
sub-0096,193,193
sub-0096,194,194
sub-0096,195,131
sub-0096,196,196
sub-0096,197,198
sub-0096,198,198
sub-0096,199,199
sub-0096,200,200
sub-0096,201,208
sub-0096,202,202
sub-0096,203,52
sub-0096,204,14
sub-0096,205,205
sub-0096,206,206
sub-0096,207,207
sub-0096,208,208
sub-0096,209,209
sub-0096,210,131
sub-0096,211,211
sub-0096,212,148
sub-0096,213,114
sub-0096,214,214
sub-0096,215,227
sub-0096,216,202
sub-0096,217,62
sub-0096,218,218
sub-0096,219,219
sub-0096,220,205
sub-0096,221,221
sub-0096,222,222
sub-0096,223,223
sub-0096,224,224
sub-0096,225,225
sub-0096,226,187
sub-0096,227,52
sub-0096,228,228
sub-0096,229,229
sub-0096,230,230
sub-0096,231,231
sub-0097,0,0
sub-0097,1,1
sub-0097,2,6
sub-0097,3,0
sub-0097,4,4
sub-0097,5,5
sub-0097,6,6
sub-0097,7,7
sub-0097,8,8
sub-0097,9,9
sub-0097,10,10
sub-0097,11,11
sub-0097,12,12
sub-0097,13,13
sub-0097,14,14
sub-0097,15,15
sub-0097,16,16
sub-0097,17,17
sub-0097,18,18
sub-0097,19,19
sub-0097,20,20
sub-0097,21,21
sub-0097,22,22
sub-0097,23,23
sub-0097,24,24
sub-0097,25,25
sub-0097,26,26
sub-0097,27,27
sub-0097,28,28
sub-0097,29,29
sub-0097,30,30
sub-0097,31,31
sub-0097,32,32
sub-0097,33,33
sub-0097,34,34
sub-0097,35,35
sub-0097,36,36
sub-0097,37,37
sub-0097,38,67
sub-0097,39,39
sub-0097,40,40
sub-0097,41,41
sub-0097,42,42
sub-0097,43,43
sub-0097,44,44
sub-0097,45,45
sub-0097,46,46
sub-0097,47,47
sub-0097,48,48
sub-0097,49,49
sub-0097,50,131
sub-0097,51,51
sub-0097,52,52
sub-0097,53,53
sub-0097,54,53
sub-0097,55,55
sub-0097,56,148
sub-0097,57,57
sub-0097,58,58
sub-0097,59,64
sub-0097,60,60
sub-0097,61,61
sub-0097,62,62
sub-0097,63,64
sub-0097,64,64
sub-0097,65,65
sub-0097,66,66
sub-0097,67,67
sub-0097,68,68
sub-0097,69,69
sub-0097,70,64
sub-0097,71,71
sub-0097,72,72
sub-0097,73,73
sub-0097,74,74
sub-0097,75,75
sub-0097,76,76
sub-0097,77,77
sub-0097,78,189
sub-0097,79,79
sub-0097,80,216
sub-0097,81,81
sub-0097,82,82
sub-0097,83,83
sub-0097,84,85
sub-0097,85,85
sub-0097,86,86
sub-0097,87,87
sub-0097,88,88
sub-0097,89,89
sub-0097,90,90
sub-0097,91,91
sub-0097,92,92
sub-0097,93,93
sub-0097,94,94
sub-0097,95,163
sub-0097,96,96
sub-0097,97,97
sub-0097,98,98
sub-0097,99,189
sub-0097,100,100
sub-0097,101,101
sub-0097,102,102
sub-0097,103,103
sub-0097,104,104
sub-0097,105,105
sub-0097,106,106
sub-0097,107,107
sub-0097,108,108
sub-0097,109,109
sub-0097,110,110
sub-0097,111,111
sub-0097,112,112
sub-0097,113,113
sub-0097,114,114
sub-0097,115,115
sub-0097,116,116
sub-0097,117,117
sub-0097,118,118
sub-0097,119,139
sub-0097,120,120
sub-0097,121,121
sub-0097,122,122
sub-0097,123,123
sub-0097,124,20
sub-0097,125,125
sub-0097,126,126
sub-0097,127,127
sub-0097,128,128
sub-0097,129,129
sub-0097,130,130
sub-0097,131,131
sub-0097,132,132
sub-0097,133,4
sub-0097,134,58
sub-0097,135,135
sub-0097,136,136
sub-0097,137,137
sub-0097,138,138
sub-0097,139,139
sub-0097,140,33
sub-0097,141,141
sub-0097,142,142
sub-0097,143,143
sub-0097,144,144
sub-0097,145,145
sub-0097,146,146
sub-0097,147,147
sub-0097,148,148
sub-0097,149,149
sub-0097,150,150
sub-0097,151,151
sub-0097,152,73
sub-0097,153,153
sub-0097,154,154
sub-0097,155,155
sub-0097,156,156
sub-0097,157,157
sub-0097,158,158
sub-0097,159,159
sub-0097,160,160
sub-0097,161,161
sub-0097,162,162
sub-0097,163,163
sub-0097,164,164
sub-0097,165,64
sub-0097,166,184
sub-0097,167,142
sub-0097,168,168
sub-0097,169,169
sub-0097,170,170
sub-0097,171,171
sub-0097,172,172
sub-0097,173,173
sub-0097,174,60
sub-0097,175,175
sub-0097,176,176
sub-0097,177,69
sub-0097,178,178
sub-0097,179,179
sub-0097,180,180
sub-0097,181,181
sub-0097,182,182
sub-0097,183,183
sub-0097,184,107
sub-0097,185,185
sub-0097,186,201
sub-0097,187,227
sub-0097,188,86
sub-0097,189,189
sub-0097,190,190
sub-0097,191,191
sub-0097,192,90
sub-0097,193,193
sub-0097,194,194
sub-0097,195,195
sub-0097,196,196
sub-0097,197,197
sub-0097,198,189
sub-0097,199,199
sub-0097,200,200
sub-0097,201,201
sub-0097,202,130
sub-0097,203,203
sub-0097,204,223
sub-0097,205,205
sub-0097,206,224
sub-0097,207,207
sub-0097,208,225
sub-0097,209,209
sub-0097,210,210
sub-0097,211,173
sub-0097,212,212
sub-0097,213,213
sub-0097,214,214
sub-0097,215,215
sub-0097,216,216
sub-0097,217,217
sub-0097,218,218
sub-0097,219,219
sub-0097,220,220
sub-0097,221,221
sub-0097,222,222
sub-0097,223,223
sub-0097,224,224
sub-0097,225,225
sub-0097,226,226
sub-0097,227,64
sub-0097,228,228
sub-0097,229,229
sub-0097,230,230
sub-0097,231,231
sub-0098,0,0
sub-0098,1,1
sub-0098,2,2
sub-0098,3,3
sub-0098,4,4
sub-0098,5,5
sub-0098,6,6
sub-0098,7,7
sub-0098,8,218
sub-0098,9,9
sub-0098,10,10
sub-0098,11,11
sub-0098,12,12
sub-0098,13,13
sub-0098,14,14
sub-0098,15,15
sub-0098,16,16
sub-0098,17,17
sub-0098,18,18
sub-0098,19,19
sub-0098,20,20
sub-0098,21,21
sub-0098,22,144
sub-0098,23,23
sub-0098,24,24
sub-0098,25,25
sub-0098,26,26
sub-0098,27,27
sub-0098,28,28
sub-0098,29,29
sub-0098,30,131
sub-0098,31,31
sub-0098,32,32
sub-0098,33,33
sub-0098,34,34
sub-0098,35,35
sub-0098,36,36
sub-0098,37,37
sub-0098,38,38
sub-0098,39,39
sub-0098,40,40
sub-0098,41,43
sub-0098,42,61
sub-0098,43,43
sub-0098,44,44
sub-0098,45,45
sub-0098,46,131
sub-0098,47,47
sub-0098,48,48
sub-0098,49,49
sub-0098,50,52
sub-0098,51,51
sub-0098,52,52
sub-0098,53,53
sub-0098,54,54
sub-0098,55,55
sub-0098,56,56
sub-0098,57,57
sub-0098,58,58
sub-0098,59,59
sub-0098,60,60
sub-0098,61,61
sub-0098,62,62
sub-0098,63,63
sub-0098,64,64
sub-0098,65,65
sub-0098,66,66
sub-0098,67,67
sub-0098,68,67
sub-0098,69,69
sub-0098,70,70
sub-0098,71,71
sub-0098,72,72
sub-0098,73,73
sub-0098,74,74
sub-0098,75,75
sub-0098,76,76
sub-0098,77,77
sub-0098,78,78
sub-0098,79,79
sub-0098,80,80
sub-0098,81,81
sub-0098,82,82
sub-0098,83,83
sub-0098,84,84
sub-0098,85,85
sub-0098,86,86
sub-0098,87,87
sub-0098,88,88
sub-0098,89,89
sub-0098,90,90
sub-0098,91,91
sub-0098,92,92
sub-0098,93,93
sub-0098,94,94
sub-0098,95,131
sub-0098,96,96
sub-0098,97,97
sub-0098,98,98
sub-0098,99,198
sub-0098,100,100
sub-0098,101,101
sub-0098,102,102
sub-0098,103,103
sub-0098,104,104
sub-0098,105,105
sub-0098,106,8
sub-0098,107,107
sub-0098,108,108
sub-0098,109,109
sub-0098,110,110
sub-0098,111,111
sub-0098,112,112
sub-0098,113,113
sub-0098,114,114
sub-0098,115,115
sub-0098,116,116
sub-0098,117,117
sub-0098,118,118
sub-0098,119,119
sub-0098,120,120
sub-0098,121,121
sub-0098,122,122
sub-0098,123,123
sub-0098,124,124
sub-0098,125,125
sub-0098,126,126
sub-0098,127,127
sub-0098,128,128
sub-0098,129,129
sub-0098,130,130
sub-0098,131,131
sub-0098,132,132
sub-0098,133,133
sub-0098,134,134
sub-0098,135,135
sub-0098,136,126
sub-0098,137,137
sub-0098,138,138
sub-0098,139,139
sub-0098,140,140
sub-0098,141,141
sub-0098,142,142
sub-0098,143,143
sub-0098,144,144
sub-0098,145,145
sub-0098,146,41
sub-0098,147,147
sub-0098,148,148
sub-0098,149,140
sub-0098,150,150
sub-0098,151,151
sub-0098,152,175
sub-0098,153,153
sub-0098,154,154
sub-0098,155,155
sub-0098,156,156
sub-0098,157,157
sub-0098,158,158
sub-0098,159,159
sub-0098,160,160
sub-0098,161,131
sub-0098,162,162
sub-0098,163,163
sub-0098,164,164
sub-0098,165,165
sub-0098,166,166
sub-0098,167,167
sub-0098,168,168
sub-0098,169,169
sub-0098,170,170
sub-0098,171,171
sub-0098,172,172
sub-0098,173,173
sub-0098,174,174
sub-0098,175,175
sub-0098,176,176
sub-0098,177,177
sub-0098,178,178
sub-0098,179,179
sub-0098,180,180
sub-0098,181,43
sub-0098,182,182
sub-0098,183,183
sub-0098,184,184
sub-0098,185,185
sub-0098,186,186
sub-0098,187,187
sub-0098,188,188
sub-0098,189,189
sub-0098,190,82
sub-0098,191,191
sub-0098,192,198
sub-0098,193,193
sub-0098,194,194
sub-0098,195,195
sub-0098,196,198
sub-0098,197,197
sub-0098,198,173
sub-0098,199,199
sub-0098,200,200
sub-0098,201,201
sub-0098,202,202
sub-0098,203,203
sub-0098,204,204
sub-0098,205,92
sub-0098,206,206
sub-0098,207,207
sub-0098,208,208
sub-0098,209,209
sub-0098,210,218
sub-0098,211,211
sub-0098,212,213
sub-0098,213,213
sub-0098,214,214
sub-0098,215,211
sub-0098,216,216
sub-0098,217,217
sub-0098,218,218
sub-0098,219,219
sub-0098,220,220
sub-0098,221,221
sub-0098,222,222
sub-0098,223,223
sub-0098,224,224
sub-0098,225,187
sub-0098,226,52
sub-0098,227,211
sub-0098,228,228
sub-0098,229,229
sub-0098,230,230
sub-0098,231,225
sub-0099,0,0
sub-0099,1,1
sub-0099,2,2
sub-0099,3,3
sub-0099,4,4
sub-0099,5,5
sub-0099,6,6
sub-0099,7,7
sub-0099,8,226
sub-0099,9,9
sub-0099,10,10
sub-0099,11,11
sub-0099,12,12
sub-0099,13,118
sub-0099,14,14
sub-0099,15,15
sub-0099,16,16
sub-0099,17,17
sub-0099,18,18
sub-0099,19,19
sub-0099,20,156
sub-0099,21,21
sub-0099,22,22
sub-0099,23,205
sub-0099,24,24
sub-0099,25,20
sub-0099,26,126
sub-0099,27,27
sub-0099,28,28
sub-0099,29,29
sub-0099,30,30
sub-0099,31,31
sub-0099,32,32
sub-0099,33,33
sub-0099,34,204
sub-0099,35,112
sub-0099,36,36
sub-0099,37,37
sub-0099,38,38
sub-0099,39,131
sub-0099,40,199
sub-0099,41,205
sub-0099,42,56
sub-0099,43,43
sub-0099,44,147
sub-0099,45,90
sub-0099,46,46
sub-0099,47,47
sub-0099,48,178
sub-0099,49,49
sub-0099,50,66
sub-0099,51,51
sub-0099,52,52
sub-0099,53,53
sub-0099,54,53
sub-0099,55,55
sub-0099,56,56
sub-0099,57,57
sub-0099,58,58
sub-0099,59,59
sub-0099,60,67
sub-0099,61,61
sub-0099,62,67
sub-0099,63,63
sub-0099,64,64
sub-0099,65,204
sub-0099,66,66
sub-0099,67,67
sub-0099,68,68
sub-0099,69,67
sub-0099,70,70
sub-0099,71,71
sub-0099,72,72
sub-0099,73,73
sub-0099,74,74
sub-0099,75,75
sub-0099,76,76
sub-0099,77,81
sub-0099,78,78
sub-0099,79,79
sub-0099,80,80
sub-0099,81,81
sub-0099,82,50
sub-0099,83,83
sub-0099,84,84
sub-0099,85,85
sub-0099,86,86
sub-0099,87,87
sub-0099,88,88
sub-0099,89,89
sub-0099,90,90
sub-0099,91,91
sub-0099,92,92
sub-0099,93,93
sub-0099,94,69
sub-0099,95,95
sub-0099,96,96
sub-0099,97,216
sub-0099,98,98
sub-0099,99,99
sub-0099,100,100
sub-0099,101,101
sub-0099,102,102
sub-0099,103,103
sub-0099,104,104
sub-0099,105,105
sub-0099,106,106
sub-0099,107,108
sub-0099,108,108
sub-0099,109,109
sub-0099,110,110
sub-0099,111,111
sub-0099,112,112
sub-0099,113,116
sub-0099,114,114
sub-0099,115,115
sub-0099,116,116
sub-0099,117,117
sub-0099,118,118
sub-0099,119,119
sub-0099,120,120
sub-0099,121,121
sub-0099,122,122
sub-0099,123,20
sub-0099,124,124
sub-0099,125,125
sub-0099,126,126
sub-0099,127,127
sub-0099,128,128
sub-0099,129,129
sub-0099,130,130
sub-0099,131,131
sub-0099,132,132
sub-0099,133,133
sub-0099,134,134
sub-0099,135,135
sub-0099,136,136
sub-0099,137,137
sub-0099,138,138
sub-0099,139,139
sub-0099,140,140
sub-0099,141,131
sub-0099,142,131
sub-0099,143,160
sub-0099,144,199
sub-0099,145,145
sub-0099,146,146
sub-0099,147,147
sub-0099,148,131
sub-0099,149,149
sub-0099,150,166
sub-0099,151,171
sub-0099,152,152
sub-0099,153,153
sub-0099,154,154
sub-0099,155,155
sub-0099,156,156
sub-0099,157,157
sub-0099,158,158
sub-0099,159,176
sub-0099,160,160
sub-0099,161,162
sub-0099,162,52
sub-0099,163,163
sub-0099,164,164
sub-0099,165,165
sub-0099,166,166
sub-0099,167,167
sub-0099,168,168
sub-0099,169,49
sub-0099,170,68
sub-0099,171,171
sub-0099,172,172
sub-0099,173,173
sub-0099,174,67
sub-0099,175,175
sub-0099,176,176
sub-0099,177,177
sub-0099,178,178
sub-0099,179,67
sub-0099,180,180
sub-0099,181,181
sub-0099,182,182
sub-0099,183,183
sub-0099,184,202
sub-0099,185,185
sub-0099,186,186
sub-0099,187,187
sub-0099,188,91
sub-0099,189,189
sub-0099,190,190
sub-0099,191,176
sub-0099,192,192
sub-0099,193,134
sub-0099,194,194
sub-0099,195,195
sub-0099,196,196
sub-0099,197,199
sub-0099,198,198
sub-0099,199,199
sub-0099,200,200
sub-0099,201,91
sub-0099,202,131
sub-0099,203,203
sub-0099,204,8
sub-0099,205,205
sub-0099,206,206
sub-0099,207,207
sub-0099,208,147
sub-0099,209,209
sub-0099,210,99
sub-0099,211,218
sub-0099,212,212
sub-0099,213,213
sub-0099,214,214
sub-0099,215,215
sub-0099,216,53
sub-0099,217,217
sub-0099,218,147
sub-0099,219,219
sub-0099,220,220
sub-0099,221,53
sub-0099,222,224
sub-0099,223,223
sub-0099,224,224
sub-0099,225,207
sub-0099,226,226
sub-0099,227,67
sub-0099,228,228
sub-0099,229,229
sub-0099,230,230
sub-0099,231,231
sub-0100,0,0
sub-0100,1,110
sub-0100,2,2
sub-0100,3,3
sub-0100,4,4
sub-0100,5,5
sub-0100,6,6
sub-0100,7,7
sub-0100,8,220
sub-0100,9,9
sub-0100,10,10
sub-0100,11,11
sub-0100,12,12
sub-0100,13,13
sub-0100,14,14
sub-0100,15,15
sub-0100,16,16
sub-0100,17,17
sub-0100,18,147
sub-0100,19,19
sub-0100,20,125
sub-0100,21,21
sub-0100,22,22
sub-0100,23,23
sub-0100,24,24
sub-0100,25,25
sub-0100,26,125
sub-0100,27,22
sub-0100,28,138
sub-0100,29,132
sub-0100,30,30
sub-0100,31,31
sub-0100,32,32
sub-0100,33,33
sub-0100,34,34
sub-0100,35,25
sub-0100,36,36
sub-0100,37,37
sub-0100,38,38
sub-0100,39,39
sub-0100,40,40
sub-0100,41,41
sub-0100,42,42
sub-0100,43,43
sub-0100,44,223
sub-0100,45,45
sub-0100,46,46
sub-0100,47,60
sub-0100,48,48
sub-0100,49,49
sub-0100,50,92
sub-0100,51,51
sub-0100,52,52
sub-0100,53,53
sub-0100,54,54
sub-0100,55,217
sub-0100,56,56
sub-0100,57,57
sub-0100,58,67
sub-0100,59,59
sub-0100,60,60
sub-0100,61,61
sub-0100,62,62
sub-0100,63,63
sub-0100,64,64
sub-0100,65,223
sub-0100,66,66
sub-0100,67,67
sub-0100,68,68
sub-0100,69,69
sub-0100,70,67
sub-0100,71,71
sub-0100,72,72
sub-0100,73,73
sub-0100,74,74
sub-0100,75,75
sub-0100,76,76
sub-0100,77,86
sub-0100,78,78
sub-0100,79,79
sub-0100,80,80
sub-0100,81,81
sub-0100,82,82
sub-0100,83,83
sub-0100,84,84
sub-0100,85,85
sub-0100,86,86
sub-0100,87,87
sub-0100,88,88
sub-0100,89,89
sub-0100,90,90
sub-0100,91,178
sub-0100,92,208
sub-0100,93,93
sub-0100,94,94
sub-0100,95,95
sub-0100,96,96
sub-0100,97,97
sub-0100,98,98
sub-0100,99,99
sub-0100,100,100
sub-0100,101,101
sub-0100,102,102
sub-0100,103,103
sub-0100,104,104
sub-0100,105,105
sub-0100,106,106
sub-0100,107,107
sub-0100,108,108
sub-0100,109,104
sub-0100,110,110
sub-0100,111,111
sub-0100,112,112
sub-0100,113,113
sub-0100,114,114
sub-0100,115,115
sub-0100,116,116
sub-0100,117,117
sub-0100,118,118
sub-0100,119,119
sub-0100,120,120
sub-0100,121,121
sub-0100,122,122
sub-0100,123,123
sub-0100,124,124
sub-0100,125,125
sub-0100,126,126
sub-0100,127,127
sub-0100,128,126
sub-0100,129,124
sub-0100,130,130
sub-0100,131,131
sub-0100,132,132
sub-0100,133,133
sub-0100,134,134
sub-0100,135,135
sub-0100,136,136
sub-0100,137,136
sub-0100,138,138
sub-0100,139,147
sub-0100,140,140
sub-0100,141,141
sub-0100,142,136
sub-0100,143,125
sub-0100,144,144
sub-0100,145,145
sub-0100,146,146
sub-0100,147,10
sub-0100,148,148
sub-0100,149,44
sub-0100,150,150
sub-0100,151,151
sub-0100,152,152
sub-0100,153,153
sub-0100,154,154
sub-0100,155,199
sub-0100,156,156
sub-0100,157,157
sub-0100,158,158
sub-0100,159,159
sub-0100,160,160
sub-0100,161,161
sub-0100,162,162
sub-0100,163,163
sub-0100,164,164
sub-0100,165,165
sub-0100,166,175
sub-0100,167,167
sub-0100,168,168
sub-0100,169,153
sub-0100,170,170
sub-0100,171,171
sub-0100,172,172
sub-0100,173,173
sub-0100,174,174
sub-0100,175,175
sub-0100,176,176
sub-0100,177,177
sub-0100,178,178
sub-0100,179,162
sub-0100,180,180
sub-0100,181,181
sub-0100,182,182
sub-0100,183,183
sub-0100,184,184
sub-0100,185,8
sub-0100,186,186
sub-0100,187,187
sub-0100,188,188
sub-0100,189,189
sub-0100,190,190
sub-0100,191,191
sub-0100,192,192
sub-0100,193,195
sub-0100,194,194
sub-0100,195,195
sub-0100,196,196
sub-0100,197,197
sub-0100,198,198
sub-0100,199,199
sub-0100,200,200
sub-0100,201,201
sub-0100,202,202
sub-0100,203,203
sub-0100,204,204
sub-0100,205,205
sub-0100,206,206
sub-0100,207,207
sub-0100,208,224
sub-0100,209,209
sub-0100,210,220
sub-0100,211,226
sub-0100,212,212
sub-0100,213,213
sub-0100,214,214
sub-0100,215,215
sub-0100,216,216
sub-0100,217,220
sub-0100,218,22
sub-0100,219,162
sub-0100,220,220
sub-0100,221,221
sub-0100,222,222
sub-0100,223,223
sub-0100,224,162
sub-0100,225,224
sub-0100,226,99
sub-0100,227,99
sub-0100,228,147
sub-0100,229,229
sub-0100,230,156
sub-0100,231,151
sub-0101,0,0
sub-0101,1,1
sub-0101,2,2
sub-0101,3,3
sub-0101,4,4
sub-0101,5,5
sub-0101,6,221
sub-0101,7,43
sub-0101,8,55
sub-0101,9,9
sub-0101,10,10
sub-0101,11,11
sub-0101,12,12
sub-0101,13,13
sub-0101,14,17
sub-0101,15,15
sub-0101,16,17
sub-0101,17,19
sub-0101,18,119
sub-0101,19,221
sub-0101,20,20
sub-0101,21,21
sub-0101,22,22
sub-0101,23,23
sub-0101,24,24
sub-0101,25,25
sub-0101,26,26
sub-0101,27,125
sub-0101,28,28
sub-0101,29,29
sub-0101,30,30
sub-0101,31,31
sub-0101,32,6
sub-0101,33,33
sub-0101,34,34
sub-0101,35,35
sub-0101,36,36
sub-0101,37,37
sub-0101,38,38
sub-0101,39,39
sub-0101,40,40
sub-0101,41,41
sub-0101,42,42
sub-0101,43,43
sub-0101,44,44
sub-0101,45,45
sub-0101,46,46
sub-0101,47,47
sub-0101,48,230
sub-0101,49,49
sub-0101,50,50
sub-0101,51,51
sub-0101,52,52
sub-0101,53,162
sub-0101,54,54
sub-0101,55,55
sub-0101,56,95
sub-0101,57,171
sub-0101,58,171
sub-0101,59,59
sub-0101,60,36
sub-0101,61,221
sub-0101,62,62
sub-0101,63,142
sub-0101,64,64
sub-0101,65,147
sub-0101,66,66
sub-0101,67,67
sub-0101,68,68
sub-0101,69,69
sub-0101,70,10
sub-0101,71,71
sub-0101,72,72
sub-0101,73,73
sub-0101,74,74
sub-0101,75,67
sub-0101,76,76
sub-0101,77,77
sub-0101,78,78
sub-0101,79,79
sub-0101,80,80
sub-0101,81,81
sub-0101,82,187
sub-0101,83,176
sub-0101,84,66
sub-0101,85,85
sub-0101,86,99
sub-0101,87,87
sub-0101,88,88
sub-0101,89,89
sub-0101,90,146
sub-0101,91,178
sub-0101,92,92
sub-0101,93,93
sub-0101,94,94
sub-0101,95,95
sub-0101,96,96
sub-0101,97,97
sub-0101,98,98
sub-0101,99,10
sub-0101,100,100
sub-0101,101,101
sub-0101,102,102
sub-0101,103,103
sub-0101,104,104
sub-0101,105,105
sub-0101,106,106
sub-0101,107,133
sub-0101,108,8
sub-0101,109,109
sub-0101,110,110
sub-0101,111,111
sub-0101,112,112
sub-0101,113,147
sub-0101,114,114
sub-0101,115,115
sub-0101,116,116
sub-0101,117,117
sub-0101,118,118
sub-0101,119,119
sub-0101,120,120
sub-0101,121,121
sub-0101,122,122
sub-0101,123,123
sub-0101,124,124
sub-0101,125,125
sub-0101,126,126
sub-0101,127,127
sub-0101,128,128
sub-0101,129,129
sub-0101,130,130
sub-0101,131,32
sub-0101,132,132
sub-0101,133,133
sub-0101,134,134
sub-0101,135,135
sub-0101,136,136
sub-0101,137,137
sub-0101,138,138
sub-0101,139,139
sub-0101,140,140
sub-0101,141,141
sub-0101,142,45
sub-0101,143,143
sub-0101,144,144
sub-0101,145,145
sub-0101,146,146
sub-0101,147,147
sub-0101,148,148
sub-0101,149,149
sub-0101,150,150
sub-0101,151,230
sub-0101,152,152
sub-0101,153,176
sub-0101,154,154
sub-0101,155,155
sub-0101,156,156
sub-0101,157,157
sub-0101,158,158
sub-0101,159,159
sub-0101,160,54
sub-0101,161,222
sub-0101,162,221
sub-0101,163,163
sub-0101,164,164
sub-0101,165,165
sub-0101,166,166
sub-0101,167,45
sub-0101,168,168
sub-0101,169,169
sub-0101,170,170
sub-0101,171,171
sub-0101,172,178
sub-0101,173,173
sub-0101,174,67
sub-0101,175,175
sub-0101,176,176
sub-0101,177,180
sub-0101,178,178
sub-0101,179,179
sub-0101,180,180
sub-0101,181,181
sub-0101,182,182
sub-0101,183,183
sub-0101,184,78
sub-0101,185,185
sub-0101,186,186
sub-0101,187,187
sub-0101,188,90
sub-0101,189,189
sub-0101,190,190
sub-0101,191,191
sub-0101,192,192
sub-0101,193,95
sub-0101,194,194
sub-0101,195,195
sub-0101,196,208
sub-0101,197,189
sub-0101,198,175
sub-0101,199,199
sub-0101,200,218
sub-0101,201,210
sub-0101,202,54
sub-0101,203,203
sub-0101,204,222
sub-0101,205,205
sub-0101,206,223
sub-0101,207,207
sub-0101,208,230
sub-0101,209,209
sub-0101,210,19
sub-0101,211,213
sub-0101,212,212
sub-0101,213,229
sub-0101,214,214
sub-0101,215,215
sub-0101,216,203
sub-0101,217,217
sub-0101,218,218
sub-0101,219,219
sub-0101,220,205
sub-0101,221,221
sub-0101,222,226
sub-0101,223,223
sub-0101,224,231
sub-0101,225,225
sub-0101,226,210
sub-0101,227,40
sub-0101,228,228
sub-0101,229,229
sub-0101,230,230
sub-0101,231,231
sub-0102,0,0
sub-0102,1,1
sub-0102,2,2
sub-0102,3,3
sub-0102,4,4
sub-0102,5,5
sub-0102,6,6
sub-0102,7,7
sub-0102,8,8
sub-0102,9,9
sub-0102,10,10
sub-0102,11,11
sub-0102,12,225
sub-0102,13,13
sub-0102,14,129
sub-0102,15,15
sub-0102,16,16
sub-0102,17,17
sub-0102,18,18
sub-0102,19,19
sub-0102,20,22
sub-0102,21,21
sub-0102,22,22
sub-0102,23,23
sub-0102,24,24
sub-0102,25,25
sub-0102,26,26
sub-0102,27,27
sub-0102,28,28
sub-0102,29,29
sub-0102,30,30
sub-0102,31,31
sub-0102,32,32
sub-0102,33,33
sub-0102,34,34
sub-0102,35,35
sub-0102,36,36
sub-0102,37,37
sub-0102,38,38
sub-0102,39,39
sub-0102,40,40
sub-0102,41,41
sub-0102,42,42
sub-0102,43,43
sub-0102,44,44
sub-0102,45,45
sub-0102,46,46
sub-0102,47,47
sub-0102,48,152
sub-0102,49,49
sub-0102,50,50
sub-0102,51,51
sub-0102,52,52
sub-0102,53,53
sub-0102,54,54
sub-0102,55,202
sub-0102,56,99
sub-0102,57,57
sub-0102,58,58
sub-0102,59,59
sub-0102,60,60
sub-0102,61,223
sub-0102,62,62
sub-0102,63,63
sub-0102,64,64
sub-0102,65,214
sub-0102,66,66
sub-0102,67,67
sub-0102,68,68
sub-0102,69,69
sub-0102,70,178
sub-0102,71,97
sub-0102,72,72
sub-0102,73,73
sub-0102,74,74
sub-0102,75,75
sub-0102,76,76
sub-0102,77,77
sub-0102,78,78
sub-0102,79,79
sub-0102,80,80
sub-0102,81,81
sub-0102,82,160
sub-0102,83,171
sub-0102,84,99
sub-0102,85,69
sub-0102,86,86
sub-0102,87,87
sub-0102,88,88
sub-0102,89,89
sub-0102,90,90
sub-0102,91,91
sub-0102,92,92
sub-0102,93,93
sub-0102,94,94
sub-0102,95,95
sub-0102,96,96
sub-0102,97,97
sub-0102,98,98
sub-0102,99,43
sub-0102,100,100
sub-0102,101,101
sub-0102,102,102
sub-0102,103,103
sub-0102,104,104
sub-0102,105,105
sub-0102,106,106
sub-0102,107,107
sub-0102,108,108
sub-0102,109,109
sub-0102,110,110
sub-0102,111,111
sub-0102,112,112
sub-0102,113,27
sub-0102,114,114
sub-0102,115,115
sub-0102,116,116
sub-0102,117,117
sub-0102,118,118
sub-0102,119,119
sub-0102,120,120
sub-0102,121,121
sub-0102,122,122
sub-0102,123,123
sub-0102,124,124
sub-0102,125,125
sub-0102,126,126
sub-0102,127,127
sub-0102,128,128
sub-0102,129,129
sub-0102,130,4
sub-0102,131,131
sub-0102,132,132
sub-0102,133,133
sub-0102,134,134
sub-0102,135,135
sub-0102,136,136
sub-0102,137,137
sub-0102,138,138
sub-0102,139,139
sub-0102,140,140
sub-0102,141,141
sub-0102,142,60
sub-0102,143,143
sub-0102,144,199
sub-0102,145,145
sub-0102,146,146
sub-0102,147,147
sub-0102,148,148
sub-0102,149,149
sub-0102,150,150
sub-0102,151,151
sub-0102,152,152
sub-0102,153,153
sub-0102,154,153
sub-0102,155,155
sub-0102,156,160
sub-0102,157,157
sub-0102,158,158
sub-0102,159,159
sub-0102,160,52
sub-0102,161,0
sub-0102,162,162
sub-0102,163,163
sub-0102,164,164
sub-0102,165,67
sub-0102,166,166
sub-0102,167,173
sub-0102,168,168
sub-0102,169,169
sub-0102,170,170
sub-0102,171,131
sub-0102,172,172
sub-0102,173,173
sub-0102,174,174
sub-0102,175,175
sub-0102,176,176
sub-0102,177,177
sub-0102,178,178
sub-0102,179,179
sub-0102,180,180
sub-0102,181,181
sub-0102,182,182
sub-0102,183,183
sub-0102,184,184
sub-0102,185,185
sub-0102,186,186
sub-0102,187,187
sub-0102,188,188
sub-0102,189,175
sub-0102,190,186
sub-0102,191,191
sub-0102,192,192
sub-0102,193,193
sub-0102,194,194
sub-0102,195,195
sub-0102,196,196
sub-0102,197,199
sub-0102,198,198
sub-0102,199,199
sub-0102,200,202
sub-0102,201,230
sub-0102,202,218
sub-0102,203,218
sub-0102,204,204
sub-0102,205,205
sub-0102,206,206
sub-0102,207,207
sub-0102,208,225
sub-0102,209,209
sub-0102,210,210
sub-0102,211,226
sub-0102,212,212
sub-0102,213,213
sub-0102,214,214
sub-0102,215,215
sub-0102,216,202
sub-0102,217,217
sub-0102,218,218
sub-0102,219,219
sub-0102,220,53
sub-0102,221,123
sub-0102,222,222
sub-0102,223,223
sub-0102,224,214
sub-0102,225,225
sub-0102,226,226
sub-0102,227,152
sub-0102,228,228
sub-0102,229,229
sub-0102,230,230
sub-0102,231,231
sub-0103,0,0
sub-0103,1,1
sub-0103,2,2
sub-0103,3,199
sub-0103,4,4
sub-0103,5,106
sub-0103,6,6
sub-0103,7,7
sub-0103,8,106
sub-0103,9,9
sub-0103,10,10
sub-0103,11,11
sub-0103,12,12
sub-0103,13,13
sub-0103,14,14
sub-0103,15,15
sub-0103,16,16
sub-0103,17,17
sub-0103,18,18
sub-0103,19,17
sub-0103,20,20
sub-0103,21,21
sub-0103,22,22
sub-0103,23,23
sub-0103,24,24
sub-0103,25,25
sub-0103,26,26
sub-0103,27,27
sub-0103,28,28
sub-0103,29,103
sub-0103,30,30
sub-0103,31,31
sub-0103,32,32
sub-0103,33,33
sub-0103,34,34
sub-0103,35,35
sub-0103,36,36
sub-0103,37,37
sub-0103,38,38
sub-0103,39,39
sub-0103,40,40
sub-0103,41,41
sub-0103,42,42
sub-0103,43,43
sub-0103,44,44
sub-0103,45,45
sub-0103,46,46
sub-0103,47,47
sub-0103,48,48
sub-0103,49,49
sub-0103,50,50
sub-0103,51,51
sub-0103,52,52
sub-0103,53,53
sub-0103,54,92
sub-0103,55,55
sub-0103,56,50
sub-0103,57,57
sub-0103,58,58
sub-0103,59,60
sub-0103,60,60
sub-0103,61,230
sub-0103,62,62
sub-0103,63,63
sub-0103,64,64
sub-0103,65,65
sub-0103,66,66
sub-0103,67,67
sub-0103,68,68
sub-0103,69,69
sub-0103,70,83
sub-0103,71,71
sub-0103,72,72
sub-0103,73,73
sub-0103,74,74
sub-0103,75,75
sub-0103,76,76
sub-0103,77,77
sub-0103,78,78
sub-0103,79,79
sub-0103,80,80
sub-0103,81,81
sub-0103,82,82
sub-0103,83,83
sub-0103,84,84
sub-0103,85,85
sub-0103,86,86
sub-0103,87,68
sub-0103,88,68
sub-0103,89,89
sub-0103,90,90
sub-0103,91,169
sub-0103,92,92
sub-0103,93,64
sub-0103,94,94
sub-0103,95,95
sub-0103,96,96
sub-0103,97,97
sub-0103,98,98
sub-0103,99,99
sub-0103,100,100
sub-0103,101,101
sub-0103,102,102
sub-0103,103,211
sub-0103,104,30
sub-0103,105,105
sub-0103,106,106
sub-0103,107,107
sub-0103,108,108
sub-0103,109,109
sub-0103,110,110
sub-0103,111,111
sub-0103,112,112
sub-0103,113,113
sub-0103,114,114
sub-0103,115,115
sub-0103,116,116
sub-0103,117,117
sub-0103,118,118
sub-0103,119,119
sub-0103,120,120
sub-0103,121,121
sub-0103,122,122
sub-0103,123,123
sub-0103,124,124
sub-0103,125,125
sub-0103,126,22
sub-0103,127,127
sub-0103,128,128
sub-0103,129,126
sub-0103,130,130
sub-0103,131,131
sub-0103,132,132
sub-0103,133,133
sub-0103,134,64
sub-0103,135,60
sub-0103,136,136
sub-0103,137,137
sub-0103,138,138
sub-0103,139,139
sub-0103,140,140
sub-0103,141,141
sub-0103,142,142
sub-0103,143,143
sub-0103,144,144
sub-0103,145,145
sub-0103,146,146
sub-0103,147,147
sub-0103,148,148
sub-0103,149,149
sub-0103,150,150
sub-0103,151,151
sub-0103,152,152
sub-0103,153,152
sub-0103,154,154
sub-0103,155,155
sub-0103,156,156
sub-0103,157,50
sub-0103,158,158
sub-0103,159,159
sub-0103,160,160
sub-0103,161,52
sub-0103,162,202
sub-0103,163,163
sub-0103,164,164
sub-0103,165,165
sub-0103,166,166
sub-0103,167,143
sub-0103,168,174
sub-0103,169,169
sub-0103,170,170
sub-0103,171,171
sub-0103,172,172
sub-0103,173,173
sub-0103,174,174
sub-0103,175,175
sub-0103,176,176
sub-0103,177,177
sub-0103,178,178
sub-0103,179,179
sub-0103,180,180
sub-0103,181,181
sub-0103,182,182
sub-0103,183,183
sub-0103,184,184
sub-0103,185,185
sub-0103,186,186
sub-0103,187,187
sub-0103,188,188
sub-0103,189,174
sub-0103,190,197
sub-0103,191,191
sub-0103,192,192
sub-0103,193,193
sub-0103,194,194
sub-0103,195,107
sub-0103,196,123
sub-0103,197,197
sub-0103,198,198
sub-0103,199,199
sub-0103,200,200
sub-0103,201,201
sub-0103,202,202
sub-0103,203,203
sub-0103,204,204
sub-0103,205,205
sub-0103,206,206
sub-0103,207,207
sub-0103,208,208
sub-0103,209,209
sub-0103,210,156
sub-0103,211,0
sub-0103,212,212
sub-0103,213,213
sub-0103,214,225
sub-0103,215,215
sub-0103,216,216
sub-0103,217,217
sub-0103,218,218
sub-0103,219,219
sub-0103,220,220
sub-0103,221,210
sub-0103,222,222
sub-0103,223,207
sub-0103,224,224
sub-0103,225,225
sub-0103,226,225
sub-0103,227,210
sub-0103,228,228
sub-0103,229,221
sub-0103,230,230
sub-0103,231,231
sub-0104,0,0
sub-0104,1,1
sub-0104,2,2
sub-0104,3,3
sub-0104,4,4
sub-0104,5,5
sub-0104,6,6
sub-0104,7,7
sub-0104,8,97
sub-0104,9,9
sub-0104,10,10
sub-0104,11,11
sub-0104,12,12
sub-0104,13,13
sub-0104,14,14
sub-0104,15,15
sub-0104,16,16
sub-0104,17,17
sub-0104,18,18
sub-0104,19,19
sub-0104,20,22
sub-0104,21,125
sub-0104,22,22
sub-0104,23,23
sub-0104,24,24
sub-0104,25,123
sub-0104,26,26
sub-0104,27,27
sub-0104,28,28
sub-0104,29,29
sub-0104,30,30
sub-0104,31,31
sub-0104,32,32
sub-0104,33,13
sub-0104,34,34
sub-0104,35,35
sub-0104,36,36
sub-0104,37,37
sub-0104,38,64
sub-0104,39,137
sub-0104,40,40
sub-0104,41,41
sub-0104,42,55
sub-0104,43,43
sub-0104,44,44
sub-0104,45,178
sub-0104,46,46
sub-0104,47,47
sub-0104,48,227
sub-0104,49,49
sub-0104,50,55
sub-0104,51,51
sub-0104,52,52
sub-0104,53,53
sub-0104,54,54
sub-0104,55,55
sub-0104,56,56
sub-0104,57,57
sub-0104,58,58
sub-0104,59,59
sub-0104,60,73
sub-0104,61,61
sub-0104,62,62
sub-0104,63,55
sub-0104,64,85
sub-0104,65,73
sub-0104,66,66
sub-0104,67,67
sub-0104,68,68
sub-0104,69,69
sub-0104,70,70
sub-0104,71,71
sub-0104,72,55
sub-0104,73,73
sub-0104,74,85
sub-0104,75,79
sub-0104,76,126
sub-0104,77,73
sub-0104,78,186
sub-0104,79,79
sub-0104,80,80
sub-0104,81,81
sub-0104,82,216
sub-0104,83,28
sub-0104,84,84
sub-0104,85,67
sub-0104,86,86
sub-0104,87,87
sub-0104,88,88
sub-0104,89,89
sub-0104,90,90
sub-0104,91,86
sub-0104,92,92
sub-0104,93,93
sub-0104,94,94
sub-0104,95,95
sub-0104,96,96
sub-0104,97,97
sub-0104,98,98
sub-0104,99,99
sub-0104,100,100
sub-0104,101,0
sub-0104,102,102
sub-0104,103,103
sub-0104,104,104
sub-0104,105,105
sub-0104,106,106
sub-0104,107,107
sub-0104,108,108
sub-0104,109,8
sub-0104,110,110
sub-0104,111,10
sub-0104,112,112
sub-0104,113,113
sub-0104,114,114
sub-0104,115,115
sub-0104,116,116
sub-0104,117,117
sub-0104,118,118
sub-0104,119,119
sub-0104,120,120
sub-0104,121,121
sub-0104,122,122
sub-0104,123,123
sub-0104,124,124
sub-0104,125,125
sub-0104,126,126
sub-0104,127,127
sub-0104,128,128
sub-0104,129,129
sub-0104,130,130
sub-0104,131,131
sub-0104,132,132
sub-0104,133,133
sub-0104,134,134
sub-0104,135,135
sub-0104,136,136
sub-0104,137,137
sub-0104,138,138
sub-0104,139,139
sub-0104,140,144
sub-0104,141,141
sub-0104,142,61
sub-0104,143,143
sub-0104,144,144
sub-0104,145,145
sub-0104,146,43
sub-0104,147,147
sub-0104,148,148
sub-0104,149,149
sub-0104,150,150
sub-0104,151,151
sub-0104,152,152
sub-0104,153,153
sub-0104,154,154
sub-0104,155,155
sub-0104,156,156
sub-0104,157,89
sub-0104,158,158
sub-0104,159,158
sub-0104,160,160
sub-0104,161,160
sub-0104,162,162
sub-0104,163,163
sub-0104,164,171
sub-0104,165,165
sub-0104,166,64
sub-0104,167,173
sub-0104,168,168
sub-0104,169,209
sub-0104,170,98
sub-0104,171,171
sub-0104,172,178
sub-0104,173,178
sub-0104,174,174
sub-0104,175,175
sub-0104,176,176
sub-0104,177,177
sub-0104,178,178
sub-0104,179,89
sub-0104,180,180
sub-0104,181,73
sub-0104,182,182
sub-0104,183,183
sub-0104,184,184
sub-0104,185,185
sub-0104,186,186
sub-0104,187,220
sub-0104,188,188
sub-0104,189,189
sub-0104,190,208
sub-0104,191,191
sub-0104,192,192
sub-0104,193,193
sub-0104,194,194
sub-0104,195,195
sub-0104,196,183
sub-0104,197,197
sub-0104,198,198
sub-0104,199,199
sub-0104,200,200
sub-0104,201,201
sub-0104,202,202
sub-0104,203,203
sub-0104,204,204
sub-0104,205,220
sub-0104,206,204
sub-0104,207,207
sub-0104,208,208
sub-0104,209,209
sub-0104,210,55
sub-0104,211,57
sub-0104,212,212
sub-0104,213,0
sub-0104,214,214
sub-0104,215,215
sub-0104,216,216
sub-0104,217,217
sub-0104,218,218
sub-0104,219,219
sub-0104,220,220
sub-0104,221,220
sub-0104,222,73
sub-0104,223,147
sub-0104,224,224
sub-0104,225,225
sub-0104,226,187
sub-0104,227,103
sub-0104,228,228
sub-0104,229,229
sub-0104,230,230
sub-0104,231,231
sub-0105,0,0
sub-0105,1,1
sub-0105,2,2
sub-0105,3,3
sub-0105,4,4
sub-0105,5,5
sub-0105,6,6
sub-0105,7,111
sub-0105,8,8
sub-0105,9,9
sub-0105,10,10
sub-0105,11,11
sub-0105,12,114
sub-0105,13,13
sub-0105,14,17
sub-0105,15,15
sub-0105,16,16
sub-0105,17,17
sub-0105,18,18
sub-0105,19,19
sub-0105,20,20
sub-0105,21,21
sub-0105,22,22
sub-0105,23,23
sub-0105,24,24
sub-0105,25,25
sub-0105,26,26
sub-0105,27,27
sub-0105,28,28
sub-0105,29,29
sub-0105,30,204
sub-0105,31,31
sub-0105,32,32
sub-0105,33,33
sub-0105,34,34
sub-0105,35,35
sub-0105,36,36
sub-0105,37,37
sub-0105,38,38
sub-0105,39,39
sub-0105,40,40
sub-0105,41,41
sub-0105,42,42
sub-0105,43,43
sub-0105,44,44
sub-0105,45,45
sub-0105,46,60
sub-0105,47,47
sub-0105,48,60
sub-0105,49,49
sub-0105,50,50
sub-0105,51,51
sub-0105,52,52
sub-0105,53,53
sub-0105,54,54
sub-0105,55,55
sub-0105,56,56
sub-0105,57,57
sub-0105,58,58
sub-0105,59,59
sub-0105,60,60
sub-0105,61,61
sub-0105,62,62
sub-0105,63,63
sub-0105,64,64
sub-0105,65,65
sub-0105,66,66
sub-0105,67,67
sub-0105,68,68
sub-0105,69,69
sub-0105,70,70
sub-0105,71,71
sub-0105,72,72
sub-0105,73,73
sub-0105,74,74
sub-0105,75,75
sub-0105,76,76
sub-0105,77,77
sub-0105,78,78
sub-0105,79,79
sub-0105,80,80
sub-0105,81,81
sub-0105,82,82
sub-0105,83,83
sub-0105,84,84
sub-0105,85,85
sub-0105,86,86
sub-0105,87,87
sub-0105,88,88
sub-0105,89,89
sub-0105,90,90
sub-0105,91,91
sub-0105,92,92
sub-0105,93,93
sub-0105,94,86
sub-0105,95,95
sub-0105,96,96
sub-0105,97,195
sub-0105,98,98
sub-0105,99,99
sub-0105,100,100
sub-0105,101,101
sub-0105,102,102
sub-0105,103,103
sub-0105,104,104
sub-0105,105,105
sub-0105,106,106
sub-0105,107,107
sub-0105,108,108
sub-0105,109,109
sub-0105,110,110
sub-0105,111,111
sub-0105,112,112
sub-0105,113,113
sub-0105,114,114
sub-0105,115,115
sub-0105,116,116
sub-0105,117,117
sub-0105,118,118
sub-0105,119,119
sub-0105,120,120
sub-0105,121,121
sub-0105,122,122
sub-0105,123,123
sub-0105,124,124
sub-0105,125,125
sub-0105,126,126
sub-0105,127,127
sub-0105,128,128
sub-0105,129,129
sub-0105,130,130
sub-0105,131,131
sub-0105,132,132
sub-0105,133,133
sub-0105,134,134
sub-0105,135,135
sub-0105,136,136
sub-0105,137,137
sub-0105,138,138
sub-0105,139,139
sub-0105,140,140
sub-0105,141,141
sub-0105,142,111
sub-0105,143,143
sub-0105,144,144
sub-0105,145,145
sub-0105,146,146
sub-0105,147,226
sub-0105,148,148
sub-0105,149,149
sub-0105,150,150
sub-0105,151,151
sub-0105,152,152
sub-0105,153,153
sub-0105,154,154
sub-0105,155,155
sub-0105,156,156
sub-0105,157,157
sub-0105,158,158
sub-0105,159,156
sub-0105,160,82
sub-0105,161,161
sub-0105,162,156
sub-0105,163,163
sub-0105,164,164
sub-0105,165,165
sub-0105,166,166
sub-0105,167,39
sub-0105,168,168
sub-0105,169,169
sub-0105,170,170
sub-0105,171,171
sub-0105,172,172
sub-0105,173,173
sub-0105,174,174
sub-0105,175,175
sub-0105,176,176
sub-0105,177,177
sub-0105,178,178
sub-0105,179,179
sub-0105,180,180
sub-0105,181,181
sub-0105,182,182
sub-0105,183,183
sub-0105,184,75
sub-0105,185,185
sub-0105,186,186
sub-0105,187,187
sub-0105,188,188
sub-0105,189,189
sub-0105,190,190
sub-0105,191,191
sub-0105,192,192
sub-0105,193,193
sub-0105,194,194
sub-0105,195,195
sub-0105,196,220
sub-0105,197,197
sub-0105,198,198
sub-0105,199,199
sub-0105,200,156
sub-0105,201,201
sub-0105,202,203
sub-0105,203,203
sub-0105,204,219
sub-0105,205,204
sub-0105,206,206
sub-0105,207,207
sub-0105,208,208
sub-0105,209,209
sub-0105,210,210
sub-0105,211,226
sub-0105,212,212
sub-0105,213,210
sub-0105,214,214
sub-0105,215,215
sub-0105,216,216
sub-0105,217,217
sub-0105,218,218
sub-0105,219,219
sub-0105,220,204
sub-0105,221,204
sub-0105,222,222
sub-0105,223,223
sub-0105,224,224
sub-0105,225,225
sub-0105,226,226
sub-0105,227,227
sub-0105,228,228
sub-0105,229,229
sub-0105,230,230
sub-0105,231,231
sub-0106,0,0
sub-0106,1,1
sub-0106,2,2
sub-0106,3,3
sub-0106,4,4
sub-0106,5,5
sub-0106,6,6
sub-0106,7,10
sub-0106,8,124
sub-0106,9,9
sub-0106,10,10
sub-0106,11,11
sub-0106,12,12
sub-0106,13,13
sub-0106,14,14
sub-0106,15,15
sub-0106,16,16
sub-0106,17,17
sub-0106,18,18
sub-0106,19,19
sub-0106,20,20
sub-0106,21,21
sub-0106,22,204
sub-0106,23,23
sub-0106,24,24
sub-0106,25,25
sub-0106,26,26
sub-0106,27,27
sub-0106,28,28
sub-0106,29,29
sub-0106,30,30
sub-0106,31,163
sub-0106,32,32
sub-0106,33,119
sub-0106,34,34
sub-0106,35,35
sub-0106,36,36
sub-0106,37,37
sub-0106,38,38
sub-0106,39,39
sub-0106,40,40
sub-0106,41,41
sub-0106,42,42
sub-0106,43,43
sub-0106,44,44
sub-0106,45,45
sub-0106,46,46
sub-0106,47,47
sub-0106,48,48
sub-0106,49,49
sub-0106,50,92
sub-0106,51,51
sub-0106,52,52
sub-0106,53,53
sub-0106,54,54
sub-0106,55,208
sub-0106,56,56
sub-0106,57,57
sub-0106,58,58
sub-0106,59,59
sub-0106,60,60
sub-0106,61,61
sub-0106,62,62
sub-0106,63,63
sub-0106,64,66
sub-0106,65,223
sub-0106,66,66
sub-0106,67,67
sub-0106,68,68
sub-0106,69,69
sub-0106,70,70
sub-0106,71,71
sub-0106,72,72
sub-0106,73,73
sub-0106,74,74
sub-0106,75,51
sub-0106,76,76
sub-0106,77,77
sub-0106,78,78
sub-0106,79,79
sub-0106,80,80
sub-0106,81,81
sub-0106,82,82
sub-0106,83,83
sub-0106,84,84
sub-0106,85,85
sub-0106,86,86
sub-0106,87,87
sub-0106,88,88
sub-0106,89,89
sub-0106,90,90
sub-0106,91,91
sub-0106,92,92
sub-0106,93,47
sub-0106,94,94
sub-0106,95,95
sub-0106,96,96
sub-0106,97,97
sub-0106,98,98
sub-0106,99,99
sub-0106,100,100
sub-0106,101,101
sub-0106,102,102
sub-0106,103,103
sub-0106,104,104
sub-0106,105,105
sub-0106,106,106
sub-0106,107,120
sub-0106,108,10
sub-0106,109,109
sub-0106,110,110
sub-0106,111,10
sub-0106,112,112
sub-0106,113,113
sub-0106,114,114
sub-0106,115,115
sub-0106,116,116
sub-0106,117,117
sub-0106,118,118
sub-0106,119,119
sub-0106,120,120
sub-0106,121,121
sub-0106,122,122
sub-0106,123,123
sub-0106,124,124
sub-0106,125,125
sub-0106,126,126
sub-0106,127,127
sub-0106,128,128
sub-0106,129,129
sub-0106,130,130
sub-0106,131,131
sub-0106,132,132
sub-0106,133,133
sub-0106,134,140
sub-0106,135,135
sub-0106,136,136
sub-0106,137,137
sub-0106,138,17
sub-0106,139,139
sub-0106,140,140
sub-0106,141,141
sub-0106,142,142
sub-0106,143,113
sub-0106,144,144
sub-0106,145,145
sub-0106,146,146
sub-0106,147,144
sub-0106,148,148
sub-0106,149,149
sub-0106,150,150
sub-0106,151,151
sub-0106,152,152
sub-0106,153,183
sub-0106,154,44
sub-0106,155,155
sub-0106,156,156
sub-0106,157,157
sub-0106,158,158
sub-0106,159,159
sub-0106,160,160
sub-0106,161,90
sub-0106,162,162
sub-0106,163,163
sub-0106,164,164
sub-0106,165,165
sub-0106,166,166
sub-0106,167,167
sub-0106,168,168
sub-0106,169,169
sub-0106,170,81
sub-0106,171,171
sub-0106,172,172
sub-0106,173,173
sub-0106,174,174
sub-0106,175,175
sub-0106,176,176
sub-0106,177,177
sub-0106,178,178
sub-0106,179,179
sub-0106,180,180
sub-0106,181,183
sub-0106,182,182
sub-0106,183,183
sub-0106,184,175
sub-0106,185,185
sub-0106,186,186
sub-0106,187,210
sub-0106,188,188
sub-0106,189,189
sub-0106,190,190
sub-0106,191,191
sub-0106,192,192
sub-0106,193,193
sub-0106,194,194
sub-0106,195,195
sub-0106,196,196
sub-0106,197,197
sub-0106,198,198
sub-0106,199,199
sub-0106,200,200
sub-0106,201,201
sub-0106,202,202
sub-0106,203,203
sub-0106,204,204
sub-0106,205,205
sub-0106,206,206
sub-0106,207,207
sub-0106,208,208
sub-0106,209,209
sub-0106,210,8
sub-0106,211,43
sub-0106,212,164
sub-0106,213,207
sub-0106,214,214
sub-0106,215,215
sub-0106,216,162
sub-0106,217,221
sub-0106,218,97
sub-0106,219,219
sub-0106,220,220
sub-0106,221,221
sub-0106,222,222
sub-0106,223,223
sub-0106,224,224
sub-0106,225,225
sub-0106,226,187
sub-0106,227,119
sub-0106,228,228
sub-0106,229,229
sub-0106,230,230
sub-0106,231,231
sub-0108,0,198
sub-0108,1,1
sub-0108,2,2
sub-0108,3,3
sub-0108,4,4
sub-0108,5,5
sub-0108,6,6
sub-0108,7,7
sub-0108,8,204
sub-0108,9,9
sub-0108,10,10
sub-0108,11,11
sub-0108,12,17
sub-0108,13,13
sub-0108,14,14
sub-0108,15,15
sub-0108,16,16
sub-0108,17,17
sub-0108,18,18
sub-0108,19,19
sub-0108,20,20
sub-0108,21,123
sub-0108,22,22
sub-0108,23,23
sub-0108,24,24
sub-0108,25,25
sub-0108,26,26
sub-0108,27,162
sub-0108,28,28
sub-0108,29,29
sub-0108,30,30
sub-0108,31,31
sub-0108,32,33
sub-0108,33,33
sub-0108,34,34
sub-0108,35,35
sub-0108,36,36
sub-0108,37,37
sub-0108,38,38
sub-0108,39,39
sub-0108,40,40
sub-0108,41,41
sub-0108,42,42
sub-0108,43,43
sub-0108,44,44
sub-0108,45,45
sub-0108,46,46
sub-0108,47,47
sub-0108,48,48
sub-0108,49,49
sub-0108,50,50
sub-0108,51,51
sub-0108,52,52
sub-0108,53,53
sub-0108,54,54
sub-0108,55,52
sub-0108,56,56
sub-0108,57,57
sub-0108,58,58
sub-0108,59,59
sub-0108,60,60
sub-0108,61,61
sub-0108,62,62
sub-0108,63,63
sub-0108,64,64
sub-0108,65,65
sub-0108,66,66
sub-0108,67,67
sub-0108,68,68
sub-0108,69,69
sub-0108,70,92
sub-0108,71,71
sub-0108,72,72
sub-0108,73,73
sub-0108,74,74
sub-0108,75,75
sub-0108,76,76
sub-0108,77,77
sub-0108,78,78
sub-0108,79,79
sub-0108,80,80
sub-0108,81,81
sub-0108,82,82
sub-0108,83,83
sub-0108,84,217
sub-0108,85,85
sub-0108,86,86
sub-0108,87,87
sub-0108,88,88
sub-0108,89,47
sub-0108,90,90
sub-0108,91,91
sub-0108,92,92
sub-0108,93,64
sub-0108,94,94
sub-0108,95,95
sub-0108,96,96
sub-0108,97,97
sub-0108,98,98
sub-0108,99,99
sub-0108,100,100
sub-0108,101,101
sub-0108,102,102
sub-0108,103,103
sub-0108,104,104
sub-0108,105,105
sub-0108,106,106
sub-0108,107,107
sub-0108,108,108
sub-0108,109,109
sub-0108,110,110
sub-0108,111,111
sub-0108,112,112
sub-0108,113,113
sub-0108,114,114
sub-0108,115,115
sub-0108,116,116
sub-0108,117,117
sub-0108,118,139
sub-0108,119,119
sub-0108,120,120
sub-0108,121,121
sub-0108,122,122
sub-0108,123,123
sub-0108,124,124
sub-0108,125,125
sub-0108,126,22
sub-0108,127,127
sub-0108,128,128
sub-0108,129,129
sub-0108,130,28
sub-0108,131,131
sub-0108,132,132
sub-0108,133,133
sub-0108,134,134
sub-0108,135,135
sub-0108,136,136
sub-0108,137,137
sub-0108,138,138
sub-0108,139,139
sub-0108,140,140
sub-0108,141,141
sub-0108,142,198
sub-0108,143,143
sub-0108,144,144
sub-0108,145,145
sub-0108,146,146
sub-0108,147,198
sub-0108,148,148
sub-0108,149,149
sub-0108,150,150
sub-0108,151,151
sub-0108,152,152
sub-0108,153,176
sub-0108,154,154
sub-0108,155,155
sub-0108,156,156
sub-0108,157,157
sub-0108,158,158
sub-0108,159,174
sub-0108,160,160
sub-0108,161,160
sub-0108,162,162
sub-0108,163,163
sub-0108,164,164
sub-0108,165,165
sub-0108,166,166
sub-0108,167,167
sub-0108,168,168
sub-0108,169,65
sub-0108,170,170
sub-0108,171,171
sub-0108,172,172
sub-0108,173,173
sub-0108,174,174
sub-0108,175,175
sub-0108,176,176
sub-0108,177,177
sub-0108,178,178
sub-0108,179,76
sub-0108,180,180
sub-0108,181,181
sub-0108,182,182
sub-0108,183,183
sub-0108,184,184
sub-0108,185,185
sub-0108,186,186
sub-0108,187,187
sub-0108,188,188
sub-0108,189,189
sub-0108,190,190
sub-0108,191,179
sub-0108,192,192
sub-0108,193,193
sub-0108,194,194
sub-0108,195,97
sub-0108,196,216
sub-0108,197,197
sub-0108,198,198
sub-0108,199,199
sub-0108,200,200
sub-0108,201,201
sub-0108,202,217
sub-0108,203,200
sub-0108,204,204
sub-0108,205,204
sub-0108,206,206
sub-0108,207,207
sub-0108,208,208
sub-0108,209,209
sub-0108,210,176
sub-0108,211,211
sub-0108,212,212
sub-0108,213,213
sub-0108,214,214
sub-0108,215,79
sub-0108,216,216
sub-0108,217,200
sub-0108,218,218
sub-0108,219,219
sub-0108,220,220
sub-0108,221,221
sub-0108,222,222
sub-0108,223,220
sub-0108,224,224
sub-0108,225,225
sub-0108,226,43
sub-0108,227,204
sub-0108,228,228
sub-0108,229,229
sub-0108,230,230
sub-0108,231,231
sub-0109,0,0
sub-0109,1,1
sub-0109,2,2
sub-0109,3,113
sub-0109,4,4
sub-0109,5,5
sub-0109,6,6
sub-0109,7,7
sub-0109,8,8
sub-0109,9,9
sub-0109,10,10
sub-0109,11,11
sub-0109,12,12
sub-0109,13,13
sub-0109,14,14
sub-0109,15,15
sub-0109,16,16
sub-0109,17,17
sub-0109,18,18
sub-0109,19,19
sub-0109,20,144
sub-0109,21,21
sub-0109,22,22
sub-0109,23,147
sub-0109,24,144
sub-0109,25,144
sub-0109,26,26
sub-0109,27,27
sub-0109,28,28
sub-0109,29,29
sub-0109,30,195
sub-0109,31,31
sub-0109,32,32
sub-0109,33,33
sub-0109,34,34
sub-0109,35,35
sub-0109,36,36
sub-0109,37,37
sub-0109,38,147
sub-0109,39,39
sub-0109,40,40
sub-0109,41,41
sub-0109,42,42
sub-0109,43,43
sub-0109,44,44
sub-0109,45,45
sub-0109,46,46
sub-0109,47,230
sub-0109,48,48
sub-0109,49,49
sub-0109,50,50
sub-0109,51,51
sub-0109,52,147
sub-0109,53,53
sub-0109,54,55
sub-0109,55,55
sub-0109,56,147
sub-0109,57,57
sub-0109,58,58
sub-0109,59,59
sub-0109,60,147
sub-0109,61,61
sub-0109,62,62
sub-0109,63,63
sub-0109,64,64
sub-0109,65,65
sub-0109,66,53
sub-0109,67,69
sub-0109,68,68
sub-0109,69,94
sub-0109,70,70
sub-0109,71,169
sub-0109,72,43
sub-0109,73,148
sub-0109,74,74
sub-0109,75,75
sub-0109,76,76
sub-0109,77,77
sub-0109,78,65
sub-0109,79,79
sub-0109,80,80
sub-0109,81,81
sub-0109,82,82
sub-0109,83,83
sub-0109,84,196
sub-0109,85,85
sub-0109,86,68
sub-0109,87,87
sub-0109,88,88
sub-0109,89,89
sub-0109,90,90
sub-0109,91,91
sub-0109,92,92
sub-0109,93,93
sub-0109,94,94
sub-0109,95,95
sub-0109,96,96
sub-0109,97,107
sub-0109,98,98
sub-0109,99,99
sub-0109,100,100
sub-0109,101,101
sub-0109,102,146
sub-0109,103,103
sub-0109,104,113
sub-0109,105,105
sub-0109,106,106
sub-0109,107,107
sub-0109,108,108
sub-0109,109,109
sub-0109,110,110
sub-0109,111,111
sub-0109,112,112
sub-0109,113,113
sub-0109,114,114
sub-0109,115,115
sub-0109,116,116
sub-0109,117,117
sub-0109,118,118
sub-0109,119,119
sub-0109,120,120
sub-0109,121,121
sub-0109,122,16
sub-0109,123,123
sub-0109,124,124
sub-0109,125,125
sub-0109,126,126
sub-0109,127,127
sub-0109,128,128
sub-0109,129,129
sub-0109,130,147
sub-0109,131,131
sub-0109,132,59
sub-0109,133,43
sub-0109,134,134
sub-0109,135,113
sub-0109,136,136
sub-0109,137,137
sub-0109,138,138
sub-0109,139,139
sub-0109,140,147
sub-0109,141,141
sub-0109,142,40
sub-0109,143,143
sub-0109,144,144
sub-0109,145,145
sub-0109,146,146
sub-0109,147,147
sub-0109,148,148
sub-0109,149,147
sub-0109,150,150
sub-0109,151,151
sub-0109,152,150
sub-0109,153,153
sub-0109,154,154
sub-0109,155,155
sub-0109,156,156
sub-0109,157,157
sub-0109,158,158
sub-0109,159,159
sub-0109,160,147
sub-0109,161,84
sub-0109,162,162
sub-0109,163,163
sub-0109,164,164
sub-0109,165,165
sub-0109,166,166
sub-0109,167,167
sub-0109,168,168
sub-0109,169,169
sub-0109,170,170
sub-0109,171,198
sub-0109,172,157
sub-0109,173,173
sub-0109,174,168
sub-0109,175,175
sub-0109,176,176
sub-0109,177,177
sub-0109,178,178
sub-0109,179,179
sub-0109,180,169
sub-0109,181,43
sub-0109,182,168
sub-0109,183,183
sub-0109,184,184
sub-0109,185,185
sub-0109,186,186
sub-0109,187,65
sub-0109,188,188
sub-0109,189,191
sub-0109,190,190
sub-0109,191,191
sub-0109,192,192
sub-0109,193,193
sub-0109,194,194
sub-0109,195,8
sub-0109,196,196
sub-0109,197,197
sub-0109,198,198
sub-0109,199,199
sub-0109,200,200
sub-0109,201,201
sub-0109,202,202
sub-0109,203,203
sub-0109,204,204
sub-0109,205,205
sub-0109,206,206
sub-0109,207,207
sub-0109,208,208
sub-0109,209,230
sub-0109,210,210
sub-0109,211,160
sub-0109,212,212
sub-0109,213,213
sub-0109,214,214
sub-0109,215,215
sub-0109,216,216
sub-0109,217,217
sub-0109,218,113
sub-0109,219,219
sub-0109,220,220
sub-0109,221,221
sub-0109,222,222
sub-0109,223,223
sub-0109,224,224
sub-0109,225,225
sub-0109,226,226
sub-0109,227,227
sub-0109,228,228
sub-0109,229,229
sub-0109,230,230
sub-0109,231,231
sub-0110,0,0
sub-0110,1,1
sub-0110,2,2
sub-0110,3,3
sub-0110,4,4
sub-0110,5,5
sub-0110,6,6
sub-0110,7,7
sub-0110,8,8
sub-0110,9,9
sub-0110,10,10
sub-0110,11,11
sub-0110,12,12
sub-0110,13,13
sub-0110,14,13
sub-0110,15,15
sub-0110,16,16
sub-0110,17,17
sub-0110,18,18
sub-0110,19,19
sub-0110,20,203
sub-0110,21,21
sub-0110,22,22
sub-0110,23,39
sub-0110,24,24
sub-0110,25,25
sub-0110,26,129
sub-0110,27,24
sub-0110,28,28
sub-0110,29,29
sub-0110,30,30
sub-0110,31,31
sub-0110,32,32
sub-0110,33,33
sub-0110,34,34
sub-0110,35,35
sub-0110,36,36
sub-0110,37,37
sub-0110,38,38
sub-0110,39,39
sub-0110,40,213
sub-0110,41,113
sub-0110,42,42
sub-0110,43,43
sub-0110,44,44
sub-0110,45,45
sub-0110,46,46
sub-0110,47,47
sub-0110,48,48
sub-0110,49,49
sub-0110,50,160
sub-0110,51,51
sub-0110,52,52
sub-0110,53,53
sub-0110,54,52
sub-0110,55,55
sub-0110,56,56
sub-0110,57,57
sub-0110,58,58
sub-0110,59,59
sub-0110,60,60
sub-0110,61,61
sub-0110,62,62
sub-0110,63,63
sub-0110,64,69
sub-0110,65,28
sub-0110,66,66
sub-0110,67,67
sub-0110,68,68
sub-0110,69,69
sub-0110,70,70
sub-0110,71,182
sub-0110,72,72
sub-0110,73,73
sub-0110,74,74
sub-0110,75,75
sub-0110,76,76
sub-0110,77,77
sub-0110,78,78
sub-0110,79,79
sub-0110,80,80
sub-0110,81,184
sub-0110,82,82
sub-0110,83,83
sub-0110,84,203
sub-0110,85,85
sub-0110,86,86
sub-0110,87,87
sub-0110,88,88
sub-0110,89,89
sub-0110,90,90
sub-0110,91,91
sub-0110,92,92
sub-0110,93,93
sub-0110,94,94
sub-0110,95,95
sub-0110,96,96
sub-0110,97,97
sub-0110,98,98
sub-0110,99,204
sub-0110,100,100
sub-0110,101,101
sub-0110,102,102
sub-0110,103,103
sub-0110,104,104
sub-0110,105,105
sub-0110,106,106
sub-0110,107,107
sub-0110,108,108
sub-0110,109,109
sub-0110,110,110
sub-0110,111,111
sub-0110,112,112
sub-0110,113,213
sub-0110,114,114
sub-0110,115,115
sub-0110,116,116
sub-0110,117,117
sub-0110,118,14
sub-0110,119,119
sub-0110,120,120
sub-0110,121,121
sub-0110,122,122
sub-0110,123,217
sub-0110,124,123
sub-0110,125,125
sub-0110,126,123
sub-0110,127,127
sub-0110,128,128
sub-0110,129,129
sub-0110,130,130
sub-0110,131,131
sub-0110,132,132
sub-0110,133,4
sub-0110,134,134
sub-0110,135,135
sub-0110,136,136
sub-0110,137,137
sub-0110,138,138
sub-0110,139,139
sub-0110,140,140
sub-0110,141,141
sub-0110,142,142
sub-0110,143,144
sub-0110,144,30
sub-0110,145,146
sub-0110,146,146
sub-0110,147,147
sub-0110,148,148
sub-0110,149,152
sub-0110,150,150
sub-0110,151,174
sub-0110,152,152
sub-0110,153,153
sub-0110,154,154
sub-0110,155,155
sub-0110,156,156
sub-0110,157,157
sub-0110,158,158
sub-0110,159,159
sub-0110,160,160
sub-0110,161,161
sub-0110,162,217
sub-0110,163,163
sub-0110,164,171
sub-0110,165,165
sub-0110,166,184
sub-0110,167,167
sub-0110,168,168
sub-0110,169,56
sub-0110,170,170
sub-0110,171,28
sub-0110,172,172
sub-0110,173,173
sub-0110,174,174
sub-0110,175,175
sub-0110,176,176
sub-0110,177,177
sub-0110,178,178
sub-0110,179,179
sub-0110,180,10
sub-0110,181,184
sub-0110,182,182
sub-0110,183,183
sub-0110,184,184
sub-0110,185,185
sub-0110,186,184
sub-0110,187,215
sub-0110,188,184
sub-0110,189,189
sub-0110,190,190
sub-0110,191,191
sub-0110,192,192
sub-0110,193,195
sub-0110,194,194
sub-0110,195,195
sub-0110,196,196
sub-0110,197,197
sub-0110,198,198
sub-0110,199,199
sub-0110,200,200
sub-0110,201,201
sub-0110,202,160
sub-0110,203,203
sub-0110,204,201
sub-0110,205,205
sub-0110,206,206
sub-0110,207,207
sub-0110,208,29
sub-0110,209,167
sub-0110,210,210
sub-0110,211,201
sub-0110,212,213
sub-0110,213,207
sub-0110,214,214
sub-0110,215,215
sub-0110,216,216
sub-0110,217,221
sub-0110,218,218
sub-0110,219,219
sub-0110,220,220
sub-0110,221,221
sub-0110,222,222
sub-0110,223,223
sub-0110,224,201
sub-0110,225,224
sub-0110,226,226
sub-0110,227,201
sub-0110,228,213
sub-0110,229,213
sub-0110,230,230
sub-0110,231,231
sub-0111,0,0
sub-0111,1,1
sub-0111,2,2
sub-0111,3,3
sub-0111,4,4
sub-0111,5,5
sub-0111,6,6
sub-0111,7,7
sub-0111,8,8
sub-0111,9,9
sub-0111,10,10
sub-0111,11,11
sub-0111,12,12
sub-0111,13,34
sub-0111,14,60
sub-0111,15,15
sub-0111,16,17
sub-0111,17,17
sub-0111,18,18
sub-0111,19,219
sub-0111,20,20
sub-0111,21,21
sub-0111,22,22
sub-0111,23,23
sub-0111,24,12
sub-0111,25,25
sub-0111,26,26
sub-0111,27,60
sub-0111,28,28
sub-0111,29,29
sub-0111,30,171
sub-0111,31,31
sub-0111,32,32
sub-0111,33,132
sub-0111,34,34
sub-0111,35,35
sub-0111,36,36
sub-0111,37,37
sub-0111,38,38
sub-0111,39,39
sub-0111,40,40
sub-0111,41,41
sub-0111,42,42
sub-0111,43,43
sub-0111,44,44
sub-0111,45,45
sub-0111,46,39
sub-0111,47,47
sub-0111,48,48
sub-0111,49,49
sub-0111,50,218
sub-0111,51,51
sub-0111,52,52
sub-0111,53,53
sub-0111,54,54
sub-0111,55,55
sub-0111,56,56
sub-0111,57,57
sub-0111,58,58
sub-0111,59,59
sub-0111,60,60
sub-0111,61,61
sub-0111,62,62
sub-0111,63,63
sub-0111,64,64
sub-0111,65,65
sub-0111,66,66
sub-0111,67,67
sub-0111,68,68
sub-0111,69,69
sub-0111,70,70
sub-0111,71,194
sub-0111,72,72
sub-0111,73,73
sub-0111,74,74
sub-0111,75,75
sub-0111,76,76
sub-0111,77,77
sub-0111,78,96
sub-0111,79,79
sub-0111,80,80
sub-0111,81,81
sub-0111,82,82
sub-0111,83,157
sub-0111,84,84
sub-0111,85,85
sub-0111,86,86
sub-0111,87,87
sub-0111,88,88
sub-0111,89,89
sub-0111,90,90
sub-0111,91,91
sub-0111,92,92
sub-0111,93,93
sub-0111,94,94
sub-0111,95,95
sub-0111,96,96
sub-0111,97,97
sub-0111,98,98
sub-0111,99,190
sub-0111,100,100
sub-0111,101,163
sub-0111,102,102
sub-0111,103,103
sub-0111,104,104
sub-0111,105,105
sub-0111,106,106
sub-0111,107,107
sub-0111,108,108
sub-0111,109,109
sub-0111,110,110
sub-0111,111,111
sub-0111,112,112
sub-0111,113,113
sub-0111,114,114
sub-0111,115,115
sub-0111,116,116
sub-0111,117,117
sub-0111,118,118
sub-0111,119,119
sub-0111,120,120
sub-0111,121,121
sub-0111,122,122
sub-0111,123,12
sub-0111,124,124
sub-0111,125,125
sub-0111,126,126
sub-0111,127,17
sub-0111,128,128
sub-0111,129,129
sub-0111,130,130
sub-0111,131,198
sub-0111,132,132
sub-0111,133,133
sub-0111,134,134
sub-0111,135,135
sub-0111,136,136
sub-0111,137,147
sub-0111,138,138
sub-0111,139,17
sub-0111,140,17
sub-0111,141,141
sub-0111,142,142
sub-0111,143,143
sub-0111,144,144
sub-0111,145,145
sub-0111,146,146
sub-0111,147,147
sub-0111,148,148
sub-0111,149,149
sub-0111,150,150
sub-0111,151,151
sub-0111,152,152
sub-0111,153,153
sub-0111,154,154
sub-0111,155,155
sub-0111,156,156
sub-0111,157,157
sub-0111,158,158
sub-0111,159,159
sub-0111,160,160
sub-0111,161,161
sub-0111,162,162
sub-0111,163,163
sub-0111,164,164
sub-0111,165,165
sub-0111,166,17
sub-0111,167,167
sub-0111,168,168
sub-0111,169,169
sub-0111,170,170
sub-0111,171,171
sub-0111,172,172
sub-0111,173,173
sub-0111,174,174
sub-0111,175,175
sub-0111,176,176
sub-0111,177,177
sub-0111,178,178
sub-0111,179,179
sub-0111,180,180
sub-0111,181,181
sub-0111,182,182
sub-0111,183,183
sub-0111,184,184
sub-0111,185,185
sub-0111,186,186
sub-0111,187,187
sub-0111,188,188
sub-0111,189,189
sub-0111,190,190
sub-0111,191,191
sub-0111,192,192
sub-0111,193,97
sub-0111,194,194
sub-0111,195,195
sub-0111,196,196
sub-0111,197,197
sub-0111,198,198
sub-0111,199,199
sub-0111,200,201
sub-0111,201,220
sub-0111,202,219
sub-0111,203,203
sub-0111,204,163
sub-0111,205,187
sub-0111,206,214
sub-0111,207,207
sub-0111,208,159
sub-0111,209,209
sub-0111,210,99
sub-0111,211,131
sub-0111,212,212
sub-0111,213,213
sub-0111,214,214
sub-0111,215,215
sub-0111,216,196
sub-0111,217,225
sub-0111,218,218
sub-0111,219,219
sub-0111,220,220
sub-0111,221,40
sub-0111,222,42
sub-0111,223,223
sub-0111,224,225
sub-0111,225,225
sub-0111,226,220
sub-0111,227,220
sub-0111,228,228
sub-0111,229,229
sub-0111,230,230
sub-0111,231,231
sub-0112,0,102
sub-0112,1,1
sub-0112,2,2
sub-0112,3,3
sub-0112,4,102
sub-0112,5,5
sub-0112,6,6
sub-0112,7,7
sub-0112,8,8
sub-0112,9,9
sub-0112,10,2
sub-0112,11,11
sub-0112,12,12
sub-0112,13,13
sub-0112,14,14
sub-0112,15,15
sub-0112,16,16
sub-0112,17,119
sub-0112,18,18
sub-0112,19,19
sub-0112,20,20
sub-0112,21,21
sub-0112,22,22
sub-0112,23,23
sub-0112,24,24
sub-0112,25,25
sub-0112,26,26
sub-0112,27,27
sub-0112,28,28
sub-0112,29,29
sub-0112,30,30
sub-0112,31,31
sub-0112,32,32
sub-0112,33,33
sub-0112,34,34
sub-0112,35,35
sub-0112,36,36
sub-0112,37,37
sub-0112,38,38
sub-0112,39,39
sub-0112,40,40
sub-0112,41,41
sub-0112,42,42
sub-0112,43,43
sub-0112,44,44
sub-0112,45,45
sub-0112,46,46
sub-0112,47,47
sub-0112,48,48
sub-0112,49,49
sub-0112,50,50
sub-0112,51,51
sub-0112,52,52
sub-0112,53,53
sub-0112,54,203
sub-0112,55,55
sub-0112,56,56
sub-0112,57,57
sub-0112,58,58
sub-0112,59,59
sub-0112,60,60
sub-0112,61,61
sub-0112,62,62
sub-0112,63,63
sub-0112,64,64
sub-0112,65,65
sub-0112,66,66
sub-0112,67,67
sub-0112,68,68
sub-0112,69,69
sub-0112,70,70
sub-0112,71,71
sub-0112,72,72
sub-0112,73,73
sub-0112,74,74
sub-0112,75,75
sub-0112,76,76
sub-0112,77,77
sub-0112,78,78
sub-0112,79,79
sub-0112,80,80
sub-0112,81,81
sub-0112,82,82
sub-0112,83,83
sub-0112,84,84
sub-0112,85,85
sub-0112,86,198
sub-0112,87,87
sub-0112,88,88
sub-0112,89,89
sub-0112,90,90
sub-0112,91,91
sub-0112,92,92
sub-0112,93,93
sub-0112,94,94
sub-0112,95,95
sub-0112,96,96
sub-0112,97,97
sub-0112,98,98
sub-0112,99,99
sub-0112,100,100
sub-0112,101,101
sub-0112,102,102
sub-0112,103,103
sub-0112,104,104
sub-0112,105,2
sub-0112,106,106
sub-0112,107,107
sub-0112,108,108
sub-0112,109,109
sub-0112,110,110
sub-0112,111,2
sub-0112,112,112
sub-0112,113,113
sub-0112,114,114
sub-0112,115,115
sub-0112,116,116
sub-0112,117,117
sub-0112,118,17
sub-0112,119,119
sub-0112,120,120
sub-0112,121,121
sub-0112,122,122
sub-0112,123,123
sub-0112,124,124
sub-0112,125,125
sub-0112,126,126
sub-0112,127,127
sub-0112,128,128
sub-0112,129,129
sub-0112,130,130
sub-0112,131,72
sub-0112,132,132
sub-0112,133,133
sub-0112,134,134
sub-0112,135,2
sub-0112,136,136
sub-0112,137,137
sub-0112,138,138
sub-0112,139,139
sub-0112,140,140
sub-0112,141,141
sub-0112,142,142
sub-0112,143,143
sub-0112,144,144
sub-0112,145,145
sub-0112,146,146
sub-0112,147,147
sub-0112,148,148
sub-0112,149,149
sub-0112,150,150
sub-0112,151,120
sub-0112,152,152
sub-0112,153,153
sub-0112,154,154
sub-0112,155,155
sub-0112,156,156
sub-0112,157,157
sub-0112,158,158
sub-0112,159,159
sub-0112,160,160
sub-0112,161,161
sub-0112,162,51
sub-0112,163,163
sub-0112,164,164
sub-0112,165,165
sub-0112,166,166
sub-0112,167,167
sub-0112,168,168
sub-0112,169,169
sub-0112,170,170
sub-0112,171,171
sub-0112,172,172
sub-0112,173,173
sub-0112,174,174
sub-0112,175,175
sub-0112,176,176
sub-0112,177,177
sub-0112,178,178
sub-0112,179,179
sub-0112,180,180
sub-0112,181,181
sub-0112,182,182
sub-0112,183,183
sub-0112,184,184
sub-0112,185,185
sub-0112,186,186
sub-0112,187,169
sub-0112,188,188
sub-0112,189,189
sub-0112,190,190
sub-0112,191,191
sub-0112,192,192
sub-0112,193,193
sub-0112,194,194
sub-0112,195,195
sub-0112,196,196
sub-0112,197,197
sub-0112,198,198
sub-0112,199,199
sub-0112,200,200
sub-0112,201,201
sub-0112,202,202
sub-0112,203,203
sub-0112,204,221
sub-0112,205,205
sub-0112,206,206
sub-0112,207,207
sub-0112,208,208
sub-0112,209,209
sub-0112,210,210
sub-0112,211,211
sub-0112,212,212
sub-0112,213,213
sub-0112,214,214
sub-0112,215,215
sub-0112,216,216
sub-0112,217,217
sub-0112,218,218
sub-0112,219,219
sub-0112,220,220
sub-0112,221,221
sub-0112,222,222
sub-0112,223,223
sub-0112,224,224
sub-0112,225,225
sub-0112,226,7
sub-0112,227,2
sub-0112,228,228
sub-0112,229,229
sub-0112,230,230
sub-0112,231,231
sub-0113,0,0
sub-0113,1,5
sub-0113,2,2
sub-0113,3,3
sub-0113,4,4
sub-0113,5,5
sub-0113,6,6
sub-0113,7,204
sub-0113,8,97
sub-0113,9,9
sub-0113,10,10
sub-0113,11,11
sub-0113,12,14
sub-0113,13,13
sub-0113,14,14
sub-0113,15,15
sub-0113,16,16
sub-0113,17,14
sub-0113,18,18
sub-0113,19,19
sub-0113,20,147
sub-0113,21,199
sub-0113,22,27
sub-0113,23,41
sub-0113,24,24
sub-0113,25,25
sub-0113,26,26
sub-0113,27,27
sub-0113,28,28
sub-0113,29,29
sub-0113,30,40
sub-0113,31,31
sub-0113,32,32
sub-0113,33,33
sub-0113,34,34
sub-0113,35,35
sub-0113,36,36
sub-0113,37,37
sub-0113,38,38
sub-0113,39,39
sub-0113,40,42
sub-0113,41,41
sub-0113,42,42
sub-0113,43,43
sub-0113,44,44
sub-0113,45,45
sub-0113,46,48
sub-0113,47,209
sub-0113,48,48
sub-0113,49,49
sub-0113,50,50
sub-0113,51,51
sub-0113,52,52
sub-0113,53,53
sub-0113,54,54
sub-0113,55,180
sub-0113,56,56
sub-0113,57,57
sub-0113,58,58
sub-0113,59,59
sub-0113,60,60
sub-0113,61,61
sub-0113,62,56
sub-0113,63,63
sub-0113,64,64
sub-0113,65,168
sub-0113,66,66
sub-0113,67,67
sub-0113,68,68
sub-0113,69,69
sub-0113,70,70
sub-0113,71,71
sub-0113,72,72
sub-0113,73,73
sub-0113,74,74
sub-0113,75,83
sub-0113,76,76
sub-0113,77,77
sub-0113,78,78
sub-0113,79,79
sub-0113,80,80
sub-0113,81,81
sub-0113,82,82
sub-0113,83,171
sub-0113,84,84
sub-0113,85,85
sub-0113,86,83
sub-0113,87,87
sub-0113,88,88
sub-0113,89,89
sub-0113,90,90
sub-0113,91,91
sub-0113,92,92
sub-0113,93,93
sub-0113,94,94
sub-0113,95,31
sub-0113,96,96
sub-0113,97,97
sub-0113,98,189
sub-0113,99,131
sub-0113,100,100
sub-0113,101,101
sub-0113,102,102
sub-0113,103,103
sub-0113,104,104
sub-0113,105,105
sub-0113,106,106
sub-0113,107,204
sub-0113,108,108
sub-0113,109,109
sub-0113,110,110
sub-0113,111,111
sub-0113,112,112
sub-0113,113,113
sub-0113,114,14
sub-0113,115,115
sub-0113,116,116
sub-0113,117,117
sub-0113,118,118
sub-0113,119,119
sub-0113,120,120
sub-0113,121,121
sub-0113,122,122
sub-0113,123,96
sub-0113,124,189
sub-0113,125,205
sub-0113,126,205
sub-0113,127,127
sub-0113,128,128
sub-0113,129,129
sub-0113,130,130
sub-0113,131,131
sub-0113,132,132
sub-0113,133,133
sub-0113,134,134
sub-0113,135,135
sub-0113,136,136
sub-0113,137,137
sub-0113,138,138
sub-0113,139,139
sub-0113,140,140
sub-0113,141,141
sub-0113,142,40
sub-0113,143,166
sub-0113,144,144
sub-0113,145,145
sub-0113,146,146
sub-0113,147,147
sub-0113,148,148
sub-0113,149,149
sub-0113,150,131
sub-0113,151,151
sub-0113,152,148
sub-0113,153,50
sub-0113,154,154
sub-0113,155,169
sub-0113,156,52
sub-0113,157,97
sub-0113,158,158
sub-0113,159,159
sub-0113,160,160
sub-0113,161,196
sub-0113,162,162
sub-0113,163,56
sub-0113,164,164
sub-0113,165,165
sub-0113,166,166
sub-0113,167,167
sub-0113,168,168
sub-0113,169,169
sub-0113,170,170
sub-0113,171,171
sub-0113,172,172
sub-0113,173,173
sub-0113,174,174
sub-0113,175,175
sub-0113,176,178
sub-0113,177,177
sub-0113,178,178
sub-0113,179,179
sub-0113,180,180
sub-0113,181,181
sub-0113,182,182
sub-0113,183,196
sub-0113,184,184
sub-0113,185,185
sub-0113,186,186
sub-0113,187,162
sub-0113,188,188
sub-0113,189,189
sub-0113,190,190
sub-0113,191,191
sub-0113,192,192
sub-0113,193,180
sub-0113,194,194
sub-0113,195,195
sub-0113,196,196
sub-0113,197,197
sub-0113,198,198
sub-0113,199,131
sub-0113,200,200
sub-0113,201,204
sub-0113,202,204
sub-0113,203,203
sub-0113,204,220
sub-0113,205,205
sub-0113,206,206
sub-0113,207,207
sub-0113,208,65
sub-0113,209,229
sub-0113,210,210
sub-0113,211,180
sub-0113,212,207
sub-0113,213,14
sub-0113,214,214
sub-0113,215,215
sub-0113,216,216
sub-0113,217,217
sub-0113,218,218
sub-0113,219,219
sub-0113,220,220
sub-0113,221,204
sub-0113,222,22
sub-0113,223,205
sub-0113,224,204
sub-0113,225,225
sub-0113,226,210
sub-0113,227,210
sub-0113,228,40
sub-0113,229,121
sub-0113,230,178
sub-0113,231,230
sub-0114,0,0
sub-0114,1,1
sub-0114,2,2
sub-0114,3,3
sub-0114,4,4
sub-0114,5,5
sub-0114,6,6
sub-0114,7,8
sub-0114,8,8
sub-0114,9,9
sub-0114,10,10
sub-0114,11,11
sub-0114,12,12
sub-0114,13,13
sub-0114,14,14
sub-0114,15,15
sub-0114,16,16
sub-0114,17,17
sub-0114,18,18
sub-0114,19,19
sub-0114,20,20
sub-0114,21,21
sub-0114,22,22
sub-0114,23,23
sub-0114,24,24
sub-0114,25,25
sub-0114,26,26
sub-0114,27,27
sub-0114,28,28
sub-0114,29,29
sub-0114,30,30
sub-0114,31,31
sub-0114,32,32
sub-0114,33,33
sub-0114,34,34
sub-0114,35,35
sub-0114,36,36
sub-0114,37,37
sub-0114,38,38
sub-0114,39,39
sub-0114,40,40
sub-0114,41,41
sub-0114,42,42
sub-0114,43,43
sub-0114,44,44
sub-0114,45,45
sub-0114,46,46
sub-0114,47,47
sub-0114,48,48
sub-0114,49,49
sub-0114,50,95
sub-0114,51,51
sub-0114,52,52
sub-0114,53,53
sub-0114,54,54
sub-0114,55,143
sub-0114,56,56
sub-0114,57,57
sub-0114,58,58
sub-0114,59,59
sub-0114,60,35
sub-0114,61,61
sub-0114,62,62
sub-0114,63,63
sub-0114,64,62
sub-0114,65,184
sub-0114,66,66
sub-0114,67,67
sub-0114,68,68
sub-0114,69,69
sub-0114,70,70
sub-0114,71,71
sub-0114,72,72
sub-0114,73,73
sub-0114,74,74
sub-0114,75,75
sub-0114,76,76
sub-0114,77,77
sub-0114,78,78
sub-0114,79,79
sub-0114,80,80
sub-0114,81,81
sub-0114,82,83
sub-0114,83,83
sub-0114,84,157
sub-0114,85,85
sub-0114,86,86
sub-0114,87,87
sub-0114,88,88
sub-0114,89,89
sub-0114,90,90
sub-0114,91,91
sub-0114,92,30
sub-0114,93,70
sub-0114,94,223
sub-0114,95,95
sub-0114,96,96
sub-0114,97,97
sub-0114,98,147
sub-0114,99,90
sub-0114,100,100
sub-0114,101,101
sub-0114,102,102
sub-0114,103,103
sub-0114,104,104
sub-0114,105,105
sub-0114,106,106
sub-0114,107,107
sub-0114,108,108
sub-0114,109,109
sub-0114,110,110
sub-0114,111,111
sub-0114,112,112
sub-0114,113,113
sub-0114,114,114
sub-0114,115,115
sub-0114,116,116
sub-0114,117,117
sub-0114,118,118
sub-0114,119,119
sub-0114,120,120
sub-0114,121,121
sub-0114,122,122
sub-0114,123,123
sub-0114,124,198
sub-0114,125,125
sub-0114,126,143
sub-0114,127,127
sub-0114,128,22
sub-0114,129,129
sub-0114,130,130
sub-0114,131,131
sub-0114,132,132
sub-0114,133,133
sub-0114,134,134
sub-0114,135,135
sub-0114,136,136
sub-0114,137,137
sub-0114,138,138
sub-0114,139,139
sub-0114,140,140
sub-0114,141,141
sub-0114,142,199
sub-0114,143,143
sub-0114,144,144
sub-0114,145,145
sub-0114,146,146
sub-0114,147,147
sub-0114,148,148
sub-0114,149,149
sub-0114,150,150
sub-0114,151,151
sub-0114,152,199
sub-0114,153,153
sub-0114,154,154
sub-0114,155,155
sub-0114,156,156
sub-0114,157,49
sub-0114,158,158
sub-0114,159,159
sub-0114,160,160
sub-0114,161,161
sub-0114,162,160
sub-0114,163,163
sub-0114,164,164
sub-0114,165,165
sub-0114,166,166
sub-0114,167,167
sub-0114,168,168
sub-0114,169,206
sub-0114,170,170
sub-0114,171,171
sub-0114,172,172
sub-0114,173,171
sub-0114,174,172
sub-0114,175,175
sub-0114,176,176
sub-0114,177,177
sub-0114,178,178
sub-0114,179,179
sub-0114,180,180
sub-0114,181,181
sub-0114,182,182
sub-0114,183,183
sub-0114,184,184
sub-0114,185,185
sub-0114,186,186
sub-0114,187,187
sub-0114,188,188
sub-0114,189,189
sub-0114,190,184
sub-0114,191,191
sub-0114,192,192
sub-0114,193,193
sub-0114,194,194
sub-0114,195,195
sub-0114,196,198
sub-0114,197,70
sub-0114,198,198
sub-0114,199,199
sub-0114,200,200
sub-0114,201,220
sub-0114,202,202
sub-0114,203,218
sub-0114,204,204
sub-0114,205,205
sub-0114,206,206
sub-0114,207,207
sub-0114,208,208
sub-0114,209,209
sub-0114,210,222
sub-0114,211,187
sub-0114,212,212
sub-0114,213,206
sub-0114,214,214
sub-0114,215,215
sub-0114,216,216
sub-0114,217,38
sub-0114,218,218
sub-0114,219,219
sub-0114,220,204
sub-0114,221,221
sub-0114,222,222
sub-0114,223,223
sub-0114,224,224
sub-0114,225,225
sub-0114,226,227
sub-0114,227,202
sub-0114,228,228
sub-0114,229,206
sub-0114,230,230
sub-0114,231,231
sub-0115,0,0
sub-0115,1,1
sub-0115,2,2
sub-0115,3,3
sub-0115,4,4
sub-0115,5,5
sub-0115,6,6
sub-0115,7,7
sub-0115,8,156
sub-0115,9,9
sub-0115,10,10
sub-0115,11,11
sub-0115,12,12
sub-0115,13,13
sub-0115,14,14
sub-0115,15,15
sub-0115,16,16
sub-0115,17,17
sub-0115,18,18
sub-0115,19,19
sub-0115,20,20
sub-0115,21,21
sub-0115,22,22
sub-0115,23,23
sub-0115,24,24
sub-0115,25,25
sub-0115,26,26
sub-0115,27,27
sub-0115,28,28
sub-0115,29,29
sub-0115,30,30
sub-0115,31,31
sub-0115,32,32
sub-0115,33,33
sub-0115,34,34
sub-0115,35,35
sub-0115,36,36
sub-0115,37,37
sub-0115,38,38
sub-0115,39,39
sub-0115,40,40
sub-0115,41,41
sub-0115,42,149
sub-0115,43,43
sub-0115,44,44
sub-0115,45,45
sub-0115,46,46
sub-0115,47,47
sub-0115,48,153
sub-0115,49,49
sub-0115,50,50
sub-0115,51,51
sub-0115,52,162
sub-0115,53,50
sub-0115,54,210
sub-0115,55,55
sub-0115,56,56
sub-0115,57,57
sub-0115,58,58
sub-0115,59,59
sub-0115,60,60
sub-0115,61,61
sub-0115,62,62
sub-0115,63,63
sub-0115,64,64
sub-0115,65,169
sub-0115,66,66
sub-0115,67,67
sub-0115,68,68
sub-0115,69,69
sub-0115,70,155
sub-0115,71,71
sub-0115,72,72
sub-0115,73,73
sub-0115,74,74
sub-0115,75,75
sub-0115,76,76
sub-0115,77,77
sub-0115,78,78
sub-0115,79,79
sub-0115,80,80
sub-0115,81,81
sub-0115,82,83
sub-0115,83,83
sub-0115,84,84
sub-0115,85,85
sub-0115,86,86
sub-0115,87,87
sub-0115,88,88
sub-0115,89,89
sub-0115,90,90
sub-0115,91,91
sub-0115,92,92
sub-0115,93,93
sub-0115,94,94
sub-0115,95,95
sub-0115,96,96
sub-0115,97,97
sub-0115,98,98
sub-0115,99,99
sub-0115,100,100
sub-0115,101,101
sub-0115,102,102
sub-0115,103,103
sub-0115,104,104
sub-0115,105,105
sub-0115,106,106
sub-0115,107,107
sub-0115,108,108
sub-0115,109,109
sub-0115,110,110
sub-0115,111,111
sub-0115,112,112
sub-0115,113,113
sub-0115,114,114
sub-0115,115,115
sub-0115,116,116
sub-0115,117,117
sub-0115,118,118
sub-0115,119,119
sub-0115,120,120
sub-0115,121,121
sub-0115,122,122
sub-0115,123,123
sub-0115,124,124
sub-0115,125,27
sub-0115,126,30
sub-0115,127,127
sub-0115,128,128
sub-0115,129,129
sub-0115,130,130
sub-0115,131,131
sub-0115,132,132
sub-0115,133,133
sub-0115,134,164
sub-0115,135,135
sub-0115,136,35
sub-0115,137,137
sub-0115,138,138
sub-0115,139,139
sub-0115,140,140
sub-0115,141,141
sub-0115,142,11
sub-0115,143,143
sub-0115,144,144
sub-0115,145,145
sub-0115,146,207
sub-0115,147,147
sub-0115,148,148
sub-0115,149,149
sub-0115,150,150
sub-0115,151,151
sub-0115,152,152
sub-0115,153,153
sub-0115,154,154
sub-0115,155,155
sub-0115,156,156
sub-0115,157,157
sub-0115,158,158
sub-0115,159,159
sub-0115,160,161
sub-0115,161,161
sub-0115,162,51
sub-0115,163,163
sub-0115,164,164
sub-0115,165,164
sub-0115,166,166
sub-0115,167,62
sub-0115,168,198
sub-0115,169,169
sub-0115,170,170
sub-0115,171,171
sub-0115,172,172
sub-0115,173,173
sub-0115,174,171
sub-0115,175,175
sub-0115,176,176
sub-0115,177,177
sub-0115,178,178
sub-0115,179,179
sub-0115,180,180
sub-0115,181,181
sub-0115,182,182
sub-0115,183,183
sub-0115,184,184
sub-0115,185,185
sub-0115,186,186
sub-0115,187,187
sub-0115,188,184
sub-0115,189,189
sub-0115,190,161
sub-0115,191,191
sub-0115,192,192
sub-0115,193,193
sub-0115,194,194
sub-0115,195,195
sub-0115,196,196
sub-0115,197,197
sub-0115,198,198
sub-0115,199,199
sub-0115,200,200
sub-0115,201,203
sub-0115,202,219
sub-0115,203,53
sub-0115,204,205
sub-0115,205,204
sub-0115,206,206
sub-0115,207,207
sub-0115,208,200
sub-0115,209,209
sub-0115,210,207
sub-0115,211,210
sub-0115,212,212
sub-0115,213,199
sub-0115,214,214
sub-0115,215,231
sub-0115,216,216
sub-0115,217,203
sub-0115,218,218
sub-0115,219,219
sub-0115,220,220
sub-0115,221,221
sub-0115,222,91
sub-0115,223,223
sub-0115,224,162
sub-0115,225,209
sub-0115,226,98
sub-0115,227,207
sub-0115,228,228
sub-0115,229,20
sub-0115,230,215
sub-0115,231,231
sub-0116,0,0
sub-0116,1,1
sub-0116,2,2
sub-0116,3,3
sub-0116,4,4
sub-0116,5,106
sub-0116,6,6
sub-0116,7,7
sub-0116,8,148
sub-0116,9,9
sub-0116,10,11
sub-0116,11,11
sub-0116,12,12
sub-0116,13,13
sub-0116,14,155
sub-0116,15,15
sub-0116,16,16
sub-0116,17,17
sub-0116,18,18
sub-0116,19,19
sub-0116,20,20
sub-0116,21,21
sub-0116,22,205
sub-0116,23,23
sub-0116,24,24
sub-0116,25,25
sub-0116,26,26
sub-0116,27,27
sub-0116,28,28
sub-0116,29,29
sub-0116,30,30
sub-0116,31,31
sub-0116,32,32
sub-0116,33,33
sub-0116,34,34
sub-0116,35,35
sub-0116,36,36
sub-0116,37,37
sub-0116,38,38
sub-0116,39,39
sub-0116,40,17
sub-0116,41,41
sub-0116,42,42
sub-0116,43,43
sub-0116,44,44
sub-0116,45,45
sub-0116,46,46
sub-0116,47,155
sub-0116,48,48
sub-0116,49,49
sub-0116,50,50
sub-0116,51,51
sub-0116,52,52
sub-0116,53,83
sub-0116,54,54
sub-0116,55,55
sub-0116,56,56
sub-0116,57,57
sub-0116,58,58
sub-0116,59,59
sub-0116,60,60
sub-0116,61,138
sub-0116,62,62
sub-0116,63,63
sub-0116,64,64
sub-0116,65,56
sub-0116,66,66
sub-0116,67,68
sub-0116,68,68
sub-0116,69,69
sub-0116,70,89
sub-0116,71,111
sub-0116,72,72
sub-0116,73,73
sub-0116,74,74
sub-0116,75,83
sub-0116,76,83
sub-0116,77,77
sub-0116,78,68
sub-0116,79,79
sub-0116,80,80
sub-0116,81,81
sub-0116,82,82
sub-0116,83,83
sub-0116,84,84
sub-0116,85,85
sub-0116,86,86
sub-0116,87,87
sub-0116,88,88
sub-0116,89,89
sub-0116,90,90
sub-0116,91,91
sub-0116,92,92
sub-0116,93,93
sub-0116,94,94
sub-0116,95,28
sub-0116,96,96
sub-0116,97,97
sub-0116,98,98
sub-0116,99,131
sub-0116,100,100
sub-0116,101,101
sub-0116,102,102
sub-0116,103,103
sub-0116,104,104
sub-0116,105,105
sub-0116,106,106
sub-0116,107,109
sub-0116,108,108
sub-0116,109,109
sub-0116,110,110
sub-0116,111,111
sub-0116,112,112
sub-0116,113,113
sub-0116,114,114
sub-0116,115,115
sub-0116,116,116
sub-0116,117,119
sub-0116,118,118
sub-0116,119,119
sub-0116,120,120
sub-0116,121,121
sub-0116,122,122
sub-0116,123,123
sub-0116,124,124
sub-0116,125,14
sub-0116,126,126
sub-0116,127,127
sub-0116,128,128
sub-0116,129,129
sub-0116,130,130
sub-0116,131,131
sub-0116,132,132
sub-0116,133,133
sub-0116,134,134
sub-0116,135,135
sub-0116,136,136
sub-0116,137,137
sub-0116,138,138
sub-0116,139,139
sub-0116,140,140
sub-0116,141,141
sub-0116,142,142
sub-0116,143,143
sub-0116,144,144
sub-0116,145,145
sub-0116,146,146
sub-0116,147,147
sub-0116,148,148
sub-0116,149,149
sub-0116,150,150
sub-0116,151,151
sub-0116,152,152
sub-0116,153,155
sub-0116,154,154
sub-0116,155,155
sub-0116,156,156
sub-0116,157,157
sub-0116,158,158
sub-0116,159,159
sub-0116,160,202
sub-0116,161,88
sub-0116,162,51
sub-0116,163,163
sub-0116,164,164
sub-0116,165,165
sub-0116,166,138
sub-0116,167,167
sub-0116,168,168
sub-0116,169,169
sub-0116,170,170
sub-0116,171,66
sub-0116,172,172
sub-0116,173,173
sub-0116,174,177
sub-0116,175,175
sub-0116,176,66
sub-0116,177,174
sub-0116,178,178
sub-0116,179,179
sub-0116,180,180
sub-0116,181,32
sub-0116,182,182
sub-0116,183,207
sub-0116,184,184
sub-0116,185,66
sub-0116,186,186
sub-0116,187,187
sub-0116,188,188
sub-0116,189,88
sub-0116,190,161
sub-0116,191,191
sub-0116,192,192
sub-0116,193,193
sub-0116,194,194
sub-0116,195,195
sub-0116,196,66
sub-0116,197,152
sub-0116,198,198
sub-0116,199,30
sub-0116,200,200
sub-0116,201,216
sub-0116,202,202
sub-0116,203,203
sub-0116,204,207
sub-0116,205,205
sub-0116,206,206
sub-0116,207,207
sub-0116,208,208
sub-0116,209,209
sub-0116,210,205
sub-0116,211,54
sub-0116,212,212
sub-0116,213,205
sub-0116,214,214
sub-0116,215,215
sub-0116,216,216
sub-0116,217,204
sub-0116,218,218
sub-0116,219,219
sub-0116,220,220
sub-0116,221,221
sub-0116,222,64
sub-0116,223,223
sub-0116,224,156
sub-0116,225,225
sub-0116,226,177
sub-0116,227,83
sub-0116,228,228
sub-0116,229,17
sub-0116,230,230
sub-0116,231,231
sub-0117,0,0
sub-0117,1,1
sub-0117,2,2
sub-0117,3,3
sub-0117,4,4
sub-0117,5,6
sub-0117,6,201
sub-0117,7,2
sub-0117,8,8
sub-0117,9,9
sub-0117,10,10
sub-0117,11,11
sub-0117,12,12
sub-0117,13,13
sub-0117,14,169
sub-0117,15,15
sub-0117,16,16
sub-0117,17,17
sub-0117,18,18
sub-0117,19,118
sub-0117,20,20
sub-0117,21,21
sub-0117,22,22
sub-0117,23,23
sub-0117,24,199
sub-0117,25,25
sub-0117,26,26
sub-0117,27,27
sub-0117,28,28
sub-0117,29,29
sub-0117,30,131
sub-0117,31,31
sub-0117,32,32
sub-0117,33,33
sub-0117,34,34
sub-0117,35,35
sub-0117,36,36
sub-0117,37,37
sub-0117,38,38
sub-0117,39,39
sub-0117,40,40
sub-0117,41,41
sub-0117,42,42
sub-0117,43,43
sub-0117,44,44
sub-0117,45,45
sub-0117,46,46
sub-0117,47,47
sub-0117,48,48
sub-0117,49,49
sub-0117,50,54
sub-0117,51,51
sub-0117,52,52
sub-0117,53,53
sub-0117,54,54
sub-0117,55,54
sub-0117,56,56
sub-0117,57,57
sub-0117,58,58
sub-0117,59,35
sub-0117,60,60
sub-0117,61,61
sub-0117,62,62
sub-0117,63,63
sub-0117,64,64
sub-0117,65,65
sub-0117,66,64
sub-0117,67,67
sub-0117,68,64
sub-0117,69,69
sub-0117,70,70
sub-0117,71,95
sub-0117,72,72
sub-0117,73,73
sub-0117,74,74
sub-0117,75,75
sub-0117,76,76
sub-0117,77,77
sub-0117,78,78
sub-0117,79,79
sub-0117,80,80
sub-0117,81,81
sub-0117,82,157
sub-0117,83,83
sub-0117,84,84
sub-0117,85,69
sub-0117,86,86
sub-0117,87,87
sub-0117,88,88
sub-0117,89,89
sub-0117,90,90
sub-0117,91,91
sub-0117,92,187
sub-0117,93,93
sub-0117,94,94
sub-0117,95,95
sub-0117,96,96
sub-0117,97,97
sub-0117,98,98
sub-0117,99,99
sub-0117,100,100
sub-0117,101,101
sub-0117,102,102
sub-0117,103,103
sub-0117,104,104
sub-0117,105,105
sub-0117,106,106
sub-0117,107,107
sub-0117,108,108
sub-0117,109,109
sub-0117,110,110
sub-0117,111,111
sub-0117,112,112
sub-0117,113,113
sub-0117,114,114
sub-0117,115,115
sub-0117,116,116
sub-0117,117,117
sub-0117,118,118
sub-0117,119,119
sub-0117,120,120
sub-0117,121,121
sub-0117,122,122
sub-0117,123,123
sub-0117,124,124
sub-0117,125,125
sub-0117,126,144
sub-0117,127,127
sub-0117,128,128
sub-0117,129,129
sub-0117,130,130
sub-0117,131,131
sub-0117,132,132
sub-0117,133,133
sub-0117,134,171
sub-0117,135,56
sub-0117,136,136
sub-0117,137,137
sub-0117,138,138
sub-0117,139,139
sub-0117,140,119
sub-0117,141,141
sub-0117,142,0
sub-0117,143,143
sub-0117,144,144
sub-0117,145,145
sub-0117,146,146
sub-0117,147,147
sub-0117,148,148
sub-0117,149,149
sub-0117,150,150
sub-0117,151,151
sub-0117,152,152
sub-0117,153,153
sub-0117,154,154
sub-0117,155,155
sub-0117,156,90
sub-0117,157,201
sub-0117,158,158
sub-0117,159,159
sub-0117,160,160
sub-0117,161,99
sub-0117,162,54
sub-0117,163,163
sub-0117,164,164
sub-0117,165,165
sub-0117,166,166
sub-0117,167,144
sub-0117,168,168
sub-0117,169,169
sub-0117,170,201
sub-0117,171,171
sub-0117,172,172
sub-0117,173,173
sub-0117,174,174
sub-0117,175,175
sub-0117,176,176
sub-0117,177,177
sub-0117,178,178
sub-0117,179,179
sub-0117,180,180
sub-0117,181,181
sub-0117,182,182
sub-0117,183,183
sub-0117,184,184
sub-0117,185,185
sub-0117,186,186
sub-0117,187,187
sub-0117,188,188
sub-0117,189,189
sub-0117,190,157
sub-0117,191,157
sub-0117,192,192
sub-0117,193,193
sub-0117,194,194
sub-0117,195,195
sub-0117,196,197
sub-0117,197,199
sub-0117,198,198
sub-0117,199,199
sub-0117,200,217
sub-0117,201,201
sub-0117,202,202
sub-0117,203,203
sub-0117,204,204
sub-0117,205,205
sub-0117,206,206
sub-0117,207,207
sub-0117,208,157
sub-0117,209,204
sub-0117,210,210
sub-0117,211,157
sub-0117,212,212
sub-0117,213,213
sub-0117,214,214
sub-0117,215,215
sub-0117,216,217
sub-0117,217,218
sub-0117,218,52
sub-0117,219,54
sub-0117,220,220
sub-0117,221,221
sub-0117,222,217
sub-0117,223,223
sub-0117,224,224
sub-0117,225,225
sub-0117,226,226
sub-0117,227,210
sub-0117,228,228
sub-0117,229,229
sub-0117,230,230
sub-0117,231,231
sub-0118,0,0
sub-0118,1,1
sub-0118,2,2
sub-0118,3,0
sub-0118,4,4
sub-0118,5,5
sub-0118,6,6
sub-0118,7,7
sub-0118,8,8
sub-0118,9,9
sub-0118,10,10
sub-0118,11,11
sub-0118,12,12
sub-0118,13,13
sub-0118,14,14
sub-0118,15,15
sub-0118,16,16
sub-0118,17,17
sub-0118,18,18
sub-0118,19,19
sub-0118,20,20
sub-0118,21,21
sub-0118,22,22
sub-0118,23,113
sub-0118,24,24
sub-0118,25,25
sub-0118,26,26
sub-0118,27,27
sub-0118,28,28
sub-0118,29,29
sub-0118,30,30
sub-0118,31,31
sub-0118,32,32
sub-0118,33,33
sub-0118,34,34
sub-0118,35,35
sub-0118,36,36
sub-0118,37,37
sub-0118,38,38
sub-0118,39,39
sub-0118,40,40
sub-0118,41,41
sub-0118,42,42
sub-0118,43,43
sub-0118,44,44
sub-0118,45,45
sub-0118,46,46
sub-0118,47,47
sub-0118,48,146
sub-0118,49,49
sub-0118,50,50
sub-0118,51,51
sub-0118,52,218
sub-0118,53,53
sub-0118,54,54
sub-0118,55,55
sub-0118,56,56
sub-0118,57,57
sub-0118,58,58
sub-0118,59,59
sub-0118,60,60
sub-0118,61,61
sub-0118,62,62
sub-0118,63,39
sub-0118,64,64
sub-0118,65,65
sub-0118,66,66
sub-0118,67,67
sub-0118,68,68
sub-0118,69,69
sub-0118,70,70
sub-0118,71,71
sub-0118,72,72
sub-0118,73,73
sub-0118,74,74
sub-0118,75,75
sub-0118,76,76
sub-0118,77,80
sub-0118,78,78
sub-0118,79,79
sub-0118,80,80
sub-0118,81,81
sub-0118,82,82
sub-0118,83,83
sub-0118,84,84
sub-0118,85,86
sub-0118,86,86
sub-0118,87,87
sub-0118,88,88
sub-0118,89,89
sub-0118,90,90
sub-0118,91,91
sub-0118,92,92
sub-0118,93,93
sub-0118,94,67
sub-0118,95,95
sub-0118,96,96
sub-0118,97,97
sub-0118,98,58
sub-0118,99,72
sub-0118,100,100
sub-0118,101,101
sub-0118,102,102
sub-0118,103,103
sub-0118,104,104
sub-0118,105,105
sub-0118,106,106
sub-0118,107,107
sub-0118,108,108
sub-0118,109,109
sub-0118,110,110
sub-0118,111,111
sub-0118,112,112
sub-0118,113,113
sub-0118,114,147
sub-0118,115,115
sub-0118,116,116
sub-0118,117,117
sub-0118,118,118
sub-0118,119,119
sub-0118,120,120
sub-0118,121,121
sub-0118,122,122
sub-0118,123,123
sub-0118,124,124
sub-0118,125,129
sub-0118,126,126
sub-0118,127,127
sub-0118,128,129
sub-0118,129,129
sub-0118,130,130
sub-0118,131,131
sub-0118,132,132
sub-0118,133,133
sub-0118,134,134
sub-0118,135,135
sub-0118,136,136
sub-0118,137,137
sub-0118,138,138
sub-0118,139,139
sub-0118,140,140
sub-0118,141,141
sub-0118,142,142
sub-0118,143,143
sub-0118,144,144
sub-0118,145,145
sub-0118,146,146
sub-0118,147,147
sub-0118,148,148
sub-0118,149,149
sub-0118,150,148
sub-0118,151,168
sub-0118,152,152
sub-0118,153,49
sub-0118,154,154
sub-0118,155,155
sub-0118,156,156
sub-0118,157,157
sub-0118,158,158
sub-0118,159,159
sub-0118,160,160
sub-0118,161,161
sub-0118,162,162
sub-0118,163,171
sub-0118,164,164
sub-0118,165,165
sub-0118,166,166
sub-0118,167,167
sub-0118,168,168
sub-0118,169,169
sub-0118,170,170
sub-0118,171,171
sub-0118,172,172
sub-0118,173,173
sub-0118,174,174
sub-0118,175,175
sub-0118,176,176
sub-0118,177,177
sub-0118,178,178
sub-0118,179,179
sub-0118,180,180
sub-0118,181,181
sub-0118,182,182
sub-0118,183,184
sub-0118,184,184
sub-0118,185,185
sub-0118,186,186
sub-0118,187,187
sub-0118,188,188
sub-0118,189,189
sub-0118,190,190
sub-0118,191,191
sub-0118,192,176
sub-0118,193,193
sub-0118,194,194
sub-0118,195,195
sub-0118,196,196
sub-0118,197,197
sub-0118,198,198
sub-0118,199,199
sub-0118,200,200
sub-0118,201,201
sub-0118,202,54
sub-0118,203,203
sub-0118,204,56
sub-0118,205,205
sub-0118,206,56
sub-0118,207,207
sub-0118,208,208
sub-0118,209,209
sub-0118,210,211
sub-0118,211,49
sub-0118,212,212
sub-0118,213,213
sub-0118,214,214
sub-0118,215,215
sub-0118,216,216
sub-0118,217,217
sub-0118,218,218
sub-0118,219,219
sub-0118,220,220
sub-0118,221,221
sub-0118,222,222
sub-0118,223,223
sub-0118,224,224
sub-0118,225,225
sub-0118,226,205
sub-0118,227,213
sub-0118,228,228
sub-0118,229,229
sub-0118,230,49
sub-0118,231,231
sub-0119,0,195
sub-0119,1,1
sub-0119,2,2
sub-0119,3,3
sub-0119,4,4
sub-0119,5,5
sub-0119,6,6
sub-0119,7,7
sub-0119,8,8
sub-0119,9,9
sub-0119,10,10
sub-0119,11,11
sub-0119,12,12
sub-0119,13,13
sub-0119,14,14
sub-0119,15,15
sub-0119,16,16
sub-0119,17,17
sub-0119,18,18
sub-0119,19,19
sub-0119,20,99
sub-0119,21,21
sub-0119,22,123
sub-0119,23,23
sub-0119,24,24
sub-0119,25,25
sub-0119,26,26
sub-0119,27,90
sub-0119,28,28
sub-0119,29,29
sub-0119,30,30
sub-0119,31,163
sub-0119,32,32
sub-0119,33,33
sub-0119,34,34
sub-0119,35,35
sub-0119,36,36
sub-0119,37,37
sub-0119,38,60
sub-0119,39,112
sub-0119,40,41
sub-0119,41,205
sub-0119,42,198
sub-0119,43,43
sub-0119,44,44
sub-0119,45,45
sub-0119,46,46
sub-0119,47,47
sub-0119,48,48
sub-0119,49,49
sub-0119,50,90
sub-0119,51,51
sub-0119,52,30
sub-0119,53,53
sub-0119,54,54
sub-0119,55,225
sub-0119,56,131
sub-0119,57,57
sub-0119,58,58
sub-0119,59,59
sub-0119,60,60
sub-0119,61,61
sub-0119,62,62
sub-0119,63,168
sub-0119,64,178
sub-0119,65,65
sub-0119,66,66
sub-0119,67,67
sub-0119,68,68
sub-0119,69,69
sub-0119,70,178
sub-0119,71,194
sub-0119,72,72
sub-0119,73,73
sub-0119,74,74
sub-0119,75,90
sub-0119,76,76
sub-0119,77,77
sub-0119,78,78
sub-0119,79,79
sub-0119,80,80
sub-0119,81,81
sub-0119,82,82
sub-0119,83,83
sub-0119,84,84
sub-0119,85,89
sub-0119,86,86
sub-0119,87,87
sub-0119,88,88
sub-0119,89,89
sub-0119,90,90
sub-0119,91,91
sub-0119,92,92
sub-0119,93,93
sub-0119,94,94
sub-0119,95,194
sub-0119,96,96
sub-0119,97,97
sub-0119,98,98
sub-0119,99,99
sub-0119,100,195
sub-0119,101,101
sub-0119,102,102
sub-0119,103,103
sub-0119,104,104
sub-0119,105,105
sub-0119,106,106
sub-0119,107,107
sub-0119,108,108
sub-0119,109,109
sub-0119,110,110
sub-0119,111,111
sub-0119,112,112
sub-0119,113,113
sub-0119,114,114
sub-0119,115,115
sub-0119,116,116
sub-0119,117,117
sub-0119,118,148
sub-0119,119,119
sub-0119,120,120
sub-0119,121,121
sub-0119,122,118
sub-0119,123,123
sub-0119,124,131
sub-0119,125,125
sub-0119,126,126
sub-0119,127,127
sub-0119,128,128
sub-0119,129,129
sub-0119,130,130
sub-0119,131,131
sub-0119,132,195
sub-0119,133,133
sub-0119,134,134
sub-0119,135,135
sub-0119,136,136
sub-0119,137,137
sub-0119,138,138
sub-0119,139,139
sub-0119,140,140
sub-0119,141,141
sub-0119,142,163
sub-0119,143,143
sub-0119,144,30
sub-0119,145,145
sub-0119,146,146
sub-0119,147,37
sub-0119,148,148
sub-0119,149,149
sub-0119,150,174
sub-0119,151,151
sub-0119,152,152
sub-0119,153,153
sub-0119,154,154
sub-0119,155,155
sub-0119,156,50
sub-0119,157,157
sub-0119,158,158
sub-0119,159,159
sub-0119,160,129
sub-0119,161,64
sub-0119,162,205
sub-0119,163,163
sub-0119,164,164
sub-0119,165,165
sub-0119,166,60
sub-0119,167,138
sub-0119,168,178
sub-0119,169,169
sub-0119,170,161
sub-0119,171,171
sub-0119,172,172
sub-0119,173,173
sub-0119,174,175
sub-0119,175,175
sub-0119,176,176
sub-0119,177,178
sub-0119,178,178
sub-0119,179,175
sub-0119,180,180
sub-0119,181,181
sub-0119,182,182
sub-0119,183,175
sub-0119,184,164
sub-0119,185,185
sub-0119,186,186
sub-0119,187,187
sub-0119,188,188
sub-0119,189,189
sub-0119,190,190
sub-0119,191,191
sub-0119,192,192
sub-0119,193,131
sub-0119,194,194
sub-0119,195,195
sub-0119,196,196
sub-0119,197,178
sub-0119,198,198
sub-0119,199,131
sub-0119,200,200
sub-0119,201,224
sub-0119,202,202
sub-0119,203,204
sub-0119,204,204
sub-0119,205,205
sub-0119,206,206
sub-0119,207,207
sub-0119,208,208
sub-0119,209,209
sub-0119,210,226
sub-0119,211,221
sub-0119,212,212
sub-0119,213,213
sub-0119,214,214
sub-0119,215,215
sub-0119,216,216
sub-0119,217,227
sub-0119,218,218
sub-0119,219,226
sub-0119,220,205
sub-0119,221,221
sub-0119,222,222
sub-0119,223,224
sub-0119,224,224
sub-0119,225,225
sub-0119,226,226
sub-0119,227,227
sub-0119,228,229
sub-0119,229,229
sub-0119,230,230
sub-0119,231,231
sub-0120,0,0
sub-0120,1,1
sub-0120,2,0
sub-0120,3,3
sub-0120,4,4
sub-0120,5,5
sub-0120,6,6
sub-0120,7,7
sub-0120,8,8
sub-0120,9,9
sub-0120,10,10
sub-0120,11,11
sub-0120,12,12
sub-0120,13,13
sub-0120,14,17
sub-0120,15,17
sub-0120,16,16
sub-0120,17,17
sub-0120,18,18
sub-0120,19,19
sub-0120,20,20
sub-0120,21,21
sub-0120,22,22
sub-0120,23,23
sub-0120,24,24
sub-0120,25,148
sub-0120,26,26
sub-0120,27,27
sub-0120,28,28
sub-0120,29,29
sub-0120,30,30
sub-0120,31,31
sub-0120,32,32
sub-0120,33,33
sub-0120,34,34
sub-0120,35,35
sub-0120,36,36
sub-0120,37,37
sub-0120,38,38
sub-0120,39,39
sub-0120,40,40
sub-0120,41,41
sub-0120,42,42
sub-0120,43,43
sub-0120,44,44
sub-0120,45,140
sub-0120,46,64
sub-0120,47,86
sub-0120,48,48
sub-0120,49,49
sub-0120,50,50
sub-0120,51,51
sub-0120,52,52
sub-0120,53,53
sub-0120,54,54
sub-0120,55,43
sub-0120,56,30
sub-0120,57,57
sub-0120,58,58
sub-0120,59,59
sub-0120,60,60
sub-0120,61,61
sub-0120,62,62
sub-0120,63,63
sub-0120,64,64
sub-0120,65,65
sub-0120,66,66
sub-0120,67,67
sub-0120,68,68
sub-0120,69,69
sub-0120,70,70
sub-0120,71,71
sub-0120,72,72
sub-0120,73,73
sub-0120,74,74
sub-0120,75,69
sub-0120,76,76
sub-0120,77,77
sub-0120,78,78
sub-0120,79,79
sub-0120,80,80
sub-0120,81,81
sub-0120,82,82
sub-0120,83,86
sub-0120,84,84
sub-0120,85,85
sub-0120,86,86
sub-0120,87,87
sub-0120,88,88
sub-0120,89,89
sub-0120,90,90
sub-0120,91,91
sub-0120,92,92
sub-0120,93,93
sub-0120,94,94
sub-0120,95,95
sub-0120,96,96
sub-0120,97,97
sub-0120,98,98
sub-0120,99,99
sub-0120,100,100
sub-0120,101,101
sub-0120,102,102
sub-0120,103,103
sub-0120,104,104
sub-0120,105,105
sub-0120,106,106
sub-0120,107,107
sub-0120,108,108
sub-0120,109,109
sub-0120,110,110
sub-0120,111,111
sub-0120,112,112
sub-0120,113,113
sub-0120,114,114
sub-0120,115,115
sub-0120,116,116
sub-0120,117,117
sub-0120,118,118
sub-0120,119,119
sub-0120,120,120
sub-0120,121,121
sub-0120,122,122
sub-0120,123,123
sub-0120,124,124
sub-0120,125,125
sub-0120,126,126
sub-0120,127,127
sub-0120,128,128
sub-0120,129,129
sub-0120,130,130
sub-0120,131,131
sub-0120,132,132
sub-0120,133,37
sub-0120,134,134
sub-0120,135,135
sub-0120,136,136
sub-0120,137,137
sub-0120,138,138
sub-0120,139,139
sub-0120,140,140
sub-0120,141,141
sub-0120,142,142
sub-0120,143,143
sub-0120,144,144
sub-0120,145,145
sub-0120,146,45
sub-0120,147,106
sub-0120,148,148
sub-0120,149,149
sub-0120,150,150
sub-0120,151,151
sub-0120,152,152
sub-0120,153,153
sub-0120,154,154
sub-0120,155,155
sub-0120,156,156
sub-0120,157,157
sub-0120,158,158
sub-0120,159,159
sub-0120,160,160
sub-0120,161,161
sub-0120,162,162
sub-0120,163,163
sub-0120,164,164
sub-0120,165,165
sub-0120,166,166
sub-0120,167,146
sub-0120,168,168
sub-0120,169,169
sub-0120,170,170
sub-0120,171,171
sub-0120,172,172
sub-0120,173,173
sub-0120,174,174
sub-0120,175,175
sub-0120,176,176
sub-0120,177,174
sub-0120,178,178
sub-0120,179,179
sub-0120,180,180
sub-0120,181,181
sub-0120,182,182
sub-0120,183,183
sub-0120,184,184
sub-0120,185,185
sub-0120,186,186
sub-0120,187,187
sub-0120,188,188
sub-0120,189,189
sub-0120,190,190
sub-0120,191,191
sub-0120,192,191
sub-0120,193,193
sub-0120,194,194
sub-0120,195,195
sub-0120,196,196
sub-0120,197,197
sub-0120,198,198
sub-0120,199,199
sub-0120,200,200
sub-0120,201,201
sub-0120,202,60
sub-0120,203,218
sub-0120,204,204
sub-0120,205,205
sub-0120,206,206
sub-0120,207,207
sub-0120,208,199
sub-0120,209,209
sub-0120,210,161
sub-0120,211,211
sub-0120,212,212
sub-0120,213,213
sub-0120,214,209
sub-0120,215,206
sub-0120,216,216
sub-0120,217,83
sub-0120,218,99
sub-0120,219,99
sub-0120,220,220
sub-0120,221,221
sub-0120,222,222
sub-0120,223,223
sub-0120,224,225
sub-0120,225,225
sub-0120,226,21
sub-0120,227,223
sub-0120,228,228
sub-0120,229,229
sub-0120,230,209
sub-0120,231,206
sub-0122,0,189
sub-0122,1,1
sub-0122,2,2
sub-0122,3,6
sub-0122,4,4
sub-0122,5,5
sub-0122,6,6
sub-0122,7,7
sub-0122,8,8
sub-0122,9,9
sub-0122,10,111
sub-0122,11,11
sub-0122,12,12
sub-0122,13,13
sub-0122,14,14
sub-0122,15,27
sub-0122,16,16
sub-0122,17,118
sub-0122,18,18
sub-0122,19,19
sub-0122,20,124
sub-0122,21,21
sub-0122,22,22
sub-0122,23,23
sub-0122,24,24
sub-0122,25,25
sub-0122,26,26
sub-0122,27,27
sub-0122,28,28
sub-0122,29,163
sub-0122,30,30
sub-0122,31,31
sub-0122,32,32
sub-0122,33,33
sub-0122,34,34
sub-0122,35,35
sub-0122,36,36
sub-0122,37,37
sub-0122,38,38
sub-0122,39,39
sub-0122,40,40
sub-0122,41,41
sub-0122,42,42
sub-0122,43,43
sub-0122,44,44
sub-0122,45,136
sub-0122,46,46
sub-0122,47,47
sub-0122,48,48
sub-0122,49,49
sub-0122,50,50
sub-0122,51,51
sub-0122,52,52
sub-0122,53,53
sub-0122,54,54
sub-0122,55,55
sub-0122,56,8
sub-0122,57,57
sub-0122,58,58
sub-0122,59,59
sub-0122,60,60
sub-0122,61,61
sub-0122,62,62
sub-0122,63,63
sub-0122,64,64
sub-0122,65,65
sub-0122,66,66
sub-0122,67,67
sub-0122,68,68
sub-0122,69,69
sub-0122,70,70
sub-0122,71,71
sub-0122,72,72
sub-0122,73,73
sub-0122,74,74
sub-0122,75,75
sub-0122,76,76
sub-0122,77,77
sub-0122,78,78
sub-0122,79,79
sub-0122,80,80
sub-0122,81,81
sub-0122,82,160
sub-0122,83,83
sub-0122,84,84
sub-0122,85,85
sub-0122,86,86
sub-0122,87,87
sub-0122,88,88
sub-0122,89,89
sub-0122,90,90
sub-0122,91,189
sub-0122,92,158
sub-0122,93,93
sub-0122,94,94
sub-0122,95,95
sub-0122,96,96
sub-0122,97,97
sub-0122,98,98
sub-0122,99,99
sub-0122,100,100
sub-0122,101,101
sub-0122,102,0
sub-0122,103,103
sub-0122,104,104
sub-0122,105,105
sub-0122,106,106
sub-0122,107,6
sub-0122,108,108
sub-0122,109,109
sub-0122,110,6
sub-0122,111,111
sub-0122,112,112
sub-0122,113,113
sub-0122,114,114
sub-0122,115,115
sub-0122,116,116
sub-0122,117,117
sub-0122,118,118
sub-0122,119,119
sub-0122,120,120
sub-0122,121,121
sub-0122,122,122
sub-0122,123,123
sub-0122,124,124
sub-0122,125,125
sub-0122,126,126
sub-0122,127,127
sub-0122,128,128
sub-0122,129,129
sub-0122,130,130
sub-0122,131,131
sub-0122,132,132
sub-0122,133,133
sub-0122,134,134
sub-0122,135,135
sub-0122,136,136
sub-0122,137,137
sub-0122,138,138
sub-0122,139,139
sub-0122,140,140
sub-0122,141,141
sub-0122,142,142
sub-0122,143,143
sub-0122,144,144
sub-0122,145,145
sub-0122,146,146
sub-0122,147,147
sub-0122,148,148
sub-0122,149,149
sub-0122,150,150
sub-0122,151,150
sub-0122,152,152
sub-0122,153,187
sub-0122,154,154
sub-0122,155,155
sub-0122,156,156
sub-0122,157,157
sub-0122,158,158
sub-0122,159,159
sub-0122,160,160
sub-0122,161,162
sub-0122,162,195
sub-0122,163,163
sub-0122,164,164
sub-0122,165,165
sub-0122,166,166
sub-0122,167,167
sub-0122,168,189
sub-0122,169,169
sub-0122,170,170
sub-0122,171,189
sub-0122,172,172
sub-0122,173,173
sub-0122,174,174
sub-0122,175,175
sub-0122,176,176
sub-0122,177,177
sub-0122,178,178
sub-0122,179,179
sub-0122,180,180
sub-0122,181,181
sub-0122,182,182
sub-0122,183,55
sub-0122,184,184
sub-0122,185,185
sub-0122,186,186
sub-0122,187,187
sub-0122,188,188
sub-0122,189,189
sub-0122,190,190
sub-0122,191,191
sub-0122,192,192
sub-0122,193,193
sub-0122,194,194
sub-0122,195,195
sub-0122,196,196
sub-0122,197,197
sub-0122,198,198
sub-0122,199,199
sub-0122,200,53
sub-0122,201,201
sub-0122,202,202
sub-0122,203,219
sub-0122,204,204
sub-0122,205,205
sub-0122,206,206
sub-0122,207,207
sub-0122,208,156
sub-0122,209,209
sub-0122,210,210
sub-0122,211,210
sub-0122,212,212
sub-0122,213,213
sub-0122,214,214
sub-0122,215,215
sub-0122,216,196
sub-0122,217,187
sub-0122,218,218
sub-0122,219,199
sub-0122,220,220
sub-0122,221,221
sub-0122,222,222
sub-0122,223,223
sub-0122,224,224
sub-0122,225,208
sub-0122,226,8
sub-0122,227,65
sub-0122,228,208
sub-0122,229,229
sub-0122,230,230
sub-0122,231,231
sub-0123,0,0
sub-0123,1,1
sub-0123,2,2
sub-0123,3,3
sub-0123,4,4
sub-0123,5,5
sub-0123,6,6
sub-0123,7,7
sub-0123,8,8
sub-0123,9,9
sub-0123,10,10
sub-0123,11,11
sub-0123,12,12
sub-0123,13,13
sub-0123,14,14
sub-0123,15,15
sub-0123,16,16
sub-0123,17,17
sub-0123,18,18
sub-0123,19,19
sub-0123,20,20
sub-0123,21,21
sub-0123,22,22
sub-0123,23,23
sub-0123,24,24
sub-0123,25,25
sub-0123,26,26
sub-0123,27,27
sub-0123,28,28
sub-0123,29,204
sub-0123,30,30
sub-0123,31,57
sub-0123,32,32
sub-0123,33,57
sub-0123,34,13
sub-0123,35,13
sub-0123,36,36
sub-0123,37,37
sub-0123,38,38
sub-0123,39,30
sub-0123,40,40
sub-0123,41,41
sub-0123,42,42
sub-0123,43,43
sub-0123,44,44
sub-0123,45,45
sub-0123,46,46
sub-0123,47,47
sub-0123,48,48
sub-0123,49,49
sub-0123,50,50
sub-0123,51,51
sub-0123,52,52
sub-0123,53,53
sub-0123,54,54
sub-0123,55,55
sub-0123,56,57
sub-0123,57,57
sub-0123,58,58
sub-0123,59,59
sub-0123,60,60
sub-0123,61,61
sub-0123,62,61
sub-0123,63,63
sub-0123,64,64
sub-0123,65,65
sub-0123,66,66
sub-0123,67,67
sub-0123,68,68
sub-0123,69,69
sub-0123,70,89
sub-0123,71,71
sub-0123,72,72
sub-0123,73,73
sub-0123,74,74
sub-0123,75,69
sub-0123,76,76
sub-0123,77,77
sub-0123,78,78
sub-0123,79,79
sub-0123,80,80
sub-0123,81,81
sub-0123,82,82
sub-0123,83,69
sub-0123,84,99
sub-0123,85,68
sub-0123,86,86
sub-0123,87,87
sub-0123,88,88
sub-0123,89,89
sub-0123,90,90
sub-0123,91,91
sub-0123,92,92
sub-0123,93,93
sub-0123,94,94
sub-0123,95,95
sub-0123,96,96
sub-0123,97,97
sub-0123,98,98
sub-0123,99,99
sub-0123,100,100
sub-0123,101,101
sub-0123,102,102
sub-0123,103,103
sub-0123,104,104
sub-0123,105,105
sub-0123,106,106
sub-0123,107,107
sub-0123,108,108
sub-0123,109,109
sub-0123,110,110
sub-0123,111,111
sub-0123,112,112
sub-0123,113,113
sub-0123,114,114
sub-0123,115,115
sub-0123,116,116
sub-0123,117,117
sub-0123,118,118
sub-0123,119,120
sub-0123,120,120
sub-0123,121,16
sub-0123,122,92
sub-0123,123,123
sub-0123,124,124
sub-0123,125,125
sub-0123,126,126
sub-0123,127,127
sub-0123,128,128
sub-0123,129,129
sub-0123,130,56
sub-0123,131,131
sub-0123,132,132
sub-0123,133,133
sub-0123,134,134
sub-0123,135,135
sub-0123,136,136
sub-0123,137,117
sub-0123,138,138
sub-0123,139,139
sub-0123,140,211
sub-0123,141,141
sub-0123,142,142
sub-0123,143,143
sub-0123,144,144
sub-0123,145,145
sub-0123,146,143
sub-0123,147,147
sub-0123,148,148
sub-0123,149,149
sub-0123,150,150
sub-0123,151,151
sub-0123,152,152
sub-0123,153,153
sub-0123,154,154
sub-0123,155,155
sub-0123,156,177
sub-0123,157,157
sub-0123,158,158
sub-0123,159,177
sub-0123,160,160
sub-0123,161,161
sub-0123,162,162
sub-0123,163,163
sub-0123,164,164
sub-0123,165,165
sub-0123,166,166
sub-0123,167,167
sub-0123,168,168
sub-0123,169,200
sub-0123,170,170
sub-0123,171,171
sub-0123,172,177
sub-0123,173,173
sub-0123,174,174
sub-0123,175,175
sub-0123,176,67
sub-0123,177,177
sub-0123,178,178
sub-0123,179,179
sub-0123,180,180
sub-0123,181,181
sub-0123,182,182
sub-0123,183,183
sub-0123,184,177
sub-0123,185,185
sub-0123,186,186
sub-0123,187,55
sub-0123,188,188
sub-0123,189,174
sub-0123,190,208
sub-0123,191,177
sub-0123,192,192
sub-0123,193,193
sub-0123,194,194
sub-0123,195,195
sub-0123,196,196
sub-0123,197,152
sub-0123,198,198
sub-0123,199,199
sub-0123,200,218
sub-0123,201,208
sub-0123,202,162
sub-0123,203,219
sub-0123,204,27
sub-0123,205,162
sub-0123,206,206
sub-0123,207,207
sub-0123,208,225
sub-0123,209,209
sub-0123,210,209
sub-0123,211,210
sub-0123,212,212
sub-0123,213,213
sub-0123,214,214
sub-0123,215,215
sub-0123,216,26
sub-0123,217,204
sub-0123,218,218
sub-0123,219,219
sub-0123,220,220
sub-0123,221,221
sub-0123,222,222
sub-0123,223,223
sub-0123,224,224
sub-0123,225,225
sub-0123,226,14
sub-0123,227,208
sub-0123,228,213
sub-0123,229,229
sub-0123,230,230
sub-0123,231,231
sub-0124,0,0
sub-0124,1,1
sub-0124,2,2
sub-0124,3,3
sub-0124,4,4
sub-0124,5,30
sub-0124,6,6
sub-0124,7,7
sub-0124,8,8
sub-0124,9,9
sub-0124,10,10
sub-0124,11,11
sub-0124,12,12
sub-0124,13,13
sub-0124,14,14
sub-0124,15,15
sub-0124,16,16
sub-0124,17,17
sub-0124,18,18
sub-0124,19,19
sub-0124,20,118
sub-0124,21,21
sub-0124,22,22
sub-0124,23,23
sub-0124,24,24
sub-0124,25,25
sub-0124,26,26
sub-0124,27,27
sub-0124,28,28
sub-0124,29,29
sub-0124,30,30
sub-0124,31,31
sub-0124,32,32
sub-0124,33,57
sub-0124,34,34
sub-0124,35,35
sub-0124,36,36
sub-0124,37,37
sub-0124,38,149
sub-0124,39,39
sub-0124,40,30
sub-0124,41,41
sub-0124,42,42
sub-0124,43,43
sub-0124,44,44
sub-0124,45,45
sub-0124,46,46
sub-0124,47,47
sub-0124,48,48
sub-0124,49,49
sub-0124,50,50
sub-0124,51,51
sub-0124,52,52
sub-0124,53,231
sub-0124,54,54
sub-0124,55,55
sub-0124,56,56
sub-0124,57,57
sub-0124,58,58
sub-0124,59,59
sub-0124,60,60
sub-0124,61,61
sub-0124,62,62
sub-0124,63,63
sub-0124,64,64
sub-0124,65,65
sub-0124,66,66
sub-0124,67,67
sub-0124,68,68
sub-0124,69,69
sub-0124,70,47
sub-0124,71,71
sub-0124,72,72
sub-0124,73,73
sub-0124,74,74
sub-0124,75,75
sub-0124,76,76
sub-0124,77,77
sub-0124,78,78
sub-0124,79,79
sub-0124,80,80
sub-0124,81,81
sub-0124,82,82
sub-0124,83,77
sub-0124,84,84
sub-0124,85,85
sub-0124,86,86
sub-0124,87,87
sub-0124,88,88
sub-0124,89,89
sub-0124,90,90
sub-0124,91,89
sub-0124,92,66
sub-0124,93,93
sub-0124,94,89
sub-0124,95,95
sub-0124,96,96
sub-0124,97,97
sub-0124,98,98
sub-0124,99,99
sub-0124,100,100
sub-0124,101,101
sub-0124,102,102
sub-0124,103,103
sub-0124,104,104
sub-0124,105,105
sub-0124,106,106
sub-0124,107,107
sub-0124,108,108
sub-0124,109,109
sub-0124,110,110
sub-0124,111,111
sub-0124,112,112
sub-0124,113,113
sub-0124,114,114
sub-0124,115,115
sub-0124,116,116
sub-0124,117,117
sub-0124,118,118
sub-0124,119,119
sub-0124,120,120
sub-0124,121,121
sub-0124,122,122
sub-0124,123,123
sub-0124,124,124
sub-0124,125,125
sub-0124,126,126
sub-0124,127,127
sub-0124,128,128
sub-0124,129,129
sub-0124,130,130
sub-0124,131,131
sub-0124,132,132
sub-0124,133,133
sub-0124,134,134
sub-0124,135,135
sub-0124,136,136
sub-0124,137,137
sub-0124,138,138
sub-0124,139,139
sub-0124,140,140
sub-0124,141,141
sub-0124,142,142
sub-0124,143,41
sub-0124,144,128
sub-0124,145,145
sub-0124,146,146
sub-0124,147,147
sub-0124,148,148
sub-0124,149,149
sub-0124,150,150
sub-0124,151,151
sub-0124,152,152
sub-0124,153,153
sub-0124,154,154
sub-0124,155,155
sub-0124,156,156
sub-0124,157,156
sub-0124,158,158
sub-0124,159,172
sub-0124,160,160
sub-0124,161,45
sub-0124,162,54
sub-0124,163,163
sub-0124,164,179
sub-0124,165,165
sub-0124,166,174
sub-0124,167,167
sub-0124,168,168
sub-0124,169,175
sub-0124,170,82
sub-0124,171,171
sub-0124,172,172
sub-0124,173,173
sub-0124,174,176
sub-0124,175,175
sub-0124,176,176
sub-0124,177,177
sub-0124,178,178
sub-0124,179,179
sub-0124,180,96
sub-0124,181,181
sub-0124,182,182
sub-0124,183,183
sub-0124,184,184
sub-0124,185,185
sub-0124,186,186
sub-0124,187,70
sub-0124,188,188
sub-0124,189,175
sub-0124,190,190
sub-0124,191,191
sub-0124,192,192
sub-0124,193,193
sub-0124,194,194
sub-0124,195,195
sub-0124,196,196
sub-0124,197,197
sub-0124,198,198
sub-0124,199,199
sub-0124,200,200
sub-0124,201,10
sub-0124,202,202
sub-0124,203,203
sub-0124,204,204
sub-0124,205,205
sub-0124,206,231
sub-0124,207,136
sub-0124,208,118
sub-0124,209,208
sub-0124,210,226
sub-0124,211,229
sub-0124,212,212
sub-0124,213,213
sub-0124,214,214
sub-0124,215,215
sub-0124,216,216
sub-0124,217,217
sub-0124,218,218
sub-0124,219,219
sub-0124,220,220
sub-0124,221,221
sub-0124,222,229
sub-0124,223,229
sub-0124,224,224
sub-0124,225,208
sub-0124,226,227
sub-0124,227,227
sub-0124,228,228
sub-0124,229,229
sub-0124,230,230
sub-0124,231,231
sub-0125,0,0
sub-0125,1,1
sub-0125,2,2
sub-0125,3,3
sub-0125,4,4
sub-0125,5,5
sub-0125,6,6
sub-0125,7,7
sub-0125,8,8
sub-0125,9,9
sub-0125,10,10
sub-0125,11,11
sub-0125,12,23
sub-0125,13,13
sub-0125,14,14
sub-0125,15,15
sub-0125,16,16
sub-0125,17,17
sub-0125,18,18
sub-0125,19,19
sub-0125,20,20
sub-0125,21,21
sub-0125,22,22
sub-0125,23,23
sub-0125,24,24
sub-0125,25,25
sub-0125,26,26
sub-0125,27,27
sub-0125,28,28
sub-0125,29,29
sub-0125,30,64
sub-0125,31,31
sub-0125,32,32
sub-0125,33,33
sub-0125,34,34
sub-0125,35,35
sub-0125,36,36
sub-0125,37,37
sub-0125,38,38
sub-0125,39,39
sub-0125,40,40
sub-0125,41,41
sub-0125,42,42
sub-0125,43,43
sub-0125,44,44
sub-0125,45,45
sub-0125,46,46
sub-0125,47,47
sub-0125,48,48
sub-0125,49,49
sub-0125,50,50
sub-0125,51,51
sub-0125,52,218
sub-0125,53,92
sub-0125,54,54
sub-0125,55,55
sub-0125,56,48
sub-0125,57,57
sub-0125,58,58
sub-0125,59,37
sub-0125,60,60
sub-0125,61,61
sub-0125,62,62
sub-0125,63,92
sub-0125,64,64
sub-0125,65,66
sub-0125,66,66
sub-0125,67,67
sub-0125,68,68
sub-0125,69,69
sub-0125,70,70
sub-0125,71,71
sub-0125,72,148
sub-0125,73,73
sub-0125,74,74
sub-0125,75,75
sub-0125,76,76
sub-0125,77,77
sub-0125,78,64
sub-0125,79,79
sub-0125,80,80
sub-0125,81,81
sub-0125,82,52
sub-0125,83,90
sub-0125,84,55
sub-0125,85,85
sub-0125,86,67
sub-0125,87,87
sub-0125,88,88
sub-0125,89,89
sub-0125,90,90
sub-0125,91,91
sub-0125,92,92
sub-0125,93,93
sub-0125,94,94
sub-0125,95,95
sub-0125,96,96
sub-0125,97,97
sub-0125,98,214
sub-0125,99,64
sub-0125,100,100
sub-0125,101,97
sub-0125,102,3
sub-0125,103,160
sub-0125,104,0
sub-0125,105,105
sub-0125,106,106
sub-0125,107,107
sub-0125,108,108
sub-0125,109,109
sub-0125,110,110
sub-0125,111,111
sub-0125,112,112
sub-0125,113,113
sub-0125,114,114
sub-0125,115,115
sub-0125,116,116
sub-0125,117,117
sub-0125,118,118
sub-0125,119,119
sub-0125,120,120
sub-0125,121,121
sub-0125,122,122
sub-0125,123,123
sub-0125,124,124
sub-0125,125,125
sub-0125,126,128
sub-0125,127,127
sub-0125,128,128
sub-0125,129,129
sub-0125,130,130
sub-0125,131,204
sub-0125,132,132
sub-0125,133,133
sub-0125,134,59
sub-0125,135,135
sub-0125,136,136
sub-0125,137,137
sub-0125,138,138
sub-0125,139,139
sub-0125,140,140
sub-0125,141,141
sub-0125,142,223
sub-0125,143,128
sub-0125,144,144
sub-0125,145,145
sub-0125,146,146
sub-0125,147,147
sub-0125,148,148
sub-0125,149,149
sub-0125,150,150
sub-0125,151,151
sub-0125,152,152
sub-0125,153,90
sub-0125,154,149
sub-0125,155,155
sub-0125,156,156
sub-0125,157,157
sub-0125,158,156
sub-0125,159,159
sub-0125,160,160
sub-0125,161,161
sub-0125,162,162
sub-0125,163,163
sub-0125,164,164
sub-0125,165,59
sub-0125,166,166
sub-0125,167,17
sub-0125,168,168
sub-0125,169,99
sub-0125,170,175
sub-0125,171,171
sub-0125,172,172
sub-0125,173,173
sub-0125,174,174
sub-0125,175,175
sub-0125,176,176
sub-0125,177,175
sub-0125,178,178
sub-0125,179,179
sub-0125,180,180
sub-0125,181,174
sub-0125,182,182
sub-0125,183,183
sub-0125,184,184
sub-0125,185,185
sub-0125,186,186
sub-0125,187,65
sub-0125,188,188
sub-0125,189,189
sub-0125,190,198
sub-0125,191,191
sub-0125,192,192
sub-0125,193,97
sub-0125,194,194
sub-0125,195,195
sub-0125,196,196
sub-0125,197,197
sub-0125,198,198
sub-0125,199,199
sub-0125,200,200
sub-0125,201,201
sub-0125,202,205
sub-0125,203,162
sub-0125,204,204
sub-0125,205,205
sub-0125,206,206
sub-0125,207,212
sub-0125,208,208
sub-0125,209,209
sub-0125,210,92
sub-0125,211,229
sub-0125,212,212
sub-0125,213,213
sub-0125,214,214
sub-0125,215,215
sub-0125,216,216
sub-0125,217,217
sub-0125,218,218
sub-0125,219,219
sub-0125,220,220
sub-0125,221,221
sub-0125,222,208
sub-0125,223,223
sub-0125,224,224
sub-0125,225,225
sub-0125,226,227
sub-0125,227,205
sub-0125,228,228
sub-0125,229,205
sub-0125,230,230
sub-0125,231,231
sub-0126,0,0
sub-0126,1,1
sub-0126,2,2
sub-0126,3,3
sub-0126,4,4
sub-0126,5,5
sub-0126,6,6
sub-0126,7,147
sub-0126,8,8
sub-0126,9,9
sub-0126,10,10
sub-0126,11,11
sub-0126,12,12
sub-0126,13,13
sub-0126,14,14
sub-0126,15,15
sub-0126,16,16
sub-0126,17,17
sub-0126,18,18
sub-0126,19,19
sub-0126,20,20
sub-0126,21,21
sub-0126,22,22
sub-0126,23,23
sub-0126,24,59
sub-0126,25,25
sub-0126,26,26
sub-0126,27,27
sub-0126,28,28
sub-0126,29,29
sub-0126,30,30
sub-0126,31,31
sub-0126,32,32
sub-0126,33,33
sub-0126,34,34
sub-0126,35,35
sub-0126,36,36
sub-0126,37,37
sub-0126,38,38
sub-0126,39,39
sub-0126,40,40
sub-0126,41,41
sub-0126,42,42
sub-0126,43,43
sub-0126,44,43
sub-0126,45,45
sub-0126,46,46
sub-0126,47,43
sub-0126,48,131
sub-0126,49,81
sub-0126,50,70
sub-0126,51,50
sub-0126,52,52
sub-0126,53,53
sub-0126,54,52
sub-0126,55,55
sub-0126,56,59
sub-0126,57,57
sub-0126,58,58
sub-0126,59,59
sub-0126,60,60
sub-0126,61,62
sub-0126,62,62
sub-0126,63,63
sub-0126,64,64
sub-0126,65,65
sub-0126,66,66
sub-0126,67,66
sub-0126,68,75
sub-0126,69,69
sub-0126,70,70
sub-0126,71,71
sub-0126,72,72
sub-0126,73,73
sub-0126,74,75
sub-0126,75,75
sub-0126,76,76
sub-0126,77,47
sub-0126,78,43
sub-0126,79,79
sub-0126,80,80
sub-0126,81,81
sub-0126,82,52
sub-0126,83,83
sub-0126,84,84
sub-0126,85,85
sub-0126,86,80
sub-0126,87,87
sub-0126,88,88
sub-0126,89,47
sub-0126,90,90
sub-0126,91,91
sub-0126,92,92
sub-0126,93,93
sub-0126,94,94
sub-0126,95,95
sub-0126,96,96
sub-0126,97,97
sub-0126,98,131
sub-0126,99,80
sub-0126,100,100
sub-0126,101,101
sub-0126,102,102
sub-0126,103,103
sub-0126,104,104
sub-0126,105,105
sub-0126,106,106
sub-0126,107,107
sub-0126,108,108
sub-0126,109,109
sub-0126,110,110
sub-0126,111,138
sub-0126,112,112
sub-0126,113,113
sub-0126,114,114
sub-0126,115,115
sub-0126,116,116
sub-0126,117,117
sub-0126,118,118
sub-0126,119,35
sub-0126,120,120
sub-0126,121,121
sub-0126,122,122
sub-0126,123,125
sub-0126,124,123
sub-0126,125,125
sub-0126,126,126
sub-0126,127,127
sub-0126,128,128
sub-0126,129,129
sub-0126,130,130
sub-0126,131,131
sub-0126,132,132
sub-0126,133,133
sub-0126,134,134
sub-0126,135,35
sub-0126,136,136
sub-0126,137,137
sub-0126,138,138
sub-0126,139,139
sub-0126,140,168
sub-0126,141,141
sub-0126,142,142
sub-0126,143,143
sub-0126,144,144
sub-0126,145,145
sub-0126,146,148
sub-0126,147,147
sub-0126,148,148
sub-0126,149,225
sub-0126,150,150
sub-0126,151,171
sub-0126,152,148
sub-0126,153,153
sub-0126,154,154
sub-0126,155,81
sub-0126,156,160
sub-0126,157,70
sub-0126,158,158
sub-0126,159,80
sub-0126,160,160
sub-0126,161,160
sub-0126,162,204
sub-0126,163,163
sub-0126,164,164
sub-0126,165,165
sub-0126,166,175
sub-0126,167,167
sub-0126,168,168
sub-0126,169,169
sub-0126,170,170
sub-0126,171,171
sub-0126,172,171
sub-0126,173,173
sub-0126,174,174
sub-0126,175,175
sub-0126,176,171
sub-0126,177,177
sub-0126,178,178
sub-0126,179,79
sub-0126,180,180
sub-0126,181,181
sub-0126,182,182
sub-0126,183,183
sub-0126,184,184
sub-0126,185,185
sub-0126,186,186
sub-0126,187,47
sub-0126,188,188
sub-0126,189,198
sub-0126,190,182
sub-0126,191,191
sub-0126,192,192
sub-0126,193,193
sub-0126,194,194
sub-0126,195,195
sub-0126,196,225
sub-0126,197,199
sub-0126,198,198
sub-0126,199,199
sub-0126,200,52
sub-0126,201,201
sub-0126,202,202
sub-0126,203,198
sub-0126,204,171
sub-0126,205,205
sub-0126,206,43
sub-0126,207,207
sub-0126,208,208
sub-0126,209,225
sub-0126,210,43
sub-0126,211,224
sub-0126,212,131
sub-0126,213,213
sub-0126,214,70
sub-0126,215,211
sub-0126,216,216
sub-0126,217,217
sub-0126,218,218
sub-0126,219,219
sub-0126,220,147
sub-0126,221,221
sub-0126,222,8
sub-0126,223,220
sub-0126,224,225
sub-0126,225,81
sub-0126,226,226
sub-0126,227,227
sub-0126,228,228
sub-0126,229,8
sub-0126,230,230
sub-0126,231,211
sub-0127,0,0
sub-0127,1,1
sub-0127,2,162
sub-0127,3,211
sub-0127,4,4
sub-0127,5,5
sub-0127,6,107
sub-0127,7,7
sub-0127,8,8
sub-0127,9,9
sub-0127,10,10
sub-0127,11,11
sub-0127,12,12
sub-0127,13,13
sub-0127,14,14
sub-0127,15,15
sub-0127,16,16
sub-0127,17,17
sub-0127,18,18
sub-0127,19,19
sub-0127,20,20
sub-0127,21,21
sub-0127,22,124
sub-0127,23,23
sub-0127,24,24
sub-0127,25,24
sub-0127,26,26
sub-0127,27,117
sub-0127,28,28
sub-0127,29,29
sub-0127,30,30
sub-0127,31,31
sub-0127,32,32
sub-0127,33,58
sub-0127,34,34
sub-0127,35,35
sub-0127,36,113
sub-0127,37,37
sub-0127,38,114
sub-0127,39,56
sub-0127,40,40
sub-0127,41,56
sub-0127,42,42
sub-0127,43,43
sub-0127,44,44
sub-0127,45,45
sub-0127,46,46
sub-0127,47,47
sub-0127,48,48
sub-0127,49,49
sub-0127,50,50
sub-0127,51,51
sub-0127,52,52
sub-0127,53,53
sub-0127,54,162
sub-0127,55,50
sub-0127,56,56
sub-0127,57,57
sub-0127,58,58
sub-0127,59,56
sub-0127,60,60
sub-0127,61,61
sub-0127,62,62
sub-0127,63,63
sub-0127,64,63
sub-0127,65,65
sub-0127,66,66
sub-0127,67,67
sub-0127,68,68
sub-0127,69,69
sub-0127,70,70
sub-0127,71,71
sub-0127,72,72
sub-0127,73,73
sub-0127,74,74
sub-0127,75,51
sub-0127,76,76
sub-0127,77,77
sub-0127,78,78
sub-0127,79,79
sub-0127,80,80
sub-0127,81,81
sub-0127,82,82
sub-0127,83,83
sub-0127,84,84
sub-0127,85,85
sub-0127,86,98
sub-0127,87,51
sub-0127,88,88
sub-0127,89,89
sub-0127,90,90
sub-0127,91,91
sub-0127,92,225
sub-0127,93,93
sub-0127,94,94
sub-0127,95,95
sub-0127,96,96
sub-0127,97,97
sub-0127,98,98
sub-0127,99,99
sub-0127,100,100
sub-0127,101,101
sub-0127,102,0
sub-0127,103,103
sub-0127,104,104
sub-0127,105,110
sub-0127,106,110
sub-0127,107,107
sub-0127,108,107
sub-0127,109,109
sub-0127,110,110
sub-0127,111,111
sub-0127,112,113
sub-0127,113,113
sub-0127,114,114
sub-0127,115,115
sub-0127,116,117
sub-0127,117,117
sub-0127,118,118
sub-0127,119,119
sub-0127,120,120
sub-0127,121,121
sub-0127,122,122
sub-0127,123,123
sub-0127,124,124
sub-0127,125,113
sub-0127,126,126
sub-0127,127,56
sub-0127,128,128
sub-0127,129,129
sub-0127,130,130
sub-0127,131,131
sub-0127,132,132
sub-0127,133,133
sub-0127,134,134
sub-0127,135,166
sub-0127,136,30
sub-0127,137,113
sub-0127,138,138
sub-0127,139,139
sub-0127,140,45
sub-0127,141,141
sub-0127,142,116
sub-0127,143,143
sub-0127,144,144
sub-0127,145,40
sub-0127,146,146
sub-0127,147,147
sub-0127,148,40
sub-0127,149,149
sub-0127,150,150
sub-0127,151,151
sub-0127,152,152
sub-0127,153,153
sub-0127,154,154
sub-0127,155,155
sub-0127,156,156
sub-0127,157,157
sub-0127,158,158
sub-0127,159,159
sub-0127,160,160
sub-0127,161,156
sub-0127,162,56
sub-0127,163,163
sub-0127,164,164
sub-0127,165,165
sub-0127,166,166
sub-0127,167,167
sub-0127,168,168
sub-0127,169,169
sub-0127,170,170
sub-0127,171,171
sub-0127,172,172
sub-0127,173,173
sub-0127,174,174
sub-0127,175,175
sub-0127,176,176
sub-0127,177,177
sub-0127,178,178
sub-0127,179,179
sub-0127,180,180
sub-0127,181,181
sub-0127,182,182
sub-0127,183,183
sub-0127,184,184
sub-0127,185,185
sub-0127,186,186
sub-0127,187,187
sub-0127,188,176
sub-0127,189,189
sub-0127,190,190
sub-0127,191,191
sub-0127,192,192
sub-0127,193,193
sub-0127,194,194
sub-0127,195,195
sub-0127,196,196
sub-0127,197,197
sub-0127,198,198
sub-0127,199,199
sub-0127,200,200
sub-0127,201,201
sub-0127,202,195
sub-0127,203,203
sub-0127,204,220
sub-0127,205,205
sub-0127,206,206
sub-0127,207,207
sub-0127,208,208
sub-0127,209,209
sub-0127,210,120
sub-0127,211,211
sub-0127,212,212
sub-0127,213,213
sub-0127,214,214
sub-0127,215,215
sub-0127,216,217
sub-0127,217,227
sub-0127,218,169
sub-0127,219,219
sub-0127,220,204
sub-0127,221,157
sub-0127,222,222
sub-0127,223,223
sub-0127,224,224
sub-0127,225,225
sub-0127,226,162
sub-0127,227,209
sub-0127,228,228
sub-0127,229,229
sub-0127,230,230
sub-0127,231,209
sub-0128,0,0
sub-0128,1,1
sub-0128,2,2
sub-0128,3,3
sub-0128,4,4
sub-0128,5,5
sub-0128,6,6
sub-0128,7,7
sub-0128,8,144
sub-0128,9,107
sub-0128,10,95
sub-0128,11,11
sub-0128,12,12
sub-0128,13,13
sub-0128,14,226
sub-0128,15,15
sub-0128,16,16
sub-0128,17,17
sub-0128,18,18
sub-0128,19,19
sub-0128,20,205
sub-0128,21,21
sub-0128,22,22
sub-0128,23,23
sub-0128,24,20
sub-0128,25,25
sub-0128,26,75
sub-0128,27,156
sub-0128,28,28
sub-0128,29,29
sub-0128,30,148
sub-0128,31,62
sub-0128,32,174
sub-0128,33,63
sub-0128,34,34
sub-0128,35,35
sub-0128,36,36
sub-0128,37,37
sub-0128,38,38
sub-0128,39,39
sub-0128,40,40
sub-0128,41,41
sub-0128,42,42
sub-0128,43,150
sub-0128,44,44
sub-0128,45,48
sub-0128,46,46
sub-0128,47,47
sub-0128,48,48
sub-0128,49,49
sub-0128,50,162
sub-0128,51,51
sub-0128,52,52
sub-0128,53,53
sub-0128,54,54
sub-0128,55,219
sub-0128,56,56
sub-0128,57,57
sub-0128,58,58
sub-0128,59,59
sub-0128,60,60
sub-0128,61,61
sub-0128,62,62
sub-0128,63,63
sub-0128,64,64
sub-0128,65,65
sub-0128,66,66
sub-0128,67,67
sub-0128,68,68
sub-0128,69,69
sub-0128,70,70
sub-0128,71,74
sub-0128,72,72
sub-0128,73,73
sub-0128,74,74
sub-0128,75,75
sub-0128,76,76
sub-0128,77,77
sub-0128,78,78
sub-0128,79,79
sub-0128,80,216
sub-0128,81,81
sub-0128,82,82
sub-0128,83,83
sub-0128,84,84
sub-0128,85,85
sub-0128,86,86
sub-0128,87,87
sub-0128,88,88
sub-0128,89,89
sub-0128,90,90
sub-0128,91,91
sub-0128,92,80
sub-0128,93,93
sub-0128,94,94
sub-0128,95,95
sub-0128,96,96
sub-0128,97,97
sub-0128,98,98
sub-0128,99,64
sub-0128,100,100
sub-0128,101,101
sub-0128,102,102
sub-0128,103,103
sub-0128,104,104
sub-0128,105,105
sub-0128,106,106
sub-0128,107,111
sub-0128,108,111
sub-0128,109,109
sub-0128,110,110
sub-0128,111,111
sub-0128,112,112
sub-0128,113,113
sub-0128,114,219
sub-0128,115,115
sub-0128,116,116
sub-0128,117,117
sub-0128,118,118
sub-0128,119,223
sub-0128,120,221
sub-0128,121,121
sub-0128,122,122
sub-0128,123,123
sub-0128,124,124
sub-0128,125,125
sub-0128,126,126
sub-0128,127,127
sub-0128,128,128
sub-0128,129,129
sub-0128,130,130
sub-0128,131,154
sub-0128,132,132
sub-0128,133,133
sub-0128,134,134
sub-0128,135,135
sub-0128,136,136
sub-0128,137,137
sub-0128,138,138
sub-0128,139,36
sub-0128,140,150
sub-0128,141,141
sub-0128,142,142
sub-0128,143,154
sub-0128,144,36
sub-0128,145,145
sub-0128,146,48
sub-0128,147,60
sub-0128,148,148
sub-0128,149,149
sub-0128,150,150
sub-0128,151,151
sub-0128,152,152
sub-0128,153,153
sub-0128,154,154
sub-0128,155,48
sub-0128,156,156
sub-0128,157,157
sub-0128,158,8
sub-0128,159,216
sub-0128,160,219
sub-0128,161,52
sub-0128,162,52
sub-0128,163,163
sub-0128,164,164
sub-0128,165,165
sub-0128,166,166
sub-0128,167,167
sub-0128,168,168
sub-0128,169,169
sub-0128,170,170
sub-0128,171,171
sub-0128,172,172
sub-0128,173,173
sub-0128,174,174
sub-0128,175,175
sub-0128,176,176
sub-0128,177,177
sub-0128,178,178
sub-0128,179,179
sub-0128,180,180
sub-0128,181,170
sub-0128,182,182
sub-0128,183,183
sub-0128,184,184
sub-0128,185,185
sub-0128,186,186
sub-0128,187,225
sub-0128,188,188
sub-0128,189,189
sub-0128,190,190
sub-0128,191,191
sub-0128,192,192
sub-0128,193,193
sub-0128,194,194
sub-0128,195,195
sub-0128,196,97
sub-0128,197,197
sub-0128,198,198
sub-0128,199,199
sub-0128,200,219
sub-0128,201,202
sub-0128,202,202
sub-0128,203,168
sub-0128,204,204
sub-0128,205,205
sub-0128,206,206
sub-0128,207,207
sub-0128,208,196
sub-0128,209,209
sub-0128,210,163
sub-0128,211,152
sub-0128,212,212
sub-0128,213,213
sub-0128,214,214
sub-0128,215,215
sub-0128,216,216
sub-0128,217,217
sub-0128,218,218
sub-0128,219,63
sub-0128,220,220
sub-0128,221,221
sub-0128,222,222
sub-0128,223,223
sub-0128,224,92
sub-0128,225,221
sub-0128,226,169
sub-0128,227,225
sub-0128,228,228
sub-0128,229,229
sub-0128,230,230
sub-0128,231,63
sub-0129,0,0
sub-0129,1,1
sub-0129,2,2
sub-0129,3,3
sub-0129,4,4
sub-0129,5,5
sub-0129,6,6
sub-0129,7,7
sub-0129,8,8
sub-0129,9,9
sub-0129,10,10
sub-0129,11,11
sub-0129,12,12
sub-0129,13,13
sub-0129,14,14
sub-0129,15,15
sub-0129,16,16
sub-0129,17,17
sub-0129,18,18
sub-0129,19,19
sub-0129,20,20
sub-0129,21,21
sub-0129,22,147
sub-0129,23,45
sub-0129,24,124
sub-0129,25,25
sub-0129,26,26
sub-0129,27,27
sub-0129,28,28
sub-0129,29,29
sub-0129,30,30
sub-0129,31,31
sub-0129,32,32
sub-0129,33,33
sub-0129,34,34
sub-0129,35,35
sub-0129,36,36
sub-0129,37,37
sub-0129,38,38
sub-0129,39,39
sub-0129,40,40
sub-0129,41,41
sub-0129,42,42
sub-0129,43,43
sub-0129,44,44
sub-0129,45,45
sub-0129,46,46
sub-0129,47,47
sub-0129,48,48
sub-0129,49,49
sub-0129,50,50
sub-0129,51,51
sub-0129,52,52
sub-0129,53,53
sub-0129,54,54
sub-0129,55,55
sub-0129,56,56
sub-0129,57,57
sub-0129,58,173
sub-0129,59,59
sub-0129,60,60
sub-0129,61,61
sub-0129,62,62
sub-0129,63,63
sub-0129,64,64
sub-0129,65,65
sub-0129,66,66
sub-0129,67,67
sub-0129,68,68
sub-0129,69,69
sub-0129,70,70
sub-0129,71,71
sub-0129,72,72
sub-0129,73,73
sub-0129,74,74
sub-0129,75,75
sub-0129,76,76
sub-0129,77,77
sub-0129,78,78
sub-0129,79,79
sub-0129,80,80
sub-0129,81,81
sub-0129,82,82
sub-0129,83,84
sub-0129,84,84
sub-0129,85,85
sub-0129,86,86
sub-0129,87,87
sub-0129,88,88
sub-0129,89,89
sub-0129,90,90
sub-0129,91,84
sub-0129,92,92
sub-0129,93,84
sub-0129,94,94
sub-0129,95,95
sub-0129,96,96
sub-0129,97,97
sub-0129,98,84
sub-0129,99,148
sub-0129,100,100
sub-0129,101,101
sub-0129,102,102
sub-0129,103,103
sub-0129,104,104
sub-0129,105,105
sub-0129,106,106
sub-0129,107,107
sub-0129,108,108
sub-0129,109,109
sub-0129,110,110
sub-0129,111,111
sub-0129,112,112
sub-0129,113,113
sub-0129,114,114
sub-0129,115,115
sub-0129,116,116
sub-0129,117,117
sub-0129,118,118
sub-0129,119,119
sub-0129,120,147
sub-0129,121,121
sub-0129,122,122
sub-0129,123,22
sub-0129,124,124
sub-0129,125,125
sub-0129,126,126
sub-0129,127,127
sub-0129,128,128
sub-0129,129,129
sub-0129,130,130
sub-0129,131,205
sub-0129,132,132
sub-0129,133,133
sub-0129,134,134
sub-0129,135,173
sub-0129,136,136
sub-0129,137,137
sub-0129,138,133
sub-0129,139,139
sub-0129,140,140
sub-0129,141,141
sub-0129,142,142
sub-0129,143,143
sub-0129,144,144
sub-0129,145,145
sub-0129,146,146
sub-0129,147,45
sub-0129,148,148
sub-0129,149,149
sub-0129,150,150
sub-0129,151,151
sub-0129,152,152
sub-0129,153,174
sub-0129,154,140
sub-0129,155,155
sub-0129,156,156
sub-0129,157,147
sub-0129,158,158
sub-0129,159,159
sub-0129,160,160
sub-0129,161,161
sub-0129,162,203
sub-0129,163,163
sub-0129,164,164
sub-0129,165,165
sub-0129,166,166
sub-0129,167,167
sub-0129,168,168
sub-0129,169,169
sub-0129,170,170
sub-0129,171,171
sub-0129,172,172
sub-0129,173,173
sub-0129,174,174
sub-0129,175,175
sub-0129,176,176
sub-0129,177,177
sub-0129,178,174
sub-0129,179,179
sub-0129,180,180
sub-0129,181,181
sub-0129,182,182
sub-0129,183,183
sub-0129,184,184
sub-0129,185,185
sub-0129,186,186
sub-0129,187,169
sub-0129,188,188
sub-0129,189,189
sub-0129,190,190
sub-0129,191,191
sub-0129,192,174
sub-0129,193,72
sub-0129,194,194
sub-0129,195,195
sub-0129,196,196
sub-0129,197,197
sub-0129,198,189
sub-0129,199,203
sub-0129,200,200
sub-0129,201,201
sub-0129,202,203
sub-0129,203,203
sub-0129,204,205
sub-0129,205,205
sub-0129,206,206
sub-0129,207,207
sub-0129,208,187
sub-0129,209,209
sub-0129,210,106
sub-0129,211,65
sub-0129,212,212
sub-0129,213,213
sub-0129,214,214
sub-0129,215,215
sub-0129,216,216
sub-0129,217,217
sub-0129,218,218
sub-0129,219,219
sub-0129,220,205
sub-0129,221,221
sub-0129,222,222
sub-0129,223,223
sub-0129,224,224
sub-0129,225,225
sub-0129,226,187
sub-0129,227,223
sub-0129,228,228
sub-0129,229,229
sub-0129,230,230
sub-0129,231,231
sub-0130,0,0
sub-0130,1,1
sub-0130,2,2
sub-0130,3,3
sub-0130,4,4
sub-0130,5,5
sub-0130,6,6
sub-0130,7,7
sub-0130,8,2
sub-0130,9,9
sub-0130,10,10
sub-0130,11,11
sub-0130,12,12
sub-0130,13,13
sub-0130,14,17
sub-0130,15,15
sub-0130,16,16
sub-0130,17,17
sub-0130,18,18
sub-0130,19,19
sub-0130,20,20
sub-0130,21,21
sub-0130,22,22
sub-0130,23,23
sub-0130,24,24
sub-0130,25,25
sub-0130,26,26
sub-0130,27,27
sub-0130,28,28
sub-0130,29,135
sub-0130,30,30
sub-0130,31,31
sub-0130,32,32
sub-0130,33,59
sub-0130,34,34
sub-0130,35,35
sub-0130,36,36
sub-0130,37,12
sub-0130,38,38
sub-0130,39,39
sub-0130,40,40
sub-0130,41,41
sub-0130,42,45
sub-0130,43,43
sub-0130,44,44
sub-0130,45,45
sub-0130,46,46
sub-0130,47,47
sub-0130,48,48
sub-0130,49,49
sub-0130,50,187
sub-0130,51,177
sub-0130,52,52
sub-0130,53,53
sub-0130,54,8
sub-0130,55,153
sub-0130,56,56
sub-0130,57,57
sub-0130,58,58
sub-0130,59,59
sub-0130,60,60
sub-0130,61,61
sub-0130,62,62
sub-0130,63,63
sub-0130,64,64
sub-0130,65,171
sub-0130,66,66
sub-0130,67,67
sub-0130,68,68
sub-0130,69,69
sub-0130,70,70
sub-0130,71,71
sub-0130,72,72
sub-0130,73,73
sub-0130,74,74
sub-0130,75,75
sub-0130,76,76
sub-0130,77,77
sub-0130,78,78
sub-0130,79,79
sub-0130,80,80
sub-0130,81,81
sub-0130,82,82
sub-0130,83,83
sub-0130,84,84
sub-0130,85,85
sub-0130,86,86
sub-0130,87,87
sub-0130,88,88
sub-0130,89,89
sub-0130,90,90
sub-0130,91,91
sub-0130,92,83
sub-0130,93,91
sub-0130,94,94
sub-0130,95,95
sub-0130,96,96
sub-0130,97,97
sub-0130,98,98
sub-0130,99,75
sub-0130,100,100
sub-0130,101,163
sub-0130,102,102
sub-0130,103,103
sub-0130,104,104
sub-0130,105,105
sub-0130,106,106
sub-0130,107,102
sub-0130,108,108
sub-0130,109,109
sub-0130,110,110
sub-0130,111,1
sub-0130,112,112
sub-0130,113,113
sub-0130,114,114
sub-0130,115,115
sub-0130,116,116
sub-0130,117,117
sub-0130,118,45
sub-0130,119,119
sub-0130,120,120
sub-0130,121,121
sub-0130,122,122
sub-0130,123,226
sub-0130,124,124
sub-0130,125,125
sub-0130,126,126
sub-0130,127,127
sub-0130,128,128
sub-0130,129,129
sub-0130,130,130
sub-0130,131,171
sub-0130,132,132
sub-0130,133,133
sub-0130,134,134
sub-0130,135,135
sub-0130,136,136
sub-0130,137,137
sub-0130,138,138
sub-0130,139,139
sub-0130,140,140
sub-0130,141,141
sub-0130,142,142
sub-0130,143,143
sub-0130,144,144
sub-0130,145,145
sub-0130,146,146
sub-0130,147,147
sub-0130,148,43
sub-0130,149,12
sub-0130,150,150
sub-0130,151,156
sub-0130,152,152
sub-0130,153,153
sub-0130,154,154
sub-0130,155,155
sub-0130,156,156
sub-0130,157,157
sub-0130,158,158
sub-0130,159,159
sub-0130,160,160
sub-0130,161,152
sub-0130,162,162
sub-0130,163,163
sub-0130,164,164
sub-0130,165,165
sub-0130,166,164
sub-0130,167,140
sub-0130,168,168
sub-0130,169,67
sub-0130,170,170
sub-0130,171,171
sub-0130,172,172
sub-0130,173,173
sub-0130,174,174
sub-0130,175,175
sub-0130,176,176
sub-0130,177,177
sub-0130,178,178
sub-0130,179,179
sub-0130,180,133
sub-0130,181,181
sub-0130,182,182
sub-0130,183,183
sub-0130,184,184
sub-0130,185,185
sub-0130,186,186
sub-0130,187,187
sub-0130,188,188
sub-0130,189,189
sub-0130,190,190
sub-0130,191,191
sub-0130,192,192
sub-0130,193,193
sub-0130,194,194
sub-0130,195,195
sub-0130,196,196
sub-0130,197,197
sub-0130,198,198
sub-0130,199,199
sub-0130,200,200
sub-0130,201,201
sub-0130,202,202
sub-0130,203,218
sub-0130,204,162
sub-0130,205,226
sub-0130,206,227
sub-0130,207,201
sub-0130,208,208
sub-0130,209,209
sub-0130,210,210
sub-0130,211,171
sub-0130,212,212
sub-0130,213,213
sub-0130,214,214
sub-0130,215,215
sub-0130,216,161
sub-0130,217,182
sub-0130,218,55
sub-0130,219,219
sub-0130,220,220
sub-0130,221,225
sub-0130,222,98
sub-0130,223,181
sub-0130,224,224
sub-0130,225,225
sub-0130,226,211
sub-0130,227,227
sub-0130,228,228
sub-0130,229,229
sub-0130,230,230
sub-0130,231,231
sub-0131,0,177
sub-0131,1,1
sub-0131,2,2
sub-0131,3,3
sub-0131,4,4
sub-0131,5,5
sub-0131,6,6
sub-0131,7,7
sub-0131,8,220
sub-0131,9,9
sub-0131,10,10
sub-0131,11,11
sub-0131,12,12
sub-0131,13,13
sub-0131,14,14
sub-0131,15,15
sub-0131,16,19
sub-0131,17,34
sub-0131,18,18
sub-0131,19,19
sub-0131,20,20
sub-0131,21,21
sub-0131,22,20
sub-0131,23,23
sub-0131,24,24
sub-0131,25,3
sub-0131,26,26
sub-0131,27,27
sub-0131,28,28
sub-0131,29,29
sub-0131,30,30
sub-0131,31,31
sub-0131,32,32
sub-0131,33,33
sub-0131,34,34
sub-0131,35,35
sub-0131,36,36
sub-0131,37,37
sub-0131,38,138
sub-0131,39,39
sub-0131,40,40
sub-0131,41,41
sub-0131,42,42
sub-0131,43,43
sub-0131,44,44
sub-0131,45,45
sub-0131,46,46
sub-0131,47,47
sub-0131,48,48
sub-0131,49,49
sub-0131,50,50
sub-0131,51,51
sub-0131,52,56
sub-0131,53,57
sub-0131,54,52
sub-0131,55,55
sub-0131,56,56
sub-0131,57,57
sub-0131,58,58
sub-0131,59,59
sub-0131,60,60
sub-0131,61,61
sub-0131,62,62
sub-0131,63,46
sub-0131,64,64
sub-0131,65,65
sub-0131,66,67
sub-0131,67,67
sub-0131,68,68
sub-0131,69,69
sub-0131,70,75
sub-0131,71,71
sub-0131,72,72
sub-0131,73,73
sub-0131,74,74
sub-0131,75,79
sub-0131,76,76
sub-0131,77,77
sub-0131,78,72
sub-0131,79,79
sub-0131,80,80
sub-0131,81,81
sub-0131,82,82
sub-0131,83,176
sub-0131,84,98
sub-0131,85,85
sub-0131,86,46
sub-0131,87,87
sub-0131,88,88
sub-0131,89,89
sub-0131,90,90
sub-0131,91,91
sub-0131,92,171
sub-0131,93,93
sub-0131,94,94
sub-0131,95,95
sub-0131,96,96
sub-0131,97,97
sub-0131,98,98
sub-0131,99,90
sub-0131,100,100
sub-0131,101,101
sub-0131,102,102
sub-0131,103,103
sub-0131,104,104
sub-0131,105,105
sub-0131,106,106
sub-0131,107,107
sub-0131,108,108
sub-0131,109,109
sub-0131,110,110
sub-0131,111,111
sub-0131,112,112
sub-0131,113,113
sub-0131,114,114
sub-0131,115,115
sub-0131,116,116
sub-0131,117,117
sub-0131,118,118
sub-0131,119,119
sub-0131,120,208
sub-0131,121,121
sub-0131,122,122
sub-0131,123,123
sub-0131,124,124
sub-0131,125,20
sub-0131,126,126
sub-0131,127,127
sub-0131,128,24
sub-0131,129,129
sub-0131,130,130
sub-0131,131,131
sub-0131,132,132
sub-0131,133,133
sub-0131,134,134
sub-0131,135,135
sub-0131,136,136
sub-0131,137,137
sub-0131,138,138
sub-0131,139,139
sub-0131,140,140
sub-0131,141,141
sub-0131,142,142
sub-0131,143,143
sub-0131,144,144
sub-0131,145,145
sub-0131,146,146
sub-0131,147,147
sub-0131,148,148
sub-0131,149,149
sub-0131,150,150
sub-0131,151,176
sub-0131,152,70
sub-0131,153,153
sub-0131,154,154
sub-0131,155,177
sub-0131,156,156
sub-0131,157,157
sub-0131,158,158
sub-0131,159,159
sub-0131,160,219
sub-0131,161,161
sub-0131,162,160
sub-0131,163,56
sub-0131,164,164
sub-0131,165,34
sub-0131,166,166
sub-0131,167,167
sub-0131,168,176
sub-0131,169,220
sub-0131,170,170
sub-0131,171,171
sub-0131,172,176
sub-0131,173,173
sub-0131,174,174
sub-0131,175,176
sub-0131,176,176
sub-0131,177,177
sub-0131,178,178
sub-0131,179,179
sub-0131,180,180
sub-0131,181,181
sub-0131,182,182
sub-0131,183,46
sub-0131,184,72
sub-0131,185,185
sub-0131,186,159
sub-0131,187,70
sub-0131,188,188
sub-0131,189,176
sub-0131,190,190
sub-0131,191,191
sub-0131,192,192
sub-0131,193,66
sub-0131,194,194
sub-0131,195,195
sub-0131,196,196
sub-0131,197,124
sub-0131,198,198
sub-0131,199,199
sub-0131,200,200
sub-0131,201,201
sub-0131,202,52
sub-0131,203,203
sub-0131,204,204
sub-0131,205,205
sub-0131,206,206
sub-0131,207,207
sub-0131,208,86
sub-0131,209,221
sub-0131,210,210
sub-0131,211,199
sub-0131,212,212
sub-0131,213,113
sub-0131,214,94
sub-0131,215,215
sub-0131,216,216
sub-0131,217,204
sub-0131,218,221
sub-0131,219,28
sub-0131,220,220
sub-0131,221,221
sub-0131,222,222
sub-0131,223,223
sub-0131,224,224
sub-0131,225,208
sub-0131,226,182
sub-0131,227,219
sub-0131,228,228
sub-0131,229,229
sub-0131,230,230
sub-0131,231,231
sub-0132,0,0
sub-0132,1,1
sub-0132,2,2
sub-0132,3,3
sub-0132,4,4
sub-0132,5,5
sub-0132,6,6
sub-0132,7,7
sub-0132,8,195
sub-0132,9,9
sub-0132,10,10
sub-0132,11,11
sub-0132,12,12
sub-0132,13,13
sub-0132,14,14
sub-0132,15,15
sub-0132,16,16
sub-0132,17,17
sub-0132,18,18
sub-0132,19,19
sub-0132,20,20
sub-0132,21,21
sub-0132,22,22
sub-0132,23,23
sub-0132,24,24
sub-0132,25,25
sub-0132,26,26
sub-0132,27,118
sub-0132,28,28
sub-0132,29,29
sub-0132,30,30
sub-0132,31,31
sub-0132,32,32
sub-0132,33,33
sub-0132,34,147
sub-0132,35,35
sub-0132,36,36
sub-0132,37,37
sub-0132,38,38
sub-0132,39,39
sub-0132,40,40
sub-0132,41,41
sub-0132,42,94
sub-0132,43,43
sub-0132,44,44
sub-0132,45,45
sub-0132,46,60
sub-0132,47,199
sub-0132,48,48
sub-0132,49,49
sub-0132,50,50
sub-0132,51,51
sub-0132,52,52
sub-0132,53,160
sub-0132,54,54
sub-0132,55,160
sub-0132,56,56
sub-0132,57,57
sub-0132,58,58
sub-0132,59,59
sub-0132,60,67
sub-0132,61,61
sub-0132,62,62
sub-0132,63,91
sub-0132,64,64
sub-0132,65,65
sub-0132,66,66
sub-0132,67,67
sub-0132,68,68
sub-0132,69,69
sub-0132,70,70
sub-0132,71,71
sub-0132,72,72
sub-0132,73,73
sub-0132,74,74
sub-0132,75,75
sub-0132,76,76
sub-0132,77,77
sub-0132,78,78
sub-0132,79,79
sub-0132,80,50
sub-0132,81,81
sub-0132,82,82
sub-0132,83,83
sub-0132,84,217
sub-0132,85,69
sub-0132,86,43
sub-0132,87,87
sub-0132,88,88
sub-0132,89,89
sub-0132,90,90
sub-0132,91,176
sub-0132,92,92
sub-0132,93,93
sub-0132,94,94
sub-0132,95,95
sub-0132,96,96
sub-0132,97,97
sub-0132,98,98
sub-0132,99,199
sub-0132,100,100
sub-0132,101,101
sub-0132,102,102
sub-0132,103,30
sub-0132,104,104
sub-0132,105,105
sub-0132,106,106
sub-0132,107,107
sub-0132,108,108
sub-0132,109,109
sub-0132,110,110
sub-0132,111,111
sub-0132,112,112
sub-0132,113,118
sub-0132,114,114
sub-0132,115,115
sub-0132,116,116
sub-0132,117,117
sub-0132,118,118
sub-0132,119,119
sub-0132,120,120
sub-0132,121,121
sub-0132,122,122
sub-0132,123,123
sub-0132,124,124
sub-0132,125,22
sub-0132,126,126
sub-0132,127,127
sub-0132,128,128
sub-0132,129,129
sub-0132,130,130
sub-0132,131,30
sub-0132,132,132
sub-0132,133,133
sub-0132,134,134
sub-0132,135,135
sub-0132,136,118
sub-0132,137,137
sub-0132,138,138
sub-0132,139,139
sub-0132,140,60
sub-0132,141,30
sub-0132,142,178
sub-0132,143,147
sub-0132,144,144
sub-0132,145,127
sub-0132,146,146
sub-0132,147,147
sub-0132,148,148
sub-0132,149,119
sub-0132,150,150
sub-0132,151,151
sub-0132,152,199
sub-0132,153,153
sub-0132,154,154
sub-0132,155,153
sub-0132,156,156
sub-0132,157,157
sub-0132,158,158
sub-0132,159,176
sub-0132,160,162
sub-0132,161,161
sub-0132,162,162
sub-0132,163,163
sub-0132,164,164
sub-0132,165,165
sub-0132,166,166
sub-0132,167,168
sub-0132,168,168
sub-0132,169,169
sub-0132,170,162
sub-0132,171,171
sub-0132,172,172
sub-0132,173,173
sub-0132,174,111
sub-0132,175,175
sub-0132,176,176
sub-0132,177,177
sub-0132,178,178
sub-0132,179,179
sub-0132,180,180
sub-0132,181,164
sub-0132,182,182
sub-0132,183,178
sub-0132,184,184
sub-0132,185,185
sub-0132,186,186
sub-0132,187,187
sub-0132,188,188
sub-0132,189,153
sub-0132,190,190
sub-0132,191,191
sub-0132,192,192
sub-0132,193,193
sub-0132,194,194
sub-0132,195,195
sub-0132,196,196
sub-0132,197,199
sub-0132,198,198
sub-0132,199,199
sub-0132,200,200
sub-0132,201,201
sub-0132,202,97
sub-0132,203,203
sub-0132,204,204
sub-0132,205,205
sub-0132,206,92
sub-0132,207,0
sub-0132,208,208
sub-0132,209,209
sub-0132,210,210
sub-0132,211,53
sub-0132,212,212
sub-0132,213,213
sub-0132,214,214
sub-0132,215,230
sub-0132,216,216
sub-0132,217,217
sub-0132,218,218
sub-0132,219,219
sub-0132,220,220
sub-0132,221,221
sub-0132,222,222
sub-0132,223,223
sub-0132,224,224
sub-0132,225,225
sub-0132,226,226
sub-0132,227,30
sub-0132,228,228
sub-0132,229,124
sub-0132,230,230
sub-0132,231,231
sub-0133,0,0
sub-0133,1,1
sub-0133,2,2
sub-0133,3,3
sub-0133,4,4
sub-0133,5,5
sub-0133,6,6
sub-0133,7,7
sub-0133,8,8
sub-0133,9,9
sub-0133,10,10
sub-0133,11,11
sub-0133,12,36
sub-0133,13,56
sub-0133,14,56
sub-0133,15,15
sub-0133,16,16
sub-0133,17,17
sub-0133,18,18
sub-0133,19,19
sub-0133,20,20
sub-0133,21,21
sub-0133,22,24
sub-0133,23,23
sub-0133,24,24
sub-0133,25,25
sub-0133,26,26
sub-0133,27,27
sub-0133,28,28
sub-0133,29,29
sub-0133,30,30
sub-0133,31,31
sub-0133,32,32
sub-0133,33,31
sub-0133,34,34
sub-0133,35,35
sub-0133,36,36
sub-0133,37,37
sub-0133,38,38
sub-0133,39,39
sub-0133,40,40
sub-0133,41,41
sub-0133,42,42
sub-0133,43,43
sub-0133,44,44
sub-0133,45,45
sub-0133,46,46
sub-0133,47,47
sub-0133,48,144
sub-0133,49,49
sub-0133,50,50
sub-0133,51,51
sub-0133,52,169
sub-0133,53,53
sub-0133,54,219
sub-0133,55,144
sub-0133,56,56
sub-0133,57,57
sub-0133,58,58
sub-0133,59,64
sub-0133,60,60
sub-0133,61,61
sub-0133,62,62
sub-0133,63,63
sub-0133,64,64
sub-0133,65,65
sub-0133,66,66
sub-0133,67,67
sub-0133,68,68
sub-0133,69,69
sub-0133,70,70
sub-0133,71,71
sub-0133,72,72
sub-0133,73,73
sub-0133,74,74
sub-0133,75,75
sub-0133,76,76
sub-0133,77,77
sub-0133,78,78
sub-0133,79,79
sub-0133,80,80
sub-0133,81,81
sub-0133,82,82
sub-0133,83,190
sub-0133,84,84
sub-0133,85,85
sub-0133,86,86
sub-0133,87,87
sub-0133,88,88
sub-0133,89,89
sub-0133,90,90
sub-0133,91,91
sub-0133,92,92
sub-0133,93,93
sub-0133,94,94
sub-0133,95,95
sub-0133,96,96
sub-0133,97,97
sub-0133,98,98
sub-0133,99,99
sub-0133,100,100
sub-0133,101,101
sub-0133,102,102
sub-0133,103,103
sub-0133,104,104
sub-0133,105,105
sub-0133,106,106
sub-0133,107,107
sub-0133,108,108
sub-0133,109,109
sub-0133,110,110
sub-0133,111,111
sub-0133,112,112
sub-0133,113,113
sub-0133,114,114
sub-0133,115,115
sub-0133,116,116
sub-0133,117,117
sub-0133,118,118
sub-0133,119,119
sub-0133,120,120
sub-0133,121,121
sub-0133,122,122
sub-0133,123,123
sub-0133,124,124
sub-0133,125,125
sub-0133,126,126
sub-0133,127,127
sub-0133,128,128
sub-0133,129,129
sub-0133,130,130
sub-0133,131,131
sub-0133,132,132
sub-0133,133,140
sub-0133,134,134
sub-0133,135,30
sub-0133,136,136
sub-0133,137,137
sub-0133,138,119
sub-0133,139,139
sub-0133,140,119
sub-0133,141,141
sub-0133,142,56
sub-0133,143,143
sub-0133,144,144
sub-0133,145,145
sub-0133,146,146
sub-0133,147,144
sub-0133,148,148
sub-0133,149,149
sub-0133,150,175
sub-0133,151,151
sub-0133,152,150
sub-0133,153,209
sub-0133,154,152
sub-0133,155,155
sub-0133,156,176
sub-0133,157,157
sub-0133,158,158
sub-0133,159,187
sub-0133,160,213
sub-0133,161,161
sub-0133,162,203
sub-0133,163,163
sub-0133,164,164
sub-0133,165,165
sub-0133,166,166
sub-0133,167,167
sub-0133,168,56
sub-0133,169,169
sub-0133,170,170
sub-0133,171,151
sub-0133,172,172
sub-0133,173,173
sub-0133,174,174
sub-0133,175,175
sub-0133,176,176
sub-0133,177,67
sub-0133,178,178
sub-0133,179,179
sub-0133,180,180
sub-0133,181,181
sub-0133,182,150
sub-0133,183,183
sub-0133,184,184
sub-0133,185,185
sub-0133,186,186
sub-0133,187,187
sub-0133,188,188
sub-0133,189,189
sub-0133,190,190
sub-0133,191,191
sub-0133,192,192
sub-0133,193,193
sub-0133,194,194
sub-0133,195,195
sub-0133,196,196
sub-0133,197,197
sub-0133,198,198
sub-0133,199,199
sub-0133,200,200
sub-0133,201,201
sub-0133,202,19
sub-0133,203,203
sub-0133,204,204
sub-0133,205,211
sub-0133,206,148
sub-0133,207,207
sub-0133,208,208
sub-0133,209,209
sub-0133,210,148
sub-0133,211,211
sub-0133,212,212
sub-0133,213,213
sub-0133,214,214
sub-0133,215,215
sub-0133,216,216
sub-0133,217,219
sub-0133,218,218
sub-0133,219,219
sub-0133,220,220
sub-0133,221,231
sub-0133,222,219
sub-0133,223,86
sub-0133,224,209
sub-0133,225,225
sub-0133,226,43
sub-0133,227,210
sub-0133,228,208
sub-0133,229,144
sub-0133,230,231
sub-0133,231,231
sub-0134,0,0
sub-0134,1,1
sub-0134,2,2
sub-0134,3,3
sub-0134,4,4
sub-0134,5,5
sub-0134,6,8
sub-0134,7,10
sub-0134,8,8
sub-0134,9,9
sub-0134,10,10
sub-0134,11,11
sub-0134,12,12
sub-0134,13,13
sub-0134,14,14
sub-0134,15,15
sub-0134,16,16
sub-0134,17,17
sub-0134,18,18
sub-0134,19,19
sub-0134,20,22
sub-0134,21,114
sub-0134,22,22
sub-0134,23,23
sub-0134,24,24
sub-0134,25,41
sub-0134,26,26
sub-0134,27,27
sub-0134,28,28
sub-0134,29,29
sub-0134,30,30
sub-0134,31,31
sub-0134,32,32
sub-0134,33,33
sub-0134,34,34
sub-0134,35,35
sub-0134,36,36
sub-0134,37,37
sub-0134,38,38
sub-0134,39,39
sub-0134,40,40
sub-0134,41,41
sub-0134,42,42
sub-0134,43,43
sub-0134,44,44
sub-0134,45,45
sub-0134,46,176
sub-0134,47,47
sub-0134,48,48
sub-0134,49,49
sub-0134,50,156
sub-0134,51,51
sub-0134,52,52
sub-0134,53,53
sub-0134,54,54
sub-0134,55,176
sub-0134,56,56
sub-0134,57,57
sub-0134,58,58
sub-0134,59,67
sub-0134,60,60
sub-0134,61,61
sub-0134,62,85
sub-0134,63,141
sub-0134,64,50
sub-0134,65,65
sub-0134,66,66
sub-0134,67,67
sub-0134,68,68
sub-0134,69,69
sub-0134,70,69
sub-0134,71,71
sub-0134,72,72
sub-0134,73,73
sub-0134,74,74
sub-0134,75,75
sub-0134,76,76
sub-0134,77,77
sub-0134,78,78
sub-0134,79,79
sub-0134,80,80
sub-0134,81,81
sub-0134,82,82
sub-0134,83,69
sub-0134,84,84
sub-0134,85,85
sub-0134,86,86
sub-0134,87,87
sub-0134,88,88
sub-0134,89,89
sub-0134,90,90
sub-0134,91,91
sub-0134,92,156
sub-0134,93,66
sub-0134,94,94
sub-0134,95,95
sub-0134,96,96
sub-0134,97,97
sub-0134,98,98
sub-0134,99,99
sub-0134,100,100
sub-0134,101,0
sub-0134,102,102
sub-0134,103,103
sub-0134,104,104
sub-0134,105,105
sub-0134,106,106
sub-0134,107,216
sub-0134,108,108
sub-0134,109,109
sub-0134,110,110
sub-0134,111,111
sub-0134,112,112
sub-0134,113,113
sub-0134,114,114
sub-0134,115,115
sub-0134,116,116
sub-0134,117,117
sub-0134,118,116
sub-0134,119,119
sub-0134,120,120
sub-0134,121,121
sub-0134,122,122
sub-0134,123,123
sub-0134,124,122
sub-0134,125,125
sub-0134,126,126
sub-0134,127,127
sub-0134,128,128
sub-0134,129,129
sub-0134,130,130
sub-0134,131,131
sub-0134,132,132
sub-0134,133,133
sub-0134,134,176
sub-0134,135,135
sub-0134,136,136
sub-0134,137,137
sub-0134,138,138
sub-0134,139,139
sub-0134,140,17
sub-0134,141,141
sub-0134,142,195
sub-0134,143,162
sub-0134,144,144
sub-0134,145,145
sub-0134,146,146
sub-0134,147,147
sub-0134,148,148
sub-0134,149,149
sub-0134,150,150
sub-0134,151,151
sub-0134,152,152
sub-0134,153,153
sub-0134,154,154
sub-0134,155,155
sub-0134,156,156
sub-0134,157,157
sub-0134,158,158
sub-0134,159,159
sub-0134,160,156
sub-0134,161,161
sub-0134,162,162
sub-0134,163,163
sub-0134,164,164
sub-0134,165,176
sub-0134,166,166
sub-0134,167,167
sub-0134,168,168
sub-0134,169,169
sub-0134,170,170
sub-0134,171,171
sub-0134,172,172
sub-0134,173,173
sub-0134,174,175
sub-0134,175,175
sub-0134,176,176
sub-0134,177,176
sub-0134,178,178
sub-0134,179,179
sub-0134,180,180
sub-0134,181,181
sub-0134,182,182
sub-0134,183,183
sub-0134,184,184
sub-0134,185,185
sub-0134,186,186
sub-0134,187,153
sub-0134,188,188
sub-0134,189,189
sub-0134,190,190
sub-0134,191,191
sub-0134,192,192
sub-0134,193,193
sub-0134,194,194
sub-0134,195,195
sub-0134,196,196
sub-0134,197,197
sub-0134,198,198
sub-0134,199,199
sub-0134,200,200
sub-0134,201,201
sub-0134,202,52
sub-0134,203,203
sub-0134,204,204
sub-0134,205,205
sub-0134,206,206
sub-0134,207,207
sub-0134,208,208
sub-0134,209,209
sub-0134,210,210
sub-0134,211,198
sub-0134,212,212
sub-0134,213,213
sub-0134,214,214
sub-0134,215,215
sub-0134,216,216
sub-0134,217,217
sub-0134,218,218
sub-0134,219,162
sub-0134,220,220
sub-0134,221,221
sub-0134,222,86
sub-0134,223,223
sub-0134,224,224
sub-0134,225,225
sub-0134,226,229
sub-0134,227,86
sub-0134,228,228
sub-0134,229,229
sub-0134,230,230
sub-0134,231,231
sub-0135,0,0
sub-0135,1,1
sub-0135,2,2
sub-0135,3,3
sub-0135,4,4
sub-0135,5,5
sub-0135,6,6
sub-0135,7,7
sub-0135,8,217
sub-0135,9,9
sub-0135,10,10
sub-0135,11,11
sub-0135,12,12
sub-0135,13,13
sub-0135,14,14
sub-0135,15,15
sub-0135,16,35
sub-0135,17,17
sub-0135,18,18
sub-0135,19,19
sub-0135,20,149
sub-0135,21,21
sub-0135,22,22
sub-0135,23,23
sub-0135,24,24
sub-0135,25,25
sub-0135,26,26
sub-0135,27,43
sub-0135,28,28
sub-0135,29,29
sub-0135,30,30
sub-0135,31,31
sub-0135,32,32
sub-0135,33,33
sub-0135,34,34
sub-0135,35,35
sub-0135,36,36
sub-0135,37,37
sub-0135,38,38
sub-0135,39,39
sub-0135,40,40
sub-0135,41,41
sub-0135,42,42
sub-0135,43,43
sub-0135,44,44
sub-0135,45,45
sub-0135,46,46
sub-0135,47,47
sub-0135,48,48
sub-0135,49,49
sub-0135,50,50
sub-0135,51,51
sub-0135,52,52
sub-0135,53,160
sub-0135,54,157
sub-0135,55,55
sub-0135,56,56
sub-0135,57,57
sub-0135,58,58
sub-0135,59,59
sub-0135,60,166
sub-0135,61,61
sub-0135,62,62
sub-0135,63,63
sub-0135,64,64
sub-0135,65,65
sub-0135,66,66
sub-0135,67,67
sub-0135,68,87
sub-0135,69,69
sub-0135,70,70
sub-0135,71,71
sub-0135,72,72
sub-0135,73,73
sub-0135,74,74
sub-0135,75,75
sub-0135,76,76
sub-0135,77,77
sub-0135,78,194
sub-0135,79,79
sub-0135,80,80
sub-0135,81,81
sub-0135,82,82
sub-0135,83,83
sub-0135,84,84
sub-0135,85,85
sub-0135,86,67
sub-0135,87,87
sub-0135,88,88
sub-0135,89,91
sub-0135,90,90
sub-0135,91,91
sub-0135,92,92
sub-0135,93,93
sub-0135,94,94
sub-0135,95,95
sub-0135,96,96
sub-0135,97,97
sub-0135,98,98
sub-0135,99,8
sub-0135,100,100
sub-0135,101,101
sub-0135,102,102
sub-0135,103,103
sub-0135,104,104
sub-0135,105,105
sub-0135,106,106
sub-0135,107,107
sub-0135,108,108
sub-0135,109,109
sub-0135,110,110
sub-0135,111,111
sub-0135,112,112
sub-0135,113,113
sub-0135,114,114
sub-0135,115,115
sub-0135,116,116
sub-0135,117,117
sub-0135,118,118
sub-0135,119,119
sub-0135,120,120
sub-0135,121,121
sub-0135,122,122
sub-0135,123,123
sub-0135,124,124
sub-0135,125,125
sub-0135,126,126
sub-0135,127,127
sub-0135,128,128
sub-0135,129,129
sub-0135,130,130
sub-0135,131,131
sub-0135,132,132
sub-0135,133,133
sub-0135,134,134
sub-0135,135,133
sub-0135,136,136
sub-0135,137,137
sub-0135,138,138
sub-0135,139,139
sub-0135,140,140
sub-0135,141,141
sub-0135,142,142
sub-0135,143,198
sub-0135,144,144
sub-0135,145,145
sub-0135,146,146
sub-0135,147,147
sub-0135,148,148
sub-0135,149,149
sub-0135,150,150
sub-0135,151,151
sub-0135,152,152
sub-0135,153,153
sub-0135,154,154
sub-0135,155,49
sub-0135,156,156
sub-0135,157,157
sub-0135,158,158
sub-0135,159,190
sub-0135,160,160
sub-0135,161,160
sub-0135,162,162
sub-0135,163,163
sub-0135,164,164
sub-0135,165,165
sub-0135,166,166
sub-0135,167,167
sub-0135,168,168
sub-0135,169,169
sub-0135,170,170
sub-0135,171,171
sub-0135,172,172
sub-0135,173,173
sub-0135,174,174
sub-0135,175,173
sub-0135,176,176
sub-0135,177,177
sub-0135,178,167
sub-0135,179,83
sub-0135,180,180
sub-0135,181,181
sub-0135,182,182
sub-0135,183,174
sub-0135,184,80
sub-0135,185,185
sub-0135,186,186
sub-0135,187,187
sub-0135,188,188
sub-0135,189,189
sub-0135,190,190
sub-0135,191,190
sub-0135,192,192
sub-0135,193,193
sub-0135,194,194
sub-0135,195,195
sub-0135,196,196
sub-0135,197,197
sub-0135,198,149
sub-0135,199,199
sub-0135,200,200
sub-0135,201,201
sub-0135,202,53
sub-0135,203,216
sub-0135,204,211
sub-0135,205,205
sub-0135,206,206
sub-0135,207,207
sub-0135,208,208
sub-0135,209,209
sub-0135,210,210
sub-0135,211,210
sub-0135,212,212
sub-0135,213,213
sub-0135,214,214
sub-0135,215,215
sub-0135,216,216
sub-0135,217,217
sub-0135,218,204
sub-0135,219,53
sub-0135,220,54
sub-0135,221,204
sub-0135,222,222
sub-0135,223,223
sub-0135,224,224
sub-0135,225,225
sub-0135,226,226
sub-0135,227,131
sub-0135,228,228
sub-0135,229,229
sub-0135,230,230
sub-0135,231,222
sub-0136,0,0
sub-0136,1,1
sub-0136,2,2
sub-0136,3,3
sub-0136,4,4
sub-0136,5,5
sub-0136,6,195
sub-0136,7,7
sub-0136,8,97
sub-0136,9,9
sub-0136,10,10
sub-0136,11,11
sub-0136,12,12
sub-0136,13,13
sub-0136,14,14
sub-0136,15,15
sub-0136,16,16
sub-0136,17,17
sub-0136,18,18
sub-0136,19,19
sub-0136,20,41
sub-0136,21,22
sub-0136,22,22
sub-0136,23,23
sub-0136,24,97
sub-0136,25,25
sub-0136,26,26
sub-0136,27,27
sub-0136,28,56
sub-0136,29,29
sub-0136,30,30
sub-0136,31,31
sub-0136,32,32
sub-0136,33,56
sub-0136,34,34
sub-0136,35,35
sub-0136,36,36
sub-0136,37,37
sub-0136,38,38
sub-0136,39,39
sub-0136,40,40
sub-0136,41,146
sub-0136,42,42
sub-0136,43,43
sub-0136,44,44
sub-0136,45,45
sub-0136,46,46
sub-0136,47,149
sub-0136,48,48
sub-0136,49,49
sub-0136,50,56
sub-0136,51,51
sub-0136,52,52
sub-0136,53,211
sub-0136,54,54
sub-0136,55,43
sub-0136,56,56
sub-0136,57,57
sub-0136,58,58
sub-0136,59,59
sub-0136,60,61
sub-0136,61,61
sub-0136,62,62
sub-0136,63,63
sub-0136,64,69
sub-0136,65,65
sub-0136,66,66
sub-0136,67,67
sub-0136,68,68
sub-0136,69,69
sub-0136,70,70
sub-0136,71,71
sub-0136,72,72
sub-0136,73,73
sub-0136,74,74
sub-0136,75,75
sub-0136,76,76
sub-0136,77,77
sub-0136,78,78
sub-0136,79,79
sub-0136,80,80
sub-0136,81,81
sub-0136,82,82
sub-0136,83,66
sub-0136,84,190
sub-0136,85,85
sub-0136,86,86
sub-0136,87,87
sub-0136,88,88
sub-0136,89,89
sub-0136,90,90
sub-0136,91,91
sub-0136,92,65
sub-0136,93,93
sub-0136,94,69
sub-0136,95,193
sub-0136,96,96
sub-0136,97,97
sub-0136,98,90
sub-0136,99,33
sub-0136,100,100
sub-0136,101,28
sub-0136,102,102
sub-0136,103,103
sub-0136,104,104
sub-0136,105,105
sub-0136,106,106
sub-0136,107,107
sub-0136,108,108
sub-0136,109,109
sub-0136,110,110
sub-0136,111,111
sub-0136,112,112
sub-0136,113,113
sub-0136,114,114
sub-0136,115,115
sub-0136,116,116
sub-0136,117,117
sub-0136,118,118
sub-0136,119,116
sub-0136,120,120
sub-0136,121,121
sub-0136,122,122
sub-0136,123,123
sub-0136,124,126
sub-0136,125,125
sub-0136,126,126
sub-0136,127,127
sub-0136,128,128
sub-0136,129,129
sub-0136,130,130
sub-0136,131,141
sub-0136,132,132
sub-0136,133,133
sub-0136,134,134
sub-0136,135,135
sub-0136,136,136
sub-0136,137,137
sub-0136,138,138
sub-0136,139,139
sub-0136,140,140
sub-0136,141,141
sub-0136,142,141
sub-0136,143,143
sub-0136,144,144
sub-0136,145,145
sub-0136,146,146
sub-0136,147,147
sub-0136,148,148
sub-0136,149,149
sub-0136,150,146
sub-0136,151,151
sub-0136,152,152
sub-0136,153,153
sub-0136,154,149
sub-0136,155,155
sub-0136,156,156
sub-0136,157,157
sub-0136,158,158
sub-0136,159,159
sub-0136,160,160
sub-0136,161,190
sub-0136,162,162
sub-0136,163,163
sub-0136,164,164
sub-0136,165,165
sub-0136,166,140
sub-0136,167,167
sub-0136,168,66
sub-0136,169,146
sub-0136,170,170
sub-0136,171,171
sub-0136,172,172
sub-0136,173,175
sub-0136,174,67
sub-0136,175,171
sub-0136,176,176
sub-0136,177,177
sub-0136,178,178
sub-0136,179,179
sub-0136,180,180
sub-0136,181,181
sub-0136,182,182
sub-0136,183,183
sub-0136,184,184
sub-0136,185,185
sub-0136,186,186
sub-0136,187,160
sub-0136,188,188
sub-0136,189,189
sub-0136,190,190
sub-0136,191,191
sub-0136,192,192
sub-0136,193,193
sub-0136,194,194
sub-0136,195,195
sub-0136,196,196
sub-0136,197,85
sub-0136,198,69
sub-0136,199,149
sub-0136,200,200
sub-0136,201,201
sub-0136,202,97
sub-0136,203,203
sub-0136,204,195
sub-0136,205,205
sub-0136,206,206
sub-0136,207,207
sub-0136,208,208
sub-0136,209,209
sub-0136,210,62
sub-0136,211,146
sub-0136,212,212
sub-0136,213,228
sub-0136,214,214
sub-0136,215,62
sub-0136,216,200
sub-0136,217,217
sub-0136,218,218
sub-0136,219,221
sub-0136,220,28
sub-0136,221,221
sub-0136,222,222
sub-0136,223,223
sub-0136,224,224
sub-0136,225,225
sub-0136,226,161
sub-0136,227,226
sub-0136,228,228
sub-0136,229,146
sub-0136,230,230
sub-0136,231,231
sub-0137,0,0
sub-0137,1,102
sub-0137,2,2
sub-0137,3,3
sub-0137,4,102
sub-0137,5,5
sub-0137,6,6
sub-0137,7,7
sub-0137,8,8
sub-0137,9,9
sub-0137,10,10
sub-0137,11,11
sub-0137,12,12
sub-0137,13,137
sub-0137,14,201
sub-0137,15,15
sub-0137,16,16
sub-0137,17,17
sub-0137,18,18
sub-0137,19,19
sub-0137,20,20
sub-0137,21,21
sub-0137,22,22
sub-0137,23,23
sub-0137,24,24
sub-0137,25,25
sub-0137,26,26
sub-0137,27,220
sub-0137,28,28
sub-0137,29,29
sub-0137,30,24
sub-0137,31,31
sub-0137,32,32
sub-0137,33,33
sub-0137,34,34
sub-0137,35,35
sub-0137,36,36
sub-0137,37,37
sub-0137,38,38
sub-0137,39,39
sub-0137,40,40
sub-0137,41,41
sub-0137,42,42
sub-0137,43,43
sub-0137,44,44
sub-0137,45,45
sub-0137,46,46
sub-0137,47,43
sub-0137,48,48
sub-0137,49,49
sub-0137,50,50
sub-0137,51,51
sub-0137,52,52
sub-0137,53,218
sub-0137,54,54
sub-0137,55,197
sub-0137,56,56
sub-0137,57,57
sub-0137,58,58
sub-0137,59,59
sub-0137,60,60
sub-0137,61,61
sub-0137,62,176
sub-0137,63,65
sub-0137,64,64
sub-0137,65,65
sub-0137,66,66
sub-0137,67,67
sub-0137,68,68
sub-0137,69,69
sub-0137,70,70
sub-0137,71,43
sub-0137,72,72
sub-0137,73,73
sub-0137,74,74
sub-0137,75,75
sub-0137,76,76
sub-0137,77,99
sub-0137,78,96
sub-0137,79,79
sub-0137,80,80
sub-0137,81,81
sub-0137,82,82
sub-0137,83,83
sub-0137,84,197
sub-0137,85,85
sub-0137,86,86
sub-0137,87,87
sub-0137,88,88
sub-0137,89,89
sub-0137,90,90
sub-0137,91,91
sub-0137,92,69
sub-0137,93,93
sub-0137,94,94
sub-0137,95,95
sub-0137,96,96
sub-0137,97,97
sub-0137,98,98
sub-0137,99,99
sub-0137,100,100
sub-0137,101,101
sub-0137,102,102
sub-0137,103,103
sub-0137,104,163
sub-0137,105,105
sub-0137,106,106
sub-0137,107,107
sub-0137,108,108
sub-0137,109,109
sub-0137,110,110
sub-0137,111,0
sub-0137,112,112
sub-0137,113,113
sub-0137,114,114
sub-0137,115,115
sub-0137,116,116
sub-0137,117,117
sub-0137,118,118
sub-0137,119,119
sub-0137,120,120
sub-0137,121,121
sub-0137,122,122
sub-0137,123,123
sub-0137,124,124
sub-0137,125,125
sub-0137,126,126
sub-0137,127,128
sub-0137,128,128
sub-0137,129,129
sub-0137,130,130
sub-0137,131,131
sub-0137,132,132
sub-0137,133,133
sub-0137,134,34
sub-0137,135,116
sub-0137,136,136
sub-0137,137,137
sub-0137,138,138
sub-0137,139,139
sub-0137,140,60
sub-0137,141,141
sub-0137,142,43
sub-0137,143,24
sub-0137,144,144
sub-0137,145,145
sub-0137,146,146
sub-0137,147,43
sub-0137,148,148
sub-0137,149,149
sub-0137,150,150
sub-0137,151,151
sub-0137,152,152
sub-0137,153,153
sub-0137,154,154
sub-0137,155,192
sub-0137,156,156
sub-0137,157,157
sub-0137,158,158
sub-0137,159,159
sub-0137,160,160
sub-0137,161,86
sub-0137,162,162
sub-0137,163,163
sub-0137,164,164
sub-0137,165,165
sub-0137,166,166
sub-0137,167,167
sub-0137,168,168
sub-0137,169,169
sub-0137,170,170
sub-0137,171,171
sub-0137,172,172
sub-0137,173,173
sub-0137,174,176
sub-0137,175,175
sub-0137,176,176
sub-0137,177,177
sub-0137,178,178
sub-0137,179,179
sub-0137,180,180
sub-0137,181,181
sub-0137,182,182
sub-0137,183,183
sub-0137,184,184
sub-0137,185,185
sub-0137,186,186
sub-0137,187,47
sub-0137,188,188
sub-0137,189,189
sub-0137,190,190
sub-0137,191,191
sub-0137,192,192
sub-0137,193,193
sub-0137,194,194
sub-0137,195,97
sub-0137,196,196
sub-0137,197,197
sub-0137,198,198
sub-0137,199,199
sub-0137,200,200
sub-0137,201,159
sub-0137,202,202
sub-0137,203,203
sub-0137,204,204
sub-0137,205,205
sub-0137,206,169
sub-0137,207,220
sub-0137,208,208
sub-0137,209,209
sub-0137,210,210
sub-0137,211,213
sub-0137,212,212
sub-0137,213,213
sub-0137,214,214
sub-0137,215,215
sub-0137,216,216
sub-0137,217,217
sub-0137,218,202
sub-0137,219,202
sub-0137,220,220
sub-0137,221,221
sub-0137,222,79
sub-0137,223,223
sub-0137,224,224
sub-0137,225,225
sub-0137,226,197
sub-0137,227,120
sub-0137,228,228
sub-0137,229,229
sub-0137,230,230
sub-0137,231,231
sub-0138,0,0
sub-0138,1,1
sub-0138,2,2
sub-0138,3,3
sub-0138,4,4
sub-0138,5,5
sub-0138,6,6
sub-0138,7,7
sub-0138,8,95
sub-0138,9,9
sub-0138,10,109
sub-0138,11,11
sub-0138,12,12
sub-0138,13,139
sub-0138,14,14
sub-0138,15,15
sub-0138,16,139
sub-0138,17,17
sub-0138,18,18
sub-0138,19,19
sub-0138,20,20
sub-0138,21,21
sub-0138,22,22
sub-0138,23,23
sub-0138,24,24
sub-0138,25,25
sub-0138,26,26
sub-0138,27,27
sub-0138,28,28
sub-0138,29,29
sub-0138,30,30
sub-0138,31,31
sub-0138,32,32
sub-0138,33,33
sub-0138,34,34
sub-0138,35,35
sub-0138,36,36
sub-0138,37,37
sub-0138,38,38
sub-0138,39,39
sub-0138,40,40
sub-0138,41,139
sub-0138,42,42
sub-0138,43,43
sub-0138,44,44
sub-0138,45,45
sub-0138,46,46
sub-0138,47,47
sub-0138,48,48
sub-0138,49,49
sub-0138,50,64
sub-0138,51,51
sub-0138,52,52
sub-0138,53,53
sub-0138,54,54
sub-0138,55,146
sub-0138,56,56
sub-0138,57,57
sub-0138,58,58
sub-0138,59,59
sub-0138,60,60
sub-0138,61,61
sub-0138,62,62
sub-0138,63,63
sub-0138,64,64
sub-0138,65,65
sub-0138,66,66
sub-0138,67,67
sub-0138,68,68
sub-0138,69,69
sub-0138,70,70
sub-0138,71,71
sub-0138,72,72
sub-0138,73,73
sub-0138,74,74
sub-0138,75,75
sub-0138,76,76
sub-0138,77,77
sub-0138,78,78
sub-0138,79,79
sub-0138,80,80
sub-0138,81,81
sub-0138,82,82
sub-0138,83,83
sub-0138,84,84
sub-0138,85,85
sub-0138,86,86
sub-0138,87,87
sub-0138,88,88
sub-0138,89,89
sub-0138,90,90
sub-0138,91,91
sub-0138,92,92
sub-0138,93,93
sub-0138,94,94
sub-0138,95,95
sub-0138,96,96
sub-0138,97,97
sub-0138,98,98
sub-0138,99,193
sub-0138,100,100
sub-0138,101,101
sub-0138,102,102
sub-0138,103,103
sub-0138,104,104
sub-0138,105,105
sub-0138,106,106
sub-0138,107,107
sub-0138,108,108
sub-0138,109,109
sub-0138,110,108
sub-0138,111,111
sub-0138,112,112
sub-0138,113,113
sub-0138,114,114
sub-0138,115,115
sub-0138,116,116
sub-0138,117,117
sub-0138,118,118
sub-0138,119,119
sub-0138,120,120
sub-0138,121,121
sub-0138,122,122
sub-0138,123,122
sub-0138,124,20
sub-0138,125,125
sub-0138,126,119
sub-0138,127,127
sub-0138,128,128
sub-0138,129,129
sub-0138,130,131
sub-0138,131,131
sub-0138,132,132
sub-0138,133,133
sub-0138,134,173
sub-0138,135,150
sub-0138,136,136
sub-0138,137,137
sub-0138,138,138
sub-0138,139,139
sub-0138,140,140
sub-0138,141,141
sub-0138,142,143
sub-0138,143,139
sub-0138,144,144
sub-0138,145,145
sub-0138,146,146
sub-0138,147,147
sub-0138,148,148
sub-0138,149,149
sub-0138,150,150
sub-0138,151,151
sub-0138,152,152
sub-0138,153,153
sub-0138,154,154
sub-0138,155,155
sub-0138,156,156
sub-0138,157,183
sub-0138,158,158
sub-0138,159,159
sub-0138,160,159
sub-0138,161,153
sub-0138,162,162
sub-0138,163,163
sub-0138,164,164
sub-0138,165,165
sub-0138,166,148
sub-0138,167,167
sub-0138,168,168
sub-0138,169,169
sub-0138,170,170
sub-0138,171,171
sub-0138,172,172
sub-0138,173,173
sub-0138,174,174
sub-0138,175,175
sub-0138,176,176
sub-0138,177,172
sub-0138,178,178
sub-0138,179,179
sub-0138,180,180
sub-0138,181,181
sub-0138,182,182
sub-0138,183,183
sub-0138,184,184
sub-0138,185,185
sub-0138,186,186
sub-0138,187,187
sub-0138,188,188
sub-0138,189,189
sub-0138,190,159
sub-0138,191,191
sub-0138,192,192
sub-0138,193,193
sub-0138,194,194
sub-0138,195,195
sub-0138,196,196
sub-0138,197,150
sub-0138,198,173
sub-0138,199,199
sub-0138,200,200
sub-0138,201,201
sub-0138,202,116
sub-0138,203,203
sub-0138,204,212
sub-0138,205,45
sub-0138,206,206
sub-0138,207,207
sub-0138,208,208
sub-0138,209,228
sub-0138,210,210
sub-0138,211,118
sub-0138,212,212
sub-0138,213,213
sub-0138,214,214
sub-0138,215,215
sub-0138,216,216
sub-0138,217,201
sub-0138,218,218
sub-0138,219,219
sub-0138,220,220
sub-0138,221,221
sub-0138,222,222
sub-0138,223,114
sub-0138,224,224
sub-0138,225,225
sub-0138,226,139
sub-0138,227,143
sub-0138,228,228
sub-0138,229,229
sub-0138,230,230
sub-0138,231,214
sub-0139,0,0
sub-0139,1,1
sub-0139,2,2
sub-0139,3,3
sub-0139,4,4
sub-0139,5,5
sub-0139,6,6
sub-0139,7,7
sub-0139,8,220
sub-0139,9,9
sub-0139,10,10
sub-0139,11,11
sub-0139,12,12
sub-0139,13,13
sub-0139,14,14
sub-0139,15,15
sub-0139,16,16
sub-0139,17,17
sub-0139,18,18
sub-0139,19,19
sub-0139,20,199
sub-0139,21,21
sub-0139,22,22
sub-0139,23,23
sub-0139,24,24
sub-0139,25,25
sub-0139,26,26
sub-0139,27,27
sub-0139,28,28
sub-0139,29,30
sub-0139,30,30
sub-0139,31,31
sub-0139,32,32
sub-0139,33,33
sub-0139,34,34
sub-0139,35,35
sub-0139,36,36
sub-0139,37,37
sub-0139,38,38
sub-0139,39,39
sub-0139,40,40
sub-0139,41,41
sub-0139,42,141
sub-0139,43,43
sub-0139,44,44
sub-0139,45,45
sub-0139,46,148
sub-0139,47,47
sub-0139,48,225
sub-0139,49,49
sub-0139,50,50
sub-0139,51,51
sub-0139,52,53
sub-0139,53,53
sub-0139,54,54
sub-0139,55,160
sub-0139,56,56
sub-0139,57,57
sub-0139,58,58
sub-0139,59,59
sub-0139,60,68
sub-0139,61,61
sub-0139,62,62
sub-0139,63,63
sub-0139,64,64
sub-0139,65,83
sub-0139,66,66
sub-0139,67,67
sub-0139,68,68
sub-0139,69,69
sub-0139,70,70
sub-0139,71,71
sub-0139,72,72
sub-0139,73,73
sub-0139,74,74
sub-0139,75,68
sub-0139,76,76
sub-0139,77,77
sub-0139,78,68
sub-0139,79,51
sub-0139,80,80
sub-0139,81,81
sub-0139,82,82
sub-0139,83,83
sub-0139,84,84
sub-0139,85,68
sub-0139,86,86
sub-0139,87,87
sub-0139,88,88
sub-0139,89,89
sub-0139,90,90
sub-0139,91,91
sub-0139,92,50
sub-0139,93,82
sub-0139,94,94
sub-0139,95,131
sub-0139,96,96
sub-0139,97,99
sub-0139,98,98
sub-0139,99,99
sub-0139,100,100
sub-0139,101,101
sub-0139,102,102
sub-0139,103,103
sub-0139,104,104
sub-0139,105,105
sub-0139,106,106
sub-0139,107,107
sub-0139,108,108
sub-0139,109,109
sub-0139,110,110
sub-0139,111,111
sub-0139,112,112
sub-0139,113,113
sub-0139,114,114
sub-0139,115,115
sub-0139,116,116
sub-0139,117,117
sub-0139,118,118
sub-0139,119,119
sub-0139,120,120
sub-0139,121,121
sub-0139,122,122
sub-0139,123,123
sub-0139,124,124
sub-0139,125,125
sub-0139,126,26
sub-0139,127,127
sub-0139,128,128
sub-0139,129,129
sub-0139,130,0
sub-0139,131,131
sub-0139,132,132
sub-0139,133,133
sub-0139,134,134
sub-0139,135,135
sub-0139,136,114
sub-0139,137,137
sub-0139,138,138
sub-0139,139,139
sub-0139,140,140
sub-0139,141,141
sub-0139,142,148
sub-0139,143,73
sub-0139,144,144
sub-0139,145,145
sub-0139,146,146
sub-0139,147,147
sub-0139,148,148
sub-0139,149,149
sub-0139,150,150
sub-0139,151,175
sub-0139,152,152
sub-0139,153,153
sub-0139,154,152
sub-0139,155,155
sub-0139,156,156
sub-0139,157,157
sub-0139,158,158
sub-0139,159,186
sub-0139,160,160
sub-0139,161,161
sub-0139,162,83
sub-0139,163,163
sub-0139,164,164
sub-0139,165,165
sub-0139,166,166
sub-0139,167,131
sub-0139,168,168
sub-0139,169,160
sub-0139,170,170
sub-0139,171,171
sub-0139,172,176
sub-0139,173,166
sub-0139,174,148
sub-0139,175,174
sub-0139,176,176
sub-0139,177,177
sub-0139,178,178
sub-0139,179,179
sub-0139,180,10
sub-0139,181,60
sub-0139,182,182
sub-0139,183,166
sub-0139,184,184
sub-0139,185,185
sub-0139,186,186
sub-0139,187,187
sub-0139,188,159
sub-0139,189,189
sub-0139,190,190
sub-0139,191,191
sub-0139,192,192
sub-0139,193,83
sub-0139,194,99
sub-0139,195,195
sub-0139,196,83
sub-0139,197,197
sub-0139,198,198
sub-0139,199,199
sub-0139,200,160
sub-0139,201,206
sub-0139,202,160
sub-0139,203,53
sub-0139,204,204
sub-0139,205,220
sub-0139,206,210
sub-0139,207,198
sub-0139,208,208
sub-0139,209,209
sub-0139,210,139
sub-0139,211,220
sub-0139,212,212
sub-0139,213,213
sub-0139,214,214
sub-0139,215,215
sub-0139,216,103
sub-0139,217,220
sub-0139,218,218
sub-0139,219,202
sub-0139,220,220
sub-0139,221,221
sub-0139,222,217
sub-0139,223,204
sub-0139,224,224
sub-0139,225,208
sub-0139,226,220
sub-0139,227,209
sub-0139,228,228
sub-0139,229,162
sub-0139,230,230
sub-0139,231,231
sub-0140,0,3
sub-0140,1,1
sub-0140,2,2
sub-0140,3,3
sub-0140,4,4
sub-0140,5,5
sub-0140,6,6
sub-0140,7,7
sub-0140,8,8
sub-0140,9,9
sub-0140,10,10
sub-0140,11,11
sub-0140,12,36
sub-0140,13,13
sub-0140,14,14
sub-0140,15,15
sub-0140,16,16
sub-0140,17,17
sub-0140,18,18
sub-0140,19,19
sub-0140,20,20
sub-0140,21,21
sub-0140,22,22
sub-0140,23,23
sub-0140,24,155
sub-0140,25,25
sub-0140,26,171
sub-0140,27,27
sub-0140,28,28
sub-0140,29,29
sub-0140,30,112
sub-0140,31,31
sub-0140,32,32
sub-0140,33,134
sub-0140,34,34
sub-0140,35,35
sub-0140,36,36
sub-0140,37,37
sub-0140,38,38
sub-0140,39,39
sub-0140,40,40
sub-0140,41,41
sub-0140,42,42
sub-0140,43,43
sub-0140,44,44
sub-0140,45,45
sub-0140,46,46
sub-0140,47,47
sub-0140,48,155
sub-0140,49,49
sub-0140,50,53
sub-0140,51,51
sub-0140,52,52
sub-0140,53,53
sub-0140,54,216
sub-0140,55,187
sub-0140,56,56
sub-0140,57,171
sub-0140,58,168
sub-0140,59,59
sub-0140,60,60
sub-0140,61,46
sub-0140,62,86
sub-0140,63,46
sub-0140,64,64
sub-0140,65,171
sub-0140,66,66
sub-0140,67,67
sub-0140,68,68
sub-0140,69,69
sub-0140,70,70
sub-0140,71,71
sub-0140,72,47
sub-0140,73,73
sub-0140,74,74
sub-0140,75,75
sub-0140,76,76
sub-0140,77,77
sub-0140,78,78
sub-0140,79,79
sub-0140,80,80
sub-0140,81,81
sub-0140,82,82
sub-0140,83,83
sub-0140,84,84
sub-0140,85,85
sub-0140,86,47
sub-0140,87,87
sub-0140,88,88
sub-0140,89,89
sub-0140,90,86
sub-0140,91,155
sub-0140,92,92
sub-0140,93,93
sub-0140,94,178
sub-0140,95,95
sub-0140,96,96
sub-0140,97,97
sub-0140,98,98
sub-0140,99,99
sub-0140,100,100
sub-0140,101,101
sub-0140,102,102
sub-0140,103,103
sub-0140,104,104
sub-0140,105,105
sub-0140,106,106
sub-0140,107,107
sub-0140,108,108
sub-0140,109,109
sub-0140,110,110
sub-0140,111,111
sub-0140,112,112
sub-0140,113,113
sub-0140,114,114
sub-0140,115,115
sub-0140,116,116
sub-0140,117,117
sub-0140,118,118
sub-0140,119,118
sub-0140,120,120
sub-0140,121,121
sub-0140,122,122
sub-0140,123,123
sub-0140,124,124
sub-0140,125,125
sub-0140,126,126
sub-0140,127,127
sub-0140,128,128
sub-0140,129,129
sub-0140,130,130
sub-0140,131,171
sub-0140,132,132
sub-0140,133,133
sub-0140,134,171
sub-0140,135,135
sub-0140,136,112
sub-0140,137,137
sub-0140,138,138
sub-0140,139,139
sub-0140,140,112
sub-0140,141,141
sub-0140,142,48
sub-0140,143,20
sub-0140,144,144
sub-0140,145,145
sub-0140,146,146
sub-0140,147,147
sub-0140,148,25
sub-0140,149,149
sub-0140,150,151
sub-0140,151,151
sub-0140,152,152
sub-0140,153,153
sub-0140,154,154
sub-0140,155,155
sub-0140,156,156
sub-0140,157,178
sub-0140,158,158
sub-0140,159,186
sub-0140,160,160
sub-0140,161,161
sub-0140,162,162
sub-0140,163,163
sub-0140,164,164
sub-0140,165,165
sub-0140,166,166
sub-0140,167,167
sub-0140,168,168
sub-0140,169,171
sub-0140,170,170
sub-0140,171,171
sub-0140,172,178
sub-0140,173,173
sub-0140,174,174
sub-0140,175,175
sub-0140,176,176
sub-0140,177,178
sub-0140,178,178
sub-0140,179,155
sub-0140,180,180
sub-0140,181,183
sub-0140,182,182
sub-0140,183,178
sub-0140,184,184
sub-0140,185,96
sub-0140,186,49
sub-0140,187,187
sub-0140,188,188
sub-0140,189,189
sub-0140,190,190
sub-0140,191,191
sub-0140,192,178
sub-0140,193,216
sub-0140,194,194
sub-0140,195,195
sub-0140,196,160
sub-0140,197,153
sub-0140,198,178
sub-0140,199,153
sub-0140,200,200
sub-0140,201,162
sub-0140,202,203
sub-0140,203,203
sub-0140,204,204
sub-0140,205,205
sub-0140,206,206
sub-0140,207,207
sub-0140,208,176
sub-0140,209,209
sub-0140,210,210
sub-0140,211,155
sub-0140,212,212
sub-0140,213,213
sub-0140,214,214
sub-0140,215,215
sub-0140,216,216
sub-0140,217,8
sub-0140,218,218
sub-0140,219,219
sub-0140,220,220
sub-0140,221,40
sub-0140,222,222
sub-0140,223,223
sub-0140,224,224
sub-0140,225,225
sub-0140,226,22
sub-0140,227,198
sub-0140,228,228
sub-0140,229,229
sub-0140,230,225
sub-0140,231,178
sub-0141,0,0
sub-0141,1,1
sub-0141,2,2
sub-0141,3,3
sub-0141,4,4
sub-0141,5,5
sub-0141,6,6
sub-0141,7,106
sub-0141,8,8
sub-0141,9,9
sub-0141,10,10
sub-0141,11,11
sub-0141,12,12
sub-0141,13,13
sub-0141,14,16
sub-0141,15,15
sub-0141,16,16
sub-0141,17,17
sub-0141,18,18
sub-0141,19,19
sub-0141,20,16
sub-0141,21,114
sub-0141,22,22
sub-0141,23,23
sub-0141,24,198
sub-0141,25,25
sub-0141,26,26
sub-0141,27,27
sub-0141,28,28
sub-0141,29,29
sub-0141,30,30
sub-0141,31,31
sub-0141,32,32
sub-0141,33,33
sub-0141,34,34
sub-0141,35,35
sub-0141,36,36
sub-0141,37,37
sub-0141,38,38
sub-0141,39,39
sub-0141,40,40
sub-0141,41,41
sub-0141,42,42
sub-0141,43,43
sub-0141,44,44
sub-0141,45,45
sub-0141,46,46
sub-0141,47,89
sub-0141,48,48
sub-0141,49,49
sub-0141,50,50
sub-0141,51,51
sub-0141,52,52
sub-0141,53,52
sub-0141,54,54
sub-0141,55,199
sub-0141,56,56
sub-0141,57,57
sub-0141,58,58
sub-0141,59,138
sub-0141,60,60
sub-0141,61,67
sub-0141,62,67
sub-0141,63,169
sub-0141,64,43
sub-0141,65,52
sub-0141,66,66
sub-0141,67,67
sub-0141,68,68
sub-0141,69,69
sub-0141,70,67
sub-0141,71,67
sub-0141,72,72
sub-0141,73,73
sub-0141,74,74
sub-0141,75,75
sub-0141,76,76
sub-0141,77,77
sub-0141,78,78
sub-0141,79,79
sub-0141,80,80
sub-0141,81,81
sub-0141,82,52
sub-0141,83,67
sub-0141,84,53
sub-0141,85,85
sub-0141,86,66
sub-0141,87,87
sub-0141,88,88
sub-0141,89,89
sub-0141,90,90
sub-0141,91,91
sub-0141,92,92
sub-0141,93,64
sub-0141,94,94
sub-0141,95,66
sub-0141,96,96
sub-0141,97,43
sub-0141,98,98
sub-0141,99,99
sub-0141,100,100
sub-0141,101,0
sub-0141,102,102
sub-0141,103,103
sub-0141,104,104
sub-0141,105,105
sub-0141,106,106
sub-0141,107,107
sub-0141,108,108
sub-0141,109,109
sub-0141,110,110
sub-0141,111,111
sub-0141,112,112
sub-0141,113,113
sub-0141,114,114
sub-0141,115,115
sub-0141,116,116
sub-0141,117,117
sub-0141,118,118
sub-0141,119,119
sub-0141,120,120
sub-0141,121,121
sub-0141,122,122
sub-0141,123,123
sub-0141,124,24
sub-0141,125,125
sub-0141,126,126
sub-0141,127,127
sub-0141,128,128
sub-0141,129,129
sub-0141,130,130
sub-0141,131,131
sub-0141,132,132
sub-0141,133,133
sub-0141,134,171
sub-0141,135,135
sub-0141,136,136
sub-0141,137,220
sub-0141,138,138
sub-0141,139,139
sub-0141,140,45
sub-0141,141,141
sub-0141,142,149
sub-0141,143,199
sub-0141,144,144
sub-0141,145,145
sub-0141,146,146
sub-0141,147,147
sub-0141,148,148
sub-0141,149,149
sub-0141,150,150
sub-0141,151,151
sub-0141,152,152
sub-0141,153,155
sub-0141,154,154
sub-0141,155,155
sub-0141,156,156
sub-0141,157,157
sub-0141,158,158
sub-0141,159,156
sub-0141,160,162
sub-0141,161,64
sub-0141,162,53
sub-0141,163,163
sub-0141,164,164
sub-0141,165,164
sub-0141,166,166
sub-0141,167,167
sub-0141,168,168
sub-0141,169,169
sub-0141,170,170
sub-0141,171,171
sub-0141,172,172
sub-0141,173,173
sub-0141,174,174
sub-0141,175,175
sub-0141,176,176
sub-0141,177,177
sub-0141,178,178
sub-0141,179,179
sub-0141,180,180
sub-0141,181,181
sub-0141,182,182
sub-0141,183,183
sub-0141,184,184
sub-0141,185,74
sub-0141,186,186
sub-0141,187,62
sub-0141,188,176
sub-0141,189,198
sub-0141,190,161
sub-0141,191,191
sub-0141,192,192
sub-0141,193,66
sub-0141,194,194
sub-0141,195,195
sub-0141,196,199
sub-0141,197,197
sub-0141,198,198
sub-0141,199,199
sub-0141,200,54
sub-0141,201,220
sub-0141,202,202
sub-0141,203,162
sub-0141,204,204
sub-0141,205,205
sub-0141,206,199
sub-0141,207,114
sub-0141,208,208
sub-0141,209,209
sub-0141,210,20
sub-0141,211,8
sub-0141,212,212
sub-0141,213,213
sub-0141,214,214
sub-0141,215,212
sub-0141,216,52
sub-0141,217,54
sub-0141,218,218
sub-0141,219,52
sub-0141,220,220
sub-0141,221,221
sub-0141,222,210
sub-0141,223,117
sub-0141,224,224
sub-0141,225,225
sub-0141,226,226
sub-0141,227,24
sub-0141,228,228
sub-0141,229,229
sub-0141,230,70
sub-0141,231,228
sub-0142,0,0
sub-0142,1,1
sub-0142,2,2
sub-0142,3,3
sub-0142,4,4
sub-0142,5,5
sub-0142,6,6
sub-0142,7,7
sub-0142,8,8
sub-0142,9,9
sub-0142,10,10
sub-0142,11,11
sub-0142,12,12
sub-0142,13,13
sub-0142,14,14
sub-0142,15,15
sub-0142,16,16
sub-0142,17,17
sub-0142,18,18
sub-0142,19,19
sub-0142,20,20
sub-0142,21,21
sub-0142,22,124
sub-0142,23,23
sub-0142,24,24
sub-0142,25,25
sub-0142,26,26
sub-0142,27,27
sub-0142,28,28
sub-0142,29,29
sub-0142,30,30
sub-0142,31,133
sub-0142,32,32
sub-0142,33,165
sub-0142,34,34
sub-0142,35,35
sub-0142,36,36
sub-0142,37,37
sub-0142,38,38
sub-0142,39,39
sub-0142,40,40
sub-0142,41,41
sub-0142,42,42
sub-0142,43,43
sub-0142,44,44
sub-0142,45,45
sub-0142,46,154
sub-0142,47,61
sub-0142,48,48
sub-0142,49,49
sub-0142,50,53
sub-0142,51,51
sub-0142,52,52
sub-0142,53,53
sub-0142,54,54
sub-0142,55,63
sub-0142,56,56
sub-0142,57,57
sub-0142,58,58
sub-0142,59,59
sub-0142,60,60
sub-0142,61,61
sub-0142,62,62
sub-0142,63,63
sub-0142,64,85
sub-0142,65,65
sub-0142,66,66
sub-0142,67,67
sub-0142,68,68
sub-0142,69,69
sub-0142,70,60
sub-0142,71,71
sub-0142,72,72
sub-0142,73,73
sub-0142,74,74
sub-0142,75,75
sub-0142,76,76
sub-0142,77,77
sub-0142,78,86
sub-0142,79,79
sub-0142,80,80
sub-0142,81,157
sub-0142,82,82
sub-0142,83,83
sub-0142,84,84
sub-0142,85,85
sub-0142,86,86
sub-0142,87,87
sub-0142,88,88
sub-0142,89,89
sub-0142,90,85
sub-0142,91,85
sub-0142,92,92
sub-0142,93,85
sub-0142,94,94
sub-0142,95,95
sub-0142,96,96
sub-0142,97,97
sub-0142,98,98
sub-0142,99,99
sub-0142,100,100
sub-0142,101,33
sub-0142,102,102
sub-0142,103,103
sub-0142,104,104
sub-0142,105,105
sub-0142,106,106
sub-0142,107,107
sub-0142,108,108
sub-0142,109,109
sub-0142,110,110
sub-0142,111,111
sub-0142,112,112
sub-0142,113,113
sub-0142,114,114
sub-0142,115,115
sub-0142,116,140
sub-0142,117,117
sub-0142,118,118
sub-0142,119,119
sub-0142,120,120
sub-0142,121,121
sub-0142,122,122
sub-0142,123,23
sub-0142,124,124
sub-0142,125,125
sub-0142,126,213
sub-0142,127,127
sub-0142,128,128
sub-0142,129,129
sub-0142,130,130
sub-0142,131,131
sub-0142,132,31
sub-0142,133,133
sub-0142,134,134
sub-0142,135,32
sub-0142,136,154
sub-0142,137,137
sub-0142,138,138
sub-0142,139,139
sub-0142,140,45
sub-0142,141,141
sub-0142,142,142
sub-0142,143,65
sub-0142,144,144
sub-0142,145,145
sub-0142,146,146
sub-0142,147,19
sub-0142,148,148
sub-0142,149,149
sub-0142,150,150
sub-0142,151,151
sub-0142,152,152
sub-0142,153,207
sub-0142,154,154
sub-0142,155,155
sub-0142,156,156
sub-0142,157,161
sub-0142,158,158
sub-0142,159,159
sub-0142,160,160
sub-0142,161,161
sub-0142,162,162
sub-0142,163,163
sub-0142,164,164
sub-0142,165,165
sub-0142,166,44
sub-0142,167,154
sub-0142,168,168
sub-0142,169,169
sub-0142,170,170
sub-0142,171,171
sub-0142,172,170
sub-0142,173,173
sub-0142,174,151
sub-0142,175,151
sub-0142,176,176
sub-0142,177,151
sub-0142,178,178
sub-0142,179,179
sub-0142,180,180
sub-0142,181,181
sub-0142,182,182
sub-0142,183,86
sub-0142,184,184
sub-0142,185,185
sub-0142,186,207
sub-0142,187,222
sub-0142,188,188
sub-0142,189,189
sub-0142,190,190
sub-0142,191,191
sub-0142,192,192
sub-0142,193,193
sub-0142,194,194
sub-0142,195,195
sub-0142,196,196
sub-0142,197,197
sub-0142,198,198
sub-0142,199,199
sub-0142,200,200
sub-0142,201,201
sub-0142,202,19
sub-0142,203,203
sub-0142,204,204
sub-0142,205,205
sub-0142,206,206
sub-0142,207,207
sub-0142,208,206
sub-0142,209,209
sub-0142,210,210
sub-0142,211,60
sub-0142,212,212
sub-0142,213,213
sub-0142,214,214
sub-0142,215,215
sub-0142,216,216
sub-0142,217,217
sub-0142,218,85
sub-0142,219,219
sub-0142,220,223
sub-0142,221,146
sub-0142,222,222
sub-0142,223,223
sub-0142,224,225
sub-0142,225,225
sub-0142,226,226
sub-0142,227,202
sub-0142,228,228
sub-0142,229,229
sub-0142,230,230
sub-0142,231,231
sub-0143,0,0
sub-0143,1,1
sub-0143,2,2
sub-0143,3,3
sub-0143,4,4
sub-0143,5,5
sub-0143,6,6
sub-0143,7,7
sub-0143,8,8
sub-0143,9,9
sub-0143,10,10
sub-0143,11,11
sub-0143,12,12
sub-0143,13,13
sub-0143,14,14
sub-0143,15,15
sub-0143,16,16
sub-0143,17,17
sub-0143,18,18
sub-0143,19,19
sub-0143,20,20
sub-0143,21,21
sub-0143,22,22
sub-0143,23,23
sub-0143,24,24
sub-0143,25,25
sub-0143,26,26
sub-0143,27,27
sub-0143,28,28
sub-0143,29,56
sub-0143,30,30
sub-0143,31,31
sub-0143,32,57
sub-0143,33,33
sub-0143,34,34
sub-0143,35,35
sub-0143,36,36
sub-0143,37,37
sub-0143,38,38
sub-0143,39,39
sub-0143,40,40
sub-0143,41,41
sub-0143,42,42
sub-0143,43,43
sub-0143,44,44
sub-0143,45,45
sub-0143,46,46
sub-0143,47,47
sub-0143,48,48
sub-0143,49,49
sub-0143,50,50
sub-0143,51,51
sub-0143,52,52
sub-0143,53,53
sub-0143,54,54
sub-0143,55,55
sub-0143,56,67
sub-0143,57,57
sub-0143,58,59
sub-0143,59,59
sub-0143,60,60
sub-0143,61,61
sub-0143,62,62
sub-0143,63,60
sub-0143,64,64
sub-0143,65,65
sub-0143,66,74
sub-0143,67,67
sub-0143,68,62
sub-0143,69,69
sub-0143,70,94
sub-0143,71,71
sub-0143,72,72
sub-0143,73,73
sub-0143,74,69
sub-0143,75,75
sub-0143,76,76
sub-0143,77,77
sub-0143,78,78
sub-0143,79,79
sub-0143,80,80
sub-0143,81,81
sub-0143,82,82
sub-0143,83,83
sub-0143,84,84
sub-0143,85,85
sub-0143,86,69
sub-0143,87,87
sub-0143,88,88
sub-0143,89,89
sub-0143,90,90
sub-0143,91,91
sub-0143,92,53
sub-0143,93,93
sub-0143,94,94
sub-0143,95,95
sub-0143,96,96
sub-0143,97,97
sub-0143,98,98
sub-0143,99,99
sub-0143,100,100
sub-0143,101,101
sub-0143,102,102
sub-0143,103,103
sub-0143,104,104
sub-0143,105,105
sub-0143,106,106
sub-0143,107,107
sub-0143,108,108
sub-0143,109,109
sub-0143,110,110
sub-0143,111,111
sub-0143,112,112
sub-0143,113,113
sub-0143,114,116
sub-0143,115,115
sub-0143,116,116
sub-0143,117,117
sub-0143,118,118
sub-0143,119,119
sub-0143,120,120
sub-0143,121,121
sub-0143,122,122
sub-0143,123,123
sub-0143,124,124
sub-0143,125,125
sub-0143,126,126
sub-0143,127,127
sub-0143,128,128
sub-0143,129,129
sub-0143,130,130
sub-0143,131,131
sub-0143,132,132
sub-0143,133,133
sub-0143,134,138
sub-0143,135,135
sub-0143,136,136
sub-0143,137,137
sub-0143,138,138
sub-0143,139,139
sub-0143,140,140
sub-0143,141,141
sub-0143,142,147
sub-0143,143,55
sub-0143,144,144
sub-0143,145,145
sub-0143,146,146
sub-0143,147,147
sub-0143,148,148
sub-0143,149,149
sub-0143,150,138
sub-0143,151,151
sub-0143,152,184
sub-0143,153,153
sub-0143,154,154
sub-0143,155,155
sub-0143,156,156
sub-0143,157,157
sub-0143,158,158
sub-0143,159,159
sub-0143,160,160
sub-0143,161,161
sub-0143,162,162
sub-0143,163,163
sub-0143,164,164
sub-0143,165,165
sub-0143,166,166
sub-0143,167,173
sub-0143,168,168
sub-0143,169,169
sub-0143,170,170
sub-0143,171,171
sub-0143,172,172
sub-0143,173,173
sub-0143,174,175
sub-0143,175,175
sub-0143,176,176
sub-0143,177,67
sub-0143,178,178
sub-0143,179,179
sub-0143,180,180
sub-0143,181,97
sub-0143,182,200
sub-0143,183,175
sub-0143,184,184
sub-0143,185,185
sub-0143,186,186
sub-0143,187,169
sub-0143,188,188
sub-0143,189,189
sub-0143,190,190
sub-0143,191,191
sub-0143,192,192
sub-0143,193,193
sub-0143,194,194
sub-0143,195,195
sub-0143,196,196
sub-0143,197,197
sub-0143,198,198
sub-0143,199,199
sub-0143,200,200
sub-0143,201,201
sub-0143,202,202
sub-0143,203,203
sub-0143,204,120
sub-0143,205,205
sub-0143,206,223
sub-0143,207,221
sub-0143,208,222
sub-0143,209,209
sub-0143,210,50
sub-0143,211,64
sub-0143,212,212
sub-0143,213,213
sub-0143,214,214
sub-0143,215,215
sub-0143,216,216
sub-0143,217,217
sub-0143,218,218
sub-0143,219,219
sub-0143,220,220
sub-0143,221,221
sub-0143,222,222
sub-0143,223,223
sub-0143,224,224
sub-0143,225,225
sub-0143,226,99
sub-0143,227,210
sub-0143,228,228
sub-0143,229,229
sub-0143,230,230
sub-0143,231,231
sub-0144,0,0
sub-0144,1,1
sub-0144,2,2
sub-0144,3,3
sub-0144,4,4
sub-0144,5,5
sub-0144,6,6
sub-0144,7,7
sub-0144,8,8
sub-0144,9,9
sub-0144,10,10
sub-0144,11,11
sub-0144,12,12
sub-0144,13,13
sub-0144,14,38
sub-0144,15,15
sub-0144,16,16
sub-0144,17,17
sub-0144,18,18
sub-0144,19,19
sub-0144,20,20
sub-0144,21,21
sub-0144,22,22
sub-0144,23,23
sub-0144,24,24
sub-0144,25,25
sub-0144,26,26
sub-0144,27,27
sub-0144,28,28
sub-0144,29,0
sub-0144,30,30
sub-0144,31,31
sub-0144,32,32
sub-0144,33,33
sub-0144,34,34
sub-0144,35,35
sub-0144,36,36
sub-0144,37,37
sub-0144,38,38
sub-0144,39,39
sub-0144,40,40
sub-0144,41,41
sub-0144,42,46
sub-0144,43,43
sub-0144,44,44
sub-0144,45,45
sub-0144,46,127
sub-0144,47,47
sub-0144,48,48
sub-0144,49,49
sub-0144,50,53
sub-0144,51,51
sub-0144,52,52
sub-0144,53,53
sub-0144,54,54
sub-0144,55,55
sub-0144,56,56
sub-0144,57,57
sub-0144,58,58
sub-0144,59,59
sub-0144,60,60
sub-0144,61,61
sub-0144,62,62
sub-0144,63,131
sub-0144,64,64
sub-0144,65,65
sub-0144,66,66
sub-0144,67,67
sub-0144,68,68
sub-0144,69,69
sub-0144,70,70
sub-0144,71,110
sub-0144,72,72
sub-0144,73,73
sub-0144,74,74
sub-0144,75,75
sub-0144,76,76
sub-0144,77,77
sub-0144,78,78
sub-0144,79,79
sub-0144,80,91
sub-0144,81,81
sub-0144,82,160
sub-0144,83,83
sub-0144,84,90
sub-0144,85,85
sub-0144,86,86
sub-0144,87,87
sub-0144,88,88
sub-0144,89,89
sub-0144,90,90
sub-0144,91,91
sub-0144,92,60
sub-0144,93,93
sub-0144,94,94
sub-0144,95,95
sub-0144,96,96
sub-0144,97,97
sub-0144,98,98
sub-0144,99,99
sub-0144,100,100
sub-0144,101,101
sub-0144,102,102
sub-0144,103,103
sub-0144,104,104
sub-0144,105,105
sub-0144,106,106
sub-0144,107,107
sub-0144,108,108
sub-0144,109,109
sub-0144,110,110
sub-0144,111,111
sub-0144,112,112
sub-0144,113,113
sub-0144,114,114
sub-0144,115,115
sub-0144,116,116
sub-0144,117,117
sub-0144,118,118
sub-0144,119,119
sub-0144,120,120
sub-0144,121,121
sub-0144,122,22
sub-0144,123,123
sub-0144,124,124
sub-0144,125,125
sub-0144,126,126
sub-0144,127,127
sub-0144,128,128
sub-0144,129,129
sub-0144,130,130
sub-0144,131,131
sub-0144,132,132
sub-0144,133,133
sub-0144,134,166
sub-0144,135,171
sub-0144,136,227
sub-0144,137,137
sub-0144,138,138
sub-0144,139,139
sub-0144,140,60
sub-0144,141,147
sub-0144,142,131
sub-0144,143,43
sub-0144,144,144
sub-0144,145,145
sub-0144,146,146
sub-0144,147,147
sub-0144,148,148
sub-0144,149,149
sub-0144,150,43
sub-0144,151,151
sub-0144,152,175
sub-0144,153,153
sub-0144,154,154
sub-0144,155,155
sub-0144,156,156
sub-0144,157,157
sub-0144,158,158
sub-0144,159,159
sub-0144,160,160
sub-0144,161,161
sub-0144,162,162
sub-0144,163,163
sub-0144,164,174
sub-0144,165,165
sub-0144,166,166
sub-0144,167,167
sub-0144,168,168
sub-0144,169,169
sub-0144,170,170
sub-0144,171,176
sub-0144,172,172
sub-0144,173,173
sub-0144,174,174
sub-0144,175,175
sub-0144,176,176
sub-0144,177,177
sub-0144,178,178
sub-0144,179,179
sub-0144,180,109
sub-0144,181,166
sub-0144,182,187
sub-0144,183,183
sub-0144,184,184
sub-0144,185,185
sub-0144,186,186
sub-0144,187,161
sub-0144,188,188
sub-0144,189,189
sub-0144,190,190
sub-0144,191,191
sub-0144,192,192
sub-0144,193,193
sub-0144,194,194
sub-0144,195,195
sub-0144,196,16
sub-0144,197,91
sub-0144,198,198
sub-0144,199,199
sub-0144,200,54
sub-0144,201,147
sub-0144,202,54
sub-0144,203,203
sub-0144,204,204
sub-0144,205,205
sub-0144,206,206
sub-0144,207,207
sub-0144,208,70
sub-0144,209,209
sub-0144,210,210
sub-0144,211,221
sub-0144,212,212
sub-0144,213,205
sub-0144,214,214
sub-0144,215,215
sub-0144,216,216
sub-0144,217,99
sub-0144,218,218
sub-0144,219,219
sub-0144,220,220
sub-0144,221,22
sub-0144,222,222
sub-0144,223,223
sub-0144,224,218
sub-0144,225,225
sub-0144,226,210
sub-0144,227,162
sub-0144,228,228
sub-0144,229,229
sub-0144,230,230
sub-0144,231,231
sub-0145,0,0
sub-0145,1,1
sub-0145,2,2
sub-0145,3,3
sub-0145,4,4
sub-0145,5,5
sub-0145,6,6
sub-0145,7,7
sub-0145,8,160
sub-0145,9,9
sub-0145,10,10
sub-0145,11,11
sub-0145,12,12
sub-0145,13,13
sub-0145,14,14
sub-0145,15,15
sub-0145,16,16
sub-0145,17,17
sub-0145,18,18
sub-0145,19,19
sub-0145,20,20
sub-0145,21,21
sub-0145,22,22
sub-0145,23,23
sub-0145,24,127
sub-0145,25,25
sub-0145,26,26
sub-0145,27,52
sub-0145,28,28
sub-0145,29,29
sub-0145,30,30
sub-0145,31,31
sub-0145,32,32
sub-0145,33,31
sub-0145,34,34
sub-0145,35,35
sub-0145,36,36
sub-0145,37,37
sub-0145,38,222
sub-0145,39,118
sub-0145,40,148
sub-0145,41,206
sub-0145,42,42
sub-0145,43,43
sub-0145,44,44
sub-0145,45,45
sub-0145,46,133
sub-0145,47,47
sub-0145,48,48
sub-0145,49,49
sub-0145,50,50
sub-0145,51,51
sub-0145,52,52
sub-0145,53,52
sub-0145,54,54
sub-0145,55,204
sub-0145,56,56
sub-0145,57,57
sub-0145,58,58
sub-0145,59,59
sub-0145,60,60
sub-0145,61,61
sub-0145,62,62
sub-0145,63,63
sub-0145,64,64
sub-0145,65,64
sub-0145,66,66
sub-0145,67,66
sub-0145,68,91
sub-0145,69,69
sub-0145,70,70
sub-0145,71,71
sub-0145,72,72
sub-0145,73,73
sub-0145,74,74
sub-0145,75,75
sub-0145,76,76
sub-0145,77,77
sub-0145,78,78
sub-0145,79,88
sub-0145,80,80
sub-0145,81,81
sub-0145,82,82
sub-0145,83,83
sub-0145,84,84
sub-0145,85,85
sub-0145,86,89
sub-0145,87,87
sub-0145,88,88
sub-0145,89,89
sub-0145,90,90
sub-0145,91,89
sub-0145,92,89
sub-0145,93,93
sub-0145,94,94
sub-0145,95,95
sub-0145,96,96
sub-0145,97,97
sub-0145,98,204
sub-0145,99,99
sub-0145,100,100
sub-0145,101,101
sub-0145,102,102
sub-0145,103,103
sub-0145,104,104
sub-0145,105,105
sub-0145,106,106
sub-0145,107,107
sub-0145,108,108
sub-0145,109,3
sub-0145,110,110
sub-0145,111,111
sub-0145,112,112
sub-0145,113,113
sub-0145,114,114
sub-0145,115,115
sub-0145,116,116
sub-0145,117,117
sub-0145,118,118
sub-0145,119,119
sub-0145,120,120
sub-0145,121,121
sub-0145,122,122
sub-0145,123,123
sub-0145,124,124
sub-0145,125,125
sub-0145,126,126
sub-0145,127,21
sub-0145,128,128
sub-0145,129,129
sub-0145,130,130
sub-0145,131,131
sub-0145,132,132
sub-0145,133,133
sub-0145,134,28
sub-0145,135,135
sub-0145,136,136
sub-0145,137,137
sub-0145,138,138
sub-0145,139,139
sub-0145,140,133
sub-0145,141,141
sub-0145,142,152
sub-0145,143,160
sub-0145,144,144
sub-0145,145,145
sub-0145,146,146
sub-0145,147,147
sub-0145,148,148
sub-0145,149,149
sub-0145,150,150
sub-0145,151,151
sub-0145,152,152
sub-0145,153,153
sub-0145,154,154
sub-0145,155,155
sub-0145,156,156
sub-0145,157,88
sub-0145,158,158
sub-0145,159,157
sub-0145,160,160
sub-0145,161,161
sub-0145,162,162
sub-0145,163,163
sub-0145,164,164
sub-0145,165,165
sub-0145,166,166
sub-0145,167,167
sub-0145,168,168
sub-0145,169,169
sub-0145,170,170
sub-0145,171,171
sub-0145,172,172
sub-0145,173,173
sub-0145,174,148
sub-0145,175,175
sub-0145,176,176
sub-0145,177,177
sub-0145,178,178
sub-0145,179,179
sub-0145,180,180
sub-0145,181,181
sub-0145,182,182
sub-0145,183,183
sub-0145,184,184
sub-0145,185,185
sub-0145,186,230
sub-0145,187,152
sub-0145,188,188
sub-0145,189,189
sub-0145,190,190
sub-0145,191,191
sub-0145,192,192
sub-0145,193,193
sub-0145,194,194
sub-0145,195,195
sub-0145,196,157
sub-0145,197,197
sub-0145,198,152
sub-0145,199,24
sub-0145,200,200
sub-0145,201,201
sub-0145,202,219
sub-0145,203,203
sub-0145,204,204
sub-0145,205,205
sub-0145,206,91
sub-0145,207,207
sub-0145,208,208
sub-0145,209,209
sub-0145,210,210
sub-0145,211,50
sub-0145,212,230
sub-0145,213,213
sub-0145,214,214
sub-0145,215,215
sub-0145,216,216
sub-0145,217,217
sub-0145,218,218
sub-0145,219,204
sub-0145,220,220
sub-0145,221,204
sub-0145,222,222
sub-0145,223,223
sub-0145,224,224
sub-0145,225,187
sub-0145,226,231
sub-0145,227,187
sub-0145,228,214
sub-0145,229,229
sub-0145,230,230
sub-0145,231,231
sub-0146,0,0
sub-0146,1,1
sub-0146,2,2
sub-0146,3,3
sub-0146,4,4
sub-0146,5,5
sub-0146,6,6
sub-0146,7,7
sub-0146,8,204
sub-0146,9,9
sub-0146,10,10
sub-0146,11,11
sub-0146,12,12
sub-0146,13,139
sub-0146,14,14
sub-0146,15,15
sub-0146,16,16
sub-0146,17,17
sub-0146,18,203
sub-0146,19,19
sub-0146,20,20
sub-0146,21,21
sub-0146,22,45
sub-0146,23,23
sub-0146,24,199
sub-0146,25,25
sub-0146,26,26
sub-0146,27,27
sub-0146,28,28
sub-0146,29,29
sub-0146,30,30
sub-0146,31,31
sub-0146,32,32
sub-0146,33,33
sub-0146,34,34
sub-0146,35,35
sub-0146,36,36
sub-0146,37,37
sub-0146,38,38
sub-0146,39,39
sub-0146,40,46
sub-0146,41,41
sub-0146,42,42
sub-0146,43,43
sub-0146,44,44
sub-0146,45,45
sub-0146,46,46
sub-0146,47,47
sub-0146,48,48
sub-0146,49,49
sub-0146,50,50
sub-0146,51,51
sub-0146,52,52
sub-0146,53,219
sub-0146,54,54
sub-0146,55,55
sub-0146,56,56
sub-0146,57,57
sub-0146,58,58
sub-0146,59,59
sub-0146,60,60
sub-0146,61,61
sub-0146,62,62
sub-0146,63,63
sub-0146,64,64
sub-0146,65,8
sub-0146,66,66
sub-0146,67,67
sub-0146,68,68
sub-0146,69,69
sub-0146,70,70
sub-0146,71,71
sub-0146,72,72
sub-0146,73,73
sub-0146,74,74
sub-0146,75,75
sub-0146,76,76
sub-0146,77,77
sub-0146,78,54
sub-0146,79,79
sub-0146,80,80
sub-0146,81,81
sub-0146,82,82
sub-0146,83,83
sub-0146,84,84
sub-0146,85,85
sub-0146,86,86
sub-0146,87,87
sub-0146,88,88
sub-0146,89,89
sub-0146,90,88
sub-0146,91,91
sub-0146,92,92
sub-0146,93,157
sub-0146,94,61
sub-0146,95,95
sub-0146,96,96
sub-0146,97,97
sub-0146,98,199
sub-0146,99,99
sub-0146,100,100
sub-0146,101,101
sub-0146,102,102
sub-0146,103,103
sub-0146,104,104
sub-0146,105,105
sub-0146,106,106
sub-0146,107,107
sub-0146,108,108
sub-0146,109,109
sub-0146,110,110
sub-0146,111,111
sub-0146,112,112
sub-0146,113,113
sub-0146,114,114
sub-0146,115,115
sub-0146,116,116
sub-0146,117,117
sub-0146,118,118
sub-0146,119,119
sub-0146,120,120
sub-0146,121,121
sub-0146,122,122
sub-0146,123,123
sub-0146,124,124
sub-0146,125,34
sub-0146,126,209
sub-0146,127,41
sub-0146,128,41
sub-0146,129,129
sub-0146,130,130
sub-0146,131,131
sub-0146,132,132
sub-0146,133,133
sub-0146,134,134
sub-0146,135,135
sub-0146,136,136
sub-0146,137,137
sub-0146,138,138
sub-0146,139,139
sub-0146,140,142
sub-0146,141,141
sub-0146,142,142
sub-0146,143,143
sub-0146,144,144
sub-0146,145,145
sub-0146,146,146
sub-0146,147,147
sub-0146,148,148
sub-0146,149,149
sub-0146,150,150
sub-0146,151,151
sub-0146,152,152
sub-0146,153,153
sub-0146,154,154
sub-0146,155,151
sub-0146,156,156
sub-0146,157,157
sub-0146,158,158
sub-0146,159,159
sub-0146,160,160
sub-0146,161,161
sub-0146,162,216
sub-0146,163,163
sub-0146,164,164
sub-0146,165,165
sub-0146,166,173
sub-0146,167,168
sub-0146,168,168
sub-0146,169,169
sub-0146,170,170
sub-0146,171,154
sub-0146,172,172
sub-0146,173,173
sub-0146,174,174
sub-0146,175,175
sub-0146,176,176
sub-0146,177,177
sub-0146,178,178
sub-0146,179,179
sub-0146,180,180
sub-0146,181,171
sub-0146,182,182
sub-0146,183,183
sub-0146,184,159
sub-0146,185,185
sub-0146,186,157
sub-0146,187,187
sub-0146,188,188
sub-0146,189,189
sub-0146,190,190
sub-0146,191,191
sub-0146,192,192
sub-0146,193,193
sub-0146,194,194
sub-0146,195,195
sub-0146,196,196
sub-0146,197,197
sub-0146,198,198
sub-0146,199,199
sub-0146,200,200
sub-0146,201,201
sub-0146,202,219
sub-0146,203,203
sub-0146,204,204
sub-0146,205,205
sub-0146,206,206
sub-0146,207,202
sub-0146,208,208
sub-0146,209,209
sub-0146,210,225
sub-0146,211,209
sub-0146,212,212
sub-0146,213,213
sub-0146,214,214
sub-0146,215,168
sub-0146,216,216
sub-0146,217,217
sub-0146,218,218
sub-0146,219,219
sub-0146,220,220
sub-0146,221,2
sub-0146,222,214
sub-0146,223,223
sub-0146,224,224
sub-0146,225,212
sub-0146,226,226
sub-0146,227,227
sub-0146,228,228
sub-0146,229,229
sub-0146,230,230
sub-0146,231,231
sub-0147,0,0
sub-0147,1,1
sub-0147,2,2
sub-0147,3,3
sub-0147,4,4
sub-0147,5,5
sub-0147,6,195
sub-0147,7,7
sub-0147,8,218
sub-0147,9,9
sub-0147,10,10
sub-0147,11,11
sub-0147,12,12
sub-0147,13,13
sub-0147,14,14
sub-0147,15,15
sub-0147,16,16
sub-0147,17,17
sub-0147,18,18
sub-0147,19,19
sub-0147,20,20
sub-0147,21,21
sub-0147,22,22
sub-0147,23,23
sub-0147,24,24
sub-0147,25,25
sub-0147,26,26
sub-0147,27,114
sub-0147,28,28
sub-0147,29,29
sub-0147,30,0
sub-0147,31,31
sub-0147,32,32
sub-0147,33,163
sub-0147,34,34
sub-0147,35,35
sub-0147,36,36
sub-0147,37,37
sub-0147,38,119
sub-0147,39,39
sub-0147,40,40
sub-0147,41,25
sub-0147,42,144
sub-0147,43,43
sub-0147,44,44
sub-0147,45,12
sub-0147,46,46
sub-0147,47,47
sub-0147,48,221
sub-0147,49,49
sub-0147,50,66
sub-0147,51,51
sub-0147,52,52
sub-0147,53,53
sub-0147,54,99
sub-0147,55,202
sub-0147,56,72
sub-0147,57,57
sub-0147,58,58
sub-0147,59,59
sub-0147,60,69
sub-0147,61,61
sub-0147,62,62
sub-0147,63,69
sub-0147,64,69
sub-0147,65,155
sub-0147,66,66
sub-0147,67,67
sub-0147,68,68
sub-0147,69,69
sub-0147,70,69
sub-0147,71,71
sub-0147,72,72
sub-0147,73,73
sub-0147,74,74
sub-0147,75,75
sub-0147,76,76
sub-0147,77,77
sub-0147,78,78
sub-0147,79,79
sub-0147,80,80
sub-0147,81,81
sub-0147,82,82
sub-0147,83,83
sub-0147,84,197
sub-0147,85,85
sub-0147,86,86
sub-0147,87,87
sub-0147,88,88
sub-0147,89,69
sub-0147,90,90
sub-0147,91,91
sub-0147,92,200
sub-0147,93,93
sub-0147,94,94
sub-0147,95,95
sub-0147,96,96
sub-0147,97,97
sub-0147,98,198
sub-0147,99,99
sub-0147,100,0
sub-0147,101,101
sub-0147,102,102
sub-0147,103,103
sub-0147,104,104
sub-0147,105,105
sub-0147,106,2
sub-0147,107,163
sub-0147,108,108
sub-0147,109,109
sub-0147,110,110
sub-0147,111,10
sub-0147,112,112
sub-0147,113,113
sub-0147,114,114
sub-0147,115,115
sub-0147,116,116
sub-0147,117,117
sub-0147,118,118
sub-0147,119,119
sub-0147,120,176
sub-0147,121,121
sub-0147,122,122
sub-0147,123,123
sub-0147,124,124
sub-0147,125,125
sub-0147,126,126
sub-0147,127,126
sub-0147,128,128
sub-0147,129,129
sub-0147,130,130
sub-0147,131,131
sub-0147,132,132
sub-0147,133,133
sub-0147,134,134
sub-0147,135,60
sub-0147,136,136
sub-0147,137,137
sub-0147,138,138
sub-0147,139,139
sub-0147,140,139
sub-0147,141,141
sub-0147,142,176
sub-0147,143,143
sub-0147,144,144
sub-0147,145,25
sub-0147,146,146
sub-0147,147,147
sub-0147,148,148
sub-0147,149,60
sub-0147,150,60
sub-0147,151,151
sub-0147,152,152
sub-0147,153,155
sub-0147,154,153
sub-0147,155,155
sub-0147,156,156
sub-0147,157,157
sub-0147,158,158
sub-0147,159,50
sub-0147,160,160
sub-0147,161,98
sub-0147,162,162
sub-0147,163,163
sub-0147,164,164
sub-0147,165,165
sub-0147,166,166
sub-0147,167,153
sub-0147,168,168
sub-0147,169,169
sub-0147,170,84
sub-0147,171,171
sub-0147,172,172
sub-0147,173,173
sub-0147,174,69
sub-0147,175,175
sub-0147,176,176
sub-0147,177,171
sub-0147,178,178
sub-0147,179,176
sub-0147,180,180
sub-0147,181,181
sub-0147,182,182
sub-0147,183,180
sub-0147,184,187
sub-0147,185,185
sub-0147,186,186
sub-0147,187,187
sub-0147,188,188
sub-0147,189,189
sub-0147,190,190
sub-0147,191,191
sub-0147,192,192
sub-0147,193,193
sub-0147,194,194
sub-0147,195,195
sub-0147,196,196
sub-0147,197,197
sub-0147,198,198
sub-0147,199,199
sub-0147,200,200
sub-0147,201,201
sub-0147,202,202
sub-0147,203,203
sub-0147,204,201
sub-0147,205,205
sub-0147,206,206
sub-0147,207,207
sub-0147,208,225
sub-0147,209,209
sub-0147,210,99
sub-0147,211,60
sub-0147,212,208
sub-0147,213,213
sub-0147,214,214
sub-0147,215,215
sub-0147,216,216
sub-0147,217,217
sub-0147,218,131
sub-0147,219,202
sub-0147,220,220
sub-0147,221,221
sub-0147,222,223
sub-0147,223,223
sub-0147,224,224
sub-0147,225,0
sub-0147,226,199
sub-0147,227,98
sub-0147,228,208
sub-0147,229,221
sub-0147,230,230
sub-0147,231,231
sub-0148,0,149
sub-0148,1,1
sub-0148,2,2
sub-0148,3,3
sub-0148,4,4
sub-0148,5,5
sub-0148,6,6
sub-0148,7,7
sub-0148,8,216
sub-0148,9,9
sub-0148,10,10
sub-0148,11,11
sub-0148,12,12
sub-0148,13,13
sub-0148,14,14
sub-0148,15,15
sub-0148,16,16
sub-0148,17,17
sub-0148,18,18
sub-0148,19,19
sub-0148,20,20
sub-0148,21,21
sub-0148,22,22
sub-0148,23,23
sub-0148,24,99
sub-0148,25,25
sub-0148,26,26
sub-0148,27,27
sub-0148,28,28
sub-0148,29,29
sub-0148,30,30
sub-0148,31,56
sub-0148,32,32
sub-0148,33,33
sub-0148,34,34
sub-0148,35,35
sub-0148,36,36
sub-0148,37,37
sub-0148,38,153
sub-0148,39,39
sub-0148,40,40
sub-0148,41,41
sub-0148,42,42
sub-0148,43,43
sub-0148,44,44
sub-0148,45,45
sub-0148,46,62
sub-0148,47,47
sub-0148,48,149
sub-0148,49,49
sub-0148,50,50
sub-0148,51,51
sub-0148,52,52
sub-0148,53,53
sub-0148,54,86
sub-0148,55,140
sub-0148,56,56
sub-0148,57,173
sub-0148,58,58
sub-0148,59,173
sub-0148,60,60
sub-0148,61,61
sub-0148,62,86
sub-0148,63,65
sub-0148,64,64
sub-0148,65,65
sub-0148,66,66
sub-0148,67,67
sub-0148,68,68
sub-0148,69,69
sub-0148,70,70
sub-0148,71,71
sub-0148,72,72
sub-0148,73,73
sub-0148,74,74
sub-0148,75,75
sub-0148,76,76
sub-0148,77,86
sub-0148,78,78
sub-0148,79,83
sub-0148,80,80
sub-0148,81,81
sub-0148,82,82
sub-0148,83,83
sub-0148,84,83
sub-0148,85,85
sub-0148,86,86
sub-0148,87,87
sub-0148,88,88
sub-0148,89,89
sub-0148,90,90
sub-0148,91,91
sub-0148,92,220
sub-0148,93,93
sub-0148,94,94
sub-0148,95,95
sub-0148,96,96
sub-0148,97,97
sub-0148,98,86
sub-0148,99,95
sub-0148,100,100
sub-0148,101,101
sub-0148,102,102
sub-0148,103,103
sub-0148,104,104
sub-0148,105,105
sub-0148,106,106
sub-0148,107,218
sub-0148,108,108
sub-0148,109,109
sub-0148,110,110
sub-0148,111,111
sub-0148,112,112
sub-0148,113,113
sub-0148,114,114
sub-0148,115,115
sub-0148,116,116
sub-0148,117,117
sub-0148,118,118
sub-0148,119,119
sub-0148,120,120
sub-0148,121,121
sub-0148,122,122
sub-0148,123,123
sub-0148,124,124
sub-0148,125,125
sub-0148,126,20
sub-0148,127,127
sub-0148,128,128
sub-0148,129,129
sub-0148,130,130
sub-0148,131,131
sub-0148,132,132
sub-0148,133,133
sub-0148,134,134
sub-0148,135,135
sub-0148,136,136
sub-0148,137,137
sub-0148,138,138
sub-0148,139,139
sub-0148,140,140
sub-0148,141,141
sub-0148,142,38
sub-0148,143,143
sub-0148,144,144
sub-0148,145,145
sub-0148,146,146
sub-0148,147,47
sub-0148,148,148
sub-0148,149,149
sub-0148,150,173
sub-0148,151,151
sub-0148,152,152
sub-0148,153,153
sub-0148,154,154
sub-0148,155,155
sub-0148,156,156
sub-0148,157,157
sub-0148,158,158
sub-0148,159,159
sub-0148,160,53
sub-0148,161,161
sub-0148,162,162
sub-0148,163,163
sub-0148,164,164
sub-0148,165,165
sub-0148,166,166
sub-0148,167,167
sub-0148,168,168
sub-0148,169,169
sub-0148,170,170
sub-0148,171,171
sub-0148,172,172
sub-0148,173,173
sub-0148,174,174
sub-0148,175,175
sub-0148,176,176
sub-0148,177,178
sub-0148,178,178
sub-0148,179,179
sub-0148,180,180
sub-0148,181,181
sub-0148,182,182
sub-0148,183,74
sub-0148,184,184
sub-0148,185,185
sub-0148,186,186
sub-0148,187,187
sub-0148,188,188
sub-0148,189,178
sub-0148,190,88
sub-0148,191,191
sub-0148,192,192
sub-0148,193,193
sub-0148,194,194
sub-0148,195,195
sub-0148,196,0
sub-0148,197,197
sub-0148,198,198
sub-0148,199,199
sub-0148,200,200
sub-0148,201,201
sub-0148,202,202
sub-0148,203,65
sub-0148,204,204
sub-0148,205,205
sub-0148,206,209
sub-0148,207,207
sub-0148,208,152
sub-0148,209,209
sub-0148,210,99
sub-0148,211,91
sub-0148,212,212
sub-0148,213,210
sub-0148,214,214
sub-0148,215,215
sub-0148,216,216
sub-0148,217,216
sub-0148,218,195
sub-0148,219,219
sub-0148,220,169
sub-0148,221,221
sub-0148,222,86
sub-0148,223,223
sub-0148,224,224
sub-0148,225,225
sub-0148,226,91
sub-0148,227,227
sub-0148,228,228
sub-0148,229,229
sub-0148,230,230
sub-0148,231,231
sub-0149,0,4
sub-0149,1,1
sub-0149,2,2
sub-0149,3,3
sub-0149,4,4
sub-0149,5,5
sub-0149,6,6
sub-0149,7,7
sub-0149,8,8
sub-0149,9,9
sub-0149,10,194
sub-0149,11,11
sub-0149,12,12
sub-0149,13,13
sub-0149,14,14
sub-0149,15,15
sub-0149,16,16
sub-0149,17,17
sub-0149,18,18
sub-0149,19,19
sub-0149,20,20
sub-0149,21,21
sub-0149,22,22
sub-0149,23,23
sub-0149,24,149
sub-0149,25,25
sub-0149,26,26
sub-0149,27,27
sub-0149,28,28
sub-0149,29,29
sub-0149,30,30
sub-0149,31,31
sub-0149,32,32
sub-0149,33,33
sub-0149,34,34
sub-0149,35,35
sub-0149,36,36
sub-0149,37,37
sub-0149,38,38
sub-0149,39,39
sub-0149,40,141
sub-0149,41,41
sub-0149,42,42
sub-0149,43,43
sub-0149,44,44
sub-0149,45,45
sub-0149,46,46
sub-0149,47,47
sub-0149,48,48
sub-0149,49,49
sub-0149,50,52
sub-0149,51,51
sub-0149,52,53
sub-0149,53,53
sub-0149,54,197
sub-0149,55,55
sub-0149,56,56
sub-0149,57,95
sub-0149,58,33
sub-0149,59,59
sub-0149,60,28
sub-0149,61,61
sub-0149,62,62
sub-0149,63,34
sub-0149,64,64
sub-0149,65,65
sub-0149,66,66
sub-0149,67,67
sub-0149,68,68
sub-0149,69,69
sub-0149,70,74
sub-0149,71,71
sub-0149,72,72
sub-0149,73,73
sub-0149,74,74
sub-0149,75,75
sub-0149,76,76
sub-0149,77,77
sub-0149,78,78
sub-0149,79,79
sub-0149,80,80
sub-0149,81,81
sub-0149,82,82
sub-0149,83,83
sub-0149,84,84
sub-0149,85,85
sub-0149,86,86
sub-0149,87,87
sub-0149,88,88
sub-0149,89,89
sub-0149,90,90
sub-0149,91,91
sub-0149,92,92
sub-0149,93,93
sub-0149,94,94
sub-0149,95,95
sub-0149,96,96
sub-0149,97,97
sub-0149,98,98
sub-0149,99,74
sub-0149,100,100
sub-0149,101,101
sub-0149,102,102
sub-0149,103,103
sub-0149,104,104
sub-0149,105,105
sub-0149,106,106
sub-0149,107,8
sub-0149,108,108
sub-0149,109,109
sub-0149,110,110
sub-0149,111,111
sub-0149,112,112
sub-0149,113,113
sub-0149,114,114
sub-0149,115,115
sub-0149,116,116
sub-0149,117,117
sub-0149,118,118
sub-0149,119,119
sub-0149,120,120
sub-0149,121,121
sub-0149,122,122
sub-0149,123,123
sub-0149,124,124
sub-0149,125,125
sub-0149,126,116
sub-0149,127,127
sub-0149,128,128
sub-0149,129,129
sub-0149,130,130
sub-0149,131,204
sub-0149,132,132
sub-0149,133,133
sub-0149,134,134
sub-0149,135,135
sub-0149,136,136
sub-0149,137,137
sub-0149,138,138
sub-0149,139,139
sub-0149,140,140
sub-0149,141,141
sub-0149,142,142
sub-0149,143,141
sub-0149,144,144
sub-0149,145,145
sub-0149,146,146
sub-0149,147,138
sub-0149,148,148
sub-0149,149,149
sub-0149,150,150
sub-0149,151,150
sub-0149,152,152
sub-0149,153,153
sub-0149,154,154
sub-0149,155,155
sub-0149,156,156
sub-0149,157,178
sub-0149,158,158
sub-0149,159,159
sub-0149,160,160
sub-0149,161,161
sub-0149,162,162
sub-0149,163,163
sub-0149,164,164
sub-0149,165,165
sub-0149,166,184
sub-0149,167,167
sub-0149,168,151
sub-0149,169,89
sub-0149,170,170
sub-0149,171,171
sub-0149,172,172
sub-0149,173,173
sub-0149,174,174
sub-0149,175,178
sub-0149,176,176
sub-0149,177,177
sub-0149,178,178
sub-0149,179,76
sub-0149,180,180
sub-0149,181,181
sub-0149,182,182
sub-0149,183,183
sub-0149,184,204
sub-0149,185,185
sub-0149,186,186
sub-0149,187,187
sub-0149,188,188
sub-0149,189,188
sub-0149,190,190
sub-0149,191,191
sub-0149,192,192
sub-0149,193,193
sub-0149,194,194
sub-0149,195,195
sub-0149,196,124
sub-0149,197,197
sub-0149,198,198
sub-0149,199,199
sub-0149,200,200
sub-0149,201,201
sub-0149,202,8
sub-0149,203,203
sub-0149,204,204
sub-0149,205,205
sub-0149,206,206
sub-0149,207,207
sub-0149,208,45
sub-0149,209,155
sub-0149,210,204
sub-0149,211,228
sub-0149,212,212
sub-0149,213,213
sub-0149,214,209
sub-0149,215,215
sub-0149,216,216
sub-0149,217,217
sub-0149,218,218
sub-0149,219,219
sub-0149,220,220
sub-0149,221,221
sub-0149,222,222
sub-0149,223,223
sub-0149,224,45
sub-0149,225,212
sub-0149,226,210
sub-0149,227,90
sub-0149,228,228
sub-0149,229,229
sub-0149,230,230
sub-0149,231,231
sub-0151,0,0
sub-0151,1,1
sub-0151,2,2
sub-0151,3,3
sub-0151,4,4
sub-0151,5,5
sub-0151,6,6
sub-0151,7,7
sub-0151,8,8
sub-0151,9,9
sub-0151,10,10
sub-0151,11,11
sub-0151,12,12
sub-0151,13,13
sub-0151,14,14
sub-0151,15,15
sub-0151,16,16
sub-0151,17,17
sub-0151,18,18
sub-0151,19,19
sub-0151,20,144
sub-0151,21,21
sub-0151,22,22
sub-0151,23,23
sub-0151,24,24
sub-0151,25,25
sub-0151,26,26
sub-0151,27,27
sub-0151,28,28
sub-0151,29,29
sub-0151,30,30
sub-0151,31,31
sub-0151,32,32
sub-0151,33,33
sub-0151,34,34
sub-0151,35,35
sub-0151,36,36
sub-0151,37,37
sub-0151,38,38
sub-0151,39,39
sub-0151,40,40
sub-0151,41,25
sub-0151,42,46
sub-0151,43,43
sub-0151,44,127
sub-0151,45,45
sub-0151,46,46
sub-0151,47,47
sub-0151,48,48
sub-0151,49,93
sub-0151,50,50
sub-0151,51,51
sub-0151,52,52
sub-0151,53,53
sub-0151,54,50
sub-0151,55,55
sub-0151,56,56
sub-0151,57,57
sub-0151,58,58
sub-0151,59,59
sub-0151,60,60
sub-0151,61,178
sub-0151,62,62
sub-0151,63,169
sub-0151,64,64
sub-0151,65,176
sub-0151,66,164
sub-0151,67,67
sub-0151,68,68
sub-0151,69,69
sub-0151,70,178
sub-0151,71,180
sub-0151,72,72
sub-0151,73,73
sub-0151,74,176
sub-0151,75,75
sub-0151,76,157
sub-0151,77,177
sub-0151,78,72
sub-0151,79,162
sub-0151,80,80
sub-0151,81,88
sub-0151,82,82
sub-0151,83,88
sub-0151,84,84
sub-0151,85,85
sub-0151,86,86
sub-0151,87,87
sub-0151,88,88
sub-0151,89,89
sub-0151,90,90
sub-0151,91,91
sub-0151,92,216
sub-0151,93,93
sub-0151,94,94
sub-0151,95,95
sub-0151,96,182
sub-0151,97,97
sub-0151,98,98
sub-0151,99,99
sub-0151,100,100
sub-0151,101,101
sub-0151,102,102
sub-0151,103,103
sub-0151,104,104
sub-0151,105,105
sub-0151,106,106
sub-0151,107,107
sub-0151,108,108
sub-0151,109,109
sub-0151,110,110
sub-0151,111,111
sub-0151,112,112
sub-0151,113,113
sub-0151,114,114
sub-0151,115,115
sub-0151,116,116
sub-0151,117,117
sub-0151,118,118
sub-0151,119,119
sub-0151,120,120
sub-0151,121,121
sub-0151,122,122
sub-0151,123,123
sub-0151,124,124
sub-0151,125,125
sub-0151,126,126
sub-0151,127,127
sub-0151,128,25
sub-0151,129,129
sub-0151,130,130
sub-0151,131,161
sub-0151,132,132
sub-0151,133,133
sub-0151,134,134
sub-0151,135,135
sub-0151,136,116
sub-0151,137,137
sub-0151,138,138
sub-0151,139,139
sub-0151,140,140
sub-0151,141,141
sub-0151,142,72
sub-0151,143,143
sub-0151,144,144
sub-0151,145,145
sub-0151,146,152
sub-0151,147,147
sub-0151,148,148
sub-0151,149,149
sub-0151,150,43
sub-0151,151,151
sub-0151,152,152
sub-0151,153,153
sub-0151,154,154
sub-0151,155,178
sub-0151,156,156
sub-0151,157,157
sub-0151,158,158
sub-0151,159,159
sub-0151,160,160
sub-0151,161,162
sub-0151,162,162
sub-0151,163,162
sub-0151,164,164
sub-0151,165,165
sub-0151,166,166
sub-0151,167,58
sub-0151,168,168
sub-0151,169,162
sub-0151,170,170
sub-0151,171,171
sub-0151,172,172
sub-0151,173,173
sub-0151,174,174
sub-0151,175,175
sub-0151,176,176
sub-0151,177,177
sub-0151,178,178
sub-0151,179,179
sub-0151,180,180
sub-0151,181,72
sub-0151,182,182
sub-0151,183,183
sub-0151,184,184
sub-0151,185,183
sub-0151,186,186
sub-0151,187,187
sub-0151,188,188
sub-0151,189,189
sub-0151,190,190
sub-0151,191,191
sub-0151,192,178
sub-0151,193,193
sub-0151,194,181
sub-0151,195,195
sub-0151,196,197
sub-0151,197,197
sub-0151,198,198
sub-0151,199,199
sub-0151,200,200
sub-0151,201,21
sub-0151,202,205
sub-0151,203,203
sub-0151,204,204
sub-0151,205,205
sub-0151,206,50
sub-0151,207,207
sub-0151,208,225
sub-0151,209,209
sub-0151,210,124
sub-0151,211,90
sub-0151,212,214
sub-0151,213,213
sub-0151,214,214
sub-0151,215,215
sub-0151,216,216
sub-0151,217,162
sub-0151,218,218
sub-0151,219,162
sub-0151,220,220
sub-0151,221,221
sub-0151,222,222
sub-0151,223,223
sub-0151,224,224
sub-0151,225,225
sub-0151,226,54
sub-0151,227,227
sub-0151,228,228
sub-0151,229,210
sub-0151,230,230
sub-0151,231,231
sub-0153,0,0
sub-0153,1,1
sub-0153,2,2
sub-0153,3,3
sub-0153,4,4
sub-0153,5,5
sub-0153,6,6
sub-0153,7,7
sub-0153,8,8
sub-0153,9,9
sub-0153,10,10
sub-0153,11,11
sub-0153,12,60
sub-0153,13,13
sub-0153,14,60
sub-0153,15,15
sub-0153,16,16
sub-0153,17,17
sub-0153,18,18
sub-0153,19,19
sub-0153,20,20
sub-0153,21,177
sub-0153,22,22
sub-0153,23,127
sub-0153,24,24
sub-0153,25,25
sub-0153,26,205
sub-0153,27,27
sub-0153,28,28
sub-0153,29,29
sub-0153,30,30
sub-0153,31,31
sub-0153,32,32
sub-0153,33,33
sub-0153,34,34
sub-0153,35,35
sub-0153,36,36
sub-0153,37,37
sub-0153,38,38
sub-0153,39,39
sub-0153,40,221
sub-0153,41,120
sub-0153,42,42
sub-0153,43,43
sub-0153,44,44
sub-0153,45,45
sub-0153,46,64
sub-0153,47,47
sub-0153,48,48
sub-0153,49,49
sub-0153,50,50
sub-0153,51,51
sub-0153,52,52
sub-0153,53,53
sub-0153,54,54
sub-0153,55,51
sub-0153,56,37
sub-0153,57,57
sub-0153,58,58
sub-0153,59,59
sub-0153,60,60
sub-0153,61,61
sub-0153,62,62
sub-0153,63,63
sub-0153,64,64
sub-0153,65,65
sub-0153,66,66
sub-0153,67,67
sub-0153,68,68
sub-0153,69,69
sub-0153,70,70
sub-0153,71,71
sub-0153,72,72
sub-0153,73,73
sub-0153,74,74
sub-0153,75,75
sub-0153,76,76
sub-0153,77,77
sub-0153,78,78
sub-0153,79,79
sub-0153,80,80
sub-0153,81,81
sub-0153,82,54
sub-0153,83,52
sub-0153,84,84
sub-0153,85,171
sub-0153,86,86
sub-0153,87,87
sub-0153,88,88
sub-0153,89,89
sub-0153,90,90
sub-0153,91,91
sub-0153,92,156
sub-0153,93,93
sub-0153,94,94
sub-0153,95,95
sub-0153,96,96
sub-0153,97,97
sub-0153,98,98
sub-0153,99,99
sub-0153,100,0
sub-0153,101,101
sub-0153,102,102
sub-0153,103,103
sub-0153,104,104
sub-0153,105,105
sub-0153,106,106
sub-0153,107,107
sub-0153,108,108
sub-0153,109,109
sub-0153,110,110
sub-0153,111,111
sub-0153,112,112
sub-0153,113,113
sub-0153,114,114
sub-0153,115,118
sub-0153,116,116
sub-0153,117,117
sub-0153,118,118
sub-0153,119,119
sub-0153,120,120
sub-0153,121,121
sub-0153,122,122
sub-0153,123,123
sub-0153,124,124
sub-0153,125,211
sub-0153,126,125
sub-0153,127,127
sub-0153,128,139
sub-0153,129,129
sub-0153,130,130
sub-0153,131,131
sub-0153,132,132
sub-0153,133,133
sub-0153,134,134
sub-0153,135,35
sub-0153,136,37
sub-0153,137,137
sub-0153,138,138
sub-0153,139,139
sub-0153,140,43
sub-0153,141,37
sub-0153,142,225
sub-0153,143,21
sub-0153,144,144
sub-0153,145,145
sub-0153,146,146
sub-0153,147,198
sub-0153,148,148
sub-0153,149,149
sub-0153,150,174
sub-0153,151,151
sub-0153,152,152
sub-0153,153,153
sub-0153,154,154
sub-0153,155,155
sub-0153,156,156
sub-0153,157,157
sub-0153,158,159
sub-0153,159,161
sub-0153,160,160
sub-0153,161,51
sub-0153,162,162
sub-0153,163,163
sub-0153,164,164
sub-0153,165,165
sub-0153,166,166
sub-0153,167,167
sub-0153,168,171
sub-0153,169,169
sub-0153,170,161
sub-0153,171,171
sub-0153,172,172
sub-0153,173,173
sub-0153,174,174
sub-0153,175,175
sub-0153,176,176
sub-0153,177,177
sub-0153,178,178
sub-0153,179,179
sub-0153,180,180
sub-0153,181,181
sub-0153,182,182
sub-0153,183,183
sub-0153,184,184
sub-0153,185,71
sub-0153,186,186
sub-0153,187,156
sub-0153,188,159
sub-0153,189,171
sub-0153,190,190
sub-0153,191,191
sub-0153,192,192
sub-0153,193,193
sub-0153,194,194
sub-0153,195,195
sub-0153,196,183
sub-0153,197,197
sub-0153,198,198
sub-0153,199,199
sub-0153,200,218
sub-0153,201,220
sub-0153,202,160
sub-0153,203,202
sub-0153,204,204
sub-0153,205,38
sub-0153,206,206
sub-0153,207,207
sub-0153,208,225
sub-0153,209,209
sub-0153,210,226
sub-0153,211,37
sub-0153,212,125
sub-0153,213,213
sub-0153,214,214
sub-0153,215,215
sub-0153,216,52
sub-0153,217,217
sub-0153,218,54
sub-0153,219,54
sub-0153,220,220
sub-0153,221,38
sub-0153,222,222
sub-0153,223,223
sub-0153,224,225
sub-0153,225,225
sub-0153,226,226
sub-0153,227,226
sub-0153,228,228
sub-0153,229,229
sub-0153,230,230
sub-0153,231,231
sub-0154,0,0
sub-0154,1,1
sub-0154,2,2
sub-0154,3,3
sub-0154,4,4
sub-0154,5,30
sub-0154,6,6
sub-0154,7,7
sub-0154,8,56
sub-0154,9,9
sub-0154,10,10
sub-0154,11,11
sub-0154,12,12
sub-0154,13,13
sub-0154,14,14
sub-0154,15,35
sub-0154,16,16
sub-0154,17,38
sub-0154,18,18
sub-0154,19,19
sub-0154,20,24
sub-0154,21,21
sub-0154,22,125
sub-0154,23,24
sub-0154,24,99
sub-0154,25,25
sub-0154,26,26
sub-0154,27,27
sub-0154,28,28
sub-0154,29,29
sub-0154,30,30
sub-0154,31,31
sub-0154,32,59
sub-0154,33,33
sub-0154,34,34
sub-0154,35,35
sub-0154,36,36
sub-0154,37,37
sub-0154,38,36
sub-0154,39,39
sub-0154,40,40
sub-0154,41,199
sub-0154,42,42
sub-0154,43,43
sub-0154,44,44
sub-0154,45,119
sub-0154,46,46
sub-0154,47,47
sub-0154,48,48
sub-0154,49,49
sub-0154,50,50
sub-0154,51,0
sub-0154,52,52
sub-0154,53,53
sub-0154,54,53
sub-0154,55,131
sub-0154,56,56
sub-0154,57,57
sub-0154,58,58
sub-0154,59,59
sub-0154,60,60
sub-0154,61,61
sub-0154,62,62
sub-0154,63,63
sub-0154,64,64
sub-0154,65,62
sub-0154,66,56
sub-0154,67,56
sub-0154,68,70
sub-0154,69,62
sub-0154,70,62
sub-0154,71,71
sub-0154,72,72
sub-0154,73,70
sub-0154,74,70
sub-0154,75,75
sub-0154,76,76
sub-0154,77,77
sub-0154,78,78
sub-0154,79,99
sub-0154,80,80
sub-0154,81,81
sub-0154,82,82
sub-0154,83,219
sub-0154,84,84
sub-0154,85,62
sub-0154,86,196
sub-0154,87,87
sub-0154,88,88
sub-0154,89,70
sub-0154,90,81
sub-0154,91,86
sub-0154,92,143
sub-0154,93,62
sub-0154,94,94
sub-0154,95,62
sub-0154,96,96
sub-0154,97,97
sub-0154,98,98
sub-0154,99,99
sub-0154,100,100
sub-0154,101,101
sub-0154,102,102
sub-0154,103,1
sub-0154,104,104
sub-0154,105,105
sub-0154,106,106
sub-0154,107,107
sub-0154,108,108
sub-0154,109,109
sub-0154,110,110
sub-0154,111,111
sub-0154,112,112
sub-0154,113,113
sub-0154,114,114
sub-0154,115,115
sub-0154,116,116
sub-0154,117,117
sub-0154,118,120
sub-0154,119,165
sub-0154,120,120
sub-0154,121,121
sub-0154,122,122
sub-0154,123,123
sub-0154,124,124
sub-0154,125,125
sub-0154,126,126
sub-0154,127,127
sub-0154,128,24
sub-0154,129,129
sub-0154,130,130
sub-0154,131,131
sub-0154,132,132
sub-0154,133,165
sub-0154,134,134
sub-0154,135,135
sub-0154,136,136
sub-0154,137,137
sub-0154,138,138
sub-0154,139,139
sub-0154,140,37
sub-0154,141,141
sub-0154,142,142
sub-0154,143,143
sub-0154,144,144
sub-0154,145,145
sub-0154,146,46
sub-0154,147,147
sub-0154,148,148
sub-0154,149,149
sub-0154,150,150
sub-0154,151,151
sub-0154,152,152
sub-0154,153,153
sub-0154,154,167
sub-0154,155,155
sub-0154,156,0
sub-0154,157,157
sub-0154,158,158
sub-0154,159,159
sub-0154,160,229
sub-0154,161,171
sub-0154,162,160
sub-0154,163,163
sub-0154,164,164
sub-0154,165,165
sub-0154,166,166
sub-0154,167,167
sub-0154,168,168
sub-0154,169,169
sub-0154,170,225
sub-0154,171,171
sub-0154,172,172
sub-0154,173,173
sub-0154,174,152
sub-0154,175,175
sub-0154,176,176
sub-0154,177,70
sub-0154,178,225
sub-0154,179,179
sub-0154,180,180
sub-0154,181,152
sub-0154,182,70
sub-0154,183,191
sub-0154,184,184
sub-0154,185,185
sub-0154,186,186
sub-0154,187,177
sub-0154,188,188
sub-0154,189,151
sub-0154,190,190
sub-0154,191,191
sub-0154,192,192
sub-0154,193,193
sub-0154,194,194
sub-0154,195,195
sub-0154,196,196
sub-0154,197,197
sub-0154,198,198
sub-0154,199,199
sub-0154,200,53
sub-0154,201,8
sub-0154,202,202
sub-0154,203,163
sub-0154,204,218
sub-0154,205,205
sub-0154,206,206
sub-0154,207,169
sub-0154,208,196
sub-0154,209,209
sub-0154,210,226
sub-0154,211,92
sub-0154,212,212
sub-0154,213,226
sub-0154,214,214
sub-0154,215,215
sub-0154,216,202
sub-0154,217,225
sub-0154,218,64
sub-0154,219,219
sub-0154,220,53
sub-0154,221,221
sub-0154,222,222
sub-0154,223,47
sub-0154,224,224
sub-0154,225,225
sub-0154,226,226
sub-0154,227,227
sub-0154,228,228
sub-0154,229,229
sub-0154,230,230
sub-0154,231,231
sub-0155,0,0
sub-0155,1,1
sub-0155,2,2
sub-0155,3,3
sub-0155,4,4
sub-0155,5,5
sub-0155,6,6
sub-0155,7,7
sub-0155,8,8
sub-0155,9,9
sub-0155,10,10
sub-0155,11,11
sub-0155,12,12
sub-0155,13,13
sub-0155,14,14
sub-0155,15,15
sub-0155,16,16
sub-0155,17,17
sub-0155,18,18
sub-0155,19,19
sub-0155,20,20
sub-0155,21,144
sub-0155,22,205
sub-0155,23,23
sub-0155,24,24
sub-0155,25,25
sub-0155,26,26
sub-0155,27,27
sub-0155,28,66
sub-0155,29,29
sub-0155,30,220
sub-0155,31,31
sub-0155,32,32
sub-0155,33,64
sub-0155,34,34
sub-0155,35,35
sub-0155,36,36
sub-0155,37,37
sub-0155,38,38
sub-0155,39,39
sub-0155,40,40
sub-0155,41,205
sub-0155,42,129
sub-0155,43,43
sub-0155,44,40
sub-0155,45,45
sub-0155,46,46
sub-0155,47,47
sub-0155,48,48
sub-0155,49,49
sub-0155,50,107
sub-0155,51,51
sub-0155,52,162
sub-0155,53,53
sub-0155,54,54
sub-0155,55,204
sub-0155,56,56
sub-0155,57,57
sub-0155,58,58
sub-0155,59,59
sub-0155,60,60
sub-0155,61,169
sub-0155,62,62
sub-0155,63,57
sub-0155,64,64
sub-0155,65,168
sub-0155,66,66
sub-0155,67,67
sub-0155,68,68
sub-0155,69,69
sub-0155,70,152
sub-0155,71,71
sub-0155,72,72
sub-0155,73,73
sub-0155,74,74
sub-0155,75,75
sub-0155,76,76
sub-0155,77,77
sub-0155,78,99
sub-0155,79,79
sub-0155,80,80
sub-0155,81,81
sub-0155,82,82
sub-0155,83,83
sub-0155,84,84
sub-0155,85,66
sub-0155,86,86
sub-0155,87,87
sub-0155,88,88
sub-0155,89,89
sub-0155,90,90
sub-0155,91,153
sub-0155,92,66
sub-0155,93,93
sub-0155,94,94
sub-0155,95,95
sub-0155,96,96
sub-0155,97,97
sub-0155,98,98
sub-0155,99,99
sub-0155,100,100
sub-0155,101,101
sub-0155,102,102
sub-0155,103,0
sub-0155,104,104
sub-0155,105,105
sub-0155,106,106
sub-0155,107,107
sub-0155,108,108
sub-0155,109,49
sub-0155,110,110
sub-0155,111,6
sub-0155,112,112
sub-0155,113,113
sub-0155,114,114
sub-0155,115,115
sub-0155,116,116
sub-0155,117,117
sub-0155,118,118
sub-0155,119,119
sub-0155,120,120
sub-0155,121,121
sub-0155,122,122
sub-0155,123,123
sub-0155,124,143
sub-0155,125,125
sub-0155,126,126
sub-0155,127,127
sub-0155,128,128
sub-0155,129,129
sub-0155,130,130
sub-0155,131,131
sub-0155,132,6
sub-0155,133,133
sub-0155,134,137
sub-0155,135,57
sub-0155,136,136
sub-0155,137,137
sub-0155,138,138
sub-0155,139,139
sub-0155,140,140
sub-0155,141,141
sub-0155,142,142
sub-0155,143,143
sub-0155,144,144
sub-0155,145,145
sub-0155,146,207
sub-0155,147,148
sub-0155,148,148
sub-0155,149,149
sub-0155,150,150
sub-0155,151,151
sub-0155,152,152
sub-0155,153,153
sub-0155,154,154
sub-0155,155,155
sub-0155,156,156
sub-0155,157,157
sub-0155,158,158
sub-0155,159,159
sub-0155,160,176
sub-0155,161,161
sub-0155,162,162
sub-0155,163,28
sub-0155,164,164
sub-0155,165,165
sub-0155,166,166
sub-0155,167,167
sub-0155,168,168
sub-0155,169,169
sub-0155,170,51
sub-0155,171,171
sub-0155,172,172
sub-0155,173,173
sub-0155,174,174
sub-0155,175,175
sub-0155,176,176
sub-0155,177,177
sub-0155,178,178
sub-0155,179,179
sub-0155,180,180
sub-0155,181,67
sub-0155,182,182
sub-0155,183,183
sub-0155,184,184
sub-0155,185,97
sub-0155,186,186
sub-0155,187,209
sub-0155,188,188
sub-0155,189,176
sub-0155,190,186
sub-0155,191,191
sub-0155,192,192
sub-0155,193,193
sub-0155,194,194
sub-0155,195,195
sub-0155,196,99
sub-0155,197,197
sub-0155,198,198
sub-0155,199,199
sub-0155,200,200
sub-0155,201,201
sub-0155,202,220
sub-0155,203,218
sub-0155,204,107
sub-0155,205,143
sub-0155,206,206
sub-0155,207,207
sub-0155,208,208
sub-0155,209,209
sub-0155,210,211
sub-0155,211,225
sub-0155,212,212
sub-0155,213,211
sub-0155,214,214
sub-0155,215,215
sub-0155,216,161
sub-0155,217,216
sub-0155,218,218
sub-0155,219,50
sub-0155,220,220
sub-0155,221,221
sub-0155,222,222
sub-0155,223,223
sub-0155,224,224
sub-0155,225,225
sub-0155,226,221
sub-0155,227,131
sub-0155,228,228
sub-0155,229,205
sub-0155,230,230
sub-0155,231,231
sub-0156,0,177
sub-0156,1,1
sub-0156,2,2
sub-0156,3,3
sub-0156,4,4
sub-0156,5,5
sub-0156,6,6
sub-0156,7,7
sub-0156,8,8
sub-0156,9,9
sub-0156,10,10
sub-0156,11,11
sub-0156,12,16
sub-0156,13,13
sub-0156,14,16
sub-0156,15,15
sub-0156,16,16
sub-0156,17,17
sub-0156,18,18
sub-0156,19,18
sub-0156,20,20
sub-0156,21,21
sub-0156,22,22
sub-0156,23,23
sub-0156,24,99
sub-0156,25,25
sub-0156,26,26
sub-0156,27,27
sub-0156,28,100
sub-0156,29,29
sub-0156,30,30
sub-0156,31,31
sub-0156,32,99
sub-0156,33,33
sub-0156,34,34
sub-0156,35,35
sub-0156,36,36
sub-0156,37,37
sub-0156,38,38
sub-0156,39,39
sub-0156,40,24
sub-0156,41,41
sub-0156,42,99
sub-0156,43,43
sub-0156,44,44
sub-0156,45,45
sub-0156,46,99
sub-0156,47,47
sub-0156,48,48
sub-0156,49,178
sub-0156,50,50
sub-0156,51,51
sub-0156,52,30
sub-0156,53,203
sub-0156,54,54
sub-0156,55,55
sub-0156,56,56
sub-0156,57,57
sub-0156,58,30
sub-0156,59,59
sub-0156,60,60
sub-0156,61,61
sub-0156,62,62
sub-0156,63,63
sub-0156,64,176
sub-0156,65,65
sub-0156,66,66
sub-0156,67,174
sub-0156,68,68
sub-0156,69,69
sub-0156,70,70
sub-0156,71,71
sub-0156,72,72
sub-0156,73,73
sub-0156,74,74
sub-0156,75,75
sub-0156,76,76
sub-0156,77,77
sub-0156,78,78
sub-0156,79,79
sub-0156,80,80
sub-0156,81,186
sub-0156,82,99
sub-0156,83,83
sub-0156,84,99
sub-0156,85,99
sub-0156,86,86
sub-0156,87,87
sub-0156,88,88
sub-0156,89,89
sub-0156,90,90
sub-0156,91,91
sub-0156,92,92
sub-0156,93,93
sub-0156,94,94
sub-0156,95,95
sub-0156,96,96
sub-0156,97,97
sub-0156,98,98
sub-0156,99,99
sub-0156,100,100
sub-0156,101,6
sub-0156,102,102
sub-0156,103,176
sub-0156,104,104
sub-0156,105,105
sub-0156,106,106
sub-0156,107,107
sub-0156,108,108
sub-0156,109,109
sub-0156,110,110
sub-0156,111,111
sub-0156,112,112
sub-0156,113,16
sub-0156,114,114
sub-0156,115,115
sub-0156,116,116
sub-0156,117,117
sub-0156,118,118
sub-0156,119,119
sub-0156,120,120
sub-0156,121,121
sub-0156,122,16
sub-0156,123,123
sub-0156,124,124
sub-0156,125,125
sub-0156,126,126
sub-0156,127,127
sub-0156,128,128
sub-0156,129,129
sub-0156,130,176
sub-0156,131,30
sub-0156,132,5
sub-0156,133,99
sub-0156,134,57
sub-0156,135,35
sub-0156,136,99
sub-0156,137,99
sub-0156,138,138
sub-0156,139,139
sub-0156,140,140
sub-0156,141,141
sub-0156,142,143
sub-0156,143,143
sub-0156,144,144
sub-0156,145,145
sub-0156,146,146
sub-0156,147,37
sub-0156,148,99
sub-0156,149,154
sub-0156,150,150
sub-0156,151,151
sub-0156,152,152
sub-0156,153,153
sub-0156,154,154
sub-0156,155,155
sub-0156,156,156
sub-0156,157,157
sub-0156,158,158
sub-0156,159,159
sub-0156,160,160
sub-0156,161,126
sub-0156,162,8
sub-0156,163,163
sub-0156,164,164
sub-0156,165,151
sub-0156,166,174
sub-0156,167,143
sub-0156,168,178
sub-0156,169,169
sub-0156,170,84
sub-0156,171,89
sub-0156,172,172
sub-0156,173,173
sub-0156,174,151
sub-0156,175,175
sub-0156,176,176
sub-0156,177,177
sub-0156,178,178
sub-0156,179,179
sub-0156,180,180
sub-0156,181,181
sub-0156,182,182
sub-0156,183,183
sub-0156,184,184
sub-0156,185,185
sub-0156,186,186
sub-0156,187,99
sub-0156,188,188
sub-0156,189,183
sub-0156,190,99
sub-0156,191,191
sub-0156,192,192
sub-0156,193,99
sub-0156,194,194
sub-0156,195,195
sub-0156,196,99
sub-0156,197,197
sub-0156,198,198
sub-0156,199,199
sub-0156,200,200
sub-0156,201,99
sub-0156,202,219
sub-0156,203,203
sub-0156,204,204
sub-0156,205,205
sub-0156,206,206
sub-0156,207,207
sub-0156,208,208
sub-0156,209,209
sub-0156,210,211
sub-0156,211,211
sub-0156,212,212
sub-0156,213,213
sub-0156,214,214
sub-0156,215,215
sub-0156,216,216
sub-0156,217,217
sub-0156,218,203
sub-0156,219,219
sub-0156,220,220
sub-0156,221,204
sub-0156,222,222
sub-0156,223,223
sub-0156,224,224
sub-0156,225,225
sub-0156,226,226
sub-0156,227,227
sub-0156,228,228
sub-0156,229,229
sub-0156,230,230
sub-0156,231,231
sub-0157,0,162
sub-0157,1,1
sub-0157,2,2
sub-0157,3,3
sub-0157,4,4
sub-0157,5,5
sub-0157,6,6
sub-0157,7,7
sub-0157,8,8
sub-0157,9,9
sub-0157,10,10
sub-0157,11,11
sub-0157,12,12
sub-0157,13,13
sub-0157,14,14
sub-0157,15,15
sub-0157,16,16
sub-0157,17,17
sub-0157,18,18
sub-0157,19,19
sub-0157,20,25
sub-0157,21,21
sub-0157,22,205
sub-0157,23,23
sub-0157,24,24
sub-0157,25,25
sub-0157,26,26
sub-0157,27,27
sub-0157,28,28
sub-0157,29,29
sub-0157,30,30
sub-0157,31,31
sub-0157,32,32
sub-0157,33,138
sub-0157,34,34
sub-0157,35,35
sub-0157,36,36
sub-0157,37,37
sub-0157,38,60
sub-0157,39,39
sub-0157,40,141
sub-0157,41,41
sub-0157,42,42
sub-0157,43,43
sub-0157,44,44
sub-0157,45,45
sub-0157,46,46
sub-0157,47,89
sub-0157,48,48
sub-0157,49,49
sub-0157,50,50
sub-0157,51,51
sub-0157,52,52
sub-0157,53,53
sub-0157,54,54
sub-0157,55,52
sub-0157,56,56
sub-0157,57,57
sub-0157,58,58
sub-0157,59,59
sub-0157,60,60
sub-0157,61,61
sub-0157,62,61
sub-0157,63,63
sub-0157,64,93
sub-0157,65,65
sub-0157,66,66
sub-0157,67,67
sub-0157,68,68
sub-0157,69,69
sub-0157,70,80
sub-0157,71,71
sub-0157,72,72
sub-0157,73,159
sub-0157,74,74
sub-0157,75,75
sub-0157,76,76
sub-0157,77,77
sub-0157,78,85
sub-0157,79,79
sub-0157,80,80
sub-0157,81,81
sub-0157,82,82
sub-0157,83,83
sub-0157,84,84
sub-0157,85,85
sub-0157,86,86
sub-0157,87,87
sub-0157,88,88
sub-0157,89,89
sub-0157,90,90
sub-0157,91,91
sub-0157,92,92
sub-0157,93,93
sub-0157,94,94
sub-0157,95,95
sub-0157,96,96
sub-0157,97,97
sub-0157,98,98
sub-0157,99,82
sub-0157,100,100
sub-0157,101,101
sub-0157,102,102
sub-0157,103,0
sub-0157,104,104
sub-0157,105,105
sub-0157,106,106
sub-0157,107,107
sub-0157,108,108
sub-0157,109,227
sub-0157,110,110
sub-0157,111,111
sub-0157,112,112
sub-0157,113,113
sub-0157,114,114
sub-0157,115,115
sub-0157,116,116
sub-0157,117,117
sub-0157,118,118
sub-0157,119,119
sub-0157,120,120
sub-0157,121,121
sub-0157,122,122
sub-0157,123,123
sub-0157,124,124
sub-0157,125,125
sub-0157,126,126
sub-0157,127,127
sub-0157,128,128
sub-0157,129,129
sub-0157,130,130
sub-0157,131,131
sub-0157,132,132
sub-0157,133,133
sub-0157,134,134
sub-0157,135,135
sub-0157,136,136
sub-0157,137,137
sub-0157,138,138
sub-0157,139,139
sub-0157,140,140
sub-0157,141,141
sub-0157,142,142
sub-0157,143,63
sub-0157,144,144
sub-0157,145,145
sub-0157,146,146
sub-0157,147,147
sub-0157,148,148
sub-0157,149,149
sub-0157,150,150
sub-0157,151,151
sub-0157,152,152
sub-0157,153,153
sub-0157,154,154
sub-0157,155,174
sub-0157,156,156
sub-0157,157,176
sub-0157,158,158
sub-0157,159,159
sub-0157,160,160
sub-0157,161,161
sub-0157,162,162
sub-0157,163,163
sub-0157,164,164
sub-0157,165,165
sub-0157,166,166
sub-0157,167,166
sub-0157,168,168
sub-0157,169,169
sub-0157,170,82
sub-0157,171,171
sub-0157,172,176
sub-0157,173,173
sub-0157,174,174
sub-0157,175,175
sub-0157,176,176
sub-0157,177,177
sub-0157,178,178
sub-0157,179,179
sub-0157,180,180
sub-0157,181,166
sub-0157,182,182
sub-0157,183,174
sub-0157,184,184
sub-0157,185,185
sub-0157,186,186
sub-0157,187,155
sub-0157,188,188
sub-0157,189,70
sub-0157,190,190
sub-0157,191,159
sub-0157,192,89
sub-0157,193,193
sub-0157,194,194
sub-0157,195,195
sub-0157,196,196
sub-0157,197,91
sub-0157,198,198
sub-0157,199,199
sub-0157,200,200
sub-0157,201,201
sub-0157,202,50
sub-0157,203,203
sub-0157,204,204
sub-0157,205,128
sub-0157,206,166
sub-0157,207,138
sub-0157,208,0
sub-0157,209,209
sub-0157,210,131
sub-0157,211,131
sub-0157,212,212
sub-0157,213,213
sub-0157,214,214
sub-0157,215,215
sub-0157,216,216
sub-0157,217,217
sub-0157,218,218
sub-0157,219,219
sub-0157,220,216
sub-0157,221,221
sub-0157,222,52
sub-0157,223,223
sub-0157,224,224
sub-0157,225,225
sub-0157,226,219
sub-0157,227,52
sub-0157,228,228
sub-0157,229,229
sub-0157,230,230
sub-0157,231,231
sub-0158,0,0
sub-0158,1,1
sub-0158,2,2
sub-0158,3,3
sub-0158,4,4
sub-0158,5,5
sub-0158,6,6
sub-0158,7,7
sub-0158,8,8
sub-0158,9,9
sub-0158,10,10
sub-0158,11,11
sub-0158,12,12
sub-0158,13,13
sub-0158,14,14
sub-0158,15,15
sub-0158,16,16
sub-0158,17,17
sub-0158,18,18
sub-0158,19,19
sub-0158,20,20
sub-0158,21,21
sub-0158,22,22
sub-0158,23,23
sub-0158,24,24
sub-0158,25,59
sub-0158,26,26
sub-0158,27,27
sub-0158,28,64
sub-0158,29,29
sub-0158,30,30
sub-0158,31,31
sub-0158,32,32
sub-0158,33,33
sub-0158,34,34
sub-0158,35,35
sub-0158,36,36
sub-0158,37,37
sub-0158,38,38
sub-0158,39,39
sub-0158,40,40
sub-0158,41,20
sub-0158,42,42
sub-0158,43,147
sub-0158,44,44
sub-0158,45,45
sub-0158,46,46
sub-0158,47,174
sub-0158,48,48
sub-0158,49,49
sub-0158,50,50
sub-0158,51,51
sub-0158,52,52
sub-0158,53,52
sub-0158,54,54
sub-0158,55,55
sub-0158,56,69
sub-0158,57,57
sub-0158,58,58
sub-0158,59,59
sub-0158,60,60
sub-0158,61,69
sub-0158,62,62
sub-0158,63,63
sub-0158,64,38
sub-0158,65,65
sub-0158,66,69
sub-0158,67,67
sub-0158,68,68
sub-0158,69,69
sub-0158,70,69
sub-0158,71,71
sub-0158,72,72
sub-0158,73,73
sub-0158,74,74
sub-0158,75,75
sub-0158,76,76
sub-0158,77,77
sub-0158,78,72
sub-0158,79,79
sub-0158,80,80
sub-0158,81,81
sub-0158,82,160
sub-0158,83,83
sub-0158,84,92
sub-0158,85,55
sub-0158,86,69
sub-0158,87,87
sub-0158,88,88
sub-0158,89,89
sub-0158,90,89
sub-0158,91,89
sub-0158,92,92
sub-0158,93,89
sub-0158,94,94
sub-0158,95,194
sub-0158,96,96
sub-0158,97,97
sub-0158,98,131
sub-0158,99,89
sub-0158,100,100
sub-0158,101,101
sub-0158,102,102
sub-0158,103,103
sub-0158,104,104
sub-0158,105,105
sub-0158,106,106
sub-0158,107,107
sub-0158,108,108
sub-0158,109,2
sub-0158,110,110
sub-0158,111,111
sub-0158,112,112
sub-0158,113,113
sub-0158,114,114
sub-0158,115,115
sub-0158,116,116
sub-0158,117,117
sub-0158,118,118
sub-0158,119,119
sub-0158,120,120
sub-0158,121,121
sub-0158,122,122
sub-0158,123,123
sub-0158,124,124
sub-0158,125,125
sub-0158,126,126
sub-0158,127,127
sub-0158,128,128
sub-0158,129,129
sub-0158,130,103
sub-0158,131,131
sub-0158,132,132
sub-0158,133,133
sub-0158,134,134
sub-0158,135,135
sub-0158,136,136
sub-0158,137,138
sub-0158,138,138
sub-0158,139,139
sub-0158,140,140
sub-0158,141,141
sub-0158,142,138
sub-0158,143,143
sub-0158,144,144
sub-0158,145,145
sub-0158,146,146
sub-0158,147,196
sub-0158,148,147
sub-0158,149,149
sub-0158,150,150
sub-0158,151,153
sub-0158,152,152
sub-0158,153,153
sub-0158,154,154
sub-0158,155,155
sub-0158,156,156
sub-0158,157,157
sub-0158,158,158
sub-0158,159,83
sub-0158,160,160
sub-0158,161,176
sub-0158,162,160
sub-0158,163,131
sub-0158,164,164
sub-0158,165,165
sub-0158,166,166
sub-0158,167,38
sub-0158,168,168
sub-0158,169,169
sub-0158,170,170
sub-0158,171,176
sub-0158,172,172
sub-0158,173,173
sub-0158,174,69
sub-0158,175,175
sub-0158,176,176
sub-0158,177,178
sub-0158,178,178
sub-0158,179,179
sub-0158,180,180
sub-0158,181,138
sub-0158,182,182
sub-0158,183,183
sub-0158,184,152
sub-0158,185,185
sub-0158,186,186
sub-0158,187,187
sub-0158,188,188
sub-0158,189,152
sub-0158,190,217
sub-0158,191,191
sub-0158,192,192
sub-0158,193,217
sub-0158,194,194
sub-0158,195,195
sub-0158,196,196
sub-0158,197,205
sub-0158,198,198
sub-0158,199,199
sub-0158,200,200
sub-0158,201,201
sub-0158,202,161
sub-0158,203,203
sub-0158,204,204
sub-0158,205,0
sub-0158,206,55
sub-0158,207,207
sub-0158,208,208
sub-0158,209,209
sub-0158,210,227
sub-0158,211,198
sub-0158,212,212
sub-0158,213,205
sub-0158,214,214
sub-0158,215,215
sub-0158,216,216
sub-0158,217,217
sub-0158,218,219
sub-0158,219,219
sub-0158,220,205
sub-0158,221,204
sub-0158,222,62
sub-0158,223,223
sub-0158,224,224
sub-0158,225,225
sub-0158,226,219
sub-0158,227,209
sub-0158,228,228
sub-0158,229,229
sub-0158,230,230
sub-0158,231,231
sub-0159,0,118
sub-0159,1,1
sub-0159,2,2
sub-0159,3,3
sub-0159,4,4
sub-0159,5,5
sub-0159,6,6
sub-0159,7,7
sub-0159,8,8
sub-0159,9,9
sub-0159,10,10
sub-0159,11,11
sub-0159,12,43
sub-0159,13,13
sub-0159,14,14
sub-0159,15,15
sub-0159,16,16
sub-0159,17,17
sub-0159,18,18
sub-0159,19,19
sub-0159,20,20
sub-0159,21,21
sub-0159,22,22
sub-0159,23,23
sub-0159,24,199
sub-0159,25,25
sub-0159,26,26
sub-0159,27,27
sub-0159,28,28
sub-0159,29,29
sub-0159,30,30
sub-0159,31,31
sub-0159,32,32
sub-0159,33,58
sub-0159,34,34
sub-0159,35,35
sub-0159,36,36
sub-0159,37,37
sub-0159,38,38
sub-0159,39,39
sub-0159,40,40
sub-0159,41,41
sub-0159,42,61
sub-0159,43,43
sub-0159,44,44
sub-0159,45,146
sub-0159,46,46
sub-0159,47,47
sub-0159,48,48
sub-0159,49,49
sub-0159,50,50
sub-0159,51,51
sub-0159,52,52
sub-0159,53,53
sub-0159,54,54
sub-0159,55,55
sub-0159,56,56
sub-0159,57,57
sub-0159,58,58
sub-0159,59,59
sub-0159,60,60
sub-0159,61,61
sub-0159,62,62
sub-0159,63,63
sub-0159,64,61
sub-0159,65,65
sub-0159,66,66
sub-0159,67,67
sub-0159,68,68
sub-0159,69,69
sub-0159,70,70
sub-0159,71,60
sub-0159,72,72
sub-0159,73,61
sub-0159,74,74
sub-0159,75,75
sub-0159,76,76
sub-0159,77,80
sub-0159,78,78
sub-0159,79,79
sub-0159,80,80
sub-0159,81,81
sub-0159,82,82
sub-0159,83,83
sub-0159,84,84
sub-0159,85,196
sub-0159,86,86
sub-0159,87,87
sub-0159,88,88
sub-0159,89,89
sub-0159,90,90
sub-0159,91,91
sub-0159,92,92
sub-0159,93,93
sub-0159,94,94
sub-0159,95,95
sub-0159,96,96
sub-0159,97,97
sub-0159,98,98
sub-0159,99,99
sub-0159,100,100
sub-0159,101,101
sub-0159,102,102
sub-0159,103,131
sub-0159,104,104
sub-0159,105,105
sub-0159,106,106
sub-0159,107,107
sub-0159,108,108
sub-0159,109,109
sub-0159,110,110
sub-0159,111,111
sub-0159,112,112
sub-0159,113,113
sub-0159,114,116
sub-0159,115,115
sub-0159,116,117
sub-0159,117,117
sub-0159,118,118
sub-0159,119,119
sub-0159,120,120
sub-0159,121,121
sub-0159,122,122
sub-0159,123,123
sub-0159,124,124
sub-0159,125,125
sub-0159,126,124
sub-0159,127,127
sub-0159,128,128
sub-0159,129,129
sub-0159,130,130
sub-0159,131,131
sub-0159,132,132
sub-0159,133,133
sub-0159,134,134
sub-0159,135,165
sub-0159,136,136
sub-0159,137,137
sub-0159,138,138
sub-0159,139,139
sub-0159,140,140
sub-0159,141,141
sub-0159,142,146
sub-0159,143,143
sub-0159,144,144
sub-0159,145,145
sub-0159,146,146
sub-0159,147,36
sub-0159,148,148
sub-0159,149,149
sub-0159,150,150
sub-0159,151,151
sub-0159,152,178
sub-0159,153,153
sub-0159,154,154
sub-0159,155,155
sub-0159,156,156
sub-0159,157,157
sub-0159,158,158
sub-0159,159,159
sub-0159,160,160
sub-0159,161,161
sub-0159,162,208
sub-0159,163,163
sub-0159,164,164
sub-0159,165,165
sub-0159,166,166
sub-0159,167,167
sub-0159,168,168
sub-0159,169,169
sub-0159,170,170
sub-0159,171,171
sub-0159,172,172
sub-0159,173,173
sub-0159,174,174
sub-0159,175,175
sub-0159,176,176
sub-0159,177,177
sub-0159,178,178
sub-0159,179,179
sub-0159,180,180
sub-0159,181,43
sub-0159,182,182
sub-0159,183,183
sub-0159,184,47
sub-0159,185,185
sub-0159,186,186
sub-0159,187,230
sub-0159,188,188
sub-0159,189,189
sub-0159,190,190
sub-0159,191,191
sub-0159,192,192
sub-0159,193,193
sub-0159,194,194
sub-0159,195,195
sub-0159,196,196
sub-0159,197,197
sub-0159,198,198
sub-0159,199,199
sub-0159,200,219
sub-0159,201,201
sub-0159,202,202
sub-0159,203,203
sub-0159,204,3
sub-0159,205,223
sub-0159,206,206
sub-0159,207,207
sub-0159,208,208
sub-0159,209,209
sub-0159,210,227
sub-0159,211,211
sub-0159,212,230
sub-0159,213,213
sub-0159,214,214
sub-0159,215,215
sub-0159,216,216
sub-0159,217,217
sub-0159,218,218
sub-0159,219,219
sub-0159,220,205
sub-0159,221,221
sub-0159,222,222
sub-0159,223,223
sub-0159,224,224
sub-0159,225,225
sub-0159,226,230
sub-0159,227,210
sub-0159,228,228
sub-0159,229,229
sub-0159,230,230
sub-0159,231,231
sub-0160,0,0
sub-0160,1,0
sub-0160,2,2
sub-0160,3,3
sub-0160,4,4
sub-0160,5,31
sub-0160,6,220
sub-0160,7,10
sub-0160,8,8
sub-0160,9,9
sub-0160,10,10
sub-0160,11,11
sub-0160,12,12
sub-0160,13,13
sub-0160,14,14
sub-0160,15,15
sub-0160,16,16
sub-0160,17,66
sub-0160,18,18
sub-0160,19,19
sub-0160,20,198
sub-0160,21,127
sub-0160,22,199
sub-0160,23,23
sub-0160,24,24
sub-0160,25,25
sub-0160,26,26
sub-0160,27,27
sub-0160,28,28
sub-0160,29,163
sub-0160,30,199
sub-0160,31,31
sub-0160,32,32
sub-0160,33,66
sub-0160,34,34
sub-0160,35,35
sub-0160,36,36
sub-0160,37,7
sub-0160,38,75
sub-0160,39,39
sub-0160,40,40
sub-0160,41,213
sub-0160,42,42
sub-0160,43,43
sub-0160,44,44
sub-0160,45,45
sub-0160,46,46
sub-0160,47,47
sub-0160,48,48
sub-0160,49,49
sub-0160,50,83
sub-0160,51,51
sub-0160,52,53
sub-0160,53,171
sub-0160,54,98
sub-0160,55,8
sub-0160,56,56
sub-0160,57,57
sub-0160,58,57
sub-0160,59,59
sub-0160,60,66
sub-0160,61,75
sub-0160,62,62
sub-0160,63,63
sub-0160,64,64
sub-0160,65,187
sub-0160,66,66
sub-0160,67,66
sub-0160,68,68
sub-0160,69,69
sub-0160,70,70
sub-0160,71,71
sub-0160,72,43
sub-0160,73,73
sub-0160,74,74
sub-0160,75,75
sub-0160,76,76
sub-0160,77,77
sub-0160,78,99
sub-0160,79,79
sub-0160,80,156
sub-0160,81,81
sub-0160,82,83
sub-0160,83,83
sub-0160,84,86
sub-0160,85,85
sub-0160,86,86
sub-0160,87,87
sub-0160,88,88
sub-0160,89,89
sub-0160,90,90
sub-0160,91,91
sub-0160,92,92
sub-0160,93,93
sub-0160,94,94
sub-0160,95,95
sub-0160,96,96
sub-0160,97,97
sub-0160,98,206
sub-0160,99,40
sub-0160,100,100
sub-0160,101,101
sub-0160,102,102
sub-0160,103,103
sub-0160,104,104
sub-0160,105,111
sub-0160,106,7
sub-0160,107,107
sub-0160,108,108
sub-0160,109,109
sub-0160,110,110
sub-0160,111,111
sub-0160,112,112
sub-0160,113,113
sub-0160,114,114
sub-0160,115,115
sub-0160,116,116
sub-0160,117,117
sub-0160,118,118
sub-0160,119,131
sub-0160,120,120
sub-0160,121,121
sub-0160,122,122
sub-0160,123,123
sub-0160,124,199
sub-0160,125,125
sub-0160,126,126
sub-0160,127,147
sub-0160,128,127
sub-0160,129,129
sub-0160,130,130
sub-0160,131,131
sub-0160,132,132
sub-0160,133,111
sub-0160,134,171
sub-0160,135,135
sub-0160,136,148
sub-0160,137,137
sub-0160,138,148
sub-0160,139,139
sub-0160,140,207
sub-0160,141,141
sub-0160,142,168
sub-0160,143,143
sub-0160,144,40
sub-0160,145,145
sub-0160,146,146
sub-0160,147,147
sub-0160,148,148
sub-0160,149,149
sub-0160,150,150
sub-0160,151,171
sub-0160,152,152
sub-0160,153,199
sub-0160,154,154
sub-0160,155,155
sub-0160,156,156
sub-0160,157,157
sub-0160,158,158
sub-0160,159,156
sub-0160,160,160
sub-0160,161,152
sub-0160,162,97
sub-0160,163,130
sub-0160,164,164
sub-0160,165,165
sub-0160,166,171
sub-0160,167,167
sub-0160,168,168
sub-0160,169,169
sub-0160,170,68
sub-0160,171,171
sub-0160,172,172
sub-0160,173,173
sub-0160,174,174
sub-0160,175,175
sub-0160,176,176
sub-0160,177,177
sub-0160,178,178
sub-0160,179,179
sub-0160,180,180
sub-0160,181,181
sub-0160,182,182
sub-0160,183,183
sub-0160,184,184
sub-0160,185,185
sub-0160,186,186
sub-0160,187,187
sub-0160,188,188
sub-0160,189,189
sub-0160,190,190
sub-0160,191,191
sub-0160,192,192
sub-0160,193,193
sub-0160,194,194
sub-0160,195,195
sub-0160,196,198
sub-0160,197,197
sub-0160,198,198
sub-0160,199,199
sub-0160,200,200
sub-0160,201,201
sub-0160,202,211
sub-0160,203,203
sub-0160,204,204
sub-0160,205,205
sub-0160,206,206
sub-0160,207,207
sub-0160,208,208
sub-0160,209,209
sub-0160,210,92
sub-0160,211,201
sub-0160,212,212
sub-0160,213,199
sub-0160,214,213
sub-0160,215,213
sub-0160,216,97
sub-0160,217,217
sub-0160,218,98
sub-0160,219,49
sub-0160,220,220
sub-0160,221,213
sub-0160,222,222
sub-0160,223,223
sub-0160,224,220
sub-0160,225,225
sub-0160,226,47
sub-0160,227,217
sub-0160,228,228
sub-0160,229,229
sub-0160,230,224
sub-0160,231,213
sub-0161,0,0
sub-0161,1,1
sub-0161,2,2
sub-0161,3,3
sub-0161,4,4
sub-0161,5,5
sub-0161,6,6
sub-0161,7,7
sub-0161,8,28
sub-0161,9,9
sub-0161,10,10
sub-0161,11,11
sub-0161,12,12
sub-0161,13,13
sub-0161,14,14
sub-0161,15,15
sub-0161,16,16
sub-0161,17,17
sub-0161,18,18
sub-0161,19,19
sub-0161,20,20
sub-0161,21,21
sub-0161,22,22
sub-0161,23,22
sub-0161,24,199
sub-0161,25,25
sub-0161,26,26
sub-0161,27,200
sub-0161,28,28
sub-0161,29,29
sub-0161,30,195
sub-0161,31,195
sub-0161,32,32
sub-0161,33,195
sub-0161,34,34
sub-0161,35,35
sub-0161,36,36
sub-0161,37,37
sub-0161,38,38
sub-0161,39,97
sub-0161,40,55
sub-0161,41,139
sub-0161,42,42
sub-0161,43,43
sub-0161,44,44
sub-0161,45,45
sub-0161,46,60
sub-0161,47,47
sub-0161,48,48
sub-0161,49,49
sub-0161,50,50
sub-0161,51,51
sub-0161,52,52
sub-0161,53,53
sub-0161,54,54
sub-0161,55,160
sub-0161,56,56
sub-0161,57,57
sub-0161,58,58
sub-0161,59,59
sub-0161,60,60
sub-0161,61,61
sub-0161,62,62
sub-0161,63,28
sub-0161,64,64
sub-0161,65,60
sub-0161,66,95
sub-0161,67,67
sub-0161,68,68
sub-0161,69,69
sub-0161,70,70
sub-0161,71,182
sub-0161,72,72
sub-0161,73,73
sub-0161,74,74
sub-0161,75,75
sub-0161,76,76
sub-0161,77,77
sub-0161,78,78
sub-0161,79,79
sub-0161,80,80
sub-0161,81,81
sub-0161,82,82
sub-0161,83,83
sub-0161,84,84
sub-0161,85,85
sub-0161,86,86
sub-0161,87,87
sub-0161,88,88
sub-0161,89,89
sub-0161,90,70
sub-0161,91,91
sub-0161,92,92
sub-0161,93,93
sub-0161,94,94
sub-0161,95,95
sub-0161,96,97
sub-0161,97,97
sub-0161,98,98
sub-0161,99,74
sub-0161,100,100
sub-0161,101,101
sub-0161,102,102
sub-0161,103,0
sub-0161,104,104
sub-0161,105,105
sub-0161,106,106
sub-0161,107,107
sub-0161,108,108
sub-0161,109,109
sub-0161,110,110
sub-0161,111,111
sub-0161,112,112
sub-0161,113,113
sub-0161,114,114
sub-0161,115,115
sub-0161,116,116
sub-0161,117,117
sub-0161,118,112
sub-0161,119,119
sub-0161,120,120
sub-0161,121,121
sub-0161,122,122
sub-0161,123,123
sub-0161,124,124
sub-0161,125,125
sub-0161,126,126
sub-0161,127,124
sub-0161,128,22
sub-0161,129,129
sub-0161,130,28
sub-0161,131,131
sub-0161,132,195
sub-0161,133,133
sub-0161,134,134
sub-0161,135,135
sub-0161,136,195
sub-0161,137,137
sub-0161,138,138
sub-0161,139,139
sub-0161,140,117
sub-0161,141,141
sub-0161,142,6
sub-0161,143,198
sub-0161,144,22
sub-0161,145,151
sub-0161,146,146
sub-0161,147,197
sub-0161,148,150
sub-0161,149,149
sub-0161,150,150
sub-0161,151,151
sub-0161,152,152
sub-0161,153,153
sub-0161,154,153
sub-0161,155,155
sub-0161,156,131
sub-0161,157,157
sub-0161,158,158
sub-0161,159,159
sub-0161,160,160
sub-0161,161,161
sub-0161,162,200
sub-0161,163,163
sub-0161,164,164
sub-0161,165,165
sub-0161,166,166
sub-0161,167,167
sub-0161,168,168
sub-0161,169,153
sub-0161,170,189
sub-0161,171,171
sub-0161,172,172
sub-0161,173,173
sub-0161,174,174
sub-0161,175,175
sub-0161,176,153
sub-0161,177,177
sub-0161,178,178
sub-0161,179,179
sub-0161,180,180
sub-0161,181,181
sub-0161,182,182
sub-0161,183,183
sub-0161,184,175
sub-0161,185,185
sub-0161,186,153
sub-0161,187,153
sub-0161,188,153
sub-0161,189,189
sub-0161,190,190
sub-0161,191,191
sub-0161,192,192
sub-0161,193,193
sub-0161,194,97
sub-0161,195,195
sub-0161,196,196
sub-0161,197,197
sub-0161,198,198
sub-0161,199,199
sub-0161,200,200
sub-0161,201,201
sub-0161,202,202
sub-0161,203,203
sub-0161,204,195
sub-0161,205,204
sub-0161,206,206
sub-0161,207,207
sub-0161,208,169
sub-0161,209,153
sub-0161,210,103
sub-0161,211,147
sub-0161,212,153
sub-0161,213,114
sub-0161,214,231
sub-0161,215,215
sub-0161,216,200
sub-0161,217,217
sub-0161,218,218
sub-0161,219,219
sub-0161,220,27
sub-0161,221,112
sub-0161,222,222
sub-0161,223,223
sub-0161,224,209
sub-0161,225,155
sub-0161,226,226
sub-0161,227,60
sub-0161,228,228
sub-0161,229,229
sub-0161,230,230
sub-0161,231,90
sub-0162,0,0
sub-0162,1,1
sub-0162,2,2
sub-0162,3,3
sub-0162,4,4
sub-0162,5,5
sub-0162,6,6
sub-0162,7,7
sub-0162,8,8
sub-0162,9,9
sub-0162,10,10
sub-0162,11,11
sub-0162,12,17
sub-0162,13,13
sub-0162,14,14
sub-0162,15,15
sub-0162,16,16
sub-0162,17,17
sub-0162,18,18
sub-0162,19,19
sub-0162,20,22
sub-0162,21,21
sub-0162,22,22
sub-0162,23,23
sub-0162,24,146
sub-0162,25,25
sub-0162,26,26
sub-0162,27,27
sub-0162,28,28
sub-0162,29,29
sub-0162,30,195
sub-0162,31,6
sub-0162,32,32
sub-0162,33,33
sub-0162,34,34
sub-0162,35,35
sub-0162,36,36
sub-0162,37,37
sub-0162,38,38
sub-0162,39,39
sub-0162,40,40
sub-0162,41,41
sub-0162,42,42
sub-0162,43,43
sub-0162,44,44
sub-0162,45,45
sub-0162,46,46
sub-0162,47,47
sub-0162,48,48
sub-0162,49,49
sub-0162,50,50
sub-0162,51,51
sub-0162,52,52
sub-0162,53,92
sub-0162,54,54
sub-0162,55,219
sub-0162,56,56
sub-0162,57,57
sub-0162,58,58
sub-0162,59,59
sub-0162,60,60
sub-0162,61,61
sub-0162,62,62
sub-0162,63,63
sub-0162,64,64
sub-0162,65,65
sub-0162,66,66
sub-0162,67,67
sub-0162,68,68
sub-0162,69,69
sub-0162,70,70
sub-0162,71,71
sub-0162,72,72
sub-0162,73,73
sub-0162,74,74
sub-0162,75,75
sub-0162,76,76
sub-0162,77,77
sub-0162,78,78
sub-0162,79,79
sub-0162,80,80
sub-0162,81,81
sub-0162,82,82
sub-0162,83,83
sub-0162,84,84
sub-0162,85,85
sub-0162,86,86
sub-0162,87,87
sub-0162,88,88
sub-0162,89,89
sub-0162,90,90
sub-0162,91,91
sub-0162,92,92
sub-0162,93,93
sub-0162,94,94
sub-0162,95,95
sub-0162,96,96
sub-0162,97,97
sub-0162,98,98
sub-0162,99,78
sub-0162,100,100
sub-0162,101,101
sub-0162,102,102
sub-0162,103,220
sub-0162,104,104
sub-0162,105,105
sub-0162,106,106
sub-0162,107,111
sub-0162,108,108
sub-0162,109,109
sub-0162,110,110
sub-0162,111,111
sub-0162,112,112
sub-0162,113,113
sub-0162,114,114
sub-0162,115,115
sub-0162,116,116
sub-0162,117,117
sub-0162,118,118
sub-0162,119,119
sub-0162,120,120
sub-0162,121,121
sub-0162,122,122
sub-0162,123,22
sub-0162,124,124
sub-0162,125,125
sub-0162,126,126
sub-0162,127,127
sub-0162,128,128
sub-0162,129,129
sub-0162,130,130
sub-0162,131,131
sub-0162,132,132
sub-0162,133,195
sub-0162,134,134
sub-0162,135,135
sub-0162,136,136
sub-0162,137,117
sub-0162,138,138
sub-0162,139,139
sub-0162,140,140
sub-0162,141,141
sub-0162,142,153
sub-0162,143,207
sub-0162,144,147
sub-0162,145,145
sub-0162,146,17
sub-0162,147,210
sub-0162,148,148
sub-0162,149,149
sub-0162,150,150
sub-0162,151,151
sub-0162,152,177
sub-0162,153,153
sub-0162,154,154
sub-0162,155,155
sub-0162,156,156
sub-0162,157,157
sub-0162,158,158
sub-0162,159,159
sub-0162,160,160
sub-0162,161,161
sub-0162,162,162
sub-0162,163,163
sub-0162,164,164
sub-0162,165,165
sub-0162,166,166
sub-0162,167,167
sub-0162,168,168
sub-0162,169,169
sub-0162,170,170
sub-0162,171,171
sub-0162,172,188
sub-0162,173,151
sub-0162,174,174
sub-0162,175,175
sub-0162,176,176
sub-0162,177,184
sub-0162,178,178
sub-0162,179,179
sub-0162,180,180
sub-0162,181,181
sub-0162,182,182
sub-0162,183,183
sub-0162,184,184
sub-0162,185,185
sub-0162,186,186
sub-0162,187,187
sub-0162,188,188
sub-0162,189,189
sub-0162,190,190
sub-0162,191,191
sub-0162,192,192
sub-0162,193,193
sub-0162,194,194
sub-0162,195,195
sub-0162,196,84
sub-0162,197,198
sub-0162,198,198
sub-0162,199,131
sub-0162,200,200
sub-0162,201,201
sub-0162,202,54
sub-0162,203,131
sub-0162,204,131
sub-0162,205,204
sub-0162,206,169
sub-0162,207,207
sub-0162,208,208
sub-0162,209,209
sub-0162,210,210
sub-0162,211,198
sub-0162,212,212
sub-0162,213,213
sub-0162,214,214
sub-0162,215,92
sub-0162,216,216
sub-0162,217,161
sub-0162,218,218
sub-0162,219,207
sub-0162,220,220
sub-0162,221,221
sub-0162,222,169
sub-0162,223,223
sub-0162,224,224
sub-0162,225,225
sub-0162,226,226
sub-0162,227,210
sub-0162,228,228
sub-0162,229,229
sub-0162,230,230
sub-0162,231,231
sub-0163,0,0
sub-0163,1,1
sub-0163,2,2
sub-0163,3,3
sub-0163,4,4
sub-0163,5,5
sub-0163,6,6
sub-0163,7,7
sub-0163,8,8
sub-0163,9,9
sub-0163,10,10
sub-0163,11,11
sub-0163,12,223
sub-0163,13,54
sub-0163,14,14
sub-0163,15,15
sub-0163,16,16
sub-0163,17,17
sub-0163,18,18
sub-0163,19,19
sub-0163,20,20
sub-0163,21,21
sub-0163,22,20
sub-0163,23,23
sub-0163,24,24
sub-0163,25,25
sub-0163,26,26
sub-0163,27,27
sub-0163,28,28
sub-0163,29,29
sub-0163,30,30
sub-0163,31,31
sub-0163,32,32
sub-0163,33,180
sub-0163,34,34
sub-0163,35,35
sub-0163,36,36
sub-0163,37,13
sub-0163,38,60
sub-0163,39,39
sub-0163,40,40
sub-0163,41,41
sub-0163,42,146
sub-0163,43,43
sub-0163,44,44
sub-0163,45,45
sub-0163,46,46
sub-0163,47,47
sub-0163,48,48
sub-0163,49,49
sub-0163,50,93
sub-0163,51,53
sub-0163,52,52
sub-0163,53,53
sub-0163,54,99
sub-0163,55,53
sub-0163,56,56
sub-0163,57,57
sub-0163,58,58
sub-0163,59,59
sub-0163,60,60
sub-0163,61,61
sub-0163,62,62
sub-0163,63,63
sub-0163,64,64
sub-0163,65,65
sub-0163,66,66
sub-0163,67,67
sub-0163,68,68
sub-0163,69,69
sub-0163,70,70
sub-0163,71,71
sub-0163,72,72
sub-0163,73,73
sub-0163,74,74
sub-0163,75,75
sub-0163,76,76
sub-0163,77,77
sub-0163,78,78
sub-0163,79,79
sub-0163,80,80
sub-0163,81,81
sub-0163,82,82
sub-0163,83,83
sub-0163,84,99
sub-0163,85,85
sub-0163,86,86
sub-0163,87,87
sub-0163,88,88
sub-0163,89,89
sub-0163,90,90
sub-0163,91,90
sub-0163,92,53
sub-0163,93,93
sub-0163,94,94
sub-0163,95,95
sub-0163,96,96
sub-0163,97,97
sub-0163,98,98
sub-0163,99,99
sub-0163,100,100
sub-0163,101,4
sub-0163,102,102
sub-0163,103,103
sub-0163,104,104
sub-0163,105,105
sub-0163,106,106
sub-0163,107,99
sub-0163,108,108
sub-0163,109,109
sub-0163,110,110
sub-0163,111,111
sub-0163,112,112
sub-0163,113,113
sub-0163,114,114
sub-0163,115,115
sub-0163,116,119
sub-0163,117,117
sub-0163,118,118
sub-0163,119,119
sub-0163,120,120
sub-0163,121,121
sub-0163,122,122
sub-0163,123,123
sub-0163,124,124
sub-0163,125,127
sub-0163,126,143
sub-0163,127,127
sub-0163,128,128
sub-0163,129,129
sub-0163,130,28
sub-0163,131,99
sub-0163,132,132
sub-0163,133,133
sub-0163,134,134
sub-0163,135,135
sub-0163,136,136
sub-0163,137,137
sub-0163,138,138
sub-0163,139,139
sub-0163,140,140
sub-0163,141,141
sub-0163,142,142
sub-0163,143,143
sub-0163,144,144
sub-0163,145,145
sub-0163,146,150
sub-0163,147,148
sub-0163,148,148
sub-0163,149,149
sub-0163,150,176
sub-0163,151,151
sub-0163,152,152
sub-0163,153,153
sub-0163,154,154
sub-0163,155,155
sub-0163,156,156
sub-0163,157,209
sub-0163,158,158
sub-0163,159,159
sub-0163,160,217
sub-0163,161,161
sub-0163,162,53
sub-0163,163,163
sub-0163,164,164
sub-0163,165,165
sub-0163,166,166
sub-0163,167,167
sub-0163,168,168
sub-0163,169,169
sub-0163,170,170
sub-0163,171,171
sub-0163,172,172
sub-0163,173,173
sub-0163,174,176
sub-0163,175,175
sub-0163,176,176
sub-0163,177,177
sub-0163,178,178
sub-0163,179,179
sub-0163,180,180
sub-0163,181,181
sub-0163,182,182
sub-0163,183,183
sub-0163,184,166
sub-0163,185,185
sub-0163,186,209
sub-0163,187,187
sub-0163,188,188
sub-0163,189,189
sub-0163,190,190
sub-0163,191,191
sub-0163,192,167
sub-0163,193,193
sub-0163,194,194
sub-0163,195,195
sub-0163,196,198
sub-0163,197,216
sub-0163,198,198
sub-0163,199,199
sub-0163,200,200
sub-0163,201,201
sub-0163,202,207
sub-0163,203,203
sub-0163,204,204
sub-0163,205,205
sub-0163,206,206
sub-0163,207,207
sub-0163,208,208
sub-0163,209,209
sub-0163,210,180
sub-0163,211,99
sub-0163,212,212
sub-0163,213,213
sub-0163,214,214
sub-0163,215,215
sub-0163,216,216
sub-0163,217,217
sub-0163,218,220
sub-0163,219,202
sub-0163,220,220
sub-0163,221,221
sub-0163,222,220
sub-0163,223,223
sub-0163,224,224
sub-0163,225,225
sub-0163,226,160
sub-0163,227,220
sub-0163,228,228
sub-0163,229,144
sub-0163,230,230
sub-0163,231,47
sub-0164,0,3
sub-0164,1,1
sub-0164,2,2
sub-0164,3,3
sub-0164,4,4
sub-0164,5,5
sub-0164,6,6
sub-0164,7,7
sub-0164,8,195
sub-0164,9,9
sub-0164,10,10
sub-0164,11,11
sub-0164,12,12
sub-0164,13,204
sub-0164,14,14
sub-0164,15,118
sub-0164,16,16
sub-0164,17,228
sub-0164,18,18
sub-0164,19,19
sub-0164,20,124
sub-0164,21,21
sub-0164,22,19
sub-0164,23,156
sub-0164,24,189
sub-0164,25,211
sub-0164,26,90
sub-0164,27,27
sub-0164,28,28
sub-0164,29,29
sub-0164,30,30
sub-0164,31,31
sub-0164,32,32
sub-0164,33,56
sub-0164,34,34
sub-0164,35,35
sub-0164,36,36
sub-0164,37,37
sub-0164,38,38
sub-0164,39,39
sub-0164,40,38
sub-0164,41,33
sub-0164,42,42
sub-0164,43,43
sub-0164,44,44
sub-0164,45,45
sub-0164,46,46
sub-0164,47,47
sub-0164,48,48
sub-0164,49,49
sub-0164,50,66
sub-0164,51,51
sub-0164,52,176
sub-0164,53,53
sub-0164,54,210
sub-0164,55,60
sub-0164,56,56
sub-0164,57,57
sub-0164,58,58
sub-0164,59,59
sub-0164,60,60
sub-0164,61,61
sub-0164,62,62
sub-0164,63,63
sub-0164,64,64
sub-0164,65,38
sub-0164,66,66
sub-0164,67,67
sub-0164,68,68
sub-0164,69,69
sub-0164,70,70
sub-0164,71,71
sub-0164,72,47
sub-0164,73,73
sub-0164,74,74
sub-0164,75,75
sub-0164,76,76
sub-0164,77,77
sub-0164,78,78
sub-0164,79,79
sub-0164,80,80
sub-0164,81,81
sub-0164,82,90
sub-0164,83,70
sub-0164,84,84
sub-0164,85,85
sub-0164,86,86
sub-0164,87,87
sub-0164,88,88
sub-0164,89,89
sub-0164,90,90
sub-0164,91,91
sub-0164,92,92
sub-0164,93,64
sub-0164,94,64
sub-0164,95,195
sub-0164,96,96
sub-0164,97,97
sub-0164,98,86
sub-0164,99,84
sub-0164,100,100
sub-0164,101,101
sub-0164,102,102
sub-0164,103,103
sub-0164,104,3
sub-0164,105,105
sub-0164,106,106
sub-0164,107,107
sub-0164,108,108
sub-0164,109,109
sub-0164,110,110
sub-0164,111,111
sub-0164,112,112
sub-0164,113,113
sub-0164,114,114
sub-0164,115,115
sub-0164,116,118
sub-0164,117,117
sub-0164,118,118
sub-0164,119,119
sub-0164,120,120
sub-0164,121,121
sub-0164,122,122
sub-0164,123,123
sub-0164,124,124
sub-0164,125,159
sub-0164,126,126
sub-0164,127,45
sub-0164,128,131
sub-0164,129,124
sub-0164,130,130
sub-0164,131,131
sub-0164,132,132
sub-0164,133,133
sub-0164,134,134
sub-0164,135,135
sub-0164,136,136
sub-0164,137,134
sub-0164,138,138
sub-0164,139,139
sub-0164,140,37
sub-0164,141,141
sub-0164,142,142
sub-0164,143,24
sub-0164,144,146
sub-0164,145,145
sub-0164,146,146
sub-0164,147,147
sub-0164,148,195
sub-0164,149,149
sub-0164,150,150
sub-0164,151,151
sub-0164,152,152
sub-0164,153,153
sub-0164,154,154
sub-0164,155,155
sub-0164,156,156
sub-0164,157,197
sub-0164,158,158
sub-0164,159,177
sub-0164,160,200
sub-0164,161,161
sub-0164,162,202
sub-0164,163,163
sub-0164,164,164
sub-0164,165,165
sub-0164,166,166
sub-0164,167,167
sub-0164,168,168
sub-0164,169,169
sub-0164,170,170
sub-0164,171,171
sub-0164,172,172
sub-0164,173,173
sub-0164,174,176
sub-0164,175,175
sub-0164,176,176
sub-0164,177,177
sub-0164,178,178
sub-0164,179,179
sub-0164,180,180
sub-0164,181,177
sub-0164,182,182
sub-0164,183,183
sub-0164,184,83
sub-0164,185,185
sub-0164,186,186
sub-0164,187,182
sub-0164,188,188
sub-0164,189,189
sub-0164,190,190
sub-0164,191,191
sub-0164,192,192
sub-0164,193,193
sub-0164,194,194
sub-0164,195,195
sub-0164,196,196
sub-0164,197,224
sub-0164,198,6
sub-0164,199,131
sub-0164,200,200
sub-0164,201,201
sub-0164,202,8
sub-0164,203,203
sub-0164,204,204
sub-0164,205,220
sub-0164,206,206
sub-0164,207,207
sub-0164,208,201
sub-0164,209,228
sub-0164,210,210
sub-0164,211,187
sub-0164,212,212
sub-0164,213,209
sub-0164,214,214
sub-0164,215,209
sub-0164,216,216
sub-0164,217,217
sub-0164,218,176
sub-0164,219,219
sub-0164,220,220
sub-0164,221,211
sub-0164,222,209
sub-0164,223,223
sub-0164,224,224
sub-0164,225,230
sub-0164,226,226
sub-0164,227,227
sub-0164,228,228
sub-0164,229,229
sub-0164,230,230
sub-0164,231,225
sub-0165,0,0
sub-0165,1,1
sub-0165,2,2
sub-0165,3,3
sub-0165,4,4
sub-0165,5,5
sub-0165,6,6
sub-0165,7,7
sub-0165,8,64
sub-0165,9,9
sub-0165,10,10
sub-0165,11,10
sub-0165,12,12
sub-0165,13,13
sub-0165,14,14
sub-0165,15,43
sub-0165,16,16
sub-0165,17,17
sub-0165,18,18
sub-0165,19,19
sub-0165,20,124
sub-0165,21,21
sub-0165,22,22
sub-0165,23,23
sub-0165,24,24
sub-0165,25,25
sub-0165,26,26
sub-0165,27,27
sub-0165,28,28
sub-0165,29,29
sub-0165,30,30
sub-0165,31,31
sub-0165,32,32
sub-0165,33,95
sub-0165,34,34
sub-0165,35,35
sub-0165,36,36
sub-0165,37,37
sub-0165,38,95
sub-0165,39,39
sub-0165,40,40
sub-0165,41,41
sub-0165,42,42
sub-0165,43,43
sub-0165,44,39
sub-0165,45,45
sub-0165,46,46
sub-0165,47,47
sub-0165,48,48
sub-0165,49,49
sub-0165,50,50
sub-0165,51,51
sub-0165,52,52
sub-0165,53,53
sub-0165,54,54
sub-0165,55,198
sub-0165,56,56
sub-0165,57,57
sub-0165,58,58
sub-0165,59,57
sub-0165,60,60
sub-0165,61,61
sub-0165,62,62
sub-0165,63,63
sub-0165,64,64
sub-0165,65,65
sub-0165,66,66
sub-0165,67,67
sub-0165,68,68
sub-0165,69,69
sub-0165,70,177
sub-0165,71,71
sub-0165,72,72
sub-0165,73,73
sub-0165,74,74
sub-0165,75,75
sub-0165,76,76
sub-0165,77,73
sub-0165,78,78
sub-0165,79,79
sub-0165,80,80
sub-0165,81,81
sub-0165,82,82
sub-0165,83,83
sub-0165,84,95
sub-0165,85,85
sub-0165,86,86
sub-0165,87,87
sub-0165,88,88
sub-0165,89,89
sub-0165,90,90
sub-0165,91,91
sub-0165,92,56
sub-0165,93,93
sub-0165,94,94
sub-0165,95,95
sub-0165,96,96
sub-0165,97,97
sub-0165,98,98
sub-0165,99,131
sub-0165,100,100
sub-0165,101,101
sub-0165,102,102
sub-0165,103,103
sub-0165,104,104
sub-0165,105,105
sub-0165,106,226
sub-0165,107,204
sub-0165,108,108
sub-0165,109,109
sub-0165,110,110
sub-0165,111,99
sub-0165,112,112
sub-0165,113,113
sub-0165,114,114
sub-0165,115,115
sub-0165,116,116
sub-0165,117,117
sub-0165,118,118
sub-0165,119,119
sub-0165,120,120
sub-0165,121,121
sub-0165,122,122
sub-0165,123,123
sub-0165,124,124
sub-0165,125,125
sub-0165,126,126
sub-0165,127,127
sub-0165,128,128
sub-0165,129,129
sub-0165,130,30
sub-0165,131,43
sub-0165,132,132
sub-0165,133,133
sub-0165,134,0
sub-0165,135,38
sub-0165,136,136
sub-0165,137,137
sub-0165,138,138
sub-0165,139,139
sub-0165,140,140
sub-0165,141,141
sub-0165,142,141
sub-0165,143,207
sub-0165,144,144
sub-0165,145,145
sub-0165,146,146
sub-0165,147,43
sub-0165,148,148
sub-0165,149,149
sub-0165,150,150
sub-0165,151,151
sub-0165,152,152
sub-0165,153,153
sub-0165,154,154
sub-0165,155,155
sub-0165,156,156
sub-0165,157,157
sub-0165,158,158
sub-0165,159,159
sub-0165,160,160
sub-0165,161,161
sub-0165,162,160
sub-0165,163,163
sub-0165,164,164
sub-0165,165,165
sub-0165,166,166
sub-0165,167,167
sub-0165,168,168
sub-0165,169,169
sub-0165,170,170
sub-0165,171,171
sub-0165,172,172
sub-0165,173,173
sub-0165,174,174
sub-0165,175,175
sub-0165,176,176
sub-0165,177,177
sub-0165,178,178
sub-0165,179,179
sub-0165,180,180
sub-0165,181,181
sub-0165,182,182
sub-0165,183,183
sub-0165,184,184
sub-0165,185,185
sub-0165,186,186
sub-0165,187,187
sub-0165,188,159
sub-0165,189,189
sub-0165,190,190
sub-0165,191,191
sub-0165,192,192
sub-0165,193,193
sub-0165,194,194
sub-0165,195,195
sub-0165,196,196
sub-0165,197,197
sub-0165,198,198
sub-0165,199,199
sub-0165,200,200
sub-0165,201,160
sub-0165,202,202
sub-0165,203,203
sub-0165,204,99
sub-0165,205,205
sub-0165,206,206
sub-0165,207,207
sub-0165,208,209
sub-0165,209,223
sub-0165,210,210
sub-0165,211,226
sub-0165,212,212
sub-0165,213,213
sub-0165,214,214
sub-0165,215,215
sub-0165,216,216
sub-0165,217,217
sub-0165,218,218
sub-0165,219,219
sub-0165,220,220
sub-0165,221,221
sub-0165,222,222
sub-0165,223,223
sub-0165,224,224
sub-0165,225,225
sub-0165,226,99
sub-0165,227,198
sub-0165,228,209
sub-0165,229,126
sub-0165,230,230
sub-0165,231,231
sub-0166,0,0
sub-0166,1,1
sub-0166,2,2
sub-0166,3,3
sub-0166,4,4
sub-0166,5,5
sub-0166,6,6
sub-0166,7,7
sub-0166,8,8
sub-0166,9,9
sub-0166,10,10
sub-0166,11,11
sub-0166,12,12
sub-0166,13,13
sub-0166,14,121
sub-0166,15,15
sub-0166,16,16
sub-0166,17,17
sub-0166,18,18
sub-0166,19,19
sub-0166,20,22
sub-0166,21,122
sub-0166,22,22
sub-0166,23,23
sub-0166,24,98
sub-0166,25,25
sub-0166,26,26
sub-0166,27,27
sub-0166,28,28
sub-0166,29,29
sub-0166,30,120
sub-0166,31,31
sub-0166,32,32
sub-0166,33,33
sub-0166,34,34
sub-0166,35,35
sub-0166,36,36
sub-0166,37,37
sub-0166,38,38
sub-0166,39,39
sub-0166,40,40
sub-0166,41,41
sub-0166,42,42
sub-0166,43,43
sub-0166,44,44
sub-0166,45,119
sub-0166,46,46
sub-0166,47,47
sub-0166,48,48
sub-0166,49,49
sub-0166,50,50
sub-0166,51,216
sub-0166,52,52
sub-0166,53,53
sub-0166,54,227
sub-0166,55,55
sub-0166,56,37
sub-0166,57,57
sub-0166,58,168
sub-0166,59,59
sub-0166,60,60
sub-0166,61,61
sub-0166,62,62
sub-0166,63,63
sub-0166,64,64
sub-0166,65,69
sub-0166,66,66
sub-0166,67,67
sub-0166,68,68
sub-0166,69,69
sub-0166,70,70
sub-0166,71,71
sub-0166,72,72
sub-0166,73,73
sub-0166,74,74
sub-0166,75,75
sub-0166,76,76
sub-0166,77,92
sub-0166,78,78
sub-0166,79,79
sub-0166,80,80
sub-0166,81,81
sub-0166,82,82
sub-0166,83,83
sub-0166,84,84
sub-0166,85,85
sub-0166,86,86
sub-0166,87,87
sub-0166,88,88
sub-0166,89,168
sub-0166,90,86
sub-0166,91,91
sub-0166,92,92
sub-0166,93,93
sub-0166,94,94
sub-0166,95,95
sub-0166,96,96
sub-0166,97,97
sub-0166,98,98
sub-0166,99,84
sub-0166,100,100
sub-0166,101,101
sub-0166,102,102
sub-0166,103,103
sub-0166,104,104
sub-0166,105,105
sub-0166,106,106
sub-0166,107,107
sub-0166,108,108
sub-0166,109,109
sub-0166,110,110
sub-0166,111,111
sub-0166,112,112
sub-0166,113,121
sub-0166,114,114
sub-0166,115,115
sub-0166,116,116
sub-0166,117,117
sub-0166,118,118
sub-0166,119,119
sub-0166,120,120
sub-0166,121,121
sub-0166,122,122
sub-0166,123,123
sub-0166,124,124
sub-0166,125,125
sub-0166,126,126
sub-0166,127,127
sub-0166,128,128
sub-0166,129,129
sub-0166,130,130
sub-0166,131,37
sub-0166,132,132
sub-0166,133,133
sub-0166,134,168
sub-0166,135,135
sub-0166,136,136
sub-0166,137,137
sub-0166,138,138
sub-0166,139,139
sub-0166,140,140
sub-0166,141,141
sub-0166,142,146
sub-0166,143,143
sub-0166,144,144
sub-0166,145,145
sub-0166,146,146
sub-0166,147,12
sub-0166,148,148
sub-0166,149,149
sub-0166,150,168
sub-0166,151,151
sub-0166,152,152
sub-0166,153,153
sub-0166,154,168
sub-0166,155,155
sub-0166,156,40
sub-0166,157,157
sub-0166,158,158
sub-0166,159,175
sub-0166,160,160
sub-0166,161,92
sub-0166,162,162
sub-0166,163,163
sub-0166,164,164
sub-0166,165,168
sub-0166,166,166
sub-0166,167,167
sub-0166,168,168
sub-0166,169,169
sub-0166,170,170
sub-0166,171,171
sub-0166,172,172
sub-0166,173,173
sub-0166,174,174
sub-0166,175,175
sub-0166,176,176
sub-0166,177,175
sub-0166,178,168
sub-0166,179,179
sub-0166,180,180
sub-0166,181,181
sub-0166,182,182
sub-0166,183,183
sub-0166,184,189
sub-0166,185,185
sub-0166,186,47
sub-0166,187,187
sub-0166,188,188
sub-0166,189,189
sub-0166,190,190
sub-0166,191,191
sub-0166,192,192
sub-0166,193,193
sub-0166,194,194
sub-0166,195,195
sub-0166,196,196
sub-0166,197,198
sub-0166,198,189
sub-0166,199,183
sub-0166,200,200
sub-0166,201,92
sub-0166,202,205
sub-0166,203,203
sub-0166,204,163
sub-0166,205,205
sub-0166,206,206
sub-0166,207,207
sub-0166,208,208
sub-0166,209,209
sub-0166,210,210
sub-0166,211,210
sub-0166,212,212
sub-0166,213,222
sub-0166,214,214
sub-0166,215,215
sub-0166,216,216
sub-0166,217,217
sub-0166,218,205
sub-0166,219,219
sub-0166,220,220
sub-0166,221,221
sub-0166,222,222
sub-0166,223,223
sub-0166,224,224
sub-0166,225,225
sub-0166,226,221
sub-0166,227,210
sub-0166,228,228
sub-0166,229,229
sub-0166,230,230
sub-0166,231,231
sub-0167,0,0
sub-0167,1,195
sub-0167,2,2
sub-0167,3,3
sub-0167,4,4
sub-0167,5,5
sub-0167,6,195
sub-0167,7,7
sub-0167,8,8
sub-0167,9,9
sub-0167,10,10
sub-0167,11,11
sub-0167,12,35
sub-0167,13,13
sub-0167,14,14
sub-0167,15,15
sub-0167,16,16
sub-0167,17,17
sub-0167,18,18
sub-0167,19,19
sub-0167,20,20
sub-0167,21,21
sub-0167,22,222
sub-0167,23,23
sub-0167,24,183
sub-0167,25,25
sub-0167,26,26
sub-0167,27,27
sub-0167,28,28
sub-0167,29,29
sub-0167,30,30
sub-0167,31,31
sub-0167,32,32
sub-0167,33,33
sub-0167,34,34
sub-0167,35,35
sub-0167,36,36
sub-0167,37,37
sub-0167,38,38
sub-0167,39,39
sub-0167,40,40
sub-0167,41,41
sub-0167,42,41
sub-0167,43,43
sub-0167,44,44
sub-0167,45,45
sub-0167,46,67
sub-0167,47,183
sub-0167,48,48
sub-0167,49,49
sub-0167,50,69
sub-0167,51,51
sub-0167,52,52
sub-0167,53,53
sub-0167,54,54
sub-0167,55,189
sub-0167,56,56
sub-0167,57,57
sub-0167,58,58
sub-0167,59,59
sub-0167,60,60
sub-0167,61,61
sub-0167,62,62
sub-0167,63,63
sub-0167,64,64
sub-0167,65,65
sub-0167,66,66
sub-0167,67,67
sub-0167,68,68
sub-0167,69,64
sub-0167,70,191
sub-0167,71,71
sub-0167,72,72
sub-0167,73,73
sub-0167,74,74
sub-0167,75,75
sub-0167,76,76
sub-0167,77,183
sub-0167,78,78
sub-0167,79,79
sub-0167,80,80
sub-0167,81,81
sub-0167,82,82
sub-0167,83,83
sub-0167,84,189
sub-0167,85,85
sub-0167,86,86
sub-0167,87,87
sub-0167,88,88
sub-0167,89,89
sub-0167,90,191
sub-0167,91,91
sub-0167,92,28
sub-0167,93,93
sub-0167,94,94
sub-0167,95,95
sub-0167,96,96
sub-0167,97,97
sub-0167,98,98
sub-0167,99,189
sub-0167,100,6
sub-0167,101,28
sub-0167,102,102
sub-0167,103,99
sub-0167,104,104
sub-0167,105,105
sub-0167,106,106
sub-0167,107,107
sub-0167,108,108
sub-0167,109,109
sub-0167,110,110
sub-0167,111,111
sub-0167,112,112
sub-0167,113,113
sub-0167,114,114
sub-0167,115,115
sub-0167,116,116
sub-0167,117,117
sub-0167,118,118
sub-0167,119,119
sub-0167,120,120
sub-0167,121,121
sub-0167,122,122
sub-0167,123,123
sub-0167,124,124
sub-0167,125,125
sub-0167,126,127
sub-0167,127,127
sub-0167,128,128
sub-0167,129,129
sub-0167,130,130
sub-0167,131,131
sub-0167,132,132
sub-0167,133,133
sub-0167,134,134
sub-0167,135,135
sub-0167,136,136
sub-0167,137,137
sub-0167,138,138
sub-0167,139,139
sub-0167,140,140
sub-0167,141,141
sub-0167,142,152
sub-0167,143,143
sub-0167,144,144
sub-0167,145,145
sub-0167,146,146
sub-0167,147,226
sub-0167,148,148
sub-0167,149,149
sub-0167,150,150
sub-0167,151,151
sub-0167,152,152
sub-0167,153,153
sub-0167,154,154
sub-0167,155,155
sub-0167,156,156
sub-0167,157,157
sub-0167,158,158
sub-0167,159,159
sub-0167,160,160
sub-0167,161,161
sub-0167,162,162
sub-0167,163,163
sub-0167,164,164
sub-0167,165,165
sub-0167,166,166
sub-0167,167,167
sub-0167,168,168
sub-0167,169,8
sub-0167,170,170
sub-0167,171,171
sub-0167,172,172
sub-0167,173,173
sub-0167,174,174
sub-0167,175,175
sub-0167,176,183
sub-0167,177,191
sub-0167,178,178
sub-0167,179,179
sub-0167,180,180
sub-0167,181,183
sub-0167,182,182
sub-0167,183,183
sub-0167,184,184
sub-0167,185,185
sub-0167,186,186
sub-0167,187,187
sub-0167,188,188
sub-0167,189,189
sub-0167,190,190
sub-0167,191,191
sub-0167,192,183
sub-0167,193,193
sub-0167,194,194
sub-0167,195,195
sub-0167,196,197
sub-0167,197,197
sub-0167,198,183
sub-0167,199,199
sub-0167,200,160
sub-0167,201,55
sub-0167,202,202
sub-0167,203,203
sub-0167,204,204
sub-0167,205,205
sub-0167,206,206
sub-0167,207,221
sub-0167,208,208
sub-0167,209,210
sub-0167,210,210
sub-0167,211,182
sub-0167,212,212
sub-0167,213,213
sub-0167,214,152
sub-0167,215,215
sub-0167,216,218
sub-0167,217,217
sub-0167,218,218
sub-0167,219,219
sub-0167,220,63
sub-0167,221,221
sub-0167,222,222
sub-0167,223,223
sub-0167,224,222
sub-0167,225,225
sub-0167,226,205
sub-0167,227,227
sub-0167,228,204
sub-0167,229,229
sub-0167,230,230
sub-0167,231,157
sub-0168,0,0
sub-0168,1,1
sub-0168,2,2
sub-0168,3,3
sub-0168,4,4
sub-0168,5,5
sub-0168,6,6
sub-0168,7,7
sub-0168,8,201
sub-0168,9,9
sub-0168,10,10
sub-0168,11,11
sub-0168,12,12
sub-0168,13,13
sub-0168,14,14
sub-0168,15,15
sub-0168,16,16
sub-0168,17,17
sub-0168,18,18
sub-0168,19,19
sub-0168,20,20
sub-0168,21,201
sub-0168,22,22
sub-0168,23,23
sub-0168,24,147
sub-0168,25,25
sub-0168,26,26
sub-0168,27,27
sub-0168,28,28
sub-0168,29,29
sub-0168,30,30
sub-0168,31,31
sub-0168,32,32
sub-0168,33,33
sub-0168,34,34
sub-0168,35,35
sub-0168,36,36
sub-0168,37,37
sub-0168,38,38
sub-0168,39,39
sub-0168,40,40
sub-0168,41,41
sub-0168,42,42
sub-0168,43,43
sub-0168,44,44
sub-0168,45,45
sub-0168,46,39
sub-0168,47,47
sub-0168,48,48
sub-0168,49,49
sub-0168,50,66
sub-0168,51,51
sub-0168,52,52
sub-0168,53,168
sub-0168,54,54
sub-0168,55,55
sub-0168,56,66
sub-0168,57,57
sub-0168,58,58
sub-0168,59,168
sub-0168,60,60
sub-0168,61,69
sub-0168,62,62
sub-0168,63,63
sub-0168,64,64
sub-0168,65,65
sub-0168,66,66
sub-0168,67,168
sub-0168,68,68
sub-0168,69,69
sub-0168,70,70
sub-0168,71,71
sub-0168,72,72
sub-0168,73,73
sub-0168,74,74
sub-0168,75,75
sub-0168,76,76
sub-0168,77,77
sub-0168,78,78
sub-0168,79,79
sub-0168,80,80
sub-0168,81,81
sub-0168,82,82
sub-0168,83,83
sub-0168,84,197
sub-0168,85,69
sub-0168,86,86
sub-0168,87,87
sub-0168,88,88
sub-0168,89,89
sub-0168,90,90
sub-0168,91,91
sub-0168,92,66
sub-0168,93,93
sub-0168,94,94
sub-0168,95,95
sub-0168,96,96
sub-0168,97,97
sub-0168,98,98
sub-0168,99,138
sub-0168,100,100
sub-0168,101,101
sub-0168,102,102
sub-0168,103,103
sub-0168,104,104
sub-0168,105,105
sub-0168,106,106
sub-0168,107,107
sub-0168,108,108
sub-0168,109,109
sub-0168,110,110
sub-0168,111,111
sub-0168,112,112
sub-0168,113,113
sub-0168,114,114
sub-0168,115,115
sub-0168,116,116
sub-0168,117,117
sub-0168,118,118
sub-0168,119,119
sub-0168,120,120
sub-0168,121,121
sub-0168,122,122
sub-0168,123,123
sub-0168,124,124
sub-0168,125,125
sub-0168,126,143
sub-0168,127,127
sub-0168,128,128
sub-0168,129,129
sub-0168,130,130
sub-0168,131,131
sub-0168,132,132
sub-0168,133,133
sub-0168,134,173
sub-0168,135,164
sub-0168,136,136
sub-0168,137,137
sub-0168,138,138
sub-0168,139,139
sub-0168,140,140
sub-0168,141,141
sub-0168,142,142
sub-0168,143,143
sub-0168,144,144
sub-0168,145,145
sub-0168,146,146
sub-0168,147,147
sub-0168,148,148
sub-0168,149,149
sub-0168,150,150
sub-0168,151,168
sub-0168,152,152
sub-0168,153,153
sub-0168,154,154
sub-0168,155,155
sub-0168,156,156
sub-0168,157,157
sub-0168,158,158
sub-0168,159,159
sub-0168,160,219
sub-0168,161,161
sub-0168,162,162
sub-0168,163,163
sub-0168,164,164
sub-0168,165,165
sub-0168,166,166
sub-0168,167,167
sub-0168,168,168
sub-0168,169,169
sub-0168,170,170
sub-0168,171,171
sub-0168,172,172
sub-0168,173,173
sub-0168,174,174
sub-0168,175,175
sub-0168,176,176
sub-0168,177,177
sub-0168,178,178
sub-0168,179,179
sub-0168,180,180
sub-0168,181,181
sub-0168,182,182
sub-0168,183,183
sub-0168,184,184
sub-0168,185,185
sub-0168,186,186
sub-0168,187,201
sub-0168,188,188
sub-0168,189,178
sub-0168,190,51
sub-0168,191,191
sub-0168,192,168
sub-0168,193,193
sub-0168,194,194
sub-0168,195,195
sub-0168,196,196
sub-0168,197,197
sub-0168,198,198
sub-0168,199,199
sub-0168,200,201
sub-0168,201,12
sub-0168,202,202
sub-0168,203,203
sub-0168,204,22
sub-0168,205,205
sub-0168,206,0
sub-0168,207,207
sub-0168,208,208
sub-0168,209,209
sub-0168,210,0
sub-0168,211,225
sub-0168,212,212
sub-0168,213,213
sub-0168,214,214
sub-0168,215,215
sub-0168,216,216
sub-0168,217,217
sub-0168,218,218
sub-0168,219,219
sub-0168,220,220
sub-0168,221,221
sub-0168,222,222
sub-0168,223,223
sub-0168,224,224
sub-0168,225,225
sub-0168,226,226
sub-0168,227,168
sub-0168,228,213
sub-0168,229,229
sub-0168,230,230
sub-0168,231,231
sub-0169,0,0
sub-0169,1,1
sub-0169,2,2
sub-0169,3,3
sub-0169,4,4
sub-0169,5,5
sub-0169,6,6
sub-0169,7,7
sub-0169,8,8
sub-0169,9,9
sub-0169,10,10
sub-0169,11,11
sub-0169,12,148
sub-0169,13,13
sub-0169,14,55
sub-0169,15,15
sub-0169,16,16
sub-0169,17,36
sub-0169,18,18
sub-0169,19,19
sub-0169,20,20
sub-0169,21,21
sub-0169,22,40
sub-0169,23,23
sub-0169,24,24
sub-0169,25,25
sub-0169,26,26
sub-0169,27,27
sub-0169,28,28
sub-0169,29,29
sub-0169,30,28
sub-0169,31,31
sub-0169,32,32
sub-0169,33,33
sub-0169,34,34
sub-0169,35,35
sub-0169,36,36
sub-0169,37,37
sub-0169,38,38
sub-0169,39,39
sub-0169,40,40
sub-0169,41,41
sub-0169,42,42
sub-0169,43,43
sub-0169,44,44
sub-0169,45,146
sub-0169,46,46
sub-0169,47,47
sub-0169,48,48
sub-0169,49,49
sub-0169,50,218
sub-0169,51,51
sub-0169,52,217
sub-0169,53,53
sub-0169,54,54
sub-0169,55,217
sub-0169,56,56
sub-0169,57,57
sub-0169,58,58
sub-0169,59,59
sub-0169,60,38
sub-0169,61,61
sub-0169,62,66
sub-0169,63,40
sub-0169,64,64
sub-0169,65,65
sub-0169,66,66
sub-0169,67,67
sub-0169,68,68
sub-0169,69,66
sub-0169,70,60
sub-0169,71,71
sub-0169,72,72
sub-0169,73,73
sub-0169,74,74
sub-0169,75,75
sub-0169,76,76
sub-0169,77,77
sub-0169,78,78
sub-0169,79,79
sub-0169,80,80
sub-0169,81,81
sub-0169,82,82
sub-0169,83,83
sub-0169,84,84
sub-0169,85,75
sub-0169,86,86
sub-0169,87,87
sub-0169,88,88
sub-0169,89,89
sub-0169,90,90
sub-0169,91,91
sub-0169,92,92
sub-0169,93,93
sub-0169,94,94
sub-0169,95,95
sub-0169,96,96
sub-0169,97,97
sub-0169,98,198
sub-0169,99,43
sub-0169,100,100
sub-0169,101,101
sub-0169,102,102
sub-0169,103,103
sub-0169,104,104
sub-0169,105,105
sub-0169,106,2
sub-0169,107,107
sub-0169,108,108
sub-0169,109,109
sub-0169,110,8
sub-0169,111,103
sub-0169,112,112
sub-0169,113,113
sub-0169,114,37
sub-0169,115,115
sub-0169,116,116
sub-0169,117,117
sub-0169,118,118
sub-0169,119,119
sub-0169,120,120
sub-0169,121,121
sub-0169,122,122
sub-0169,123,123
sub-0169,124,124
sub-0169,125,125
sub-0169,126,126
sub-0169,127,127
sub-0169,128,128
sub-0169,129,129
sub-0169,130,130
sub-0169,131,131
sub-0169,132,132
sub-0169,133,43
sub-0169,134,171
sub-0169,135,135
sub-0169,136,39
sub-0169,137,137
sub-0169,138,138
sub-0169,139,139
sub-0169,140,142
sub-0169,141,141
sub-0169,142,142
sub-0169,143,143
sub-0169,144,144
sub-0169,145,145
sub-0169,146,146
sub-0169,147,43
sub-0169,148,148
sub-0169,149,149
sub-0169,150,150
sub-0169,151,151
sub-0169,152,152
sub-0169,153,153
sub-0169,154,154
sub-0169,155,44
sub-0169,156,156
sub-0169,157,157
sub-0169,158,158
sub-0169,159,159
sub-0169,160,160
sub-0169,161,0
sub-0169,162,162
sub-0169,163,163
sub-0169,164,164
sub-0169,165,173
sub-0169,166,173
sub-0169,167,167
sub-0169,168,168
sub-0169,169,169
sub-0169,170,170
sub-0169,171,171
sub-0169,172,172
sub-0169,173,173
sub-0169,174,198
sub-0169,175,175
sub-0169,176,176
sub-0169,177,171
sub-0169,178,178
sub-0169,179,179
sub-0169,180,180
sub-0169,181,43
sub-0169,182,182
sub-0169,183,183
sub-0169,184,51
sub-0169,185,185
sub-0169,186,217
sub-0169,187,47
sub-0169,188,188
sub-0169,189,175
sub-0169,190,190
sub-0169,191,176
sub-0169,192,192
sub-0169,193,193
sub-0169,194,194
sub-0169,195,97
sub-0169,196,196
sub-0169,197,198
sub-0169,198,198
sub-0169,199,199
sub-0169,200,200
sub-0169,201,201
sub-0169,202,162
sub-0169,203,97
sub-0169,204,204
sub-0169,205,205
sub-0169,206,154
sub-0169,207,207
sub-0169,208,217
sub-0169,209,209
sub-0169,210,38
sub-0169,211,52
sub-0169,212,225
sub-0169,213,213
sub-0169,214,214
sub-0169,215,215
sub-0169,216,216
sub-0169,217,66
sub-0169,218,217
sub-0169,219,219
sub-0169,220,162
sub-0169,221,221
sub-0169,222,222
sub-0169,223,223
sub-0169,224,50
sub-0169,225,225
sub-0169,226,174
sub-0169,227,149
sub-0169,228,228
sub-0169,229,229
sub-0169,230,230
sub-0169,231,231
sub-0170,0,0
sub-0170,1,1
sub-0170,2,2
sub-0170,3,3
sub-0170,4,4
sub-0170,5,5
sub-0170,6,6
sub-0170,7,7
sub-0170,8,8
sub-0170,9,9
sub-0170,10,10
sub-0170,11,11
sub-0170,12,12
sub-0170,13,38
sub-0170,14,14
sub-0170,15,15
sub-0170,16,16
sub-0170,17,17
sub-0170,18,18
sub-0170,19,19
sub-0170,20,20
sub-0170,21,21
sub-0170,22,22
sub-0170,23,23
sub-0170,24,141
sub-0170,25,25
sub-0170,26,26
sub-0170,27,148
sub-0170,28,28
sub-0170,29,29
sub-0170,30,30
sub-0170,31,31
sub-0170,32,32
sub-0170,33,36
sub-0170,34,34
sub-0170,35,35
sub-0170,36,36
sub-0170,37,37
sub-0170,38,38
sub-0170,39,39
sub-0170,40,148
sub-0170,41,63
sub-0170,42,46
sub-0170,43,43
sub-0170,44,44
sub-0170,45,45
sub-0170,46,46
sub-0170,47,47
sub-0170,48,48
sub-0170,49,49
sub-0170,50,50
sub-0170,51,51
sub-0170,52,52
sub-0170,53,53
sub-0170,54,54
sub-0170,55,143
sub-0170,56,56
sub-0170,57,57
sub-0170,58,58
sub-0170,59,59
sub-0170,60,60
sub-0170,61,46
sub-0170,62,62
sub-0170,63,28
sub-0170,64,64
sub-0170,65,169
sub-0170,66,66
sub-0170,67,67
sub-0170,68,68
sub-0170,69,69
sub-0170,70,70
sub-0170,71,71
sub-0170,72,72
sub-0170,73,73
sub-0170,74,74
sub-0170,75,75
sub-0170,76,76
sub-0170,77,187
sub-0170,78,67
sub-0170,79,79
sub-0170,80,80
sub-0170,81,81
sub-0170,82,82
sub-0170,83,83
sub-0170,84,84
sub-0170,85,85
sub-0170,86,86
sub-0170,87,87
sub-0170,88,88
sub-0170,89,89
sub-0170,90,90
sub-0170,91,91
sub-0170,92,92
sub-0170,93,93
sub-0170,94,94
sub-0170,95,95
sub-0170,96,96
sub-0170,97,97
sub-0170,98,98
sub-0170,99,83
sub-0170,100,100
sub-0170,101,28
sub-0170,102,102
sub-0170,103,0
sub-0170,104,104
sub-0170,105,105
sub-0170,106,106
sub-0170,107,107
sub-0170,108,108
sub-0170,109,109
sub-0170,110,110
sub-0170,111,111
sub-0170,112,112
sub-0170,113,148
sub-0170,114,114
sub-0170,115,115
sub-0170,116,116
sub-0170,117,117
sub-0170,118,118
sub-0170,119,119
sub-0170,120,120
sub-0170,121,121
sub-0170,122,122
sub-0170,123,123
sub-0170,124,124
sub-0170,125,125
sub-0170,126,126
sub-0170,127,127
sub-0170,128,128
sub-0170,129,129
sub-0170,130,130
sub-0170,131,141
sub-0170,132,28
sub-0170,133,133
sub-0170,134,134
sub-0170,135,37
sub-0170,136,136
sub-0170,137,137
sub-0170,138,138
sub-0170,139,139
sub-0170,140,140
sub-0170,141,141
sub-0170,142,142
sub-0170,143,49
sub-0170,144,144
sub-0170,145,145
sub-0170,146,146
sub-0170,147,147
sub-0170,148,148
sub-0170,149,149
sub-0170,150,150
sub-0170,151,151
sub-0170,152,152
sub-0170,153,153
sub-0170,154,154
sub-0170,155,155
sub-0170,156,156
sub-0170,157,157
sub-0170,158,158
sub-0170,159,159
sub-0170,160,160
sub-0170,161,161
sub-0170,162,53
sub-0170,163,163
sub-0170,164,164
sub-0170,165,39
sub-0170,166,166
sub-0170,167,141
sub-0170,168,168
sub-0170,169,169
sub-0170,170,170
sub-0170,171,171
sub-0170,172,172
sub-0170,173,173
sub-0170,174,174
sub-0170,175,175
sub-0170,176,176
sub-0170,177,183
sub-0170,178,178
sub-0170,179,179
sub-0170,180,180
sub-0170,181,181
sub-0170,182,182
sub-0170,183,183
sub-0170,184,184
sub-0170,185,185
sub-0170,186,186
sub-0170,187,187
sub-0170,188,188
sub-0170,189,189
sub-0170,190,190
sub-0170,191,191
sub-0170,192,69
sub-0170,193,193
sub-0170,194,194
sub-0170,195,195
sub-0170,196,193
sub-0170,197,197
sub-0170,198,198
sub-0170,199,199
sub-0170,200,200
sub-0170,201,216
sub-0170,202,169
sub-0170,203,219
sub-0170,204,204
sub-0170,205,205
sub-0170,206,210
sub-0170,207,207
sub-0170,208,38
sub-0170,209,209
sub-0170,210,210
sub-0170,211,227
sub-0170,212,212
sub-0170,213,199
sub-0170,214,214
sub-0170,215,228
sub-0170,216,216
sub-0170,217,217
sub-0170,218,218
sub-0170,219,28
sub-0170,220,220
sub-0170,221,187
sub-0170,222,210
sub-0170,223,65
sub-0170,224,221
sub-0170,225,225
sub-0170,226,210
sub-0170,227,148
sub-0170,228,228
sub-0170,229,229
sub-0170,230,230
sub-0170,231,231
sub-0171,0,0
sub-0171,1,1
sub-0171,2,2
sub-0171,3,3
sub-0171,4,4
sub-0171,5,5
sub-0171,6,6
sub-0171,7,7
sub-0171,8,8
sub-0171,9,9
sub-0171,10,10
sub-0171,11,11
sub-0171,12,12
sub-0171,13,13
sub-0171,14,17
sub-0171,15,15
sub-0171,16,16
sub-0171,17,17
sub-0171,18,18
sub-0171,19,19
sub-0171,20,20
sub-0171,21,21
sub-0171,22,22
sub-0171,23,23
sub-0171,24,198
sub-0171,25,25
sub-0171,26,26
sub-0171,27,27
sub-0171,28,28
sub-0171,29,29
sub-0171,30,30
sub-0171,31,31
sub-0171,32,32
sub-0171,33,33
sub-0171,34,34
sub-0171,35,35
sub-0171,36,36
sub-0171,37,37
sub-0171,38,38
sub-0171,39,39
sub-0171,40,40
sub-0171,41,41
sub-0171,42,42
sub-0171,43,43
sub-0171,44,44
sub-0171,45,45
sub-0171,46,46
sub-0171,47,60
sub-0171,48,48
sub-0171,49,49
sub-0171,50,50
sub-0171,51,51
sub-0171,52,52
sub-0171,53,218
sub-0171,54,54
sub-0171,55,55
sub-0171,56,56
sub-0171,57,95
sub-0171,58,58
sub-0171,59,31
sub-0171,60,60
sub-0171,61,95
sub-0171,62,62
sub-0171,63,31
sub-0171,64,64
sub-0171,65,230
sub-0171,66,66
sub-0171,67,67
sub-0171,68,68
sub-0171,69,69
sub-0171,70,178
sub-0171,71,71
sub-0171,72,72
sub-0171,73,73
sub-0171,74,74
sub-0171,75,75
sub-0171,76,76
sub-0171,77,77
sub-0171,78,78
sub-0171,79,79
sub-0171,80,80
sub-0171,81,81
sub-0171,82,82
sub-0171,83,83
sub-0171,84,98
sub-0171,85,85
sub-0171,86,86
sub-0171,87,87
sub-0171,88,88
sub-0171,89,89
sub-0171,90,90
sub-0171,91,178
sub-0171,92,53
sub-0171,93,93
sub-0171,94,94
sub-0171,95,95
sub-0171,96,96
sub-0171,97,97
sub-0171,98,98
sub-0171,99,99
sub-0171,100,100
sub-0171,101,101
sub-0171,102,102
sub-0171,103,103
sub-0171,104,104
sub-0171,105,105
sub-0171,106,106
sub-0171,107,107
sub-0171,108,108
sub-0171,109,109
sub-0171,110,110
sub-0171,111,111
sub-0171,112,112
sub-0171,113,113
sub-0171,114,114
sub-0171,115,115
sub-0171,116,116
sub-0171,117,117
sub-0171,118,118
sub-0171,119,119
sub-0171,120,120
sub-0171,121,121
sub-0171,122,122
sub-0171,123,123
sub-0171,124,124
sub-0171,125,125
sub-0171,126,126
sub-0171,127,127
sub-0171,128,112
sub-0171,129,129
sub-0171,130,130
sub-0171,131,118
sub-0171,132,132
sub-0171,133,133
sub-0171,134,134
sub-0171,135,135
sub-0171,136,136
sub-0171,137,137
sub-0171,138,138
sub-0171,139,139
sub-0171,140,140
sub-0171,141,141
sub-0171,142,142
sub-0171,143,143
sub-0171,144,144
sub-0171,145,145
sub-0171,146,146
sub-0171,147,147
sub-0171,148,148
sub-0171,149,149
sub-0171,150,150
sub-0171,151,151
sub-0171,152,152
sub-0171,153,178
sub-0171,154,154
sub-0171,155,155
sub-0171,156,156
sub-0171,157,157
sub-0171,158,158
sub-0171,159,176
sub-0171,160,160
sub-0171,161,161
sub-0171,162,54
sub-0171,163,163
sub-0171,164,164
sub-0171,165,165
sub-0171,166,166
sub-0171,167,167
sub-0171,168,168
sub-0171,169,223
sub-0171,170,170
sub-0171,171,177
sub-0171,172,172
sub-0171,173,173
sub-0171,174,174
sub-0171,175,175
sub-0171,176,177
sub-0171,177,177
sub-0171,178,178
sub-0171,179,179
sub-0171,180,180
sub-0171,181,181
sub-0171,182,182
sub-0171,183,183
sub-0171,184,184
sub-0171,185,185
sub-0171,186,186
sub-0171,187,187
sub-0171,188,188
sub-0171,189,189
sub-0171,190,191
sub-0171,191,191
sub-0171,192,178
sub-0171,193,193
sub-0171,194,194
sub-0171,195,195
sub-0171,196,178
sub-0171,197,197
sub-0171,198,198
sub-0171,199,199
sub-0171,200,200
sub-0171,201,201
sub-0171,202,202
sub-0171,203,203
sub-0171,204,207
sub-0171,205,205
sub-0171,206,206
sub-0171,207,207
sub-0171,208,73
sub-0171,209,207
sub-0171,210,210
sub-0171,211,231
sub-0171,212,212
sub-0171,213,213
sub-0171,214,214
sub-0171,215,215
sub-0171,216,218
sub-0171,217,217
sub-0171,218,218
sub-0171,219,54
sub-0171,220,220
sub-0171,221,221
sub-0171,222,222
sub-0171,223,223
sub-0171,224,225
sub-0171,225,211
sub-0171,226,217
sub-0171,227,215
sub-0171,228,228
sub-0171,229,229
sub-0171,230,230
sub-0171,231,231
sub-0172,0,0
sub-0172,1,1
sub-0172,2,2
sub-0172,3,3
sub-0172,4,4
sub-0172,5,5
sub-0172,6,6
sub-0172,7,7
sub-0172,8,8
sub-0172,9,9
sub-0172,10,10
sub-0172,11,11
sub-0172,12,12
sub-0172,13,13
sub-0172,14,17
sub-0172,15,15
sub-0172,16,16
sub-0172,17,17
sub-0172,18,18
sub-0172,19,19
sub-0172,20,198
sub-0172,21,21
sub-0172,22,205
sub-0172,23,23
sub-0172,24,24
sub-0172,25,25
sub-0172,26,99
sub-0172,27,27
sub-0172,28,28
sub-0172,29,29
sub-0172,30,6
sub-0172,31,31
sub-0172,32,32
sub-0172,33,33
sub-0172,34,34
sub-0172,35,35
sub-0172,36,36
sub-0172,37,37
sub-0172,38,38
sub-0172,39,39
sub-0172,40,205
sub-0172,41,37
sub-0172,42,42
sub-0172,43,43
sub-0172,44,44
sub-0172,45,45
sub-0172,46,46
sub-0172,47,47
sub-0172,48,48
sub-0172,49,49
sub-0172,50,50
sub-0172,51,51
sub-0172,52,52
sub-0172,53,53
sub-0172,54,54
sub-0172,55,160
sub-0172,56,166
sub-0172,57,57
sub-0172,58,58
sub-0172,59,59
sub-0172,60,60
sub-0172,61,67
sub-0172,62,62
sub-0172,63,63
sub-0172,64,64
sub-0172,65,65
sub-0172,66,66
sub-0172,67,67
sub-0172,68,208
sub-0172,69,69
sub-0172,70,155
sub-0172,71,71
sub-0172,72,72
sub-0172,73,171
sub-0172,74,74
sub-0172,75,75
sub-0172,76,76
sub-0172,77,201
sub-0172,78,200
sub-0172,79,79
sub-0172,80,80
sub-0172,81,81
sub-0172,82,82
sub-0172,83,219
sub-0172,84,84
sub-0172,85,85
sub-0172,86,86
sub-0172,87,87
sub-0172,88,88
sub-0172,89,89
sub-0172,90,228
sub-0172,91,91
sub-0172,92,216
sub-0172,93,93
sub-0172,94,94
sub-0172,95,133
sub-0172,96,96
sub-0172,97,97
sub-0172,98,98
sub-0172,99,166
sub-0172,100,100
sub-0172,101,101
sub-0172,102,102
sub-0172,103,103
sub-0172,104,104
sub-0172,105,105
sub-0172,106,106
sub-0172,107,107
sub-0172,108,108
sub-0172,109,109
sub-0172,110,110
sub-0172,111,111
sub-0172,112,112
sub-0172,113,113
sub-0172,114,114
sub-0172,115,115
sub-0172,116,116
sub-0172,117,117
sub-0172,118,118
sub-0172,119,119
sub-0172,120,12
sub-0172,121,121
sub-0172,122,122
sub-0172,123,126
sub-0172,124,124
sub-0172,125,126
sub-0172,126,210
sub-0172,127,221
sub-0172,128,45
sub-0172,129,129
sub-0172,130,130
sub-0172,131,131
sub-0172,132,132
sub-0172,133,133
sub-0172,134,134
sub-0172,135,135
sub-0172,136,136
sub-0172,137,137
sub-0172,138,138
sub-0172,139,139
sub-0172,140,112
sub-0172,141,141
sub-0172,142,142
sub-0172,143,152
sub-0172,144,144
sub-0172,145,114
sub-0172,146,146
sub-0172,147,147
sub-0172,148,148
sub-0172,149,149
sub-0172,150,150
sub-0172,151,151
sub-0172,152,152
sub-0172,153,174
sub-0172,154,154
sub-0172,155,155
sub-0172,156,156
sub-0172,157,206
sub-0172,158,158
sub-0172,159,159
sub-0172,160,217
sub-0172,161,161
sub-0172,162,162
sub-0172,163,28
sub-0172,164,164
sub-0172,165,165
sub-0172,166,166
sub-0172,167,166
sub-0172,168,168
sub-0172,169,169
sub-0172,170,170
sub-0172,171,171
sub-0172,172,172
sub-0172,173,173
sub-0172,174,176
sub-0172,175,175
sub-0172,176,176
sub-0172,177,192
sub-0172,178,178
sub-0172,179,174
sub-0172,180,180
sub-0172,181,181
sub-0172,182,207
sub-0172,183,183
sub-0172,184,184
sub-0172,185,185
sub-0172,186,91
sub-0172,187,187
sub-0172,188,188
sub-0172,189,189
sub-0172,190,82
sub-0172,191,191
sub-0172,192,192
sub-0172,193,193
sub-0172,194,194
sub-0172,195,195
sub-0172,196,197
sub-0172,197,197
sub-0172,198,198
sub-0172,199,199
sub-0172,200,200
sub-0172,201,219
sub-0172,202,219
sub-0172,203,203
sub-0172,204,204
sub-0172,205,205
sub-0172,206,206
sub-0172,207,114
sub-0172,208,219
sub-0172,209,209
sub-0172,210,208
sub-0172,211,12
sub-0172,212,212
sub-0172,213,213
sub-0172,214,214
sub-0172,215,215
sub-0172,216,216
sub-0172,217,52
sub-0172,218,218
sub-0172,219,219
sub-0172,220,220
sub-0172,221,221
sub-0172,222,222
sub-0172,223,223
sub-0172,224,224
sub-0172,225,224
sub-0172,226,205
sub-0172,227,213
sub-0172,228,228
sub-0172,229,229
sub-0172,230,230
sub-0172,231,231
sub-0173,0,0
sub-0173,1,1
sub-0173,2,2
sub-0173,3,3
sub-0173,4,4
sub-0173,5,29
sub-0173,6,30
sub-0173,7,7
sub-0173,8,8
sub-0173,9,9
sub-0173,10,10
sub-0173,11,11
sub-0173,12,12
sub-0173,13,13
sub-0173,14,14
sub-0173,15,15
sub-0173,16,16
sub-0173,17,120
sub-0173,18,18
sub-0173,19,19
sub-0173,20,43
sub-0173,21,21
sub-0173,22,22
sub-0173,23,23
sub-0173,24,124
sub-0173,25,25
sub-0173,26,26
sub-0173,27,30
sub-0173,28,28
sub-0173,29,29
sub-0173,30,30
sub-0173,31,31
sub-0173,32,32
sub-0173,33,33
sub-0173,34,34
sub-0173,35,35
sub-0173,36,36
sub-0173,37,37
sub-0173,38,38
sub-0173,39,39
sub-0173,40,40
sub-0173,41,41
sub-0173,42,46
sub-0173,43,43
sub-0173,44,44
sub-0173,45,45
sub-0173,46,46
sub-0173,47,47
sub-0173,48,48
sub-0173,49,49
sub-0173,50,50
sub-0173,51,51
sub-0173,52,52
sub-0173,53,53
sub-0173,54,54
sub-0173,55,99
sub-0173,56,56
sub-0173,57,57
sub-0173,58,58
sub-0173,59,59
sub-0173,60,60
sub-0173,61,61
sub-0173,62,64
sub-0173,63,63
sub-0173,64,56
sub-0173,65,56
sub-0173,66,66
sub-0173,67,67
sub-0173,68,68
sub-0173,69,69
sub-0173,70,70
sub-0173,71,58
sub-0173,72,72
sub-0173,73,73
sub-0173,74,74
sub-0173,75,75
sub-0173,76,76
sub-0173,77,77
sub-0173,78,78
sub-0173,79,79
sub-0173,80,80
sub-0173,81,81
sub-0173,82,82
sub-0173,83,83
sub-0173,84,84
sub-0173,85,85
sub-0173,86,86
sub-0173,87,87
sub-0173,88,88
sub-0173,89,89
sub-0173,90,90
sub-0173,91,91
sub-0173,92,92
sub-0173,93,93
sub-0173,94,94
sub-0173,95,95
sub-0173,96,96
sub-0173,97,97
sub-0173,98,98
sub-0173,99,99
sub-0173,100,100
sub-0173,101,28
sub-0173,102,102
sub-0173,103,103
sub-0173,104,104
sub-0173,105,105
sub-0173,106,106
sub-0173,107,107
sub-0173,108,108
sub-0173,109,8
sub-0173,110,110
sub-0173,111,111
sub-0173,112,112
sub-0173,113,115
sub-0173,114,114
sub-0173,115,115
sub-0173,116,116
sub-0173,117,117
sub-0173,118,118
sub-0173,119,17
sub-0173,120,120
sub-0173,121,121
sub-0173,122,122
sub-0173,123,123
sub-0173,124,124
sub-0173,125,125
sub-0173,126,126
sub-0173,127,127
sub-0173,128,128
sub-0173,129,129
sub-0173,130,130
sub-0173,131,131
sub-0173,132,132
sub-0173,133,133
sub-0173,134,134
sub-0173,135,135
sub-0173,136,136
sub-0173,137,116
sub-0173,138,138
sub-0173,139,139
sub-0173,140,140
sub-0173,141,141
sub-0173,142,211
sub-0173,143,143
sub-0173,144,144
sub-0173,145,145
sub-0173,146,146
sub-0173,147,148
sub-0173,148,148
sub-0173,149,38
sub-0173,150,150
sub-0173,151,151
sub-0173,152,152
sub-0173,153,153
sub-0173,154,154
sub-0173,155,155
sub-0173,156,156
sub-0173,157,157
sub-0173,158,158
sub-0173,159,159
sub-0173,160,211
sub-0173,161,161
sub-0173,162,162
sub-0173,163,163
sub-0173,164,164
sub-0173,165,165
sub-0173,166,166
sub-0173,167,167
sub-0173,168,168
sub-0173,169,28
sub-0173,170,170
sub-0173,171,171
sub-0173,172,172
sub-0173,173,173
sub-0173,174,174
sub-0173,175,175
sub-0173,176,176
sub-0173,177,177
sub-0173,178,178
sub-0173,179,179
sub-0173,180,30
sub-0173,181,181
sub-0173,182,182
sub-0173,183,183
sub-0173,184,184
sub-0173,185,185
sub-0173,186,186
sub-0173,187,187
sub-0173,188,188
sub-0173,189,189
sub-0173,190,190
sub-0173,191,191
sub-0173,192,192
sub-0173,193,193
sub-0173,194,194
sub-0173,195,195
sub-0173,196,196
sub-0173,197,200
sub-0173,198,168
sub-0173,199,124
sub-0173,200,200
sub-0173,201,201
sub-0173,202,28
sub-0173,203,203
sub-0173,204,204
sub-0173,205,204
sub-0173,206,211
sub-0173,207,207
sub-0173,208,208
sub-0173,209,209
sub-0173,210,210
sub-0173,211,201
sub-0173,212,212
sub-0173,213,213
sub-0173,214,214
sub-0173,215,215
sub-0173,216,216
sub-0173,217,217
sub-0173,218,218
sub-0173,219,202
sub-0173,220,226
sub-0173,221,204
sub-0173,222,222
sub-0173,223,183
sub-0173,224,224
sub-0173,225,225
sub-0173,226,211
sub-0173,227,210
sub-0173,228,228
sub-0173,229,229
sub-0173,230,230
sub-0173,231,231
sub-0174,0,0
sub-0174,1,102
sub-0174,2,2
sub-0174,3,3
sub-0174,4,195
sub-0174,5,111
sub-0174,6,6
sub-0174,7,7
sub-0174,8,8
sub-0174,9,9
sub-0174,10,10
sub-0174,11,11
sub-0174,12,12
sub-0174,13,13
sub-0174,14,14
sub-0174,15,15
sub-0174,16,16
sub-0174,17,17
sub-0174,18,18
sub-0174,19,19
sub-0174,20,20
sub-0174,21,21
sub-0174,22,22
sub-0174,23,23
sub-0174,24,149
sub-0174,25,25
sub-0174,26,26
sub-0174,27,27
sub-0174,28,28
sub-0174,29,29
sub-0174,30,30
sub-0174,31,31
sub-0174,32,32
sub-0174,33,57
sub-0174,34,34
sub-0174,35,35
sub-0174,36,36
sub-0174,37,37
sub-0174,38,38
sub-0174,39,39
sub-0174,40,45
sub-0174,41,41
sub-0174,42,42
sub-0174,43,43
sub-0174,44,44
sub-0174,45,45
sub-0174,46,46
sub-0174,47,47
sub-0174,48,155
sub-0174,49,49
sub-0174,50,50
sub-0174,51,51
sub-0174,52,52
sub-0174,53,53
sub-0174,54,54
sub-0174,55,218
sub-0174,56,56
sub-0174,57,57
sub-0174,58,58
sub-0174,59,62
sub-0174,60,146
sub-0174,61,61
sub-0174,62,62
sub-0174,63,57
sub-0174,64,64
sub-0174,65,65
sub-0174,66,66
sub-0174,67,67
sub-0174,68,68
sub-0174,69,69
sub-0174,70,70
sub-0174,71,71
sub-0174,72,72
sub-0174,73,73
sub-0174,74,74
sub-0174,75,75
sub-0174,76,76
sub-0174,77,193
sub-0174,78,78
sub-0174,79,79
sub-0174,80,80
sub-0174,81,81
sub-0174,82,82
sub-0174,83,83
sub-0174,84,84
sub-0174,85,85
sub-0174,86,86
sub-0174,87,87
sub-0174,88,88
sub-0174,89,89
sub-0174,90,90
sub-0174,91,91
sub-0174,92,50
sub-0174,93,66
sub-0174,94,94
sub-0174,95,95
sub-0174,96,96
sub-0174,97,97
sub-0174,98,98
sub-0174,99,99
sub-0174,100,100
sub-0174,101,53
sub-0174,102,102
sub-0174,103,103
sub-0174,104,28
sub-0174,105,105
sub-0174,106,106
sub-0174,107,107
sub-0174,108,108
sub-0174,109,8
sub-0174,110,110
sub-0174,111,111
sub-0174,112,112
sub-0174,113,113
sub-0174,114,114
sub-0174,115,115
sub-0174,116,116
sub-0174,117,117
sub-0174,118,118
sub-0174,119,119
sub-0174,120,120
sub-0174,121,121
sub-0174,122,122
sub-0174,123,126
sub-0174,124,196
sub-0174,125,45
sub-0174,126,222
sub-0174,127,127
sub-0174,128,128
sub-0174,129,129
sub-0174,130,130
sub-0174,131,131
sub-0174,132,195
sub-0174,133,133
sub-0174,134,134
sub-0174,135,31
sub-0174,136,136
sub-0174,137,137
sub-0174,138,138
sub-0174,139,139
sub-0174,140,149
sub-0174,141,141
sub-0174,142,148
sub-0174,143,143
sub-0174,144,144
sub-0174,145,145
sub-0174,146,146
sub-0174,147,147
sub-0174,148,148
sub-0174,149,149
sub-0174,150,150
sub-0174,151,151
sub-0174,152,152
sub-0174,153,153
sub-0174,154,154
sub-0174,155,44
sub-0174,156,156
sub-0174,157,157
sub-0174,158,158
sub-0174,159,157
sub-0174,160,160
sub-0174,161,67
sub-0174,162,162
sub-0174,163,163
sub-0174,164,164
sub-0174,165,46
sub-0174,166,166
sub-0174,167,146
sub-0174,168,168
sub-0174,169,169
sub-0174,170,170
sub-0174,171,28
sub-0174,172,172
sub-0174,173,173
sub-0174,174,174
sub-0174,175,175
sub-0174,176,176
sub-0174,177,177
sub-0174,178,178
sub-0174,179,178
sub-0174,180,180
sub-0174,181,181
sub-0174,182,97
sub-0174,183,176
sub-0174,184,184
sub-0174,185,185
sub-0174,186,186
sub-0174,187,210
sub-0174,188,188
sub-0174,189,189
sub-0174,190,158
sub-0174,191,191
sub-0174,192,192
sub-0174,193,193
sub-0174,194,194
sub-0174,195,195
sub-0174,196,209
sub-0174,197,197
sub-0174,198,198
sub-0174,199,199
sub-0174,200,200
sub-0174,201,201
sub-0174,202,52
sub-0174,203,218
sub-0174,204,210
sub-0174,205,213
sub-0174,206,230
sub-0174,207,197
sub-0174,208,208
sub-0174,209,209
sub-0174,210,34
sub-0174,211,169
sub-0174,212,212
sub-0174,213,213
sub-0174,214,214
sub-0174,215,215
sub-0174,216,216
sub-0174,217,171
sub-0174,218,218
sub-0174,219,219
sub-0174,220,130
sub-0174,221,131
sub-0174,222,90
sub-0174,223,150
sub-0174,224,224
sub-0174,225,214
sub-0174,226,126
sub-0174,227,182
sub-0174,228,228
sub-0174,229,119
sub-0174,230,230
sub-0174,231,231
sub-0175,0,0
sub-0175,1,1
sub-0175,2,2
sub-0175,3,3
sub-0175,4,4
sub-0175,5,5
sub-0175,6,6
sub-0175,7,7
sub-0175,8,8
sub-0175,9,9
sub-0175,10,10
sub-0175,11,11
sub-0175,12,12
sub-0175,13,13
sub-0175,14,14
sub-0175,15,15
sub-0175,16,16
sub-0175,17,146
sub-0175,18,18
sub-0175,19,19
sub-0175,20,20
sub-0175,21,21
sub-0175,22,22
sub-0175,23,23
sub-0175,24,24
sub-0175,25,25
sub-0175,26,26
sub-0175,27,27
sub-0175,28,28
sub-0175,29,103
sub-0175,30,30
sub-0175,31,31
sub-0175,32,32
sub-0175,33,134
sub-0175,34,34
sub-0175,35,35
sub-0175,36,36
sub-0175,37,37
sub-0175,38,220
sub-0175,39,39
sub-0175,40,40
sub-0175,41,41
sub-0175,42,42
sub-0175,43,43
sub-0175,44,44
sub-0175,45,45
sub-0175,46,46
sub-0175,47,227
sub-0175,48,222
sub-0175,49,49
sub-0175,50,50
sub-0175,51,51
sub-0175,52,52
sub-0175,53,160
sub-0175,54,54
sub-0175,55,92
sub-0175,56,40
sub-0175,57,57
sub-0175,58,27
sub-0175,59,59
sub-0175,60,60
sub-0175,61,61
sub-0175,62,62
sub-0175,63,63
sub-0175,64,64
sub-0175,65,42
sub-0175,66,69
sub-0175,67,67
sub-0175,68,68
sub-0175,69,69
sub-0175,70,70
sub-0175,71,71
sub-0175,72,72
sub-0175,73,73
sub-0175,74,74
sub-0175,75,75
sub-0175,76,76
sub-0175,77,77
sub-0175,78,78
sub-0175,79,79
sub-0175,80,80
sub-0175,81,81
sub-0175,82,55
sub-0175,83,83
sub-0175,84,84
sub-0175,85,85
sub-0175,86,86
sub-0175,87,87
sub-0175,88,88
sub-0175,89,89
sub-0175,90,90
sub-0175,91,91
sub-0175,92,92
sub-0175,93,93
sub-0175,94,94
sub-0175,95,73
sub-0175,96,96
sub-0175,97,97
sub-0175,98,98
sub-0175,99,99
sub-0175,100,0
sub-0175,101,101
sub-0175,102,102
sub-0175,103,103
sub-0175,104,0
sub-0175,105,105
sub-0175,106,106
sub-0175,107,107
sub-0175,108,108
sub-0175,109,109
sub-0175,110,110
sub-0175,111,111
sub-0175,112,112
sub-0175,113,113
sub-0175,114,114
sub-0175,115,115
sub-0175,116,116
sub-0175,117,117
sub-0175,118,118
sub-0175,119,119
sub-0175,120,120
sub-0175,121,121
sub-0175,122,122
sub-0175,123,123
sub-0175,124,124
sub-0175,125,125
sub-0175,126,126
sub-0175,127,127
sub-0175,128,128
sub-0175,129,129
sub-0175,130,130
sub-0175,131,131
sub-0175,132,132
sub-0175,133,133
sub-0175,134,150
sub-0175,135,0
sub-0175,136,136
sub-0175,137,137
sub-0175,138,213
sub-0175,139,139
sub-0175,140,148
sub-0175,141,141
sub-0175,142,142
sub-0175,143,143
sub-0175,144,144
sub-0175,145,145
sub-0175,146,146
sub-0175,147,147
sub-0175,148,148
sub-0175,149,149
sub-0175,150,150
sub-0175,151,215
sub-0175,152,152
sub-0175,153,153
sub-0175,154,154
sub-0175,155,155
sub-0175,156,156
sub-0175,157,157
sub-0175,158,158
sub-0175,159,159
sub-0175,160,160
sub-0175,161,54
sub-0175,162,162
sub-0175,163,163
sub-0175,164,164
sub-0175,165,166
sub-0175,166,166
sub-0175,167,167
sub-0175,168,168
sub-0175,169,169
sub-0175,170,170
sub-0175,171,171
sub-0175,172,172
sub-0175,173,173
sub-0175,174,174
sub-0175,175,175
sub-0175,176,176
sub-0175,177,177
sub-0175,178,178
sub-0175,179,183
sub-0175,180,180
sub-0175,181,181
sub-0175,182,182
sub-0175,183,183
sub-0175,184,184
sub-0175,185,185
sub-0175,186,186
sub-0175,187,187
sub-0175,188,188
sub-0175,189,189
sub-0175,190,216
sub-0175,191,191
sub-0175,192,192
sub-0175,193,97
sub-0175,194,194
sub-0175,195,195
sub-0175,196,196
sub-0175,197,197
sub-0175,198,198
sub-0175,199,199
sub-0175,200,200
sub-0175,201,201
sub-0175,202,202
sub-0175,203,203
sub-0175,204,204
sub-0175,205,205
sub-0175,206,206
sub-0175,207,207
sub-0175,208,208
sub-0175,209,209
sub-0175,210,227
sub-0175,211,67
sub-0175,212,212
sub-0175,213,213
sub-0175,214,214
sub-0175,215,215
sub-0175,216,216
sub-0175,217,217
sub-0175,218,200
sub-0175,219,219
sub-0175,220,220
sub-0175,221,221
sub-0175,222,222
sub-0175,223,223
sub-0175,224,224
sub-0175,225,225
sub-0175,226,223
sub-0175,227,54
sub-0175,228,228
sub-0175,229,229
sub-0175,230,230
sub-0175,231,231
sub-0176,0,0
sub-0176,1,1
sub-0176,2,2
sub-0176,3,3
sub-0176,4,4
sub-0176,5,5
sub-0176,6,6
sub-0176,7,7
sub-0176,8,8
sub-0176,9,9
sub-0176,10,10
sub-0176,11,11
sub-0176,12,12
sub-0176,13,13
sub-0176,14,14
sub-0176,15,15
sub-0176,16,16
sub-0176,17,17
sub-0176,18,18
sub-0176,19,19
sub-0176,20,20
sub-0176,21,21
sub-0176,22,22
sub-0176,23,23
sub-0176,24,24
sub-0176,25,25
sub-0176,26,26
sub-0176,27,27
sub-0176,28,28
sub-0176,29,29
sub-0176,30,30
sub-0176,31,31
sub-0176,32,32
sub-0176,33,33
sub-0176,34,34
sub-0176,35,35
sub-0176,36,37
sub-0176,37,37
sub-0176,38,38
sub-0176,39,39
sub-0176,40,40
sub-0176,41,39
sub-0176,42,42
sub-0176,43,43
sub-0176,44,44
sub-0176,45,45
sub-0176,46,40
sub-0176,47,47
sub-0176,48,48
sub-0176,49,49
sub-0176,50,50
sub-0176,51,51
sub-0176,52,52
sub-0176,53,53
sub-0176,54,49
sub-0176,55,40
sub-0176,56,58
sub-0176,57,57
sub-0176,58,58
sub-0176,59,59
sub-0176,60,60
sub-0176,61,70
sub-0176,62,62
sub-0176,63,63
sub-0176,64,64
sub-0176,65,171
sub-0176,66,171
sub-0176,67,67
sub-0176,68,68
sub-0176,69,69
sub-0176,70,70
sub-0176,71,71
sub-0176,72,72
sub-0176,73,73
sub-0176,74,74
sub-0176,75,75
sub-0176,76,76
sub-0176,77,77
sub-0176,78,78
sub-0176,79,79
sub-0176,80,80
sub-0176,81,81
sub-0176,82,82
sub-0176,83,83
sub-0176,84,84
sub-0176,85,85
sub-0176,86,86
sub-0176,87,87
sub-0176,88,88
sub-0176,89,89
sub-0176,90,90
sub-0176,91,91
sub-0176,92,92
sub-0176,93,93
sub-0176,94,94
sub-0176,95,95
sub-0176,96,96
sub-0176,97,97
sub-0176,98,98
sub-0176,99,56
sub-0176,100,100
sub-0176,101,101
sub-0176,102,102
sub-0176,103,103
sub-0176,104,104
sub-0176,105,105
sub-0176,106,106
sub-0176,107,107
sub-0176,108,108
sub-0176,109,109
sub-0176,110,110
sub-0176,111,111
sub-0176,112,112
sub-0176,113,112
sub-0176,114,114
sub-0176,115,115
sub-0176,116,116
sub-0176,117,117
sub-0176,118,118
sub-0176,119,119
sub-0176,120,120
sub-0176,121,121
sub-0176,122,122
sub-0176,123,123
sub-0176,124,123
sub-0176,125,39
sub-0176,126,39
sub-0176,127,127
sub-0176,128,128
sub-0176,129,129
sub-0176,130,130
sub-0176,131,131
sub-0176,132,132
sub-0176,133,133
sub-0176,134,134
sub-0176,135,135
sub-0176,136,136
sub-0176,137,137
sub-0176,138,138
sub-0176,139,139
sub-0176,140,140
sub-0176,141,141
sub-0176,142,192
sub-0176,143,143
sub-0176,144,41
sub-0176,145,145
sub-0176,146,40
sub-0176,147,147
sub-0176,148,148
sub-0176,149,149
sub-0176,150,150
sub-0176,151,171
sub-0176,152,152
sub-0176,153,47
sub-0176,154,142
sub-0176,155,49
sub-0176,156,156
sub-0176,157,157
sub-0176,158,158
sub-0176,159,159
sub-0176,160,160
sub-0176,161,161
sub-0176,162,156
sub-0176,163,163
sub-0176,164,164
sub-0176,165,165
sub-0176,166,166
sub-0176,167,167
sub-0176,168,168
sub-0176,169,169
sub-0176,170,170
sub-0176,171,171
sub-0176,172,172
sub-0176,173,173
sub-0176,174,49
sub-0176,175,175
sub-0176,176,176
sub-0176,177,171
sub-0176,178,178
sub-0176,179,179
sub-0176,180,180
sub-0176,181,181
sub-0176,182,182
sub-0176,183,183
sub-0176,184,184
sub-0176,185,185
sub-0176,186,186
sub-0176,187,47
sub-0176,188,188
sub-0176,189,189
sub-0176,190,190
sub-0176,191,191
sub-0176,192,192
sub-0176,193,193
sub-0176,194,194
sub-0176,195,195
sub-0176,196,196
sub-0176,197,197
sub-0176,198,198
sub-0176,199,199
sub-0176,200,200
sub-0176,201,79
sub-0176,202,162
sub-0176,203,203
sub-0176,204,221
sub-0176,205,205
sub-0176,206,206
sub-0176,207,221
sub-0176,208,208
sub-0176,209,49
sub-0176,210,192
sub-0176,211,210
sub-0176,212,212
sub-0176,213,213
sub-0176,214,214
sub-0176,215,215
sub-0176,216,216
sub-0176,217,47
sub-0176,218,202
sub-0176,219,202
sub-0176,220,207
sub-0176,221,221
sub-0176,222,222
sub-0176,223,223
sub-0176,224,224
sub-0176,225,225
sub-0176,226,140
sub-0176,227,227
sub-0176,228,228
sub-0176,229,229
sub-0176,230,49
sub-0176,231,214
sub-0177,0,0
sub-0177,1,1
sub-0177,2,2
sub-0177,3,3
sub-0177,4,4
sub-0177,5,103
sub-0177,6,6
sub-0177,7,7
sub-0177,8,8
sub-0177,9,9
sub-0177,10,10
sub-0177,11,11
sub-0177,12,148
sub-0177,13,17
sub-0177,14,14
sub-0177,15,15
sub-0177,16,16
sub-0177,17,17
sub-0177,18,18
sub-0177,19,19
sub-0177,20,20
sub-0177,21,21
sub-0177,22,20
sub-0177,23,23
sub-0177,24,20
sub-0177,25,25
sub-0177,26,26
sub-0177,27,27
sub-0177,28,28
sub-0177,29,29
sub-0177,30,30
sub-0177,31,31
sub-0177,32,32
sub-0177,33,33
sub-0177,34,34
sub-0177,35,17
sub-0177,36,36
sub-0177,37,37
sub-0177,38,64
sub-0177,39,39
sub-0177,40,123
sub-0177,41,41
sub-0177,42,42
sub-0177,43,43
sub-0177,44,44
sub-0177,45,45
sub-0177,46,46
sub-0177,47,7
sub-0177,48,148
sub-0177,49,49
sub-0177,50,50
sub-0177,51,51
sub-0177,52,52
sub-0177,53,51
sub-0177,54,54
sub-0177,55,55
sub-0177,56,56
sub-0177,57,57
sub-0177,58,58
sub-0177,59,59
sub-0177,60,60
sub-0177,61,61
sub-0177,62,62
sub-0177,63,62
sub-0177,64,64
sub-0177,65,65
sub-0177,66,66
sub-0177,67,67
sub-0177,68,68
sub-0177,69,69
sub-0177,70,70
sub-0177,71,71
sub-0177,72,72
sub-0177,73,73
sub-0177,74,74
sub-0177,75,83
sub-0177,76,76
sub-0177,77,184
sub-0177,78,78
sub-0177,79,51
sub-0177,80,80
sub-0177,81,81
sub-0177,82,161
sub-0177,83,83
sub-0177,84,84
sub-0177,85,85
sub-0177,86,86
sub-0177,87,87
sub-0177,88,88
sub-0177,89,89
sub-0177,90,90
sub-0177,91,91
sub-0177,92,92
sub-0177,93,93
sub-0177,94,94
sub-0177,95,95
sub-0177,96,96
sub-0177,97,97
sub-0177,98,98
sub-0177,99,99
sub-0177,100,100
sub-0177,101,101
sub-0177,102,102
sub-0177,103,103
sub-0177,104,104
sub-0177,105,105
sub-0177,106,106
sub-0177,107,107
sub-0177,108,108
sub-0177,109,109
sub-0177,110,109
sub-0177,111,111
sub-0177,112,112
sub-0177,113,113
sub-0177,114,27
sub-0177,115,115
sub-0177,116,116
sub-0177,117,117
sub-0177,118,118
sub-0177,119,119
sub-0177,120,120
sub-0177,121,121
sub-0177,122,122
sub-0177,123,219
sub-0177,124,124
sub-0177,125,210
sub-0177,126,213
sub-0177,127,127
sub-0177,128,41
sub-0177,129,129
sub-0177,130,130
sub-0177,131,131
sub-0177,132,163
sub-0177,133,133
sub-0177,134,134
sub-0177,135,30
sub-0177,136,136
sub-0177,137,38
sub-0177,138,138
sub-0177,139,139
sub-0177,140,37
sub-0177,141,141
sub-0177,142,56
sub-0177,143,20
sub-0177,144,144
sub-0177,145,145
sub-0177,146,45
sub-0177,147,148
sub-0177,148,148
sub-0177,149,149
sub-0177,150,150
sub-0177,151,176
sub-0177,152,152
sub-0177,153,153
sub-0177,154,154
sub-0177,155,155
sub-0177,156,156
sub-0177,157,157
sub-0177,158,158
sub-0177,159,159
sub-0177,160,161
sub-0177,161,200
sub-0177,162,161
sub-0177,163,163
sub-0177,164,164
sub-0177,165,165
sub-0177,166,166
sub-0177,167,167
sub-0177,168,168
sub-0177,169,169
sub-0177,170,170
sub-0177,171,171
sub-0177,172,172
sub-0177,173,173
sub-0177,174,174
sub-0177,175,175
sub-0177,176,176
sub-0177,177,177
sub-0177,178,178
sub-0177,179,179
sub-0177,180,180
sub-0177,181,181
sub-0177,182,182
sub-0177,183,183
sub-0177,184,184
sub-0177,185,185
sub-0177,186,186
sub-0177,187,161
sub-0177,188,188
sub-0177,189,189
sub-0177,190,190
sub-0177,191,191
sub-0177,192,192
sub-0177,193,193
sub-0177,194,194
sub-0177,195,195
sub-0177,196,189
sub-0177,197,157
sub-0177,198,198
sub-0177,199,199
sub-0177,200,162
sub-0177,201,97
sub-0177,202,218
sub-0177,203,203
sub-0177,204,204
sub-0177,205,205
sub-0177,206,206
sub-0177,207,207
sub-0177,208,208
sub-0177,209,209
sub-0177,210,210
sub-0177,211,43
sub-0177,212,225
sub-0177,213,213
sub-0177,214,231
sub-0177,215,229
sub-0177,216,51
sub-0177,217,205
sub-0177,218,124
sub-0177,219,219
sub-0177,220,220
sub-0177,221,221
sub-0177,222,222
sub-0177,223,223
sub-0177,224,224
sub-0177,225,225
sub-0177,226,231
sub-0177,227,211
sub-0177,228,228
sub-0177,229,229
sub-0177,230,230
sub-0177,231,229
sub-0178,0,0
sub-0178,1,3
sub-0178,2,2
sub-0178,3,103
sub-0178,4,4
sub-0178,5,5
sub-0178,6,97
sub-0178,7,7
sub-0178,8,8
sub-0178,9,9
sub-0178,10,10
sub-0178,11,11
sub-0178,12,12
sub-0178,13,116
sub-0178,14,14
sub-0178,15,15
sub-0178,16,16
sub-0178,17,17
sub-0178,18,18
sub-0178,19,19
sub-0178,20,139
sub-0178,21,21
sub-0178,22,22
sub-0178,23,23
sub-0178,24,24
sub-0178,25,25
sub-0178,26,26
sub-0178,27,27
sub-0178,28,28
sub-0178,29,29
sub-0178,30,30
sub-0178,31,31
sub-0178,32,32
sub-0178,33,33
sub-0178,34,34
sub-0178,35,35
sub-0178,36,36
sub-0178,37,37
sub-0178,38,38
sub-0178,39,39
sub-0178,40,40
sub-0178,41,41
sub-0178,42,42
sub-0178,43,43
sub-0178,44,44
sub-0178,45,45
sub-0178,46,46
sub-0178,47,47
sub-0178,48,48
sub-0178,49,186
sub-0178,50,50
sub-0178,51,51
sub-0178,52,54
sub-0178,53,53
sub-0178,54,97
sub-0178,55,41
sub-0178,56,56
sub-0178,57,57
sub-0178,58,58
sub-0178,59,59
sub-0178,60,60
sub-0178,61,61
sub-0178,62,62
sub-0178,63,63
sub-0178,64,64
sub-0178,65,65
sub-0178,66,66
sub-0178,67,67
sub-0178,68,68
sub-0178,69,69
sub-0178,70,70
sub-0178,71,71
sub-0178,72,72
sub-0178,73,73
sub-0178,74,74
sub-0178,75,75
sub-0178,76,76
sub-0178,77,77
sub-0178,78,78
sub-0178,79,79
sub-0178,80,80
sub-0178,81,81
sub-0178,82,82
sub-0178,83,83
sub-0178,84,84
sub-0178,85,90
sub-0178,86,86
sub-0178,87,87
sub-0178,88,88
sub-0178,89,89
sub-0178,90,90
sub-0178,91,91
sub-0178,92,92
sub-0178,93,93
sub-0178,94,94
sub-0178,95,95
sub-0178,96,96
sub-0178,97,97
sub-0178,98,90
sub-0178,99,99
sub-0178,100,100
sub-0178,101,101
sub-0178,102,102
sub-0178,103,103
sub-0178,104,104
sub-0178,105,147
sub-0178,106,106
sub-0178,107,107
sub-0178,108,108
sub-0178,109,109
sub-0178,110,110
sub-0178,111,147
sub-0178,112,112
sub-0178,113,147
sub-0178,114,114
sub-0178,115,115
sub-0178,116,116
sub-0178,117,117
sub-0178,118,118
sub-0178,119,119
sub-0178,120,120
sub-0178,121,121
sub-0178,122,122
sub-0178,123,123
sub-0178,124,124
sub-0178,125,125
sub-0178,126,126
sub-0178,127,127
sub-0178,128,128
sub-0178,129,129
sub-0178,130,130
sub-0178,131,131
sub-0178,132,132
sub-0178,133,133
sub-0178,134,134
sub-0178,135,135
sub-0178,136,137
sub-0178,137,164
sub-0178,138,119
sub-0178,139,139
sub-0178,140,140
sub-0178,141,141
sub-0178,142,164
sub-0178,143,127
sub-0178,144,144
sub-0178,145,145
sub-0178,146,146
sub-0178,147,147
sub-0178,148,148
sub-0178,149,149
sub-0178,150,151
sub-0178,151,151
sub-0178,152,152
sub-0178,153,153
sub-0178,154,154
sub-0178,155,155
sub-0178,156,156
sub-0178,157,157
sub-0178,158,158
sub-0178,159,159
sub-0178,160,160
sub-0178,161,161
sub-0178,162,54
sub-0178,163,163
sub-0178,164,164
sub-0178,165,165
sub-0178,166,166
sub-0178,167,167
sub-0178,168,168
sub-0178,169,169
sub-0178,170,170
sub-0178,171,171
sub-0178,172,172
sub-0178,173,171
sub-0178,174,140
sub-0178,175,173
sub-0178,176,176
sub-0178,177,177
sub-0178,178,93
sub-0178,179,179
sub-0178,180,180
sub-0178,181,181
sub-0178,182,182
sub-0178,183,183
sub-0178,184,184
sub-0178,185,185
sub-0178,186,186
sub-0178,187,187
sub-0178,188,188
sub-0178,189,189
sub-0178,190,190
sub-0178,191,191
sub-0178,192,93
sub-0178,193,193
sub-0178,194,194
sub-0178,195,195
sub-0178,196,196
sub-0178,197,197
sub-0178,198,99
sub-0178,199,199
sub-0178,200,190
sub-0178,201,201
sub-0178,202,202
sub-0178,203,54
sub-0178,204,54
sub-0178,205,205
sub-0178,206,223
sub-0178,207,207
sub-0178,208,208
sub-0178,209,209
sub-0178,210,203
sub-0178,211,213
sub-0178,212,212
sub-0178,213,127
sub-0178,214,214
sub-0178,215,215
sub-0178,216,216
sub-0178,217,217
sub-0178,218,218
sub-0178,219,219
sub-0178,220,220
sub-0178,221,221
sub-0178,222,222
sub-0178,223,223
sub-0178,224,224
sub-0178,225,225
sub-0178,226,120
sub-0178,227,228
sub-0178,228,228
sub-0178,229,229
sub-0178,230,230
sub-0178,231,231
sub-0179,0,0
sub-0179,1,1
sub-0179,2,2
sub-0179,3,0
sub-0179,4,4
sub-0179,5,5
sub-0179,6,6
sub-0179,7,7
sub-0179,8,8
sub-0179,9,9
sub-0179,10,10
sub-0179,11,11
sub-0179,12,12
sub-0179,13,19
sub-0179,14,14
sub-0179,15,15
sub-0179,16,16
sub-0179,17,12
sub-0179,18,18
sub-0179,19,19
sub-0179,20,20
sub-0179,21,21
sub-0179,22,22
sub-0179,23,23
sub-0179,24,24
sub-0179,25,25
sub-0179,26,26
sub-0179,27,27
sub-0179,28,28
sub-0179,29,5
sub-0179,30,30
sub-0179,31,31
sub-0179,32,32
sub-0179,33,33
sub-0179,34,57
sub-0179,35,57
sub-0179,36,36
sub-0179,37,124
sub-0179,38,38
sub-0179,39,59
sub-0179,40,199
sub-0179,41,41
sub-0179,42,42
sub-0179,43,22
sub-0179,44,44
sub-0179,45,45
sub-0179,46,46
sub-0179,47,47
sub-0179,48,48
sub-0179,49,49
sub-0179,50,224
sub-0179,51,51
sub-0179,52,53
sub-0179,53,53
sub-0179,54,54
sub-0179,55,55
sub-0179,56,56
sub-0179,57,57
sub-0179,58,58
sub-0179,59,59
sub-0179,60,60
sub-0179,61,61
sub-0179,62,62
sub-0179,63,63
sub-0179,64,64
sub-0179,65,65
sub-0179,66,66
sub-0179,67,67
sub-0179,68,68
sub-0179,69,177
sub-0179,70,70
sub-0179,71,71
sub-0179,72,72
sub-0179,73,73
sub-0179,74,74
sub-0179,75,75
sub-0179,76,76
sub-0179,77,183
sub-0179,78,78
sub-0179,79,79
sub-0179,80,80
sub-0179,81,81
sub-0179,82,82
sub-0179,83,83
sub-0179,84,99
sub-0179,85,99
sub-0179,86,86
sub-0179,87,87
sub-0179,88,88
sub-0179,89,89
sub-0179,90,90
sub-0179,91,183
sub-0179,92,176
sub-0179,93,98
sub-0179,94,94
sub-0179,95,95
sub-0179,96,96
sub-0179,97,97
sub-0179,98,98
sub-0179,99,99
sub-0179,100,100
sub-0179,101,101
sub-0179,102,5
sub-0179,103,103
sub-0179,104,104
sub-0179,105,105
sub-0179,106,106
sub-0179,107,107
sub-0179,108,108
sub-0179,109,109
sub-0179,110,110
sub-0179,111,111
sub-0179,112,113
sub-0179,113,113
sub-0179,114,114
sub-0179,115,115
sub-0179,116,19
sub-0179,117,117
sub-0179,118,118
sub-0179,119,119
sub-0179,120,120
sub-0179,121,121
sub-0179,122,122
sub-0179,123,123
sub-0179,124,124
sub-0179,125,125
sub-0179,126,126
sub-0179,127,127
sub-0179,128,128
sub-0179,129,129
sub-0179,130,130
sub-0179,131,198
sub-0179,132,132
sub-0179,133,133
sub-0179,134,134
sub-0179,135,135
sub-0179,136,136
sub-0179,137,137
sub-0179,138,199
sub-0179,139,19
sub-0179,140,27
sub-0179,141,134
sub-0179,142,5
sub-0179,143,143
sub-0179,144,144
sub-0179,145,145
sub-0179,146,146
sub-0179,147,147
sub-0179,148,148
sub-0179,149,149
sub-0179,150,150
sub-0179,151,151
sub-0179,152,186
sub-0179,153,153
sub-0179,154,154
sub-0179,155,155
sub-0179,156,156
sub-0179,157,177
sub-0179,158,158
sub-0179,159,159
sub-0179,160,218
sub-0179,161,161
sub-0179,162,216
sub-0179,163,163
sub-0179,164,134
sub-0179,165,165
sub-0179,166,43
sub-0179,167,167
sub-0179,168,168
sub-0179,169,169
sub-0179,170,170
sub-0179,171,171
sub-0179,172,176
sub-0179,173,176
sub-0179,174,174
sub-0179,175,175
sub-0179,176,176
sub-0179,177,177
sub-0179,178,178
sub-0179,179,179
sub-0179,180,180
sub-0179,181,181
sub-0179,182,182
sub-0179,183,183
sub-0179,184,184
sub-0179,185,185
sub-0179,186,186
sub-0179,187,187
sub-0179,188,188
sub-0179,189,189
sub-0179,190,190
sub-0179,191,191
sub-0179,192,192
sub-0179,193,99
sub-0179,194,194
sub-0179,195,195
sub-0179,196,196
sub-0179,197,197
sub-0179,198,196
sub-0179,199,199
sub-0179,200,200
sub-0179,201,54
sub-0179,202,202
sub-0179,203,218
sub-0179,204,19
sub-0179,205,205
sub-0179,206,223
sub-0179,207,207
sub-0179,208,208
sub-0179,209,209
sub-0179,210,210
sub-0179,211,187
sub-0179,212,212
sub-0179,213,213
sub-0179,214,214
sub-0179,215,215
sub-0179,216,216
sub-0179,217,14
sub-0179,218,218
sub-0179,219,219
sub-0179,220,99
sub-0179,221,226
sub-0179,222,222
sub-0179,223,223
sub-0179,224,224
sub-0179,225,225
sub-0179,226,0
sub-0179,227,73
sub-0179,228,228
sub-0179,229,229
sub-0179,230,230
sub-0179,231,231
sub-0180,0,0
sub-0180,1,1
sub-0180,2,109
sub-0180,3,3
sub-0180,4,4
sub-0180,5,5
sub-0180,6,6
sub-0180,7,7
sub-0180,8,195
sub-0180,9,9
sub-0180,10,10
sub-0180,11,11
sub-0180,12,12
sub-0180,13,13
sub-0180,14,14
sub-0180,15,15
sub-0180,16,16
sub-0180,17,17
sub-0180,18,18
sub-0180,19,19
sub-0180,20,20
sub-0180,21,21
sub-0180,22,22
sub-0180,23,23
sub-0180,24,24
sub-0180,25,25
sub-0180,26,26
sub-0180,27,27
sub-0180,28,28
sub-0180,29,29
sub-0180,30,30
sub-0180,31,31
sub-0180,32,32
sub-0180,33,104
sub-0180,34,34
sub-0180,35,35
sub-0180,36,36
sub-0180,37,37
sub-0180,38,38
sub-0180,39,39
sub-0180,40,40
sub-0180,41,41
sub-0180,42,48
sub-0180,43,43
sub-0180,44,44
sub-0180,45,45
sub-0180,46,46
sub-0180,47,47
sub-0180,48,48
sub-0180,49,49
sub-0180,50,50
sub-0180,51,51
sub-0180,52,52
sub-0180,53,53
sub-0180,54,54
sub-0180,55,55
sub-0180,56,56
sub-0180,57,57
sub-0180,58,58
sub-0180,59,32
sub-0180,60,60
sub-0180,61,61
sub-0180,62,62
sub-0180,63,46
sub-0180,64,64
sub-0180,65,65
sub-0180,66,66
sub-0180,67,67
sub-0180,68,68
sub-0180,69,171
sub-0180,70,70
sub-0180,71,71
sub-0180,72,72
sub-0180,73,73
sub-0180,74,74
sub-0180,75,75
sub-0180,76,76
sub-0180,77,77
sub-0180,78,78
sub-0180,79,79
sub-0180,80,80
sub-0180,81,81
sub-0180,82,54
sub-0180,83,176
sub-0180,84,84
sub-0180,85,67
sub-0180,86,86
sub-0180,87,87
sub-0180,88,88
sub-0180,89,89
sub-0180,90,90
sub-0180,91,91
sub-0180,92,92
sub-0180,93,93
sub-0180,94,94
sub-0180,95,95
sub-0180,96,96
sub-0180,97,97
sub-0180,98,98
sub-0180,99,99
sub-0180,100,100
sub-0180,101,100
sub-0180,102,102
sub-0180,103,103
sub-0180,104,104
sub-0180,105,105
sub-0180,106,106
sub-0180,107,107
sub-0180,108,108
sub-0180,109,109
sub-0180,110,110
sub-0180,111,111
sub-0180,112,112
sub-0180,113,113
sub-0180,114,114
sub-0180,115,115
sub-0180,116,116
sub-0180,117,117
sub-0180,118,118
sub-0180,119,119
sub-0180,120,120
sub-0180,121,121
sub-0180,122,122
sub-0180,123,123
sub-0180,124,124
sub-0180,125,125
sub-0180,126,126
sub-0180,127,127
sub-0180,128,128
sub-0180,129,129
sub-0180,130,130
sub-0180,131,131
sub-0180,132,132
sub-0180,133,133
sub-0180,134,173
sub-0180,135,135
sub-0180,136,115
sub-0180,137,137
sub-0180,138,138
sub-0180,139,139
sub-0180,140,104
sub-0180,141,141
sub-0180,142,142
sub-0180,143,143
sub-0180,144,144
sub-0180,145,145
sub-0180,146,146
sub-0180,147,147
sub-0180,148,148
sub-0180,149,46
sub-0180,150,150
sub-0180,151,151
sub-0180,152,152
sub-0180,153,153
sub-0180,154,154
sub-0180,155,155
sub-0180,156,156
sub-0180,157,157
sub-0180,158,158
sub-0180,159,176
sub-0180,160,160
sub-0180,161,157
sub-0180,162,162
sub-0180,163,163
sub-0180,164,164
sub-0180,165,165
sub-0180,166,166
sub-0180,167,167
sub-0180,168,168
sub-0180,169,169
sub-0180,170,196
sub-0180,171,171
sub-0180,172,172
sub-0180,173,173
sub-0180,174,174
sub-0180,175,175
sub-0180,176,176
sub-0180,177,177
sub-0180,178,178
sub-0180,179,179
sub-0180,180,180
sub-0180,181,181
sub-0180,182,182
sub-0180,183,183
sub-0180,184,173
sub-0180,185,185
sub-0180,186,186
sub-0180,187,187
sub-0180,188,188
sub-0180,189,67
sub-0180,190,190
sub-0180,191,191
sub-0180,192,192
sub-0180,193,193
sub-0180,194,194
sub-0180,195,195
sub-0180,196,198
sub-0180,197,82
sub-0180,198,198
sub-0180,199,199
sub-0180,200,200
sub-0180,201,205
sub-0180,202,217
sub-0180,203,202
sub-0180,204,204
sub-0180,205,205
sub-0180,206,206
sub-0180,207,207
sub-0180,208,208
sub-0180,209,209
sub-0180,210,201
sub-0180,211,56
sub-0180,212,212
sub-0180,213,207
sub-0180,214,214
sub-0180,215,215
sub-0180,216,216
sub-0180,217,205
sub-0180,218,162
sub-0180,219,219
sub-0180,220,220
sub-0180,221,221
sub-0180,222,222
sub-0180,223,223
sub-0180,224,224
sub-0180,225,225
sub-0180,226,124
sub-0180,227,215
sub-0180,228,228
sub-0180,229,229
sub-0180,230,230
sub-0180,231,231
sub-0181,0,0
sub-0181,1,1
sub-0181,2,2
sub-0181,3,3
sub-0181,4,4
sub-0181,5,5
sub-0181,6,6
sub-0181,7,7
sub-0181,8,95
sub-0181,9,9
sub-0181,10,106
sub-0181,11,11
sub-0181,12,12
sub-0181,13,13
sub-0181,14,14
sub-0181,15,15
sub-0181,16,16
sub-0181,17,17
sub-0181,18,18
sub-0181,19,19
sub-0181,20,20
sub-0181,21,21
sub-0181,22,122
sub-0181,23,119
sub-0181,24,197
sub-0181,25,25
sub-0181,26,26
sub-0181,27,27
sub-0181,28,28
sub-0181,29,29
sub-0181,30,30
sub-0181,31,31
sub-0181,32,32
sub-0181,33,33
sub-0181,34,34
sub-0181,35,35
sub-0181,36,36
sub-0181,37,37
sub-0181,38,38
sub-0181,39,39
sub-0181,40,40
sub-0181,41,41
sub-0181,42,42
sub-0181,43,43
sub-0181,44,44
sub-0181,45,45
sub-0181,46,46
sub-0181,47,47
sub-0181,48,48
sub-0181,49,49
sub-0181,50,50
sub-0181,51,51
sub-0181,52,52
sub-0181,53,53
sub-0181,54,54
sub-0181,55,18
sub-0181,56,56
sub-0181,57,57
sub-0181,58,58
sub-0181,59,59
sub-0181,60,60
sub-0181,61,61
sub-0181,62,62
sub-0181,63,63
sub-0181,64,64
sub-0181,65,65
sub-0181,66,63
sub-0181,67,67
sub-0181,68,68
sub-0181,69,69
sub-0181,70,70
sub-0181,71,62
sub-0181,72,72
sub-0181,73,73
sub-0181,74,74
sub-0181,75,75
sub-0181,76,76
sub-0181,77,77
sub-0181,78,78
sub-0181,79,79
sub-0181,80,80
sub-0181,81,81
sub-0181,82,82
sub-0181,83,189
sub-0181,84,84
sub-0181,85,85
sub-0181,86,86
sub-0181,87,87
sub-0181,88,88
sub-0181,89,89
sub-0181,90,90
sub-0181,91,91
sub-0181,92,92
sub-0181,93,93
sub-0181,94,94
sub-0181,95,95
sub-0181,96,96
sub-0181,97,97
sub-0181,98,93
sub-0181,99,190
sub-0181,100,100
sub-0181,101,101
sub-0181,102,102
sub-0181,103,103
sub-0181,104,104
sub-0181,105,105
sub-0181,106,106
sub-0181,107,107
sub-0181,108,108
sub-0181,109,109
sub-0181,110,110
sub-0181,111,111
sub-0181,112,112
sub-0181,113,113
sub-0181,114,114
sub-0181,115,116
sub-0181,116,116
sub-0181,117,117
sub-0181,118,118
sub-0181,119,119
sub-0181,120,120
sub-0181,121,121
sub-0181,122,122
sub-0181,123,123
sub-0181,124,124
sub-0181,125,125
sub-0181,126,126
sub-0181,127,127
sub-0181,128,128
sub-0181,129,183
sub-0181,130,130
sub-0181,131,131
sub-0181,132,132
sub-0181,133,133
sub-0181,134,134
sub-0181,135,135
sub-0181,136,136
sub-0181,137,137
sub-0181,138,138
sub-0181,139,139
sub-0181,140,140
sub-0181,141,141
sub-0181,142,131
sub-0181,143,146
sub-0181,144,144
sub-0181,145,145
sub-0181,146,146
sub-0181,147,147
sub-0181,148,148
sub-0181,149,149
sub-0181,150,150
sub-0181,151,151
sub-0181,152,152
sub-0181,153,86
sub-0181,154,140
sub-0181,155,155
sub-0181,156,156
sub-0181,157,157
sub-0181,158,80
sub-0181,159,159
sub-0181,160,160
sub-0181,161,161
sub-0181,162,52
sub-0181,163,163
sub-0181,164,164
sub-0181,165,165
sub-0181,166,166
sub-0181,167,165
sub-0181,168,168
sub-0181,169,169
sub-0181,170,170
sub-0181,171,171
sub-0181,172,172
sub-0181,173,173
sub-0181,174,174
sub-0181,175,175
sub-0181,176,176
sub-0181,177,191
sub-0181,178,178
sub-0181,179,179
sub-0181,180,57
sub-0181,181,181
sub-0181,182,65
sub-0181,183,183
sub-0181,184,184
sub-0181,185,159
sub-0181,186,186
sub-0181,187,169
sub-0181,188,188
sub-0181,189,189
sub-0181,190,190
sub-0181,191,191
sub-0181,192,183
sub-0181,193,193
sub-0181,194,194
sub-0181,195,195
sub-0181,196,189
sub-0181,197,189
sub-0181,198,198
sub-0181,199,8
sub-0181,200,92
sub-0181,201,205
sub-0181,202,187
sub-0181,203,190
sub-0181,204,204
sub-0181,205,205
sub-0181,206,206
sub-0181,207,207
sub-0181,208,60
sub-0181,209,60
sub-0181,210,204
sub-0181,211,227
sub-0181,212,139
sub-0181,213,213
sub-0181,214,214
sub-0181,215,215
sub-0181,216,216
sub-0181,217,187
sub-0181,218,202
sub-0181,219,219
sub-0181,220,220
sub-0181,221,221
sub-0181,222,222
sub-0181,223,223
sub-0181,224,224
sub-0181,225,169
sub-0181,226,205
sub-0181,227,168
sub-0181,228,221
sub-0181,229,205
sub-0181,230,230
sub-0181,231,86
sub-0182,0,0
sub-0182,1,1
sub-0182,2,2
sub-0182,3,3
sub-0182,4,4
sub-0182,5,5
sub-0182,6,6
sub-0182,7,7
sub-0182,8,223
sub-0182,9,9
sub-0182,10,10
sub-0182,11,11
sub-0182,12,12
sub-0182,13,36
sub-0182,14,14
sub-0182,15,15
sub-0182,16,16
sub-0182,17,17
sub-0182,18,18
sub-0182,19,19
sub-0182,20,20
sub-0182,21,21
sub-0182,22,22
sub-0182,23,23
sub-0182,24,198
sub-0182,25,25
sub-0182,26,26
sub-0182,27,27
sub-0182,28,28
sub-0182,29,29
sub-0182,30,30
sub-0182,31,31
sub-0182,32,32
sub-0182,33,33
sub-0182,34,34
sub-0182,35,35
sub-0182,36,36
sub-0182,37,37
sub-0182,38,38
sub-0182,39,39
sub-0182,40,40
sub-0182,41,213
sub-0182,42,229
sub-0182,43,43
sub-0182,44,44
sub-0182,45,45
sub-0182,46,46
sub-0182,47,47
sub-0182,48,229
sub-0182,49,49
sub-0182,50,156
sub-0182,51,51
sub-0182,52,156
sub-0182,53,53
sub-0182,54,162
sub-0182,55,55
sub-0182,56,56
sub-0182,57,57
sub-0182,58,58
sub-0182,59,59
sub-0182,60,60
sub-0182,61,57
sub-0182,62,62
sub-0182,63,64
sub-0182,64,64
sub-0182,65,65
sub-0182,66,66
sub-0182,67,67
sub-0182,68,68
sub-0182,69,69
sub-0182,70,152
sub-0182,71,71
sub-0182,72,72
sub-0182,73,73
sub-0182,74,64
sub-0182,75,75
sub-0182,76,76
sub-0182,77,77
sub-0182,78,99
sub-0182,79,51
sub-0182,80,156
sub-0182,81,81
sub-0182,82,160
sub-0182,83,189
sub-0182,84,217
sub-0182,85,85
sub-0182,86,86
sub-0182,87,87
sub-0182,88,88
sub-0182,89,89
sub-0182,90,90
sub-0182,91,91
sub-0182,92,50
sub-0182,93,93
sub-0182,94,94
sub-0182,95,95
sub-0182,96,96
sub-0182,97,97
sub-0182,98,98
sub-0182,99,99
sub-0182,100,100
sub-0182,101,101
sub-0182,102,102
sub-0182,103,103
sub-0182,104,104
sub-0182,105,105
sub-0182,106,106
sub-0182,107,107
sub-0182,108,108
sub-0182,109,109
sub-0182,110,110
sub-0182,111,111
sub-0182,112,112
sub-0182,113,113
sub-0182,114,114
sub-0182,115,115
sub-0182,116,116
sub-0182,117,117
sub-0182,118,118
sub-0182,119,119
sub-0182,120,120
sub-0182,121,121
sub-0182,122,122
sub-0182,123,198
sub-0182,124,124
sub-0182,125,125
sub-0182,126,112
sub-0182,127,127
sub-0182,128,128
sub-0182,129,129
sub-0182,130,130
sub-0182,131,131
sub-0182,132,132
sub-0182,133,133
sub-0182,134,134
sub-0182,135,135
sub-0182,136,136
sub-0182,137,137
sub-0182,138,138
sub-0182,139,139
sub-0182,140,60
sub-0182,141,141
sub-0182,142,131
sub-0182,143,219
sub-0182,144,144
sub-0182,145,145
sub-0182,146,146
sub-0182,147,147
sub-0182,148,148
sub-0182,149,221
sub-0182,150,150
sub-0182,151,151
sub-0182,152,152
sub-0182,153,153
sub-0182,154,228
sub-0182,155,155
sub-0182,156,156
sub-0182,157,157
sub-0182,158,158
sub-0182,159,189
sub-0182,160,160
sub-0182,161,161
sub-0182,162,162
sub-0182,163,163
sub-0182,164,164
sub-0182,165,165
sub-0182,166,166
sub-0182,167,168
sub-0182,168,168
sub-0182,169,62
sub-0182,170,170
sub-0182,171,171
sub-0182,172,172
sub-0182,173,173
sub-0182,174,174
sub-0182,175,175
sub-0182,176,176
sub-0182,177,175
sub-0182,178,178
sub-0182,179,179
sub-0182,180,180
sub-0182,181,181
sub-0182,182,182
sub-0182,183,183
sub-0182,184,95
sub-0182,185,185
sub-0182,186,186
sub-0182,187,72
sub-0182,188,188
sub-0182,189,189
sub-0182,190,197
sub-0182,191,191
sub-0182,192,192
sub-0182,193,193
sub-0182,194,194
sub-0182,195,195
sub-0182,196,196
sub-0182,197,197
sub-0182,198,198
sub-0182,199,199
sub-0182,200,200
sub-0182,201,201
sub-0182,202,202
sub-0182,203,203
sub-0182,204,204
sub-0182,205,143
sub-0182,206,213
sub-0182,207,207
sub-0182,208,112
sub-0182,209,213
sub-0182,210,120
sub-0182,211,213
sub-0182,212,212
sub-0182,213,47
sub-0182,214,214
sub-0182,215,215
sub-0182,216,216
sub-0182,217,229
sub-0182,218,213
sub-0182,219,0
sub-0182,220,220
sub-0182,221,55
sub-0182,222,91
sub-0182,223,168
sub-0182,224,187
sub-0182,225,225
sub-0182,226,156
sub-0182,227,177
sub-0182,228,229
sub-0182,229,207
sub-0182,230,230
sub-0182,231,231
sub-0184,0,0
sub-0184,1,1
sub-0184,2,2
sub-0184,3,3
sub-0184,4,4
sub-0184,5,5
sub-0184,6,6
sub-0184,7,7
sub-0184,8,102
sub-0184,9,9
sub-0184,10,10
sub-0184,11,11
sub-0184,12,12
sub-0184,13,13
sub-0184,14,14
sub-0184,15,15
sub-0184,16,16
sub-0184,17,17
sub-0184,18,18
sub-0184,19,19
sub-0184,20,20
sub-0184,21,21
sub-0184,22,22
sub-0184,23,23
sub-0184,24,143
sub-0184,25,25
sub-0184,26,26
sub-0184,27,27
sub-0184,28,28
sub-0184,29,29
sub-0184,30,30
sub-0184,31,31
sub-0184,32,32
sub-0184,33,97
sub-0184,34,34
sub-0184,35,35
sub-0184,36,36
sub-0184,37,37
sub-0184,38,147
sub-0184,39,39
sub-0184,40,40
sub-0184,41,41
sub-0184,42,64
sub-0184,43,43
sub-0184,44,44
sub-0184,45,45
sub-0184,46,67
sub-0184,47,10
sub-0184,48,48
sub-0184,49,89
sub-0184,50,202
sub-0184,51,51
sub-0184,52,52
sub-0184,53,56
sub-0184,54,54
sub-0184,55,55
sub-0184,56,56
sub-0184,57,57
sub-0184,58,59
sub-0184,59,59
sub-0184,60,60
sub-0184,61,61
sub-0184,62,62
sub-0184,63,63
sub-0184,64,64
sub-0184,65,65
sub-0184,66,66
sub-0184,67,67
sub-0184,68,68
sub-0184,69,69
sub-0184,70,70
sub-0184,71,71
sub-0184,72,72
sub-0184,73,73
sub-0184,74,74
sub-0184,75,75
sub-0184,76,76
sub-0184,77,77
sub-0184,78,78
sub-0184,79,79
sub-0184,80,80
sub-0184,81,81
sub-0184,82,82
sub-0184,83,83
sub-0184,84,84
sub-0184,85,85
sub-0184,86,86
sub-0184,87,87
sub-0184,88,88
sub-0184,89,89
sub-0184,90,90
sub-0184,91,206
sub-0184,92,92
sub-0184,93,93
sub-0184,94,94
sub-0184,95,95
sub-0184,96,96
sub-0184,97,97
sub-0184,98,171
sub-0184,99,10
sub-0184,100,100
sub-0184,101,101
sub-0184,102,102
sub-0184,103,103
sub-0184,104,104
sub-0184,105,105
sub-0184,106,106
sub-0184,107,107
sub-0184,108,108
sub-0184,109,109
sub-0184,110,110
sub-0184,111,111
sub-0184,112,112
sub-0184,113,113
sub-0184,114,114
sub-0184,115,115
sub-0184,116,116
sub-0184,117,117
sub-0184,118,118
sub-0184,119,37
sub-0184,120,120
sub-0184,121,121
sub-0184,122,122
sub-0184,123,123
sub-0184,124,124
sub-0184,125,125
sub-0184,126,126
sub-0184,127,127
sub-0184,128,25
sub-0184,129,129
sub-0184,130,130
sub-0184,131,131
sub-0184,132,132
sub-0184,133,133
sub-0184,134,173
sub-0184,135,29
sub-0184,136,136
sub-0184,137,137
sub-0184,138,138
sub-0184,139,139
sub-0184,140,210
sub-0184,141,141
sub-0184,142,57
sub-0184,143,143
sub-0184,144,144
sub-0184,145,145
sub-0184,146,43
sub-0184,147,147
sub-0184,148,148
sub-0184,149,149
sub-0184,150,150
sub-0184,151,178
sub-0184,152,152
sub-0184,153,153
sub-0184,154,154
sub-0184,155,155
sub-0184,156,156
sub-0184,157,157
sub-0184,158,158
sub-0184,159,159
sub-0184,160,160
sub-0184,161,161
sub-0184,162,162
sub-0184,163,163
sub-0184,164,164
sub-0184,165,165
sub-0184,166,67
sub-0184,167,167
sub-0184,168,168
sub-0184,169,169
sub-0184,170,170
sub-0184,171,171
sub-0184,172,172
sub-0184,173,173
sub-0184,174,174
sub-0184,175,175
sub-0184,176,176
sub-0184,177,177
sub-0184,178,178
sub-0184,179,179
sub-0184,180,180
sub-0184,181,181
sub-0184,182,182
sub-0184,183,183
sub-0184,184,184
sub-0184,185,185
sub-0184,186,186
sub-0184,187,187
sub-0184,188,188
sub-0184,189,189
sub-0184,190,190
sub-0184,191,191
sub-0184,192,192
sub-0184,193,193
sub-0184,194,194
sub-0184,195,195
sub-0184,196,196
sub-0184,197,197
sub-0184,198,198
sub-0184,199,22
sub-0184,200,200
sub-0184,201,201
sub-0184,202,202
sub-0184,203,203
sub-0184,204,52
sub-0184,205,55
sub-0184,206,206
sub-0184,207,204
sub-0184,208,225
sub-0184,209,209
sub-0184,210,210
sub-0184,211,226
sub-0184,212,212
sub-0184,213,213
sub-0184,214,47
sub-0184,215,215
sub-0184,216,216
sub-0184,217,217
sub-0184,218,218
sub-0184,219,54
sub-0184,220,220
sub-0184,221,204
sub-0184,222,222
sub-0184,223,223
sub-0184,224,224
sub-0184,225,208
sub-0184,226,226
sub-0184,227,210
sub-0184,228,228
sub-0184,229,229
sub-0184,230,70
sub-0184,231,214
sub-0185,0,0
sub-0185,1,1
sub-0185,2,2
sub-0185,3,3
sub-0185,4,4
sub-0185,5,5
sub-0185,6,203
sub-0185,7,7
sub-0185,8,162
sub-0185,9,9
sub-0185,10,10
sub-0185,11,11
sub-0185,12,12
sub-0185,13,13
sub-0185,14,220
sub-0185,15,15
sub-0185,16,16
sub-0185,17,17
sub-0185,18,18
sub-0185,19,19
sub-0185,20,20
sub-0185,21,21
sub-0185,22,22
sub-0185,23,23
sub-0185,24,24
sub-0185,25,25
sub-0185,26,26
sub-0185,27,27
sub-0185,28,28
sub-0185,29,29
sub-0185,30,30
sub-0185,31,31
sub-0185,32,32
sub-0185,33,33
sub-0185,34,34
sub-0185,35,35
sub-0185,36,36
sub-0185,37,37
sub-0185,38,28
sub-0185,39,145
sub-0185,40,40
sub-0185,41,144
sub-0185,42,61
sub-0185,43,43
sub-0185,44,44
sub-0185,45,45
sub-0185,46,46
sub-0185,47,47
sub-0185,48,48
sub-0185,49,49
sub-0185,50,50
sub-0185,51,51
sub-0185,52,52
sub-0185,53,53
sub-0185,54,162
sub-0185,55,55
sub-0185,56,33
sub-0185,57,57
sub-0185,58,58
sub-0185,59,59
sub-0185,60,60
sub-0185,61,61
sub-0185,62,62
sub-0185,63,63
sub-0185,64,64
sub-0185,65,64
sub-0185,66,68
sub-0185,67,67
sub-0185,68,68
sub-0185,69,67
sub-0185,70,47
sub-0185,71,71
sub-0185,72,67
sub-0185,73,73
sub-0185,74,74
sub-0185,75,75
sub-0185,76,76
sub-0185,77,77
sub-0185,78,78
sub-0185,79,79
sub-0185,80,80
sub-0185,81,81
sub-0185,82,82
sub-0185,83,83
sub-0185,84,84
sub-0185,85,85
sub-0185,86,86
sub-0185,87,87
sub-0185,88,88
sub-0185,89,89
sub-0185,90,90
sub-0185,91,49
sub-0185,92,92
sub-0185,93,93
sub-0185,94,86
sub-0185,95,163
sub-0185,96,96
sub-0185,97,97
sub-0185,98,86
sub-0185,99,99
sub-0185,100,100
sub-0185,101,101
sub-0185,102,102
sub-0185,103,103
sub-0185,104,104
sub-0185,105,105
sub-0185,106,106
sub-0185,107,107
sub-0185,108,108
sub-0185,109,109
sub-0185,110,110
sub-0185,111,163
sub-0185,112,112
sub-0185,113,113
sub-0185,114,113
sub-0185,115,115
sub-0185,116,163
sub-0185,117,117
sub-0185,118,118
sub-0185,119,119
sub-0185,120,120
sub-0185,121,121
sub-0185,122,122
sub-0185,123,123
sub-0185,124,124
sub-0185,125,125
sub-0185,126,126
sub-0185,127,127
sub-0185,128,128
sub-0185,129,129
sub-0185,130,130
sub-0185,131,131
sub-0185,132,132
sub-0185,133,134
sub-0185,134,134
sub-0185,135,135
sub-0185,136,145
sub-0185,137,137
sub-0185,138,173
sub-0185,139,139
sub-0185,140,140
sub-0185,141,141
sub-0185,142,142
sub-0185,143,143
sub-0185,144,144
sub-0185,145,145
sub-0185,146,146
sub-0185,147,147
sub-0185,148,49
sub-0185,149,149
sub-0185,150,150
sub-0185,151,151
sub-0185,152,152
sub-0185,153,153
sub-0185,154,154
sub-0185,155,155
sub-0185,156,156
sub-0185,157,157
sub-0185,158,158
sub-0185,159,183
sub-0185,160,162
sub-0185,161,161
sub-0185,162,28
sub-0185,163,163
sub-0185,164,164
sub-0185,165,165
sub-0185,166,166
sub-0185,167,167
sub-0185,168,168
sub-0185,169,187
sub-0185,170,170
sub-0185,171,171
sub-0185,172,67
sub-0185,173,173
sub-0185,174,174
sub-0185,175,175
sub-0185,176,28
sub-0185,177,177
sub-0185,178,178
sub-0185,179,179
sub-0185,180,180
sub-0185,181,86
sub-0185,182,182
sub-0185,183,183
sub-0185,184,184
sub-0185,185,183
sub-0185,186,186
sub-0185,187,187
sub-0185,188,188
sub-0185,189,189
sub-0185,190,190
sub-0185,191,191
sub-0185,192,199
sub-0185,193,86
sub-0185,194,194
sub-0185,195,195
sub-0185,196,196
sub-0185,197,197
sub-0185,198,198
sub-0185,199,199
sub-0185,200,200
sub-0185,201,205
sub-0185,202,202
sub-0185,203,28
sub-0185,204,64
sub-0185,205,205
sub-0185,206,206
sub-0185,207,207
sub-0185,208,208
sub-0185,209,209
sub-0185,210,210
sub-0185,211,211
sub-0185,212,23
sub-0185,213,213
sub-0185,214,214
sub-0185,215,215
sub-0185,216,216
sub-0185,217,202
sub-0185,218,218
sub-0185,219,163
sub-0185,220,86
sub-0185,221,221
sub-0185,222,222
sub-0185,223,223
sub-0185,224,224
sub-0185,225,225
sub-0185,226,226
sub-0185,227,210
sub-0185,228,225
sub-0185,229,229
sub-0185,230,230
sub-0185,231,231
sub-0186,0,0
sub-0186,1,1
sub-0186,2,2
sub-0186,3,3
sub-0186,4,4
sub-0186,5,5
sub-0186,6,6
sub-0186,7,7
sub-0186,8,8
sub-0186,9,9
sub-0186,10,10
sub-0186,11,11
sub-0186,12,12
sub-0186,13,13
sub-0186,14,27
sub-0186,15,15
sub-0186,16,16
sub-0186,17,45
sub-0186,18,18
sub-0186,19,19
sub-0186,20,20
sub-0186,21,21
sub-0186,22,204
sub-0186,23,23
sub-0186,24,24
sub-0186,25,25
sub-0186,26,26
sub-0186,27,27
sub-0186,28,28
sub-0186,29,29
sub-0186,30,30
sub-0186,31,31
sub-0186,32,32
sub-0186,33,4
sub-0186,34,34
sub-0186,35,35
sub-0186,36,36
sub-0186,37,37
sub-0186,38,38
sub-0186,39,39
sub-0186,40,40
sub-0186,41,41
sub-0186,42,42
sub-0186,43,43
sub-0186,44,44
sub-0186,45,45
sub-0186,46,46
sub-0186,47,47
sub-0186,48,48
sub-0186,49,49
sub-0186,50,50
sub-0186,51,50
sub-0186,52,52
sub-0186,53,162
sub-0186,54,54
sub-0186,55,204
sub-0186,56,56
sub-0186,57,57
sub-0186,58,67
sub-0186,59,59
sub-0186,60,60
sub-0186,61,61
sub-0186,62,62
sub-0186,63,39
sub-0186,64,42
sub-0186,65,65
sub-0186,66,66
sub-0186,67,67
sub-0186,68,68
sub-0186,69,69
sub-0186,70,89
sub-0186,71,180
sub-0186,72,72
sub-0186,73,73
sub-0186,74,74
sub-0186,75,69
sub-0186,76,97
sub-0186,77,181
sub-0186,78,78
sub-0186,79,79
sub-0186,80,80
sub-0186,81,81
sub-0186,82,82
sub-0186,83,83
sub-0186,84,84
sub-0186,85,69
sub-0186,86,89
sub-0186,87,87
sub-0186,88,88
sub-0186,89,89
sub-0186,90,90
sub-0186,91,89
sub-0186,92,92
sub-0186,93,93
sub-0186,94,94
sub-0186,95,95
sub-0186,96,96
sub-0186,97,97
sub-0186,98,98
sub-0186,99,99
sub-0186,100,100
sub-0186,101,101
sub-0186,102,102
sub-0186,103,103
sub-0186,104,104
sub-0186,105,105
sub-0186,106,106
sub-0186,107,107
sub-0186,108,108
sub-0186,109,109
sub-0186,110,110
sub-0186,111,111
sub-0186,112,112
sub-0186,113,113
sub-0186,114,114
sub-0186,115,115
sub-0186,116,116
sub-0186,117,117
sub-0186,118,131
sub-0186,119,119
sub-0186,120,120
sub-0186,121,121
sub-0186,122,18
sub-0186,123,123
sub-0186,124,124
sub-0186,125,125
sub-0186,126,41
sub-0186,127,127
sub-0186,128,128
sub-0186,129,129
sub-0186,130,130
sub-0186,131,131
sub-0186,132,132
sub-0186,133,195
sub-0186,134,29
sub-0186,135,163
sub-0186,136,127
sub-0186,137,137
sub-0186,138,138
sub-0186,139,139
sub-0186,140,140
sub-0186,141,141
sub-0186,142,42
sub-0186,143,131
sub-0186,144,144
sub-0186,145,128
sub-0186,146,146
sub-0186,147,147
sub-0186,148,148
sub-0186,149,149
sub-0186,150,178
sub-0186,151,151
sub-0186,152,152
sub-0186,153,153
sub-0186,154,44
sub-0186,155,155
sub-0186,156,204
sub-0186,157,157
sub-0186,158,158
sub-0186,159,159
sub-0186,160,160
sub-0186,161,183
sub-0186,162,162
sub-0186,163,163
sub-0186,164,164
sub-0186,165,46
sub-0186,166,45
sub-0186,167,42
sub-0186,168,176
sub-0186,169,183
sub-0186,170,193
sub-0186,171,171
sub-0186,172,172
sub-0186,173,173
sub-0186,174,178
sub-0186,175,175
sub-0186,176,176
sub-0186,177,177
sub-0186,178,178
sub-0186,179,174
sub-0186,180,180
sub-0186,181,181
sub-0186,182,182
sub-0186,183,183
sub-0186,184,184
sub-0186,185,185
sub-0186,186,89
sub-0186,187,187
sub-0186,188,188
sub-0186,189,189
sub-0186,190,190
sub-0186,191,191
sub-0186,192,192
sub-0186,193,193
sub-0186,194,194
sub-0186,195,195
sub-0186,196,199
sub-0186,197,199
sub-0186,198,198
sub-0186,199,199
sub-0186,200,200
sub-0186,201,201
sub-0186,202,202
sub-0186,203,203
sub-0186,204,204
sub-0186,205,205
sub-0186,206,206
sub-0186,207,207
sub-0186,208,208
sub-0186,209,209
sub-0186,210,162
sub-0186,211,149
sub-0186,212,212
sub-0186,213,204
sub-0186,214,89
sub-0186,215,89
sub-0186,216,162
sub-0186,217,217
sub-0186,218,163
sub-0186,219,202
sub-0186,220,220
sub-0186,221,221
sub-0186,222,69
sub-0186,223,204
sub-0186,224,177
sub-0186,225,230
sub-0186,226,210
sub-0186,227,227
sub-0186,228,45
sub-0186,229,128
sub-0186,230,89
sub-0186,231,89
sub-0187,0,30
sub-0187,1,1
sub-0187,2,2
sub-0187,3,3
sub-0187,4,30
sub-0187,5,5
sub-0187,6,203
sub-0187,7,7
sub-0187,8,8
sub-0187,9,9
sub-0187,10,10
sub-0187,11,11
sub-0187,12,12
sub-0187,13,13
sub-0187,14,219
sub-0187,15,15
sub-0187,16,16
sub-0187,17,17
sub-0187,18,18
sub-0187,19,19
sub-0187,20,20
sub-0187,21,21
sub-0187,22,22
sub-0187,23,23
sub-0187,24,30
sub-0187,25,25
sub-0187,26,26
sub-0187,27,147
sub-0187,28,28
sub-0187,29,29
sub-0187,30,30
sub-0187,31,31
sub-0187,32,32
sub-0187,33,33
sub-0187,34,34
sub-0187,35,35
sub-0187,36,36
sub-0187,37,37
sub-0187,38,38
sub-0187,39,39
sub-0187,40,40
sub-0187,41,41
sub-0187,42,42
sub-0187,43,43
sub-0187,44,44
sub-0187,45,27
sub-0187,46,148
sub-0187,47,150
sub-0187,48,67
sub-0187,49,177
sub-0187,50,8
sub-0187,51,176
sub-0187,52,162
sub-0187,53,53
sub-0187,54,54
sub-0187,55,55
sub-0187,56,0
sub-0187,57,57
sub-0187,58,58
sub-0187,59,59
sub-0187,60,57
sub-0187,61,57
sub-0187,62,62
sub-0187,63,63
sub-0187,64,64
sub-0187,65,65
sub-0187,66,66
sub-0187,67,67
sub-0187,68,68
sub-0187,69,69
sub-0187,70,70
sub-0187,71,71
sub-0187,72,72
sub-0187,73,133
sub-0187,74,89
sub-0187,75,75
sub-0187,76,76
sub-0187,77,77
sub-0187,78,78
sub-0187,79,79
sub-0187,80,80
sub-0187,81,81
sub-0187,82,82
sub-0187,83,159
sub-0187,84,84
sub-0187,85,85
sub-0187,86,86
sub-0187,87,87
sub-0187,88,88
sub-0187,89,89
sub-0187,90,90
sub-0187,91,69
sub-0187,92,92
sub-0187,93,93
sub-0187,94,85
sub-0187,95,95
sub-0187,96,96
sub-0187,97,97
sub-0187,98,98
sub-0187,99,99
sub-0187,100,100
sub-0187,101,101
sub-0187,102,102
sub-0187,103,103
sub-0187,104,104
sub-0187,105,105
sub-0187,106,106
sub-0187,107,107
sub-0187,108,108
sub-0187,109,109
sub-0187,110,110
sub-0187,111,111
sub-0187,112,112
sub-0187,113,113
sub-0187,114,147
sub-0187,115,115
sub-0187,116,116
sub-0187,117,117
sub-0187,118,118
sub-0187,119,119
sub-0187,120,120
sub-0187,121,121
sub-0187,122,122
sub-0187,123,123
sub-0187,124,124
sub-0187,125,125
sub-0187,126,126
sub-0187,127,127
sub-0187,128,128
sub-0187,129,129
sub-0187,130,130
sub-0187,131,131
sub-0187,132,132
sub-0187,133,133
sub-0187,134,134
sub-0187,135,135
sub-0187,136,136
sub-0187,137,137
sub-0187,138,138
sub-0187,139,139
sub-0187,140,140
sub-0187,141,141
sub-0187,142,142
sub-0187,143,143
sub-0187,144,147
sub-0187,145,145
sub-0187,146,146
sub-0187,147,147
sub-0187,148,148
sub-0187,149,149
sub-0187,150,150
sub-0187,151,151
sub-0187,152,152
sub-0187,153,89
sub-0187,154,57
sub-0187,155,89
sub-0187,156,156
sub-0187,157,157
sub-0187,158,158
sub-0187,159,69
sub-0187,160,160
sub-0187,161,161
sub-0187,162,147
sub-0187,163,163
sub-0187,164,164
sub-0187,165,165
sub-0187,166,166
sub-0187,167,148
sub-0187,168,57
sub-0187,169,169
sub-0187,170,170
sub-0187,171,176
sub-0187,172,178
sub-0187,173,173
sub-0187,174,151
sub-0187,175,175
sub-0187,176,176
sub-0187,177,177
sub-0187,178,178
sub-0187,179,179
sub-0187,180,180
sub-0187,181,57
sub-0187,182,182
sub-0187,183,183
sub-0187,184,174
sub-0187,185,185
sub-0187,186,186
sub-0187,187,201
sub-0187,188,188
sub-0187,189,191
sub-0187,190,190
sub-0187,191,191
sub-0187,192,192
sub-0187,193,193
sub-0187,194,194
sub-0187,195,195
sub-0187,196,196
sub-0187,197,99
sub-0187,198,30
sub-0187,199,199
sub-0187,200,200
sub-0187,201,201
sub-0187,202,202
sub-0187,203,203
sub-0187,204,204
sub-0187,205,205
sub-0187,206,206
sub-0187,207,207
sub-0187,208,220
sub-0187,209,209
sub-0187,210,22
sub-0187,211,214
sub-0187,212,212
sub-0187,213,120
sub-0187,214,178
sub-0187,215,231
sub-0187,216,216
sub-0187,217,217
sub-0187,218,203
sub-0187,219,219
sub-0187,220,220
sub-0187,221,221
sub-0187,222,222
sub-0187,223,204
sub-0187,224,224
sub-0187,225,0
sub-0187,226,226
sub-0187,227,60
sub-0187,228,220
sub-0187,229,229
sub-0187,230,230
sub-0187,231,65
sub-0188,0,0
sub-0188,1,1
sub-0188,2,2
sub-0188,3,3
sub-0188,4,4
sub-0188,5,5
sub-0188,6,6
sub-0188,7,107
sub-0188,8,8
sub-0188,9,9
sub-0188,10,10
sub-0188,11,106
sub-0188,12,12
sub-0188,13,13
sub-0188,14,14
sub-0188,15,15
sub-0188,16,16
sub-0188,17,17
sub-0188,18,18
sub-0188,19,19
sub-0188,20,20
sub-0188,21,21
sub-0188,22,22
sub-0188,23,23
sub-0188,24,24
sub-0188,25,25
sub-0188,26,26
sub-0188,27,27
sub-0188,28,219
sub-0188,29,29
sub-0188,30,30
sub-0188,31,31
sub-0188,32,32
sub-0188,33,33
sub-0188,34,34
sub-0188,35,35
sub-0188,36,147
sub-0188,37,37
sub-0188,38,38
sub-0188,39,39
sub-0188,40,40
sub-0188,41,41
sub-0188,42,42
sub-0188,43,43
sub-0188,44,44
sub-0188,45,45
sub-0188,46,46
sub-0188,47,47
sub-0188,48,48
sub-0188,49,49
sub-0188,50,216
sub-0188,51,51
sub-0188,52,52
sub-0188,53,160
sub-0188,54,54
sub-0188,55,55
sub-0188,56,56
sub-0188,57,57
sub-0188,58,58
sub-0188,59,59
sub-0188,60,60
sub-0188,61,61
sub-0188,62,62
sub-0188,63,57
sub-0188,64,64
sub-0188,65,65
sub-0188,66,66
sub-0188,67,67
sub-0188,68,68
sub-0188,69,69
sub-0188,70,70
sub-0188,71,71
sub-0188,72,67
sub-0188,73,73
sub-0188,74,74
sub-0188,75,75
sub-0188,76,76
sub-0188,77,77
sub-0188,78,78
sub-0188,79,79
sub-0188,80,80
sub-0188,81,81
sub-0188,82,54
sub-0188,83,83
sub-0188,84,84
sub-0188,85,85
sub-0188,86,67
sub-0188,87,87
sub-0188,88,88
sub-0188,89,89
sub-0188,90,90
sub-0188,91,91
sub-0188,92,92
sub-0188,93,178
sub-0188,94,94
sub-0188,95,95
sub-0188,96,96
sub-0188,97,97
sub-0188,98,217
sub-0188,99,99
sub-0188,100,100
sub-0188,101,6
sub-0188,102,0
sub-0188,103,103
sub-0188,104,104
sub-0188,105,105
sub-0188,106,8
sub-0188,107,217
sub-0188,108,108
sub-0188,109,109
sub-0188,110,110
sub-0188,111,107
sub-0188,112,112
sub-0188,113,113
sub-0188,114,114
sub-0188,115,115
sub-0188,116,147
sub-0188,117,117
sub-0188,118,118
sub-0188,119,119
sub-0188,120,120
sub-0188,121,121
sub-0188,122,122
sub-0188,123,22
sub-0188,124,124
sub-0188,125,125
sub-0188,126,22
sub-0188,127,127
sub-0188,128,128
sub-0188,129,129
sub-0188,130,95
sub-0188,131,131
sub-0188,132,132
sub-0188,133,133
sub-0188,134,134
sub-0188,135,132
sub-0188,136,22
sub-0188,137,137
sub-0188,138,138
sub-0188,139,139
sub-0188,140,140
sub-0188,141,141
sub-0188,142,142
sub-0188,143,146
sub-0188,144,144
sub-0188,145,145
sub-0188,146,146
sub-0188,147,113
sub-0188,148,148
sub-0188,149,149
sub-0188,150,150
sub-0188,151,151
sub-0188,152,152
sub-0188,153,153
sub-0188,154,154
sub-0188,155,155
sub-0188,156,193
sub-0188,157,157
sub-0188,158,158
sub-0188,159,159
sub-0188,160,160
sub-0188,161,161
sub-0188,162,131
sub-0188,163,163
sub-0188,164,164
sub-0188,165,142
sub-0188,166,147
sub-0188,167,167
sub-0188,168,168
sub-0188,169,152
sub-0188,170,193
sub-0188,171,171
sub-0188,172,172
sub-0188,173,173
sub-0188,174,174
sub-0188,175,175
sub-0188,176,193
sub-0188,177,177
sub-0188,178,178
sub-0188,179,179
sub-0188,180,193
sub-0188,181,181
sub-0188,182,182
sub-0188,183,175
sub-0188,184,184
sub-0188,185,185
sub-0188,186,186
sub-0188,187,187
sub-0188,188,188
sub-0188,189,189
sub-0188,190,160
sub-0188,191,191
sub-0188,192,192
sub-0188,193,193
sub-0188,194,194
sub-0188,195,195
sub-0188,196,217
sub-0188,197,153
sub-0188,198,198
sub-0188,199,131
sub-0188,200,200
sub-0188,201,201
sub-0188,202,53
sub-0188,203,220
sub-0188,204,226
sub-0188,205,205
sub-0188,206,221
sub-0188,207,207
sub-0188,208,208
sub-0188,209,209
sub-0188,210,210
sub-0188,211,217
sub-0188,212,212
sub-0188,213,213
sub-0188,214,214
sub-0188,215,215
sub-0188,216,216
sub-0188,217,217
sub-0188,218,218
sub-0188,219,202
sub-0188,220,55
sub-0188,221,221
sub-0188,222,222
sub-0188,223,223
sub-0188,224,224
sub-0188,225,225
sub-0188,226,225
sub-0188,227,0
sub-0188,228,228
sub-0188,229,229
sub-0188,230,230
sub-0188,231,228
sub-0190,0,0
sub-0190,1,1
sub-0190,2,2
sub-0190,3,3
sub-0190,4,4
sub-0190,5,5
sub-0190,6,6
sub-0190,7,7
sub-0190,8,8
sub-0190,9,9
sub-0190,10,10
sub-0190,11,11
sub-0190,12,12
sub-0190,13,13
sub-0190,14,14
sub-0190,15,15
sub-0190,16,16
sub-0190,17,17
sub-0190,18,18
sub-0190,19,19
sub-0190,20,20
sub-0190,21,21
sub-0190,22,22
sub-0190,23,23
sub-0190,24,24
sub-0190,25,25
sub-0190,26,26
sub-0190,27,27
sub-0190,28,28
sub-0190,29,29
sub-0190,30,30
sub-0190,31,31
sub-0190,32,32
sub-0190,33,33
sub-0190,34,34
sub-0190,35,35
sub-0190,36,36
sub-0190,37,37
sub-0190,38,38
sub-0190,39,39
sub-0190,40,40
sub-0190,41,41
sub-0190,42,61
sub-0190,43,43
sub-0190,44,44
sub-0190,45,45
sub-0190,46,43
sub-0190,47,60
sub-0190,48,37
sub-0190,49,49
sub-0190,50,50
sub-0190,51,51
sub-0190,52,52
sub-0190,53,53
sub-0190,54,54
sub-0190,55,55
sub-0190,56,56
sub-0190,57,57
sub-0190,58,58
sub-0190,59,59
sub-0190,60,60
sub-0190,61,61
sub-0190,62,69
sub-0190,63,60
sub-0190,64,64
sub-0190,65,65
sub-0190,66,66
sub-0190,67,67
sub-0190,68,68
sub-0190,69,69
sub-0190,70,61
sub-0190,71,71
sub-0190,72,72
sub-0190,73,73
sub-0190,74,74
sub-0190,75,75
sub-0190,76,76
sub-0190,77,77
sub-0190,78,193
sub-0190,79,79
sub-0190,80,80
sub-0190,81,81
sub-0190,82,160
sub-0190,83,191
sub-0190,84,189
sub-0190,85,85
sub-0190,86,54
sub-0190,87,87
sub-0190,88,88
sub-0190,89,89
sub-0190,90,90
sub-0190,91,91
sub-0190,92,156
sub-0190,93,178
sub-0190,94,94
sub-0190,95,95
sub-0190,96,96
sub-0190,97,97
sub-0190,98,98
sub-0190,99,104
sub-0190,100,100
sub-0190,101,101
sub-0190,102,102
sub-0190,103,103
sub-0190,104,104
sub-0190,105,105
sub-0190,106,100
sub-0190,107,107
sub-0190,108,108
sub-0190,109,109
sub-0190,110,110
sub-0190,111,111
sub-0190,112,112
sub-0190,113,113
sub-0190,114,114
sub-0190,115,115
sub-0190,116,116
sub-0190,117,117
sub-0190,118,118
sub-0190,119,119
sub-0190,120,17
sub-0190,121,121
sub-0190,122,122
sub-0190,123,123
sub-0190,124,22
sub-0190,125,8
sub-0190,126,126
sub-0190,127,127
sub-0190,128,128
sub-0190,129,129
sub-0190,130,130
sub-0190,131,131
sub-0190,132,132
sub-0190,133,133
sub-0190,134,134
sub-0190,135,135
sub-0190,136,136
sub-0190,137,137
sub-0190,138,138
sub-0190,139,139
sub-0190,140,140
sub-0190,141,141
sub-0190,142,45
sub-0190,143,199
sub-0190,144,144
sub-0190,145,145
sub-0190,146,146
sub-0190,147,198
sub-0190,148,148
sub-0190,149,149
sub-0190,150,43
sub-0190,151,151
sub-0190,152,149
sub-0190,153,157
sub-0190,154,154
sub-0190,155,187
sub-0190,156,156
sub-0190,157,157
sub-0190,158,158
sub-0190,159,159
sub-0190,160,160
sub-0190,161,190
sub-0190,162,162
sub-0190,163,163
sub-0190,164,164
sub-0190,165,165
sub-0190,166,166
sub-0190,167,175
sub-0190,168,178
sub-0190,169,43
sub-0190,170,170
sub-0190,171,171
sub-0190,172,172
sub-0190,173,173
sub-0190,174,60
sub-0190,175,175
sub-0190,176,176
sub-0190,177,177
sub-0190,178,178
sub-0190,179,179
sub-0190,180,180
sub-0190,181,159
sub-0190,182,182
sub-0190,183,183
sub-0190,184,184
sub-0190,185,185
sub-0190,186,186
sub-0190,187,194
sub-0190,188,188
sub-0190,189,189
sub-0190,190,190
sub-0190,191,191
sub-0190,192,192
sub-0190,193,193
sub-0190,194,194
sub-0190,195,195
sub-0190,196,198
sub-0190,197,197
sub-0190,198,198
sub-0190,199,131
sub-0190,200,54
sub-0190,201,201
sub-0190,202,156
sub-0190,203,160
sub-0190,204,222
sub-0190,205,205
sub-0190,206,206
sub-0190,207,207
sub-0190,208,157
sub-0190,209,209
sub-0190,210,218
sub-0190,211,221
sub-0190,212,229
sub-0190,213,213
sub-0190,214,215
sub-0190,215,215
sub-0190,216,217
sub-0190,217,217
sub-0190,218,218
sub-0190,219,187
sub-0190,220,220
sub-0190,221,221
sub-0190,222,222
sub-0190,223,223
sub-0190,224,207
sub-0190,225,228
sub-0190,226,226
sub-0190,227,227
sub-0190,228,228
sub-0190,229,229
sub-0190,230,230
sub-0190,231,231
sub-0191,0,0
sub-0191,1,1
sub-0191,2,2
sub-0191,3,3
sub-0191,4,4
sub-0191,5,5
sub-0191,6,6
sub-0191,7,120
sub-0191,8,8
sub-0191,9,9
sub-0191,10,10
sub-0191,11,11
sub-0191,12,12
sub-0191,13,13
sub-0191,14,14
sub-0191,15,15
sub-0191,16,16
sub-0191,17,17
sub-0191,18,18
sub-0191,19,19
sub-0191,20,20
sub-0191,21,21
sub-0191,22,22
sub-0191,23,23
sub-0191,24,205
sub-0191,25,25
sub-0191,26,26
sub-0191,27,12
sub-0191,28,28
sub-0191,29,29
sub-0191,30,30
sub-0191,31,31
sub-0191,32,32
sub-0191,33,119
sub-0191,34,34
sub-0191,35,35
sub-0191,36,36
sub-0191,37,37
sub-0191,38,38
sub-0191,39,39
sub-0191,40,22
sub-0191,41,139
sub-0191,42,42
sub-0191,43,43
sub-0191,44,44
sub-0191,45,45
sub-0191,46,46
sub-0191,47,47
sub-0191,48,48
sub-0191,49,49
sub-0191,50,52
sub-0191,51,51
sub-0191,52,52
sub-0191,53,53
sub-0191,54,202
sub-0191,55,55
sub-0191,56,56
sub-0191,57,57
sub-0191,58,58
sub-0191,59,59
sub-0191,60,60
sub-0191,61,61
sub-0191,62,62
sub-0191,63,57
sub-0191,64,64
sub-0191,65,65
sub-0191,66,66
sub-0191,67,67
sub-0191,68,68
sub-0191,69,69
sub-0191,70,225
sub-0191,71,71
sub-0191,72,32
sub-0191,73,73
sub-0191,74,74
sub-0191,75,75
sub-0191,76,76
sub-0191,77,77
sub-0191,78,78
sub-0191,79,79
sub-0191,80,80
sub-0191,81,81
sub-0191,82,82
sub-0191,83,83
sub-0191,84,84
sub-0191,85,69
sub-0191,86,86
sub-0191,87,87
sub-0191,88,88
sub-0191,89,89
sub-0191,90,90
sub-0191,91,91
sub-0191,92,92
sub-0191,93,93
sub-0191,94,94
sub-0191,95,95
sub-0191,96,96
sub-0191,97,96
sub-0191,98,60
sub-0191,99,99
sub-0191,100,100
sub-0191,101,118
sub-0191,102,102
sub-0191,103,103
sub-0191,104,104
sub-0191,105,105
sub-0191,106,106
sub-0191,107,107
sub-0191,108,108
sub-0191,109,109
sub-0191,110,110
sub-0191,111,111
sub-0191,112,112
sub-0191,113,113
sub-0191,114,114
sub-0191,115,115
sub-0191,116,116
sub-0191,117,117
sub-0191,118,118
sub-0191,119,119
sub-0191,120,120
sub-0191,121,121
sub-0191,122,122
sub-0191,123,123
sub-0191,124,125
sub-0191,125,125
sub-0191,126,126
sub-0191,127,127
sub-0191,128,128
sub-0191,129,129
sub-0191,130,130
sub-0191,131,194
sub-0191,132,132
sub-0191,133,133
sub-0191,134,134
sub-0191,135,135
sub-0191,136,136
sub-0191,137,137
sub-0191,138,138
sub-0191,139,139
sub-0191,140,140
sub-0191,141,141
sub-0191,142,48
sub-0191,143,143
sub-0191,144,144
sub-0191,145,145
sub-0191,146,146
sub-0191,147,147
sub-0191,148,12
sub-0191,149,149
sub-0191,150,150
sub-0191,151,151
sub-0191,152,140
sub-0191,153,92
sub-0191,154,154
sub-0191,155,155
sub-0191,156,161
sub-0191,157,157
sub-0191,158,158
sub-0191,159,157
sub-0191,160,160
sub-0191,161,161
sub-0191,162,54
sub-0191,163,163
sub-0191,164,164
sub-0191,165,165
sub-0191,166,166
sub-0191,167,167
sub-0191,168,168
sub-0191,169,169
sub-0191,170,170
sub-0191,171,171
sub-0191,172,172
sub-0191,173,173
sub-0191,174,174
sub-0191,175,175
sub-0191,176,157
sub-0191,177,177
sub-0191,178,178
sub-0191,179,179
sub-0191,180,180
sub-0191,181,181
sub-0191,182,182
sub-0191,183,67
sub-0191,184,184
sub-0191,185,185
sub-0191,186,186
sub-0191,187,187
sub-0191,188,188
sub-0191,189,189
sub-0191,190,190
sub-0191,191,191
sub-0191,192,192
sub-0191,193,193
sub-0191,194,194
sub-0191,195,195
sub-0191,196,196
sub-0191,197,54
sub-0191,198,198
sub-0191,199,199
sub-0191,200,50
sub-0191,201,201
sub-0191,202,202
sub-0191,203,160
sub-0191,204,204
sub-0191,205,205
sub-0191,206,206
sub-0191,207,207
sub-0191,208,208
sub-0191,209,230
sub-0191,210,92
sub-0191,211,211
sub-0191,212,212
sub-0191,213,213
sub-0191,214,214
sub-0191,215,215
sub-0191,216,217
sub-0191,217,217
sub-0191,218,217
sub-0191,219,219
sub-0191,220,201
sub-0191,221,221
sub-0191,222,222
sub-0191,223,223
sub-0191,224,224
sub-0191,225,231
sub-0191,226,227
sub-0191,227,60
sub-0191,228,230
sub-0191,229,229
sub-0191,230,230
sub-0191,231,231
sub-0193,0,0
sub-0193,1,1
sub-0193,2,2
sub-0193,3,3
sub-0193,4,4
sub-0193,5,5
sub-0193,6,6
sub-0193,7,7
sub-0193,8,8
sub-0193,9,9
sub-0193,10,10
sub-0193,11,11
sub-0193,12,12
sub-0193,13,13
sub-0193,14,27
sub-0193,15,15
sub-0193,16,16
sub-0193,17,17
sub-0193,18,138
sub-0193,19,202
sub-0193,20,20
sub-0193,21,21
sub-0193,22,22
sub-0193,23,23
sub-0193,24,24
sub-0193,25,25
sub-0193,26,26
sub-0193,27,36
sub-0193,28,28
sub-0193,29,29
sub-0193,30,138
sub-0193,31,31
sub-0193,32,32
sub-0193,33,33
sub-0193,34,34
sub-0193,35,35
sub-0193,36,36
sub-0193,37,37
sub-0193,38,38
sub-0193,39,39
sub-0193,40,40
sub-0193,41,41
sub-0193,42,42
sub-0193,43,43
sub-0193,44,44
sub-0193,45,45
sub-0193,46,46
sub-0193,47,47
sub-0193,48,48
sub-0193,49,49
sub-0193,50,50
sub-0193,51,51
sub-0193,52,52
sub-0193,53,53
sub-0193,54,54
sub-0193,55,125
sub-0193,56,56
sub-0193,57,57
sub-0193,58,58
sub-0193,59,59
sub-0193,60,57
sub-0193,61,61
sub-0193,62,62
sub-0193,63,63
sub-0193,64,64
sub-0193,65,63
sub-0193,66,66
sub-0193,67,67
sub-0193,68,191
sub-0193,69,69
sub-0193,70,70
sub-0193,71,31
sub-0193,72,72
sub-0193,73,73
sub-0193,74,74
sub-0193,75,75
sub-0193,76,76
sub-0193,77,77
sub-0193,78,179
sub-0193,79,79
sub-0193,80,80
sub-0193,81,81
sub-0193,82,82
sub-0193,83,191
sub-0193,84,84
sub-0193,85,85
sub-0193,86,85
sub-0193,87,87
sub-0193,88,88
sub-0193,89,89
sub-0193,90,90
sub-0193,91,91
sub-0193,92,92
sub-0193,93,93
sub-0193,94,94
sub-0193,95,133
sub-0193,96,96
sub-0193,97,97
sub-0193,98,98
sub-0193,99,159
sub-0193,100,100
sub-0193,101,28
sub-0193,102,102
sub-0193,103,103
sub-0193,104,104
sub-0193,105,105
sub-0193,106,106
sub-0193,107,107
sub-0193,108,108
sub-0193,109,109
sub-0193,110,110
sub-0193,111,111
sub-0193,112,112
sub-0193,113,125
sub-0193,114,114
sub-0193,115,115
sub-0193,116,116
sub-0193,117,117
sub-0193,118,138
sub-0193,119,119
sub-0193,120,156
sub-0193,121,202
sub-0193,122,122
sub-0193,123,123
sub-0193,124,124
sub-0193,125,125
sub-0193,126,126
sub-0193,127,127
sub-0193,128,128
sub-0193,129,129
sub-0193,130,130
sub-0193,131,138
sub-0193,132,132
sub-0193,133,133
sub-0193,134,134
sub-0193,135,135
sub-0193,136,136
sub-0193,137,137
sub-0193,138,138
sub-0193,139,139
sub-0193,140,59
sub-0193,141,141
sub-0193,142,64
sub-0193,143,143
sub-0193,144,144
sub-0193,145,145
sub-0193,146,146
sub-0193,147,147
sub-0193,148,148
sub-0193,149,149
sub-0193,150,150
sub-0193,151,151
sub-0193,152,152
sub-0193,153,153
sub-0193,154,154
sub-0193,155,155
sub-0193,156,156
sub-0193,157,157
sub-0193,158,158
sub-0193,159,159
sub-0193,160,160
sub-0193,161,161
sub-0193,162,162
sub-0193,163,163
sub-0193,164,164
sub-0193,165,165
sub-0193,166,166
sub-0193,167,167
sub-0193,168,168
sub-0193,169,169
sub-0193,170,170
sub-0193,171,171
sub-0193,172,172
sub-0193,173,173
sub-0193,174,173
sub-0193,175,176
sub-0193,176,176
sub-0193,177,177
sub-0193,178,191
sub-0193,179,191
sub-0193,180,180
sub-0193,181,138
sub-0193,182,182
sub-0193,183,183
sub-0193,184,60
sub-0193,185,184
sub-0193,186,186
sub-0193,187,179
sub-0193,188,188
sub-0193,189,189
sub-0193,190,190
sub-0193,191,191
sub-0193,192,192
sub-0193,193,193
sub-0193,194,194
sub-0193,195,195
sub-0193,196,196
sub-0193,197,197
sub-0193,198,178
sub-0193,199,199
sub-0193,200,200
sub-0193,201,218
sub-0193,202,205
sub-0193,203,203
sub-0193,204,223
sub-0193,205,205
sub-0193,206,206
sub-0193,207,207
sub-0193,208,231
sub-0193,209,209
sub-0193,210,126
sub-0193,211,226
sub-0193,212,212
sub-0193,213,213
sub-0193,214,214
sub-0193,215,215
sub-0193,216,216
sub-0193,217,217
sub-0193,218,22
sub-0193,219,27
sub-0193,220,220
sub-0193,221,226
sub-0193,222,222
sub-0193,223,40
sub-0193,224,211
sub-0193,225,208
sub-0193,226,12
sub-0193,227,152
sub-0193,228,228
sub-0193,229,229
sub-0193,230,230
sub-0193,231,231
sub-0194,0,0
sub-0194,1,1
sub-0194,2,2
sub-0194,3,3
sub-0194,4,4
sub-0194,5,5
sub-0194,6,6
sub-0194,7,111
sub-0194,8,8
sub-0194,9,9
sub-0194,10,10
sub-0194,11,11
sub-0194,12,12
sub-0194,13,36
sub-0194,14,14
sub-0194,15,15
sub-0194,16,16
sub-0194,17,17
sub-0194,18,18
sub-0194,19,19
sub-0194,20,20
sub-0194,21,147
sub-0194,22,40
sub-0194,23,23
sub-0194,24,24
sub-0194,25,147
sub-0194,26,26
sub-0194,27,123
sub-0194,28,28
sub-0194,29,29
sub-0194,30,30
sub-0194,31,31
sub-0194,32,32
sub-0194,33,33
sub-0194,34,34
sub-0194,35,35
sub-0194,36,36
sub-0194,37,37
sub-0194,38,147
sub-0194,39,39
sub-0194,40,123
sub-0194,41,41
sub-0194,42,40
sub-0194,43,43
sub-0194,44,44
sub-0194,45,45
sub-0194,46,46
sub-0194,47,47
sub-0194,48,48
sub-0194,49,49
sub-0194,50,50
sub-0194,51,51
sub-0194,52,52
sub-0194,53,53
sub-0194,54,161
sub-0194,55,55
sub-0194,56,56
sub-0194,57,57
sub-0194,58,58
sub-0194,59,59
sub-0194,60,60
sub-0194,61,67
sub-0194,62,62
sub-0194,63,57
sub-0194,64,64
sub-0194,65,65
sub-0194,66,56
sub-0194,67,67
sub-0194,68,67
sub-0194,69,69
sub-0194,70,67
sub-0194,71,71
sub-0194,72,72
sub-0194,73,73
sub-0194,74,74
sub-0194,75,75
sub-0194,76,76
sub-0194,77,172
sub-0194,78,78
sub-0194,79,79
sub-0194,80,186
sub-0194,81,81
sub-0194,82,82
sub-0194,83,83
sub-0194,84,50
sub-0194,85,85
sub-0194,86,86
sub-0194,87,87
sub-0194,88,88
sub-0194,89,89
sub-0194,90,90
sub-0194,91,91
sub-0194,92,92
sub-0194,93,93
sub-0194,94,94
sub-0194,95,95
sub-0194,96,96
sub-0194,97,97
sub-0194,98,98
sub-0194,99,99
sub-0194,100,100
sub-0194,101,101
sub-0194,102,102
sub-0194,103,103
sub-0194,104,104
sub-0194,105,105
sub-0194,106,106
sub-0194,107,107
sub-0194,108,108
sub-0194,109,109
sub-0194,110,110
sub-0194,111,111
sub-0194,112,112
sub-0194,113,113
sub-0194,114,114
sub-0194,115,115
sub-0194,116,116
sub-0194,117,117
sub-0194,118,118
sub-0194,119,119
sub-0194,120,120
sub-0194,121,121
sub-0194,122,122
sub-0194,123,123
sub-0194,124,124
sub-0194,125,125
sub-0194,126,126
sub-0194,127,127
sub-0194,128,128
sub-0194,129,129
sub-0194,130,130
sub-0194,131,131
sub-0194,132,132
sub-0194,133,133
sub-0194,134,134
sub-0194,135,59
sub-0194,136,136
sub-0194,137,137
sub-0194,138,138
sub-0194,139,139
sub-0194,140,3
sub-0194,141,141
sub-0194,142,119
sub-0194,143,143
sub-0194,144,144
sub-0194,145,144
sub-0194,146,146
sub-0194,147,147
sub-0194,148,148
sub-0194,149,149
sub-0194,150,150
sub-0194,151,143
sub-0194,152,152
sub-0194,153,153
sub-0194,154,168
sub-0194,155,187
sub-0194,156,156
sub-0194,157,157
sub-0194,158,158
sub-0194,159,159
sub-0194,160,160
sub-0194,161,161
sub-0194,162,160
sub-0194,163,163
sub-0194,164,164
sub-0194,165,165
sub-0194,166,166
sub-0194,167,40
sub-0194,168,168
sub-0194,169,169
sub-0194,170,80
sub-0194,171,171
sub-0194,172,172
sub-0194,173,173
sub-0194,174,174
sub-0194,175,175
sub-0194,176,176
sub-0194,177,177
sub-0194,178,178
sub-0194,179,179
sub-0194,180,180
sub-0194,181,181
sub-0194,182,182
sub-0194,183,175
sub-0194,184,184
sub-0194,185,185
sub-0194,186,147
sub-0194,187,6
sub-0194,188,188
sub-0194,189,176
sub-0194,190,55
sub-0194,191,191
sub-0194,192,192
sub-0194,193,95
sub-0194,194,194
sub-0194,195,195
sub-0194,196,196
sub-0194,197,197
sub-0194,198,198
sub-0194,199,199
sub-0194,200,200
sub-0194,201,114
sub-0194,202,157
sub-0194,203,218
sub-0194,204,204
sub-0194,205,40
sub-0194,206,206
sub-0194,207,207
sub-0194,208,208
sub-0194,209,208
sub-0194,210,64
sub-0194,211,55
sub-0194,212,212
sub-0194,213,213
sub-0194,214,214
sub-0194,215,215
sub-0194,216,216
sub-0194,217,204
sub-0194,218,223
sub-0194,219,219
sub-0194,220,53
sub-0194,221,55
sub-0194,222,222
sub-0194,223,223
sub-0194,224,224
sub-0194,225,225
sub-0194,226,0
sub-0194,227,99
sub-0194,228,228
sub-0194,229,229
sub-0194,230,230
sub-0194,231,231
sub-0195,0,0
sub-0195,1,1
sub-0195,2,2
sub-0195,3,3
sub-0195,4,4
sub-0195,5,5
sub-0195,6,6
sub-0195,7,7
sub-0195,8,8
sub-0195,9,9
sub-0195,10,10
sub-0195,11,11
sub-0195,12,12
sub-0195,13,13
sub-0195,14,14
sub-0195,15,15
sub-0195,16,16
sub-0195,17,17
sub-0195,18,18
sub-0195,19,19
sub-0195,20,20
sub-0195,21,141
sub-0195,22,22
sub-0195,23,23
sub-0195,24,24
sub-0195,25,25
sub-0195,26,26
sub-0195,27,27
sub-0195,28,28
sub-0195,29,29
sub-0195,30,30
sub-0195,31,31
sub-0195,32,32
sub-0195,33,33
sub-0195,34,34
sub-0195,35,36
sub-0195,36,36
sub-0195,37,37
sub-0195,38,38
sub-0195,39,39
sub-0195,40,40
sub-0195,41,41
sub-0195,42,42
sub-0195,43,43
sub-0195,44,44
sub-0195,45,45
sub-0195,46,46
sub-0195,47,47
sub-0195,48,48
sub-0195,49,49
sub-0195,50,50
sub-0195,51,51
sub-0195,52,55
sub-0195,53,53
sub-0195,54,54
sub-0195,55,50
sub-0195,56,56
sub-0195,57,57
sub-0195,58,58
sub-0195,59,59
sub-0195,60,60
sub-0195,61,213
sub-0195,62,62
sub-0195,63,63
sub-0195,64,64
sub-0195,65,178
sub-0195,66,66
sub-0195,67,67
sub-0195,68,68
sub-0195,69,69
sub-0195,70,70
sub-0195,71,71
sub-0195,72,60
sub-0195,73,73
sub-0195,74,74
sub-0195,75,75
sub-0195,76,76
sub-0195,77,77
sub-0195,78,78
sub-0195,79,79
sub-0195,80,80
sub-0195,81,81
sub-0195,82,82
sub-0195,83,83
sub-0195,84,84
sub-0195,85,85
sub-0195,86,183
sub-0195,87,87
sub-0195,88,88
sub-0195,89,89
sub-0195,90,90
sub-0195,91,189
sub-0195,92,92
sub-0195,93,93
sub-0195,94,86
sub-0195,95,95
sub-0195,96,96
sub-0195,97,97
sub-0195,98,189
sub-0195,99,99
sub-0195,100,100
sub-0195,101,101
sub-0195,102,102
sub-0195,103,103
sub-0195,104,104
sub-0195,105,105
sub-0195,106,106
sub-0195,107,107
sub-0195,108,108
sub-0195,109,109
sub-0195,110,110
sub-0195,111,111
sub-0195,112,112
sub-0195,113,113
sub-0195,114,114
sub-0195,115,115
sub-0195,116,116
sub-0195,117,117
sub-0195,118,118
sub-0195,119,119
sub-0195,120,120
sub-0195,121,121
sub-0195,122,122
sub-0195,123,123
sub-0195,124,124
sub-0195,125,125
sub-0195,126,126
sub-0195,127,127
sub-0195,128,128
sub-0195,129,129
sub-0195,130,130
sub-0195,131,131
sub-0195,132,132
sub-0195,133,133
sub-0195,134,171
sub-0195,135,135
sub-0195,136,136
sub-0195,137,137
sub-0195,138,138
sub-0195,139,139
sub-0195,140,140
sub-0195,141,141
sub-0195,142,6
sub-0195,143,40
sub-0195,144,144
sub-0195,145,145
sub-0195,146,146
sub-0195,147,147
sub-0195,148,148
sub-0195,149,149
sub-0195,150,150
sub-0195,151,151
sub-0195,152,152
sub-0195,153,153
sub-0195,154,154
sub-0195,155,155
sub-0195,156,156
sub-0195,157,189
sub-0195,158,156
sub-0195,159,170
sub-0195,160,160
sub-0195,161,191
sub-0195,162,162
sub-0195,163,163
sub-0195,164,164
sub-0195,165,165
sub-0195,166,166
sub-0195,167,150
sub-0195,168,168
sub-0195,169,169
sub-0195,170,170
sub-0195,171,171
sub-0195,172,172
sub-0195,173,173
sub-0195,174,189
sub-0195,175,175
sub-0195,176,176
sub-0195,177,177
sub-0195,178,178
sub-0195,179,191
sub-0195,180,180
sub-0195,181,170
sub-0195,182,182
sub-0195,183,183
sub-0195,184,191
sub-0195,185,74
sub-0195,186,186
sub-0195,187,207
sub-0195,188,188
sub-0195,189,189
sub-0195,190,190
sub-0195,191,191
sub-0195,192,191
sub-0195,193,170
sub-0195,194,194
sub-0195,195,195
sub-0195,196,196
sub-0195,197,197
sub-0195,198,198
sub-0195,199,141
sub-0195,200,200
sub-0195,201,201
sub-0195,202,202
sub-0195,203,203
sub-0195,204,204
sub-0195,205,205
sub-0195,206,206
sub-0195,207,207
sub-0195,208,0
sub-0195,209,209
sub-0195,210,210
sub-0195,211,213
sub-0195,212,212
sub-0195,213,213
sub-0195,214,214
sub-0195,215,215
sub-0195,216,216
sub-0195,217,220
sub-0195,218,218
sub-0195,219,219
sub-0195,220,205
sub-0195,221,221
sub-0195,222,222
sub-0195,223,223
sub-0195,224,208
sub-0195,225,208
sub-0195,226,213
sub-0195,227,226
sub-0195,228,39
sub-0195,229,229
sub-0195,230,230
sub-0195,231,231
sub-0196,0,0
sub-0196,1,1
sub-0196,2,2
sub-0196,3,3
sub-0196,4,4
sub-0196,5,10
sub-0196,6,6
sub-0196,7,7
sub-0196,8,8
sub-0196,9,9
sub-0196,10,10
sub-0196,11,11
sub-0196,12,12
sub-0196,13,13
sub-0196,14,212
sub-0196,15,15
sub-0196,16,16
sub-0196,17,17
sub-0196,18,18
sub-0196,19,19
sub-0196,20,20
sub-0196,21,21
sub-0196,22,22
sub-0196,23,213
sub-0196,24,70
sub-0196,25,26
sub-0196,26,26
sub-0196,27,27
sub-0196,28,28
sub-0196,29,29
sub-0196,30,30
sub-0196,31,31
sub-0196,32,32
sub-0196,33,28
sub-0196,34,34
sub-0196,35,35
sub-0196,36,36
sub-0196,37,37
sub-0196,38,70
sub-0196,39,41
sub-0196,40,40
sub-0196,41,41
sub-0196,42,146
sub-0196,43,43
sub-0196,44,44
sub-0196,45,45
sub-0196,46,46
sub-0196,47,47
sub-0196,48,142
sub-0196,49,49
sub-0196,50,66
sub-0196,51,51
sub-0196,52,161
sub-0196,53,53
sub-0196,54,54
sub-0196,55,148
sub-0196,56,56
sub-0196,57,57
sub-0196,58,58
sub-0196,59,59
sub-0196,60,30
sub-0196,61,61
sub-0196,62,62
sub-0196,63,56
sub-0196,64,64
sub-0196,65,65
sub-0196,66,66
sub-0196,67,67
sub-0196,68,68
sub-0196,69,69
sub-0196,70,70
sub-0196,71,71
sub-0196,72,72
sub-0196,73,73
sub-0196,74,74
sub-0196,75,75
sub-0196,76,76
sub-0196,77,77
sub-0196,78,78
sub-0196,79,186
sub-0196,80,80
sub-0196,81,81
sub-0196,82,74
sub-0196,83,62
sub-0196,84,84
sub-0196,85,85
sub-0196,86,86
sub-0196,87,87
sub-0196,88,88
sub-0196,89,89
sub-0196,90,90
sub-0196,91,91
sub-0196,92,95
sub-0196,93,69
sub-0196,94,94
sub-0196,95,95
sub-0196,96,96
sub-0196,97,97
sub-0196,98,99
sub-0196,99,99
sub-0196,100,100
sub-0196,101,101
sub-0196,102,102
sub-0196,103,103
sub-0196,104,28
sub-0196,105,105
sub-0196,106,106
sub-0196,107,107
sub-0196,108,108
sub-0196,109,109
sub-0196,110,110
sub-0196,111,111
sub-0196,112,112
sub-0196,113,113
sub-0196,114,114
sub-0196,115,115
sub-0196,116,116
sub-0196,117,117
sub-0196,118,118
sub-0196,119,119
sub-0196,120,120
sub-0196,121,121
sub-0196,122,122
sub-0196,123,123
sub-0196,124,124
sub-0196,125,125
sub-0196,126,126
sub-0196,127,127
sub-0196,128,128
sub-0196,129,129
sub-0196,130,130
sub-0196,131,131
sub-0196,132,132
sub-0196,133,133
sub-0196,134,39
sub-0196,135,135
sub-0196,136,145
sub-0196,137,137
sub-0196,138,138
sub-0196,139,139
sub-0196,140,152
sub-0196,141,141
sub-0196,142,176
sub-0196,143,143
sub-0196,144,144
sub-0196,145,145
sub-0196,146,149
sub-0196,147,147
sub-0196,148,148
sub-0196,149,149
sub-0196,150,150
sub-0196,151,176
sub-0196,152,152
sub-0196,153,153
sub-0196,154,154
sub-0196,155,155
sub-0196,156,156
sub-0196,157,157
sub-0196,158,97
sub-0196,159,89
sub-0196,160,160
sub-0196,161,204
sub-0196,162,66
sub-0196,163,28
sub-0196,164,66
sub-0196,165,165
sub-0196,166,66
sub-0196,167,150
sub-0196,168,66
sub-0196,169,169
sub-0196,170,170
sub-0196,171,171
sub-0196,172,89
sub-0196,173,178
sub-0196,174,174
sub-0196,175,152
sub-0196,176,176
sub-0196,177,177
sub-0196,178,178
sub-0196,179,95
sub-0196,180,180
sub-0196,181,181
sub-0196,182,182
sub-0196,183,183
sub-0196,184,152
sub-0196,185,185
sub-0196,186,186
sub-0196,187,187
sub-0196,188,188
sub-0196,189,189
sub-0196,190,54
sub-0196,191,191
sub-0196,192,192
sub-0196,193,193
sub-0196,194,194
sub-0196,195,195
sub-0196,196,196
sub-0196,197,197
sub-0196,198,198
sub-0196,199,199
sub-0196,200,200
sub-0196,201,201
sub-0196,202,202
sub-0196,203,203
sub-0196,204,204
sub-0196,205,205
sub-0196,206,206
sub-0196,207,107
sub-0196,208,208
sub-0196,209,209
sub-0196,210,159
sub-0196,211,138
sub-0196,212,212
sub-0196,213,213
sub-0196,214,214
sub-0196,215,215
sub-0196,216,162
sub-0196,217,217
sub-0196,218,218
sub-0196,219,219
sub-0196,220,221
sub-0196,221,207
sub-0196,222,222
sub-0196,223,223
sub-0196,224,224
sub-0196,225,212
sub-0196,226,226
sub-0196,227,225
sub-0196,228,228
sub-0196,229,229
sub-0196,230,230
sub-0196,231,231
sub-0197,0,131
sub-0197,1,1
sub-0197,2,2
sub-0197,3,3
sub-0197,4,4
sub-0197,5,5
sub-0197,6,131
sub-0197,7,7
sub-0197,8,8
sub-0197,9,9
sub-0197,10,10
sub-0197,11,11
sub-0197,12,12
sub-0197,13,13
sub-0197,14,14
sub-0197,15,15
sub-0197,16,37
sub-0197,17,17
sub-0197,18,18
sub-0197,19,19
sub-0197,20,143
sub-0197,21,123
sub-0197,22,41
sub-0197,23,23
sub-0197,24,24
sub-0197,25,25
sub-0197,26,26
sub-0197,27,27
sub-0197,28,28
sub-0197,29,29
sub-0197,30,30
sub-0197,31,31
sub-0197,32,32
sub-0197,33,33
sub-0197,34,34
sub-0197,35,35
sub-0197,36,140
sub-0197,37,37
sub-0197,38,37
sub-0197,39,39
sub-0197,40,40
sub-0197,41,41
sub-0197,42,42
sub-0197,43,43
sub-0197,44,44
sub-0197,45,45
sub-0197,46,141
sub-0197,47,47
sub-0197,48,92
sub-0197,49,49
sub-0197,50,50
sub-0197,51,51
sub-0197,52,52
sub-0197,53,53
sub-0197,54,54
sub-0197,55,55
sub-0197,56,56
sub-0197,57,57
sub-0197,58,58
sub-0197,59,64
sub-0197,60,64
sub-0197,61,61
sub-0197,62,62
sub-0197,63,63
sub-0197,64,64
sub-0197,65,94
sub-0197,66,66
sub-0197,67,67
sub-0197,68,68
sub-0197,69,69
sub-0197,70,70
sub-0197,71,71
sub-0197,72,72
sub-0197,73,67
sub-0197,74,74
sub-0197,75,87
sub-0197,76,76
sub-0197,77,77
sub-0197,78,78
sub-0197,79,79
sub-0197,80,80
sub-0197,81,81
sub-0197,82,82
sub-0197,83,83
sub-0197,84,84
sub-0197,85,85
sub-0197,86,86
sub-0197,87,87
sub-0197,88,88
sub-0197,89,89
sub-0197,90,90
sub-0197,91,91
sub-0197,92,92
sub-0197,93,93
sub-0197,94,94
sub-0197,95,194
sub-0197,96,96
sub-0197,97,97
sub-0197,98,98
sub-0197,99,99
sub-0197,100,100
sub-0197,101,101
sub-0197,102,102
sub-0197,103,103
sub-0197,104,104
sub-0197,105,105
sub-0197,106,106
sub-0197,107,107
sub-0197,108,108
sub-0197,109,109
sub-0197,110,110
sub-0197,111,111
sub-0197,112,112
sub-0197,113,113
sub-0197,114,114
sub-0197,115,115
sub-0197,116,116
sub-0197,117,117
sub-0197,118,118
sub-0197,119,119
sub-0197,120,120
sub-0197,121,121
sub-0197,122,122
sub-0197,123,205
sub-0197,124,124
sub-0197,125,50
sub-0197,126,119
sub-0197,127,127
sub-0197,128,128
sub-0197,129,129
sub-0197,130,130
sub-0197,131,131
sub-0197,132,132
sub-0197,133,133
sub-0197,134,134
sub-0197,135,135
sub-0197,136,136
sub-0197,137,137
sub-0197,138,138
sub-0197,139,139
sub-0197,140,140
sub-0197,141,141
sub-0197,142,142
sub-0197,143,143
sub-0197,144,144
sub-0197,145,145
sub-0197,146,146
sub-0197,147,147
sub-0197,148,148
sub-0197,149,149
sub-0197,150,150
sub-0197,151,151
sub-0197,152,152
sub-0197,153,225
sub-0197,154,154
sub-0197,155,81
sub-0197,156,156
sub-0197,157,157
sub-0197,158,158
sub-0197,159,159
sub-0197,160,160
sub-0197,161,161
sub-0197,162,162
sub-0197,163,163
sub-0197,164,164
sub-0197,165,165
sub-0197,166,138
sub-0197,167,167
sub-0197,168,168
sub-0197,169,169
sub-0197,170,170
sub-0197,171,171
sub-0197,172,172
sub-0197,173,173
sub-0197,174,173
sub-0197,175,175
sub-0197,176,176
sub-0197,177,177
sub-0197,178,178
sub-0197,179,179
sub-0197,180,180
sub-0197,181,181
sub-0197,182,182
sub-0197,183,183
sub-0197,184,184
sub-0197,185,185
sub-0197,186,186
sub-0197,187,187
sub-0197,188,188
sub-0197,189,189
sub-0197,190,190
sub-0197,191,191
sub-0197,192,90
sub-0197,193,193
sub-0197,194,194
sub-0197,195,195
sub-0197,196,198
sub-0197,197,197
sub-0197,198,198
sub-0197,199,199
sub-0197,200,200
sub-0197,201,216
sub-0197,202,52
sub-0197,203,160
sub-0197,204,204
sub-0197,205,205
sub-0197,206,206
sub-0197,207,205
sub-0197,208,225
sub-0197,209,225
sub-0197,210,210
sub-0197,211,24
sub-0197,212,212
sub-0197,213,213
sub-0197,214,214
sub-0197,215,225
sub-0197,216,8
sub-0197,217,226
sub-0197,218,160
sub-0197,219,52
sub-0197,220,220
sub-0197,221,221
sub-0197,222,222
sub-0197,223,205
sub-0197,224,224
sub-0197,225,205
sub-0197,226,226
sub-0197,227,205
sub-0197,228,228
sub-0197,229,229
sub-0197,230,230
sub-0197,231,225
sub-0198,0,103
sub-0198,1,1
sub-0198,2,2
sub-0198,3,3
sub-0198,4,4
sub-0198,5,5
sub-0198,6,6
sub-0198,7,102
sub-0198,8,72
sub-0198,9,9
sub-0198,10,10
sub-0198,11,11
sub-0198,12,12
sub-0198,13,13
sub-0198,14,14
sub-0198,15,15
sub-0198,16,16
sub-0198,17,17
sub-0198,18,18
sub-0198,19,19
sub-0198,20,20
sub-0198,21,21
sub-0198,22,22
sub-0198,23,23
sub-0198,24,24
sub-0198,25,25
sub-0198,26,26
sub-0198,27,27
sub-0198,28,28
sub-0198,29,29
sub-0198,30,30
sub-0198,31,31
sub-0198,32,32
sub-0198,33,34
sub-0198,34,34
sub-0198,35,35
sub-0198,36,36
sub-0198,37,37
sub-0198,38,38
sub-0198,39,39
sub-0198,40,40
sub-0198,41,41
sub-0198,42,42
sub-0198,43,43
sub-0198,44,44
sub-0198,45,45
sub-0198,46,60
sub-0198,47,47
sub-0198,48,48
sub-0198,49,49
sub-0198,50,50
sub-0198,51,51
sub-0198,52,52
sub-0198,53,53
sub-0198,54,54
sub-0198,55,55
sub-0198,56,56
sub-0198,57,57
sub-0198,58,58
sub-0198,59,64
sub-0198,60,60
sub-0198,61,61
sub-0198,62,62
sub-0198,63,63
sub-0198,64,64
sub-0198,65,65
sub-0198,66,66
sub-0198,67,67
sub-0198,68,68
sub-0198,69,69
sub-0198,70,70
sub-0198,71,181
sub-0198,72,72
sub-0198,73,73
sub-0198,74,74
sub-0198,75,67
sub-0198,76,76
sub-0198,77,77
sub-0198,78,78
sub-0198,79,79
sub-0198,80,157
sub-0198,81,81
sub-0198,82,160
sub-0198,83,83
sub-0198,84,224
sub-0198,85,93
sub-0198,86,86
sub-0198,87,87
sub-0198,88,88
sub-0198,89,89
sub-0198,90,90
sub-0198,91,157
sub-0198,92,92
sub-0198,93,66
sub-0198,94,94
sub-0198,95,95
sub-0198,96,96
sub-0198,97,202
sub-0198,98,98
sub-0198,99,99
sub-0198,100,103
sub-0198,101,101
sub-0198,102,102
sub-0198,103,103
sub-0198,104,0
sub-0198,105,105
sub-0198,106,106
sub-0198,107,163
sub-0198,108,108
sub-0198,109,204
sub-0198,110,110
sub-0198,111,207
sub-0198,112,54
sub-0198,113,55
sub-0198,114,43
sub-0198,115,201
sub-0198,116,139
sub-0198,117,117
sub-0198,118,118
sub-0198,119,119
sub-0198,120,120
sub-0198,121,121
sub-0198,122,122
sub-0198,123,123
sub-0198,124,124
sub-0198,125,125
sub-0198,126,126
sub-0198,127,127
sub-0198,128,221
sub-0198,129,129
sub-0198,130,130
sub-0198,131,131
sub-0198,132,132
sub-0198,133,37
sub-0198,134,168
sub-0198,135,59
sub-0198,136,148
sub-0198,137,137
sub-0198,138,138
sub-0198,139,139
sub-0198,140,152
sub-0198,141,141
sub-0198,142,142
sub-0198,143,208
sub-0198,144,144
sub-0198,145,145
sub-0198,146,146
sub-0198,147,147
sub-0198,148,148
sub-0198,149,17
sub-0198,150,175
sub-0198,151,152
sub-0198,152,43
sub-0198,153,153
sub-0198,154,154
sub-0198,155,155
sub-0198,156,156
sub-0198,157,157
sub-0198,158,158
sub-0198,159,159
sub-0198,160,160
sub-0198,161,54
sub-0198,162,201
sub-0198,163,163
sub-0198,164,164
sub-0198,165,174
sub-0198,166,166
sub-0198,167,167
sub-0198,168,168
sub-0198,169,169
sub-0198,170,170
sub-0198,171,171
sub-0198,172,172
sub-0198,173,173
sub-0198,174,177
sub-0198,175,175
sub-0198,176,176
sub-0198,177,177
sub-0198,178,178
sub-0198,179,179
sub-0198,180,180
sub-0198,181,181
sub-0198,182,182
sub-0198,183,183
sub-0198,184,184
sub-0198,185,185
sub-0198,186,186
sub-0198,187,187
sub-0198,188,188
sub-0198,189,189
sub-0198,190,190
sub-0198,191,191
sub-0198,192,176
sub-0198,193,193
sub-0198,194,194
sub-0198,195,195
sub-0198,196,196
sub-0198,197,143
sub-0198,198,198
sub-0198,199,199
sub-0198,200,200
sub-0198,201,201
sub-0198,202,52
sub-0198,203,203
sub-0198,204,204
sub-0198,205,204
sub-0198,206,206
sub-0198,207,204
sub-0198,208,208
sub-0198,209,224
sub-0198,210,210
sub-0198,211,187
sub-0198,212,212
sub-0198,213,204
sub-0198,214,225
sub-0198,215,204
sub-0198,216,216
sub-0198,217,217
sub-0198,218,219
sub-0198,219,219
sub-0198,220,220
sub-0198,221,64
sub-0198,222,218
sub-0198,223,205
sub-0198,224,224
sub-0198,225,225
sub-0198,226,226
sub-0198,227,211
sub-0198,228,228
sub-0198,229,229
sub-0198,230,230
sub-0198,231,223
sub-0199,0,0
sub-0199,1,1
sub-0199,2,2
sub-0199,3,24
sub-0199,4,30
sub-0199,5,5
sub-0199,6,6
sub-0199,7,7
sub-0199,8,224
sub-0199,9,7
sub-0199,10,10
sub-0199,11,11
sub-0199,12,12
sub-0199,13,13
sub-0199,14,14
sub-0199,15,15
sub-0199,16,16
sub-0199,17,17
sub-0199,18,18
sub-0199,19,19
sub-0199,20,20
sub-0199,21,21
sub-0199,22,22
sub-0199,23,23
sub-0199,24,24
sub-0199,25,25
sub-0199,26,26
sub-0199,27,27
sub-0199,28,28
sub-0199,29,29
sub-0199,30,30
sub-0199,31,31
sub-0199,32,32
sub-0199,33,16
sub-0199,34,34
sub-0199,35,35
sub-0199,36,36
sub-0199,37,37
sub-0199,38,38
sub-0199,39,39
sub-0199,40,40
sub-0199,41,127
sub-0199,42,42
sub-0199,43,43
sub-0199,44,44
sub-0199,45,37
sub-0199,46,46
sub-0199,47,47
sub-0199,48,48
sub-0199,49,49
sub-0199,50,176
sub-0199,51,51
sub-0199,52,83
sub-0199,53,196
sub-0199,54,83
sub-0199,55,143
sub-0199,56,56
sub-0199,57,57
sub-0199,58,58
sub-0199,59,168
sub-0199,60,66
sub-0199,61,61
sub-0199,62,62
sub-0199,63,63
sub-0199,64,64
sub-0199,65,75
sub-0199,66,66
sub-0199,67,67
sub-0199,68,68
sub-0199,69,69
sub-0199,70,70
sub-0199,71,71
sub-0199,72,97
sub-0199,73,73
sub-0199,74,74
sub-0199,75,75
sub-0199,76,76
sub-0199,77,77
sub-0199,78,78
sub-0199,79,79
sub-0199,80,80
sub-0199,81,81
sub-0199,82,51
sub-0199,83,83
sub-0199,84,84
sub-0199,85,85
sub-0199,86,86
sub-0199,87,87
sub-0199,88,88
sub-0199,89,89
sub-0199,90,75
sub-0199,91,91
sub-0199,92,156
sub-0199,93,93
sub-0199,94,94
sub-0199,95,95
sub-0199,96,96
sub-0199,97,97
sub-0199,98,98
sub-0199,99,24
sub-0199,100,100
sub-0199,101,101
sub-0199,102,102
sub-0199,103,103
sub-0199,104,104
sub-0199,105,105
sub-0199,106,106
sub-0199,107,107
sub-0199,108,108
sub-0199,109,109
sub-0199,110,110
sub-0199,111,111
sub-0199,112,112
sub-0199,113,113
sub-0199,114,114
sub-0199,115,115
sub-0199,116,116
sub-0199,117,117
sub-0199,118,118
sub-0199,119,119
sub-0199,120,120
sub-0199,121,121
sub-0199,122,120
sub-0199,123,123
sub-0199,124,124
sub-0199,125,24
sub-0199,126,199
sub-0199,127,127
sub-0199,128,128
sub-0199,129,129
sub-0199,130,130
sub-0199,131,127
sub-0199,132,132
sub-0199,133,33
sub-0199,134,134
sub-0199,135,135
sub-0199,136,136
sub-0199,137,137
sub-0199,138,37
sub-0199,139,139
sub-0199,140,140
sub-0199,141,141
sub-0199,142,142
sub-0199,143,24
sub-0199,144,144
sub-0199,145,145
sub-0199,146,146
sub-0199,147,147
sub-0199,148,148
sub-0199,149,149
sub-0199,150,150
sub-0199,151,199
sub-0199,152,152
sub-0199,153,89
sub-0199,154,154
sub-0199,155,155
sub-0199,156,156
sub-0199,157,157
sub-0199,158,158
sub-0199,159,159
sub-0199,160,184
sub-0199,161,53
sub-0199,162,162
sub-0199,163,163
sub-0199,164,164
sub-0199,165,165
sub-0199,166,166
sub-0199,167,167
sub-0199,168,168
sub-0199,169,169
sub-0199,170,170
sub-0199,171,171
sub-0199,172,172
sub-0199,173,173
sub-0199,174,161
sub-0199,175,175
sub-0199,176,176
sub-0199,177,89
sub-0199,178,178
sub-0199,179,179
sub-0199,180,180
sub-0199,181,181
sub-0199,182,182
sub-0199,183,183
sub-0199,184,184
sub-0199,185,185
sub-0199,186,186
sub-0199,187,187
sub-0199,188,188
sub-0199,189,189
sub-0199,190,190
sub-0199,191,191
sub-0199,192,192
sub-0199,193,193
sub-0199,194,194
sub-0199,195,195
sub-0199,196,196
sub-0199,197,197
sub-0199,198,56
sub-0199,199,199
sub-0199,200,200
sub-0199,201,201
sub-0199,202,37
sub-0199,203,147
sub-0199,204,98
sub-0199,205,205
sub-0199,206,206
sub-0199,207,207
sub-0199,208,208
sub-0199,209,224
sub-0199,210,210
sub-0199,211,156
sub-0199,212,212
sub-0199,213,213
sub-0199,214,214
sub-0199,215,215
sub-0199,216,216
sub-0199,217,216
sub-0199,218,217
sub-0199,219,30
sub-0199,220,160
sub-0199,221,207
sub-0199,222,207
sub-0199,223,220
sub-0199,224,224
sub-0199,225,225
sub-0199,226,86
sub-0199,227,215
sub-0199,228,228
sub-0199,229,229
sub-0199,230,230
sub-0199,231,230
sub-0200,0,0
sub-0200,1,1
sub-0200,2,2
sub-0200,3,3
sub-0200,4,4
sub-0200,5,5
sub-0200,6,6
sub-0200,7,7
sub-0200,8,8
sub-0200,9,9
sub-0200,10,10
sub-0200,11,11
sub-0200,12,12
sub-0200,13,13
sub-0200,14,14
sub-0200,15,15
sub-0200,16,16
sub-0200,17,17
sub-0200,18,18
sub-0200,19,19
sub-0200,20,20
sub-0200,21,21
sub-0200,22,22
sub-0200,23,23
sub-0200,24,99
sub-0200,25,25
sub-0200,26,26
sub-0200,27,27
sub-0200,28,28
sub-0200,29,29
sub-0200,30,30
sub-0200,31,31
sub-0200,32,32
sub-0200,33,59
sub-0200,34,34
sub-0200,35,35
sub-0200,36,36
sub-0200,37,37
sub-0200,38,38
sub-0200,39,39
sub-0200,40,40
sub-0200,41,41
sub-0200,42,42
sub-0200,43,43
sub-0200,44,44
sub-0200,45,45
sub-0200,46,46
sub-0200,47,47
sub-0200,48,48
sub-0200,49,49
sub-0200,50,52
sub-0200,51,51
sub-0200,52,52
sub-0200,53,53
sub-0200,54,52
sub-0200,55,52
sub-0200,56,56
sub-0200,57,57
sub-0200,58,58
sub-0200,59,65
sub-0200,60,60
sub-0200,61,61
sub-0200,62,62
sub-0200,63,63
sub-0200,64,64
sub-0200,65,38
sub-0200,66,66
sub-0200,67,67
sub-0200,68,68
sub-0200,69,60
sub-0200,70,155
sub-0200,71,31
sub-0200,72,72
sub-0200,73,73
sub-0200,74,74
sub-0200,75,75
sub-0200,76,76
sub-0200,77,77
sub-0200,78,78
sub-0200,79,79
sub-0200,80,80
sub-0200,81,155
sub-0200,82,216
sub-0200,83,52
sub-0200,84,84
sub-0200,85,85
sub-0200,86,86
sub-0200,87,87
sub-0200,88,193
sub-0200,89,89
sub-0200,90,90
sub-0200,91,214
sub-0200,92,70
sub-0200,93,221
sub-0200,94,49
sub-0200,95,95
sub-0200,96,96
sub-0200,97,97
sub-0200,98,199
sub-0200,99,99
sub-0200,100,100
sub-0200,101,101
sub-0200,102,102
sub-0200,103,103
sub-0200,104,104
sub-0200,105,105
sub-0200,106,106
sub-0200,107,107
sub-0200,108,108
sub-0200,109,109
sub-0200,110,110
sub-0200,111,111
sub-0200,112,112
sub-0200,113,113
sub-0200,114,114
sub-0200,115,115
sub-0200,116,116
sub-0200,117,117
sub-0200,118,118
sub-0200,119,119
sub-0200,120,204
sub-0200,121,121
sub-0200,122,122
sub-0200,123,123
sub-0200,124,198
sub-0200,125,125
sub-0200,126,43
sub-0200,127,127
sub-0200,128,128
sub-0200,129,129
sub-0200,130,130
sub-0200,131,131
sub-0200,132,132
sub-0200,133,133
sub-0200,134,134
sub-0200,135,59
sub-0200,136,136
sub-0200,137,137
sub-0200,138,138
sub-0200,139,139
sub-0200,140,140
sub-0200,141,141
sub-0200,142,226
sub-0200,143,143
sub-0200,144,144
sub-0200,145,145
sub-0200,146,146
sub-0200,147,147
sub-0200,148,148
sub-0200,149,48
sub-0200,150,206
sub-0200,151,151
sub-0200,152,152
sub-0200,153,153
sub-0200,154,154
sub-0200,155,155
sub-0200,156,156
sub-0200,157,157
sub-0200,158,158
sub-0200,159,187
sub-0200,160,52
sub-0200,161,160
sub-0200,162,53
sub-0200,163,52
sub-0200,164,164
sub-0200,165,165
sub-0200,166,166
sub-0200,167,167
sub-0200,168,168
sub-0200,169,207
sub-0200,170,200
sub-0200,171,171
sub-0200,172,168
sub-0200,173,173
sub-0200,174,174
sub-0200,175,175
sub-0200,176,176
sub-0200,177,155
sub-0200,178,178
sub-0200,179,179
sub-0200,180,180
sub-0200,181,181
sub-0200,182,182
sub-0200,183,183
sub-0200,184,184
sub-0200,185,185
sub-0200,186,186
sub-0200,187,47
sub-0200,188,188
sub-0200,189,161
sub-0200,190,190
sub-0200,191,191
sub-0200,192,192
sub-0200,193,193
sub-0200,194,194
sub-0200,195,8
sub-0200,196,196
sub-0200,197,197
sub-0200,198,198
sub-0200,199,199
sub-0200,200,200
sub-0200,201,201
sub-0200,202,202
sub-0200,203,203
sub-0200,204,218
sub-0200,205,205
sub-0200,206,206
sub-0200,207,207
sub-0200,208,227
sub-0200,209,209
sub-0200,210,48
sub-0200,211,214
sub-0200,212,212
sub-0200,213,213
sub-0200,214,214
sub-0200,215,215
sub-0200,216,216
sub-0200,217,217
sub-0200,218,218
sub-0200,219,219
sub-0200,220,220
sub-0200,221,207
sub-0200,222,222
sub-0200,223,223
sub-0200,224,224
sub-0200,225,225
sub-0200,226,210
sub-0200,227,155
sub-0200,228,228
sub-0200,229,60
sub-0200,230,230
sub-0200,231,231
sub-0201,0,0
sub-0201,1,1
sub-0201,2,2
sub-0201,3,3
sub-0201,4,4
sub-0201,5,5
sub-0201,6,6
sub-0201,7,7
sub-0201,8,60
sub-0201,9,9
sub-0201,10,10
sub-0201,11,11
sub-0201,12,12
sub-0201,13,13
sub-0201,14,14
sub-0201,15,15
sub-0201,16,16
sub-0201,17,17
sub-0201,18,18
sub-0201,19,19
sub-0201,20,20
sub-0201,21,21
sub-0201,22,22
sub-0201,23,23
sub-0201,24,24
sub-0201,25,25
sub-0201,26,26
sub-0201,27,27
sub-0201,28,28
sub-0201,29,29
sub-0201,30,30
sub-0201,31,31
sub-0201,32,32
sub-0201,33,33
sub-0201,34,34
sub-0201,35,59
sub-0201,36,36
sub-0201,37,37
sub-0201,38,38
sub-0201,39,39
sub-0201,40,40
sub-0201,41,41
sub-0201,42,42
sub-0201,43,43
sub-0201,44,44
sub-0201,45,45
sub-0201,46,46
sub-0201,47,47
sub-0201,48,48
sub-0201,49,49
sub-0201,50,50
sub-0201,51,51
sub-0201,52,220
sub-0201,53,84
sub-0201,54,54
sub-0201,55,55
sub-0201,56,131
sub-0201,57,57
sub-0201,58,58
sub-0201,59,59
sub-0201,60,60
sub-0201,61,61
sub-0201,62,62
sub-0201,63,63
sub-0201,64,59
sub-0201,65,81
sub-0201,66,66
sub-0201,67,67
sub-0201,68,68
sub-0201,69,69
sub-0201,70,70
sub-0201,71,71
sub-0201,72,72
sub-0201,73,73
sub-0201,74,74
sub-0201,75,75
sub-0201,76,76
sub-0201,77,77
sub-0201,78,78
sub-0201,79,79
sub-0201,80,80
sub-0201,81,81
sub-0201,82,83
sub-0201,83,83
sub-0201,84,84
sub-0201,85,85
sub-0201,86,86
sub-0201,87,87
sub-0201,88,88
sub-0201,89,89
sub-0201,90,83
sub-0201,91,91
sub-0201,92,92
sub-0201,93,93
sub-0201,94,74
sub-0201,95,95
sub-0201,96,96
sub-0201,97,97
sub-0201,98,85
sub-0201,99,99
sub-0201,100,100
sub-0201,101,101
sub-0201,102,102
sub-0201,103,103
sub-0201,104,104
sub-0201,105,105
sub-0201,106,106
sub-0201,107,107
sub-0201,108,108
sub-0201,109,8
sub-0201,110,110
sub-0201,111,111
sub-0201,112,112
sub-0201,113,113
sub-0201,114,114
sub-0201,115,115
sub-0201,116,116
sub-0201,117,117
sub-0201,118,116
sub-0201,119,119
sub-0201,120,120
sub-0201,121,121
sub-0201,122,122
sub-0201,123,123
sub-0201,124,83
sub-0201,125,125
sub-0201,126,126
sub-0201,127,127
sub-0201,128,128
sub-0201,129,129
sub-0201,130,130
sub-0201,131,131
sub-0201,132,132
sub-0201,133,133
sub-0201,134,134
sub-0201,135,135
sub-0201,136,136
sub-0201,137,137
sub-0201,138,138
sub-0201,139,139
sub-0201,140,140
sub-0201,141,141
sub-0201,142,142
sub-0201,143,143
sub-0201,144,144
sub-0201,145,145
sub-0201,146,146
sub-0201,147,147
sub-0201,148,148
sub-0201,149,149
sub-0201,150,150
sub-0201,151,151
sub-0201,152,152
sub-0201,153,153
sub-0201,154,154
sub-0201,155,155
sub-0201,156,156
sub-0201,157,157
sub-0201,158,158
sub-0201,159,159
sub-0201,160,160
sub-0201,161,160
sub-0201,162,162
sub-0201,163,163
sub-0201,164,59
sub-0201,165,165
sub-0201,166,166
sub-0201,167,167
sub-0201,168,168
sub-0201,169,169
sub-0201,170,170
sub-0201,171,171
sub-0201,172,75
sub-0201,173,173
sub-0201,174,119
sub-0201,175,151
sub-0201,176,176
sub-0201,177,188
sub-0201,178,178
sub-0201,179,179
sub-0201,180,194
sub-0201,181,78
sub-0201,182,182
sub-0201,183,183
sub-0201,184,80
sub-0201,185,185
sub-0201,186,186
sub-0201,187,187
sub-0201,188,188
sub-0201,189,189
sub-0201,190,190
sub-0201,191,191
sub-0201,192,192
sub-0201,193,193
sub-0201,194,194
sub-0201,195,195
sub-0201,196,197
sub-0201,197,183
sub-0201,198,198
sub-0201,199,199
sub-0201,200,200
sub-0201,201,201
sub-0201,202,160
sub-0201,203,217
sub-0201,204,204
sub-0201,205,205
sub-0201,206,206
sub-0201,207,207
sub-0201,208,92
sub-0201,209,209
sub-0201,210,205
sub-0201,211,231
sub-0201,212,212
sub-0201,213,213
sub-0201,214,214
sub-0201,215,230
sub-0201,216,216
sub-0201,217,96
sub-0201,218,131
sub-0201,219,27
sub-0201,220,0
sub-0201,221,221
sub-0201,222,222
sub-0201,223,223
sub-0201,224,209
sub-0201,225,225
sub-0201,226,212
sub-0201,227,153
sub-0201,228,228
sub-0201,229,229
sub-0201,230,230
sub-0201,231,231
sub-0202,0,0
sub-0202,1,1
sub-0202,2,2
sub-0202,3,3
sub-0202,4,4
sub-0202,5,5
sub-0202,6,6
sub-0202,7,7
sub-0202,8,43
sub-0202,9,9
sub-0202,10,10
sub-0202,11,11
sub-0202,12,12
sub-0202,13,13
sub-0202,14,14
sub-0202,15,15
sub-0202,16,16
sub-0202,17,17
sub-0202,18,18
sub-0202,19,19
sub-0202,20,20
sub-0202,21,21
sub-0202,22,22
sub-0202,23,144
sub-0202,24,24
sub-0202,25,144
sub-0202,26,26
sub-0202,27,129
sub-0202,28,30
sub-0202,29,29
sub-0202,30,30
sub-0202,31,31
sub-0202,32,32
sub-0202,33,33
sub-0202,34,34
sub-0202,35,35
sub-0202,36,36
sub-0202,37,37
sub-0202,38,38
sub-0202,39,39
sub-0202,40,40
sub-0202,41,41
sub-0202,42,42
sub-0202,43,43
sub-0202,44,44
sub-0202,45,45
sub-0202,46,46
sub-0202,47,187
sub-0202,48,144
sub-0202,49,49
sub-0202,50,50
sub-0202,51,51
sub-0202,52,52
sub-0202,53,160
sub-0202,54,54
sub-0202,55,169
sub-0202,56,99
sub-0202,57,57
sub-0202,58,58
sub-0202,59,59
sub-0202,60,60
sub-0202,61,119
sub-0202,62,176
sub-0202,63,169
sub-0202,64,64
sub-0202,65,65
sub-0202,66,66
sub-0202,67,67
sub-0202,68,68
sub-0202,69,69
sub-0202,70,70
sub-0202,71,71
sub-0202,72,72
sub-0202,73,73
sub-0202,74,74
sub-0202,75,75
sub-0202,76,76
sub-0202,77,95
sub-0202,78,95
sub-0202,79,79
sub-0202,80,80
sub-0202,81,81
sub-0202,82,160
sub-0202,83,83
sub-0202,84,84
sub-0202,85,85
sub-0202,86,86
sub-0202,87,87
sub-0202,88,88
sub-0202,89,89
sub-0202,90,90
sub-0202,91,91
sub-0202,92,92
sub-0202,93,93
sub-0202,94,94
sub-0202,95,95
sub-0202,96,96
sub-0202,97,97
sub-0202,98,98
sub-0202,99,36
sub-0202,100,100
sub-0202,101,0
sub-0202,102,102
sub-0202,103,103
sub-0202,104,97
sub-0202,105,105
sub-0202,106,106
sub-0202,107,107
sub-0202,108,108
sub-0202,109,109
sub-0202,110,110
sub-0202,111,111
sub-0202,112,112
sub-0202,113,113
sub-0202,114,114
sub-0202,115,115
sub-0202,116,116
sub-0202,117,117
sub-0202,118,118
sub-0202,119,119
sub-0202,120,120
sub-0202,121,121
sub-0202,122,122
sub-0202,123,123
sub-0202,124,124
sub-0202,125,125
sub-0202,126,126
sub-0202,127,127
sub-0202,128,128
sub-0202,129,129
sub-0202,130,130
sub-0202,131,8
sub-0202,132,132
sub-0202,133,133
sub-0202,134,134
sub-0202,135,135
sub-0202,136,136
sub-0202,137,137
sub-0202,138,138
sub-0202,139,139
sub-0202,140,140
sub-0202,141,141
sub-0202,142,27
sub-0202,143,143
sub-0202,144,144
sub-0202,145,145
sub-0202,146,146
sub-0202,147,147
sub-0202,148,148
sub-0202,149,149
sub-0202,150,150
sub-0202,151,151
sub-0202,152,152
sub-0202,153,153
sub-0202,154,154
sub-0202,155,155
sub-0202,156,156
sub-0202,157,157
sub-0202,158,158
sub-0202,159,159
sub-0202,160,160
sub-0202,161,161
sub-0202,162,160
sub-0202,163,163
sub-0202,164,164
sub-0202,165,165
sub-0202,166,138
sub-0202,167,167
sub-0202,168,176
sub-0202,169,169
sub-0202,170,161
sub-0202,171,171
sub-0202,172,171
sub-0202,173,151
sub-0202,174,174
sub-0202,175,175
sub-0202,176,176
sub-0202,177,177
sub-0202,178,178
sub-0202,179,179
sub-0202,180,180
sub-0202,181,181
sub-0202,182,182
sub-0202,183,151
sub-0202,184,184
sub-0202,185,96
sub-0202,186,186
sub-0202,187,187
sub-0202,188,188
sub-0202,189,189
sub-0202,190,161
sub-0202,191,191
sub-0202,192,176
sub-0202,193,193
sub-0202,194,194
sub-0202,195,195
sub-0202,196,197
sub-0202,197,197
sub-0202,198,226
sub-0202,199,199
sub-0202,200,50
sub-0202,201,50
sub-0202,202,160
sub-0202,203,160
sub-0202,204,143
sub-0202,205,205
sub-0202,206,206
sub-0202,207,207
sub-0202,208,224
sub-0202,209,209
sub-0202,210,210
sub-0202,211,224
sub-0202,212,212
sub-0202,213,213
sub-0202,214,214
sub-0202,215,215
sub-0202,216,50
sub-0202,217,217
sub-0202,218,162
sub-0202,219,218
sub-0202,220,220
sub-0202,221,221
sub-0202,222,222
sub-0202,223,223
sub-0202,224,224
sub-0202,225,187
sub-0202,226,8
sub-0202,227,199
sub-0202,228,213
sub-0202,229,215
sub-0202,230,230
sub-0202,231,213
sub-0203,0,0
sub-0203,1,1
sub-0203,2,2
sub-0203,3,3
sub-0203,4,4
sub-0203,5,5
sub-0203,6,6
sub-0203,7,7
sub-0203,8,8
sub-0203,9,9
sub-0203,10,10
sub-0203,11,11
sub-0203,12,12
sub-0203,13,13
sub-0203,14,14
sub-0203,15,15
sub-0203,16,16
sub-0203,17,17
sub-0203,18,18
sub-0203,19,19
sub-0203,20,207
sub-0203,21,22
sub-0203,22,65
sub-0203,23,145
sub-0203,24,197
sub-0203,25,41
sub-0203,26,26
sub-0203,27,27
sub-0203,28,28
sub-0203,29,29
sub-0203,30,30
sub-0203,31,31
sub-0203,32,32
sub-0203,33,33
sub-0203,34,34
sub-0203,35,35
sub-0203,36,36
sub-0203,37,37
sub-0203,38,38
sub-0203,39,39
sub-0203,40,41
sub-0203,41,41
sub-0203,42,42
sub-0203,43,43
sub-0203,44,44
sub-0203,45,45
sub-0203,46,46
sub-0203,47,47
sub-0203,48,48
sub-0203,49,49
sub-0203,50,52
sub-0203,51,0
sub-0203,52,52
sub-0203,53,53
sub-0203,54,54
sub-0203,55,55
sub-0203,56,56
sub-0203,57,57
sub-0203,58,58
sub-0203,59,59
sub-0203,60,60
sub-0203,61,63
sub-0203,62,62
sub-0203,63,63
sub-0203,64,63
sub-0203,65,65
sub-0203,66,66
sub-0203,67,67
sub-0203,68,87
sub-0203,69,69
sub-0203,70,70
sub-0203,71,71
sub-0203,72,72
sub-0203,73,73
sub-0203,74,74
sub-0203,75,75
sub-0203,76,76
sub-0203,77,77
sub-0203,78,78
sub-0203,79,225
sub-0203,80,80
sub-0203,81,81
sub-0203,82,82
sub-0203,83,87
sub-0203,84,84
sub-0203,85,85
sub-0203,86,86
sub-0203,87,87
sub-0203,88,88
sub-0203,89,89
sub-0203,90,90
sub-0203,91,91
sub-0203,92,92
sub-0203,93,93
sub-0203,94,94
sub-0203,95,95
sub-0203,96,96
sub-0203,97,97
sub-0203,98,202
sub-0203,99,138
sub-0203,100,100
sub-0203,101,101
sub-0203,102,102
sub-0203,103,103
sub-0203,104,104
sub-0203,105,105
sub-0203,106,106
sub-0203,107,107
sub-0203,108,108
sub-0203,109,109
sub-0203,110,110
sub-0203,111,111
sub-0203,112,112
sub-0203,113,113
sub-0203,114,114
sub-0203,115,115
sub-0203,116,116
sub-0203,117,117
sub-0203,118,118
sub-0203,119,119
sub-0203,120,120
sub-0203,121,121
sub-0203,122,122
sub-0203,123,123
sub-0203,124,124
sub-0203,125,22
sub-0203,126,126
sub-0203,127,127
sub-0203,128,128
sub-0203,129,129
sub-0203,130,130
sub-0203,131,131
sub-0203,132,132
sub-0203,133,133
sub-0203,134,134
sub-0203,135,135
sub-0203,136,136
sub-0203,137,137
sub-0203,138,138
sub-0203,139,139
sub-0203,140,58
sub-0203,141,141
sub-0203,142,198
sub-0203,143,143
sub-0203,144,144
sub-0203,145,39
sub-0203,146,146
sub-0203,147,147
sub-0203,148,207
sub-0203,149,149
sub-0203,150,150
sub-0203,151,151
sub-0203,152,152
sub-0203,153,183
sub-0203,154,168
sub-0203,155,186
sub-0203,156,55
sub-0203,157,157
sub-0203,158,51
sub-0203,159,177
sub-0203,160,160
sub-0203,161,161
sub-0203,162,162
sub-0203,163,163
sub-0203,164,164
sub-0203,165,165
sub-0203,166,166
sub-0203,167,136
sub-0203,168,168
sub-0203,169,169
sub-0203,170,170
sub-0203,171,171
sub-0203,172,172
sub-0203,173,183
sub-0203,174,174
sub-0203,175,175
sub-0203,176,176
sub-0203,177,177
sub-0203,178,178
sub-0203,179,179
sub-0203,180,183
sub-0203,181,183
sub-0203,182,182
sub-0203,183,183
sub-0203,184,184
sub-0203,185,185
sub-0203,186,186
sub-0203,187,114
sub-0203,188,188
sub-0203,189,189
sub-0203,190,190
sub-0203,191,191
sub-0203,192,192
sub-0203,193,184
sub-0203,194,194
sub-0203,195,195
sub-0203,196,196
sub-0203,197,197
sub-0203,198,189
sub-0203,199,199
sub-0203,200,87
sub-0203,201,12
sub-0203,202,190
sub-0203,203,219
sub-0203,204,204
sub-0203,205,205
sub-0203,206,206
sub-0203,207,207
sub-0203,208,70
sub-0203,209,189
sub-0203,210,211
sub-0203,211,22
sub-0203,212,212
sub-0203,213,216
sub-0203,214,214
sub-0203,215,215
sub-0203,216,54
sub-0203,217,22
sub-0203,218,218
sub-0203,219,53
sub-0203,220,55
sub-0203,221,221
sub-0203,222,222
sub-0203,223,223
sub-0203,224,169
sub-0203,225,224
sub-0203,226,22
sub-0203,227,229
sub-0203,228,229
sub-0203,229,122
sub-0203,230,230
sub-0203,231,231
sub-0204,0,0
sub-0204,1,1
sub-0204,2,2
sub-0204,3,3
sub-0204,4,100
sub-0204,5,5
sub-0204,6,6
sub-0204,7,7
sub-0204,8,220
sub-0204,9,9
sub-0204,10,10
sub-0204,11,11
sub-0204,12,122
sub-0204,13,13
sub-0204,14,14
sub-0204,15,15
sub-0204,16,16
sub-0204,17,17
sub-0204,18,18
sub-0204,19,19
sub-0204,20,20
sub-0204,21,21
sub-0204,22,22
sub-0204,23,23
sub-0204,24,24
sub-0204,25,25
sub-0204,26,26
sub-0204,27,27
sub-0204,28,50
sub-0204,29,29
sub-0204,30,133
sub-0204,31,31
sub-0204,32,32
sub-0204,33,133
sub-0204,34,34
sub-0204,35,35
sub-0204,36,36
sub-0204,37,37
sub-0204,38,38
sub-0204,39,42
sub-0204,40,40
sub-0204,41,41
sub-0204,42,42
sub-0204,43,43
sub-0204,44,44
sub-0204,45,45
sub-0204,46,46
sub-0204,47,47
sub-0204,48,48
sub-0204,49,49
sub-0204,50,50
sub-0204,51,51
sub-0204,52,52
sub-0204,53,50
sub-0204,54,54
sub-0204,55,55
sub-0204,56,56
sub-0204,57,57
sub-0204,58,58
sub-0204,59,59
sub-0204,60,60
sub-0204,61,61
sub-0204,62,62
sub-0204,63,46
sub-0204,64,93
sub-0204,65,65
sub-0204,66,50
sub-0204,67,67
sub-0204,68,88
sub-0204,69,94
sub-0204,70,88
sub-0204,71,71
sub-0204,72,72
sub-0204,73,73
sub-0204,74,74
sub-0204,75,75
sub-0204,76,76
sub-0204,77,77
sub-0204,78,78
sub-0204,79,79
sub-0204,80,80
sub-0204,81,81
sub-0204,82,82
sub-0204,83,83
sub-0204,84,84
sub-0204,85,85
sub-0204,86,86
sub-0204,87,87
sub-0204,88,88
sub-0204,89,89
sub-0204,90,90
sub-0204,91,91
sub-0204,92,92
sub-0204,93,93
sub-0204,94,94
sub-0204,95,95
sub-0204,96,158
sub-0204,97,97
sub-0204,98,98
sub-0204,99,46
sub-0204,100,100
sub-0204,101,101
sub-0204,102,102
sub-0204,103,103
sub-0204,104,104
sub-0204,105,105
sub-0204,106,106
sub-0204,107,107
sub-0204,108,108
sub-0204,109,109
sub-0204,110,110
sub-0204,111,111
sub-0204,112,112
sub-0204,113,113
sub-0204,114,114
sub-0204,115,115
sub-0204,116,116
sub-0204,117,117
sub-0204,118,118
sub-0204,119,119
sub-0204,120,120
sub-0204,121,121
sub-0204,122,122
sub-0204,123,124
sub-0204,124,124
sub-0204,125,125
sub-0204,126,126
sub-0204,127,127
sub-0204,128,128
sub-0204,129,129
sub-0204,130,130
sub-0204,131,46
sub-0204,132,132
sub-0204,133,133
sub-0204,134,134
sub-0204,135,135
sub-0204,136,119
sub-0204,137,134
sub-0204,138,138
sub-0204,139,139
sub-0204,140,140
sub-0204,141,141
sub-0204,142,142
sub-0204,143,157
sub-0204,144,144
sub-0204,145,145
sub-0204,146,146
sub-0204,147,201
sub-0204,148,148
sub-0204,149,149
sub-0204,150,150
sub-0204,151,151
sub-0204,152,152
sub-0204,153,153
sub-0204,154,154
sub-0204,155,155
sub-0204,156,156
sub-0204,157,157
sub-0204,158,158
sub-0204,159,159
sub-0204,160,160
sub-0204,161,157
sub-0204,162,201
sub-0204,163,103
sub-0204,164,164
sub-0204,165,165
sub-0204,166,166
sub-0204,167,46
sub-0204,168,168
sub-0204,169,169
sub-0204,170,170
sub-0204,171,164
sub-0204,172,172
sub-0204,173,173
sub-0204,174,174
sub-0204,175,175
sub-0204,176,176
sub-0204,177,177
sub-0204,178,151
sub-0204,179,179
sub-0204,180,180
sub-0204,181,181
sub-0204,182,182
sub-0204,183,183
sub-0204,184,184
sub-0204,185,185
sub-0204,186,186
sub-0204,187,158
sub-0204,188,188
sub-0204,189,189
sub-0204,190,190
sub-0204,191,191
sub-0204,192,192
sub-0204,193,193
sub-0204,194,194
sub-0204,195,195
sub-0204,196,196
sub-0204,197,197
sub-0204,198,94
sub-0204,199,201
sub-0204,200,200
sub-0204,201,162
sub-0204,202,160
sub-0204,203,203
sub-0204,204,204
sub-0204,205,205
sub-0204,206,46
sub-0204,207,207
sub-0204,208,208
sub-0204,209,209
sub-0204,210,160
sub-0204,211,99
sub-0204,212,212
sub-0204,213,213
sub-0204,214,214
sub-0204,215,215
sub-0204,216,216
sub-0204,217,220
sub-0204,218,50
sub-0204,219,50
sub-0204,220,220
sub-0204,221,221
sub-0204,222,222
sub-0204,223,223
sub-0204,224,224
sub-0204,225,208
sub-0204,226,41
sub-0204,227,42
sub-0204,228,228
sub-0204,229,229
sub-0204,230,230
sub-0204,231,231
sub-0205,0,118
sub-0205,1,1
sub-0205,2,2
sub-0205,3,102
sub-0205,4,4
sub-0205,5,5
sub-0205,6,6
sub-0205,7,7
sub-0205,8,195
sub-0205,9,9
sub-0205,10,10
sub-0205,11,11
sub-0205,12,12
sub-0205,13,13
sub-0205,14,14
sub-0205,15,15
sub-0205,16,16
sub-0205,17,17
sub-0205,18,18
sub-0205,19,19
sub-0205,20,199
sub-0205,21,21
sub-0205,22,206
sub-0205,23,23
sub-0205,24,24
sub-0205,25,199
sub-0205,26,26
sub-0205,27,27
sub-0205,28,28
sub-0205,29,29
sub-0205,30,30
sub-0205,31,31
sub-0205,32,32
sub-0205,33,31
sub-0205,34,34
sub-0205,35,35
sub-0205,36,36
sub-0205,37,37
sub-0205,38,38
sub-0205,39,39
sub-0205,40,199
sub-0205,41,41
sub-0205,42,42
sub-0205,43,43
sub-0205,44,44
sub-0205,45,45
sub-0205,46,46
sub-0205,47,187
sub-0205,48,144
sub-0205,49,49
sub-0205,50,50
sub-0205,51,51
sub-0205,52,52
sub-0205,53,53
sub-0205,54,54
sub-0205,55,204
sub-0205,56,56
sub-0205,57,64
sub-0205,58,58
sub-0205,59,59
sub-0205,60,60
sub-0205,61,176
sub-0205,62,62
sub-0205,63,63
sub-0205,64,64
sub-0205,65,65
sub-0205,66,66
sub-0205,67,67
sub-0205,68,68
sub-0205,69,69
sub-0205,70,70
sub-0205,71,71
sub-0205,72,72
sub-0205,73,73
sub-0205,74,74
sub-0205,75,75
sub-0205,76,76
sub-0205,77,77
sub-0205,78,78
sub-0205,79,187
sub-0205,80,80
sub-0205,81,81
sub-0205,82,82
sub-0205,83,83
sub-0205,84,84
sub-0205,85,85
sub-0205,86,86
sub-0205,87,87
sub-0205,88,88
sub-0205,89,89
sub-0205,90,90
sub-0205,91,64
sub-0205,92,53
sub-0205,93,83
sub-0205,94,94
sub-0205,95,95
sub-0205,96,96
sub-0205,97,97
sub-0205,98,98
sub-0205,99,99
sub-0205,100,100
sub-0205,101,101
sub-0205,102,102
sub-0205,103,195
sub-0205,104,104
sub-0205,105,105
sub-0205,106,106
sub-0205,107,107
sub-0205,108,108
sub-0205,109,109
sub-0205,110,110
sub-0205,111,111
sub-0205,112,112
sub-0205,113,113
sub-0205,114,114
sub-0205,115,115
sub-0205,116,116
sub-0205,117,117
sub-0205,118,118
sub-0205,119,119
sub-0205,120,120
sub-0205,121,121
sub-0205,122,122
sub-0205,123,123
sub-0205,124,124
sub-0205,125,125
sub-0205,126,126
sub-0205,127,127
sub-0205,128,128
sub-0205,129,129
sub-0205,130,130
sub-0205,131,131
sub-0205,132,132
sub-0205,133,30
sub-0205,134,134
sub-0205,135,135
sub-0205,136,136
sub-0205,137,137
sub-0205,138,138
sub-0205,139,139
sub-0205,140,38
sub-0205,141,141
sub-0205,142,128
sub-0205,143,143
sub-0205,144,144
sub-0205,145,145
sub-0205,146,146
sub-0205,147,45
sub-0205,148,45
sub-0205,149,149
sub-0205,150,150
sub-0205,151,151
sub-0205,152,209
sub-0205,153,215
sub-0205,154,127
sub-0205,155,155
sub-0205,156,156
sub-0205,157,157
sub-0205,158,158
sub-0205,159,177
sub-0205,160,160
sub-0205,161,161
sub-0205,162,54
sub-0205,163,132
sub-0205,164,164
sub-0205,165,165
sub-0205,166,166
sub-0205,167,131
sub-0205,168,168
sub-0205,169,169
sub-0205,170,170
sub-0205,171,171
sub-0205,172,172
sub-0205,173,171
sub-0205,174,89
sub-0205,175,89
sub-0205,176,176
sub-0205,177,210
sub-0205,178,178
sub-0205,179,179
sub-0205,180,180
sub-0205,181,181
sub-0205,182,182
sub-0205,183,183
sub-0205,184,184
sub-0205,185,185
sub-0205,186,186
sub-0205,187,177
sub-0205,188,188
sub-0205,189,189
sub-0205,190,190
sub-0205,191,191
sub-0205,192,192
sub-0205,193,193
sub-0205,194,194
sub-0205,195,195
sub-0205,196,196
sub-0205,197,197
sub-0205,198,198
sub-0205,199,199
sub-0205,200,68
sub-0205,201,201
sub-0205,202,54
sub-0205,203,160
sub-0205,204,205
sub-0205,205,225
sub-0205,206,206
sub-0205,207,221
sub-0205,208,208
sub-0205,209,209
sub-0205,210,195
sub-0205,211,211
sub-0205,212,212
sub-0205,213,229
sub-0205,214,214
sub-0205,215,215
sub-0205,216,99
sub-0205,217,195
sub-0205,218,199
sub-0205,219,220
sub-0205,220,205
sub-0205,221,206
sub-0205,222,222
sub-0205,223,223
sub-0205,224,209
sub-0205,225,225
sub-0205,226,53
sub-0205,227,211
sub-0205,228,228
sub-0205,229,205
sub-0205,230,230
sub-0205,231,231
sub-0206,0,0
sub-0206,1,8
sub-0206,2,2
sub-0206,3,3
sub-0206,4,4
sub-0206,5,5
sub-0206,6,6
sub-0206,7,7
sub-0206,8,8
sub-0206,9,9
sub-0206,10,10
sub-0206,11,11
sub-0206,12,12
sub-0206,13,13
sub-0206,14,14
sub-0206,15,15
sub-0206,16,10
sub-0206,17,17
sub-0206,18,18
sub-0206,19,8
sub-0206,20,131
sub-0206,21,21
sub-0206,22,221
sub-0206,23,39
sub-0206,24,123
sub-0206,25,207
sub-0206,26,26
sub-0206,27,229
sub-0206,28,28
sub-0206,29,29
sub-0206,30,30
sub-0206,31,31
sub-0206,32,32
sub-0206,33,32
sub-0206,34,34
sub-0206,35,35
sub-0206,36,36
sub-0206,37,37
sub-0206,38,223
sub-0206,39,39
sub-0206,40,40
sub-0206,41,207
sub-0206,42,148
sub-0206,43,43
sub-0206,44,44
sub-0206,45,45
sub-0206,46,46
sub-0206,47,47
sub-0206,48,178
sub-0206,49,49
sub-0206,50,50
sub-0206,51,51
sub-0206,52,52
sub-0206,53,0
sub-0206,54,162
sub-0206,55,55
sub-0206,56,56
sub-0206,57,57
sub-0206,58,58
sub-0206,59,59
sub-0206,60,89
sub-0206,61,207
sub-0206,62,62
sub-0206,63,32
sub-0206,64,64
sub-0206,65,120
sub-0206,66,66
sub-0206,67,67
sub-0206,68,90
sub-0206,69,69
sub-0206,70,68
sub-0206,71,71
sub-0206,72,72
sub-0206,73,73
sub-0206,74,74
sub-0206,75,90
sub-0206,76,99
sub-0206,77,77
sub-0206,78,95
sub-0206,79,79
sub-0206,80,80
sub-0206,81,155
sub-0206,82,82
sub-0206,83,83
sub-0206,84,99
sub-0206,85,85
sub-0206,86,86
sub-0206,87,87
sub-0206,88,88
sub-0206,89,89
sub-0206,90,90
sub-0206,91,178
sub-0206,92,99
sub-0206,93,221
sub-0206,94,90
sub-0206,95,95
sub-0206,96,96
sub-0206,97,97
sub-0206,98,204
sub-0206,99,99
sub-0206,100,100
sub-0206,101,101
sub-0206,102,203
sub-0206,103,174
sub-0206,104,30
sub-0206,105,105
sub-0206,106,106
sub-0206,107,107
sub-0206,108,108
sub-0206,109,109
sub-0206,110,110
sub-0206,111,111
sub-0206,112,112
sub-0206,113,113
sub-0206,114,114
sub-0206,115,115
sub-0206,116,116
sub-0206,117,117
sub-0206,118,118
sub-0206,119,131
sub-0206,120,120
sub-0206,121,121
sub-0206,122,16
sub-0206,123,123
sub-0206,124,124
sub-0206,125,30
sub-0206,126,126
sub-0206,127,25
sub-0206,128,128
sub-0206,129,129
sub-0206,130,103
sub-0206,131,131
sub-0206,132,132
sub-0206,133,133
sub-0206,134,134
sub-0206,135,180
sub-0206,136,136
sub-0206,137,137
sub-0206,138,30
sub-0206,139,139
sub-0206,140,12
sub-0206,141,141
sub-0206,142,119
sub-0206,143,131
sub-0206,144,25
sub-0206,145,30
sub-0206,146,90
sub-0206,147,14
sub-0206,148,220
sub-0206,149,152
sub-0206,150,152
sub-0206,151,177
sub-0206,152,152
sub-0206,153,178
sub-0206,154,178
sub-0206,155,155
sub-0206,156,156
sub-0206,157,157
sub-0206,158,219
sub-0206,159,174
sub-0206,160,160
sub-0206,161,160
sub-0206,162,220
sub-0206,163,163
sub-0206,164,164
sub-0206,165,131
sub-0206,166,178
sub-0206,167,34
sub-0206,168,168
sub-0206,169,169
sub-0206,170,178
sub-0206,171,171
sub-0206,172,172
sub-0206,173,178
sub-0206,174,174
sub-0206,175,175
sub-0206,176,176
sub-0206,177,177
sub-0206,178,178
sub-0206,179,178
sub-0206,180,180
sub-0206,181,181
sub-0206,182,182
sub-0206,183,183
sub-0206,184,149
sub-0206,185,99
sub-0206,186,152
sub-0206,187,183
sub-0206,188,178
sub-0206,189,189
sub-0206,190,178
sub-0206,191,178
sub-0206,192,192
sub-0206,193,180
sub-0206,194,194
sub-0206,195,195
sub-0206,196,198
sub-0206,197,198
sub-0206,198,198
sub-0206,199,199
sub-0206,200,203
sub-0206,201,92
sub-0206,202,202
sub-0206,203,99
sub-0206,204,204
sub-0206,205,205
sub-0206,206,206
sub-0206,207,119
sub-0206,208,208
sub-0206,209,209
sub-0206,210,205
sub-0206,211,86
sub-0206,212,212
sub-0206,213,213
sub-0206,214,214
sub-0206,215,174
sub-0206,216,203
sub-0206,217,95
sub-0206,218,219
sub-0206,219,203
sub-0206,220,220
sub-0206,221,221
sub-0206,222,222
sub-0206,223,223
sub-0206,224,224
sub-0206,225,225
sub-0206,226,226
sub-0206,227,227
sub-0206,228,228
sub-0206,229,229
sub-0206,230,230
sub-0206,231,178
sub-0207,0,0
sub-0207,1,1
sub-0207,2,2
sub-0207,3,3
sub-0207,4,111
sub-0207,5,5
sub-0207,6,111
sub-0207,7,7
sub-0207,8,8
sub-0207,9,9
sub-0207,10,10
sub-0207,11,11
sub-0207,12,12
sub-0207,13,7
sub-0207,14,147
sub-0207,15,15
sub-0207,16,143
sub-0207,17,17
sub-0207,18,18
sub-0207,19,19
sub-0207,20,20
sub-0207,21,21
sub-0207,22,22
sub-0207,23,23
sub-0207,24,24
sub-0207,25,25
sub-0207,26,26
sub-0207,27,27
sub-0207,28,28
sub-0207,29,204
sub-0207,30,30
sub-0207,31,166
sub-0207,32,32
sub-0207,33,33
sub-0207,34,34
sub-0207,35,35
sub-0207,36,36
sub-0207,37,37
sub-0207,38,38
sub-0207,39,39
sub-0207,40,40
sub-0207,41,143
sub-0207,42,42
sub-0207,43,43
sub-0207,44,44
sub-0207,45,45
sub-0207,46,46
sub-0207,47,49
sub-0207,48,48
sub-0207,49,49
sub-0207,50,160
sub-0207,51,51
sub-0207,52,52
sub-0207,53,160
sub-0207,54,54
sub-0207,55,43
sub-0207,56,171
sub-0207,57,171
sub-0207,58,58
sub-0207,59,59
sub-0207,60,60
sub-0207,61,171
sub-0207,62,62
sub-0207,63,63
sub-0207,64,64
sub-0207,65,65
sub-0207,66,66
sub-0207,67,67
sub-0207,68,68
sub-0207,69,69
sub-0207,70,47
sub-0207,71,71
sub-0207,72,72
sub-0207,73,73
sub-0207,74,74
sub-0207,75,75
sub-0207,76,76
sub-0207,77,77
sub-0207,78,78
sub-0207,79,79
sub-0207,80,80
sub-0207,81,81
sub-0207,82,160
sub-0207,83,171
sub-0207,84,84
sub-0207,85,85
sub-0207,86,86
sub-0207,87,87
sub-0207,88,88
sub-0207,89,89
sub-0207,90,90
sub-0207,91,91
sub-0207,92,92
sub-0207,93,93
sub-0207,94,94
sub-0207,95,95
sub-0207,96,96
sub-0207,97,97
sub-0207,98,161
sub-0207,99,199
sub-0207,100,100
sub-0207,101,101
sub-0207,102,102
sub-0207,103,103
sub-0207,104,104
sub-0207,105,105
sub-0207,106,106
sub-0207,107,107
sub-0207,108,108
sub-0207,109,109
sub-0207,110,110
sub-0207,111,111
sub-0207,112,112
sub-0207,113,113
sub-0207,114,120
sub-0207,115,115
sub-0207,116,171
sub-0207,117,117
sub-0207,118,128
sub-0207,119,119
sub-0207,120,120
sub-0207,121,121
sub-0207,122,122
sub-0207,123,123
sub-0207,124,199
sub-0207,125,125
sub-0207,126,126
sub-0207,127,127
sub-0207,128,128
sub-0207,129,129
sub-0207,130,130
sub-0207,131,111
sub-0207,132,106
sub-0207,133,111
sub-0207,134,134
sub-0207,135,135
sub-0207,136,136
sub-0207,137,137
sub-0207,138,138
sub-0207,139,139
sub-0207,140,140
sub-0207,141,141
sub-0207,142,142
sub-0207,143,67
sub-0207,144,144
sub-0207,145,145
sub-0207,146,146
sub-0207,147,147
sub-0207,148,148
sub-0207,149,149
sub-0207,150,150
sub-0207,151,151
sub-0207,152,152
sub-0207,153,153
sub-0207,154,154
sub-0207,155,155
sub-0207,156,211
sub-0207,157,157
sub-0207,158,157
sub-0207,159,156
sub-0207,160,160
sub-0207,161,67
sub-0207,162,162
sub-0207,163,163
sub-0207,164,171
sub-0207,165,165
sub-0207,166,166
sub-0207,167,167
sub-0207,168,168
sub-0207,169,169
sub-0207,170,66
sub-0207,171,171
sub-0207,172,172
sub-0207,173,173
sub-0207,174,49
sub-0207,175,175
sub-0207,176,176
sub-0207,177,171
sub-0207,178,178
sub-0207,179,179
sub-0207,180,111
sub-0207,181,171
sub-0207,182,182
sub-0207,183,183
sub-0207,184,184
sub-0207,185,185
sub-0207,186,187
sub-0207,187,191
sub-0207,188,188
sub-0207,189,189
sub-0207,190,54
sub-0207,191,191
sub-0207,192,192
sub-0207,193,72
sub-0207,194,194
sub-0207,195,195
sub-0207,196,196
sub-0207,197,161
sub-0207,198,198
sub-0207,199,199
sub-0207,200,200
sub-0207,201,201
sub-0207,202,143
sub-0207,203,204
sub-0207,204,204
sub-0207,205,220
sub-0207,206,206
sub-0207,207,207
sub-0207,208,208
sub-0207,209,209
sub-0207,210,152
sub-0207,211,211
sub-0207,212,212
sub-0207,213,213
sub-0207,214,214
sub-0207,215,215
sub-0207,216,216
sub-0207,217,221
sub-0207,218,143
sub-0207,219,202
sub-0207,220,220
sub-0207,221,199
sub-0207,222,222
sub-0207,223,223
sub-0207,224,13
sub-0207,225,225
sub-0207,226,46
sub-0207,227,164
sub-0207,228,228
sub-0207,229,229
sub-0207,230,230
sub-0207,231,231
sub-0208,0,0
sub-0208,1,1
sub-0208,2,2
sub-0208,3,3
sub-0208,4,4
sub-0208,5,5
sub-0208,6,6
sub-0208,7,7
sub-0208,8,8
sub-0208,9,9
sub-0208,10,10
sub-0208,11,11
sub-0208,12,12
sub-0208,13,13
sub-0208,14,14
sub-0208,15,15
sub-0208,16,16
sub-0208,17,17
sub-0208,18,18
sub-0208,19,19
sub-0208,20,20
sub-0208,21,21
sub-0208,22,119
sub-0208,23,23
sub-0208,24,199
sub-0208,25,25
sub-0208,26,26
sub-0208,27,148
sub-0208,28,28
sub-0208,29,29
sub-0208,30,32
sub-0208,31,31
sub-0208,32,32
sub-0208,33,138
sub-0208,34,34
sub-0208,35,35
sub-0208,36,36
sub-0208,37,37
sub-0208,38,38
sub-0208,39,39
sub-0208,40,148
sub-0208,41,41
sub-0208,42,141
sub-0208,43,43
sub-0208,44,44
sub-0208,45,45
sub-0208,46,178
sub-0208,47,43
sub-0208,48,48
sub-0208,49,49
sub-0208,50,93
sub-0208,51,51
sub-0208,52,231
sub-0208,53,53
sub-0208,54,54
sub-0208,55,55
sub-0208,56,32
sub-0208,57,57
sub-0208,58,58
sub-0208,59,59
sub-0208,60,138
sub-0208,61,62
sub-0208,62,69
sub-0208,63,63
sub-0208,64,64
sub-0208,65,60
sub-0208,66,66
sub-0208,67,67
sub-0208,68,68
sub-0208,69,69
sub-0208,70,90
sub-0208,71,71
sub-0208,72,72
sub-0208,73,73
sub-0208,74,74
sub-0208,75,75
sub-0208,76,76
sub-0208,77,72
sub-0208,78,138
sub-0208,79,79
sub-0208,80,80
sub-0208,81,81
sub-0208,82,82
sub-0208,83,83
sub-0208,84,84
sub-0208,85,85
sub-0208,86,86
sub-0208,87,87
sub-0208,88,88
sub-0208,89,89
sub-0208,90,90
sub-0208,91,91
sub-0208,92,92
sub-0208,93,93
sub-0208,94,94
sub-0208,95,95
sub-0208,96,96
sub-0208,97,97
sub-0208,98,189
sub-0208,99,99
sub-0208,100,100
sub-0208,101,32
sub-0208,102,102
sub-0208,103,103
sub-0208,104,104
sub-0208,105,105
sub-0208,106,106
sub-0208,107,107
sub-0208,108,108
sub-0208,109,195
sub-0208,110,110
sub-0208,111,111
sub-0208,112,112
sub-0208,113,113
sub-0208,114,114
sub-0208,115,115
sub-0208,116,148
sub-0208,117,117
sub-0208,118,118
sub-0208,119,119
sub-0208,120,118
sub-0208,121,121
sub-0208,122,189
sub-0208,123,123
sub-0208,124,124
sub-0208,125,125
sub-0208,126,126
sub-0208,127,127
sub-0208,128,128
sub-0208,129,129
sub-0208,130,130
sub-0208,131,131
sub-0208,132,132
sub-0208,133,133
sub-0208,134,134
sub-0208,135,135
sub-0208,136,136
sub-0208,137,137
sub-0208,138,138
sub-0208,139,139
sub-0208,140,140
sub-0208,141,141
sub-0208,142,198
sub-0208,143,143
sub-0208,144,144
sub-0208,145,145
sub-0208,146,148
sub-0208,147,148
sub-0208,148,148
sub-0208,149,149
sub-0208,150,150
sub-0208,151,141
sub-0208,152,152
sub-0208,153,189
sub-0208,154,154
sub-0208,155,155
sub-0208,156,156
sub-0208,157,157
sub-0208,158,157
sub-0208,159,159
sub-0208,160,160
sub-0208,161,161
sub-0208,162,160
sub-0208,163,163
sub-0208,164,164
sub-0208,165,165
sub-0208,166,138
sub-0208,167,167
sub-0208,168,168
sub-0208,169,220
sub-0208,170,170
sub-0208,171,171
sub-0208,172,89
sub-0208,173,178
sub-0208,174,178
sub-0208,175,175
sub-0208,176,176
sub-0208,177,189
sub-0208,178,178
sub-0208,179,189
sub-0208,180,180
sub-0208,181,138
sub-0208,182,182
sub-0208,183,183
sub-0208,184,172
sub-0208,185,185
sub-0208,186,186
sub-0208,187,70
sub-0208,188,188
sub-0208,189,189
sub-0208,190,190
sub-0208,191,191
sub-0208,192,192
sub-0208,193,193
sub-0208,194,194
sub-0208,195,195
sub-0208,196,196
sub-0208,197,197
sub-0208,198,198
sub-0208,199,197
sub-0208,200,202
sub-0208,201,201
sub-0208,202,202
sub-0208,203,160
sub-0208,204,220
sub-0208,205,39
sub-0208,206,206
sub-0208,207,207
sub-0208,208,157
sub-0208,209,209
sub-0208,210,24
sub-0208,211,89
sub-0208,212,212
sub-0208,213,213
sub-0208,214,214
sub-0208,215,215
sub-0208,216,21
sub-0208,217,203
sub-0208,218,218
sub-0208,219,219
sub-0208,220,220
sub-0208,221,221
sub-0208,222,69
sub-0208,223,223
sub-0208,224,224
sub-0208,225,225
sub-0208,226,229
sub-0208,227,215
sub-0208,228,228
sub-0208,229,229
sub-0208,230,230
sub-0208,231,231
sub-0209,0,6
sub-0209,1,1
sub-0209,2,2
sub-0209,3,104
sub-0209,4,4
sub-0209,5,5
sub-0209,6,6
sub-0209,7,7
sub-0209,8,28
sub-0209,9,9
sub-0209,10,10
sub-0209,11,11
sub-0209,12,43
sub-0209,13,65
sub-0209,14,120
sub-0209,15,15
sub-0209,16,16
sub-0209,17,17
sub-0209,18,18
sub-0209,19,19
sub-0209,20,43
sub-0209,21,21
sub-0209,22,17
sub-0209,23,144
sub-0209,24,24
sub-0209,25,199
sub-0209,26,26
sub-0209,27,27
sub-0209,28,28
sub-0209,29,29
sub-0209,30,30
sub-0209,31,31
sub-0209,32,32
sub-0209,33,33
sub-0209,34,34
sub-0209,35,35
sub-0209,36,36
sub-0209,37,37
sub-0209,38,38
sub-0209,39,39
sub-0209,40,40
sub-0209,41,41
sub-0209,42,42
sub-0209,43,43
sub-0209,44,44
sub-0209,45,45
sub-0209,46,46
sub-0209,47,47
sub-0209,48,56
sub-0209,49,49
sub-0209,50,226
sub-0209,51,28
sub-0209,52,221
sub-0209,53,53
sub-0209,54,99
sub-0209,55,55
sub-0209,56,56
sub-0209,57,57
sub-0209,58,58
sub-0209,59,59
sub-0209,60,60
sub-0209,61,61
sub-0209,62,62
sub-0209,63,63
sub-0209,64,64
sub-0209,65,65
sub-0209,66,66
sub-0209,67,67
sub-0209,68,176
sub-0209,69,69
sub-0209,70,70
sub-0209,71,71
sub-0209,72,72
sub-0209,73,73
sub-0209,74,74
sub-0209,75,75
sub-0209,76,76
sub-0209,77,77
sub-0209,78,78
sub-0209,79,79
sub-0209,80,80
sub-0209,81,81
sub-0209,82,82
sub-0209,83,83
sub-0209,84,99
sub-0209,85,85
sub-0209,86,86
sub-0209,87,87
sub-0209,88,88
sub-0209,89,89
sub-0209,90,90
sub-0209,91,91
sub-0209,92,92
sub-0209,93,93
sub-0209,94,93
sub-0209,95,95
sub-0209,96,96
sub-0209,97,97
sub-0209,98,98
sub-0209,99,199
sub-0209,100,100
sub-0209,101,101
sub-0209,102,102
sub-0209,103,204
sub-0209,104,104
sub-0209,105,105
sub-0209,106,106
sub-0209,107,107
sub-0209,108,106
sub-0209,109,109
sub-0209,110,110
sub-0209,111,111
sub-0209,112,112
sub-0209,113,113
sub-0209,114,114
sub-0209,115,115
sub-0209,116,116
sub-0209,117,117
sub-0209,118,118
sub-0209,119,119
sub-0209,120,120
sub-0209,121,121
sub-0209,122,18
sub-0209,123,123
sub-0209,124,229
sub-0209,125,34
sub-0209,126,126
sub-0209,127,127
sub-0209,128,128
sub-0209,129,129
sub-0209,130,28
sub-0209,131,199
sub-0209,132,132
sub-0209,133,133
sub-0209,134,116
sub-0209,135,135
sub-0209,136,136
sub-0209,137,137
sub-0209,138,138
sub-0209,139,139
sub-0209,140,60
sub-0209,141,141
sub-0209,142,147
sub-0209,143,147
sub-0209,144,144
sub-0209,145,145
sub-0209,146,146
sub-0209,147,43
sub-0209,148,148
sub-0209,149,38
sub-0209,150,150
sub-0209,151,171
sub-0209,152,152
sub-0209,153,153
sub-0209,154,168
sub-0209,155,155
sub-0209,156,65
sub-0209,157,157
sub-0209,158,158
sub-0209,159,159
sub-0209,160,217
sub-0209,161,210
sub-0209,162,217
sub-0209,163,163
sub-0209,164,164
sub-0209,165,165
sub-0209,166,166
sub-0209,167,173
sub-0209,168,168
sub-0209,169,169
sub-0209,170,170
sub-0209,171,171
sub-0209,172,172
sub-0209,173,173
sub-0209,174,174
sub-0209,175,175
sub-0209,176,176
sub-0209,177,177
sub-0209,178,178
sub-0209,179,176
sub-0209,180,180
sub-0209,181,183
sub-0209,182,182
sub-0209,183,183
sub-0209,184,184
sub-0209,185,185
sub-0209,186,186
sub-0209,187,187
sub-0209,188,188
sub-0209,189,176
sub-0209,190,190
sub-0209,191,191
sub-0209,192,192
sub-0209,193,193
sub-0209,194,194
sub-0209,195,195
sub-0209,196,199
sub-0209,197,183
sub-0209,198,198
sub-0209,199,199
sub-0209,200,200
sub-0209,201,201
sub-0209,202,97
sub-0209,203,203
sub-0209,204,204
sub-0209,205,220
sub-0209,206,206
sub-0209,207,207
sub-0209,208,208
sub-0209,209,209
sub-0209,210,210
sub-0209,211,192
sub-0209,212,212
sub-0209,213,213
sub-0209,214,214
sub-0209,215,215
sub-0209,216,216
sub-0209,217,217
sub-0209,218,218
sub-0209,219,219
sub-0209,220,220
sub-0209,221,217
sub-0209,222,222
sub-0209,223,86
sub-0209,224,176
sub-0209,225,140
sub-0209,226,73
sub-0209,227,99
sub-0209,228,228
sub-0209,229,229
sub-0209,230,230
sub-0209,231,90
sub-0210,0,0
sub-0210,1,1
sub-0210,2,2
sub-0210,3,3
sub-0210,4,4
sub-0210,5,5
sub-0210,6,6
sub-0210,7,7
sub-0210,8,8
sub-0210,9,9
sub-0210,10,10
sub-0210,11,11
sub-0210,12,12
sub-0210,13,13
sub-0210,14,187
sub-0210,15,15
sub-0210,16,16
sub-0210,17,116
sub-0210,18,18
sub-0210,19,220
sub-0210,20,124
sub-0210,21,21
sub-0210,22,226
sub-0210,23,23
sub-0210,24,24
sub-0210,25,25
sub-0210,26,26
sub-0210,27,30
sub-0210,28,28
sub-0210,29,29
sub-0210,30,30
sub-0210,31,57
sub-0210,32,32
sub-0210,33,33
sub-0210,34,34
sub-0210,35,35
sub-0210,36,36
sub-0210,37,37
sub-0210,38,116
sub-0210,39,39
sub-0210,40,40
sub-0210,41,143
sub-0210,42,40
sub-0210,43,43
sub-0210,44,44
sub-0210,45,212
sub-0210,46,46
sub-0210,47,47
sub-0210,48,48
sub-0210,49,49
sub-0210,50,155
sub-0210,51,51
sub-0210,52,161
sub-0210,53,219
sub-0210,54,160
sub-0210,55,98
sub-0210,56,56
sub-0210,57,57
sub-0210,58,58
sub-0210,59,59
sub-0210,60,60
sub-0210,61,61
sub-0210,62,62
sub-0210,63,57
sub-0210,64,64
sub-0210,65,65
sub-0210,66,66
sub-0210,67,67
sub-0210,68,68
sub-0210,69,69
sub-0210,70,70
sub-0210,71,57
sub-0210,72,72
sub-0210,73,73
sub-0210,74,74
sub-0210,75,75
sub-0210,76,76
sub-0210,77,77
sub-0210,78,78
sub-0210,79,79
sub-0210,80,80
sub-0210,81,81
sub-0210,82,82
sub-0210,83,83
sub-0210,84,84
sub-0210,85,85
sub-0210,86,86
sub-0210,87,87
sub-0210,88,88
sub-0210,89,89
sub-0210,90,90
sub-0210,91,91
sub-0210,92,92
sub-0210,93,93
sub-0210,94,94
sub-0210,95,95
sub-0210,96,96
sub-0210,97,97
sub-0210,98,98
sub-0210,99,99
sub-0210,100,100
sub-0210,101,101
sub-0210,102,102
sub-0210,103,103
sub-0210,104,104
sub-0210,105,105
sub-0210,106,106
sub-0210,107,107
sub-0210,108,108
sub-0210,109,109
sub-0210,110,110
sub-0210,111,111
sub-0210,112,112
sub-0210,113,199
sub-0210,114,114
sub-0210,115,115
sub-0210,116,131
sub-0210,117,117
sub-0210,118,164
sub-0210,119,119
sub-0210,120,120
sub-0210,121,121
sub-0210,122,83
sub-0210,123,123
sub-0210,124,124
sub-0210,125,125
sub-0210,126,126
sub-0210,127,199
sub-0210,128,128
sub-0210,129,129
sub-0210,130,130
sub-0210,131,131
sub-0210,132,57
sub-0210,133,133
sub-0210,134,134
sub-0210,135,135
sub-0210,136,116
sub-0210,137,137
sub-0210,138,138
sub-0210,139,139
sub-0210,140,140
sub-0210,141,141
sub-0210,142,199
sub-0210,143,127
sub-0210,144,144
sub-0210,145,145
sub-0210,146,146
sub-0210,147,147
sub-0210,148,148
sub-0210,149,149
sub-0210,150,150
sub-0210,151,151
sub-0210,152,152
sub-0210,153,153
sub-0210,154,154
sub-0210,155,225
sub-0210,156,156
sub-0210,157,157
sub-0210,158,158
sub-0210,159,159
sub-0210,160,160
sub-0210,161,161
sub-0210,162,160
sub-0210,163,163
sub-0210,164,164
sub-0210,165,165
sub-0210,166,166
sub-0210,167,167
sub-0210,168,57
sub-0210,169,169
sub-0210,170,170
sub-0210,171,134
sub-0210,172,172
sub-0210,173,173
sub-0210,174,174
sub-0210,175,175
sub-0210,176,176
sub-0210,177,177
sub-0210,178,178
sub-0210,179,179
sub-0210,180,180
sub-0210,181,181
sub-0210,182,182
sub-0210,183,183
sub-0210,184,184
sub-0210,185,185
sub-0210,186,186
sub-0210,187,187
sub-0210,188,188
sub-0210,189,189
sub-0210,190,190
sub-0210,191,191
sub-0210,192,192
sub-0210,193,193
sub-0210,194,194
sub-0210,195,195
sub-0210,196,196
sub-0210,197,197
sub-0210,198,198
sub-0210,199,199
sub-0210,200,200
sub-0210,201,201
sub-0210,202,202
sub-0210,203,203
sub-0210,204,204
sub-0210,205,205
sub-0210,206,206
sub-0210,207,207
sub-0210,208,208
sub-0210,209,209
sub-0210,210,210
sub-0210,211,223
sub-0210,212,212
sub-0210,213,213
sub-0210,214,214
sub-0210,215,209
sub-0210,216,216
sub-0210,217,217
sub-0210,218,218
sub-0210,219,219
sub-0210,220,220
sub-0210,221,221
sub-0210,222,222
sub-0210,223,223
sub-0210,224,224
sub-0210,225,225
sub-0210,226,103
sub-0210,227,207
sub-0210,228,228
sub-0210,229,229
sub-0210,230,230
sub-0210,231,231
sub-0211,0,0
sub-0211,1,1
sub-0211,2,2
sub-0211,3,0
sub-0211,4,0
sub-0211,5,5
sub-0211,6,107
sub-0211,7,7
sub-0211,8,8
sub-0211,9,9
sub-0211,10,10
sub-0211,11,11
sub-0211,12,12
sub-0211,13,13
sub-0211,14,14
sub-0211,15,45
sub-0211,16,16
sub-0211,17,17
sub-0211,18,18
sub-0211,19,19
sub-0211,20,149
sub-0211,21,21
sub-0211,22,22
sub-0211,23,23
sub-0211,24,24
sub-0211,25,25
sub-0211,26,26
sub-0211,27,27
sub-0211,28,28
sub-0211,29,0
sub-0211,30,30
sub-0211,31,31
sub-0211,32,32
sub-0211,33,0
sub-0211,34,34
sub-0211,35,35
sub-0211,36,36
sub-0211,37,37
sub-0211,38,38
sub-0211,39,45
sub-0211,40,40
sub-0211,41,41
sub-0211,42,42
sub-0211,43,149
sub-0211,44,44
sub-0211,45,45
sub-0211,46,46
sub-0211,47,152
sub-0211,48,48
sub-0211,49,49
sub-0211,50,50
sub-0211,51,51
sub-0211,52,52
sub-0211,53,160
sub-0211,54,54
sub-0211,55,55
sub-0211,56,56
sub-0211,57,57
sub-0211,58,58
sub-0211,59,59
sub-0211,60,60
sub-0211,61,61
sub-0211,62,62
sub-0211,63,62
sub-0211,64,64
sub-0211,65,215
sub-0211,66,66
sub-0211,67,67
sub-0211,68,68
sub-0211,69,66
sub-0211,70,66
sub-0211,71,71
sub-0211,72,72
sub-0211,73,73
sub-0211,74,74
sub-0211,75,75
sub-0211,76,76
sub-0211,77,193
sub-0211,78,78
sub-0211,79,200
sub-0211,80,200
sub-0211,81,81
sub-0211,82,200
sub-0211,83,193
sub-0211,84,84
sub-0211,85,85
sub-0211,86,86
sub-0211,87,87
sub-0211,88,88
sub-0211,89,89
sub-0211,90,90
sub-0211,91,209
sub-0211,92,66
sub-0211,93,99
sub-0211,94,94
sub-0211,95,95
sub-0211,96,96
sub-0211,97,97
sub-0211,98,98
sub-0211,99,99
sub-0211,100,100
sub-0211,101,101
sub-0211,102,102
sub-0211,103,0
sub-0211,104,104
sub-0211,105,105
sub-0211,106,7
sub-0211,107,107
sub-0211,108,108
sub-0211,109,109
sub-0211,110,110
sub-0211,111,111
sub-0211,112,112
sub-0211,113,113
sub-0211,114,114
sub-0211,115,115
sub-0211,116,116
sub-0211,117,117
sub-0211,118,118
sub-0211,119,119
sub-0211,120,120
sub-0211,121,121
sub-0211,122,122
sub-0211,123,124
sub-0211,124,124
sub-0211,125,125
sub-0211,126,126
sub-0211,127,127
sub-0211,128,128
sub-0211,129,129
sub-0211,130,130
sub-0211,131,131
sub-0211,132,132
sub-0211,133,133
sub-0211,134,134
sub-0211,135,131
sub-0211,136,136
sub-0211,137,137
sub-0211,138,138
sub-0211,139,139
sub-0211,140,140
sub-0211,141,141
sub-0211,142,142
sub-0211,143,143
sub-0211,144,149
sub-0211,145,145
sub-0211,146,146
sub-0211,147,147
sub-0211,148,148
sub-0211,149,149
sub-0211,150,150
sub-0211,151,152
sub-0211,152,152
sub-0211,153,153
sub-0211,154,154
sub-0211,155,155
sub-0211,156,156
sub-0211,157,157
sub-0211,158,158
sub-0211,159,193
sub-0211,160,160
sub-0211,161,200
sub-0211,162,162
sub-0211,163,163
sub-0211,164,164
sub-0211,165,142
sub-0211,166,193
sub-0211,167,167
sub-0211,168,168
sub-0211,169,169
sub-0211,170,170
sub-0211,171,66
sub-0211,172,174
sub-0211,173,173
sub-0211,174,174
sub-0211,175,175
sub-0211,176,176
sub-0211,177,177
sub-0211,178,178
sub-0211,179,193
sub-0211,180,180
sub-0211,181,181
sub-0211,182,182
sub-0211,183,183
sub-0211,184,193
sub-0211,185,185
sub-0211,186,209
sub-0211,187,209
sub-0211,188,188
sub-0211,189,189
sub-0211,190,200
sub-0211,191,191
sub-0211,192,192
sub-0211,193,193
sub-0211,194,194
sub-0211,195,195
sub-0211,196,196
sub-0211,197,197
sub-0211,198,99
sub-0211,199,199
sub-0211,200,200
sub-0211,201,162
sub-0211,202,202
sub-0211,203,203
sub-0211,204,204
sub-0211,205,205
sub-0211,206,206
sub-0211,207,131
sub-0211,208,214
sub-0211,209,209
sub-0211,210,201
sub-0211,211,213
sub-0211,212,212
sub-0211,213,213
sub-0211,214,214
sub-0211,215,215
sub-0211,216,216
sub-0211,217,162
sub-0211,218,218
sub-0211,219,219
sub-0211,220,220
sub-0211,221,221
sub-0211,222,157
sub-0211,223,65
sub-0211,224,224
sub-0211,225,225
sub-0211,226,226
sub-0211,227,209
sub-0211,228,228
sub-0211,229,229
sub-0211,230,230
sub-0211,231,214
sub-0212,0,118
sub-0212,1,1
sub-0212,2,2
sub-0212,3,3
sub-0212,4,4
sub-0212,5,5
sub-0212,6,6
sub-0212,7,7
sub-0212,8,8
sub-0212,9,9
sub-0212,10,10
sub-0212,11,11
sub-0212,12,229
sub-0212,13,13
sub-0212,14,14
sub-0212,15,15
sub-0212,16,16
sub-0212,17,17
sub-0212,18,18
sub-0212,19,113
sub-0212,20,20
sub-0212,21,21
sub-0212,22,22
sub-0212,23,23
sub-0212,24,24
sub-0212,25,41
sub-0212,26,26
sub-0212,27,27
sub-0212,28,28
sub-0212,29,33
sub-0212,30,30
sub-0212,31,31
sub-0212,32,32
sub-0212,33,33
sub-0212,34,34
sub-0212,35,35
sub-0212,36,36
sub-0212,37,37
sub-0212,38,38
sub-0212,39,39
sub-0212,40,40
sub-0212,41,41
sub-0212,42,42
sub-0212,43,43
sub-0212,44,44
sub-0212,45,45
sub-0212,46,46
sub-0212,47,47
sub-0212,48,48
sub-0212,49,49
sub-0212,50,50
sub-0212,51,51
sub-0212,52,52
sub-0212,53,171
sub-0212,54,54
sub-0212,55,55
sub-0212,56,56
sub-0212,57,57
sub-0212,58,58
sub-0212,59,59
sub-0212,60,60
sub-0212,61,61
sub-0212,62,62
sub-0212,63,92
sub-0212,64,62
sub-0212,65,65
sub-0212,66,57
sub-0212,67,67
sub-0212,68,68
sub-0212,69,62
sub-0212,70,70
sub-0212,71,71
sub-0212,72,72
sub-0212,73,92
sub-0212,74,74
sub-0212,75,75
sub-0212,76,76
sub-0212,77,77
sub-0212,78,78
sub-0212,79,79
sub-0212,80,80
sub-0212,81,81
sub-0212,82,98
sub-0212,83,161
sub-0212,84,84
sub-0212,85,69
sub-0212,86,62
sub-0212,87,186
sub-0212,88,88
sub-0212,89,89
sub-0212,90,192
sub-0212,91,91
sub-0212,92,92
sub-0212,93,93
sub-0212,94,94
sub-0212,95,95
sub-0212,96,96
sub-0212,97,97
sub-0212,98,98
sub-0212,99,99
sub-0212,100,100
sub-0212,101,101
sub-0212,102,102
sub-0212,103,103
sub-0212,104,104
sub-0212,105,105
sub-0212,106,106
sub-0212,107,107
sub-0212,108,108
sub-0212,109,10
sub-0212,110,110
sub-0212,111,111
sub-0212,112,112
sub-0212,113,113
sub-0212,114,114
sub-0212,115,115
sub-0212,116,116
sub-0212,117,117
sub-0212,118,118
sub-0212,119,119
sub-0212,120,116
sub-0212,121,121
sub-0212,122,122
sub-0212,123,123
sub-0212,124,229
sub-0212,125,125
sub-0212,126,213
sub-0212,127,127
sub-0212,128,128
sub-0212,129,129
sub-0212,130,130
sub-0212,131,131
sub-0212,132,132
sub-0212,133,133
sub-0212,134,33
sub-0212,135,135
sub-0212,136,116
sub-0212,137,137
sub-0212,138,138
sub-0212,139,139
sub-0212,140,140
sub-0212,141,141
sub-0212,142,62
sub-0212,143,143
sub-0212,144,144
sub-0212,145,145
sub-0212,146,146
sub-0212,147,147
sub-0212,148,139
sub-0212,149,149
sub-0212,150,174
sub-0212,151,175
sub-0212,152,152
sub-0212,153,153
sub-0212,154,154
sub-0212,155,155
sub-0212,156,156
sub-0212,157,157
sub-0212,158,158
sub-0212,159,159
sub-0212,160,160
sub-0212,161,119
sub-0212,162,162
sub-0212,163,205
sub-0212,164,164
sub-0212,165,165
sub-0212,166,166
sub-0212,167,153
sub-0212,168,168
sub-0212,169,169
sub-0212,170,170
sub-0212,171,171
sub-0212,172,172
sub-0212,173,173
sub-0212,174,174
sub-0212,175,175
sub-0212,176,176
sub-0212,177,177
sub-0212,178,178
sub-0212,179,179
sub-0212,180,180
sub-0212,181,181
sub-0212,182,182
sub-0212,183,183
sub-0212,184,184
sub-0212,185,185
sub-0212,186,186
sub-0212,187,187
sub-0212,188,188
sub-0212,189,189
sub-0212,190,194
sub-0212,191,191
sub-0212,192,192
sub-0212,193,193
sub-0212,194,194
sub-0212,195,195
sub-0212,196,198
sub-0212,197,197
sub-0212,198,184
sub-0212,199,199
sub-0212,200,79
sub-0212,201,157
sub-0212,202,54
sub-0212,203,203
sub-0212,204,204
sub-0212,205,205
sub-0212,206,206
sub-0212,207,207
sub-0212,208,187
sub-0212,209,209
sub-0212,210,205
sub-0212,211,209
sub-0212,212,212
sub-0212,213,213
sub-0212,214,214
sub-0212,215,215
sub-0212,216,218
sub-0212,217,217
sub-0212,218,218
sub-0212,219,202
sub-0212,220,220
sub-0212,221,221
sub-0212,222,222
sub-0212,223,223
sub-0212,224,224
sub-0212,225,225
sub-0212,226,229
sub-0212,227,227
sub-0212,228,228
sub-0212,229,229
sub-0212,230,230
sub-0212,231,231
sub-0213,0,0
sub-0213,1,1
sub-0213,2,2
sub-0213,3,3
sub-0213,4,4
sub-0213,5,5
sub-0213,6,6
sub-0213,7,7
sub-0213,8,8
sub-0213,9,9
sub-0213,10,10
sub-0213,11,11
sub-0213,12,12
sub-0213,13,13
sub-0213,14,14
sub-0213,15,15
sub-0213,16,16
sub-0213,17,17
sub-0213,18,18
sub-0213,19,19
sub-0213,20,144
sub-0213,21,21
sub-0213,22,22
sub-0213,23,23
sub-0213,24,16
sub-0213,25,25
sub-0213,26,26
sub-0213,27,27
sub-0213,28,28
sub-0213,29,29
sub-0213,30,30
sub-0213,31,30
sub-0213,32,32
sub-0213,33,33
sub-0213,34,34
sub-0213,35,35
sub-0213,36,36
sub-0213,37,37
sub-0213,38,38
sub-0213,39,128
sub-0213,40,40
sub-0213,41,41
sub-0213,42,48
sub-0213,43,43
sub-0213,44,44
sub-0213,45,45
sub-0213,46,46
sub-0213,47,47
sub-0213,48,151
sub-0213,49,49
sub-0213,50,50
sub-0213,51,51
sub-0213,52,218
sub-0213,53,161
sub-0213,54,54
sub-0213,55,52
sub-0213,56,56
sub-0213,57,57
sub-0213,58,57
sub-0213,59,59
sub-0213,60,60
sub-0213,61,61
sub-0213,62,62
sub-0213,63,48
sub-0213,64,64
sub-0213,65,65
sub-0213,66,66
sub-0213,67,67
sub-0213,68,68
sub-0213,69,69
sub-0213,70,70
sub-0213,71,71
sub-0213,72,37
sub-0213,73,73
sub-0213,74,74
sub-0213,75,75
sub-0213,76,76
sub-0213,77,77
sub-0213,78,78
sub-0213,79,79
sub-0213,80,68
sub-0213,81,81
sub-0213,82,82
sub-0213,83,83
sub-0213,84,84
sub-0213,85,85
sub-0213,86,86
sub-0213,87,87
sub-0213,88,88
sub-0213,89,89
sub-0213,90,90
sub-0213,91,91
sub-0213,92,92
sub-0213,93,93
sub-0213,94,94
sub-0213,95,95
sub-0213,96,96
sub-0213,97,97
sub-0213,98,98
sub-0213,99,99
sub-0213,100,100
sub-0213,101,101
sub-0213,102,102
sub-0213,103,103
sub-0213,104,104
sub-0213,105,105
sub-0213,106,106
sub-0213,107,107
sub-0213,108,108
sub-0213,109,109
sub-0213,110,110
sub-0213,111,111
sub-0213,112,112
sub-0213,113,113
sub-0213,114,114
sub-0213,115,115
sub-0213,116,116
sub-0213,117,117
sub-0213,118,118
sub-0213,119,119
sub-0213,120,120
sub-0213,121,121
sub-0213,122,122
sub-0213,123,123
sub-0213,124,124
sub-0213,125,125
sub-0213,126,126
sub-0213,127,127
sub-0213,128,22
sub-0213,129,129
sub-0213,130,168
sub-0213,131,131
sub-0213,132,4
sub-0213,133,30
sub-0213,134,134
sub-0213,135,130
sub-0213,136,136
sub-0213,137,116
sub-0213,138,138
sub-0213,139,139
sub-0213,140,140
sub-0213,141,141
sub-0213,142,142
sub-0213,143,143
sub-0213,144,144
sub-0213,145,145
sub-0213,146,146
sub-0213,147,147
sub-0213,148,37
sub-0213,149,149
sub-0213,150,151
sub-0213,151,151
sub-0213,152,152
sub-0213,153,153
sub-0213,154,151
sub-0213,155,155
sub-0213,156,153
sub-0213,157,157
sub-0213,158,158
sub-0213,159,175
sub-0213,160,199
sub-0213,161,196
sub-0213,162,202
sub-0213,163,163
sub-0213,164,164
sub-0213,165,151
sub-0213,166,175
sub-0213,167,151
sub-0213,168,168
sub-0213,169,169
sub-0213,170,170
sub-0213,171,171
sub-0213,172,172
sub-0213,173,173
sub-0213,174,174
sub-0213,175,175
sub-0213,176,176
sub-0213,177,177
sub-0213,178,178
sub-0213,179,179
sub-0213,180,180
sub-0213,181,181
sub-0213,182,182
sub-0213,183,183
sub-0213,184,184
sub-0213,185,185
sub-0213,186,186
sub-0213,187,187
sub-0213,188,188
sub-0213,189,189
sub-0213,190,190
sub-0213,191,177
sub-0213,192,192
sub-0213,193,97
sub-0213,194,194
sub-0213,195,195
sub-0213,196,196
sub-0213,197,197
sub-0213,198,151
sub-0213,199,30
sub-0213,200,200
sub-0213,201,202
sub-0213,202,202
sub-0213,203,203
sub-0213,204,204
sub-0213,205,205
sub-0213,206,206
sub-0213,207,207
sub-0213,208,92
sub-0213,209,209
sub-0213,210,210
sub-0213,211,211
sub-0213,212,212
sub-0213,213,213
sub-0213,214,214
sub-0213,215,215
sub-0213,216,216
sub-0213,217,217
sub-0213,218,218
sub-0213,219,219
sub-0213,220,220
sub-0213,221,221
sub-0213,222,222
sub-0213,223,223
sub-0213,224,208
sub-0213,225,225
sub-0213,226,226
sub-0213,227,65
sub-0213,228,228
sub-0213,229,229
sub-0213,230,230
sub-0213,231,231
sub-0214,0,0
sub-0214,1,1
sub-0214,2,2
sub-0214,3,3
sub-0214,4,130
sub-0214,5,5
sub-0214,6,211
sub-0214,7,7
sub-0214,8,8
sub-0214,9,9
sub-0214,10,10
sub-0214,11,11
sub-0214,12,12
sub-0214,13,13
sub-0214,14,14
sub-0214,15,15
sub-0214,16,16
sub-0214,17,116
sub-0214,18,18
sub-0214,19,19
sub-0214,20,126
sub-0214,21,21
sub-0214,22,22
sub-0214,23,23
sub-0214,24,22
sub-0214,25,26
sub-0214,26,26
sub-0214,27,27
sub-0214,28,168
sub-0214,29,130
sub-0214,30,219
sub-0214,31,31
sub-0214,32,32
sub-0214,33,33
sub-0214,34,35
sub-0214,35,35
sub-0214,36,36
sub-0214,37,37
sub-0214,38,38
sub-0214,39,63
sub-0214,40,79
sub-0214,41,41
sub-0214,42,42
sub-0214,43,43
sub-0214,44,44
sub-0214,45,45
sub-0214,46,46
sub-0214,47,47
sub-0214,48,48
sub-0214,49,49
sub-0214,50,160
sub-0214,51,51
sub-0214,52,200
sub-0214,53,219
sub-0214,54,203
sub-0214,55,55
sub-0214,56,56
sub-0214,57,57
sub-0214,58,58
sub-0214,59,59
sub-0214,60,60
sub-0214,61,63
sub-0214,62,62
sub-0214,63,63
sub-0214,64,64
sub-0214,65,215
sub-0214,66,63
sub-0214,67,168
sub-0214,68,68
sub-0214,69,84
sub-0214,70,70
sub-0214,71,71
sub-0214,72,72
sub-0214,73,73
sub-0214,74,74
sub-0214,75,75
sub-0214,76,82
sub-0214,77,77
sub-0214,78,47
sub-0214,79,79
sub-0214,80,79
sub-0214,81,81
sub-0214,82,82
sub-0214,83,84
sub-0214,84,84
sub-0214,85,85
sub-0214,86,86
sub-0214,87,87
sub-0214,88,88
sub-0214,89,89
sub-0214,90,90
sub-0214,91,91
sub-0214,92,92
sub-0214,93,84
sub-0214,94,94
sub-0214,95,62
sub-0214,96,79
sub-0214,97,97
sub-0214,98,98
sub-0214,99,99
sub-0214,100,100
sub-0214,101,122
sub-0214,102,102
sub-0214,103,103
sub-0214,104,104
sub-0214,105,109
sub-0214,106,106
sub-0214,107,107
sub-0214,108,108
sub-0214,109,109
sub-0214,110,110
sub-0214,111,111
sub-0214,112,112
sub-0214,113,113
sub-0214,114,114
sub-0214,115,115
sub-0214,116,116
sub-0214,117,117
sub-0214,118,118
sub-0214,119,116
sub-0214,120,122
sub-0214,121,121
sub-0214,122,122
sub-0214,123,125
sub-0214,124,124
sub-0214,125,125
sub-0214,126,115
sub-0214,127,127
sub-0214,128,128
sub-0214,129,129
sub-0214,130,130
sub-0214,131,131
sub-0214,132,132
sub-0214,133,133
sub-0214,134,134
sub-0214,135,135
sub-0214,136,215
sub-0214,137,137
sub-0214,138,138
sub-0214,139,139
sub-0214,140,168
sub-0214,141,213
sub-0214,142,213
sub-0214,143,143
sub-0214,144,144
sub-0214,145,145
sub-0214,146,146
sub-0214,147,79
sub-0214,148,12
sub-0214,149,146
sub-0214,150,168
sub-0214,151,151
sub-0214,152,152
sub-0214,153,152
sub-0214,154,154
sub-0214,155,155
sub-0214,156,156
sub-0214,157,157
sub-0214,158,158
sub-0214,159,159
sub-0214,160,79
sub-0214,161,161
sub-0214,162,126
sub-0214,163,168
sub-0214,164,164
sub-0214,165,165
sub-0214,166,166
sub-0214,167,168
sub-0214,168,168
sub-0214,169,168
sub-0214,170,82
sub-0214,171,57
sub-0214,172,168
sub-0214,173,173
sub-0214,174,174
sub-0214,175,175
sub-0214,176,176
sub-0214,177,177
sub-0214,178,178
sub-0214,179,179
sub-0214,180,180
sub-0214,181,183
sub-0214,182,182
sub-0214,183,183
sub-0214,184,184
sub-0214,185,186
sub-0214,186,186
sub-0214,187,47
sub-0214,188,188
sub-0214,189,168
sub-0214,190,190
sub-0214,191,191
sub-0214,192,192
sub-0214,193,193
sub-0214,194,8
sub-0214,195,195
sub-0214,196,196
sub-0214,197,197
sub-0214,198,198
sub-0214,199,183
sub-0214,200,200
sub-0214,201,122
sub-0214,202,218
sub-0214,203,203
sub-0214,204,211
sub-0214,205,207
sub-0214,206,206
sub-0214,207,207
sub-0214,208,79
sub-0214,209,209
sub-0214,210,47
sub-0214,211,60
sub-0214,212,212
sub-0214,213,213
sub-0214,214,214
sub-0214,215,168
sub-0214,216,216
sub-0214,217,200
sub-0214,218,219
sub-0214,219,219
sub-0214,220,220
sub-0214,221,204
sub-0214,222,222
sub-0214,223,223
sub-0214,224,224
sub-0214,225,225
sub-0214,226,218
sub-0214,227,229
sub-0214,228,228
sub-0214,229,229
sub-0214,230,215
sub-0214,231,231
sub-0215,0,0
sub-0215,1,1
sub-0215,2,2
sub-0215,3,3
sub-0215,4,4
sub-0215,5,5
sub-0215,6,6
sub-0215,7,7
sub-0215,8,8
sub-0215,9,9
sub-0215,10,10
sub-0215,11,11
sub-0215,12,12
sub-0215,13,13
sub-0215,14,14
sub-0215,15,15
sub-0215,16,16
sub-0215,17,17
sub-0215,18,18
sub-0215,19,19
sub-0215,20,20
sub-0215,21,21
sub-0215,22,22
sub-0215,23,23
sub-0215,24,24
sub-0215,25,25
sub-0215,26,26
sub-0215,27,203
sub-0215,28,28
sub-0215,29,29
sub-0215,30,30
sub-0215,31,63
sub-0215,32,32
sub-0215,33,33
sub-0215,34,34
sub-0215,35,35
sub-0215,36,36
sub-0215,37,37
sub-0215,38,38
sub-0215,39,43
sub-0215,40,49
sub-0215,41,41
sub-0215,42,42
sub-0215,43,43
sub-0215,44,44
sub-0215,45,45
sub-0215,46,46
sub-0215,47,47
sub-0215,48,48
sub-0215,49,49
sub-0215,50,187
sub-0215,51,51
sub-0215,52,52
sub-0215,53,66
sub-0215,54,200
sub-0215,55,55
sub-0215,56,56
sub-0215,57,57
sub-0215,58,58
sub-0215,59,171
sub-0215,60,60
sub-0215,61,61
sub-0215,62,62
sub-0215,63,63
sub-0215,64,64
sub-0215,65,65
sub-0215,66,66
sub-0215,67,67
sub-0215,68,68
sub-0215,69,69
sub-0215,70,174
sub-0215,71,71
sub-0215,72,72
sub-0215,73,73
sub-0215,74,74
sub-0215,75,66
sub-0215,76,76
sub-0215,77,77
sub-0215,78,78
sub-0215,79,79
sub-0215,80,80
sub-0215,81,81
sub-0215,82,82
sub-0215,83,190
sub-0215,84,200
sub-0215,85,85
sub-0215,86,86
sub-0215,87,87
sub-0215,88,88
sub-0215,89,89
sub-0215,90,90
sub-0215,91,91
sub-0215,92,92
sub-0215,93,93
sub-0215,94,94
sub-0215,95,95
sub-0215,96,96
sub-0215,97,97
sub-0215,98,66
sub-0215,99,99
sub-0215,100,100
sub-0215,101,101
sub-0215,102,102
sub-0215,103,103
sub-0215,104,104
sub-0215,105,105
sub-0215,106,106
sub-0215,107,107
sub-0215,108,108
sub-0215,109,109
sub-0215,110,110
sub-0215,111,111
sub-0215,112,112
sub-0215,113,113
sub-0215,114,114
sub-0215,115,115
sub-0215,116,116
sub-0215,117,117
sub-0215,118,118
sub-0215,119,119
sub-0215,120,120
sub-0215,121,121
sub-0215,122,122
sub-0215,123,123
sub-0215,124,124
sub-0215,125,125
sub-0215,126,126
sub-0215,127,127
sub-0215,128,128
sub-0215,129,129
sub-0215,130,130
sub-0215,131,131
sub-0215,132,132
sub-0215,133,133
sub-0215,134,33
sub-0215,135,135
sub-0215,136,136
sub-0215,137,137
sub-0215,138,138
sub-0215,139,139
sub-0215,140,140
sub-0215,141,141
sub-0215,142,142
sub-0215,143,143
sub-0215,144,144
sub-0215,145,45
sub-0215,146,146
sub-0215,147,147
sub-0215,148,148
sub-0215,149,149
sub-0215,150,150
sub-0215,151,151
sub-0215,152,152
sub-0215,153,153
sub-0215,154,154
sub-0215,155,155
sub-0215,156,156
sub-0215,157,142
sub-0215,158,158
sub-0215,159,159
sub-0215,160,200
sub-0215,161,200
sub-0215,162,162
sub-0215,163,163
sub-0215,164,164
sub-0215,165,165
sub-0215,166,166
sub-0215,167,167
sub-0215,168,168
sub-0215,169,169
sub-0215,170,170
sub-0215,171,171
sub-0215,172,172
sub-0215,173,173
sub-0215,174,175
sub-0215,175,175
sub-0215,176,176
sub-0215,177,177
sub-0215,178,178
sub-0215,179,179
sub-0215,180,180
sub-0215,181,181
sub-0215,182,182
sub-0215,183,183
sub-0215,184,184
sub-0215,185,185
sub-0215,186,186
sub-0215,187,76
sub-0215,188,188
sub-0215,189,189
sub-0215,190,220
sub-0215,191,191
sub-0215,192,192
sub-0215,193,193
sub-0215,194,194
sub-0215,195,195
sub-0215,196,196
sub-0215,197,192
sub-0215,198,198
sub-0215,199,199
sub-0215,200,200
sub-0215,201,201
sub-0215,202,202
sub-0215,203,203
sub-0215,204,204
sub-0215,205,205
sub-0215,206,206
sub-0215,207,207
sub-0215,208,208
sub-0215,209,209
sub-0215,210,13
sub-0215,211,63
sub-0215,212,212
sub-0215,213,213
sub-0215,214,214
sub-0215,215,215
sub-0215,216,216
sub-0215,217,217
sub-0215,218,218
sub-0215,219,219
sub-0215,220,220
sub-0215,221,221
sub-0215,222,222
sub-0215,223,223
sub-0215,224,224
sub-0215,225,225
sub-0215,226,205
sub-0215,227,206
sub-0215,228,228
sub-0215,229,229
sub-0215,230,230
sub-0215,231,231
