true_idx,pred_idx,error_rate,error_type,true_region,pred_region,true_network,pred_network,true_hemisphere,pred_hemisphere
0,8,0.005,cross_network_same_hemi,LH_VisCent_ExStr_2,LH_VisPeri_ExStrInf_3,VisCent,VisPeri,left,left
0,24,0.005,cross_network_same_hemi,LH_VisCent_ExStr_2,LH_SomMotB_Aud_3,VisCent,SomMotB,left,left
0,30,0.01,cross_network_same_hemi,LH_VisCent_ExStr_2,LH_DorsAttnA_ParOcc_1,VisCent,DorsAttnA,left,left
0,99,0.005,cross_network_same_hemi,LH_VisCent_ExStr_2,LH_TempPar_2,VisCent,TempPar,left,left
0,111,0.005,cross_hemi_diff_network,LH_VisCent_ExStr_2,RH_VisPeri_ExStrSup_3,VisCent,VisPeri,left,right
0,118,0.005,cross_hemi_diff_network,LH_VisCent_ExStr_2,RH_SomMotA_7,VisCent,SomMotA,left,right
0,131,0.005,cross_hemi_diff_network,LH_VisCent_ExStr_2,RH_DorsAttnA_ParOcc_1,VisCent,DorsAttnA,left,right
0,142,0.005,cross_hemi_diff_network,LH_VisCent_ExStr_2,RH_SalVentAttnA_PrC_1,VisCent,SalVentAttnA,left,right
0,195,0.005,cross_hemi_diff_network,LH_VisCent_ExStr_2,RH_DefaultC_PHC_1,VisCent,DefaultC,left,right
0,202,0.005,cross_hemi_diff_network,LH_VisCent_ExStr_2,lAMY-rh,VisCent,Amygdala_lat,left,right
0,209,0.005,cross_hemi_diff_network,LH_VisCent_ExStr_2,NAc-core-rh,VisCent,Accumbens_core,left,right
0,210,0.015,cross_hemi_diff_network,LH_VisCent_ExStr_2,pGP-rh,VisCent,Pallidum_post,left,right
0,211,0.015,cross_hemi_diff_network,LH_VisCent_ExStr_2,aGP-rh,VisCent,Pallidum_ant,left,right
0,224,0.005,cross_network_same_hemi,LH_VisCent_ExStr_2,NAc-shell-lh,VisCent,Accumbens_shell,left,left
0,226,0.005,cross_network_same_hemi,LH_VisCent_ExStr_2,pGP-lh,VisCent,Pallidum_post,left,left
0,227,0.005,cross_network_same_hemi,LH_VisCent_ExStr_2,aGP-lh,VisCent,Pallidum_ant,left,left
1,56,0.005,cross_network_same_hemi,LH_VisCent_ExStr_1,LH_ContA_Temp_1,VisCent,ContA,left,left
1,103,0.005,within_network,LH_VisCent_ExStr_1,RH_VisCent_ExStr_3,VisCent,VisCent,left,right
1,195,0.005,cross_hemi_diff_network,LH_VisCent_ExStr_1,RH_DefaultC_PHC_1,VisCent,DefaultC,left,right
1,204,0.005,cross_hemi_diff_network,LH_VisCent_ExStr_1,THA-DP-rh,VisCent,Thalamus_DP,left,right
1,226,0.005,cross_network_same_hemi,LH_VisCent_ExStr_1,pGP-lh,VisCent,Pallidum_post,left,left
2,6,0.005,cross_network_same_hemi,LH_VisCent_Striate_1,LH_VisPeri_ExStrInf_1,VisCent,VisPeri,left,left
2,162,0.005,cross_hemi_diff_network,LH_VisCent_Striate_1,RH_LimbicA_TempPole_3,VisCent,LimbicA,left,right
2,206,0.005,cross_hemi_diff_network,LH_VisCent_Striate_1,THA-VA-rh,VisCent,Thalamus_VA,left,right
2,208,0.005,cross_hemi_diff_network,LH_VisCent_Striate_1,NAc-shell-rh,VisCent,Accumbens_shell,left,right
3,6,0.005,cross_network_same_hemi,LH_VisCent_ExStr_3,LH_VisPeri_ExStrInf_1,VisCent,VisPeri,left,left
3,8,0.005,cross_network_same_hemi,LH_VisCent_ExStr_3,LH_VisPeri_ExStrInf_3,VisCent,VisPeri,left,left
3,31,0.005,cross_network_same_hemi,LH_VisCent_ExStr_3,LH_DorsAttnA_SPL_1,VisCent,DorsAttnA,left,left
3,103,0.005,within_network,LH_VisCent_ExStr_3,RH_VisCent_ExStr_3,VisCent,VisCent,left,right
3,106,0.005,cross_hemi_diff_network,LH_VisCent_ExStr_3,RH_VisPeri_ExStrInf_1,VisCent,VisPeri,left,right
3,109,0.005,cross_hemi_diff_network,LH_VisCent_ExStr_3,RH_VisPeri_ExStrSup_1,VisCent,VisPeri,left,right
3,124,0.005,cross_hemi_diff_network,LH_VisCent_ExStr_3,RH_SomMotB_Aud_2,VisCent,SomMotB,left,right
3,143,0.005,cross_hemi_diff_network,LH_VisCent_ExStr_3,RH_SalVentAttnA_Ins_1,VisCent,SalVentAttnA,left,right
3,209,0.005,cross_hemi_diff_network,LH_VisCent_ExStr_3,NAc-core-rh,VisCent,Accumbens_core,left,right
3,210,0.01,cross_hemi_diff_network,LH_VisCent_ExStr_3,pGP-rh,VisCent,Pallidum_post,left,right
3,211,0.005,cross_hemi_diff_network,LH_VisCent_ExStr_3,aGP-rh,VisCent,Pallidum_ant,left,right
4,0,0.005,within_network,LH_VisCent_ExStr_4,LH_VisCent_ExStr_2,VisCent,VisCent,left,left
4,102,0.005,within_network,LH_VisCent_ExStr_4,RH_VisCent_Striate_1,VisCent,VisCent,left,right
4,131,0.005,cross_hemi_diff_network,LH_VisCent_ExStr_4,RH_DorsAttnA_ParOcc_1,VisCent,DorsAttnA,left,right
4,226,0.005,cross_network_same_hemi,LH_VisCent_ExStr_4,pGP-lh,VisCent,Pallidum_post,left,left
5,7,0.005,cross_network_same_hemi,LH_VisCent_ExStr_5,LH_VisPeri_ExStrInf_2,VisCent,VisPeri,left,left
5,31,0.005,cross_network_same_hemi,LH_VisCent_ExStr_5,LH_DorsAttnA_SPL_1,VisCent,DorsAttnA,left,left
6,30,0.005,cross_network_same_hemi,LH_VisPeri_ExStrInf_1,LH_DorsAttnA_ParOcc_1,VisPeri,DorsAttnA,left,left
6,59,0.005,cross_network_same_hemi,LH_VisPeri_ExStrInf_1,LH_ContA_IPS_3,VisPeri,ContA,left,left
6,64,0.005,cross_network_same_hemi,LH_VisPeri_ExStrInf_1,LH_ContA_PFCl_3,VisPeri,ContA,left,left
6,162,0.005,cross_hemi_diff_network,LH_VisPeri_ExStrInf_1,RH_LimbicA_TempPole_3,VisPeri,LimbicA,left,right
6,201,0.005,cross_hemi_diff_network,LH_VisPeri_ExStrInf_1,pHIP-rh,VisPeri,Hippocampus_post,left,right
6,203,0.01,cross_hemi_diff_network,LH_VisPeri_ExStrInf_1,mAMY-rh,VisPeri,Amygdala_med,left,right
6,204,0.015,cross_hemi_diff_network,LH_VisPeri_ExStrInf_1,THA-DP-rh,VisPeri,Thalamus_DP,left,right
6,220,0.005,cross_network_same_hemi,LH_VisPeri_ExStrInf_1,THA-DP-lh,VisPeri,Thalamus_DP,left,left
7,8,0.005,within_network,LH_VisPeri_ExStrInf_2,LH_VisPeri_ExStrInf_3,VisPeri,VisPeri,left,left
7,50,0.005,cross_network_same_hemi,LH_VisPeri_ExStrInf_2,LH_LimbicB_OFC_1,VisPeri,LimbicB,left,left
7,112,0.005,cross_hemi_diff_network,LH_VisPeri_ExStrInf_2,RH_SomMotA_1,VisPeri,SomMotA,left,right
7,120,0.005,cross_hemi_diff_network,LH_VisPeri_ExStrInf_2,RH_SomMotA_9,VisPeri,SomMotA,left,right
7,202,0.005,cross_hemi_diff_network,LH_VisPeri_ExStrInf_2,lAMY-rh,VisPeri,Amygdala_lat,left,right
7,204,0.01,cross_hemi_diff_network,LH_VisPeri_ExStrInf_2,THA-DP-rh,VisPeri,Thalamus_DP,left,right
7,207,0.005,cross_hemi_diff_network,LH_VisPeri_ExStrInf_2,THA-DA-rh,VisPeri,Thalamus_DA,left,right
7,210,0.015,cross_hemi_diff_network,LH_VisPeri_ExStrInf_2,pGP-rh,VisPeri,Pallidum_post,left,right
7,211,0.015,cross_hemi_diff_network,LH_VisPeri_ExStrInf_2,aGP-rh,VisPeri,Pallidum_ant,left,right
8,2,0.005,cross_network_same_hemi,LH_VisPeri_ExStrInf_3,LH_VisCent_Striate_1,VisPeri,VisCent,left,left
8,10,0.005,within_network,LH_VisPeri_ExStrInf_3,LH_VisPeri_ExStrSup_1,VisPeri,VisPeri,left,left
8,28,0.005,cross_network_same_hemi,LH_VisPeri_ExStrInf_3,LH_DorsAttnA_TempOcc_1,VisPeri,DorsAttnA,left,left
8,30,0.005,cross_network_same_hemi,LH_VisPeri_ExStrInf_3,LH_DorsAttnA_ParOcc_1,VisPeri,DorsAttnA,left,left
8,52,0.01,cross_network_same_hemi,LH_VisPeri_ExStrInf_3,LH_LimbicA_TempPole_1,VisPeri,LimbicA,left,left
8,55,0.005,cross_network_same_hemi,LH_VisPeri_ExStrInf_3,LH_LimbicA_TempPole_4,VisPeri,LimbicA,left,left
8,56,0.005,cross_network_same_hemi,LH_VisPeri_ExStrInf_3,LH_ContA_Temp_1,VisPeri,ContA,left,left
8,66,0.005,cross_network_same_hemi,LH_VisPeri_ExStrInf_3,LH_ContB_Temp_1,VisPeri,ContB,left,left
8,70,0.005,cross_network_same_hemi,LH_VisPeri_ExStrInf_3,LH_ContB_PFClv_2,VisPeri,ContB,left,left
8,83,0.005,cross_network_same_hemi,LH_VisPeri_ExStrInf_3,LH_DefaultB_Temp_2,VisPeri,DefaultB,left,left
8,93,0.005,cross_network_same_hemi,LH_VisPeri_ExStrInf_3,LH_DefaultB_PFCv_3,VisPeri,DefaultB,left,left
8,109,0.005,within_network,LH_VisPeri_ExStrInf_3,RH_VisPeri_ExStrSup_1,VisPeri,VisPeri,left,right
8,144,0.005,cross_hemi_diff_network,LH_VisPeri_ExStrInf_3,RH_SalVentAttnA_Ins_2,VisPeri,SalVentAttnA,left,right
8,148,0.005,cross_hemi_diff_network,LH_VisPeri_ExStrInf_3,RH_SalVentAttnA_ParMed_2,VisPeri,SalVentAttnA,left,right
8,160,0.005,cross_hemi_diff_network,LH_VisPeri_ExStrInf_3,RH_LimbicA_TempPole_1,VisPeri,LimbicA,left,right
8,161,0.005,cross_hemi_diff_network,LH_VisPeri_ExStrInf_3,RH_LimbicA_TempPole_2,VisPeri,LimbicA,left,right
8,162,0.015,cross_hemi_diff_network,LH_VisPeri_ExStrInf_3,RH_LimbicA_TempPole_3,VisPeri,LimbicA,left,right
8,184,0.005,cross_hemi_diff_network,LH_VisPeri_ExStrInf_3,RH_DefaultA_PFCd_1,VisPeri,DefaultA,left,right
8,187,0.01,cross_hemi_diff_network,LH_VisPeri_ExStrInf_3,RH_DefaultA_PFCm_2,VisPeri,DefaultA,left,right
8,195,0.005,cross_hemi_diff_network,LH_VisPeri_ExStrInf_3,RH_DefaultC_PHC_1,VisPeri,DefaultC,left,right
8,201,0.02,cross_hemi_diff_network,LH_VisPeri_ExStrInf_3,pHIP-rh,VisPeri,Hippocampus_post,left,right
8,203,0.005,cross_hemi_diff_network,LH_VisPeri_ExStrInf_3,mAMY-rh,VisPeri,Amygdala_med,left,right
8,204,0.02,cross_hemi_diff_network,LH_VisPeri_ExStrInf_3,THA-DP-rh,VisPeri,Thalamus_DP,left,right
8,205,0.005,cross_hemi_diff_network,LH_VisPeri_ExStrInf_3,THA-VP-rh,VisPeri,Thalamus_VP,left,right
8,210,0.025,cross_hemi_diff_network,LH_VisPeri_ExStrInf_3,pGP-rh,VisPeri,Pallidum_post,left,right
8,218,0.005,cross_network_same_hemi,LH_VisPeri_ExStrInf_3,lAMY-lh,VisPeri,Amygdala_lat,left,left
8,220,0.005,cross_network_same_hemi,LH_VisPeri_ExStrInf_3,THA-DP-lh,VisPeri,Thalamus_DP,left,left
8,224,0.005,cross_network_same_hemi,LH_VisPeri_ExStrInf_3,NAc-shell-lh,VisPeri,Accumbens_shell,left,left
8,226,0.005,cross_network_same_hemi,LH_VisPeri_ExStrInf_3,pGP-lh,VisPeri,Pallidum_post,left,left
8,227,0.005,cross_network_same_hemi,LH_VisPeri_ExStrInf_3,aGP-lh,VisPeri,Pallidum_ant,left,left
8,231,0.005,cross_network_same_hemi,LH_VisPeri_ExStrInf_3,pCAU-lh,VisPeri,Caudate_post,left,left
9,8,0.01,within_network,LH_VisPeri_StriCal_1,LH_VisPeri_ExStrInf_3,VisPeri,VisPeri,left,left
9,111,0.005,within_network,LH_VisPeri_StriCal_1,RH_VisPeri_ExStrSup_3,VisPeri,VisPeri,left,right
10,8,0.015,within_network,LH_VisPeri_ExStrSup_1,LH_VisPeri_ExStrInf_3,VisPeri,VisPeri,left,left
10,107,0.005,within_network,LH_VisPeri_ExStrSup_1,RH_VisPeri_ExStrInf_2,VisPeri,VisPeri,left,right
10,111,0.005,within_network,LH_VisPeri_ExStrSup_1,RH_VisPeri_ExStrSup_3,VisPeri,VisPeri,left,right
10,201,0.005,cross_hemi_diff_network,LH_VisPeri_ExStrSup_1,pHIP-rh,VisPeri,Hippocampus_post,left,right
10,204,0.005,cross_hemi_diff_network,LH_VisPeri_ExStrSup_1,THA-DP-rh,VisPeri,Thalamus_DP,left,right
10,210,0.005,cross_hemi_diff_network,LH_VisPeri_ExStrSup_1,pGP-rh,VisPeri,Pallidum_post,left,right
10,220,0.005,cross_network_same_hemi,LH_VisPeri_ExStrSup_1,THA-DP-lh,VisPeri,Thalamus_DP,left,left
10,227,0.005,cross_network_same_hemi,LH_VisPeri_ExStrSup_1,aGP-lh,VisPeri,Pallidum_ant,left,left
11,6,0.005,within_network,LH_VisPeri_ExStrSup_2,LH_VisPeri_ExStrInf_1,VisPeri,VisPeri,left,left
11,204,0.005,cross_hemi_diff_network,LH_VisPeri_ExStrSup_2,THA-DP-rh,VisPeri,Thalamus_DP,left,right
12,55,0.005,cross_network_same_hemi,LH_SomMotA_1,LH_LimbicA_TempPole_4,SomMotA,LimbicA,left,left
12,97,0.005,cross_network_same_hemi,LH_SomMotA_1,LH_DefaultC_PHC_1,SomMotA,DefaultC,left,left
12,137,0.005,cross_hemi_diff_network,LH_SomMotA_1,RH_DorsAttnB_PostC_2,SomMotA,DorsAttnB,left,right
12,142,0.005,cross_hemi_diff_network,LH_SomMotA_1,RH_SalVentAttnA_PrC_1,SomMotA,SalVentAttnA,left,right
12,148,0.005,cross_hemi_diff_network,LH_SomMotA_1,RH_SalVentAttnA_ParMed_2,SomMotA,SalVentAttnA,left,right
12,202,0.005,cross_hemi_diff_network,LH_SomMotA_1,lAMY-rh,SomMotA,Amygdala_lat,left,right
12,205,0.005,cross_hemi_diff_network,LH_SomMotA_1,THA-VP-rh,SomMotA,Thalamus_VP,left,right
12,210,0.015,cross_hemi_diff_network,LH_SomMotA_1,pGP-rh,SomMotA,Pallidum_post,left,right
12,225,0.005,cross_network_same_hemi,LH_SomMotA_1,NAc-core-lh,SomMotA,Accumbens_core,left,left
12,226,0.01,cross_network_same_hemi,LH_SomMotA_1,pGP-lh,SomMotA,Pallidum_post,left,left
13,7,0.005,cross_network_same_hemi,LH_SomMotA_2,LH_VisPeri_ExStrInf_2,SomMotA,VisPeri,left,left
13,17,0.005,within_network,LH_SomMotA_2,LH_SomMotA_6,SomMotA,SomMotA,left,left
13,55,0.005,cross_network_same_hemi,LH_SomMotA_2,LH_LimbicA_TempPole_4,SomMotA,LimbicA,left,left
13,64,0.005,cross_network_same_hemi,LH_SomMotA_2,LH_ContA_PFCl_3,SomMotA,ContA,left,left
13,139,0.005,cross_hemi_diff_network,LH_SomMotA_2,RH_DorsAttnB_PostC_4,SomMotA,DorsAttnB,left,right
13,162,0.005,cross_hemi_diff_network,LH_SomMotA_2,RH_LimbicA_TempPole_3,SomMotA,LimbicA,left,right
13,204,0.005,cross_hemi_diff_network,LH_SomMotA_2,THA-DP-rh,SomMotA,Thalamus_DP,left,right
13,208,0.005,cross_hemi_diff_network,LH_SomMotA_2,NAc-shell-rh,SomMotA,Accumbens_shell,left,right
13,227,0.005,cross_network_same_hemi,LH_SomMotA_2,aGP-lh,SomMotA,Pallidum_ant,left,left
14,8,0.005,cross_network_same_hemi,LH_SomMotA_3,LH_VisPeri_ExStrInf_3,SomMotA,VisPeri,left,left
14,16,0.005,within_network,LH_SomMotA_3,LH_SomMotA_5,SomMotA,SomMotA,left,left
14,17,0.01,within_network,LH_SomMotA_3,LH_SomMotA_6,SomMotA,SomMotA,left,left
14,24,0.005,cross_network_same_hemi,LH_SomMotA_3,LH_SomMotB_Aud_3,SomMotA,SomMotB,left,left
14,27,0.01,cross_network_same_hemi,LH_SomMotA_3,LH_SomMotB_Cent_2,SomMotA,SomMotB,left,left
14,31,0.005,cross_network_same_hemi,LH_SomMotA_3,LH_DorsAttnA_SPL_1,SomMotA,DorsAttnA,left,left
14,37,0.005,cross_network_same_hemi,LH_SomMotA_3,LH_DorsAttnB_PostC_4,SomMotA,DorsAttnB,left,left
14,38,0.01,cross_network_same_hemi,LH_SomMotA_3,LH_DorsAttnB_FEF_1,SomMotA,DorsAttnB,left,left
14,64,0.005,cross_network_same_hemi,LH_SomMotA_3,LH_ContA_PFCl_3,SomMotA,ContA,left,left
14,114,0.005,within_network,LH_SomMotA_3,RH_SomMotA_3,SomMotA,SomMotA,left,right
14,147,0.005,cross_hemi_diff_network,LH_SomMotA_3,RH_SalVentAttnA_ParMed_1,SomMotA,SalVentAttnA,left,right
14,226,0.01,cross_network_same_hemi,LH_SomMotA_3,pGP-lh,SomMotA,Pallidum_post,left,left
14,227,0.005,cross_network_same_hemi,LH_SomMotA_3,aGP-lh,SomMotA,Pallidum_ant,left,left
14,228,0.005,cross_network_same_hemi,LH_SomMotA_3,aPUT-lh,SomMotA,Putamen_ant,left,left
15,55,0.005,cross_network_same_hemi,LH_SomMotA_4,LH_LimbicA_TempPole_4,SomMotA,LimbicA,left,left
15,210,0.005,cross_hemi_diff_network,LH_SomMotA_4,pGP-rh,SomMotA,Pallidum_post,left,right
16,19,0.005,within_network,LH_SomMotA_5,LH_SomMotA_8,SomMotA,SomMotA,left,left
16,99,0.005,cross_network_same_hemi,LH_SomMotA_5,LH_TempPar_2,SomMotA,TempPar,left,left
16,120,0.005,within_network,LH_SomMotA_5,RH_SomMotA_9,SomMotA,SomMotA,left,right
16,143,0.005,cross_hemi_diff_network,LH_SomMotA_5,RH_SalVentAttnA_Ins_1,SomMotA,SalVentAttnA,left,right
16,202,0.005,cross_hemi_diff_network,LH_SomMotA_5,lAMY-rh,SomMotA,Amygdala_lat,left,right
16,207,0.005,cross_hemi_diff_network,LH_SomMotA_5,THA-DA-rh,SomMotA,Thalamus_DA,left,right
16,226,0.005,cross_network_same_hemi,LH_SomMotA_5,pGP-lh,SomMotA,Pallidum_post,left,left
17,27,0.005,cross_network_same_hemi,LH_SomMotA_6,LH_SomMotB_Cent_2,SomMotA,SomMotB,left,left
17,38,0.005,cross_network_same_hemi,LH_SomMotA_6,LH_DorsAttnB_FEF_1,SomMotA,DorsAttnB,left,left
17,59,0.005,cross_network_same_hemi,LH_SomMotA_6,LH_ContA_IPS_3,SomMotA,ContA,left,left
17,66,0.005,cross_network_same_hemi,LH_SomMotA_6,LH_ContB_Temp_1,SomMotA,ContB,left,left
17,113,0.005,within_network,LH_SomMotA_6,RH_SomMotA_2,SomMotA,SomMotA,left,right
17,118,0.01,within_network,LH_SomMotA_6,RH_SomMotA_7,SomMotA,SomMotA,left,right
18,119,0.005,within_network,LH_SomMotA_7,RH_SomMotA_8,SomMotA,SomMotA,left,right
18,147,0.005,cross_hemi_diff_network,LH_SomMotA_7,RH_SalVentAttnA_ParMed_1,SomMotA,SalVentAttnA,left,right
19,55,0.005,cross_network_same_hemi,LH_SomMotA_8,LH_LimbicA_TempPole_4,SomMotA,LimbicA,left,left
19,65,0.005,cross_network_same_hemi,LH_SomMotA_8,LH_ContA_Cingm_1,SomMotA,ContA,left,left
19,118,0.01,within_network,LH_SomMotA_8,RH_SomMotA_7,SomMotA,SomMotA,left,right
19,120,0.01,within_network,LH_SomMotA_8,RH_SomMotA_9,SomMotA,SomMotA,left,right
19,204,0.005,cross_hemi_diff_network,LH_SomMotA_8,THA-DP-rh,SomMotA,Thalamus_DP,left,right
19,217,0.005,cross_network_same_hemi,LH_SomMotA_8,pHIP-lh,SomMotA,Hippocampus_post,left,left
19,219,0.005,cross_network_same_hemi,LH_SomMotA_8,mAMY-lh,SomMotA,Amygdala_med,left,left
20,16,0.005,cross_network_same_hemi,LH_SomMotB_Aud_1,LH_SomMotA_5,SomMotB,SomMotA,left,left
20,22,0.01,within_network,LH_SomMotB_Aud_1,LH_SomMotB_S2_1,SomMotB,SomMotB,left,left
20,24,0.005,within_network,LH_SomMotB_Aud_1,LH_SomMotB_Aud_3,SomMotB,SomMotB,left,left
20,43,0.005,cross_network_same_hemi,LH_SomMotB_Aud_1,LH_SalVentAttnA_ParMed_1,SomMotB,SalVentAttnA,left,left
20,50,0.005,cross_network_same_hemi,LH_SomMotB_Aud_1,LH_LimbicB_OFC_1,SomMotB,LimbicB,left,left
20,53,0.005,cross_network_same_hemi,LH_SomMotB_Aud_1,LH_LimbicA_TempPole_2,SomMotB,LimbicA,left,left
20,55,0.005,cross_network_same_hemi,LH_SomMotB_Aud_1,LH_LimbicA_TempPole_4,SomMotB,LimbicA,left,left
20,92,0.01,cross_network_same_hemi,LH_SomMotB_Aud_1,LH_DefaultB_PFCv_2,SomMotB,DefaultB,left,left
20,126,0.005,within_network,LH_SomMotB_Aud_1,RH_SomMotB_S2_2,SomMotB,SomMotB,left,right
20,143,0.005,cross_hemi_diff_network,LH_SomMotB_Aud_1,RH_SalVentAttnA_Ins_1,SomMotB,SalVentAttnA,left,right
20,149,0.005,cross_hemi_diff_network,LH_SomMotB_Aud_1,RH_SalVentAttnA_FrMed_2,SomMotB,SalVentAttnA,left,right
20,163,0.005,cross_hemi_diff_network,LH_SomMotB_Aud_1,RH_LimbicA_TempPole_4,SomMotB,LimbicA,left,right
20,187,0.005,cross_hemi_diff_network,LH_SomMotB_Aud_1,RH_DefaultA_PFCm_2,SomMotB,DefaultA,left,right
20,197,0.005,cross_hemi_diff_network,LH_SomMotB_Aud_1,RH_TempPar_2,SomMotB,TempPar,left,right
20,202,0.005,cross_hemi_diff_network,LH_SomMotB_Aud_1,lAMY-rh,SomMotB,Amygdala_lat,left,right
20,204,0.01,cross_hemi_diff_network,LH_SomMotB_Aud_1,THA-DP-rh,SomMotB,Thalamus_DP,left,right
20,207,0.005,cross_hemi_diff_network,LH_SomMotB_Aud_1,THA-DA-rh,SomMotB,Thalamus_DA,left,right
20,210,0.02,cross_hemi_diff_network,LH_SomMotB_Aud_1,pGP-rh,SomMotB,Pallidum_post,left,right
20,211,0.01,cross_hemi_diff_network,LH_SomMotB_Aud_1,aGP-rh,SomMotB,Pallidum_ant,left,right
20,217,0.01,cross_network_same_hemi,LH_SomMotB_Aud_1,pHIP-lh,SomMotB,Hippocampus_post,left,left
20,225,0.005,cross_network_same_hemi,LH_SomMotB_Aud_1,NAc-core-lh,SomMotB,Accumbens_core,left,left
20,226,0.005,cross_network_same_hemi,LH_SomMotB_Aud_1,pGP-lh,SomMotB,Pallidum_post,left,left
21,99,0.005,cross_network_same_hemi,LH_SomMotB_Aud_2,LH_TempPar_2,SomMotB,TempPar,left,left
21,125,0.005,within_network,LH_SomMotB_Aud_2,RH_SomMotB_S2_1,SomMotB,SomMotB,left,right
21,126,0.005,within_network,LH_SomMotB_Aud_2,RH_SomMotB_S2_2,SomMotB,SomMotB,left,right
21,143,0.005,cross_hemi_diff_network,LH_SomMotB_Aud_2,RH_SalVentAttnA_Ins_1,SomMotB,SalVentAttnA,left,right
21,144,0.005,cross_hemi_diff_network,LH_SomMotB_Aud_2,RH_SalVentAttnA_Ins_2,SomMotB,SalVentAttnA,left,right
21,147,0.005,cross_hemi_diff_network,LH_SomMotB_Aud_2,RH_SalVentAttnA_ParMed_1,SomMotB,SalVentAttnA,left,right
21,169,0.005,cross_hemi_diff_network,LH_SomMotB_Aud_2,RH_ContA_Cingm_1,SomMotB,ContA,left,right
21,197,0.005,cross_hemi_diff_network,LH_SomMotB_Aud_2,RH_TempPar_2,SomMotB,TempPar,left,right
21,199,0.005,cross_hemi_diff_network,LH_SomMotB_Aud_2,RH_TempPar_4,SomMotB,TempPar,left,right
21,210,0.005,cross_hemi_diff_network,LH_SomMotB_Aud_2,pGP-rh,SomMotB,Pallidum_post,left,right
21,211,0.005,cross_hemi_diff_network,LH_SomMotB_Aud_2,aGP-rh,SomMotB,Pallidum_ant,left,right
21,219,0.005,cross_network_same_hemi,LH_SomMotB_Aud_2,mAMY-lh,SomMotB,Amygdala_med,left,left
21,226,0.01,cross_network_same_hemi,LH_SomMotB_Aud_2,pGP-lh,SomMotB,Pallidum_post,left,left
22,20,0.005,within_network,LH_SomMotB_S2_1,LH_SomMotB_Aud_1,SomMotB,SomMotB,left,left
22,24,0.01,within_network,LH_SomMotB_S2_1,LH_SomMotB_Aud_3,SomMotB,SomMotB,left,left
22,40,0.01,cross_network_same_hemi,LH_SomMotB_S2_1,LH_SalVentAttnA_Ins_1,SomMotB,SalVentAttnA,left,left
22,55,0.005,cross_network_same_hemi,LH_SomMotB_S2_1,LH_LimbicA_TempPole_4,SomMotB,LimbicA,left,left
22,60,0.005,cross_network_same_hemi,LH_SomMotB_S2_1,LH_ContA_PFCd_1,SomMotB,ContA,left,left
22,111,0.005,cross_hemi_diff_network,LH_SomMotB_S2_1,RH_VisPeri_ExStrSup_3,SomMotB,VisPeri,left,right
22,118,0.005,cross_hemi_diff_network,LH_SomMotB_S2_1,RH_SomMotA_7,SomMotB,SomMotA,left,right
22,123,0.005,within_network,LH_SomMotB_S2_1,RH_SomMotB_Aud_1,SomMotB,SomMotB,left,right
22,124,0.01,within_network,LH_SomMotB_S2_1,RH_SomMotB_Aud_2,SomMotB,SomMotB,left,right
22,140,0.005,cross_hemi_diff_network,LH_SomMotB_S2_1,RH_DorsAttnB_FEF_1,SomMotB,DorsAttnB,left,right
22,142,0.005,cross_hemi_diff_network,LH_SomMotB_S2_1,RH_SalVentAttnA_PrC_1,SomMotB,SalVentAttnA,left,right
22,144,0.01,cross_hemi_diff_network,LH_SomMotB_S2_1,RH_SalVentAttnA_Ins_2,SomMotB,SalVentAttnA,left,right
22,162,0.005,cross_hemi_diff_network,LH_SomMotB_S2_1,RH_LimbicA_TempPole_3,SomMotB,LimbicA,left,right
22,187,0.005,cross_hemi_diff_network,LH_SomMotB_S2_1,RH_DefaultA_PFCm_2,SomMotB,DefaultA,left,right
22,199,0.005,cross_hemi_diff_network,LH_SomMotB_S2_1,RH_TempPar_4,SomMotB,TempPar,left,right
22,204,0.01,cross_hemi_diff_network,LH_SomMotB_S2_1,THA-DP-rh,SomMotB,Thalamus_DP,left,right
22,205,0.02,cross_hemi_diff_network,LH_SomMotB_S2_1,THA-VP-rh,SomMotB,Thalamus_VP,left,right
22,210,0.005,cross_hemi_diff_network,LH_SomMotB_S2_1,pGP-rh,SomMotB,Pallidum_post,left,right
22,211,0.015,cross_hemi_diff_network,LH_SomMotB_S2_1,aGP-rh,SomMotB,Pallidum_ant,left,right
22,216,0.005,cross_network_same_hemi,LH_SomMotB_S2_1,aHIP-lh,SomMotB,Hippocampus_ant,left,left
22,220,0.025,cross_network_same_hemi,LH_SomMotB_S2_1,THA-DP-lh,SomMotB,Thalamus_DP,left,left
22,222,0.005,cross_network_same_hemi,LH_SomMotB_S2_1,THA-VA-lh,SomMotB,Thalamus_VA,left,left
22,226,0.01,cross_network_same_hemi,LH_SomMotB_S2_1,pGP-lh,SomMotB,Pallidum_post,left,left
23,8,0.005,cross_network_same_hemi,LH_SomMotB_S2_2,LH_VisPeri_ExStrInf_3,SomMotB,VisPeri,left,left
23,24,0.005,within_network,LH_SomMotB_S2_2,LH_SomMotB_Aud_3,SomMotB,SomMotB,left,left
23,39,0.005,cross_network_same_hemi,LH_SomMotB_S2_2,LH_SalVentAttnA_ParOper_1,SomMotB,SalVentAttnA,left,left
23,143,0.005,cross_hemi_diff_network,LH_SomMotB_S2_2,RH_SalVentAttnA_Ins_1,SomMotB,SalVentAttnA,left,right
23,144,0.005,cross_hemi_diff_network,LH_SomMotB_S2_2,RH_SalVentAttnA_Ins_2,SomMotB,SalVentAttnA,left,right
23,156,0.005,cross_hemi_diff_network,LH_SomMotB_S2_2,RH_LimbicB_OFC_1,SomMotB,LimbicB,left,right
23,205,0.005,cross_hemi_diff_network,LH_SomMotB_S2_2,THA-VP-rh,SomMotB,Thalamus_VP,left,right
23,210,0.015,cross_hemi_diff_network,LH_SomMotB_S2_2,pGP-rh,SomMotB,Pallidum_post,left,right
23,216,0.005,cross_network_same_hemi,LH_SomMotB_S2_2,aHIP-lh,SomMotB,Hippocampus_ant,left,left
23,221,0.005,cross_network_same_hemi,LH_SomMotB_S2_2,THA-VP-lh,SomMotB,Thalamus_VP,left,left
23,226,0.005,cross_network_same_hemi,LH_SomMotB_S2_2,pGP-lh,SomMotB,Pallidum_post,left,left
24,20,0.01,within_network,LH_SomMotB_Aud_3,LH_SomMotB_Aud_1,SomMotB,SomMotB,left,left
24,41,0.005,cross_network_same_hemi,LH_SomMotB_Aud_3,LH_SalVentAttnA_FrOper_1,SomMotB,SalVentAttnA,left,left
24,53,0.005,cross_network_same_hemi,LH_SomMotB_Aud_3,LH_LimbicA_TempPole_2,SomMotB,LimbicA,left,left
24,55,0.005,cross_network_same_hemi,LH_SomMotB_Aud_3,LH_LimbicA_TempPole_4,SomMotB,LimbicA,left,left
24,59,0.005,cross_network_same_hemi,LH_SomMotB_Aud_3,LH_ContA_IPS_3,SomMotB,ContA,left,left
24,84,0.01,cross_network_same_hemi,LH_SomMotB_Aud_3,LH_DefaultB_Temp_3,SomMotB,DefaultB,left,left
24,98,0.005,cross_network_same_hemi,LH_SomMotB_Aud_3,LH_TempPar_1,SomMotB,TempPar,left,left
24,99,0.025,cross_network_same_hemi,LH_SomMotB_Aud_3,LH_TempPar_2,SomMotB,TempPar,left,left
24,119,0.005,cross_hemi_diff_network,LH_SomMotB_Aud_3,RH_SomMotA_8,SomMotB,SomMotA,left,right
24,138,0.005,cross_hemi_diff_network,LH_SomMotB_Aud_3,RH_DorsAttnB_PostC_3,SomMotB,DorsAttnB,left,right
24,143,0.015,cross_hemi_diff_network,LH_SomMotB_Aud_3,RH_SalVentAttnA_Ins_1,SomMotB,SalVentAttnA,left,right
24,144,0.005,cross_hemi_diff_network,LH_SomMotB_Aud_3,RH_SalVentAttnA_Ins_2,SomMotB,SalVentAttnA,left,right
24,146,0.005,cross_hemi_diff_network,LH_SomMotB_Aud_3,RH_SalVentAttnA_FrMed_1,SomMotB,SalVentAttnA,left,right
24,147,0.015,cross_hemi_diff_network,LH_SomMotB_Aud_3,RH_SalVentAttnA_ParMed_1,SomMotB,SalVentAttnA,left,right
24,156,0.005,cross_hemi_diff_network,LH_SomMotB_Aud_3,RH_LimbicB_OFC_1,SomMotB,LimbicB,left,right
24,169,0.005,cross_hemi_diff_network,LH_SomMotB_Aud_3,RH_ContA_Cingm_1,SomMotB,ContA,left,right
24,183,0.005,cross_hemi_diff_network,LH_SomMotB_Aud_3,RH_DefaultA_IPL_1,SomMotB,DefaultA,left,right
24,187,0.005,cross_hemi_diff_network,LH_SomMotB_Aud_3,RH_DefaultA_PFCm_2,SomMotB,DefaultA,left,right
24,189,0.005,cross_hemi_diff_network,LH_SomMotB_Aud_3,RH_DefaultB_Temp_1,SomMotB,DefaultB,left,right
24,197,0.005,cross_hemi_diff_network,LH_SomMotB_Aud_3,RH_TempPar_2,SomMotB,TempPar,left,right
24,198,0.01,cross_hemi_diff_network,LH_SomMotB_Aud_3,RH_TempPar_3,SomMotB,TempPar,left,right
24,203,0.005,cross_hemi_diff_network,LH_SomMotB_Aud_3,mAMY-rh,SomMotB,Amygdala_med,left,right
24,204,0.005,cross_hemi_diff_network,LH_SomMotB_Aud_3,THA-DP-rh,SomMotB,Thalamus_DP,left,right
24,210,0.01,cross_hemi_diff_network,LH_SomMotB_Aud_3,pGP-rh,SomMotB,Pallidum_post,left,right
24,219,0.005,cross_network_same_hemi,LH_SomMotB_Aud_3,mAMY-lh,SomMotB,Amygdala_med,left,left
24,227,0.005,cross_network_same_hemi,LH_SomMotB_Aud_3,aGP-lh,SomMotB,Pallidum_ant,left,left
25,20,0.005,within_network,LH_SomMotB_S2_3,LH_SomMotB_Aud_1,SomMotB,SomMotB,left,left
25,38,0.005,cross_network_same_hemi,LH_SomMotB_S2_3,LH_DorsAttnB_FEF_1,SomMotB,DorsAttnB,left,left
25,40,0.005,cross_network_same_hemi,LH_SomMotB_S2_3,LH_SalVentAttnA_Ins_1,SomMotB,SalVentAttnA,left,left
25,59,0.005,cross_network_same_hemi,LH_SomMotB_S2_3,LH_ContA_IPS_3,SomMotB,ContA,left,left
25,116,0.005,cross_hemi_diff_network,LH_SomMotB_S2_3,RH_SomMotA_5,SomMotB,SomMotA,left,right
25,123,0.005,within_network,LH_SomMotB_S2_3,RH_SomMotB_Aud_1,SomMotB,SomMotB,left,right
25,142,0.005,cross_hemi_diff_network,LH_SomMotB_S2_3,RH_SalVentAttnA_PrC_1,SomMotB,SalVentAttnA,left,right
25,143,0.005,cross_hemi_diff_network,LH_SomMotB_S2_3,RH_SalVentAttnA_Ins_1,SomMotB,SalVentAttnA,left,right
25,144,0.01,cross_hemi_diff_network,LH_SomMotB_S2_3,RH_SalVentAttnA_Ins_2,SomMotB,SalVentAttnA,left,right
25,201,0.005,cross_hemi_diff_network,LH_SomMotB_S2_3,pHIP-rh,SomMotB,Hippocampus_post,left,right
25,207,0.005,cross_hemi_diff_network,LH_SomMotB_S2_3,THA-DA-rh,SomMotB,Thalamus_DA,left,right
25,211,0.01,cross_hemi_diff_network,LH_SomMotB_S2_3,aGP-rh,SomMotB,Pallidum_ant,left,right
25,213,0.005,cross_hemi_diff_network,LH_SomMotB_S2_3,pPUT-rh,SomMotB,Putamen_post,left,right
26,20,0.005,within_network,LH_SomMotB_Cent_1,LH_SomMotB_Aud_1,SomMotB,SomMotB,left,left
26,90,0.005,cross_network_same_hemi,LH_SomMotB_Cent_1,LH_DefaultB_PFCd_4,SomMotB,DefaultB,left,left
26,99,0.005,cross_network_same_hemi,LH_SomMotB_Cent_1,LH_TempPar_2,SomMotB,TempPar,left,left
26,142,0.01,cross_hemi_diff_network,LH_SomMotB_Cent_1,RH_SalVentAttnA_PrC_1,SomMotB,SalVentAttnA,left,right
26,210,0.005,cross_hemi_diff_network,LH_SomMotB_Cent_1,pGP-rh,SomMotB,Pallidum_post,left,right
26,226,0.005,cross_network_same_hemi,LH_SomMotB_Cent_1,pGP-lh,SomMotB,Pallidum_post,left,left
27,6,0.005,cross_network_same_hemi,LH_SomMotB_Cent_2,LH_VisPeri_ExStrInf_1,SomMotB,VisPeri,left,left
27,30,0.005,cross_network_same_hemi,LH_SomMotB_Cent_2,LH_DorsAttnA_ParOcc_1,SomMotB,DorsAttnA,left,left
27,41,0.005,cross_network_same_hemi,LH_SomMotB_Cent_2,LH_SalVentAttnA_FrOper_1,SomMotB,SalVentAttnA,left,left
27,43,0.005,cross_network_same_hemi,LH_SomMotB_Cent_2,LH_SalVentAttnA_ParMed_1,SomMotB,SalVentAttnA,left,left
27,52,0.005,cross_network_same_hemi,LH_SomMotB_Cent_2,LH_LimbicA_TempPole_1,SomMotB,LimbicA,left,left
27,64,0.005,cross_network_same_hemi,LH_SomMotB_Cent_2,LH_ContA_PFCl_3,SomMotB,ContA,left,left
27,90,0.005,cross_network_same_hemi,LH_SomMotB_Cent_2,LH_DefaultB_PFCd_4,SomMotB,DefaultB,left,left
27,116,0.005,cross_hemi_diff_network,LH_SomMotB_Cent_2,RH_SomMotA_5,SomMotB,SomMotA,left,right
27,120,0.005,cross_hemi_diff_network,LH_SomMotB_Cent_2,RH_SomMotA_9,SomMotB,SomMotA,left,right
27,140,0.005,cross_hemi_diff_network,LH_SomMotB_Cent_2,RH_DorsAttnB_FEF_1,SomMotB,DorsAttnB,left,right
27,152,0.005,cross_hemi_diff_network,LH_SomMotB_Cent_2,RH_SalVentAttnB_PFCl_1,SomMotB,SalVentAttnB,left,right
27,202,0.005,cross_hemi_diff_network,LH_SomMotB_Cent_2,lAMY-rh,SomMotB,Amygdala_lat,left,right
27,203,0.005,cross_hemi_diff_network,LH_SomMotB_Cent_2,mAMY-rh,SomMotB,Amygdala_med,left,right
27,204,0.005,cross_hemi_diff_network,LH_SomMotB_Cent_2,THA-DP-rh,SomMotB,Thalamus_DP,left,right
27,210,0.025,cross_hemi_diff_network,LH_SomMotB_Cent_2,pGP-rh,SomMotB,Pallidum_post,left,right
27,224,0.005,cross_network_same_hemi,LH_SomMotB_Cent_2,NAc-shell-lh,SomMotB,Accumbens_shell,left,left
27,226,0.01,cross_network_same_hemi,LH_SomMotB_Cent_2,pGP-lh,SomMotB,Pallidum_post,left,left
28,30,0.005,within_network,LH_DorsAttnA_TempOcc_1,LH_DorsAttnA_ParOcc_1,DorsAttnA,DorsAttnA,left,left
28,56,0.005,cross_network_same_hemi,LH_DorsAttnA_TempOcc_1,LH_ContA_Temp_1,DorsAttnA,ContA,left,left
28,202,0.01,cross_hemi_diff_network,LH_DorsAttnA_TempOcc_1,lAMY-rh,DorsAttnA,Amygdala_lat,left,right
28,219,0.005,cross_network_same_hemi,LH_DorsAttnA_TempOcc_1,mAMY-lh,DorsAttnA,Amygdala_med,left,left
28,220,0.005,cross_network_same_hemi,LH_DorsAttnA_TempOcc_1,THA-DP-lh,DorsAttnA,Thalamus_DP,left,left
28,227,0.005,cross_network_same_hemi,LH_DorsAttnA_TempOcc_1,aGP-lh,DorsAttnA,Pallidum_ant,left,left
29,5,0.005,cross_network_same_hemi,LH_DorsAttnA_TempOcc_2,LH_VisCent_ExStr_5,DorsAttnA,VisCent,left,left
29,53,0.005,cross_network_same_hemi,LH_DorsAttnA_TempOcc_2,LH_LimbicA_TempPole_2,DorsAttnA,LimbicA,left,left
29,103,0.005,cross_hemi_diff_network,LH_DorsAttnA_TempOcc_2,RH_VisCent_ExStr_3,DorsAttnA,VisCent,left,right
29,131,0.02,within_network,LH_DorsAttnA_TempOcc_2,RH_DorsAttnA_ParOcc_1,DorsAttnA,DorsAttnA,left,right
29,164,0.005,cross_hemi_diff_network,LH_DorsAttnA_TempOcc_2,RH_ContA_IPS_1,DorsAttnA,ContA,left,right
29,204,0.005,cross_hemi_diff_network,LH_DorsAttnA_TempOcc_2,THA-DP-rh,DorsAttnA,Thalamus_DP,left,right
29,210,0.005,cross_hemi_diff_network,LH_DorsAttnA_TempOcc_2,pGP-rh,DorsAttnA,Pallidum_post,left,right
30,0,0.005,cross_network_same_hemi,LH_DorsAttnA_ParOcc_1,LH_VisCent_ExStr_2,DorsAttnA,VisCent,left,left
30,20,0.005,cross_network_same_hemi,LH_DorsAttnA_ParOcc_1,LH_SomMotB_Aud_1,DorsAttnA,SomMotB,left,left
30,33,0.005,within_network,LH_DorsAttnA_ParOcc_1,LH_DorsAttnA_SPL_3,DorsAttnA,DorsAttnA,left,left
30,38,0.005,cross_network_same_hemi,LH_DorsAttnA_ParOcc_1,LH_DorsAttnB_FEF_1,DorsAttnA,DorsAttnB,left,left
30,39,0.005,cross_network_same_hemi,LH_DorsAttnA_ParOcc_1,LH_SalVentAttnA_ParOper_1,DorsAttnA,SalVentAttnA,left,left
30,99,0.005,cross_network_same_hemi,LH_DorsAttnA_ParOcc_1,LH_TempPar_2,DorsAttnA,TempPar,left,left
30,130,0.005,within_network,LH_DorsAttnA_ParOcc_1,RH_DorsAttnA_TempOcc_1,DorsAttnA,DorsAttnA,left,right
30,135,0.005,within_network,LH_DorsAttnA_ParOcc_1,RH_DorsAttnA_SPL_4,DorsAttnA,DorsAttnA,left,right
30,143,0.005,cross_hemi_diff_network,LH_DorsAttnA_ParOcc_1,RH_SalVentAttnA_Ins_1,DorsAttnA,SalVentAttnA,left,right
30,195,0.005,cross_hemi_diff_network,LH_DorsAttnA_ParOcc_1,RH_DefaultC_PHC_1,DorsAttnA,DefaultC,left,right
30,197,0.005,cross_hemi_diff_network,LH_DorsAttnA_ParOcc_1,RH_TempPar_2,DorsAttnA,TempPar,left,right
30,198,0.005,cross_hemi_diff_network,LH_DorsAttnA_ParOcc_1,RH_TempPar_3,DorsAttnA,TempPar,left,right
30,199,0.01,cross_hemi_diff_network,LH_DorsAttnA_ParOcc_1,RH_TempPar_4,DorsAttnA,TempPar,left,right
30,203,0.005,cross_hemi_diff_network,LH_DorsAttnA_ParOcc_1,mAMY-rh,DorsAttnA,Amygdala_med,left,right
30,211,0.01,cross_hemi_diff_network,LH_DorsAttnA_ParOcc_1,aGP-rh,DorsAttnA,Pallidum_ant,left,right
30,219,0.005,cross_network_same_hemi,LH_DorsAttnA_ParOcc_1,mAMY-lh,DorsAttnA,Amygdala_med,left,left
30,220,0.005,cross_network_same_hemi,LH_DorsAttnA_ParOcc_1,THA-DP-lh,DorsAttnA,Thalamus_DP,left,left
30,226,0.005,cross_network_same_hemi,LH_DorsAttnA_ParOcc_1,pGP-lh,DorsAttnA,Pallidum_post,left,left
31,6,0.005,cross_network_same_hemi,LH_DorsAttnA_SPL_1,LH_VisPeri_ExStrInf_1,DorsAttnA,VisPeri,left,left
31,56,0.005,cross_network_same_hemi,LH_DorsAttnA_SPL_1,LH_ContA_Temp_1,DorsAttnA,ContA,left,left
31,99,0.005,cross_network_same_hemi,LH_DorsAttnA_SPL_1,LH_TempPar_2,DorsAttnA,TempPar,left,left
31,102,0.005,cross_hemi_diff_network,LH_DorsAttnA_SPL_1,RH_VisCent_Striate_1,DorsAttnA,VisCent,left,right
31,104,0.005,cross_hemi_diff_network,LH_DorsAttnA_SPL_1,RH_VisCent_ExStr_4,DorsAttnA,VisCent,left,right
31,163,0.005,cross_hemi_diff_network,LH_DorsAttnA_SPL_1,RH_LimbicA_TempPole_4,DorsAttnA,LimbicA,left,right
32,8,0.005,cross_network_same_hemi,LH_DorsAttnA_SPL_2,LH_VisPeri_ExStrInf_3,DorsAttnA,VisPeri,left,left
32,28,0.005,within_network,LH_DorsAttnA_SPL_2,LH_DorsAttnA_TempOcc_1,DorsAttnA,DorsAttnA,left,left
32,38,0.005,cross_network_same_hemi,LH_DorsAttnA_SPL_2,LH_DorsAttnB_FEF_1,DorsAttnA,DorsAttnB,left,left
32,59,0.01,cross_network_same_hemi,LH_DorsAttnA_SPL_2,LH_ContA_IPS_3,DorsAttnA,ContA,left,left
32,99,0.005,cross_network_same_hemi,LH_DorsAttnA_SPL_2,LH_TempPar_2,DorsAttnA,TempPar,left,left
32,131,0.005,within_network,LH_DorsAttnA_SPL_2,RH_DorsAttnA_ParOcc_1,DorsAttnA,DorsAttnA,left,right
32,204,0.005,cross_hemi_diff_network,LH_DorsAttnA_SPL_2,THA-DP-rh,DorsAttnA,Thalamus_DP,left,right
33,0,0.005,cross_network_same_hemi,LH_DorsAttnA_SPL_3,LH_VisCent_ExStr_2,DorsAttnA,VisCent,left,left
33,5,0.005,cross_network_same_hemi,LH_DorsAttnA_SPL_3,LH_VisCent_ExStr_5,DorsAttnA,VisCent,left,left
33,16,0.005,cross_network_same_hemi,LH_DorsAttnA_SPL_3,LH_SomMotA_5,DorsAttnA,SomMotA,left,left
33,28,0.005,within_network,LH_DorsAttnA_SPL_3,LH_DorsAttnA_TempOcc_1,DorsAttnA,DorsAttnA,left,left
33,32,0.005,within_network,LH_DorsAttnA_SPL_3,LH_DorsAttnA_SPL_2,DorsAttnA,DorsAttnA,left,left
33,35,0.005,cross_network_same_hemi,LH_DorsAttnA_SPL_3,LH_DorsAttnB_PostC_2,DorsAttnA,DorsAttnB,left,left
33,38,0.005,cross_network_same_hemi,LH_DorsAttnA_SPL_3,LH_DorsAttnB_FEF_1,DorsAttnA,DorsAttnB,left,left
33,56,0.01,cross_network_same_hemi,LH_DorsAttnA_SPL_3,LH_ContA_Temp_1,DorsAttnA,ContA,left,left
33,63,0.005,cross_network_same_hemi,LH_DorsAttnA_SPL_3,LH_ContA_PFCl_2,DorsAttnA,ContA,left,left
33,64,0.02,cross_network_same_hemi,LH_DorsAttnA_SPL_3,LH_ContA_PFCl_3,DorsAttnA,ContA,left,left
33,66,0.01,cross_network_same_hemi,LH_DorsAttnA_SPL_3,LH_ContB_Temp_1,DorsAttnA,ContB,left,left
33,97,0.005,cross_network_same_hemi,LH_DorsAttnA_SPL_3,LH_DefaultC_PHC_1,DorsAttnA,DefaultC,left,left
33,116,0.005,cross_hemi_diff_network,LH_DorsAttnA_SPL_3,RH_SomMotA_5,DorsAttnA,SomMotA,left,right
33,134,0.005,within_network,LH_DorsAttnA_SPL_3,RH_DorsAttnA_SPL_3,DorsAttnA,DorsAttnA,left,right
33,160,0.005,cross_hemi_diff_network,LH_DorsAttnA_SPL_3,RH_LimbicA_TempPole_1,DorsAttnA,LimbicA,left,right
33,169,0.005,cross_hemi_diff_network,LH_DorsAttnA_SPL_3,RH_ContA_Cingm_1,DorsAttnA,ContA,left,right
33,226,0.005,cross_network_same_hemi,LH_DorsAttnA_SPL_3,pGP-lh,DorsAttnA,Pallidum_post,left,left
33,227,0.005,cross_network_same_hemi,LH_DorsAttnA_SPL_3,aGP-lh,DorsAttnA,Pallidum_ant,left,left
34,32,0.005,cross_network_same_hemi,LH_DorsAttnB_PostC_1,LH_DorsAttnA_SPL_2,DorsAttnB,DorsAttnA,left,left
34,210,0.005,cross_hemi_diff_network,LH_DorsAttnB_PostC_1,pGP-rh,DorsAttnB,Pallidum_post,left,right
35,57,0.005,cross_network_same_hemi,LH_DorsAttnB_PostC_2,LH_ContA_IPS_1,DorsAttnB,ContA,left,left
35,65,0.005,cross_network_same_hemi,LH_DorsAttnB_PostC_2,LH_ContA_Cingm_1,DorsAttnB,ContA,left,left
35,219,0.005,cross_network_same_hemi,LH_DorsAttnB_PostC_2,mAMY-lh,DorsAttnB,Amygdala_med,left,left
36,27,0.005,cross_network_same_hemi,LH_DorsAttnB_PostC_3,LH_SomMotB_Cent_2,DorsAttnB,SomMotB,left,left
36,111,0.005,cross_hemi_diff_network,LH_DorsAttnB_PostC_3,RH_VisPeri_ExStrSup_3,DorsAttnB,VisPeri,left,right
36,118,0.005,cross_hemi_diff_network,LH_DorsAttnB_PostC_3,RH_SomMotA_7,DorsAttnB,SomMotA,left,right
36,147,0.01,cross_hemi_diff_network,LH_DorsAttnB_PostC_3,RH_SalVentAttnA_ParMed_1,DorsAttnB,SalVentAttnA,left,right
36,205,0.005,cross_hemi_diff_network,LH_DorsAttnB_PostC_3,THA-VP-rh,DorsAttnB,Thalamus_VP,left,right
36,207,0.005,cross_hemi_diff_network,LH_DorsAttnB_PostC_3,THA-DA-rh,DorsAttnB,Thalamus_DA,left,right
36,210,0.005,cross_hemi_diff_network,LH_DorsAttnB_PostC_3,pGP-rh,DorsAttnB,Pallidum_post,left,right
37,7,0.005,cross_network_same_hemi,LH_DorsAttnB_PostC_4,LH_VisPeri_ExStrInf_2,DorsAttnB,VisPeri,left,left
37,13,0.005,cross_network_same_hemi,LH_DorsAttnB_PostC_4,LH_SomMotA_2,DorsAttnB,SomMotA,left,left
37,116,0.005,cross_hemi_diff_network,LH_DorsAttnB_PostC_4,RH_SomMotA_5,DorsAttnB,SomMotA,left,right
38,31,0.005,cross_network_same_hemi,LH_DorsAttnB_FEF_1,LH_DorsAttnA_SPL_1,DorsAttnB,DorsAttnA,left,left
38,32,0.005,cross_network_same_hemi,LH_DorsAttnB_FEF_1,LH_DorsAttnA_SPL_2,DorsAttnB,DorsAttnA,left,left
38,45,0.005,cross_network_same_hemi,LH_DorsAttnB_FEF_1,LH_SalVentAttnA_FrMed_2,DorsAttnB,SalVentAttnA,left,left
38,54,0.005,cross_network_same_hemi,LH_DorsAttnB_FEF_1,LH_LimbicA_TempPole_3,DorsAttnB,LimbicA,left,left
38,64,0.005,cross_network_same_hemi,LH_DorsAttnB_FEF_1,LH_ContA_PFCl_3,DorsAttnB,ContA,left,left
38,75,0.005,cross_network_same_hemi,LH_DorsAttnB_FEF_1,LH_DefaultA_PFCd_1,DorsAttnB,DefaultA,left,left
38,116,0.005,cross_hemi_diff_network,LH_DorsAttnB_FEF_1,RH_SomMotA_5,DorsAttnB,SomMotA,left,right
38,119,0.005,cross_hemi_diff_network,LH_DorsAttnB_FEF_1,RH_SomMotA_8,DorsAttnB,SomMotA,left,right
38,147,0.01,cross_hemi_diff_network,LH_DorsAttnB_FEF_1,RH_SalVentAttnA_ParMed_1,DorsAttnB,SalVentAttnA,left,right
38,149,0.005,cross_hemi_diff_network,LH_DorsAttnB_FEF_1,RH_SalVentAttnA_FrMed_2,DorsAttnB,SalVentAttnA,left,right
38,162,0.005,cross_hemi_diff_network,LH_DorsAttnB_FEF_1,RH_LimbicA_TempPole_3,DorsAttnB,LimbicA,left,right
38,166,0.005,cross_hemi_diff_network,LH_DorsAttnB_FEF_1,RH_ContA_PFCd_1,DorsAttnB,ContA,left,right
38,174,0.005,cross_hemi_diff_network,LH_DorsAttnB_FEF_1,RH_ContB_PFCld_1,DorsAttnB,ContB,left,right
38,204,0.005,cross_hemi_diff_network,LH_DorsAttnB_FEF_1,THA-DP-rh,DorsAttnB,Thalamus_DP,left,right
38,205,0.005,cross_hemi_diff_network,LH_DorsAttnB_FEF_1,THA-VP-rh,DorsAttnB,Thalamus_VP,left,right
38,208,0.005,cross_hemi_diff_network,LH_DorsAttnB_FEF_1,NAc-shell-rh,DorsAttnB,Accumbens_shell,left,right
38,210,0.005,cross_hemi_diff_network,LH_DorsAttnB_FEF_1,pGP-rh,DorsAttnB,Pallidum_post,left,right
38,211,0.01,cross_hemi_diff_network,LH_DorsAttnB_FEF_1,aGP-rh,DorsAttnB,Pallidum_ant,left,right
38,218,0.005,cross_network_same_hemi,LH_DorsAttnB_FEF_1,lAMY-lh,DorsAttnB,Amygdala_lat,left,left
38,221,0.005,cross_network_same_hemi,LH_DorsAttnB_FEF_1,THA-VP-lh,DorsAttnB,Thalamus_VP,left,left
38,227,0.015,cross_network_same_hemi,LH_DorsAttnB_FEF_1,aGP-lh,DorsAttnB,Pallidum_ant,left,left
39,13,0.005,cross_network_same_hemi,LH_SalVentAttnA_ParOper_1,LH_SomMotA_2,SalVentAttnA,SomMotA,left,left
39,30,0.005,cross_network_same_hemi,LH_SalVentAttnA_ParOper_1,LH_DorsAttnA_ParOcc_1,SalVentAttnA,DorsAttnA,left,left
39,35,0.005,cross_network_same_hemi,LH_SalVentAttnA_ParOper_1,LH_DorsAttnB_PostC_2,SalVentAttnA,DorsAttnB,left,left
39,60,0.005,cross_network_same_hemi,LH_SalVentAttnA_ParOper_1,LH_ContA_PFCd_1,SalVentAttnA,ContA,left,left
39,116,0.005,cross_hemi_diff_network,LH_SalVentAttnA_ParOper_1,RH_SomMotA_5,SalVentAttnA,SomMotA,left,right
39,144,0.005,within_network,LH_SalVentAttnA_ParOper_1,RH_SalVentAttnA_Ins_2,SalVentAttnA,SalVentAttnA,left,right
39,167,0.005,cross_hemi_diff_network,LH_SalVentAttnA_ParOper_1,RH_ContA_PFCl_1,SalVentAttnA,ContA,left,right
40,17,0.005,cross_network_same_hemi,LH_SalVentAttnA_Ins_1,LH_SomMotA_6,SalVentAttnA,SomMotA,left,left
40,41,0.005,within_network,LH_SalVentAttnA_Ins_1,LH_SalVentAttnA_FrOper_1,SalVentAttnA,SalVentAttnA,left,left
40,50,0.005,cross_network_same_hemi,LH_SalVentAttnA_Ins_1,LH_LimbicB_OFC_1,SalVentAttnA,LimbicB,left,left
40,54,0.005,cross_network_same_hemi,LH_SalVentAttnA_Ins_1,LH_LimbicA_TempPole_3,SalVentAttnA,LimbicA,left,left
40,55,0.01,cross_network_same_hemi,LH_SalVentAttnA_Ins_1,LH_LimbicA_TempPole_4,SalVentAttnA,LimbicA,left,left
40,56,0.005,cross_network_same_hemi,LH_SalVentAttnA_Ins_1,LH_ContA_Temp_1,SalVentAttnA,ContA,left,left
40,86,0.005,cross_network_same_hemi,LH_SalVentAttnA_Ins_1,LH_DefaultB_IPL_1,SalVentAttnA,DefaultB,left,left
40,120,0.005,cross_hemi_diff_network,LH_SalVentAttnA_Ins_1,RH_SomMotA_9,SalVentAttnA,SomMotA,left,right
40,123,0.005,cross_hemi_diff_network,LH_SalVentAttnA_Ins_1,RH_SomMotB_Aud_1,SalVentAttnA,SomMotB,left,right
40,139,0.005,cross_hemi_diff_network,LH_SalVentAttnA_Ins_1,RH_DorsAttnB_PostC_4,SalVentAttnA,DorsAttnB,left,right
40,142,0.005,within_network,LH_SalVentAttnA_Ins_1,RH_SalVentAttnA_PrC_1,SalVentAttnA,SalVentAttnA,left,right
40,143,0.015,within_network,LH_SalVentAttnA_Ins_1,RH_SalVentAttnA_Ins_1,SalVentAttnA,SalVentAttnA,left,right
40,149,0.005,within_network,LH_SalVentAttnA_Ins_1,RH_SalVentAttnA_FrMed_2,SalVentAttnA,SalVentAttnA,left,right
40,187,0.005,cross_hemi_diff_network,LH_SalVentAttnA_Ins_1,RH_DefaultA_PFCm_2,SalVentAttnA,DefaultA,left,right
40,199,0.005,cross_hemi_diff_network,LH_SalVentAttnA_Ins_1,RH_TempPar_4,SalVentAttnA,TempPar,left,right
40,201,0.005,cross_hemi_diff_network,LH_SalVentAttnA_Ins_1,pHIP-rh,SalVentAttnA,Hippocampus_post,left,right
40,205,0.005,cross_hemi_diff_network,LH_SalVentAttnA_Ins_1,THA-VP-rh,SalVentAttnA,Thalamus_VP,left,right
40,210,0.005,cross_hemi_diff_network,LH_SalVentAttnA_Ins_1,pGP-rh,SalVentAttnA,Pallidum_post,left,right
40,211,0.005,cross_hemi_diff_network,LH_SalVentAttnA_Ins_1,aGP-rh,SalVentAttnA,Pallidum_ant,left,right
40,217,0.005,cross_network_same_hemi,LH_SalVentAttnA_Ins_1,pHIP-lh,SalVentAttnA,Hippocampus_post,left,left
40,220,0.005,cross_network_same_hemi,LH_SalVentAttnA_Ins_1,THA-DP-lh,SalVentAttnA,Thalamus_DP,left,left
40,222,0.005,cross_network_same_hemi,LH_SalVentAttnA_Ins_1,THA-VA-lh,SalVentAttnA,Thalamus_VA,left,left
40,225,0.005,cross_network_same_hemi,LH_SalVentAttnA_Ins_1,NAc-core-lh,SalVentAttnA,Accumbens_core,left,left
40,227,0.02,cross_network_same_hemi,LH_SalVentAttnA_Ins_1,aGP-lh,SalVentAttnA,Pallidum_ant,left,left
41,20,0.01,cross_network_same_hemi,LH_SalVentAttnA_FrOper_1,LH_SomMotB_Aud_1,SalVentAttnA,SomMotB,left,left
41,24,0.005,cross_network_same_hemi,LH_SalVentAttnA_FrOper_1,LH_SomMotB_Aud_3,SalVentAttnA,SomMotB,left,left
41,25,0.005,cross_network_same_hemi,LH_SalVentAttnA_FrOper_1,LH_SomMotB_S2_3,SalVentAttnA,SomMotB,left,left
41,56,0.01,cross_network_same_hemi,LH_SalVentAttnA_FrOper_1,LH_ContA_Temp_1,SalVentAttnA,ContA,left,left
41,120,0.005,cross_hemi_diff_network,LH_SalVentAttnA_FrOper_1,RH_SomMotA_9,SalVentAttnA,SomMotA,left,right
41,143,0.01,within_network,LH_SalVentAttnA_FrOper_1,RH_SalVentAttnA_Ins_1,SalVentAttnA,SalVentAttnA,left,right
41,156,0.005,cross_hemi_diff_network,LH_SalVentAttnA_FrOper_1,RH_LimbicB_OFC_1,SalVentAttnA,LimbicB,left,right
41,204,0.005,cross_hemi_diff_network,LH_SalVentAttnA_FrOper_1,THA-DP-rh,SalVentAttnA,Thalamus_DP,left,right
41,205,0.015,cross_hemi_diff_network,LH_SalVentAttnA_FrOper_1,THA-VP-rh,SalVentAttnA,Thalamus_VP,left,right
41,207,0.005,cross_hemi_diff_network,LH_SalVentAttnA_FrOper_1,THA-DA-rh,SalVentAttnA,Thalamus_DA,left,right
41,210,0.025,cross_hemi_diff_network,LH_SalVentAttnA_FrOper_1,pGP-rh,SalVentAttnA,Pallidum_post,left,right
41,211,0.005,cross_hemi_diff_network,LH_SalVentAttnA_FrOper_1,aGP-rh,SalVentAttnA,Pallidum_ant,left,right
41,212,0.005,cross_hemi_diff_network,LH_SalVentAttnA_FrOper_1,aPUT-rh,SalVentAttnA,Putamen_ant,left,right
41,213,0.005,cross_hemi_diff_network,LH_SalVentAttnA_FrOper_1,pPUT-rh,SalVentAttnA,Putamen_post,left,right
41,220,0.005,cross_network_same_hemi,LH_SalVentAttnA_FrOper_1,THA-DP-lh,SalVentAttnA,Thalamus_DP,left,left
41,221,0.005,cross_network_same_hemi,LH_SalVentAttnA_FrOper_1,THA-VP-lh,SalVentAttnA,Thalamus_VP,left,left
41,226,0.01,cross_network_same_hemi,LH_SalVentAttnA_FrOper_1,pGP-lh,SalVentAttnA,Pallidum_post,left,left
41,227,0.005,cross_network_same_hemi,LH_SalVentAttnA_FrOper_1,aGP-lh,SalVentAttnA,Pallidum_ant,left,left
42,25,0.005,cross_network_same_hemi,LH_SalVentAttnA_FrOper_2,LH_SomMotB_S2_3,SalVentAttnA,SomMotB,left,left
42,33,0.005,cross_network_same_hemi,LH_SalVentAttnA_FrOper_2,LH_DorsAttnA_SPL_3,SalVentAttnA,DorsAttnA,left,left
42,38,0.005,cross_network_same_hemi,LH_SalVentAttnA_FrOper_2,LH_DorsAttnB_FEF_1,SalVentAttnA,DorsAttnB,left,left
42,55,0.015,cross_network_same_hemi,LH_SalVentAttnA_FrOper_2,LH_LimbicA_TempPole_4,SalVentAttnA,LimbicA,left,left
42,56,0.005,cross_network_same_hemi,LH_SalVentAttnA_FrOper_2,LH_ContA_Temp_1,SalVentAttnA,ContA,left,left
42,64,0.02,cross_network_same_hemi,LH_SalVentAttnA_FrOper_2,LH_ContA_PFCl_3,SalVentAttnA,ContA,left,left
42,99,0.005,cross_network_same_hemi,LH_SalVentAttnA_FrOper_2,LH_TempPar_2,SalVentAttnA,TempPar,left,left
42,119,0.005,cross_hemi_diff_network,LH_SalVentAttnA_FrOper_2,RH_SomMotA_8,SalVentAttnA,SomMotA,left,right
42,125,0.005,cross_hemi_diff_network,LH_SalVentAttnA_FrOper_2,RH_SomMotB_S2_1,SalVentAttnA,SomMotB,left,right
42,141,0.01,within_network,LH_SalVentAttnA_FrOper_2,RH_SalVentAttnA_ParOper_1,SalVentAttnA,SalVentAttnA,left,right
42,143,0.005,within_network,LH_SalVentAttnA_FrOper_2,RH_SalVentAttnA_Ins_1,SalVentAttnA,SalVentAttnA,left,right
42,144,0.005,within_network,LH_SalVentAttnA_FrOper_2,RH_SalVentAttnA_Ins_2,SalVentAttnA,SalVentAttnA,left,right
42,147,0.005,within_network,LH_SalVentAttnA_FrOper_2,RH_SalVentAttnA_ParMed_1,SalVentAttnA,SalVentAttnA,left,right
42,150,0.005,cross_hemi_diff_network,LH_SalVentAttnA_FrOper_2,RH_SalVentAttnB_IPL_1,SalVentAttnA,SalVentAttnB,left,right
42,198,0.005,cross_hemi_diff_network,LH_SalVentAttnA_FrOper_2,RH_TempPar_3,SalVentAttnA,TempPar,left,right
42,209,0.005,cross_hemi_diff_network,LH_SalVentAttnA_FrOper_2,NAc-core-rh,SalVentAttnA,Accumbens_core,left,right
42,210,0.005,cross_hemi_diff_network,LH_SalVentAttnA_FrOper_2,pGP-rh,SalVentAttnA,Pallidum_post,left,right
42,226,0.005,cross_network_same_hemi,LH_SalVentAttnA_FrOper_2,pGP-lh,SalVentAttnA,Pallidum_post,left,left
42,229,0.005,cross_network_same_hemi,LH_SalVentAttnA_FrOper_2,pPUT-lh,SalVentAttnA,Putamen_post,left,left
43,22,0.005,cross_network_same_hemi,LH_SalVentAttnA_ParMed_1,LH_SomMotB_S2_1,SalVentAttnA,SomMotB,left,left
43,150,0.005,cross_hemi_diff_network,LH_SalVentAttnA_ParMed_1,RH_SalVentAttnB_IPL_1,SalVentAttnA,SalVentAttnB,left,right
44,39,0.005,within_network,LH_SalVentAttnA_FrMed_1,LH_SalVentAttnA_ParOper_1,SalVentAttnA,SalVentAttnA,left,left
44,43,0.005,within_network,LH_SalVentAttnA_FrMed_1,LH_SalVentAttnA_ParMed_1,SalVentAttnA,SalVentAttnA,left,left
44,61,0.005,cross_network_same_hemi,LH_SalVentAttnA_FrMed_1,LH_ContA_PFClv_1,SalVentAttnA,ContA,left,left
44,147,0.005,within_network,LH_SalVentAttnA_FrMed_1,RH_SalVentAttnA_ParMed_1,SalVentAttnA,SalVentAttnA,left,right
44,187,0.005,cross_hemi_diff_network,LH_SalVentAttnA_FrMed_1,RH_DefaultA_PFCm_2,SalVentAttnA,DefaultA,left,right
44,205,0.005,cross_hemi_diff_network,LH_SalVentAttnA_FrMed_1,THA-VP-rh,SalVentAttnA,Thalamus_VP,left,right
44,223,0.005,cross_network_same_hemi,LH_SalVentAttnA_FrMed_1,THA-DA-lh,SalVentAttnA,Thalamus_DA,left,left
45,12,0.005,cross_network_same_hemi,LH_SalVentAttnA_FrMed_2,LH_SomMotA_1,SalVentAttnA,SomMotA,left,left
45,118,0.005,cross_hemi_diff_network,LH_SalVentAttnA_FrMed_2,RH_SomMotA_7,SalVentAttnA,SomMotA,left,right
45,119,0.01,cross_hemi_diff_network,LH_SalVentAttnA_FrMed_2,RH_SomMotA_8,SalVentAttnA,SomMotA,left,right
45,147,0.01,within_network,LH_SalVentAttnA_FrMed_2,RH_SalVentAttnA_ParMed_1,SalVentAttnA,SalVentAttnA,left,right
45,174,0.005,cross_hemi_diff_network,LH_SalVentAttnA_FrMed_2,RH_ContB_PFCld_1,SalVentAttnA,ContB,left,right
45,197,0.005,cross_hemi_diff_network,LH_SalVentAttnA_FrMed_2,RH_TempPar_2,SalVentAttnA,TempPar,left,right
45,214,0.005,cross_hemi_diff_network,LH_SalVentAttnA_FrMed_2,aCAU-rh,SalVentAttnA,Caudate_ant,left,right
45,224,0.005,cross_network_same_hemi,LH_SalVentAttnA_FrMed_2,NAc-shell-lh,SalVentAttnA,Accumbens_shell,left,left
45,227,0.005,cross_network_same_hemi,LH_SalVentAttnA_FrMed_2,aGP-lh,SalVentAttnA,Pallidum_ant,left,left
45,231,0.005,cross_network_same_hemi,LH_SalVentAttnA_FrMed_2,pCAU-lh,SalVentAttnA,Caudate_post,left,left
46,30,0.005,cross_network_same_hemi,LH_SalVentAttnB_IPL_1,LH_DorsAttnA_ParOcc_1,SalVentAttnB,DorsAttnA,left,left
46,40,0.005,cross_network_same_hemi,LH_SalVentAttnB_IPL_1,LH_SalVentAttnA_Ins_1,SalVentAttnB,SalVentAttnA,left,left
46,47,0.005,within_network,LH_SalVentAttnB_IPL_1,LH_SalVentAttnB_PFCl_1,SalVentAttnB,SalVentAttnB,left,left
46,53,0.005,cross_network_same_hemi,LH_SalVentAttnB_IPL_1,LH_LimbicA_TempPole_2,SalVentAttnB,LimbicA,left,left
46,60,0.01,cross_network_same_hemi,LH_SalVentAttnB_IPL_1,LH_ContA_PFCd_1,SalVentAttnB,ContA,left,left
46,64,0.005,cross_network_same_hemi,LH_SalVentAttnB_IPL_1,LH_ContA_PFCl_3,SalVentAttnB,ContA,left,left
46,86,0.005,cross_network_same_hemi,LH_SalVentAttnB_IPL_1,LH_DefaultB_IPL_1,SalVentAttnB,DefaultB,left,left
46,99,0.005,cross_network_same_hemi,LH_SalVentAttnB_IPL_1,LH_TempPar_2,SalVentAttnB,TempPar,left,left
46,140,0.005,cross_hemi_diff_network,LH_SalVentAttnB_IPL_1,RH_DorsAttnB_FEF_1,SalVentAttnB,DorsAttnB,left,right
46,142,0.005,cross_hemi_diff_network,LH_SalVentAttnB_IPL_1,RH_SalVentAttnA_PrC_1,SalVentAttnB,SalVentAttnA,left,right
46,143,0.015,cross_hemi_diff_network,LH_SalVentAttnB_IPL_1,RH_SalVentAttnA_Ins_1,SalVentAttnB,SalVentAttnA,left,right
46,227,0.01,cross_network_same_hemi,LH_SalVentAttnB_IPL_1,aGP-lh,SalVentAttnB,Pallidum_ant,left,left
47,7,0.005,cross_network_same_hemi,LH_SalVentAttnB_PFCl_1,LH_VisPeri_ExStrInf_2,SalVentAttnB,VisPeri,left,left
47,48,0.005,within_network,LH_SalVentAttnB_PFCl_1,LH_SalVentAttnB_Ins_1,SalVentAttnB,SalVentAttnB,left,left
47,53,0.005,cross_network_same_hemi,LH_SalVentAttnB_PFCl_1,LH_LimbicA_TempPole_2,SalVentAttnB,LimbicA,left,left
47,60,0.005,cross_network_same_hemi,LH_SalVentAttnB_PFCl_1,LH_ContA_PFCd_1,SalVentAttnB,ContA,left,left
47,64,0.01,cross_network_same_hemi,LH_SalVentAttnB_PFCl_1,LH_ContA_PFCl_3,SalVentAttnB,ContA,left,left
47,109,0.005,cross_hemi_diff_network,LH_SalVentAttnB_PFCl_1,RH_VisPeri_ExStrSup_1,SalVentAttnB,VisPeri,left,right
47,116,0.005,cross_hemi_diff_network,LH_SalVentAttnB_PFCl_1,RH_SomMotA_5,SalVentAttnB,SomMotA,left,right
47,143,0.005,cross_hemi_diff_network,LH_SalVentAttnB_PFCl_1,RH_SalVentAttnA_Ins_1,SalVentAttnB,SalVentAttnA,left,right
47,146,0.005,cross_hemi_diff_network,LH_SalVentAttnB_PFCl_1,RH_SalVentAttnA_FrMed_1,SalVentAttnB,SalVentAttnA,left,right
47,147,0.01,cross_hemi_diff_network,LH_SalVentAttnB_PFCl_1,RH_SalVentAttnA_ParMed_1,SalVentAttnB,SalVentAttnA,left,right
47,150,0.005,within_network,LH_SalVentAttnB_PFCl_1,RH_SalVentAttnB_IPL_1,SalVentAttnB,SalVentAttnB,left,right
47,154,0.005,within_network,LH_SalVentAttnB_PFCl_1,RH_SalVentAttnB_Ins_2,SalVentAttnB,SalVentAttnB,left,right
47,174,0.01,cross_hemi_diff_network,LH_SalVentAttnB_PFCl_1,RH_ContB_PFCld_1,SalVentAttnB,ContB,left,right
47,187,0.02,cross_hemi_diff_network,LH_SalVentAttnB_PFCl_1,RH_DefaultA_PFCm_2,SalVentAttnB,DefaultA,left,right
47,197,0.005,cross_hemi_diff_network,LH_SalVentAttnB_PFCl_1,RH_TempPar_2,SalVentAttnB,TempPar,left,right
47,198,0.005,cross_hemi_diff_network,LH_SalVentAttnB_PFCl_1,RH_TempPar_3,SalVentAttnB,TempPar,left,right
47,210,0.01,cross_hemi_diff_network,LH_SalVentAttnB_PFCl_1,pGP-rh,SalVentAttnB,Pallidum_post,left,right
47,211,0.01,cross_hemi_diff_network,LH_SalVentAttnB_PFCl_1,aGP-rh,SalVentAttnB,Pallidum_ant,left,right
47,227,0.025,cross_network_same_hemi,LH_SalVentAttnB_PFCl_1,aGP-lh,SalVentAttnB,Pallidum_ant,left,left
48,22,0.005,cross_network_same_hemi,LH_SalVentAttnB_Ins_1,LH_SomMotB_S2_1,SalVentAttnB,SomMotB,left,left
48,56,0.005,cross_network_same_hemi,LH_SalVentAttnB_Ins_1,LH_ContA_Temp_1,SalVentAttnB,ContA,left,left
48,64,0.005,cross_network_same_hemi,LH_SalVentAttnB_Ins_1,LH_ContA_PFCl_3,SalVentAttnB,ContA,left,left
48,92,0.005,cross_network_same_hemi,LH_SalVentAttnB_Ins_1,LH_DefaultB_PFCv_2,SalVentAttnB,DefaultB,left,left
48,142,0.01,cross_hemi_diff_network,LH_SalVentAttnB_Ins_1,RH_SalVentAttnA_PrC_1,SalVentAttnB,SalVentAttnA,left,right
48,143,0.005,cross_hemi_diff_network,LH_SalVentAttnB_Ins_1,RH_SalVentAttnA_Ins_1,SalVentAttnB,SalVentAttnA,left,right
48,147,0.005,cross_hemi_diff_network,LH_SalVentAttnB_Ins_1,RH_SalVentAttnA_ParMed_1,SalVentAttnB,SalVentAttnA,left,right
48,150,0.005,within_network,LH_SalVentAttnB_Ins_1,RH_SalVentAttnB_IPL_1,SalVentAttnB,SalVentAttnB,left,right
48,151,0.01,within_network,LH_SalVentAttnB_Ins_1,RH_SalVentAttnB_PFClv_1,SalVentAttnB,SalVentAttnB,left,right
48,152,0.005,within_network,LH_SalVentAttnB_Ins_1,RH_SalVentAttnB_PFCl_1,SalVentAttnB,SalVentAttnB,left,right
48,166,0.005,cross_hemi_diff_network,LH_SalVentAttnB_Ins_1,RH_ContA_PFCd_1,SalVentAttnB,ContA,left,right
48,178,0.005,cross_hemi_diff_network,LH_SalVentAttnB_Ins_1,RH_ContB_PFCmp_1,SalVentAttnB,ContB,left,right
48,198,0.005,cross_hemi_diff_network,LH_SalVentAttnB_Ins_1,RH_TempPar_3,SalVentAttnB,TempPar,left,right
48,210,0.01,cross_hemi_diff_network,LH_SalVentAttnB_Ins_1,pGP-rh,SalVentAttnB,Pallidum_post,left,right
48,211,0.005,cross_hemi_diff_network,LH_SalVentAttnB_Ins_1,aGP-rh,SalVentAttnB,Pallidum_ant,left,right
48,217,0.005,cross_network_same_hemi,LH_SalVentAttnB_Ins_1,pHIP-lh,SalVentAttnB,Hippocampus_post,left,left
48,220,0.005,cross_network_same_hemi,LH_SalVentAttnB_Ins_1,THA-DP-lh,SalVentAttnB,Thalamus_DP,left,left
48,226,0.01,cross_network_same_hemi,LH_SalVentAttnB_Ins_1,pGP-lh,SalVentAttnB,Pallidum_post,left,left
48,229,0.005,cross_network_same_hemi,LH_SalVentAttnB_Ins_1,pPUT-lh,SalVentAttnB,Putamen_post,left,left
49,60,0.005,cross_network_same_hemi,LH_SalVentAttnB_PFCmp_1,LH_ContA_PFCd_1,SalVentAttnB,ContA,left,left
49,147,0.005,cross_hemi_diff_network,LH_SalVentAttnB_PFCmp_1,RH_SalVentAttnA_ParMed_1,SalVentAttnB,SalVentAttnA,left,right
49,153,0.005,within_network,LH_SalVentAttnB_PFCmp_1,RH_SalVentAttnB_Ins_1,SalVentAttnB,SalVentAttnB,left,right
49,157,0.005,cross_hemi_diff_network,LH_SalVentAttnB_PFCmp_1,RH_LimbicB_OFC_2,SalVentAttnB,LimbicB,left,right
49,169,0.005,cross_hemi_diff_network,LH_SalVentAttnB_PFCmp_1,RH_ContA_Cingm_1,SalVentAttnB,ContA,left,right
49,202,0.005,cross_hemi_diff_network,LH_SalVentAttnB_PFCmp_1,lAMY-rh,SalVentAttnB,Amygdala_lat,left,right
49,227,0.005,cross_network_same_hemi,LH_SalVentAttnB_PFCmp_1,aGP-lh,SalVentAttnB,Pallidum_ant,left,left
50,0,0.005,cross_network_same_hemi,LH_LimbicB_OFC_1,LH_VisCent_ExStr_2,LimbicB,VisCent,left,left
50,8,0.01,cross_network_same_hemi,LH_LimbicB_OFC_1,LH_VisPeri_ExStrInf_3,LimbicB,VisPeri,left,left
50,47,0.005,cross_network_same_hemi,LH_LimbicB_OFC_1,LH_SalVentAttnB_PFCl_1,LimbicB,SalVentAttnB,left,left
50,51,0.005,within_network,LH_LimbicB_OFC_1,LH_LimbicB_OFC_2,LimbicB,LimbicB,left,left
50,52,0.01,cross_network_same_hemi,LH_LimbicB_OFC_1,LH_LimbicA_TempPole_1,LimbicB,LimbicA,left,left
50,53,0.015,cross_network_same_hemi,LH_LimbicB_OFC_1,LH_LimbicA_TempPole_2,LimbicB,LimbicA,left,left
50,54,0.015,cross_network_same_hemi,LH_LimbicB_OFC_1,LH_LimbicA_TempPole_3,LimbicB,LimbicA,left,left
50,55,0.015,cross_network_same_hemi,LH_LimbicB_OFC_1,LH_LimbicA_TempPole_4,LimbicB,LimbicA,left,left
50,64,0.01,cross_network_same_hemi,LH_LimbicB_OFC_1,LH_ContA_PFCl_3,LimbicB,ContA,left,left
50,65,0.005,cross_network_same_hemi,LH_LimbicB_OFC_1,LH_ContA_Cingm_1,LimbicB,ContA,left,left
50,66,0.005,cross_network_same_hemi,LH_LimbicB_OFC_1,LH_ContB_Temp_1,LimbicB,ContB,left,left
50,70,0.005,cross_network_same_hemi,LH_LimbicB_OFC_1,LH_ContB_PFClv_2,LimbicB,ContB,left,left
50,83,0.01,cross_network_same_hemi,LH_LimbicB_OFC_1,LH_DefaultB_Temp_2,LimbicB,DefaultB,left,left
50,89,0.005,cross_network_same_hemi,LH_LimbicB_OFC_1,LH_DefaultB_PFCd_3,LimbicB,DefaultB,left,left
50,90,0.005,cross_network_same_hemi,LH_LimbicB_OFC_1,LH_DefaultB_PFCd_4,LimbicB,DefaultB,left,left
50,156,0.005,within_network,LH_LimbicB_OFC_1,RH_LimbicB_OFC_1,LimbicB,LimbicB,left,right
50,160,0.01,cross_hemi_diff_network,LH_LimbicB_OFC_1,RH_LimbicA_TempPole_1,LimbicB,LimbicA,left,right
50,161,0.015,cross_hemi_diff_network,LH_LimbicB_OFC_1,RH_LimbicA_TempPole_2,LimbicB,LimbicA,left,right
50,187,0.005,cross_hemi_diff_network,LH_LimbicB_OFC_1,RH_DefaultA_PFCm_2,LimbicB,DefaultA,left,right
50,196,0.005,cross_hemi_diff_network,LH_LimbicB_OFC_1,RH_TempPar_1,LimbicB,TempPar,left,right
50,202,0.02,cross_hemi_diff_network,LH_LimbicB_OFC_1,lAMY-rh,LimbicB,Amygdala_lat,left,right
50,209,0.01,cross_hemi_diff_network,LH_LimbicB_OFC_1,NAc-core-rh,LimbicB,Accumbens_core,left,right
50,217,0.015,cross_network_same_hemi,LH_LimbicB_OFC_1,pHIP-lh,LimbicB,Hippocampus_post,left,left
50,218,0.005,cross_network_same_hemi,LH_LimbicB_OFC_1,lAMY-lh,LimbicB,Amygdala_lat,left,left
50,224,0.005,cross_network_same_hemi,LH_LimbicB_OFC_1,NAc-shell-lh,LimbicB,Accumbens_shell,left,left
50,226,0.01,cross_network_same_hemi,LH_LimbicB_OFC_1,pGP-lh,LimbicB,Pallidum_post,left,left
50,227,0.005,cross_network_same_hemi,LH_LimbicB_OFC_1,aGP-lh,LimbicB,Pallidum_ant,left,left
51,0,0.005,cross_network_same_hemi,LH_LimbicB_OFC_2,LH_VisCent_ExStr_2,LimbicB,VisCent,left,left
51,53,0.005,cross_network_same_hemi,LH_LimbicB_OFC_2,LH_LimbicA_TempPole_2,LimbicB,LimbicA,left,left
51,54,0.005,cross_network_same_hemi,LH_LimbicB_OFC_2,LH_LimbicA_TempPole_3,LimbicB,LimbicA,left,left
51,153,0.005,cross_hemi_diff_network,LH_LimbicB_OFC_2,RH_SalVentAttnB_Ins_1,LimbicB,SalVentAttnB,left,right
51,160,0.005,cross_hemi_diff_network,LH_LimbicB_OFC_2,RH_LimbicA_TempPole_1,LimbicB,LimbicA,left,right
51,202,0.005,cross_hemi_diff_network,LH_LimbicB_OFC_2,lAMY-rh,LimbicB,Amygdala_lat,left,right
51,210,0.005,cross_hemi_diff_network,LH_LimbicB_OFC_2,pGP-rh,LimbicB,Pallidum_post,left,right
51,224,0.005,cross_network_same_hemi,LH_LimbicB_OFC_2,NAc-shell-lh,LimbicB,Accumbens_shell,left,left
51,226,0.005,cross_network_same_hemi,LH_LimbicB_OFC_2,pGP-lh,LimbicB,Pallidum_post,left,left
52,30,0.005,cross_network_same_hemi,LH_LimbicA_TempPole_1,LH_DorsAttnA_ParOcc_1,LimbicA,DorsAttnA,left,left
52,50,0.01,cross_network_same_hemi,LH_LimbicA_TempPole_1,LH_LimbicB_OFC_1,LimbicA,LimbicB,left,left
52,53,0.005,within_network,LH_LimbicA_TempPole_1,LH_LimbicA_TempPole_2,LimbicA,LimbicA,left,left
52,55,0.01,within_network,LH_LimbicA_TempPole_1,LH_LimbicA_TempPole_4,LimbicA,LimbicA,left,left
52,161,0.015,within_network,LH_LimbicA_TempPole_1,RH_LimbicA_TempPole_2,LimbicA,LimbicA,left,right
52,162,0.01,within_network,LH_LimbicA_TempPole_1,RH_LimbicA_TempPole_3,LimbicA,LimbicA,left,right
52,169,0.005,cross_hemi_diff_network,LH_LimbicA_TempPole_1,RH_ContA_Cingm_1,LimbicA,ContA,left,right
52,195,0.005,cross_hemi_diff_network,LH_LimbicA_TempPole_1,RH_DefaultC_PHC_1,LimbicA,DefaultC,left,right
52,202,0.03,cross_hemi_diff_network,LH_LimbicA_TempPole_1,lAMY-rh,LimbicA,Amygdala_lat,left,right
52,208,0.005,cross_hemi_diff_network,LH_LimbicA_TempPole_1,NAc-shell-rh,LimbicA,Accumbens_shell,left,right
52,217,0.005,cross_network_same_hemi,LH_LimbicA_TempPole_1,pHIP-lh,LimbicA,Hippocampus_post,left,left
52,218,0.02,cross_network_same_hemi,LH_LimbicA_TempPole_1,lAMY-lh,LimbicA,Amygdala_lat,left,left
52,219,0.005,cross_network_same_hemi,LH_LimbicA_TempPole_1,mAMY-lh,LimbicA,Amygdala_med,left,left
52,231,0.005,cross_network_same_hemi,LH_LimbicA_TempPole_1,pCAU-lh,LimbicA,Caudate_post,left,left
53,50,0.005,cross_network_same_hemi,LH_LimbicA_TempPole_2,LH_LimbicB_OFC_1,LimbicA,LimbicB,left,left
53,52,0.005,within_network,LH_LimbicA_TempPole_2,LH_LimbicA_TempPole_1,LimbicA,LimbicA,left,left
53,54,0.035,within_network,LH_LimbicA_TempPole_2,LH_LimbicA_TempPole_3,LimbicA,LimbicA,left,left
53,156,0.01,cross_hemi_diff_network,LH_LimbicA_TempPole_2,RH_LimbicB_OFC_1,LimbicA,LimbicB,left,right
53,160,0.025,within_network,LH_LimbicA_TempPole_2,RH_LimbicA_TempPole_1,LimbicA,LimbicA,left,right
53,161,0.005,within_network,LH_LimbicA_TempPole_2,RH_LimbicA_TempPole_2,LimbicA,LimbicA,left,right
53,162,0.005,within_network,LH_LimbicA_TempPole_2,RH_LimbicA_TempPole_3,LimbicA,LimbicA,left,right
53,169,0.005,cross_hemi_diff_network,LH_LimbicA_TempPole_2,RH_ContA_Cingm_1,LimbicA,ContA,left,right
53,189,0.005,cross_hemi_diff_network,LH_LimbicA_TempPole_2,RH_DefaultB_Temp_1,LimbicA,DefaultB,left,right
53,193,0.005,cross_hemi_diff_network,LH_LimbicA_TempPole_2,RH_DefaultC_IPL_1,LimbicA,DefaultC,left,right
53,196,0.005,cross_hemi_diff_network,LH_LimbicA_TempPole_2,RH_TempPar_1,LimbicA,TempPar,left,right
53,200,0.005,cross_hemi_diff_network,LH_LimbicA_TempPole_2,aHIP-rh,LimbicA,Hippocampus_ant,left,right
53,202,0.005,cross_hemi_diff_network,LH_LimbicA_TempPole_2,lAMY-rh,LimbicA,Amygdala_lat,left,right
53,204,0.005,cross_hemi_diff_network,LH_LimbicA_TempPole_2,THA-DP-rh,LimbicA,Thalamus_DP,left,right
53,208,0.005,cross_hemi_diff_network,LH_LimbicA_TempPole_2,NAc-shell-rh,LimbicA,Accumbens_shell,left,right
53,210,0.01,cross_hemi_diff_network,LH_LimbicA_TempPole_2,pGP-rh,LimbicA,Pallidum_post,left,right
53,211,0.005,cross_hemi_diff_network,LH_LimbicA_TempPole_2,aGP-rh,LimbicA,Pallidum_ant,left,right
53,217,0.005,cross_network_same_hemi,LH_LimbicA_TempPole_2,pHIP-lh,LimbicA,Hippocampus_post,left,left
53,218,0.01,cross_network_same_hemi,LH_LimbicA_TempPole_2,lAMY-lh,LimbicA,Amygdala_lat,left,left
53,219,0.01,cross_network_same_hemi,LH_LimbicA_TempPole_2,mAMY-lh,LimbicA,Amygdala_med,left,left
53,220,0.005,cross_network_same_hemi,LH_LimbicA_TempPole_2,THA-DP-lh,LimbicA,Thalamus_DP,left,left
53,221,0.005,cross_network_same_hemi,LH_LimbicA_TempPole_2,THA-VP-lh,LimbicA,Thalamus_VP,left,left
53,227,0.005,cross_network_same_hemi,LH_LimbicA_TempPole_2,aGP-lh,LimbicA,Pallidum_ant,left,left
53,231,0.005,cross_network_same_hemi,LH_LimbicA_TempPole_2,pCAU-lh,LimbicA,Caudate_post,left,left
54,8,0.005,cross_network_same_hemi,LH_LimbicA_TempPole_3,LH_VisPeri_ExStrInf_3,LimbicA,VisPeri,left,left
54,50,0.005,cross_network_same_hemi,LH_LimbicA_TempPole_3,LH_LimbicB_OFC_1,LimbicA,LimbicB,left,left
54,53,0.02,within_network,LH_LimbicA_TempPole_3,LH_LimbicA_TempPole_2,LimbicA,LimbicA,left,left
54,64,0.005,cross_network_same_hemi,LH_LimbicA_TempPole_3,LH_ContA_PFCl_3,LimbicA,ContA,left,left
54,92,0.005,cross_network_same_hemi,LH_LimbicA_TempPole_3,LH_DefaultB_PFCv_2,LimbicA,DefaultB,left,left
54,99,0.01,cross_network_same_hemi,LH_LimbicA_TempPole_3,LH_TempPar_2,LimbicA,TempPar,left,left
54,161,0.01,within_network,LH_LimbicA_TempPole_3,RH_LimbicA_TempPole_2,LimbicA,LimbicA,left,right
54,162,0.03,within_network,LH_LimbicA_TempPole_3,RH_LimbicA_TempPole_3,LimbicA,LimbicA,left,right
54,187,0.005,cross_hemi_diff_network,LH_LimbicA_TempPole_3,RH_DefaultA_PFCm_2,LimbicA,DefaultA,left,right
54,202,0.025,cross_hemi_diff_network,LH_LimbicA_TempPole_3,lAMY-rh,LimbicA,Amygdala_lat,left,right
54,203,0.005,cross_hemi_diff_network,LH_LimbicA_TempPole_3,mAMY-rh,LimbicA,Amygdala_med,left,right
54,204,0.005,cross_hemi_diff_network,LH_LimbicA_TempPole_3,THA-DP-rh,LimbicA,Thalamus_DP,left,right
54,210,0.01,cross_hemi_diff_network,LH_LimbicA_TempPole_3,pGP-rh,LimbicA,Pallidum_post,left,right
54,218,0.02,cross_network_same_hemi,LH_LimbicA_TempPole_3,lAMY-lh,LimbicA,Amygdala_lat,left,left
54,220,0.015,cross_network_same_hemi,LH_LimbicA_TempPole_3,THA-DP-lh,LimbicA,Thalamus_DP,left,left
54,221,0.005,cross_network_same_hemi,LH_LimbicA_TempPole_3,THA-VP-lh,LimbicA,Thalamus_VP,left,left
54,225,0.005,cross_network_same_hemi,LH_LimbicA_TempPole_3,NAc-core-lh,LimbicA,Accumbens_core,left,left
54,226,0.02,cross_network_same_hemi,LH_LimbicA_TempPole_3,pGP-lh,LimbicA,Pallidum_post,left,left
54,227,0.015,cross_network_same_hemi,LH_LimbicA_TempPole_3,aGP-lh,LimbicA,Pallidum_ant,left,left
55,6,0.005,cross_network_same_hemi,LH_LimbicA_TempPole_4,LH_VisPeri_ExStrInf_1,LimbicA,VisPeri,left,left
55,41,0.01,cross_network_same_hemi,LH_LimbicA_TempPole_4,LH_SalVentAttnA_FrOper_1,LimbicA,SalVentAttnA,left,left
55,50,0.015,cross_network_same_hemi,LH_LimbicA_TempPole_4,LH_LimbicB_OFC_1,LimbicA,LimbicB,left,left
55,52,0.01,within_network,LH_LimbicA_TempPole_4,LH_LimbicA_TempPole_1,LimbicA,LimbicA,left,left
55,53,0.01,within_network,LH_LimbicA_TempPole_4,LH_LimbicA_TempPole_2,LimbicA,LimbicA,left,left
55,63,0.005,cross_network_same_hemi,LH_LimbicA_TempPole_4,LH_ContA_PFCl_2,LimbicA,ContA,left,left
55,83,0.005,cross_network_same_hemi,LH_LimbicA_TempPole_4,LH_DefaultB_Temp_2,LimbicA,DefaultB,left,left
55,92,0.005,cross_network_same_hemi,LH_LimbicA_TempPole_4,LH_DefaultB_PFCv_2,LimbicA,DefaultB,left,left
55,128,0.005,cross_hemi_diff_network,LH_LimbicA_TempPole_4,RH_SomMotB_S2_4,LimbicA,SomMotB,left,right
55,140,0.005,cross_hemi_diff_network,LH_LimbicA_TempPole_4,RH_DorsAttnB_FEF_1,LimbicA,DorsAttnB,left,right
55,143,0.005,cross_hemi_diff_network,LH_LimbicA_TempPole_4,RH_SalVentAttnA_Ins_1,LimbicA,SalVentAttnA,left,right
55,144,0.005,cross_hemi_diff_network,LH_LimbicA_TempPole_4,RH_SalVentAttnA_Ins_2,LimbicA,SalVentAttnA,left,right
55,152,0.005,cross_hemi_diff_network,LH_LimbicA_TempPole_4,RH_SalVentAttnB_PFCl_1,LimbicA,SalVentAttnB,left,right
55,156,0.005,cross_hemi_diff_network,LH_LimbicA_TempPole_4,RH_LimbicB_OFC_1,LimbicA,LimbicB,left,right
55,160,0.02,within_network,LH_LimbicA_TempPole_4,RH_LimbicA_TempPole_1,LimbicA,LimbicA,left,right
55,161,0.005,within_network,LH_LimbicA_TempPole_4,RH_LimbicA_TempPole_2,LimbicA,LimbicA,left,right
55,162,0.005,within_network,LH_LimbicA_TempPole_4,RH_LimbicA_TempPole_3,LimbicA,LimbicA,left,right
55,187,0.01,cross_hemi_diff_network,LH_LimbicA_TempPole_4,RH_DefaultA_PFCm_2,LimbicA,DefaultA,left,right
55,189,0.005,cross_hemi_diff_network,LH_LimbicA_TempPole_4,RH_DefaultB_Temp_1,LimbicA,DefaultB,left,right
55,197,0.01,cross_hemi_diff_network,LH_LimbicA_TempPole_4,RH_TempPar_2,LimbicA,TempPar,left,right
55,198,0.005,cross_hemi_diff_network,LH_LimbicA_TempPole_4,RH_TempPar_3,LimbicA,TempPar,left,right
55,199,0.005,cross_hemi_diff_network,LH_LimbicA_TempPole_4,RH_TempPar_4,LimbicA,TempPar,left,right
55,200,0.005,cross_hemi_diff_network,LH_LimbicA_TempPole_4,aHIP-rh,LimbicA,Hippocampus_ant,left,right
55,201,0.015,cross_hemi_diff_network,LH_LimbicA_TempPole_4,pHIP-rh,LimbicA,Hippocampus_post,left,right
55,202,0.05,cross_hemi_diff_network,LH_LimbicA_TempPole_4,lAMY-rh,LimbicA,Amygdala_lat,left,right
55,204,0.01,cross_hemi_diff_network,LH_LimbicA_TempPole_4,THA-DP-rh,LimbicA,Thalamus_DP,left,right
55,205,0.005,cross_hemi_diff_network,LH_LimbicA_TempPole_4,THA-VP-rh,LimbicA,Thalamus_VP,left,right
55,208,0.015,cross_hemi_diff_network,LH_LimbicA_TempPole_4,NAc-shell-rh,LimbicA,Accumbens_shell,left,right
55,210,0.015,cross_hemi_diff_network,LH_LimbicA_TempPole_4,pGP-rh,LimbicA,Pallidum_post,left,right
55,211,0.01,cross_hemi_diff_network,LH_LimbicA_TempPole_4,aGP-rh,LimbicA,Pallidum_ant,left,right
55,216,0.005,cross_network_same_hemi,LH_LimbicA_TempPole_4,aHIP-lh,LimbicA,Hippocampus_ant,left,left
55,218,0.01,cross_network_same_hemi,LH_LimbicA_TempPole_4,lAMY-lh,LimbicA,Amygdala_lat,left,left
55,219,0.025,cross_network_same_hemi,LH_LimbicA_TempPole_4,mAMY-lh,LimbicA,Amygdala_med,left,left
55,221,0.005,cross_network_same_hemi,LH_LimbicA_TempPole_4,THA-VP-lh,LimbicA,Thalamus_VP,left,left
55,224,0.01,cross_network_same_hemi,LH_LimbicA_TempPole_4,NAc-shell-lh,LimbicA,Accumbens_shell,left,left
55,226,0.005,cross_network_same_hemi,LH_LimbicA_TempPole_4,pGP-lh,LimbicA,Pallidum_post,left,left
55,227,0.005,cross_network_same_hemi,LH_LimbicA_TempPole_4,aGP-lh,LimbicA,Pallidum_ant,left,left
56,8,0.005,cross_network_same_hemi,LH_ContA_Temp_1,LH_VisPeri_ExStrInf_3,ContA,VisPeri,left,left
56,30,0.005,cross_network_same_hemi,LH_ContA_Temp_1,LH_DorsAttnA_ParOcc_1,ContA,DorsAttnA,left,left
56,33,0.005,cross_network_same_hemi,LH_ContA_Temp_1,LH_DorsAttnA_SPL_3,ContA,DorsAttnA,left,left
56,38,0.01,cross_network_same_hemi,LH_ContA_Temp_1,LH_DorsAttnB_FEF_1,ContA,DorsAttnB,left,left
56,59,0.005,within_network,LH_ContA_Temp_1,LH_ContA_IPS_3,ContA,ContA,left,left
56,60,0.005,within_network,LH_ContA_Temp_1,LH_ContA_PFCd_1,ContA,ContA,left,left
56,64,0.005,within_network,LH_ContA_Temp_1,LH_ContA_PFCl_3,ContA,ContA,left,left
56,95,0.005,cross_network_same_hemi,LH_ContA_Temp_1,LH_DefaultC_IPL_1,ContA,DefaultC,left,left
56,99,0.015,cross_network_same_hemi,LH_ContA_Temp_1,LH_TempPar_2,ContA,TempPar,left,left
56,131,0.005,cross_hemi_diff_network,LH_ContA_Temp_1,RH_DorsAttnA_ParOcc_1,ContA,DorsAttnA,left,right
56,132,0.005,cross_hemi_diff_network,LH_ContA_Temp_1,RH_DorsAttnA_SPL_1,ContA,DorsAttnA,left,right
56,138,0.005,cross_hemi_diff_network,LH_ContA_Temp_1,RH_DorsAttnB_PostC_3,ContA,DorsAttnB,left,right
56,139,0.005,cross_hemi_diff_network,LH_ContA_Temp_1,RH_DorsAttnB_PostC_4,ContA,DorsAttnB,left,right
56,140,0.005,cross_hemi_diff_network,LH_ContA_Temp_1,RH_DorsAttnB_FEF_1,ContA,DorsAttnB,left,right
56,141,0.005,cross_hemi_diff_network,LH_ContA_Temp_1,RH_SalVentAttnA_ParOper_1,ContA,SalVentAttnA,left,right
56,143,0.01,cross_hemi_diff_network,LH_ContA_Temp_1,RH_SalVentAttnA_Ins_1,ContA,SalVentAttnA,left,right
56,163,0.005,cross_hemi_diff_network,LH_ContA_Temp_1,RH_LimbicA_TempPole_4,ContA,LimbicA,left,right
56,168,0.005,within_network,LH_ContA_Temp_1,RH_ContA_PFCl_2,ContA,ContA,left,right
56,202,0.005,cross_hemi_diff_network,LH_ContA_Temp_1,lAMY-rh,ContA,Amygdala_lat,left,right
56,204,0.005,cross_hemi_diff_network,LH_ContA_Temp_1,THA-DP-rh,ContA,Thalamus_DP,left,right
56,205,0.005,cross_hemi_diff_network,LH_ContA_Temp_1,THA-VP-rh,ContA,Thalamus_VP,left,right
56,207,0.005,cross_hemi_diff_network,LH_ContA_Temp_1,THA-DA-rh,ContA,Thalamus_DA,left,right
56,210,0.005,cross_hemi_diff_network,LH_ContA_Temp_1,pGP-rh,ContA,Pallidum_post,left,right
56,227,0.005,cross_network_same_hemi,LH_ContA_Temp_1,aGP-lh,ContA,Pallidum_ant,left,left
57,53,0.005,cross_network_same_hemi,LH_ContA_IPS_1,LH_LimbicA_TempPole_2,ContA,LimbicA,left,left
57,64,0.015,within_network,LH_ContA_IPS_1,LH_ContA_PFCl_3,ContA,ContA,left,left
57,66,0.005,cross_network_same_hemi,LH_ContA_IPS_1,LH_ContB_Temp_1,ContA,ContB,left,left
57,99,0.005,cross_network_same_hemi,LH_ContA_IPS_1,LH_TempPar_2,ContA,TempPar,left,left
58,53,0.005,cross_network_same_hemi,LH_ContA_IPS_2,LH_LimbicA_TempPole_2,ContA,LimbicA,left,left
58,56,0.005,within_network,LH_ContA_IPS_2,LH_ContA_Temp_1,ContA,ContA,left,left
58,64,0.01,within_network,LH_ContA_IPS_2,LH_ContA_PFCl_3,ContA,ContA,left,left
58,220,0.005,cross_network_same_hemi,LH_ContA_IPS_2,THA-DP-lh,ContA,Thalamus_DP,left,left
59,28,0.005,cross_network_same_hemi,LH_ContA_IPS_3,LH_DorsAttnA_TempOcc_1,ContA,DorsAttnA,left,left
59,38,0.015,cross_network_same_hemi,LH_ContA_IPS_3,LH_DorsAttnB_FEF_1,ContA,DorsAttnB,left,left
59,53,0.005,cross_network_same_hemi,LH_ContA_IPS_3,LH_LimbicA_TempPole_2,ContA,LimbicA,left,left
59,64,0.01,within_network,LH_ContA_IPS_3,LH_ContA_PFCl_3,ContA,ContA,left,left
59,67,0.005,cross_network_same_hemi,LH_ContA_IPS_3,LH_ContB_IPL_1,ContA,ContB,left,left
59,140,0.005,cross_hemi_diff_network,LH_ContA_IPS_3,RH_DorsAttnB_FEF_1,ContA,DorsAttnB,left,right
60,27,0.005,cross_network_same_hemi,LH_ContA_PFCd_1,LH_SomMotB_Cent_2,ContA,SomMotB,left,left
60,28,0.005,cross_network_same_hemi,LH_ContA_PFCd_1,LH_DorsAttnA_TempOcc_1,ContA,DorsAttnA,left,left
60,30,0.005,cross_network_same_hemi,LH_ContA_PFCd_1,LH_DorsAttnA_ParOcc_1,ContA,DorsAttnA,left,left
60,38,0.005,cross_network_same_hemi,LH_ContA_PFCd_1,LH_DorsAttnB_FEF_1,ContA,DorsAttnB,left,left
60,63,0.005,within_network,LH_ContA_PFCd_1,LH_ContA_PFCl_2,ContA,ContA,left,left
60,64,0.02,within_network,LH_ContA_PFCd_1,LH_ContA_PFCl_3,ContA,ContA,left,left
60,66,0.005,cross_network_same_hemi,LH_ContA_PFCd_1,LH_ContB_Temp_1,ContA,ContB,left,left
60,68,0.005,cross_network_same_hemi,LH_ContA_PFCd_1,LH_ContB_PFCl_1,ContA,ContB,left,left
60,75,0.005,cross_network_same_hemi,LH_ContA_PFCd_1,LH_DefaultA_PFCd_1,ContA,DefaultA,left,left
60,89,0.005,cross_network_same_hemi,LH_ContA_PFCd_1,LH_DefaultB_PFCd_3,ContA,DefaultB,left,left
60,113,0.005,cross_hemi_diff_network,LH_ContA_PFCd_1,RH_SomMotA_2,ContA,SomMotA,left,right
60,148,0.005,cross_hemi_diff_network,LH_ContA_PFCd_1,RH_SalVentAttnA_ParMed_2,ContA,SalVentAttnA,left,right
60,150,0.005,cross_hemi_diff_network,LH_ContA_PFCd_1,RH_SalVentAttnB_IPL_1,ContA,SalVentAttnB,left,right
61,30,0.005,cross_network_same_hemi,LH_ContA_PFClv_1,LH_DorsAttnA_ParOcc_1,ContA,DorsAttnA,left,left
61,38,0.005,cross_network_same_hemi,LH_ContA_PFClv_1,LH_DorsAttnB_FEF_1,ContA,DorsAttnB,left,left
61,46,0.005,cross_network_same_hemi,LH_ContA_PFClv_1,LH_SalVentAttnB_IPL_1,ContA,SalVentAttnB,left,left
61,52,0.005,cross_network_same_hemi,LH_ContA_PFClv_1,LH_LimbicA_TempPole_1,ContA,LimbicA,left,left
61,53,0.015,cross_network_same_hemi,LH_ContA_PFClv_1,LH_LimbicA_TempPole_2,ContA,LimbicA,left,left
61,56,0.02,within_network,LH_ContA_PFClv_1,LH_ContA_Temp_1,ContA,ContA,left,left
61,57,0.005,within_network,LH_ContA_PFClv_1,LH_ContA_IPS_1,ContA,ContA,left,left
61,64,0.015,within_network,LH_ContA_PFClv_1,LH_ContA_PFCl_3,ContA,ContA,left,left
61,67,0.01,cross_network_same_hemi,LH_ContA_PFClv_1,LH_ContB_IPL_1,ContA,ContB,left,left
61,83,0.005,cross_network_same_hemi,LH_ContA_PFClv_1,LH_DefaultB_Temp_2,ContA,DefaultB,left,left
61,89,0.005,cross_network_same_hemi,LH_ContA_PFClv_1,LH_DefaultB_PFCd_3,ContA,DefaultB,left,left
61,92,0.005,cross_network_same_hemi,LH_ContA_PFClv_1,LH_DefaultB_PFCv_2,ContA,DefaultB,left,left
61,99,0.005,cross_network_same_hemi,LH_ContA_PFClv_1,LH_TempPar_2,ContA,TempPar,left,left
61,151,0.005,cross_hemi_diff_network,LH_ContA_PFClv_1,RH_SalVentAttnB_PFClv_1,ContA,SalVentAttnB,left,right
61,168,0.01,within_network,LH_ContA_PFClv_1,RH_ContA_PFCl_2,ContA,ContA,left,right
61,169,0.005,within_network,LH_ContA_PFClv_1,RH_ContA_Cingm_1,ContA,ContA,left,right
61,177,0.005,cross_hemi_diff_network,LH_ContA_PFClv_1,RH_ContB_PFClv_2,ContA,ContB,left,right
61,198,0.005,cross_hemi_diff_network,LH_ContA_PFClv_1,RH_TempPar_3,ContA,TempPar,left,right
61,208,0.005,cross_hemi_diff_network,LH_ContA_PFClv_1,NAc-shell-rh,ContA,Accumbens_shell,left,right
61,210,0.01,cross_hemi_diff_network,LH_ContA_PFClv_1,pGP-rh,ContA,Pallidum_post,left,right
61,211,0.005,cross_hemi_diff_network,LH_ContA_PFClv_1,aGP-rh,ContA,Pallidum_ant,left,right
61,220,0.005,cross_network_same_hemi,LH_ContA_PFClv_1,THA-DP-lh,ContA,Thalamus_DP,left,left
61,227,0.015,cross_network_same_hemi,LH_ContA_PFClv_1,aGP-lh,ContA,Pallidum_ant,left,left
62,8,0.005,cross_network_same_hemi,LH_ContA_PFCl_1,LH_VisPeri_ExStrInf_3,ContA,VisPeri,left,left
62,31,0.005,cross_network_same_hemi,LH_ContA_PFCl_1,LH_DorsAttnA_SPL_1,ContA,DorsAttnA,left,left
62,52,0.005,cross_network_same_hemi,LH_ContA_PFCl_1,LH_LimbicA_TempPole_1,ContA,LimbicA,left,left
62,54,0.005,cross_network_same_hemi,LH_ContA_PFCl_1,LH_LimbicA_TempPole_3,ContA,LimbicA,left,left
62,56,0.01,within_network,LH_ContA_PFCl_1,LH_ContA_Temp_1,ContA,ContA,left,left
62,64,0.005,within_network,LH_ContA_PFCl_1,LH_ContA_PFCl_3,ContA,ContA,left,left
62,66,0.01,cross_network_same_hemi,LH_ContA_PFCl_1,LH_ContB_Temp_1,ContA,ContB,left,left
62,67,0.01,cross_network_same_hemi,LH_ContA_PFCl_1,LH_ContB_IPL_1,ContA,ContB,left,left
62,85,0.005,cross_network_same_hemi,LH_ContA_PFCl_1,LH_DefaultB_Temp_4,ContA,DefaultB,left,left
62,86,0.005,cross_network_same_hemi,LH_ContA_PFCl_1,LH_DefaultB_IPL_1,ContA,DefaultB,left,left
62,157,0.005,cross_hemi_diff_network,LH_ContA_PFCl_1,RH_LimbicB_OFC_2,ContA,LimbicB,left,right
62,210,0.01,cross_hemi_diff_network,LH_ContA_PFCl_1,pGP-rh,ContA,Pallidum_post,left,right
62,217,0.005,cross_network_same_hemi,LH_ContA_PFCl_1,pHIP-lh,ContA,Hippocampus_post,left,left
62,226,0.005,cross_network_same_hemi,LH_ContA_PFCl_1,pGP-lh,ContA,Pallidum_post,left,left
62,227,0.01,cross_network_same_hemi,LH_ContA_PFCl_1,aGP-lh,ContA,Pallidum_ant,left,left
63,13,0.005,cross_network_same_hemi,LH_ContA_PFCl_2,LH_SomMotA_2,ContA,SomMotA,left,left
63,36,0.005,cross_network_same_hemi,LH_ContA_PFCl_2,LH_DorsAttnB_PostC_3,ContA,DorsAttnB,left,left
63,38,0.005,cross_network_same_hemi,LH_ContA_PFCl_2,LH_DorsAttnB_FEF_1,ContA,DorsAttnB,left,left
63,39,0.01,cross_network_same_hemi,LH_ContA_PFCl_2,LH_SalVentAttnA_ParOper_1,ContA,SalVentAttnA,left,left
63,40,0.005,cross_network_same_hemi,LH_ContA_PFCl_2,LH_SalVentAttnA_Ins_1,ContA,SalVentAttnA,left,left
63,41,0.005,cross_network_same_hemi,LH_ContA_PFCl_2,LH_SalVentAttnA_FrOper_1,ContA,SalVentAttnA,left,left
63,42,0.005,cross_network_same_hemi,LH_ContA_PFCl_2,LH_SalVentAttnA_FrOper_2,ContA,SalVentAttnA,left,left
63,46,0.005,cross_network_same_hemi,LH_ContA_PFCl_2,LH_SalVentAttnB_IPL_1,ContA,SalVentAttnB,left,left
63,48,0.005,cross_network_same_hemi,LH_ContA_PFCl_2,LH_SalVentAttnB_Ins_1,ContA,SalVentAttnB,left,left
63,55,0.01,cross_network_same_hemi,LH_ContA_PFCl_2,LH_LimbicA_TempPole_4,ContA,LimbicA,left,left
63,56,0.01,within_network,LH_ContA_PFCl_2,LH_ContA_Temp_1,ContA,ContA,left,left
63,57,0.005,within_network,LH_ContA_PFCl_2,LH_ContA_IPS_1,ContA,ContA,left,left
63,59,0.01,within_network,LH_ContA_PFCl_2,LH_ContA_IPS_3,ContA,ContA,left,left
63,64,0.01,within_network,LH_ContA_PFCl_2,LH_ContA_PFCl_3,ContA,ContA,left,left
63,67,0.005,cross_network_same_hemi,LH_ContA_PFCl_2,LH_ContB_IPL_1,ContA,ContB,left,left
63,69,0.005,cross_network_same_hemi,LH_ContA_PFCl_2,LH_ContB_PFClv_1,ContA,ContB,left,left
63,131,0.01,cross_hemi_diff_network,LH_ContA_PFCl_2,RH_DorsAttnA_ParOcc_1,ContA,DorsAttnA,left,right
63,142,0.005,cross_hemi_diff_network,LH_ContA_PFCl_2,RH_SalVentAttnA_PrC_1,ContA,SalVentAttnA,left,right
63,168,0.005,within_network,LH_ContA_PFCl_2,RH_ContA_PFCl_2,ContA,ContA,left,right
63,199,0.005,cross_hemi_diff_network,LH_ContA_PFCl_2,RH_TempPar_4,ContA,TempPar,left,right
63,202,0.005,cross_hemi_diff_network,LH_ContA_PFCl_2,lAMY-rh,ContA,Amygdala_lat,left,right
63,204,0.005,cross_hemi_diff_network,LH_ContA_PFCl_2,THA-DP-rh,ContA,Thalamus_DP,left,right
63,205,0.005,cross_hemi_diff_network,LH_ContA_PFCl_2,THA-VP-rh,ContA,Thalamus_VP,left,right
63,221,0.01,cross_network_same_hemi,LH_ContA_PFCl_2,THA-VP-lh,ContA,Thalamus_VP,left,left
63,225,0.005,cross_network_same_hemi,LH_ContA_PFCl_2,NAc-core-lh,ContA,Accumbens_core,left,left
63,226,0.005,cross_network_same_hemi,LH_ContA_PFCl_2,pGP-lh,ContA,Pallidum_post,left,left
63,227,0.015,cross_network_same_hemi,LH_ContA_PFCl_2,aGP-lh,ContA,Pallidum_ant,left,left
64,8,0.005,cross_network_same_hemi,LH_ContA_PFCl_3,LH_VisPeri_ExStrInf_3,ContA,VisPeri,left,left
64,24,0.005,cross_network_same_hemi,LH_ContA_PFCl_3,LH_SomMotB_Aud_3,ContA,SomMotB,left,left
64,42,0.005,cross_network_same_hemi,LH_ContA_PFCl_3,LH_SalVentAttnA_FrOper_2,ContA,SalVentAttnA,left,left
64,55,0.005,cross_network_same_hemi,LH_ContA_PFCl_3,LH_LimbicA_TempPole_4,ContA,LimbicA,left,left
64,59,0.005,within_network,LH_ContA_PFCl_3,LH_ContA_IPS_3,ContA,ContA,left,left
64,61,0.005,within_network,LH_ContA_PFCl_3,LH_ContA_PFClv_1,ContA,ContA,left,left
64,63,0.005,within_network,LH_ContA_PFCl_3,LH_ContA_PFCl_2,ContA,ContA,left,left
64,66,0.005,cross_network_same_hemi,LH_ContA_PFCl_3,LH_ContB_Temp_1,ContA,ContB,left,left
64,67,0.005,cross_network_same_hemi,LH_ContA_PFCl_3,LH_ContB_IPL_1,ContA,ContB,left,left
64,83,0.005,cross_network_same_hemi,LH_ContA_PFCl_3,LH_DefaultB_Temp_2,ContA,DefaultB,left,left
64,85,0.005,cross_network_same_hemi,LH_ContA_PFCl_3,LH_DefaultB_Temp_4,ContA,DefaultB,left,left
64,99,0.005,cross_network_same_hemi,LH_ContA_PFCl_3,LH_TempPar_2,ContA,TempPar,left,left
64,150,0.005,cross_hemi_diff_network,LH_ContA_PFCl_3,RH_SalVentAttnB_IPL_1,ContA,SalVentAttnB,left,right
64,164,0.005,within_network,LH_ContA_PFCl_3,RH_ContA_IPS_1,ContA,ContA,left,right
64,167,0.005,within_network,LH_ContA_PFCl_3,RH_ContA_PFCl_1,ContA,ContA,left,right
64,176,0.005,cross_hemi_diff_network,LH_ContA_PFCl_3,RH_ContB_PFClv_1,ContA,ContB,left,right
64,211,0.005,cross_hemi_diff_network,LH_ContA_PFCl_3,aGP-rh,ContA,Pallidum_ant,left,right
65,8,0.005,cross_network_same_hemi,LH_ContA_Cingm_1,LH_VisPeri_ExStrInf_3,ContA,VisPeri,left,left
65,28,0.005,cross_network_same_hemi,LH_ContA_Cingm_1,LH_DorsAttnA_TempOcc_1,ContA,DorsAttnA,left,left
65,52,0.005,cross_network_same_hemi,LH_ContA_Cingm_1,LH_LimbicA_TempPole_1,ContA,LimbicA,left,left
65,53,0.01,cross_network_same_hemi,LH_ContA_Cingm_1,LH_LimbicA_TempPole_2,ContA,LimbicA,left,left
65,55,0.005,cross_network_same_hemi,LH_ContA_Cingm_1,LH_LimbicA_TempPole_4,ContA,LimbicA,left,left
65,56,0.01,within_network,LH_ContA_Cingm_1,LH_ContA_Temp_1,ContA,ContA,left,left
65,59,0.005,within_network,LH_ContA_Cingm_1,LH_ContA_IPS_3,ContA,ContA,left,left
65,64,0.01,within_network,LH_ContA_Cingm_1,LH_ContA_PFCl_3,ContA,ContA,left,left
65,66,0.005,cross_network_same_hemi,LH_ContA_Cingm_1,LH_ContB_Temp_1,ContA,ContB,left,left
65,67,0.005,cross_network_same_hemi,LH_ContA_Cingm_1,LH_ContB_IPL_1,ContA,ContB,left,left
65,72,0.005,cross_network_same_hemi,LH_ContA_Cingm_1,LH_ContC_pCun_2,ContA,ContC,left,left
65,91,0.005,cross_network_same_hemi,LH_ContA_Cingm_1,LH_DefaultB_PFCv_1,ContA,DefaultB,left,left
65,92,0.005,cross_network_same_hemi,LH_ContA_Cingm_1,LH_DefaultB_PFCv_2,ContA,DefaultB,left,left
65,142,0.005,cross_hemi_diff_network,LH_ContA_Cingm_1,RH_SalVentAttnA_PrC_1,ContA,SalVentAttnA,left,right
65,147,0.005,cross_hemi_diff_network,LH_ContA_Cingm_1,RH_SalVentAttnA_ParMed_1,ContA,SalVentAttnA,left,right
65,153,0.01,cross_hemi_diff_network,LH_ContA_Cingm_1,RH_SalVentAttnB_Ins_1,ContA,SalVentAttnB,left,right
65,157,0.005,cross_hemi_diff_network,LH_ContA_Cingm_1,RH_LimbicB_OFC_2,ContA,LimbicB,left,right
65,162,0.005,cross_hemi_diff_network,LH_ContA_Cingm_1,RH_LimbicA_TempPole_3,ContA,LimbicA,left,right
65,168,0.005,within_network,LH_ContA_Cingm_1,RH_ContA_PFCl_2,ContA,ContA,left,right
65,171,0.005,cross_hemi_diff_network,LH_ContA_Cingm_1,RH_ContB_Temp_2,ContA,ContB,left,right
65,177,0.005,cross_hemi_diff_network,LH_ContA_Cingm_1,RH_ContB_PFClv_2,ContA,ContB,left,right
65,184,0.005,cross_hemi_diff_network,LH_ContA_Cingm_1,RH_DefaultA_PFCd_1,ContA,DefaultA,left,right
65,187,0.02,cross_hemi_diff_network,LH_ContA_Cingm_1,RH_DefaultA_PFCm_2,ContA,DefaultA,left,right
65,201,0.005,cross_hemi_diff_network,LH_ContA_Cingm_1,pHIP-rh,ContA,Hippocampus_post,left,right
65,202,0.015,cross_hemi_diff_network,LH_ContA_Cingm_1,lAMY-rh,ContA,Amygdala_lat,left,right
65,203,0.005,cross_hemi_diff_network,LH_ContA_Cingm_1,mAMY-rh,ContA,Amygdala_med,left,right
65,204,0.015,cross_hemi_diff_network,LH_ContA_Cingm_1,THA-DP-rh,ContA,Thalamus_DP,left,right
65,210,0.005,cross_hemi_diff_network,LH_ContA_Cingm_1,pGP-rh,ContA,Pallidum_post,left,right
65,211,0.01,cross_hemi_diff_network,LH_ContA_Cingm_1,aGP-rh,ContA,Pallidum_ant,left,right
65,214,0.005,cross_hemi_diff_network,LH_ContA_Cingm_1,aCAU-rh,ContA,Caudate_ant,left,right
65,227,0.02,cross_network_same_hemi,LH_ContA_Cingm_1,aGP-lh,ContA,Pallidum_ant,left,left
65,230,0.005,cross_network_same_hemi,LH_ContA_Cingm_1,aCAU-lh,ContA,Caudate_ant,left,left
65,231,0.005,cross_network_same_hemi,LH_ContA_Cingm_1,pCAU-lh,ContA,Caudate_post,left,left
66,50,0.005,cross_network_same_hemi,LH_ContB_Temp_1,LH_LimbicB_OFC_1,ContB,LimbicB,left,left
66,51,0.01,cross_network_same_hemi,LH_ContB_Temp_1,LH_LimbicB_OFC_2,ContB,LimbicB,left,left
66,53,0.005,cross_network_same_hemi,LH_ContB_Temp_1,LH_LimbicA_TempPole_2,ContB,LimbicA,left,left
66,56,0.005,cross_network_same_hemi,LH_ContB_Temp_1,LH_ContA_Temp_1,ContB,ContA,left,left
66,68,0.005,within_network,LH_ContB_Temp_1,LH_ContB_PFCl_1,ContB,ContB,left,left
66,86,0.005,cross_network_same_hemi,LH_ContB_Temp_1,LH_DefaultB_IPL_1,ContB,DefaultB,left,left
66,169,0.005,cross_hemi_diff_network,LH_ContB_Temp_1,RH_ContA_Cingm_1,ContB,ContA,left,right
66,202,0.005,cross_hemi_diff_network,LH_ContB_Temp_1,lAMY-rh,ContB,Amygdala_lat,left,right
66,208,0.005,cross_hemi_diff_network,LH_ContB_Temp_1,NAc-shell-rh,ContB,Accumbens_shell,left,right
66,220,0.005,cross_network_same_hemi,LH_ContB_Temp_1,THA-DP-lh,ContB,Thalamus_DP,left,left
67,53,0.005,cross_network_same_hemi,LH_ContB_IPL_1,LH_LimbicA_TempPole_2,ContB,LimbicA,left,left
67,93,0.005,cross_network_same_hemi,LH_ContB_IPL_1,LH_DefaultB_PFCv_3,ContB,DefaultB,left,left
68,88,0.005,cross_network_same_hemi,LH_ContB_PFCl_1,LH_DefaultB_PFCd_2,ContB,DefaultB,left,left
68,91,0.005,cross_network_same_hemi,LH_ContB_PFCl_1,LH_DefaultB_PFCv_1,ContB,DefaultB,left,left
68,176,0.005,within_network,LH_ContB_PFCl_1,RH_ContB_PFClv_1,ContB,ContB,left,right
68,177,0.005,within_network,LH_ContB_PFCl_1,RH_ContB_PFClv_2,ContB,ContB,left,right
68,208,0.005,cross_hemi_diff_network,LH_ContB_PFCl_1,NAc-shell-rh,ContB,Accumbens_shell,left,right
68,227,0.005,cross_network_same_hemi,LH_ContB_PFCl_1,aGP-lh,ContB,Pallidum_ant,left,left
69,0,0.005,cross_network_same_hemi,LH_ContB_PFClv_1,LH_VisCent_ExStr_2,ContB,VisCent,left,left
69,54,0.005,cross_network_same_hemi,LH_ContB_PFClv_1,LH_LimbicA_TempPole_3,ContB,LimbicA,left,left
69,92,0.005,cross_network_same_hemi,LH_ContB_PFClv_1,LH_DefaultB_PFCv_2,ContB,DefaultB,left,left
69,200,0.005,cross_hemi_diff_network,LH_ContB_PFClv_1,aHIP-rh,ContB,Hippocampus_ant,left,right
70,8,0.005,cross_network_same_hemi,LH_ContB_PFClv_2,LH_VisPeri_ExStrInf_3,ContB,VisPeri,left,left
70,53,0.005,cross_network_same_hemi,LH_ContB_PFClv_2,LH_LimbicA_TempPole_2,ContB,LimbicA,left,left
70,63,0.005,cross_network_same_hemi,LH_ContB_PFClv_2,LH_ContA_PFCl_2,ContB,ContA,left,left
70,64,0.005,cross_network_same_hemi,LH_ContB_PFClv_2,LH_ContA_PFCl_3,ContB,ContA,left,left
70,68,0.01,within_network,LH_ContB_PFClv_2,LH_ContB_PFCl_1,ContB,ContB,left,left
70,89,0.01,cross_network_same_hemi,LH_ContB_PFClv_2,LH_DefaultB_PFCd_3,ContB,DefaultB,left,left
70,151,0.005,cross_hemi_diff_network,LH_ContB_PFClv_2,RH_SalVentAttnB_PFClv_1,ContB,SalVentAttnB,left,right
70,152,0.005,cross_hemi_diff_network,LH_ContB_PFClv_2,RH_SalVentAttnB_PFCl_1,ContB,SalVentAttnB,left,right
70,153,0.01,cross_hemi_diff_network,LH_ContB_PFClv_2,RH_SalVentAttnB_Ins_1,ContB,SalVentAttnB,left,right
70,178,0.005,within_network,LH_ContB_PFClv_2,RH_ContB_PFCmp_1,ContB,ContB,left,right
70,187,0.01,cross_hemi_diff_network,LH_ContB_PFClv_2,RH_DefaultA_PFCm_2,ContB,DefaultA,left,right
70,199,0.005,cross_hemi_diff_network,LH_ContB_PFClv_2,RH_TempPar_4,ContB,TempPar,left,right
70,209,0.005,cross_hemi_diff_network,LH_ContB_PFClv_2,NAc-core-rh,ContB,Accumbens_core,left,right
70,211,0.005,cross_hemi_diff_network,LH_ContB_PFClv_2,aGP-rh,ContB,Pallidum_ant,left,right
70,225,0.005,cross_network_same_hemi,LH_ContB_PFClv_2,NAc-core-lh,ContB,Accumbens_core,left,left
70,227,0.02,cross_network_same_hemi,LH_ContB_PFClv_2,aGP-lh,ContB,Pallidum_ant,left,left
71,30,0.005,cross_network_same_hemi,LH_ContC_pCun_1,LH_DorsAttnA_ParOcc_1,ContC,DorsAttnA,left,left
71,31,0.01,cross_network_same_hemi,LH_ContC_pCun_1,LH_DorsAttnA_SPL_1,ContC,DorsAttnA,left,left
71,59,0.005,cross_network_same_hemi,LH_ContC_pCun_1,LH_ContA_IPS_3,ContC,ContA,left,left
71,64,0.005,cross_network_same_hemi,LH_ContC_pCun_1,LH_ContA_PFCl_3,ContC,ContA,left,left
71,74,0.005,cross_network_same_hemi,LH_ContC_pCun_1,LH_DefaultA_IPL_1,ContC,DefaultA,left,left
71,86,0.005,cross_network_same_hemi,LH_ContC_pCun_1,LH_DefaultB_IPL_1,ContC,DefaultB,left,left
71,97,0.005,cross_network_same_hemi,LH_ContC_pCun_1,LH_DefaultC_PHC_1,ContC,DefaultC,left,left
71,99,0.005,cross_network_same_hemi,LH_ContC_pCun_1,LH_TempPar_2,ContC,TempPar,left,left
71,110,0.005,cross_hemi_diff_network,LH_ContC_pCun_1,RH_VisPeri_ExStrSup_2,ContC,VisPeri,left,right
71,182,0.005,within_network,LH_ContC_pCun_1,RH_ContC_Cingp_1,ContC,ContC,left,right
71,210,0.005,cross_hemi_diff_network,LH_ContC_pCun_1,pGP-rh,ContC,Pallidum_post,left,right
71,220,0.005,cross_network_same_hemi,LH_ContC_pCun_1,THA-DP-lh,ContC,Thalamus_DP,left,left
72,43,0.005,cross_network_same_hemi,LH_ContC_pCun_2,LH_SalVentAttnA_ParMed_1,ContC,SalVentAttnA,left,left
72,53,0.005,cross_network_same_hemi,LH_ContC_pCun_2,LH_LimbicA_TempPole_2,ContC,LimbicA,left,left
72,55,0.005,cross_network_same_hemi,LH_ContC_pCun_2,LH_LimbicA_TempPole_4,ContC,LimbicA,left,left
72,139,0.005,cross_hemi_diff_network,LH_ContC_pCun_2,RH_DorsAttnB_PostC_4,ContC,DorsAttnB,left,right
72,166,0.005,cross_hemi_diff_network,LH_ContC_pCun_2,RH_ContA_PFCd_1,ContC,ContA,left,right
72,217,0.005,cross_network_same_hemi,LH_ContC_pCun_2,pHIP-lh,ContC,Hippocampus_post,left,left
73,55,0.005,cross_network_same_hemi,LH_ContC_Cingp_1,LH_LimbicA_TempPole_4,ContC,LimbicA,left,left
73,99,0.005,cross_network_same_hemi,LH_ContC_Cingp_1,LH_TempPar_2,ContC,TempPar,left,left
73,158,0.005,cross_hemi_diff_network,LH_ContC_Cingp_1,RH_LimbicB_OFC_3,ContC,LimbicB,left,right
73,162,0.005,cross_hemi_diff_network,LH_ContC_Cingp_1,RH_LimbicA_TempPole_3,ContC,LimbicA,left,right
73,164,0.005,cross_hemi_diff_network,LH_ContC_Cingp_1,RH_ContA_IPS_1,ContC,ContA,left,right
73,187,0.005,cross_hemi_diff_network,LH_ContC_Cingp_1,RH_DefaultA_PFCm_2,ContC,DefaultA,left,right
73,210,0.005,cross_hemi_diff_network,LH_ContC_Cingp_1,pGP-rh,ContC,Pallidum_post,left,right
73,211,0.01,cross_hemi_diff_network,LH_ContC_Cingp_1,aGP-rh,ContC,Pallidum_ant,left,right
73,226,0.005,cross_network_same_hemi,LH_ContC_Cingp_1,pGP-lh,ContC,Pallidum_post,left,left
74,13,0.005,cross_network_same_hemi,LH_DefaultA_IPL_1,LH_SomMotA_2,DefaultA,SomMotA,left,left
74,64,0.01,cross_network_same_hemi,LH_DefaultA_IPL_1,LH_ContA_PFCl_3,DefaultA,ContA,left,left
74,67,0.005,cross_network_same_hemi,LH_DefaultA_IPL_1,LH_ContB_IPL_1,DefaultA,ContB,left,left
74,70,0.005,cross_network_same_hemi,LH_DefaultA_IPL_1,LH_ContB_PFClv_2,DefaultA,ContB,left,left
74,86,0.005,cross_network_same_hemi,LH_DefaultA_IPL_1,LH_DefaultB_IPL_1,DefaultA,DefaultB,left,left
74,95,0.005,cross_network_same_hemi,LH_DefaultA_IPL_1,LH_DefaultC_IPL_1,DefaultA,DefaultC,left,left
74,99,0.005,cross_network_same_hemi,LH_DefaultA_IPL_1,LH_TempPar_2,DefaultA,TempPar,left,left
74,161,0.005,cross_hemi_diff_network,LH_DefaultA_IPL_1,RH_LimbicA_TempPole_2,DefaultA,LimbicA,left,right
75,54,0.005,cross_network_same_hemi,LH_DefaultA_PFCd_1,LH_LimbicA_TempPole_3,DefaultA,LimbicA,left,left
75,60,0.005,cross_network_same_hemi,LH_DefaultA_PFCd_1,LH_ContA_PFCd_1,DefaultA,ContA,left,left
75,83,0.005,cross_network_same_hemi,LH_DefaultA_PFCd_1,LH_DefaultB_Temp_2,DefaultA,DefaultB,left,left
75,86,0.005,cross_network_same_hemi,LH_DefaultA_PFCd_1,LH_DefaultB_IPL_1,DefaultA,DefaultB,left,left
75,89,0.005,cross_network_same_hemi,LH_DefaultA_PFCd_1,LH_DefaultB_PFCd_3,DefaultA,DefaultB,left,left
75,152,0.005,cross_hemi_diff_network,LH_DefaultA_PFCd_1,RH_SalVentAttnB_PFCl_1,DefaultA,SalVentAttnB,left,right
75,161,0.005,cross_hemi_diff_network,LH_DefaultA_PFCd_1,RH_LimbicA_TempPole_2,DefaultA,LimbicA,left,right
75,185,0.005,within_network,LH_DefaultA_PFCd_1,RH_DefaultA_pCunPCC_1,DefaultA,DefaultA,left,right
75,187,0.01,within_network,LH_DefaultA_PFCd_1,RH_DefaultA_PFCm_2,DefaultA,DefaultA,left,right
75,210,0.005,cross_hemi_diff_network,LH_DefaultA_PFCd_1,pGP-rh,DefaultA,Pallidum_post,left,right
75,217,0.005,cross_network_same_hemi,LH_DefaultA_PFCd_1,pHIP-lh,DefaultA,Hippocampus_post,left,left
76,50,0.005,cross_network_same_hemi,LH_DefaultA_pCunPCC_1,LH_LimbicB_OFC_1,DefaultA,LimbicB,left,left
76,70,0.005,cross_network_same_hemi,LH_DefaultA_pCunPCC_1,LH_ContB_PFClv_2,DefaultA,ContB,left,left
76,99,0.005,cross_network_same_hemi,LH_DefaultA_pCunPCC_1,LH_TempPar_2,DefaultA,TempPar,left,left
76,159,0.005,cross_hemi_diff_network,LH_DefaultA_pCunPCC_1,RH_LimbicB_OFC_4,DefaultA,LimbicB,left,right
76,210,0.005,cross_hemi_diff_network,LH_DefaultA_pCunPCC_1,pGP-rh,DefaultA,Pallidum_post,left,right
76,216,0.005,cross_network_same_hemi,LH_DefaultA_pCunPCC_1,aHIP-lh,DefaultA,Hippocampus_ant,left,left
76,220,0.005,cross_network_same_hemi,LH_DefaultA_pCunPCC_1,THA-DP-lh,DefaultA,Thalamus_DP,left,left
77,54,0.005,cross_network_same_hemi,LH_DefaultA_pCunPCC_2,LH_LimbicA_TempPole_3,DefaultA,LimbicA,left,left
77,83,0.005,cross_network_same_hemi,LH_DefaultA_pCunPCC_2,LH_DefaultB_Temp_2,DefaultA,DefaultB,left,left
77,86,0.01,cross_network_same_hemi,LH_DefaultA_pCunPCC_2,LH_DefaultB_IPL_1,DefaultA,DefaultB,left,left
77,92,0.005,cross_network_same_hemi,LH_DefaultA_pCunPCC_2,LH_DefaultB_PFCv_2,DefaultA,DefaultB,left,left
77,196,0.005,cross_hemi_diff_network,LH_DefaultA_pCunPCC_2,RH_TempPar_1,DefaultA,TempPar,left,right
77,204,0.005,cross_hemi_diff_network,LH_DefaultA_pCunPCC_2,THA-DP-rh,DefaultA,Thalamus_DP,left,right
77,210,0.01,cross_hemi_diff_network,LH_DefaultA_pCunPCC_2,pGP-rh,DefaultA,Pallidum_post,left,right
77,211,0.005,cross_hemi_diff_network,LH_DefaultA_pCunPCC_2,aGP-rh,DefaultA,Pallidum_ant,left,right
78,43,0.005,cross_network_same_hemi,LH_DefaultA_pCunPCC_3,LH_SalVentAttnA_ParMed_1,DefaultA,SalVentAttnA,left,left
78,64,0.005,cross_network_same_hemi,LH_DefaultA_pCunPCC_3,LH_ContA_PFCl_3,DefaultA,ContA,left,left
78,67,0.01,cross_network_same_hemi,LH_DefaultA_pCunPCC_3,LH_ContB_IPL_1,DefaultA,ContB,left,left
78,72,0.005,cross_network_same_hemi,LH_DefaultA_pCunPCC_3,LH_ContC_pCun_2,DefaultA,ContC,left,left
78,86,0.005,cross_network_same_hemi,LH_DefaultA_pCunPCC_3,LH_DefaultB_IPL_1,DefaultA,DefaultB,left,left
78,88,0.005,cross_network_same_hemi,LH_DefaultA_pCunPCC_3,LH_DefaultB_PFCd_2,DefaultA,DefaultB,left,left
78,98,0.005,cross_network_same_hemi,LH_DefaultA_pCunPCC_3,LH_TempPar_1,DefaultA,TempPar,left,left
78,99,0.005,cross_network_same_hemi,LH_DefaultA_pCunPCC_3,LH_TempPar_2,DefaultA,TempPar,left,left
78,138,0.005,cross_hemi_diff_network,LH_DefaultA_pCunPCC_3,RH_DorsAttnB_PostC_3,DefaultA,DorsAttnB,left,right
78,160,0.005,cross_hemi_diff_network,LH_DefaultA_pCunPCC_3,RH_LimbicA_TempPole_1,DefaultA,LimbicA,left,right
78,168,0.005,cross_hemi_diff_network,LH_DefaultA_pCunPCC_3,RH_ContA_PFCl_2,DefaultA,ContA,left,right
78,174,0.005,cross_hemi_diff_network,LH_DefaultA_pCunPCC_3,RH_ContB_PFCld_1,DefaultA,ContB,left,right
78,180,0.005,cross_hemi_diff_network,LH_DefaultA_pCunPCC_3,RH_ContC_pCun_1,DefaultA,ContC,left,right
78,217,0.005,cross_network_same_hemi,LH_DefaultA_pCunPCC_3,pHIP-lh,DefaultA,Hippocampus_post,left,left
79,8,0.005,cross_network_same_hemi,LH_DefaultA_PFCm_1,LH_VisPeri_ExStrInf_3,DefaultA,VisPeri,left,left
79,50,0.005,cross_network_same_hemi,LH_DefaultA_PFCm_1,LH_LimbicB_OFC_1,DefaultA,LimbicB,left,left
79,91,0.005,cross_network_same_hemi,LH_DefaultA_PFCm_1,LH_DefaultB_PFCv_1,DefaultA,DefaultB,left,left
79,156,0.005,cross_hemi_diff_network,LH_DefaultA_PFCm_1,RH_LimbicB_OFC_1,DefaultA,LimbicB,left,right
79,160,0.005,cross_hemi_diff_network,LH_DefaultA_PFCm_1,RH_LimbicA_TempPole_1,DefaultA,LimbicA,left,right
79,162,0.005,cross_hemi_diff_network,LH_DefaultA_PFCm_1,RH_LimbicA_TempPole_3,DefaultA,LimbicA,left,right
79,186,0.005,within_network,LH_DefaultA_PFCm_1,RH_DefaultA_PFCm_1,DefaultA,DefaultA,left,right
79,187,0.015,within_network,LH_DefaultA_PFCm_1,RH_DefaultA_PFCm_2,DefaultA,DefaultA,left,right
79,200,0.005,cross_hemi_diff_network,LH_DefaultA_PFCm_1,aHIP-rh,DefaultA,Hippocampus_ant,left,right
79,203,0.005,cross_hemi_diff_network,LH_DefaultA_PFCm_1,mAMY-rh,DefaultA,Amygdala_med,left,right
79,208,0.005,cross_hemi_diff_network,LH_DefaultA_PFCm_1,NAc-shell-rh,DefaultA,Accumbens_shell,left,right
79,211,0.005,cross_hemi_diff_network,LH_DefaultA_PFCm_1,aGP-rh,DefaultA,Pallidum_ant,left,right
79,213,0.005,cross_hemi_diff_network,LH_DefaultA_PFCm_1,pPUT-rh,DefaultA,Putamen_post,left,right
79,216,0.005,cross_network_same_hemi,LH_DefaultA_PFCm_1,aHIP-lh,DefaultA,Hippocampus_ant,left,left
79,221,0.005,cross_network_same_hemi,LH_DefaultA_PFCm_1,THA-VP-lh,DefaultA,Thalamus_VP,left,left
79,224,0.01,cross_network_same_hemi,LH_DefaultA_PFCm_1,NAc-shell-lh,DefaultA,Accumbens_shell,left,left
79,226,0.005,cross_network_same_hemi,LH_DefaultA_PFCm_1,pGP-lh,DefaultA,Pallidum_post,left,left
80,50,0.005,cross_network_same_hemi,LH_DefaultA_PFCm_2,LH_LimbicB_OFC_1,DefaultA,LimbicB,left,left
80,51,0.005,cross_network_same_hemi,LH_DefaultA_PFCm_2,LH_LimbicB_OFC_2,DefaultA,LimbicB,left,left
80,54,0.005,cross_network_same_hemi,LH_DefaultA_PFCm_2,LH_LimbicA_TempPole_3,DefaultA,LimbicA,left,left
80,156,0.005,cross_hemi_diff_network,LH_DefaultA_PFCm_2,RH_LimbicB_OFC_1,DefaultA,LimbicB,left,right
80,157,0.005,cross_hemi_diff_network,LH_DefaultA_PFCm_2,RH_LimbicB_OFC_2,DefaultA,LimbicB,left,right
80,187,0.01,within_network,LH_DefaultA_PFCm_2,RH_DefaultA_PFCm_2,DefaultA,DefaultA,left,right
80,200,0.005,cross_hemi_diff_network,LH_DefaultA_PFCm_2,aHIP-rh,DefaultA,Hippocampus_ant,left,right
80,201,0.005,cross_hemi_diff_network,LH_DefaultA_PFCm_2,pHIP-rh,DefaultA,Hippocampus_post,left,right
80,216,0.005,cross_network_same_hemi,LH_DefaultA_PFCm_2,aHIP-lh,DefaultA,Hippocampus_ant,left,left
80,217,0.005,cross_network_same_hemi,LH_DefaultA_PFCm_2,pHIP-lh,DefaultA,Hippocampus_post,left,left
81,184,0.005,within_network,LH_DefaultA_PFCm_3,RH_DefaultA_PFCd_1,DefaultA,DefaultA,left,right
81,187,0.005,within_network,LH_DefaultA_PFCm_3,RH_DefaultA_PFCm_2,DefaultA,DefaultA,left,right
81,211,0.005,cross_hemi_diff_network,LH_DefaultA_PFCm_3,aGP-rh,DefaultA,Pallidum_ant,left,right
82,51,0.005,cross_network_same_hemi,LH_DefaultB_Temp_1,LH_LimbicB_OFC_2,DefaultB,LimbicB,left,left
82,52,0.01,cross_network_same_hemi,LH_DefaultB_Temp_1,LH_LimbicA_TempPole_1,DefaultB,LimbicA,left,left
82,54,0.005,cross_network_same_hemi,LH_DefaultB_Temp_1,LH_LimbicA_TempPole_3,DefaultB,LimbicA,left,left
82,55,0.01,cross_network_same_hemi,LH_DefaultB_Temp_1,LH_LimbicA_TempPole_4,DefaultB,LimbicA,left,left
82,66,0.005,cross_network_same_hemi,LH_DefaultB_Temp_1,LH_ContB_Temp_1,DefaultB,ContB,left,left
82,92,0.005,within_network,LH_DefaultB_Temp_1,LH_DefaultB_PFCv_2,DefaultB,DefaultB,left,left
82,93,0.005,within_network,LH_DefaultB_Temp_1,LH_DefaultB_PFCv_3,DefaultB,DefaultB,left,left
82,160,0.03,cross_hemi_diff_network,LH_DefaultB_Temp_1,RH_LimbicA_TempPole_1,DefaultB,LimbicA,left,right
82,161,0.01,cross_hemi_diff_network,LH_DefaultB_Temp_1,RH_LimbicA_TempPole_2,DefaultB,LimbicA,left,right
82,162,0.01,cross_hemi_diff_network,LH_DefaultB_Temp_1,RH_LimbicA_TempPole_3,DefaultB,LimbicA,left,right
82,187,0.005,cross_hemi_diff_network,LH_DefaultB_Temp_1,RH_DefaultA_PFCm_2,DefaultB,DefaultA,left,right
82,202,0.01,cross_hemi_diff_network,LH_DefaultB_Temp_1,lAMY-rh,DefaultB,Amygdala_lat,left,right
82,203,0.005,cross_hemi_diff_network,LH_DefaultB_Temp_1,mAMY-rh,DefaultB,Amygdala_med,left,right
82,210,0.005,cross_hemi_diff_network,LH_DefaultB_Temp_1,pGP-rh,DefaultB,Pallidum_post,left,right
82,216,0.005,cross_network_same_hemi,LH_DefaultB_Temp_1,aHIP-lh,DefaultB,Hippocampus_ant,left,left
82,217,0.005,cross_network_same_hemi,LH_DefaultB_Temp_1,pHIP-lh,DefaultB,Hippocampus_post,left,left
82,219,0.005,cross_network_same_hemi,LH_DefaultB_Temp_1,mAMY-lh,DefaultB,Amygdala_med,left,left
83,29,0.005,cross_network_same_hemi,LH_DefaultB_Temp_2,LH_DorsAttnA_TempOcc_2,DefaultB,DorsAttnA,left,left
83,52,0.01,cross_network_same_hemi,LH_DefaultB_Temp_2,LH_LimbicA_TempPole_1,DefaultB,LimbicA,left,left
83,53,0.005,cross_network_same_hemi,LH_DefaultB_Temp_2,LH_LimbicA_TempPole_2,DefaultB,LimbicA,left,left
83,54,0.01,cross_network_same_hemi,LH_DefaultB_Temp_2,LH_LimbicA_TempPole_3,DefaultB,LimbicA,left,left
83,64,0.005,cross_network_same_hemi,LH_DefaultB_Temp_2,LH_ContA_PFCl_3,DefaultB,ContA,left,left
83,92,0.005,within_network,LH_DefaultB_Temp_2,LH_DefaultB_PFCv_2,DefaultB,DefaultB,left,left
83,156,0.005,cross_hemi_diff_network,LH_DefaultB_Temp_2,RH_LimbicB_OFC_1,DefaultB,LimbicB,left,right
83,157,0.005,cross_hemi_diff_network,LH_DefaultB_Temp_2,RH_LimbicB_OFC_2,DefaultB,LimbicB,left,right
83,159,0.005,cross_hemi_diff_network,LH_DefaultB_Temp_2,RH_LimbicB_OFC_4,DefaultB,LimbicB,left,right
83,161,0.005,cross_hemi_diff_network,LH_DefaultB_Temp_2,RH_LimbicA_TempPole_2,DefaultB,LimbicA,left,right
83,171,0.005,cross_hemi_diff_network,LH_DefaultB_Temp_2,RH_ContB_Temp_2,DefaultB,ContB,left,right
83,176,0.005,cross_hemi_diff_network,LH_DefaultB_Temp_2,RH_ContB_PFClv_1,DefaultB,ContB,left,right
83,187,0.01,cross_hemi_diff_network,LH_DefaultB_Temp_2,RH_DefaultA_PFCm_2,DefaultB,DefaultA,left,right
83,189,0.005,within_network,LH_DefaultB_Temp_2,RH_DefaultB_Temp_1,DefaultB,DefaultB,left,right
83,190,0.005,within_network,LH_DefaultB_Temp_2,RH_DefaultB_AntTemp_1,DefaultB,DefaultB,left,right
83,196,0.005,cross_hemi_diff_network,LH_DefaultB_Temp_2,RH_TempPar_1,DefaultB,TempPar,left,right
83,201,0.005,cross_hemi_diff_network,LH_DefaultB_Temp_2,pHIP-rh,DefaultB,Hippocampus_post,left,right
83,202,0.005,cross_hemi_diff_network,LH_DefaultB_Temp_2,lAMY-rh,DefaultB,Amygdala_lat,left,right
83,208,0.005,cross_hemi_diff_network,LH_DefaultB_Temp_2,NAc-shell-rh,DefaultB,Accumbens_shell,left,right
83,217,0.005,cross_network_same_hemi,LH_DefaultB_Temp_2,pHIP-lh,DefaultB,Hippocampus_post,left,left
83,226,0.005,cross_network_same_hemi,LH_DefaultB_Temp_2,pGP-lh,DefaultB,Pallidum_post,left,left
83,227,0.005,cross_network_same_hemi,LH_DefaultB_Temp_2,aGP-lh,DefaultB,Pallidum_ant,left,left
84,53,0.01,cross_network_same_hemi,LH_DefaultB_Temp_3,LH_LimbicA_TempPole_2,DefaultB,LimbicA,left,left
84,54,0.01,cross_network_same_hemi,LH_DefaultB_Temp_3,LH_LimbicA_TempPole_3,DefaultB,LimbicA,left,left
84,55,0.005,cross_network_same_hemi,LH_DefaultB_Temp_3,LH_LimbicA_TempPole_4,DefaultB,LimbicA,left,left
84,64,0.005,cross_network_same_hemi,LH_DefaultB_Temp_3,LH_ContA_PFCl_3,DefaultB,ContA,left,left
84,70,0.005,cross_network_same_hemi,LH_DefaultB_Temp_3,LH_ContB_PFClv_2,DefaultB,ContB,left,left
84,79,0.005,cross_network_same_hemi,LH_DefaultB_Temp_3,LH_DefaultA_PFCm_1,DefaultB,DefaultA,left,left
84,83,0.005,within_network,LH_DefaultB_Temp_3,LH_DefaultB_Temp_2,DefaultB,DefaultB,left,left
84,86,0.005,within_network,LH_DefaultB_Temp_3,LH_DefaultB_IPL_1,DefaultB,DefaultB,left,left
84,92,0.005,within_network,LH_DefaultB_Temp_3,LH_DefaultB_PFCv_2,DefaultB,DefaultB,left,left
84,97,0.005,cross_network_same_hemi,LH_DefaultB_Temp_3,LH_DefaultC_PHC_1,DefaultB,DefaultC,left,left
84,98,0.005,cross_network_same_hemi,LH_DefaultB_Temp_3,LH_TempPar_1,DefaultB,TempPar,left,left
84,99,0.015,cross_network_same_hemi,LH_DefaultB_Temp_3,LH_TempPar_2,DefaultB,TempPar,left,left
84,157,0.01,cross_hemi_diff_network,LH_DefaultB_Temp_3,RH_LimbicB_OFC_2,DefaultB,LimbicB,left,right
84,161,0.005,cross_hemi_diff_network,LH_DefaultB_Temp_3,RH_LimbicA_TempPole_2,DefaultB,LimbicA,left,right
84,187,0.015,cross_hemi_diff_network,LH_DefaultB_Temp_3,RH_DefaultA_PFCm_2,DefaultB,DefaultA,left,right
84,189,0.005,within_network,LH_DefaultB_Temp_3,RH_DefaultB_Temp_1,DefaultB,DefaultB,left,right
84,190,0.005,within_network,LH_DefaultB_Temp_3,RH_DefaultB_AntTemp_1,DefaultB,DefaultB,left,right
84,193,0.005,cross_hemi_diff_network,LH_DefaultB_Temp_3,RH_DefaultC_IPL_1,DefaultB,DefaultC,left,right
84,197,0.005,cross_hemi_diff_network,LH_DefaultB_Temp_3,RH_TempPar_2,DefaultB,TempPar,left,right
84,201,0.005,cross_hemi_diff_network,LH_DefaultB_Temp_3,pHIP-rh,DefaultB,Hippocampus_post,left,right
84,202,0.005,cross_hemi_diff_network,LH_DefaultB_Temp_3,lAMY-rh,DefaultB,Amygdala_lat,left,right
84,208,0.005,cross_hemi_diff_network,LH_DefaultB_Temp_3,NAc-shell-rh,DefaultB,Accumbens_shell,left,right
84,210,0.005,cross_hemi_diff_network,LH_DefaultB_Temp_3,pGP-rh,DefaultB,Pallidum_post,left,right
84,216,0.005,cross_network_same_hemi,LH_DefaultB_Temp_3,aHIP-lh,DefaultB,Hippocampus_ant,left,left
84,217,0.005,cross_network_same_hemi,LH_DefaultB_Temp_3,pHIP-lh,DefaultB,Hippocampus_post,left,left
84,218,0.015,cross_network_same_hemi,LH_DefaultB_Temp_3,lAMY-lh,DefaultB,Amygdala_lat,left,left
84,224,0.005,cross_network_same_hemi,LH_DefaultB_Temp_3,NAc-shell-lh,DefaultB,Accumbens_shell,left,left
84,226,0.005,cross_network_same_hemi,LH_DefaultB_Temp_3,pGP-lh,DefaultB,Pallidum_post,left,left
84,227,0.005,cross_network_same_hemi,LH_DefaultB_Temp_3,aGP-lh,DefaultB,Pallidum_ant,left,left
85,50,0.005,cross_network_same_hemi,LH_DefaultB_Temp_4,LH_LimbicB_OFC_1,DefaultB,LimbicB,left,left
85,55,0.01,cross_network_same_hemi,LH_DefaultB_Temp_4,LH_LimbicA_TempPole_4,DefaultB,LimbicA,left,left
85,62,0.005,cross_network_same_hemi,LH_DefaultB_Temp_4,LH_ContA_PFCl_1,DefaultB,ContA,left,left
85,66,0.005,cross_network_same_hemi,LH_DefaultB_Temp_4,LH_ContB_Temp_1,DefaultB,ContB,left,left
85,67,0.005,cross_network_same_hemi,LH_DefaultB_Temp_4,LH_ContB_IPL_1,DefaultB,ContB,left,left
85,68,0.005,cross_network_same_hemi,LH_DefaultB_Temp_4,LH_ContB_PFCl_1,DefaultB,ContB,left,left
85,69,0.01,cross_network_same_hemi,LH_DefaultB_Temp_4,LH_ContB_PFClv_1,DefaultB,ContB,left,left
85,70,0.005,cross_network_same_hemi,LH_DefaultB_Temp_4,LH_ContB_PFClv_2,DefaultB,ContB,left,left
85,92,0.005,within_network,LH_DefaultB_Temp_4,LH_DefaultB_PFCv_2,DefaultB,DefaultB,left,left
85,99,0.01,cross_network_same_hemi,LH_DefaultB_Temp_4,LH_TempPar_2,DefaultB,TempPar,left,left
85,168,0.005,cross_hemi_diff_network,LH_DefaultB_Temp_4,RH_ContA_PFCl_2,DefaultB,ContA,left,right
85,171,0.015,cross_hemi_diff_network,LH_DefaultB_Temp_4,RH_ContB_Temp_2,DefaultB,ContB,left,right
85,176,0.005,cross_hemi_diff_network,LH_DefaultB_Temp_4,RH_ContB_PFClv_1,DefaultB,ContB,left,right
85,197,0.005,cross_hemi_diff_network,LH_DefaultB_Temp_4,RH_TempPar_2,DefaultB,TempPar,left,right
85,200,0.005,cross_hemi_diff_network,LH_DefaultB_Temp_4,aHIP-rh,DefaultB,Hippocampus_ant,left,right
85,227,0.005,cross_network_same_hemi,LH_DefaultB_Temp_4,aGP-lh,DefaultB,Pallidum_ant,left,left
86,46,0.01,cross_network_same_hemi,LH_DefaultB_IPL_1,LH_SalVentAttnB_IPL_1,DefaultB,SalVentAttnB,left,left
86,53,0.015,cross_network_same_hemi,LH_DefaultB_IPL_1,LH_LimbicA_TempPole_2,DefaultB,LimbicA,left,left
86,62,0.005,cross_network_same_hemi,LH_DefaultB_IPL_1,LH_ContA_PFCl_1,DefaultB,ContA,left,left
86,69,0.005,cross_network_same_hemi,LH_DefaultB_IPL_1,LH_ContB_PFClv_1,DefaultB,ContB,left,left
86,83,0.01,within_network,LH_DefaultB_IPL_1,LH_DefaultB_Temp_2,DefaultB,DefaultB,left,left
86,93,0.005,within_network,LH_DefaultB_IPL_1,LH_DefaultB_PFCv_3,DefaultB,DefaultB,left,left
86,99,0.005,cross_network_same_hemi,LH_DefaultB_IPL_1,LH_TempPar_2,DefaultB,TempPar,left,left
86,159,0.005,cross_hemi_diff_network,LH_DefaultB_IPL_1,RH_LimbicB_OFC_4,DefaultB,LimbicB,left,right
86,161,0.005,cross_hemi_diff_network,LH_DefaultB_IPL_1,RH_LimbicA_TempPole_2,DefaultB,LimbicA,left,right
86,187,0.005,cross_hemi_diff_network,LH_DefaultB_IPL_1,RH_DefaultA_PFCm_2,DefaultB,DefaultA,left,right
86,191,0.005,within_network,LH_DefaultB_IPL_1,RH_DefaultB_PFCd_1,DefaultB,DefaultB,left,right
86,198,0.005,cross_hemi_diff_network,LH_DefaultB_IPL_1,RH_TempPar_3,DefaultB,TempPar,left,right
86,226,0.005,cross_network_same_hemi,LH_DefaultB_IPL_1,pGP-lh,DefaultB,Pallidum_post,left,left
87,47,0.005,cross_network_same_hemi,LH_DefaultB_PFCd_1,LH_SalVentAttnB_PFCl_1,DefaultB,SalVentAttnB,left,left
87,51,0.005,cross_network_same_hemi,LH_DefaultB_PFCd_1,LH_LimbicB_OFC_2,DefaultB,LimbicB,left,left
87,53,0.005,cross_network_same_hemi,LH_DefaultB_PFCd_1,LH_LimbicA_TempPole_2,DefaultB,LimbicA,left,left
87,91,0.005,within_network,LH_DefaultB_PFCd_1,LH_DefaultB_PFCv_1,DefaultB,DefaultB,left,left
87,92,0.005,within_network,LH_DefaultB_PFCd_1,LH_DefaultB_PFCv_2,DefaultB,DefaultB,left,left
87,161,0.005,cross_hemi_diff_network,LH_DefaultB_PFCd_1,RH_LimbicA_TempPole_2,DefaultB,LimbicA,left,right
87,187,0.02,cross_hemi_diff_network,LH_DefaultB_PFCd_1,RH_DefaultA_PFCm_2,DefaultB,DefaultA,left,right
87,217,0.005,cross_network_same_hemi,LH_DefaultB_PFCd_1,pHIP-lh,DefaultB,Hippocampus_post,left,left
87,227,0.005,cross_network_same_hemi,LH_DefaultB_PFCd_1,aGP-lh,DefaultB,Pallidum_ant,left,left
88,83,0.005,within_network,LH_DefaultB_PFCd_2,LH_DefaultB_Temp_2,DefaultB,DefaultB,left,left
88,86,0.005,within_network,LH_DefaultB_PFCd_2,LH_DefaultB_IPL_1,DefaultB,DefaultB,left,left
88,91,0.005,within_network,LH_DefaultB_PFCd_2,LH_DefaultB_PFCv_1,DefaultB,DefaultB,left,left
89,47,0.01,cross_network_same_hemi,LH_DefaultB_PFCd_3,LH_SalVentAttnB_PFCl_1,DefaultB,SalVentAttnB,left,left
89,64,0.005,cross_network_same_hemi,LH_DefaultB_PFCd_3,LH_ContA_PFCl_3,DefaultB,ContA,left,left
89,90,0.005,within_network,LH_DefaultB_PFCd_3,LH_DefaultB_PFCd_4,DefaultB,DefaultB,left,left
89,173,0.005,cross_hemi_diff_network,LH_DefaultB_PFCd_3,RH_ContB_IPL_2,DefaultB,ContB,left,right
89,211,0.005,cross_hemi_diff_network,LH_DefaultB_PFCd_3,aGP-rh,DefaultB,Pallidum_ant,left,right
90,83,0.005,within_network,LH_DefaultB_PFCd_4,LH_DefaultB_Temp_2,DefaultB,DefaultB,left,left
90,85,0.005,within_network,LH_DefaultB_PFCd_4,LH_DefaultB_Temp_4,DefaultB,DefaultB,left,left
90,86,0.005,within_network,LH_DefaultB_PFCd_4,LH_DefaultB_IPL_1,DefaultB,DefaultB,left,left
90,206,0.005,cross_hemi_diff_network,LH_DefaultB_PFCd_4,THA-VA-rh,DefaultB,Thalamus_VA,left,right
90,210,0.005,cross_hemi_diff_network,LH_DefaultB_PFCd_4,pGP-rh,DefaultB,Pallidum_post,left,right
90,211,0.005,cross_hemi_diff_network,LH_DefaultB_PFCd_4,aGP-rh,DefaultB,Pallidum_ant,left,right
91,50,0.005,cross_network_same_hemi,LH_DefaultB_PFCv_1,LH_LimbicB_OFC_1,DefaultB,LimbicB,left,left
91,70,0.005,cross_network_same_hemi,LH_DefaultB_PFCv_1,LH_ContB_PFClv_2,DefaultB,ContB,left,left
91,89,0.005,within_network,LH_DefaultB_PFCv_1,LH_DefaultB_PFCd_3,DefaultB,DefaultB,left,left
91,92,0.005,within_network,LH_DefaultB_PFCv_1,LH_DefaultB_PFCv_2,DefaultB,DefaultB,left,left
91,183,0.005,cross_hemi_diff_network,LH_DefaultB_PFCv_1,RH_DefaultA_IPL_1,DefaultB,DefaultA,left,right
91,187,0.005,cross_hemi_diff_network,LH_DefaultB_PFCv_1,RH_DefaultA_PFCm_2,DefaultB,DefaultA,left,right
91,192,0.005,within_network,LH_DefaultB_PFCv_1,RH_DefaultB_PFCv_1,DefaultB,DefaultB,left,right
91,199,0.005,cross_hemi_diff_network,LH_DefaultB_PFCv_1,RH_TempPar_4,DefaultB,TempPar,left,right
91,209,0.005,cross_hemi_diff_network,LH_DefaultB_PFCv_1,NAc-core-rh,DefaultB,Accumbens_core,left,right
91,221,0.005,cross_network_same_hemi,LH_DefaultB_PFCv_1,THA-VP-lh,DefaultB,Thalamus_VP,left,left
91,224,0.005,cross_network_same_hemi,LH_DefaultB_PFCv_1,NAc-shell-lh,DefaultB,Accumbens_shell,left,left
92,8,0.005,cross_network_same_hemi,LH_DefaultB_PFCv_2,LH_VisPeri_ExStrInf_3,DefaultB,VisPeri,left,left
92,41,0.005,cross_network_same_hemi,LH_DefaultB_PFCv_2,LH_SalVentAttnA_FrOper_1,DefaultB,SalVentAttnA,left,left
92,50,0.015,cross_network_same_hemi,LH_DefaultB_PFCv_2,LH_LimbicB_OFC_1,DefaultB,LimbicB,left,left
92,51,0.005,cross_network_same_hemi,LH_DefaultB_PFCv_2,LH_LimbicB_OFC_2,DefaultB,LimbicB,left,left
92,52,0.005,cross_network_same_hemi,LH_DefaultB_PFCv_2,LH_LimbicA_TempPole_1,DefaultB,LimbicA,left,left
92,53,0.01,cross_network_same_hemi,LH_DefaultB_PFCv_2,LH_LimbicA_TempPole_2,DefaultB,LimbicA,left,left
92,54,0.015,cross_network_same_hemi,LH_DefaultB_PFCv_2,LH_LimbicA_TempPole_3,DefaultB,LimbicA,left,left
92,56,0.01,cross_network_same_hemi,LH_DefaultB_PFCv_2,LH_ContA_Temp_1,DefaultB,ContA,left,left
92,66,0.01,cross_network_same_hemi,LH_DefaultB_PFCv_2,LH_ContB_Temp_1,DefaultB,ContB,left,left
92,69,0.005,cross_network_same_hemi,LH_DefaultB_PFCv_2,LH_ContB_PFClv_1,DefaultB,ContB,left,left
92,83,0.005,within_network,LH_DefaultB_PFCv_2,LH_DefaultB_Temp_2,DefaultB,DefaultB,left,left
92,89,0.01,within_network,LH_DefaultB_PFCv_2,LH_DefaultB_PFCd_3,DefaultB,DefaultB,left,left
92,95,0.005,cross_network_same_hemi,LH_DefaultB_PFCv_2,LH_DefaultC_IPL_1,DefaultB,DefaultC,left,left
92,98,0.005,cross_network_same_hemi,LH_DefaultB_PFCv_2,LH_TempPar_1,DefaultB,TempPar,left,left
92,143,0.01,cross_hemi_diff_network,LH_DefaultB_PFCv_2,RH_SalVentAttnA_Ins_1,DefaultB,SalVentAttnA,left,right
92,147,0.005,cross_hemi_diff_network,LH_DefaultB_PFCv_2,RH_SalVentAttnA_ParMed_1,DefaultB,SalVentAttnA,left,right
92,152,0.005,cross_hemi_diff_network,LH_DefaultB_PFCv_2,RH_SalVentAttnB_PFCl_1,DefaultB,SalVentAttnB,left,right
92,157,0.005,cross_hemi_diff_network,LH_DefaultB_PFCv_2,RH_LimbicB_OFC_2,DefaultB,LimbicB,left,right
92,158,0.005,cross_hemi_diff_network,LH_DefaultB_PFCv_2,RH_LimbicB_OFC_3,DefaultB,LimbicB,left,right
92,160,0.005,cross_hemi_diff_network,LH_DefaultB_PFCv_2,RH_LimbicA_TempPole_1,DefaultB,LimbicA,left,right
92,161,0.01,cross_hemi_diff_network,LH_DefaultB_PFCv_2,RH_LimbicA_TempPole_2,DefaultB,LimbicA,left,right
92,162,0.015,cross_hemi_diff_network,LH_DefaultB_PFCv_2,RH_LimbicA_TempPole_3,DefaultB,LimbicA,left,right
92,178,0.005,cross_hemi_diff_network,LH_DefaultB_PFCv_2,RH_ContB_PFCmp_1,DefaultB,ContB,left,right
92,202,0.005,cross_hemi_diff_network,LH_DefaultB_PFCv_2,lAMY-rh,DefaultB,Amygdala_lat,left,right
92,205,0.005,cross_hemi_diff_network,LH_DefaultB_PFCv_2,THA-VP-rh,DefaultB,Thalamus_VP,left,right
92,210,0.005,cross_hemi_diff_network,LH_DefaultB_PFCv_2,pGP-rh,DefaultB,Pallidum_post,left,right
92,216,0.01,cross_network_same_hemi,LH_DefaultB_PFCv_2,aHIP-lh,DefaultB,Hippocampus_ant,left,left
92,218,0.005,cross_network_same_hemi,LH_DefaultB_PFCv_2,lAMY-lh,DefaultB,Amygdala_lat,left,left
92,224,0.005,cross_network_same_hemi,LH_DefaultB_PFCv_2,NAc-shell-lh,DefaultB,Accumbens_shell,left,left
92,226,0.005,cross_network_same_hemi,LH_DefaultB_PFCv_2,pGP-lh,DefaultB,Pallidum_post,left,left
92,231,0.005,cross_network_same_hemi,LH_DefaultB_PFCv_2,pCAU-lh,DefaultB,Caudate_post,left,left
93,47,0.005,cross_network_same_hemi,LH_DefaultB_PFCv_3,LH_SalVentAttnB_PFCl_1,DefaultB,SalVentAttnB,left,left
93,52,0.01,cross_network_same_hemi,LH_DefaultB_PFCv_3,LH_LimbicA_TempPole_1,DefaultB,LimbicA,left,left
93,56,0.005,cross_network_same_hemi,LH_DefaultB_PFCv_3,LH_ContA_Temp_1,DefaultB,ContA,left,left
93,64,0.01,cross_network_same_hemi,LH_DefaultB_PFCv_3,LH_ContA_PFCl_3,DefaultB,ContA,left,left
93,68,0.005,cross_network_same_hemi,LH_DefaultB_PFCv_3,LH_ContB_PFCl_1,DefaultB,ContB,left,left
93,82,0.005,within_network,LH_DefaultB_PFCv_3,LH_DefaultB_Temp_1,DefaultB,DefaultB,left,left
93,98,0.005,cross_network_same_hemi,LH_DefaultB_PFCv_3,LH_TempPar_1,DefaultB,TempPar,left,left
93,176,0.005,cross_hemi_diff_network,LH_DefaultB_PFCv_3,RH_ContB_PFClv_1,DefaultB,ContB,left,right
93,226,0.005,cross_network_same_hemi,LH_DefaultB_PFCv_3,pGP-lh,DefaultB,Pallidum_post,left,left
93,227,0.005,cross_network_same_hemi,LH_DefaultB_PFCv_3,aGP-lh,DefaultB,Pallidum_ant,left,left
94,53,0.005,cross_network_same_hemi,LH_DefaultB_PFCv_4,LH_LimbicA_TempPole_2,DefaultB,LimbicA,left,left
94,61,0.005,cross_network_same_hemi,LH_DefaultB_PFCv_4,LH_ContA_PFClv_1,DefaultB,ContA,left,left
94,67,0.005,cross_network_same_hemi,LH_DefaultB_PFCv_4,LH_ContB_IPL_1,DefaultB,ContB,left,left
94,69,0.005,cross_network_same_hemi,LH_DefaultB_PFCv_4,LH_ContB_PFClv_1,DefaultB,ContB,left,left
94,153,0.005,cross_hemi_diff_network,LH_DefaultB_PFCv_4,RH_SalVentAttnB_Ins_1,DefaultB,SalVentAttnB,left,right
94,178,0.01,cross_hemi_diff_network,LH_DefaultB_PFCv_4,RH_ContB_PFCmp_1,DefaultB,ContB,left,right
94,220,0.005,cross_network_same_hemi,LH_DefaultB_PFCv_4,THA-DP-lh,DefaultB,Thalamus_DP,left,left
94,226,0.005,cross_network_same_hemi,LH_DefaultB_PFCv_4,pGP-lh,DefaultB,Pallidum_post,left,left
94,227,0.02,cross_network_same_hemi,LH_DefaultB_PFCv_4,aGP-lh,DefaultB,Pallidum_ant,left,left
95,28,0.005,cross_network_same_hemi,LH_DefaultC_IPL_1,LH_DorsAttnA_TempOcc_1,DefaultC,DorsAttnA,left,left
95,31,0.005,cross_network_same_hemi,LH_DefaultC_IPL_1,LH_DorsAttnA_SPL_1,DefaultC,DorsAttnA,left,left
95,73,0.005,cross_network_same_hemi,LH_DefaultC_IPL_1,LH_ContC_Cingp_1,DefaultC,ContC,left,left
95,90,0.005,cross_network_same_hemi,LH_DefaultC_IPL_1,LH_DefaultB_PFCd_4,DefaultC,DefaultB,left,left
95,131,0.01,cross_hemi_diff_network,LH_DefaultC_IPL_1,RH_DorsAttnA_ParOcc_1,DefaultC,DorsAttnA,left,right
95,135,0.005,cross_hemi_diff_network,LH_DefaultC_IPL_1,RH_DorsAttnA_SPL_4,DefaultC,DorsAttnA,left,right
95,143,0.005,cross_hemi_diff_network,LH_DefaultC_IPL_1,RH_SalVentAttnA_Ins_1,DefaultC,SalVentAttnA,left,right
95,163,0.005,cross_hemi_diff_network,LH_DefaultC_IPL_1,RH_LimbicA_TempPole_4,DefaultC,LimbicA,left,right
95,202,0.005,cross_hemi_diff_network,LH_DefaultC_IPL_1,lAMY-rh,DefaultC,Amygdala_lat,left,right
96,8,0.005,cross_network_same_hemi,LH_DefaultC_Rsp_1,LH_VisPeri_ExStrInf_3,DefaultC,VisPeri,left,left
96,186,0.005,cross_hemi_diff_network,LH_DefaultC_Rsp_1,RH_DefaultA_PFCm_1,DefaultC,DefaultA,left,right
96,208,0.005,cross_hemi_diff_network,LH_DefaultC_Rsp_1,NAc-shell-rh,DefaultC,Accumbens_shell,left,right
97,8,0.005,cross_network_same_hemi,LH_DefaultC_PHC_1,LH_VisPeri_ExStrInf_3,DefaultC,VisPeri,left,left
97,53,0.005,cross_network_same_hemi,LH_DefaultC_PHC_1,LH_LimbicA_TempPole_2,DefaultC,LimbicA,left,left
97,107,0.005,cross_hemi_diff_network,LH_DefaultC_PHC_1,RH_VisPeri_ExStrInf_2,DefaultC,VisPeri,left,right
97,148,0.005,cross_hemi_diff_network,LH_DefaultC_PHC_1,RH_SalVentAttnA_ParMed_2,DefaultC,SalVentAttnA,left,right
97,161,0.005,cross_hemi_diff_network,LH_DefaultC_PHC_1,RH_LimbicA_TempPole_2,DefaultC,LimbicA,left,right
97,199,0.005,cross_hemi_diff_network,LH_DefaultC_PHC_1,RH_TempPar_4,DefaultC,TempPar,left,right
97,201,0.015,cross_hemi_diff_network,LH_DefaultC_PHC_1,pHIP-rh,DefaultC,Hippocampus_post,left,right
97,202,0.005,cross_hemi_diff_network,LH_DefaultC_PHC_1,lAMY-rh,DefaultC,Amygdala_lat,left,right
97,216,0.005,cross_network_same_hemi,LH_DefaultC_PHC_1,aHIP-lh,DefaultC,Hippocampus_ant,left,left
98,0,0.005,cross_network_same_hemi,LH_TempPar_1,LH_VisCent_ExStr_2,TempPar,VisCent,left,left
98,20,0.005,cross_network_same_hemi,LH_TempPar_1,LH_SomMotB_Aud_1,TempPar,SomMotB,left,left
98,30,0.005,cross_network_same_hemi,LH_TempPar_1,LH_DorsAttnA_ParOcc_1,TempPar,DorsAttnA,left,left
98,50,0.005,cross_network_same_hemi,LH_TempPar_1,LH_LimbicB_OFC_1,TempPar,LimbicB,left,left
98,54,0.005,cross_network_same_hemi,LH_TempPar_1,LH_LimbicA_TempPole_3,TempPar,LimbicA,left,left
98,55,0.015,cross_network_same_hemi,LH_TempPar_1,LH_LimbicA_TempPole_4,TempPar,LimbicA,left,left
98,59,0.005,cross_network_same_hemi,LH_TempPar_1,LH_ContA_IPS_3,TempPar,ContA,left,left
98,83,0.015,cross_network_same_hemi,LH_TempPar_1,LH_DefaultB_Temp_2,TempPar,DefaultB,left,left
98,84,0.005,cross_network_same_hemi,LH_TempPar_1,LH_DefaultB_Temp_3,TempPar,DefaultB,left,left
98,86,0.015,cross_network_same_hemi,LH_TempPar_1,LH_DefaultB_IPL_1,TempPar,DefaultB,left,left
98,92,0.005,cross_network_same_hemi,LH_TempPar_1,LH_DefaultB_PFCv_2,TempPar,DefaultB,left,left
98,93,0.005,cross_network_same_hemi,LH_TempPar_1,LH_DefaultB_PFCv_3,TempPar,DefaultB,left,left
98,131,0.005,cross_hemi_diff_network,LH_TempPar_1,RH_DorsAttnA_ParOcc_1,TempPar,DorsAttnA,left,right
98,161,0.005,cross_hemi_diff_network,LH_TempPar_1,RH_LimbicA_TempPole_2,TempPar,LimbicA,left,right
98,166,0.005,cross_hemi_diff_network,LH_TempPar_1,RH_ContA_PFCd_1,TempPar,ContA,left,right
98,189,0.01,cross_hemi_diff_network,LH_TempPar_1,RH_DefaultB_Temp_1,TempPar,DefaultB,left,right
98,196,0.005,within_network,LH_TempPar_1,RH_TempPar_1,TempPar,TempPar,left,right
98,198,0.005,within_network,LH_TempPar_1,RH_TempPar_3,TempPar,TempPar,left,right
98,199,0.02,within_network,LH_TempPar_1,RH_TempPar_4,TempPar,TempPar,left,right
98,204,0.005,cross_hemi_diff_network,LH_TempPar_1,THA-DP-rh,TempPar,Thalamus_DP,left,right
98,210,0.005,cross_hemi_diff_network,LH_TempPar_1,pGP-rh,TempPar,Pallidum_post,left,right
98,214,0.005,cross_hemi_diff_network,LH_TempPar_1,aCAU-rh,TempPar,Caudate_ant,left,right
98,217,0.005,cross_network_same_hemi,LH_TempPar_1,pHIP-lh,TempPar,Hippocampus_post,left,left
98,219,0.005,cross_network_same_hemi,LH_TempPar_1,mAMY-lh,TempPar,Amygdala_med,left,left
98,220,0.005,cross_network_same_hemi,LH_TempPar_1,THA-DP-lh,TempPar,Thalamus_DP,left,left
98,226,0.01,cross_network_same_hemi,LH_TempPar_1,pGP-lh,TempPar,Pallidum_post,left,left
98,227,0.005,cross_network_same_hemi,LH_TempPar_1,aGP-lh,TempPar,Pallidum_ant,left,left
99,8,0.015,cross_network_same_hemi,LH_TempPar_2,LH_VisPeri_ExStrInf_3,TempPar,VisPeri,left,left
99,10,0.005,cross_network_same_hemi,LH_TempPar_2,LH_VisPeri_ExStrSup_1,TempPar,VisPeri,left,left
99,43,0.005,cross_network_same_hemi,LH_TempPar_2,LH_SalVentAttnA_ParMed_1,TempPar,SalVentAttnA,left,left
99,46,0.005,cross_network_same_hemi,LH_TempPar_2,LH_SalVentAttnB_IPL_1,TempPar,SalVentAttnB,left,left
99,55,0.005,cross_network_same_hemi,LH_TempPar_2,LH_LimbicA_TempPole_4,TempPar,LimbicA,left,left
99,56,0.015,cross_network_same_hemi,LH_TempPar_2,LH_ContA_Temp_1,TempPar,ContA,left,left
99,60,0.005,cross_network_same_hemi,LH_TempPar_2,LH_ContA_PFCd_1,TempPar,ContA,left,left
99,64,0.005,cross_network_same_hemi,LH_TempPar_2,LH_ContA_PFCl_3,TempPar,ContA,left,left
99,66,0.005,cross_network_same_hemi,LH_TempPar_2,LH_ContB_Temp_1,TempPar,ContB,left,left
99,68,0.005,cross_network_same_hemi,LH_TempPar_2,LH_ContB_PFCl_1,TempPar,ContB,left,left
99,74,0.01,cross_network_same_hemi,LH_TempPar_2,LH_DefaultA_IPL_1,TempPar,DefaultA,left,left
99,80,0.005,cross_network_same_hemi,LH_TempPar_2,LH_DefaultA_PFCm_2,TempPar,DefaultA,left,left
99,83,0.005,cross_network_same_hemi,LH_TempPar_2,LH_DefaultB_Temp_2,TempPar,DefaultB,left,left
99,88,0.005,cross_network_same_hemi,LH_TempPar_2,LH_DefaultB_PFCd_2,TempPar,DefaultB,left,left
99,104,0.01,cross_hemi_diff_network,LH_TempPar_2,RH_VisCent_ExStr_4,TempPar,VisCent,left,right
99,131,0.005,cross_hemi_diff_network,LH_TempPar_2,RH_DorsAttnA_ParOcc_1,TempPar,DorsAttnA,left,right
99,135,0.005,cross_hemi_diff_network,LH_TempPar_2,RH_DorsAttnA_SPL_4,TempPar,DorsAttnA,left,right
99,136,0.005,cross_hemi_diff_network,LH_TempPar_2,RH_DorsAttnB_PostC_1,TempPar,DorsAttnB,left,right
99,138,0.005,cross_hemi_diff_network,LH_TempPar_2,RH_DorsAttnB_PostC_3,TempPar,DorsAttnB,left,right
99,140,0.005,cross_hemi_diff_network,LH_TempPar_2,RH_DorsAttnB_FEF_1,TempPar,DorsAttnB,left,right
99,142,0.005,cross_hemi_diff_network,LH_TempPar_2,RH_SalVentAttnA_PrC_1,TempPar,SalVentAttnA,left,right
99,161,0.01,cross_hemi_diff_network,LH_TempPar_2,RH_LimbicA_TempPole_2,TempPar,LimbicA,left,right
99,166,0.005,cross_hemi_diff_network,LH_TempPar_2,RH_ContA_PFCd_1,TempPar,ContA,left,right
99,183,0.005,cross_hemi_diff_network,LH_TempPar_2,RH_DefaultA_IPL_1,TempPar,DefaultA,left,right
99,184,0.005,cross_hemi_diff_network,LH_TempPar_2,RH_DefaultA_PFCd_1,TempPar,DefaultA,left,right
99,187,0.005,cross_hemi_diff_network,LH_TempPar_2,RH_DefaultA_PFCm_2,TempPar,DefaultA,left,right
99,198,0.01,within_network,LH_TempPar_2,RH_TempPar_3,TempPar,TempPar,left,right
99,201,0.01,cross_hemi_diff_network,LH_TempPar_2,pHIP-rh,TempPar,Hippocampus_post,left,right
99,223,0.005,cross_network_same_hemi,LH_TempPar_2,THA-DA-lh,TempPar,Thalamus_DA,left,left
99,224,0.005,cross_network_same_hemi,LH_TempPar_2,NAc-shell-lh,TempPar,Accumbens_shell,left,left
99,227,0.005,cross_network_same_hemi,LH_TempPar_2,aGP-lh,TempPar,Pallidum_ant,left,left
100,0,0.01,within_network,RH_VisCent_ExStr_1,LH_VisCent_ExStr_2,VisCent,VisCent,right,left
101,0,0.01,within_network,RH_VisCent_ExStr_2,LH_VisCent_ExStr_2,VisCent,VisCent,right,left
101,3,0.01,within_network,RH_VisCent_ExStr_2,LH_VisCent_ExStr_3,VisCent,VisCent,right,left
101,8,0.005,cross_hemi_diff_network,RH_VisCent_ExStr_2,LH_VisPeri_ExStrInf_3,VisCent,VisPeri,right,left
101,33,0.005,cross_hemi_diff_network,RH_VisCent_ExStr_2,LH_DorsAttnA_SPL_3,VisCent,DorsAttnA,right,left
101,52,0.005,cross_hemi_diff_network,RH_VisCent_ExStr_2,LH_LimbicA_TempPole_1,VisCent,LimbicA,right,left
101,54,0.005,cross_hemi_diff_network,RH_VisCent_ExStr_2,LH_LimbicA_TempPole_3,VisCent,LimbicA,right,left
101,56,0.01,cross_hemi_diff_network,RH_VisCent_ExStr_2,LH_ContA_Temp_1,VisCent,ContA,right,left
101,97,0.005,cross_hemi_diff_network,RH_VisCent_ExStr_2,LH_DefaultC_PHC_1,VisCent,DefaultC,right,left
101,116,0.01,cross_network_same_hemi,RH_VisCent_ExStr_2,RH_SomMotA_5,VisCent,SomMotA,right,right
101,163,0.005,cross_network_same_hemi,RH_VisCent_ExStr_2,RH_LimbicA_TempPole_4,VisCent,LimbicA,right,right
101,204,0.005,cross_network_same_hemi,RH_VisCent_ExStr_2,THA-DP-rh,VisCent,Thalamus_DP,right,right
101,210,0.01,cross_network_same_hemi,RH_VisCent_ExStr_2,pGP-rh,VisCent,Pallidum_post,right,right
101,211,0.005,cross_network_same_hemi,RH_VisCent_ExStr_2,aGP-rh,VisCent,Pallidum_ant,right,right
102,0,0.005,within_network,RH_VisCent_Striate_1,LH_VisCent_ExStr_2,VisCent,VisCent,right,left
102,147,0.005,cross_network_same_hemi,RH_VisCent_Striate_1,RH_SalVentAttnA_ParMed_1,VisCent,SalVentAttnA,right,right
102,203,0.005,cross_network_same_hemi,RH_VisCent_Striate_1,mAMY-rh,VisCent,Amygdala_med,right,right
102,208,0.005,cross_network_same_hemi,RH_VisCent_Striate_1,NAc-shell-rh,VisCent,Accumbens_shell,right,right
102,211,0.01,cross_network_same_hemi,RH_VisCent_Striate_1,aGP-rh,VisCent,Pallidum_ant,right,right
102,218,0.005,cross_hemi_diff_network,RH_VisCent_Striate_1,lAMY-lh,VisCent,Amygdala_lat,right,left
103,0,0.005,within_network,RH_VisCent_ExStr_3,LH_VisCent_ExStr_2,VisCent,VisCent,right,left
103,4,0.005,within_network,RH_VisCent_ExStr_3,LH_VisCent_ExStr_4,VisCent,VisCent,right,left
103,8,0.005,cross_hemi_diff_network,RH_VisCent_ExStr_3,LH_VisPeri_ExStrInf_3,VisCent,VisPeri,right,left
103,30,0.005,cross_hemi_diff_network,RH_VisCent_ExStr_3,LH_DorsAttnA_ParOcc_1,VisCent,DorsAttnA,right,left
103,52,0.005,cross_hemi_diff_network,RH_VisCent_ExStr_3,LH_LimbicA_TempPole_1,VisCent,LimbicA,right,left
103,54,0.005,cross_hemi_diff_network,RH_VisCent_ExStr_3,LH_LimbicA_TempPole_3,VisCent,LimbicA,right,left
103,97,0.005,cross_hemi_diff_network,RH_VisCent_ExStr_3,LH_DefaultC_PHC_1,VisCent,DefaultC,right,left
103,99,0.005,cross_hemi_diff_network,RH_VisCent_ExStr_3,LH_TempPar_2,VisCent,TempPar,right,left
103,104,0.005,within_network,RH_VisCent_ExStr_3,RH_VisCent_ExStr_4,VisCent,VisCent,right,right
103,161,0.005,cross_network_same_hemi,RH_VisCent_ExStr_3,RH_LimbicA_TempPole_2,VisCent,LimbicA,right,right
103,187,0.005,cross_network_same_hemi,RH_VisCent_ExStr_3,RH_DefaultA_PFCm_2,VisCent,DefaultA,right,right
103,202,0.005,cross_network_same_hemi,RH_VisCent_ExStr_3,lAMY-rh,VisCent,Amygdala_lat,right,right
103,204,0.005,cross_network_same_hemi,RH_VisCent_ExStr_3,THA-DP-rh,VisCent,Thalamus_DP,right,right
103,211,0.01,cross_network_same_hemi,RH_VisCent_ExStr_3,aGP-rh,VisCent,Pallidum_ant,right,right
103,226,0.005,cross_hemi_diff_network,RH_VisCent_ExStr_3,pGP-lh,VisCent,Pallidum_post,right,left
103,227,0.005,cross_hemi_diff_network,RH_VisCent_ExStr_3,aGP-lh,VisCent,Pallidum_ant,right,left
104,0,0.005,within_network,RH_VisCent_ExStr_4,LH_VisCent_ExStr_2,VisCent,VisCent,right,left
104,3,0.01,within_network,RH_VisCent_ExStr_4,LH_VisCent_ExStr_3,VisCent,VisCent,right,left
104,8,0.005,cross_hemi_diff_network,RH_VisCent_ExStr_4,LH_VisPeri_ExStrInf_3,VisCent,VisPeri,right,left
104,30,0.01,cross_hemi_diff_network,RH_VisCent_ExStr_4,LH_DorsAttnA_ParOcc_1,VisCent,DorsAttnA,right,left
104,97,0.005,cross_hemi_diff_network,RH_VisCent_ExStr_4,LH_DefaultC_PHC_1,VisCent,DefaultC,right,left
104,147,0.005,cross_network_same_hemi,RH_VisCent_ExStr_4,RH_SalVentAttnA_ParMed_1,VisCent,SalVentAttnA,right,right
104,160,0.005,cross_network_same_hemi,RH_VisCent_ExStr_4,RH_LimbicA_TempPole_1,VisCent,LimbicA,right,right
104,163,0.005,cross_network_same_hemi,RH_VisCent_ExStr_4,RH_LimbicA_TempPole_4,VisCent,LimbicA,right,right
104,211,0.005,cross_network_same_hemi,RH_VisCent_ExStr_4,aGP-rh,VisCent,Pallidum_ant,right,right
105,0,0.005,within_network,RH_VisCent_ExStr_5,LH_VisCent_ExStr_2,VisCent,VisCent,right,left
105,8,0.005,cross_hemi_diff_network,RH_VisCent_ExStr_5,LH_VisPeri_ExStrInf_3,VisCent,VisPeri,right,left
105,147,0.005,cross_network_same_hemi,RH_VisCent_ExStr_5,RH_SalVentAttnA_ParMed_1,VisCent,SalVentAttnA,right,right
106,8,0.01,within_network,RH_VisPeri_ExStrInf_1,LH_VisPeri_ExStrInf_3,VisPeri,VisPeri,right,left
106,10,0.005,within_network,RH_VisPeri_ExStrInf_1,LH_VisPeri_ExStrSup_1,VisPeri,VisPeri,right,left
106,29,0.005,cross_hemi_diff_network,RH_VisPeri_ExStrInf_1,LH_DorsAttnA_TempOcc_2,VisPeri,DorsAttnA,right,left
106,177,0.005,cross_network_same_hemi,RH_VisPeri_ExStrInf_1,RH_ContB_PFClv_2,VisPeri,ContB,right,right
106,210,0.005,cross_network_same_hemi,RH_VisPeri_ExStrInf_1,pGP-rh,VisPeri,Pallidum_post,right,right
106,226,0.005,cross_hemi_diff_network,RH_VisPeri_ExStrInf_1,pGP-lh,VisPeri,Pallidum_post,right,left
107,7,0.005,within_network,RH_VisPeri_ExStrInf_2,LH_VisPeri_ExStrInf_2,VisPeri,VisPeri,right,left
107,50,0.005,cross_hemi_diff_network,RH_VisPeri_ExStrInf_2,LH_LimbicB_OFC_1,VisPeri,LimbicB,right,left
107,97,0.01,cross_hemi_diff_network,RH_VisPeri_ExStrInf_2,LH_DefaultC_PHC_1,VisPeri,DefaultC,right,left
107,98,0.005,cross_hemi_diff_network,RH_VisPeri_ExStrInf_2,LH_TempPar_1,VisPeri,TempPar,right,left
107,163,0.01,cross_network_same_hemi,RH_VisPeri_ExStrInf_2,RH_LimbicA_TempPole_4,VisPeri,LimbicA,right,right
107,204,0.005,cross_network_same_hemi,RH_VisPeri_ExStrInf_2,THA-DP-rh,VisPeri,Thalamus_DP,right,right
107,205,0.01,cross_network_same_hemi,RH_VisPeri_ExStrInf_2,THA-VP-rh,VisPeri,Thalamus_VP,right,right
107,210,0.01,cross_network_same_hemi,RH_VisPeri_ExStrInf_2,pGP-rh,VisPeri,Pallidum_post,right,right
107,217,0.02,cross_hemi_diff_network,RH_VisPeri_ExStrInf_2,pHIP-lh,VisPeri,Hippocampus_post,right,left
107,221,0.005,cross_hemi_diff_network,RH_VisPeri_ExStrInf_2,THA-VP-lh,VisPeri,Thalamus_VP,right,left
107,223,0.005,cross_hemi_diff_network,RH_VisPeri_ExStrInf_2,THA-DA-lh,VisPeri,Thalamus_DA,right,left
108,8,0.005,within_network,RH_VisPeri_StriCal_1,LH_VisPeri_ExStrInf_3,VisPeri,VisPeri,right,left
108,117,0.005,cross_network_same_hemi,RH_VisPeri_StriCal_1,RH_SomMotA_6,VisPeri,SomMotA,right,right
108,211,0.01,cross_network_same_hemi,RH_VisPeri_StriCal_1,aGP-rh,VisPeri,Pallidum_ant,right,right
109,6,0.01,within_network,RH_VisPeri_ExStrSup_1,LH_VisPeri_ExStrInf_1,VisPeri,VisPeri,right,left
109,8,0.045,within_network,RH_VisPeri_ExStrSup_1,LH_VisPeri_ExStrInf_3,VisPeri,VisPeri,right,left
109,54,0.005,cross_hemi_diff_network,RH_VisPeri_ExStrSup_1,LH_LimbicA_TempPole_3,VisPeri,LimbicA,right,left
109,55,0.005,cross_hemi_diff_network,RH_VisPeri_ExStrSup_1,LH_LimbicA_TempPole_4,VisPeri,LimbicA,right,left
109,98,0.01,cross_hemi_diff_network,RH_VisPeri_ExStrSup_1,LH_TempPar_1,VisPeri,TempPar,right,left
109,104,0.005,cross_network_same_hemi,RH_VisPeri_ExStrSup_1,RH_VisCent_ExStr_4,VisPeri,VisCent,right,right
109,142,0.005,cross_network_same_hemi,RH_VisPeri_ExStrSup_1,RH_SalVentAttnA_PrC_1,VisPeri,SalVentAttnA,right,right
109,148,0.005,cross_network_same_hemi,RH_VisPeri_ExStrSup_1,RH_SalVentAttnA_ParMed_2,VisPeri,SalVentAttnA,right,right
109,195,0.005,cross_network_same_hemi,RH_VisPeri_ExStrSup_1,RH_DefaultC_PHC_1,VisPeri,DefaultC,right,right
109,199,0.005,cross_network_same_hemi,RH_VisPeri_ExStrSup_1,RH_TempPar_4,VisPeri,TempPar,right,right
109,204,0.01,cross_network_same_hemi,RH_VisPeri_ExStrSup_1,THA-DP-rh,VisPeri,Thalamus_DP,right,right
109,207,0.005,cross_network_same_hemi,RH_VisPeri_ExStrSup_1,THA-DA-rh,VisPeri,Thalamus_DA,right,right
109,210,0.005,cross_network_same_hemi,RH_VisPeri_ExStrSup_1,pGP-rh,VisPeri,Pallidum_post,right,right
109,226,0.01,cross_hemi_diff_network,RH_VisPeri_ExStrSup_1,pGP-lh,VisPeri,Pallidum_post,right,left
109,227,0.005,cross_hemi_diff_network,RH_VisPeri_ExStrSup_1,aGP-lh,VisPeri,Pallidum_ant,right,left
110,7,0.005,within_network,RH_VisPeri_ExStrSup_2,LH_VisPeri_ExStrInf_2,VisPeri,VisPeri,right,left
110,8,0.01,within_network,RH_VisPeri_ExStrSup_2,LH_VisPeri_ExStrInf_3,VisPeri,VisPeri,right,left
110,204,0.005,cross_network_same_hemi,RH_VisPeri_ExStrSup_2,THA-DP-rh,VisPeri,Thalamus_DP,right,right
110,210,0.005,cross_network_same_hemi,RH_VisPeri_ExStrSup_2,pGP-rh,VisPeri,Pallidum_post,right,right
110,211,0.005,cross_network_same_hemi,RH_VisPeri_ExStrSup_2,aGP-rh,VisPeri,Pallidum_ant,right,right
110,226,0.005,cross_hemi_diff_network,RH_VisPeri_ExStrSup_2,pGP-lh,VisPeri,Pallidum_post,right,left
111,0,0.005,cross_hemi_diff_network,RH_VisPeri_ExStrSup_3,LH_VisCent_ExStr_2,VisPeri,VisCent,right,left
111,1,0.005,cross_hemi_diff_network,RH_VisPeri_ExStrSup_3,LH_VisCent_ExStr_1,VisPeri,VisCent,right,left
111,8,0.005,within_network,RH_VisPeri_ExStrSup_3,LH_VisPeri_ExStrInf_3,VisPeri,VisPeri,right,left
111,30,0.005,cross_hemi_diff_network,RH_VisPeri_ExStrSup_3,LH_DorsAttnA_ParOcc_1,VisPeri,DorsAttnA,right,left
111,31,0.005,cross_hemi_diff_network,RH_VisPeri_ExStrSup_3,LH_DorsAttnA_SPL_1,VisPeri,DorsAttnA,right,left
111,64,0.005,cross_hemi_diff_network,RH_VisPeri_ExStrSup_3,LH_ContA_PFCl_3,VisPeri,ContA,right,left
111,147,0.005,cross_network_same_hemi,RH_VisPeri_ExStrSup_3,RH_SalVentAttnA_ParMed_1,VisPeri,SalVentAttnA,right,right
111,202,0.005,cross_network_same_hemi,RH_VisPeri_ExStrSup_3,lAMY-rh,VisPeri,Amygdala_lat,right,right
111,207,0.005,cross_network_same_hemi,RH_VisPeri_ExStrSup_3,THA-DA-rh,VisPeri,Thalamus_DA,right,right
111,210,0.005,cross_network_same_hemi,RH_VisPeri_ExStrSup_3,pGP-rh,VisPeri,Pallidum_post,right,right
111,226,0.005,cross_hemi_diff_network,RH_VisPeri_ExStrSup_3,pGP-lh,VisPeri,Pallidum_post,right,left
112,54,0.005,cross_hemi_diff_network,RH_SomMotA_1,LH_LimbicA_TempPole_3,SomMotA,LimbicA,right,left
112,113,0.005,within_network,RH_SomMotA_1,RH_SomMotA_2,SomMotA,SomMotA,right,right
112,140,0.005,cross_network_same_hemi,RH_SomMotA_1,RH_DorsAttnB_FEF_1,SomMotA,DorsAttnB,right,right
112,218,0.005,cross_hemi_diff_network,RH_SomMotA_1,lAMY-lh,SomMotA,Amygdala_lat,right,left
113,0,0.005,cross_hemi_diff_network,RH_SomMotA_2,LH_VisCent_ExStr_2,SomMotA,VisCent,right,left
113,38,0.005,cross_hemi_diff_network,RH_SomMotA_2,LH_DorsAttnB_FEF_1,SomMotA,DorsAttnB,right,left
113,114,0.005,within_network,RH_SomMotA_2,RH_SomMotA_3,SomMotA,SomMotA,right,right
113,143,0.005,cross_network_same_hemi,RH_SomMotA_2,RH_SalVentAttnA_Ins_1,SomMotA,SalVentAttnA,right,right
113,199,0.005,cross_network_same_hemi,RH_SomMotA_2,RH_TempPar_4,SomMotA,TempPar,right,right
113,201,0.005,cross_network_same_hemi,RH_SomMotA_2,pHIP-rh,SomMotA,Hippocampus_post,right,right
113,204,0.005,cross_network_same_hemi,RH_SomMotA_2,THA-DP-rh,SomMotA,Thalamus_DP,right,right
113,208,0.005,cross_network_same_hemi,RH_SomMotA_2,NAc-shell-rh,SomMotA,Accumbens_shell,right,right
113,210,0.01,cross_network_same_hemi,RH_SomMotA_2,pGP-rh,SomMotA,Pallidum_post,right,right
113,225,0.005,cross_hemi_diff_network,RH_SomMotA_2,NAc-core-lh,SomMotA,Accumbens_core,right,left
114,8,0.005,cross_hemi_diff_network,RH_SomMotA_3,LH_VisPeri_ExStrInf_3,SomMotA,VisPeri,right,left
114,13,0.005,within_network,RH_SomMotA_3,LH_SomMotA_2,SomMotA,SomMotA,right,left
114,27,0.005,cross_hemi_diff_network,RH_SomMotA_3,LH_SomMotB_Cent_2,SomMotA,SomMotB,right,left
114,116,0.01,within_network,RH_SomMotA_3,RH_SomMotA_5,SomMotA,SomMotA,right,right
114,126,0.005,cross_network_same_hemi,RH_SomMotA_3,RH_SomMotB_S2_2,SomMotA,SomMotB,right,right
114,147,0.005,cross_network_same_hemi,RH_SomMotA_3,RH_SalVentAttnA_ParMed_1,SomMotA,SalVentAttnA,right,right
114,169,0.005,cross_network_same_hemi,RH_SomMotA_3,RH_ContA_Cingm_1,SomMotA,ContA,right,right
114,202,0.005,cross_network_same_hemi,RH_SomMotA_3,lAMY-rh,SomMotA,Amygdala_lat,right,right
114,220,0.005,cross_hemi_diff_network,RH_SomMotA_3,THA-DP-lh,SomMotA,Thalamus_DP,right,left
115,116,0.005,within_network,RH_SomMotA_4,RH_SomMotA_5,SomMotA,SomMotA,right,right
115,118,0.01,within_network,RH_SomMotA_4,RH_SomMotA_7,SomMotA,SomMotA,right,right
115,202,0.005,cross_network_same_hemi,RH_SomMotA_4,lAMY-rh,SomMotA,Amygdala_lat,right,right
115,204,0.005,cross_network_same_hemi,RH_SomMotA_4,THA-DP-rh,SomMotA,Thalamus_DP,right,right
116,55,0.005,cross_hemi_diff_network,RH_SomMotA_5,LH_LimbicA_TempPole_4,SomMotA,LimbicA,right,left
116,118,0.005,within_network,RH_SomMotA_5,RH_SomMotA_7,SomMotA,SomMotA,right,right
116,132,0.005,cross_network_same_hemi,RH_SomMotA_5,RH_DorsAttnA_SPL_1,SomMotA,DorsAttnA,right,right
116,135,0.005,cross_network_same_hemi,RH_SomMotA_5,RH_DorsAttnA_SPL_4,SomMotA,DorsAttnA,right,right
116,142,0.005,cross_network_same_hemi,RH_SomMotA_5,RH_SalVentAttnA_PrC_1,SomMotA,SalVentAttnA,right,right
116,148,0.005,cross_network_same_hemi,RH_SomMotA_5,RH_SalVentAttnA_ParMed_2,SomMotA,SalVentAttnA,right,right
116,201,0.005,cross_network_same_hemi,RH_SomMotA_5,pHIP-rh,SomMotA,Hippocampus_post,right,right
116,226,0.005,cross_hemi_diff_network,RH_SomMotA_5,pGP-lh,SomMotA,Pallidum_post,right,left
118,12,0.005,within_network,RH_SomMotA_7,LH_SomMotA_1,SomMotA,SomMotA,right,left
118,14,0.005,within_network,RH_SomMotA_7,LH_SomMotA_3,SomMotA,SomMotA,right,left
118,24,0.005,cross_hemi_diff_network,RH_SomMotA_7,LH_SomMotB_Aud_3,SomMotA,SomMotB,right,left
118,99,0.005,cross_hemi_diff_network,RH_SomMotA_7,LH_TempPar_2,SomMotA,TempPar,right,left
118,121,0.005,within_network,RH_SomMotA_7,RH_SomMotA_10,SomMotA,SomMotA,right,right
118,128,0.005,cross_network_same_hemi,RH_SomMotA_7,RH_SomMotB_S2_4,SomMotA,SomMotB,right,right
118,131,0.005,cross_network_same_hemi,RH_SomMotA_7,RH_DorsAttnA_ParOcc_1,SomMotA,DorsAttnA,right,right
118,140,0.005,cross_network_same_hemi,RH_SomMotA_7,RH_DorsAttnB_FEF_1,SomMotA,DorsAttnB,right,right
118,147,0.005,cross_network_same_hemi,RH_SomMotA_7,RH_SalVentAttnA_ParMed_1,SomMotA,SalVentAttnA,right,right
118,201,0.005,cross_network_same_hemi,RH_SomMotA_7,pHIP-rh,SomMotA,Hippocampus_post,right,right
118,204,0.005,cross_network_same_hemi,RH_SomMotA_7,THA-DP-rh,SomMotA,Thalamus_DP,right,right
118,210,0.005,cross_network_same_hemi,RH_SomMotA_7,pGP-rh,SomMotA,Pallidum_post,right,right
119,0,0.005,cross_hemi_diff_network,RH_SomMotA_8,LH_VisCent_ExStr_2,SomMotA,VisCent,right,left
119,22,0.005,cross_hemi_diff_network,RH_SomMotA_8,LH_SomMotB_S2_1,SomMotA,SomMotB,right,left
119,56,0.005,cross_hemi_diff_network,RH_SomMotA_8,LH_ContA_Temp_1,SomMotA,ContA,right,left
119,115,0.005,within_network,RH_SomMotA_8,RH_SomMotA_4,SomMotA,SomMotA,right,right
119,118,0.005,within_network,RH_SomMotA_8,RH_SomMotA_7,SomMotA,SomMotA,right,right
119,120,0.005,within_network,RH_SomMotA_8,RH_SomMotA_9,SomMotA,SomMotA,right,right
119,137,0.005,cross_network_same_hemi,RH_SomMotA_8,RH_DorsAttnB_PostC_2,SomMotA,DorsAttnB,right,right
119,166,0.005,cross_network_same_hemi,RH_SomMotA_8,RH_ContA_PFCd_1,SomMotA,ContA,right,right
119,227,0.005,cross_hemi_diff_network,RH_SomMotA_8,aGP-lh,SomMotA,Pallidum_ant,right,left
120,24,0.005,cross_hemi_diff_network,RH_SomMotA_9,LH_SomMotB_Aud_3,SomMotA,SomMotB,right,left
120,50,0.005,cross_hemi_diff_network,RH_SomMotA_9,LH_LimbicB_OFC_1,SomMotA,LimbicB,right,left
120,55,0.005,cross_hemi_diff_network,RH_SomMotA_9,LH_LimbicA_TempPole_4,SomMotA,LimbicA,right,left
120,56,0.005,cross_hemi_diff_network,RH_SomMotA_9,LH_ContA_Temp_1,SomMotA,ContA,right,left
120,119,0.005,within_network,RH_SomMotA_9,RH_SomMotA_8,SomMotA,SomMotA,right,right
120,156,0.005,cross_network_same_hemi,RH_SomMotA_9,RH_LimbicB_OFC_1,SomMotA,LimbicB,right,right
120,208,0.005,cross_network_same_hemi,RH_SomMotA_9,NAc-shell-rh,SomMotA,Accumbens_shell,right,right
120,217,0.005,cross_hemi_diff_network,RH_SomMotA_9,pHIP-lh,SomMotA,Hippocampus_post,right,left
121,204,0.01,cross_network_same_hemi,RH_SomMotA_10,THA-DP-rh,SomMotA,Thalamus_DP,right,right
121,210,0.005,cross_network_same_hemi,RH_SomMotA_10,pGP-rh,SomMotA,Pallidum_post,right,right
122,16,0.01,within_network,RH_SomMotA_11,LH_SomMotA_5,SomMotA,SomMotA,right,left
122,92,0.005,cross_hemi_diff_network,RH_SomMotA_11,LH_DefaultB_PFCv_2,SomMotA,DefaultB,right,left
122,118,0.01,within_network,RH_SomMotA_11,RH_SomMotA_7,SomMotA,SomMotA,right,right
122,120,0.005,within_network,RH_SomMotA_11,RH_SomMotA_9,SomMotA,SomMotA,right,right
122,147,0.005,cross_network_same_hemi,RH_SomMotA_11,RH_SalVentAttnA_ParMed_1,SomMotA,SalVentAttnA,right,right
122,202,0.005,cross_network_same_hemi,RH_SomMotA_11,lAMY-rh,SomMotA,Amygdala_lat,right,right
122,208,0.005,cross_network_same_hemi,RH_SomMotA_11,NAc-shell-rh,SomMotA,Accumbens_shell,right,right
122,210,0.01,cross_network_same_hemi,RH_SomMotA_11,pGP-rh,SomMotA,Pallidum_post,right,right
122,217,0.005,cross_hemi_diff_network,RH_SomMotA_11,pHIP-lh,SomMotA,Hippocampus_post,right,left
122,226,0.005,cross_hemi_diff_network,RH_SomMotA_11,pGP-lh,SomMotA,Pallidum_post,right,left
123,0,0.005,cross_hemi_diff_network,RH_SomMotB_Aud_1,LH_VisCent_ExStr_2,SomMotB,VisCent,right,left
123,22,0.01,within_network,RH_SomMotB_Aud_1,LH_SomMotB_S2_1,SomMotB,SomMotB,right,left
123,27,0.005,within_network,RH_SomMotB_Aud_1,LH_SomMotB_Cent_2,SomMotB,SomMotB,right,left
123,54,0.005,cross_hemi_diff_network,RH_SomMotB_Aud_1,LH_LimbicA_TempPole_3,SomMotB,LimbicA,right,left
123,55,0.005,cross_hemi_diff_network,RH_SomMotB_Aud_1,LH_LimbicA_TempPole_4,SomMotB,LimbicA,right,left
123,118,0.005,cross_network_same_hemi,RH_SomMotB_Aud_1,RH_SomMotA_7,SomMotB,SomMotA,right,right
123,126,0.01,within_network,RH_SomMotB_Aud_1,RH_SomMotB_S2_2,SomMotB,SomMotB,right,right
123,143,0.005,cross_network_same_hemi,RH_SomMotB_Aud_1,RH_SalVentAttnA_Ins_1,SomMotB,SalVentAttnA,right,right
123,147,0.005,cross_network_same_hemi,RH_SomMotB_Aud_1,RH_SalVentAttnA_ParMed_1,SomMotB,SalVentAttnA,right,right
123,162,0.005,cross_network_same_hemi,RH_SomMotB_Aud_1,RH_LimbicA_TempPole_3,SomMotB,LimbicA,right,right
123,196,0.005,cross_network_same_hemi,RH_SomMotB_Aud_1,RH_TempPar_1,SomMotB,TempPar,right,right
123,198,0.005,cross_network_same_hemi,RH_SomMotB_Aud_1,RH_TempPar_3,SomMotB,TempPar,right,right
123,199,0.005,cross_network_same_hemi,RH_SomMotB_Aud_1,RH_TempPar_4,SomMotB,TempPar,right,right
123,202,0.005,cross_network_same_hemi,RH_SomMotB_Aud_1,lAMY-rh,SomMotB,Amygdala_lat,right,right
123,205,0.005,cross_network_same_hemi,RH_SomMotB_Aud_1,THA-VP-rh,SomMotB,Thalamus_VP,right,right
123,210,0.015,cross_network_same_hemi,RH_SomMotB_Aud_1,pGP-rh,SomMotB,Pallidum_post,right,right
123,221,0.005,cross_hemi_diff_network,RH_SomMotB_Aud_1,THA-VP-lh,SomMotB,Thalamus_VP,right,left
124,5,0.005,cross_hemi_diff_network,RH_SomMotB_Aud_2,LH_VisCent_ExStr_5,SomMotB,VisCent,right,left
124,20,0.01,within_network,RH_SomMotB_Aud_2,LH_SomMotB_Aud_1,SomMotB,SomMotB,right,left
124,23,0.005,within_network,RH_SomMotB_Aud_2,LH_SomMotB_S2_2,SomMotB,SomMotB,right,left
124,24,0.005,within_network,RH_SomMotB_Aud_2,LH_SomMotB_Aud_3,SomMotB,SomMotB,right,left
124,93,0.005,cross_hemi_diff_network,RH_SomMotB_Aud_2,LH_DefaultB_PFCv_3,SomMotB,DefaultB,right,left
124,99,0.005,cross_hemi_diff_network,RH_SomMotB_Aud_2,LH_TempPar_2,SomMotB,TempPar,right,left
124,126,0.005,within_network,RH_SomMotB_Aud_2,RH_SomMotB_S2_2,SomMotB,SomMotB,right,right
124,140,0.005,cross_network_same_hemi,RH_SomMotB_Aud_2,RH_DorsAttnB_FEF_1,SomMotB,DorsAttnB,right,right
124,143,0.015,cross_network_same_hemi,RH_SomMotB_Aud_2,RH_SalVentAttnA_Ins_1,SomMotB,SalVentAttnA,right,right
124,144,0.005,cross_network_same_hemi,RH_SomMotB_Aud_2,RH_SalVentAttnA_Ins_2,SomMotB,SalVentAttnA,right,right
124,198,0.015,cross_network_same_hemi,RH_SomMotB_Aud_2,RH_TempPar_3,SomMotB,TempPar,right,right
124,204,0.01,cross_network_same_hemi,RH_SomMotB_Aud_2,THA-DP-rh,SomMotB,Thalamus_DP,right,right
124,210,0.015,cross_network_same_hemi,RH_SomMotB_Aud_2,pGP-rh,SomMotB,Pallidum_post,right,right
124,226,0.01,cross_hemi_diff_network,RH_SomMotB_Aud_2,pGP-lh,SomMotB,Pallidum_post,right,left
125,8,0.005,cross_hemi_diff_network,RH_SomMotB_S2_1,LH_VisPeri_ExStrInf_3,SomMotB,VisPeri,right,left
125,12,0.005,cross_hemi_diff_network,RH_SomMotB_S2_1,LH_SomMotA_1,SomMotB,SomMotA,right,left
125,20,0.005,within_network,RH_SomMotB_S2_1,LH_SomMotB_Aud_1,SomMotB,SomMotB,right,left
125,22,0.01,within_network,RH_SomMotB_S2_1,LH_SomMotB_S2_1,SomMotB,SomMotB,right,left
125,23,0.005,within_network,RH_SomMotB_S2_1,LH_SomMotB_S2_2,SomMotB,SomMotB,right,left
125,24,0.005,within_network,RH_SomMotB_S2_1,LH_SomMotB_Aud_3,SomMotB,SomMotB,right,left
125,40,0.005,cross_hemi_diff_network,RH_SomMotB_S2_1,LH_SalVentAttnA_Ins_1,SomMotB,SalVentAttnA,right,left
125,41,0.005,cross_hemi_diff_network,RH_SomMotB_S2_1,LH_SalVentAttnA_FrOper_1,SomMotB,SalVentAttnA,right,left
125,50,0.005,cross_hemi_diff_network,RH_SomMotB_S2_1,LH_LimbicB_OFC_1,SomMotB,LimbicB,right,left
125,54,0.005,cross_hemi_diff_network,RH_SomMotB_S2_1,LH_LimbicA_TempPole_3,SomMotB,LimbicA,right,left
125,113,0.005,cross_network_same_hemi,RH_SomMotB_S2_1,RH_SomMotA_2,SomMotB,SomMotA,right,right
125,114,0.005,cross_network_same_hemi,RH_SomMotB_S2_1,RH_SomMotA_3,SomMotB,SomMotA,right,right
125,124,0.005,within_network,RH_SomMotB_S2_1,RH_SomMotB_Aud_2,SomMotB,SomMotB,right,right
125,131,0.005,cross_network_same_hemi,RH_SomMotB_S2_1,RH_DorsAttnA_ParOcc_1,SomMotB,DorsAttnA,right,right
125,141,0.005,cross_network_same_hemi,RH_SomMotB_S2_1,RH_SalVentAttnA_ParOper_1,SomMotB,SalVentAttnA,right,right
125,143,0.01,cross_network_same_hemi,RH_SomMotB_S2_1,RH_SalVentAttnA_Ins_1,SomMotB,SalVentAttnA,right,right
125,161,0.01,cross_network_same_hemi,RH_SomMotB_S2_1,RH_LimbicA_TempPole_2,SomMotB,LimbicA,right,right
125,162,0.005,cross_network_same_hemi,RH_SomMotB_S2_1,RH_LimbicA_TempPole_3,SomMotB,LimbicA,right,right
125,169,0.005,cross_network_same_hemi,RH_SomMotB_S2_1,RH_ContA_Cingm_1,SomMotB,ContA,right,right
125,204,0.01,cross_network_same_hemi,RH_SomMotB_S2_1,THA-DP-rh,SomMotB,Thalamus_DP,right,right
125,205,0.005,cross_network_same_hemi,RH_SomMotB_S2_1,THA-VP-rh,SomMotB,Thalamus_VP,right,right
125,207,0.005,cross_network_same_hemi,RH_SomMotB_S2_1,THA-DA-rh,SomMotB,Thalamus_DA,right,right
125,210,0.03,cross_network_same_hemi,RH_SomMotB_S2_1,pGP-rh,SomMotB,Pallidum_post,right,right
125,216,0.005,cross_hemi_diff_network,RH_SomMotB_S2_1,aHIP-lh,SomMotB,Hippocampus_ant,right,left
125,223,0.005,cross_hemi_diff_network,RH_SomMotB_S2_1,THA-DA-lh,SomMotB,Thalamus_DA,right,left
125,225,0.005,cross_hemi_diff_network,RH_SomMotB_S2_1,NAc-core-lh,SomMotB,Accumbens_core,right,left
125,226,0.01,cross_hemi_diff_network,RH_SomMotB_S2_1,pGP-lh,SomMotB,Pallidum_post,right,left
126,12,0.005,cross_hemi_diff_network,RH_SomMotB_S2_2,LH_SomMotA_1,SomMotB,SomMotA,right,left
126,16,0.005,cross_hemi_diff_network,RH_SomMotB_S2_2,LH_SomMotA_5,SomMotB,SomMotA,right,left
126,22,0.01,within_network,RH_SomMotB_S2_2,LH_SomMotB_S2_1,SomMotB,SomMotB,right,left
126,41,0.01,cross_hemi_diff_network,RH_SomMotB_S2_2,LH_SalVentAttnA_FrOper_1,SomMotB,SalVentAttnA,right,left
126,43,0.005,cross_hemi_diff_network,RH_SomMotB_S2_2,LH_SalVentAttnA_ParMed_1,SomMotB,SalVentAttnA,right,left
126,55,0.005,cross_hemi_diff_network,RH_SomMotB_S2_2,LH_LimbicA_TempPole_4,SomMotB,LimbicA,right,left
126,116,0.005,cross_network_same_hemi,RH_SomMotB_S2_2,RH_SomMotA_5,SomMotB,SomMotA,right,right
126,118,0.005,cross_network_same_hemi,RH_SomMotB_S2_2,RH_SomMotA_7,SomMotB,SomMotA,right,right
126,131,0.005,cross_network_same_hemi,RH_SomMotB_S2_2,RH_DorsAttnA_ParOcc_1,SomMotB,DorsAttnA,right,right
126,143,0.005,cross_network_same_hemi,RH_SomMotB_S2_2,RH_SalVentAttnA_Ins_1,SomMotB,SalVentAttnA,right,right
126,147,0.005,cross_network_same_hemi,RH_SomMotB_S2_2,RH_SalVentAttnA_ParMed_1,SomMotB,SalVentAttnA,right,right
126,161,0.005,cross_network_same_hemi,RH_SomMotB_S2_2,RH_LimbicA_TempPole_2,SomMotB,LimbicA,right,right
126,205,0.01,cross_network_same_hemi,RH_SomMotB_S2_2,THA-VP-rh,SomMotB,Thalamus_VP,right,right
126,210,0.005,cross_network_same_hemi,RH_SomMotB_S2_2,pGP-rh,SomMotB,Pallidum_post,right,right
126,211,0.005,cross_network_same_hemi,RH_SomMotB_S2_2,aGP-rh,SomMotB,Pallidum_ant,right,right
126,213,0.015,cross_network_same_hemi,RH_SomMotB_S2_2,pPUT-rh,SomMotB,Putamen_post,right,right
126,217,0.005,cross_hemi_diff_network,RH_SomMotB_S2_2,pHIP-lh,SomMotB,Hippocampus_post,right,left
126,218,0.005,cross_hemi_diff_network,RH_SomMotB_S2_2,lAMY-lh,SomMotB,Amygdala_lat,right,left
126,220,0.005,cross_hemi_diff_network,RH_SomMotB_S2_2,THA-DP-lh,SomMotB,Thalamus_DP,right,left
126,221,0.005,cross_hemi_diff_network,RH_SomMotB_S2_2,THA-VP-lh,SomMotB,Thalamus_VP,right,left
126,226,0.005,cross_hemi_diff_network,RH_SomMotB_S2_2,pGP-lh,SomMotB,Pallidum_post,right,left
127,20,0.005,within_network,RH_SomMotB_S2_3,LH_SomMotB_Aud_1,SomMotB,SomMotB,right,left
127,22,0.005,within_network,RH_SomMotB_S2_3,LH_SomMotB_S2_1,SomMotB,SomMotB,right,left
127,24,0.01,within_network,RH_SomMotB_S2_3,LH_SomMotB_Aud_3,SomMotB,SomMotB,right,left
127,25,0.005,within_network,RH_SomMotB_S2_3,LH_SomMotB_S2_3,SomMotB,SomMotB,right,left
127,38,0.005,cross_hemi_diff_network,RH_SomMotB_S2_3,LH_DorsAttnB_FEF_1,SomMotB,DorsAttnB,right,left
127,54,0.005,cross_hemi_diff_network,RH_SomMotB_S2_3,LH_LimbicA_TempPole_3,SomMotB,LimbicA,right,left
127,56,0.005,cross_hemi_diff_network,RH_SomMotB_S2_3,LH_ContA_Temp_1,SomMotB,ContA,right,left
127,126,0.02,within_network,RH_SomMotB_S2_3,RH_SomMotB_S2_2,SomMotB,SomMotB,right,right
127,142,0.005,cross_network_same_hemi,RH_SomMotB_S2_3,RH_SalVentAttnA_PrC_1,SomMotB,SalVentAttnA,right,right
127,143,0.005,cross_network_same_hemi,RH_SomMotB_S2_3,RH_SalVentAttnA_Ins_1,SomMotB,SalVentAttnA,right,right
127,144,0.005,cross_network_same_hemi,RH_SomMotB_S2_3,RH_SalVentAttnA_Ins_2,SomMotB,SalVentAttnA,right,right
127,147,0.005,cross_network_same_hemi,RH_SomMotB_S2_3,RH_SalVentAttnA_ParMed_1,SomMotB,SalVentAttnA,right,right
127,149,0.005,cross_network_same_hemi,RH_SomMotB_S2_3,RH_SalVentAttnA_FrMed_2,SomMotB,SalVentAttnA,right,right
127,202,0.015,cross_network_same_hemi,RH_SomMotB_S2_3,lAMY-rh,SomMotB,Amygdala_lat,right,right
127,205,0.005,cross_network_same_hemi,RH_SomMotB_S2_3,THA-VP-rh,SomMotB,Thalamus_VP,right,right
127,206,0.005,cross_network_same_hemi,RH_SomMotB_S2_3,THA-VA-rh,SomMotB,Thalamus_VA,right,right
127,207,0.005,cross_network_same_hemi,RH_SomMotB_S2_3,THA-DA-rh,SomMotB,Thalamus_DA,right,right
127,210,0.01,cross_network_same_hemi,RH_SomMotB_S2_3,pGP-rh,SomMotB,Pallidum_post,right,right
127,211,0.005,cross_network_same_hemi,RH_SomMotB_S2_3,aGP-rh,SomMotB,Pallidum_ant,right,right
127,218,0.005,cross_hemi_diff_network,RH_SomMotB_S2_3,lAMY-lh,SomMotB,Amygdala_lat,right,left
127,224,0.005,cross_hemi_diff_network,RH_SomMotB_S2_3,NAc-shell-lh,SomMotB,Accumbens_shell,right,left
127,226,0.005,cross_hemi_diff_network,RH_SomMotB_S2_3,pGP-lh,SomMotB,Pallidum_post,right,left
128,22,0.015,within_network,RH_SomMotB_S2_4,LH_SomMotB_S2_1,SomMotB,SomMotB,right,left
128,24,0.01,within_network,RH_SomMotB_S2_4,LH_SomMotB_Aud_3,SomMotB,SomMotB,right,left
128,45,0.005,cross_hemi_diff_network,RH_SomMotB_S2_4,LH_SalVentAttnA_FrMed_2,SomMotB,SalVentAttnA,right,left
128,116,0.005,cross_network_same_hemi,RH_SomMotB_S2_4,RH_SomMotA_5,SomMotB,SomMotA,right,right
128,124,0.005,within_network,RH_SomMotB_S2_4,RH_SomMotB_Aud_2,SomMotB,SomMotB,right,right
128,131,0.005,cross_network_same_hemi,RH_SomMotB_S2_4,RH_DorsAttnA_ParOcc_1,SomMotB,DorsAttnA,right,right
128,160,0.005,cross_network_same_hemi,RH_SomMotB_S2_4,RH_LimbicA_TempPole_1,SomMotB,LimbicA,right,right
128,201,0.005,cross_network_same_hemi,RH_SomMotB_S2_4,pHIP-rh,SomMotB,Hippocampus_post,right,right
128,207,0.005,cross_network_same_hemi,RH_SomMotB_S2_4,THA-DA-rh,SomMotB,Thalamus_DA,right,right
128,210,0.005,cross_network_same_hemi,RH_SomMotB_S2_4,pGP-rh,SomMotB,Pallidum_post,right,right
128,221,0.005,cross_hemi_diff_network,RH_SomMotB_S2_4,THA-VP-lh,SomMotB,Thalamus_VP,right,left
128,224,0.005,cross_hemi_diff_network,RH_SomMotB_S2_4,NAc-shell-lh,SomMotB,Accumbens_shell,right,left
128,226,0.005,cross_hemi_diff_network,RH_SomMotB_S2_4,pGP-lh,SomMotB,Pallidum_post,right,left
129,22,0.005,within_network,RH_SomMotB_Cent_1,LH_SomMotB_S2_1,SomMotB,SomMotB,right,left
129,55,0.005,cross_hemi_diff_network,RH_SomMotB_Cent_1,LH_LimbicA_TempPole_4,SomMotB,LimbicA,right,left
129,124,0.005,within_network,RH_SomMotB_Cent_1,RH_SomMotB_Aud_2,SomMotB,SomMotB,right,right
129,221,0.01,cross_hemi_diff_network,RH_SomMotB_Cent_1,THA-VP-lh,SomMotB,Thalamus_VP,right,left
129,226,0.005,cross_hemi_diff_network,RH_SomMotB_Cent_1,pGP-lh,SomMotB,Pallidum_post,right,left
130,30,0.005,within_network,RH_DorsAttnA_TempOcc_1,LH_DorsAttnA_ParOcc_1,DorsAttnA,DorsAttnA,right,left
130,103,0.005,cross_network_same_hemi,RH_DorsAttnA_TempOcc_1,RH_VisCent_ExStr_3,DorsAttnA,VisCent,right,right
130,175,0.005,cross_network_same_hemi,RH_DorsAttnA_TempOcc_1,RH_ContB_PFCld_2,DorsAttnA,ContB,right,right
130,211,0.005,cross_network_same_hemi,RH_DorsAttnA_TempOcc_1,aGP-rh,DorsAttnA,Pallidum_ant,right,right
130,220,0.01,cross_hemi_diff_network,RH_DorsAttnA_TempOcc_1,THA-DP-lh,DorsAttnA,Thalamus_DP,right,left
131,8,0.005,cross_hemi_diff_network,RH_DorsAttnA_ParOcc_1,LH_VisPeri_ExStrInf_3,DorsAttnA,VisPeri,right,left
131,11,0.005,cross_hemi_diff_network,RH_DorsAttnA_ParOcc_1,LH_VisPeri_ExStrSup_2,DorsAttnA,VisPeri,right,left
131,30,0.005,within_network,RH_DorsAttnA_ParOcc_1,LH_DorsAttnA_ParOcc_1,DorsAttnA,DorsAttnA,right,left
131,36,0.005,cross_hemi_diff_network,RH_DorsAttnA_ParOcc_1,LH_DorsAttnB_PostC_3,DorsAttnA,DorsAttnB,right,left
131,48,0.005,cross_hemi_diff_network,RH_DorsAttnA_ParOcc_1,LH_SalVentAttnB_Ins_1,DorsAttnA,SalVentAttnB,right,left
131,56,0.005,cross_hemi_diff_network,RH_DorsAttnA_ParOcc_1,LH_ContA_Temp_1,DorsAttnA,ContA,right,left
131,139,0.005,cross_network_same_hemi,RH_DorsAttnA_ParOcc_1,RH_DorsAttnB_PostC_4,DorsAttnA,DorsAttnB,right,right
131,141,0.005,cross_network_same_hemi,RH_DorsAttnA_ParOcc_1,RH_SalVentAttnA_ParOper_1,DorsAttnA,SalVentAttnA,right,right
131,143,0.005,cross_network_same_hemi,RH_DorsAttnA_ParOcc_1,RH_SalVentAttnA_Ins_1,DorsAttnA,SalVentAttnA,right,right
131,144,0.005,cross_network_same_hemi,RH_DorsAttnA_ParOcc_1,RH_SalVentAttnA_Ins_2,DorsAttnA,SalVentAttnA,right,right
131,147,0.01,cross_network_same_hemi,RH_DorsAttnA_ParOcc_1,RH_SalVentAttnA_ParMed_1,DorsAttnA,SalVentAttnA,right,right
131,161,0.005,cross_network_same_hemi,RH_DorsAttnA_ParOcc_1,RH_LimbicA_TempPole_2,DorsAttnA,LimbicA,right,right
131,163,0.005,cross_network_same_hemi,RH_DorsAttnA_ParOcc_1,RH_LimbicA_TempPole_4,DorsAttnA,LimbicA,right,right
131,212,0.005,cross_network_same_hemi,RH_DorsAttnA_ParOcc_1,aPUT-rh,DorsAttnA,Putamen_ant,right,right
131,220,0.01,cross_hemi_diff_network,RH_DorsAttnA_ParOcc_1,THA-DP-lh,DorsAttnA,Thalamus_DP,right,left
131,226,0.01,cross_hemi_diff_network,RH_DorsAttnA_ParOcc_1,pGP-lh,DorsAttnA,Pallidum_post,right,left
132,30,0.01,within_network,RH_DorsAttnA_SPL_1,LH_DorsAttnA_ParOcc_1,DorsAttnA,DorsAttnA,right,left
132,32,0.005,within_network,RH_DorsAttnA_SPL_1,LH_DorsAttnA_SPL_2,DorsAttnA,DorsAttnA,right,left
132,57,0.005,cross_hemi_diff_network,RH_DorsAttnA_SPL_1,LH_ContA_IPS_1,DorsAttnA,ContA,right,left
132,103,0.005,cross_network_same_hemi,RH_DorsAttnA_SPL_1,RH_VisCent_ExStr_3,DorsAttnA,VisCent,right,right
132,106,0.005,cross_network_same_hemi,RH_DorsAttnA_SPL_1,RH_VisPeri_ExStrInf_1,DorsAttnA,VisPeri,right,right
132,163,0.005,cross_network_same_hemi,RH_DorsAttnA_SPL_1,RH_LimbicA_TempPole_4,DorsAttnA,LimbicA,right,right
133,4,0.005,cross_hemi_diff_network,RH_DorsAttnA_SPL_2,LH_VisCent_ExStr_4,DorsAttnA,VisCent,right,left
133,29,0.005,within_network,RH_DorsAttnA_SPL_2,LH_DorsAttnA_TempOcc_2,DorsAttnA,DorsAttnA,right,left
133,30,0.005,within_network,RH_DorsAttnA_SPL_2,LH_DorsAttnA_ParOcc_1,DorsAttnA,DorsAttnA,right,left
133,31,0.005,within_network,RH_DorsAttnA_SPL_2,LH_DorsAttnA_SPL_1,DorsAttnA,DorsAttnA,right,left
133,99,0.005,cross_hemi_diff_network,RH_DorsAttnA_SPL_2,LH_TempPar_2,DorsAttnA,TempPar,right,left
133,143,0.005,cross_network_same_hemi,RH_DorsAttnA_SPL_2,RH_SalVentAttnA_Ins_1,DorsAttnA,SalVentAttnA,right,right
133,193,0.005,cross_network_same_hemi,RH_DorsAttnA_SPL_2,RH_DefaultC_IPL_1,DorsAttnA,DefaultC,right,right
134,24,0.005,cross_hemi_diff_network,RH_DorsAttnA_SPL_3,LH_SomMotB_Aud_3,DorsAttnA,SomMotB,right,left
134,29,0.005,within_network,RH_DorsAttnA_SPL_3,LH_DorsAttnA_TempOcc_2,DorsAttnA,DorsAttnA,right,left
134,30,0.005,within_network,RH_DorsAttnA_SPL_3,LH_DorsAttnA_ParOcc_1,DorsAttnA,DorsAttnA,right,left
134,33,0.015,within_network,RH_DorsAttnA_SPL_3,LH_DorsAttnA_SPL_3,DorsAttnA,DorsAttnA,right,left
134,35,0.005,cross_hemi_diff_network,RH_DorsAttnA_SPL_3,LH_DorsAttnB_PostC_2,DorsAttnA,DorsAttnB,right,left
134,38,0.005,cross_hemi_diff_network,RH_DorsAttnA_SPL_3,LH_DorsAttnB_FEF_1,DorsAttnA,DorsAttnB,right,left
134,56,0.005,cross_hemi_diff_network,RH_DorsAttnA_SPL_3,LH_ContA_Temp_1,DorsAttnA,ContA,right,left
134,64,0.005,cross_hemi_diff_network,RH_DorsAttnA_SPL_3,LH_ContA_PFCl_3,DorsAttnA,ContA,right,left
134,111,0.005,cross_network_same_hemi,RH_DorsAttnA_SPL_3,RH_VisPeri_ExStrSup_3,DorsAttnA,VisPeri,right,right
134,139,0.005,cross_network_same_hemi,RH_DorsAttnA_SPL_3,RH_DorsAttnB_PostC_4,DorsAttnA,DorsAttnB,right,right
134,150,0.005,cross_network_same_hemi,RH_DorsAttnA_SPL_3,RH_SalVentAttnB_IPL_1,DorsAttnA,SalVentAttnB,right,right
134,151,0.005,cross_network_same_hemi,RH_DorsAttnA_SPL_3,RH_SalVentAttnB_PFClv_1,DorsAttnA,SalVentAttnB,right,right
134,163,0.005,cross_network_same_hemi,RH_DorsAttnA_SPL_3,RH_LimbicA_TempPole_4,DorsAttnA,LimbicA,right,right
134,166,0.005,cross_network_same_hemi,RH_DorsAttnA_SPL_3,RH_ContA_PFCd_1,DorsAttnA,ContA,right,right
134,168,0.005,cross_network_same_hemi,RH_DorsAttnA_SPL_3,RH_ContA_PFCl_2,DorsAttnA,ContA,right,right
134,175,0.005,cross_network_same_hemi,RH_DorsAttnA_SPL_3,RH_ContB_PFCld_2,DorsAttnA,ContB,right,right
134,176,0.005,cross_network_same_hemi,RH_DorsAttnA_SPL_3,RH_ContB_PFClv_1,DorsAttnA,ContB,right,right
134,204,0.005,cross_network_same_hemi,RH_DorsAttnA_SPL_3,THA-DP-rh,DorsAttnA,Thalamus_DP,right,right
134,211,0.01,cross_network_same_hemi,RH_DorsAttnA_SPL_3,aGP-rh,DorsAttnA,Pallidum_ant,right,right
134,224,0.005,cross_hemi_diff_network,RH_DorsAttnA_SPL_3,NAc-shell-lh,DorsAttnA,Accumbens_shell,right,left
134,227,0.01,cross_hemi_diff_network,RH_DorsAttnA_SPL_3,aGP-lh,DorsAttnA,Pallidum_ant,right,left
134,230,0.005,cross_hemi_diff_network,RH_DorsAttnA_SPL_3,aCAU-lh,DorsAttnA,Caudate_ant,right,left
135,17,0.005,cross_hemi_diff_network,RH_DorsAttnA_SPL_4,LH_SomMotA_6,DorsAttnA,SomMotA,right,left
135,29,0.005,within_network,RH_DorsAttnA_SPL_4,LH_DorsAttnA_TempOcc_2,DorsAttnA,DorsAttnA,right,left
135,30,0.005,within_network,RH_DorsAttnA_SPL_4,LH_DorsAttnA_ParOcc_1,DorsAttnA,DorsAttnA,right,left
135,31,0.005,within_network,RH_DorsAttnA_SPL_4,LH_DorsAttnA_SPL_1,DorsAttnA,DorsAttnA,right,left
135,37,0.005,cross_hemi_diff_network,RH_DorsAttnA_SPL_4,LH_DorsAttnB_PostC_4,DorsAttnA,DorsAttnB,right,left
135,38,0.01,cross_hemi_diff_network,RH_DorsAttnA_SPL_4,LH_DorsAttnB_FEF_1,DorsAttnA,DorsAttnB,right,left
135,56,0.005,cross_hemi_diff_network,RH_DorsAttnA_SPL_4,LH_ContA_Temp_1,DorsAttnA,ContA,right,left
135,58,0.005,cross_hemi_diff_network,RH_DorsAttnA_SPL_4,LH_ContA_IPS_2,DorsAttnA,ContA,right,left
135,59,0.005,cross_hemi_diff_network,RH_DorsAttnA_SPL_4,LH_ContA_IPS_3,DorsAttnA,ContA,right,left
135,60,0.005,cross_hemi_diff_network,RH_DorsAttnA_SPL_4,LH_ContA_PFCd_1,DorsAttnA,ContA,right,left
135,99,0.005,cross_hemi_diff_network,RH_DorsAttnA_SPL_4,LH_TempPar_2,DorsAttnA,TempPar,right,left
135,139,0.005,cross_network_same_hemi,RH_DorsAttnA_SPL_4,RH_DorsAttnB_PostC_4,DorsAttnA,DorsAttnB,right,right
135,150,0.005,cross_network_same_hemi,RH_DorsAttnA_SPL_4,RH_SalVentAttnB_IPL_1,DorsAttnA,SalVentAttnB,right,right
135,164,0.005,cross_network_same_hemi,RH_DorsAttnA_SPL_4,RH_ContA_IPS_1,DorsAttnA,ContA,right,right
135,173,0.005,cross_network_same_hemi,RH_DorsAttnA_SPL_4,RH_ContB_IPL_2,DorsAttnA,ContB,right,right
135,204,0.005,cross_network_same_hemi,RH_DorsAttnA_SPL_4,THA-DP-rh,DorsAttnA,Thalamus_DP,right,right
135,226,0.005,cross_hemi_diff_network,RH_DorsAttnA_SPL_4,pGP-lh,DorsAttnA,Pallidum_post,right,left
136,8,0.005,cross_hemi_diff_network,RH_DorsAttnB_PostC_1,LH_VisPeri_ExStrInf_3,DorsAttnB,VisPeri,right,left
136,25,0.005,cross_hemi_diff_network,RH_DorsAttnB_PostC_1,LH_SomMotB_S2_3,DorsAttnB,SomMotB,right,left
136,29,0.005,cross_hemi_diff_network,RH_DorsAttnB_PostC_1,LH_DorsAttnA_TempOcc_2,DorsAttnB,DorsAttnA,right,left
136,35,0.01,within_network,RH_DorsAttnB_PostC_1,LH_DorsAttnB_PostC_2,DorsAttnB,DorsAttnB,right,left
136,56,0.005,cross_hemi_diff_network,RH_DorsAttnB_PostC_1,LH_ContA_Temp_1,DorsAttnB,ContA,right,left
136,59,0.005,cross_hemi_diff_network,RH_DorsAttnB_PostC_1,LH_ContA_IPS_3,DorsAttnB,ContA,right,left
136,86,0.005,cross_hemi_diff_network,RH_DorsAttnB_PostC_1,LH_DefaultB_IPL_1,DorsAttnB,DefaultB,right,left
136,99,0.005,cross_hemi_diff_network,RH_DorsAttnB_PostC_1,LH_TempPar_2,DorsAttnB,TempPar,right,left
136,116,0.015,cross_network_same_hemi,RH_DorsAttnB_PostC_1,RH_SomMotA_5,DorsAttnB,SomMotA,right,right
136,118,0.005,cross_network_same_hemi,RH_DorsAttnB_PostC_1,RH_SomMotA_7,DorsAttnB,SomMotA,right,right
136,145,0.005,cross_network_same_hemi,RH_DorsAttnB_PostC_1,RH_SalVentAttnA_FrOper_1,DorsAttnB,SalVentAttnA,right,right
136,147,0.005,cross_network_same_hemi,RH_DorsAttnB_PostC_1,RH_SalVentAttnA_ParMed_1,DorsAttnB,SalVentAttnA,right,right
136,154,0.005,cross_network_same_hemi,RH_DorsAttnB_PostC_1,RH_SalVentAttnB_Ins_2,DorsAttnB,SalVentAttnB,right,right
136,165,0.005,cross_network_same_hemi,RH_DorsAttnB_PostC_1,RH_ContA_IPS_2,DorsAttnB,ContA,right,right
136,167,0.005,cross_network_same_hemi,RH_DorsAttnB_PostC_1,RH_ContA_PFCl_1,DorsAttnB,ContA,right,right
136,199,0.005,cross_network_same_hemi,RH_DorsAttnB_PostC_1,RH_TempPar_4,DorsAttnB,TempPar,right,right
136,202,0.005,cross_network_same_hemi,RH_DorsAttnB_PostC_1,lAMY-rh,DorsAttnB,Amygdala_lat,right,right
136,210,0.01,cross_network_same_hemi,RH_DorsAttnB_PostC_1,pGP-rh,DorsAttnB,Pallidum_post,right,right
136,224,0.005,cross_hemi_diff_network,RH_DorsAttnB_PostC_1,NAc-shell-lh,DorsAttnB,Accumbens_shell,right,left
136,227,0.005,cross_hemi_diff_network,RH_DorsAttnB_PostC_1,aGP-lh,DorsAttnB,Pallidum_ant,right,left
137,15,0.005,cross_hemi_diff_network,RH_DorsAttnB_PostC_2,LH_SomMotA_4,DorsAttnB,SomMotA,right,left
137,33,0.005,cross_hemi_diff_network,RH_DorsAttnB_PostC_2,LH_DorsAttnA_SPL_3,DorsAttnB,DorsAttnA,right,left
137,38,0.005,within_network,RH_DorsAttnB_PostC_2,LH_DorsAttnB_FEF_1,DorsAttnB,DorsAttnB,right,left
137,43,0.005,cross_hemi_diff_network,RH_DorsAttnB_PostC_2,LH_SalVentAttnA_ParMed_1,DorsAttnB,SalVentAttnA,right,left
137,59,0.005,cross_hemi_diff_network,RH_DorsAttnB_PostC_2,LH_ContA_IPS_3,DorsAttnB,ContA,right,left
137,113,0.005,cross_network_same_hemi,RH_DorsAttnB_PostC_2,RH_SomMotA_2,DorsAttnB,SomMotA,right,right
137,135,0.005,cross_network_same_hemi,RH_DorsAttnB_PostC_2,RH_DorsAttnA_SPL_4,DorsAttnB,DorsAttnA,right,right
138,30,0.005,cross_hemi_diff_network,RH_DorsAttnB_PostC_3,LH_DorsAttnA_ParOcc_1,DorsAttnB,DorsAttnA,right,left
138,55,0.005,cross_hemi_diff_network,RH_DorsAttnB_PostC_3,LH_LimbicA_TempPole_4,DorsAttnB,LimbicA,right,left
138,59,0.005,cross_hemi_diff_network,RH_DorsAttnB_PostC_3,LH_ContA_IPS_3,DorsAttnB,ContA,right,left
138,147,0.005,cross_network_same_hemi,RH_DorsAttnB_PostC_3,RH_SalVentAttnA_ParMed_1,DorsAttnB,SalVentAttnA,right,right
138,164,0.005,cross_network_same_hemi,RH_DorsAttnB_PostC_3,RH_ContA_IPS_1,DorsAttnB,ContA,right,right
138,198,0.005,cross_network_same_hemi,RH_DorsAttnB_PostC_3,RH_TempPar_3,DorsAttnB,TempPar,right,right
138,203,0.005,cross_network_same_hemi,RH_DorsAttnB_PostC_3,mAMY-rh,DorsAttnB,Amygdala_med,right,right
139,19,0.005,cross_hemi_diff_network,RH_DorsAttnB_PostC_4,LH_SomMotA_8,DorsAttnB,SomMotA,right,left
139,60,0.005,cross_hemi_diff_network,RH_DorsAttnB_PostC_4,LH_ContA_PFCd_1,DorsAttnB,ContA,right,left
139,204,0.005,cross_network_same_hemi,RH_DorsAttnB_PostC_4,THA-DP-rh,DorsAttnB,Thalamus_DP,right,right
140,12,0.005,cross_hemi_diff_network,RH_DorsAttnB_FEF_1,LH_SomMotA_1,DorsAttnB,SomMotA,right,left
140,37,0.005,within_network,RH_DorsAttnB_FEF_1,LH_DorsAttnB_PostC_4,DorsAttnB,DorsAttnB,right,left
140,38,0.005,within_network,RH_DorsAttnB_FEF_1,LH_DorsAttnB_FEF_1,DorsAttnB,DorsAttnB,right,left
140,43,0.005,cross_hemi_diff_network,RH_DorsAttnB_FEF_1,LH_SalVentAttnA_ParMed_1,DorsAttnB,SalVentAttnA,right,left
140,45,0.005,cross_hemi_diff_network,RH_DorsAttnB_FEF_1,LH_SalVentAttnA_FrMed_2,DorsAttnB,SalVentAttnA,right,left
140,53,0.005,cross_hemi_diff_network,RH_DorsAttnB_FEF_1,LH_LimbicA_TempPole_2,DorsAttnB,LimbicA,right,left
140,61,0.005,cross_hemi_diff_network,RH_DorsAttnB_FEF_1,LH_ContA_PFClv_1,DorsAttnB,ContA,right,left
140,67,0.005,cross_hemi_diff_network,RH_DorsAttnB_FEF_1,LH_ContB_IPL_1,DorsAttnB,ContB,right,left
140,117,0.005,cross_network_same_hemi,RH_DorsAttnB_FEF_1,RH_SomMotA_6,DorsAttnB,SomMotA,right,right
140,133,0.005,cross_network_same_hemi,RH_DorsAttnB_FEF_1,RH_DorsAttnA_SPL_2,DorsAttnB,DorsAttnA,right,right
140,136,0.005,within_network,RH_DorsAttnB_FEF_1,RH_DorsAttnB_PostC_1,DorsAttnB,DorsAttnB,right,right
140,139,0.005,within_network,RH_DorsAttnB_FEF_1,RH_DorsAttnB_PostC_4,DorsAttnB,DorsAttnB,right,right
140,142,0.01,cross_network_same_hemi,RH_DorsAttnB_FEF_1,RH_SalVentAttnA_PrC_1,DorsAttnB,SalVentAttnA,right,right
140,147,0.005,cross_network_same_hemi,RH_DorsAttnB_FEF_1,RH_SalVentAttnA_ParMed_1,DorsAttnB,SalVentAttnA,right,right
140,150,0.005,cross_network_same_hemi,RH_DorsAttnB_FEF_1,RH_SalVentAttnB_IPL_1,DorsAttnB,SalVentAttnB,right,right
140,168,0.005,cross_network_same_hemi,RH_DorsAttnB_FEF_1,RH_ContA_PFCl_2,DorsAttnB,ContA,right,right
140,169,0.005,cross_network_same_hemi,RH_DorsAttnB_FEF_1,RH_ContA_Cingm_1,DorsAttnB,ContA,right,right
140,199,0.005,cross_network_same_hemi,RH_DorsAttnB_FEF_1,RH_TempPar_4,DorsAttnB,TempPar,right,right
140,210,0.01,cross_network_same_hemi,RH_DorsAttnB_FEF_1,pGP-rh,DorsAttnB,Pallidum_post,right,right
140,211,0.01,cross_network_same_hemi,RH_DorsAttnB_FEF_1,aGP-rh,DorsAttnB,Pallidum_ant,right,right
140,225,0.005,cross_hemi_diff_network,RH_DorsAttnB_FEF_1,NAc-core-lh,DorsAttnB,Accumbens_core,right,left
140,226,0.005,cross_hemi_diff_network,RH_DorsAttnB_FEF_1,pGP-lh,DorsAttnB,Pallidum_post,right,left
140,227,0.005,cross_hemi_diff_network,RH_DorsAttnB_FEF_1,aGP-lh,DorsAttnB,Pallidum_ant,right,left
141,30,0.005,cross_hemi_diff_network,RH_SalVentAttnA_ParOper_1,LH_DorsAttnA_ParOcc_1,SalVentAttnA,DorsAttnA,right,left
141,37,0.005,cross_hemi_diff_network,RH_SalVentAttnA_ParOper_1,LH_DorsAttnB_PostC_4,SalVentAttnA,DorsAttnB,right,left
141,38,0.01,cross_hemi_diff_network,RH_SalVentAttnA_ParOper_1,LH_DorsAttnB_FEF_1,SalVentAttnA,DorsAttnB,right,left
141,99,0.005,cross_hemi_diff_network,RH_SalVentAttnA_ParOper_1,LH_TempPar_2,SalVentAttnA,TempPar,right,left
141,128,0.005,cross_network_same_hemi,RH_SalVentAttnA_ParOper_1,RH_SomMotB_S2_4,SalVentAttnA,SomMotB,right,right
141,134,0.005,cross_network_same_hemi,RH_SalVentAttnA_ParOper_1,RH_DorsAttnA_SPL_3,SalVentAttnA,DorsAttnA,right,right
141,143,0.005,within_network,RH_SalVentAttnA_ParOper_1,RH_SalVentAttnA_Ins_1,SalVentAttnA,SalVentAttnA,right,right
141,147,0.005,within_network,RH_SalVentAttnA_ParOper_1,RH_SalVentAttnA_ParMed_1,SalVentAttnA,SalVentAttnA,right,right
141,199,0.005,cross_network_same_hemi,RH_SalVentAttnA_ParOper_1,RH_TempPar_4,SalVentAttnA,TempPar,right,right
141,210,0.005,cross_network_same_hemi,RH_SalVentAttnA_ParOper_1,pGP-rh,SalVentAttnA,Pallidum_post,right,right
141,213,0.005,cross_network_same_hemi,RH_SalVentAttnA_ParOper_1,pPUT-rh,SalVentAttnA,Putamen_post,right,right
142,0,0.005,cross_hemi_diff_network,RH_SalVentAttnA_PrC_1,LH_VisCent_ExStr_2,SalVentAttnA,VisCent,right,left
142,8,0.005,cross_hemi_diff_network,RH_SalVentAttnA_PrC_1,LH_VisPeri_ExStrInf_3,SalVentAttnA,VisPeri,right,left
142,28,0.005,cross_hemi_diff_network,RH_SalVentAttnA_PrC_1,LH_DorsAttnA_TempOcc_1,SalVentAttnA,DorsAttnA,right,left
142,30,0.005,cross_hemi_diff_network,RH_SalVentAttnA_PrC_1,LH_DorsAttnA_ParOcc_1,SalVentAttnA,DorsAttnA,right,left
142,33,0.005,cross_hemi_diff_network,RH_SalVentAttnA_PrC_1,LH_DorsAttnA_SPL_3,SalVentAttnA,DorsAttnA,right,left
142,38,0.015,cross_hemi_diff_network,RH_SalVentAttnA_PrC_1,LH_DorsAttnB_FEF_1,SalVentAttnA,DorsAttnB,right,left
142,43,0.005,within_network,RH_SalVentAttnA_PrC_1,LH_SalVentAttnA_ParMed_1,SalVentAttnA,SalVentAttnA,right,left
142,45,0.01,within_network,RH_SalVentAttnA_PrC_1,LH_SalVentAttnA_FrMed_2,SalVentAttnA,SalVentAttnA,right,left
142,47,0.005,cross_hemi_diff_network,RH_SalVentAttnA_PrC_1,LH_SalVentAttnB_PFCl_1,SalVentAttnA,SalVentAttnB,right,left
142,49,0.005,cross_hemi_diff_network,RH_SalVentAttnA_PrC_1,LH_SalVentAttnB_PFCmp_1,SalVentAttnA,SalVentAttnB,right,left
142,56,0.01,cross_hemi_diff_network,RH_SalVentAttnA_PrC_1,LH_ContA_Temp_1,SalVentAttnA,ContA,right,left
142,63,0.005,cross_hemi_diff_network,RH_SalVentAttnA_PrC_1,LH_ContA_PFCl_2,SalVentAttnA,ContA,right,left
142,72,0.005,cross_hemi_diff_network,RH_SalVentAttnA_PrC_1,LH_ContC_pCun_2,SalVentAttnA,ContC,right,left
142,86,0.005,cross_hemi_diff_network,RH_SalVentAttnA_PrC_1,LH_DefaultB_IPL_1,SalVentAttnA,DefaultB,right,left
142,99,0.01,cross_hemi_diff_network,RH_SalVentAttnA_PrC_1,LH_TempPar_2,SalVentAttnA,TempPar,right,left
142,111,0.01,cross_network_same_hemi,RH_SalVentAttnA_PrC_1,RH_VisPeri_ExStrSup_3,SalVentAttnA,VisPeri,right,right
142,112,0.005,cross_network_same_hemi,RH_SalVentAttnA_PrC_1,RH_SomMotA_1,SalVentAttnA,SomMotA,right,right
142,116,0.015,cross_network_same_hemi,RH_SalVentAttnA_PrC_1,RH_SomMotA_5,SalVentAttnA,SomMotA,right,right
142,131,0.015,cross_network_same_hemi,RH_SalVentAttnA_PrC_1,RH_DorsAttnA_ParOcc_1,SalVentAttnA,DorsAttnA,right,right
142,140,0.01,cross_network_same_hemi,RH_SalVentAttnA_PrC_1,RH_DorsAttnB_FEF_1,SalVentAttnA,DorsAttnB,right,right
142,143,0.025,within_network,RH_SalVentAttnA_PrC_1,RH_SalVentAttnA_Ins_1,SalVentAttnA,SalVentAttnA,right,right
142,144,0.005,within_network,RH_SalVentAttnA_PrC_1,RH_SalVentAttnA_Ins_2,SalVentAttnA,SalVentAttnA,right,right
142,146,0.005,within_network,RH_SalVentAttnA_PrC_1,RH_SalVentAttnA_FrMed_1,SalVentAttnA,SalVentAttnA,right,right
142,147,0.015,within_network,RH_SalVentAttnA_PrC_1,RH_SalVentAttnA_ParMed_1,SalVentAttnA,SalVentAttnA,right,right
142,152,0.005,cross_network_same_hemi,RH_SalVentAttnA_PrC_1,RH_SalVentAttnB_PFCl_1,SalVentAttnA,SalVentAttnB,right,right
142,153,0.015,cross_network_same_hemi,RH_SalVentAttnA_PrC_1,RH_SalVentAttnB_Ins_1,SalVentAttnA,SalVentAttnB,right,right
142,162,0.005,cross_network_same_hemi,RH_SalVentAttnA_PrC_1,RH_LimbicA_TempPole_3,SalVentAttnA,LimbicA,right,right
142,164,0.005,cross_network_same_hemi,RH_SalVentAttnA_PrC_1,RH_ContA_IPS_1,SalVentAttnA,ContA,right,right
142,167,0.005,cross_network_same_hemi,RH_SalVentAttnA_PrC_1,RH_ContA_PFCl_1,SalVentAttnA,ContA,right,right
142,171,0.005,cross_network_same_hemi,RH_SalVentAttnA_PrC_1,RH_ContB_Temp_2,SalVentAttnA,ContB,right,right
142,175,0.005,cross_network_same_hemi,RH_SalVentAttnA_PrC_1,RH_ContB_PFCld_2,SalVentAttnA,ContB,right,right
142,178,0.005,cross_network_same_hemi,RH_SalVentAttnA_PrC_1,RH_ContB_PFCmp_1,SalVentAttnA,ContB,right,right
142,183,0.005,cross_network_same_hemi,RH_SalVentAttnA_PrC_1,RH_DefaultA_IPL_1,SalVentAttnA,DefaultA,right,right
142,196,0.01,cross_network_same_hemi,RH_SalVentAttnA_PrC_1,RH_TempPar_1,SalVentAttnA,TempPar,right,right
142,198,0.015,cross_network_same_hemi,RH_SalVentAttnA_PrC_1,RH_TempPar_3,SalVentAttnA,TempPar,right,right
142,199,0.02,cross_network_same_hemi,RH_SalVentAttnA_PrC_1,RH_TempPar_4,SalVentAttnA,TempPar,right,right
142,202,0.01,cross_network_same_hemi,RH_SalVentAttnA_PrC_1,lAMY-rh,SalVentAttnA,Amygdala_lat,right,right
142,204,0.01,cross_network_same_hemi,RH_SalVentAttnA_PrC_1,THA-DP-rh,SalVentAttnA,Thalamus_DP,right,right
142,210,0.01,cross_network_same_hemi,RH_SalVentAttnA_PrC_1,pGP-rh,SalVentAttnA,Pallidum_post,right,right
142,211,0.035,cross_network_same_hemi,RH_SalVentAttnA_PrC_1,aGP-rh,SalVentAttnA,Pallidum_ant,right,right
142,218,0.005,cross_hemi_diff_network,RH_SalVentAttnA_PrC_1,lAMY-lh,SalVentAttnA,Amygdala_lat,right,left
142,220,0.005,cross_hemi_diff_network,RH_SalVentAttnA_PrC_1,THA-DP-lh,SalVentAttnA,Thalamus_DP,right,left
142,226,0.03,cross_hemi_diff_network,RH_SalVentAttnA_PrC_1,pGP-lh,SalVentAttnA,Pallidum_post,right,left
142,231,0.005,cross_hemi_diff_network,RH_SalVentAttnA_PrC_1,pCAU-lh,SalVentAttnA,Caudate_post,right,left
143,23,0.005,cross_hemi_diff_network,RH_SalVentAttnA_Ins_1,LH_SomMotB_S2_2,SalVentAttnA,SomMotB,right,left
143,24,0.01,cross_hemi_diff_network,RH_SalVentAttnA_Ins_1,LH_SomMotB_Aud_3,SalVentAttnA,SomMotB,right,left
143,41,0.005,within_network,RH_SalVentAttnA_Ins_1,LH_SalVentAttnA_FrOper_1,SalVentAttnA,SalVentAttnA,right,left
143,53,0.005,cross_hemi_diff_network,RH_SalVentAttnA_Ins_1,LH_LimbicA_TempPole_2,SalVentAttnA,LimbicA,right,left
143,61,0.005,cross_hemi_diff_network,RH_SalVentAttnA_Ins_1,LH_ContA_PFClv_1,SalVentAttnA,ContA,right,left
143,113,0.005,cross_network_same_hemi,RH_SalVentAttnA_Ins_1,RH_SomMotA_2,SalVentAttnA,SomMotA,right,right
143,118,0.005,cross_network_same_hemi,RH_SalVentAttnA_Ins_1,RH_SomMotA_7,SalVentAttnA,SomMotA,right,right
143,125,0.005,cross_network_same_hemi,RH_SalVentAttnA_Ins_1,RH_SomMotB_S2_1,SalVentAttnA,SomMotB,right,right
143,140,0.005,cross_network_same_hemi,RH_SalVentAttnA_Ins_1,RH_DorsAttnB_FEF_1,SalVentAttnA,DorsAttnB,right,right
143,146,0.005,within_network,RH_SalVentAttnA_Ins_1,RH_SalVentAttnA_FrMed_1,SalVentAttnA,SalVentAttnA,right,right
143,147,0.015,within_network,RH_SalVentAttnA_Ins_1,RH_SalVentAttnA_ParMed_1,SalVentAttnA,SalVentAttnA,right,right
143,160,0.01,cross_network_same_hemi,RH_SalVentAttnA_Ins_1,RH_LimbicA_TempPole_1,SalVentAttnA,LimbicA,right,right
143,166,0.005,cross_network_same_hemi,RH_SalVentAttnA_Ins_1,RH_ContA_PFCd_1,SalVentAttnA,ContA,right,right
143,169,0.01,cross_network_same_hemi,RH_SalVentAttnA_Ins_1,RH_ContA_Cingm_1,SalVentAttnA,ContA,right,right
143,187,0.005,cross_network_same_hemi,RH_SalVentAttnA_Ins_1,RH_DefaultA_PFCm_2,SalVentAttnA,DefaultA,right,right
143,192,0.005,cross_network_same_hemi,RH_SalVentAttnA_Ins_1,RH_DefaultB_PFCv_1,SalVentAttnA,DefaultB,right,right
143,198,0.005,cross_network_same_hemi,RH_SalVentAttnA_Ins_1,RH_TempPar_3,SalVentAttnA,TempPar,right,right
143,202,0.01,cross_network_same_hemi,RH_SalVentAttnA_Ins_1,lAMY-rh,SalVentAttnA,Amygdala_lat,right,right
143,204,0.01,cross_network_same_hemi,RH_SalVentAttnA_Ins_1,THA-DP-rh,SalVentAttnA,Thalamus_DP,right,right
143,205,0.005,cross_network_same_hemi,RH_SalVentAttnA_Ins_1,THA-VP-rh,SalVentAttnA,Thalamus_VP,right,right
143,208,0.005,cross_network_same_hemi,RH_SalVentAttnA_Ins_1,NAc-shell-rh,SalVentAttnA,Accumbens_shell,right,right
143,210,0.01,cross_network_same_hemi,RH_SalVentAttnA_Ins_1,pGP-rh,SalVentAttnA,Pallidum_post,right,right
143,211,0.005,cross_network_same_hemi,RH_SalVentAttnA_Ins_1,aGP-rh,SalVentAttnA,Pallidum_ant,right,right
143,217,0.01,cross_hemi_diff_network,RH_SalVentAttnA_Ins_1,pHIP-lh,SalVentAttnA,Hippocampus_post,right,left
143,218,0.02,cross_hemi_diff_network,RH_SalVentAttnA_Ins_1,lAMY-lh,SalVentAttnA,Amygdala_lat,right,left
143,219,0.01,cross_hemi_diff_network,RH_SalVentAttnA_Ins_1,mAMY-lh,SalVentAttnA,Amygdala_med,right,left
143,224,0.005,cross_hemi_diff_network,RH_SalVentAttnA_Ins_1,NAc-shell-lh,SalVentAttnA,Accumbens_shell,right,left
143,225,0.005,cross_hemi_diff_network,RH_SalVentAttnA_Ins_1,NAc-core-lh,SalVentAttnA,Accumbens_core,right,left
143,226,0.025,cross_hemi_diff_network,RH_SalVentAttnA_Ins_1,pGP-lh,SalVentAttnA,Pallidum_post,right,left
143,227,0.01,cross_hemi_diff_network,RH_SalVentAttnA_Ins_1,aGP-lh,SalVentAttnA,Pallidum_ant,right,left
143,229,0.005,cross_hemi_diff_network,RH_SalVentAttnA_Ins_1,pPUT-lh,SalVentAttnA,Putamen_post,right,left
144,8,0.005,cross_hemi_diff_network,RH_SalVentAttnA_Ins_2,LH_VisPeri_ExStrInf_3,SalVentAttnA,VisPeri,right,left
144,24,0.005,cross_hemi_diff_network,RH_SalVentAttnA_Ins_2,LH_SomMotB_Aud_3,SalVentAttnA,SomMotB,right,left
144,25,0.01,cross_hemi_diff_network,RH_SalVentAttnA_Ins_2,LH_SomMotB_S2_3,SalVentAttnA,SomMotB,right,left
144,36,0.005,cross_hemi_diff_network,RH_SalVentAttnA_Ins_2,LH_DorsAttnB_PostC_3,SalVentAttnA,DorsAttnB,right,left
144,99,0.005,cross_hemi_diff_network,RH_SalVentAttnA_Ins_2,LH_TempPar_2,SalVentAttnA,TempPar,right,left
144,123,0.005,cross_network_same_hemi,RH_SalVentAttnA_Ins_2,RH_SomMotB_Aud_1,SalVentAttnA,SomMotB,right,right
144,128,0.005,cross_network_same_hemi,RH_SalVentAttnA_Ins_2,RH_SomMotB_S2_4,SalVentAttnA,SomMotB,right,right
144,140,0.005,cross_network_same_hemi,RH_SalVentAttnA_Ins_2,RH_DorsAttnB_FEF_1,SalVentAttnA,DorsAttnB,right,right
144,143,0.005,within_network,RH_SalVentAttnA_Ins_2,RH_SalVentAttnA_Ins_1,SalVentAttnA,SalVentAttnA,right,right
144,147,0.025,within_network,RH_SalVentAttnA_Ins_2,RH_SalVentAttnA_ParMed_1,SalVentAttnA,SalVentAttnA,right,right
144,161,0.005,cross_network_same_hemi,RH_SalVentAttnA_Ins_2,RH_LimbicA_TempPole_2,SalVentAttnA,LimbicA,right,right
144,204,0.015,cross_network_same_hemi,RH_SalVentAttnA_Ins_2,THA-DP-rh,SalVentAttnA,Thalamus_DP,right,right
144,207,0.01,cross_network_same_hemi,RH_SalVentAttnA_Ins_2,THA-DA-rh,SalVentAttnA,Thalamus_DA,right,right
144,210,0.01,cross_network_same_hemi,RH_SalVentAttnA_Ins_2,pGP-rh,SalVentAttnA,Pallidum_post,right,right
144,211,0.01,cross_network_same_hemi,RH_SalVentAttnA_Ins_2,aGP-rh,SalVentAttnA,Pallidum_ant,right,right
144,225,0.005,cross_hemi_diff_network,RH_SalVentAttnA_Ins_2,NAc-core-lh,SalVentAttnA,Accumbens_core,right,left
144,227,0.01,cross_hemi_diff_network,RH_SalVentAttnA_Ins_2,aGP-lh,SalVentAttnA,Pallidum_ant,right,left
144,229,0.005,cross_hemi_diff_network,RH_SalVentAttnA_Ins_2,pPUT-lh,SalVentAttnA,Putamen_post,right,left
145,24,0.005,cross_hemi_diff_network,RH_SalVentAttnA_FrOper_1,LH_SomMotB_Aud_3,SalVentAttnA,SomMotB,right,left
145,30,0.005,cross_hemi_diff_network,RH_SalVentAttnA_FrOper_1,LH_DorsAttnA_ParOcc_1,SalVentAttnA,DorsAttnA,right,left
145,39,0.005,within_network,RH_SalVentAttnA_FrOper_1,LH_SalVentAttnA_ParOper_1,SalVentAttnA,SalVentAttnA,right,left
145,40,0.005,within_network,RH_SalVentAttnA_FrOper_1,LH_SalVentAttnA_Ins_1,SalVentAttnA,SalVentAttnA,right,left
145,41,0.005,within_network,RH_SalVentAttnA_FrOper_1,LH_SalVentAttnA_FrOper_1,SalVentAttnA,SalVentAttnA,right,left
145,136,0.005,cross_network_same_hemi,RH_SalVentAttnA_FrOper_1,RH_DorsAttnB_PostC_1,SalVentAttnA,DorsAttnB,right,right
145,143,0.015,within_network,RH_SalVentAttnA_FrOper_1,RH_SalVentAttnA_Ins_1,SalVentAttnA,SalVentAttnA,right,right
145,147,0.01,within_network,RH_SalVentAttnA_FrOper_1,RH_SalVentAttnA_ParMed_1,SalVentAttnA,SalVentAttnA,right,right
145,199,0.005,cross_network_same_hemi,RH_SalVentAttnA_FrOper_1,RH_TempPar_4,SalVentAttnA,TempPar,right,right
145,201,0.005,cross_network_same_hemi,RH_SalVentAttnA_FrOper_1,pHIP-rh,SalVentAttnA,Hippocampus_post,right,right
145,205,0.005,cross_network_same_hemi,RH_SalVentAttnA_FrOper_1,THA-VP-rh,SalVentAttnA,Thalamus_VP,right,right
145,211,0.01,cross_network_same_hemi,RH_SalVentAttnA_FrOper_1,aGP-rh,SalVentAttnA,Pallidum_ant,right,right
145,226,0.005,cross_hemi_diff_network,RH_SalVentAttnA_FrOper_1,pGP-lh,SalVentAttnA,Pallidum_post,right,left
146,38,0.005,cross_hemi_diff_network,RH_SalVentAttnA_FrMed_1,LH_DorsAttnB_FEF_1,SalVentAttnA,DorsAttnB,right,left
146,55,0.005,cross_hemi_diff_network,RH_SalVentAttnA_FrMed_1,LH_LimbicA_TempPole_4,SalVentAttnA,LimbicA,right,left
146,56,0.005,cross_hemi_diff_network,RH_SalVentAttnA_FrMed_1,LH_ContA_Temp_1,SalVentAttnA,ContA,right,left
146,60,0.005,cross_hemi_diff_network,RH_SalVentAttnA_FrMed_1,LH_ContA_PFCd_1,SalVentAttnA,ContA,right,left
146,152,0.005,cross_network_same_hemi,RH_SalVentAttnA_FrMed_1,RH_SalVentAttnB_PFCl_1,SalVentAttnA,SalVentAttnB,right,right
146,208,0.005,cross_network_same_hemi,RH_SalVentAttnA_FrMed_1,NAc-shell-rh,SalVentAttnA,Accumbens_shell,right,right
146,223,0.005,cross_hemi_diff_network,RH_SalVentAttnA_FrMed_1,THA-DA-lh,SalVentAttnA,Thalamus_DA,right,left
147,31,0.005,cross_hemi_diff_network,RH_SalVentAttnA_ParMed_1,LH_DorsAttnA_SPL_1,SalVentAttnA,DorsAttnA,right,left
147,43,0.005,within_network,RH_SalVentAttnA_ParMed_1,LH_SalVentAttnA_ParMed_1,SalVentAttnA,SalVentAttnA,right,left
147,45,0.005,within_network,RH_SalVentAttnA_ParMed_1,LH_SalVentAttnA_FrMed_2,SalVentAttnA,SalVentAttnA,right,left
147,60,0.01,cross_hemi_diff_network,RH_SalVentAttnA_ParMed_1,LH_ContA_PFCd_1,SalVentAttnA,ContA,right,left
147,113,0.005,cross_network_same_hemi,RH_SalVentAttnA_ParMed_1,RH_SomMotA_2,SalVentAttnA,SomMotA,right,right
147,125,0.005,cross_network_same_hemi,RH_SalVentAttnA_ParMed_1,RH_SomMotB_S2_1,SalVentAttnA,SomMotB,right,right
147,140,0.005,cross_network_same_hemi,RH_SalVentAttnA_ParMed_1,RH_DorsAttnB_FEF_1,SalVentAttnA,DorsAttnB,right,right
147,142,0.005,within_network,RH_SalVentAttnA_ParMed_1,RH_SalVentAttnA_PrC_1,SalVentAttnA,SalVentAttnA,right,right
147,148,0.005,within_network,RH_SalVentAttnA_ParMed_1,RH_SalVentAttnA_ParMed_2,SalVentAttnA,SalVentAttnA,right,right
147,201,0.005,cross_network_same_hemi,RH_SalVentAttnA_ParMed_1,pHIP-rh,SalVentAttnA,Hippocampus_post,right,right
147,204,0.015,cross_network_same_hemi,RH_SalVentAttnA_ParMed_1,THA-DP-rh,SalVentAttnA,Thalamus_DP,right,right
147,210,0.03,cross_network_same_hemi,RH_SalVentAttnA_ParMed_1,pGP-rh,SalVentAttnA,Pallidum_post,right,right
147,213,0.005,cross_network_same_hemi,RH_SalVentAttnA_ParMed_1,pPUT-rh,SalVentAttnA,Putamen_post,right,right
147,220,0.005,cross_hemi_diff_network,RH_SalVentAttnA_ParMed_1,THA-DP-lh,SalVentAttnA,Thalamus_DP,right,left
147,221,0.015,cross_hemi_diff_network,RH_SalVentAttnA_ParMed_1,THA-VP-lh,SalVentAttnA,Thalamus_VP,right,left
147,226,0.015,cross_hemi_diff_network,RH_SalVentAttnA_ParMed_1,pGP-lh,SalVentAttnA,Pallidum_post,right,left
147,227,0.01,cross_hemi_diff_network,RH_SalVentAttnA_ParMed_1,aGP-lh,SalVentAttnA,Pallidum_ant,right,left
147,231,0.005,cross_hemi_diff_network,RH_SalVentAttnA_ParMed_1,pCAU-lh,SalVentAttnA,Caudate_post,right,left
148,30,0.005,cross_hemi_diff_network,RH_SalVentAttnA_ParMed_2,LH_DorsAttnA_ParOcc_1,SalVentAttnA,DorsAttnA,right,left
148,37,0.005,cross_hemi_diff_network,RH_SalVentAttnA_ParMed_2,LH_DorsAttnB_PostC_4,SalVentAttnA,DorsAttnB,right,left
148,60,0.005,cross_hemi_diff_network,RH_SalVentAttnA_ParMed_2,LH_ContA_PFCd_1,SalVentAttnA,ContA,right,left
148,99,0.005,cross_hemi_diff_network,RH_SalVentAttnA_ParMed_2,LH_TempPar_2,SalVentAttnA,TempPar,right,left
148,147,0.005,within_network,RH_SalVentAttnA_ParMed_2,RH_SalVentAttnA_ParMed_1,SalVentAttnA,SalVentAttnA,right,right
148,184,0.005,cross_network_same_hemi,RH_SalVentAttnA_ParMed_2,RH_DefaultA_PFCd_1,SalVentAttnA,DefaultA,right,right
148,198,0.005,cross_network_same_hemi,RH_SalVentAttnA_ParMed_2,RH_TempPar_3,SalVentAttnA,TempPar,right,right
148,227,0.005,cross_hemi_diff_network,RH_SalVentAttnA_ParMed_2,aGP-lh,SalVentAttnA,Pallidum_ant,right,left
149,0,0.005,cross_hemi_diff_network,RH_SalVentAttnA_FrMed_2,LH_VisCent_ExStr_2,SalVentAttnA,VisCent,right,left
149,8,0.005,cross_hemi_diff_network,RH_SalVentAttnA_FrMed_2,LH_VisPeri_ExStrInf_3,SalVentAttnA,VisPeri,right,left
149,12,0.005,cross_hemi_diff_network,RH_SalVentAttnA_FrMed_2,LH_SomMotA_1,SalVentAttnA,SomMotA,right,left
149,38,0.01,cross_hemi_diff_network,RH_SalVentAttnA_FrMed_2,LH_DorsAttnB_FEF_1,SalVentAttnA,DorsAttnB,right,left
149,46,0.005,cross_hemi_diff_network,RH_SalVentAttnA_FrMed_2,LH_SalVentAttnB_IPL_1,SalVentAttnA,SalVentAttnB,right,left
149,63,0.005,cross_hemi_diff_network,RH_SalVentAttnA_FrMed_2,LH_ContA_PFCl_2,SalVentAttnA,ContA,right,left
149,136,0.005,cross_network_same_hemi,RH_SalVentAttnA_FrMed_2,RH_DorsAttnB_PostC_1,SalVentAttnA,DorsAttnB,right,right
149,153,0.01,cross_network_same_hemi,RH_SalVentAttnA_FrMed_2,RH_SalVentAttnB_Ins_1,SalVentAttnA,SalVentAttnB,right,right
149,155,0.005,cross_network_same_hemi,RH_SalVentAttnA_FrMed_2,RH_SalVentAttnB_PFCmp_1,SalVentAttnA,SalVentAttnB,right,right
149,174,0.005,cross_network_same_hemi,RH_SalVentAttnA_FrMed_2,RH_ContB_PFCld_1,SalVentAttnA,ContB,right,right
149,187,0.005,cross_network_same_hemi,RH_SalVentAttnA_FrMed_2,RH_DefaultA_PFCm_2,SalVentAttnA,DefaultA,right,right
149,198,0.005,cross_network_same_hemi,RH_SalVentAttnA_FrMed_2,RH_TempPar_3,SalVentAttnA,TempPar,right,right
149,199,0.005,cross_network_same_hemi,RH_SalVentAttnA_FrMed_2,RH_TempPar_4,SalVentAttnA,TempPar,right,right
149,220,0.005,cross_hemi_diff_network,RH_SalVentAttnA_FrMed_2,THA-DP-lh,SalVentAttnA,Thalamus_DP,right,left
150,45,0.005,cross_hemi_diff_network,RH_SalVentAttnB_IPL_1,LH_SalVentAttnA_FrMed_2,SalVentAttnB,SalVentAttnA,right,left
150,86,0.005,cross_hemi_diff_network,RH_SalVentAttnB_IPL_1,LH_DefaultB_IPL_1,SalVentAttnB,DefaultB,right,left
150,131,0.005,cross_network_same_hemi,RH_SalVentAttnB_IPL_1,RH_DorsAttnA_ParOcc_1,SalVentAttnB,DorsAttnA,right,right
150,142,0.005,cross_network_same_hemi,RH_SalVentAttnB_IPL_1,RH_SalVentAttnA_PrC_1,SalVentAttnB,SalVentAttnA,right,right
150,143,0.005,cross_network_same_hemi,RH_SalVentAttnB_IPL_1,RH_SalVentAttnA_Ins_1,SalVentAttnB,SalVentAttnA,right,right
150,144,0.005,cross_network_same_hemi,RH_SalVentAttnB_IPL_1,RH_SalVentAttnA_Ins_2,SalVentAttnB,SalVentAttnA,right,right
150,166,0.005,cross_network_same_hemi,RH_SalVentAttnB_IPL_1,RH_ContA_PFCd_1,SalVentAttnB,ContA,right,right
150,174,0.005,cross_network_same_hemi,RH_SalVentAttnB_IPL_1,RH_ContB_PFCld_1,SalVentAttnB,ContB,right,right
150,176,0.005,cross_network_same_hemi,RH_SalVentAttnB_IPL_1,RH_ContB_PFClv_1,SalVentAttnB,ContB,right,right
150,178,0.005,cross_network_same_hemi,RH_SalVentAttnB_IPL_1,RH_ContB_PFCmp_1,SalVentAttnB,ContB,right,right
150,198,0.01,cross_network_same_hemi,RH_SalVentAttnB_IPL_1,RH_TempPar_3,SalVentAttnB,TempPar,right,right
150,210,0.005,cross_network_same_hemi,RH_SalVentAttnB_IPL_1,pGP-rh,SalVentAttnB,Pallidum_post,right,right
150,227,0.01,cross_hemi_diff_network,RH_SalVentAttnB_IPL_1,aGP-lh,SalVentAttnB,Pallidum_ant,right,left
151,46,0.005,within_network,RH_SalVentAttnB_PFClv_1,LH_SalVentAttnB_IPL_1,SalVentAttnB,SalVentAttnB,right,left
151,64,0.005,cross_hemi_diff_network,RH_SalVentAttnB_PFClv_1,LH_ContA_PFCl_3,SalVentAttnB,ContA,right,left
151,154,0.005,within_network,RH_SalVentAttnB_PFClv_1,RH_SalVentAttnB_Ins_2,SalVentAttnB,SalVentAttnB,right,right
151,156,0.01,cross_network_same_hemi,RH_SalVentAttnB_PFClv_1,RH_LimbicB_OFC_1,SalVentAttnB,LimbicB,right,right
151,166,0.005,cross_network_same_hemi,RH_SalVentAttnB_PFClv_1,RH_ContA_PFCd_1,SalVentAttnB,ContA,right,right
151,171,0.005,cross_network_same_hemi,RH_SalVentAttnB_PFClv_1,RH_ContB_Temp_2,SalVentAttnB,ContB,right,right
151,176,0.005,cross_network_same_hemi,RH_SalVentAttnB_PFClv_1,RH_ContB_PFClv_1,SalVentAttnB,ContB,right,right
151,178,0.005,cross_network_same_hemi,RH_SalVentAttnB_PFClv_1,RH_ContB_PFCmp_1,SalVentAttnB,ContB,right,right
151,183,0.005,cross_network_same_hemi,RH_SalVentAttnB_PFClv_1,RH_DefaultA_IPL_1,SalVentAttnB,DefaultA,right,right
151,187,0.005,cross_network_same_hemi,RH_SalVentAttnB_PFClv_1,RH_DefaultA_PFCm_2,SalVentAttnB,DefaultA,right,right
151,204,0.005,cross_network_same_hemi,RH_SalVentAttnB_PFClv_1,THA-DP-rh,SalVentAttnB,Thalamus_DP,right,right
151,209,0.005,cross_network_same_hemi,RH_SalVentAttnB_PFClv_1,NAc-core-rh,SalVentAttnB,Accumbens_core,right,right
151,211,0.005,cross_network_same_hemi,RH_SalVentAttnB_PFClv_1,aGP-rh,SalVentAttnB,Pallidum_ant,right,right
151,218,0.005,cross_hemi_diff_network,RH_SalVentAttnB_PFClv_1,lAMY-lh,SalVentAttnB,Amygdala_lat,right,left
151,220,0.005,cross_hemi_diff_network,RH_SalVentAttnB_PFClv_1,THA-DP-lh,SalVentAttnB,Thalamus_DP,right,left
151,230,0.005,cross_hemi_diff_network,RH_SalVentAttnB_PFClv_1,aCAU-lh,SalVentAttnB,Caudate_ant,right,left
152,46,0.005,within_network,RH_SalVentAttnB_PFCl_1,LH_SalVentAttnB_IPL_1,SalVentAttnB,SalVentAttnB,right,left
152,70,0.01,cross_hemi_diff_network,RH_SalVentAttnB_PFCl_1,LH_ContB_PFClv_2,SalVentAttnB,ContB,right,left
152,137,0.005,cross_network_same_hemi,RH_SalVentAttnB_PFCl_1,RH_DorsAttnB_PostC_2,SalVentAttnB,DorsAttnB,right,right
152,140,0.005,cross_network_same_hemi,RH_SalVentAttnB_PFCl_1,RH_DorsAttnB_FEF_1,SalVentAttnB,DorsAttnB,right,right
152,142,0.005,cross_network_same_hemi,RH_SalVentAttnB_PFCl_1,RH_SalVentAttnA_PrC_1,SalVentAttnB,SalVentAttnA,right,right
152,175,0.005,cross_network_same_hemi,RH_SalVentAttnB_PFCl_1,RH_ContB_PFCld_2,SalVentAttnB,ContB,right,right
152,178,0.005,cross_network_same_hemi,RH_SalVentAttnB_PFCl_1,RH_ContB_PFCmp_1,SalVentAttnB,ContB,right,right
152,199,0.005,cross_network_same_hemi,RH_SalVentAttnB_PFCl_1,RH_TempPar_4,SalVentAttnB,TempPar,right,right
152,209,0.005,cross_network_same_hemi,RH_SalVentAttnB_PFCl_1,NAc-core-rh,SalVentAttnB,Accumbens_core,right,right
152,221,0.005,cross_hemi_diff_network,RH_SalVentAttnB_PFCl_1,THA-VP-lh,SalVentAttnB,Thalamus_VP,right,left
152,227,0.005,cross_hemi_diff_network,RH_SalVentAttnB_PFCl_1,aGP-lh,SalVentAttnB,Pallidum_ant,right,left
153,47,0.005,within_network,RH_SalVentAttnB_Ins_1,LH_SalVentAttnB_PFCl_1,SalVentAttnB,SalVentAttnB,right,left
153,50,0.005,cross_hemi_diff_network,RH_SalVentAttnB_Ins_1,LH_LimbicB_OFC_1,SalVentAttnB,LimbicB,right,left
153,55,0.005,cross_hemi_diff_network,RH_SalVentAttnB_Ins_1,LH_LimbicA_TempPole_4,SalVentAttnB,LimbicA,right,left
153,56,0.005,cross_hemi_diff_network,RH_SalVentAttnB_Ins_1,LH_ContA_Temp_1,SalVentAttnB,ContA,right,left
153,184,0.005,cross_network_same_hemi,RH_SalVentAttnB_Ins_1,RH_DefaultA_PFCd_1,SalVentAttnB,DefaultA,right,right
153,187,0.015,cross_network_same_hemi,RH_SalVentAttnB_Ins_1,RH_DefaultA_PFCm_2,SalVentAttnB,DefaultA,right,right
153,211,0.005,cross_network_same_hemi,RH_SalVentAttnB_Ins_1,aGP-rh,SalVentAttnB,Pallidum_ant,right,right
153,225,0.005,cross_hemi_diff_network,RH_SalVentAttnB_Ins_1,NAc-core-lh,SalVentAttnB,Accumbens_core,right,left
153,226,0.005,cross_hemi_diff_network,RH_SalVentAttnB_Ins_1,pGP-lh,SalVentAttnB,Pallidum_post,right,left
154,44,0.005,cross_hemi_diff_network,RH_SalVentAttnB_Ins_2,LH_SalVentAttnA_FrMed_1,SalVentAttnB,SalVentAttnA,right,left
154,99,0.005,cross_hemi_diff_network,RH_SalVentAttnB_Ins_2,LH_TempPar_2,SalVentAttnB,TempPar,right,left
154,136,0.005,cross_network_same_hemi,RH_SalVentAttnB_Ins_2,RH_DorsAttnB_PostC_1,SalVentAttnB,DorsAttnB,right,right
154,140,0.005,cross_network_same_hemi,RH_SalVentAttnB_Ins_2,RH_DorsAttnB_FEF_1,SalVentAttnB,DorsAttnB,right,right
154,142,0.01,cross_network_same_hemi,RH_SalVentAttnB_Ins_2,RH_SalVentAttnA_PrC_1,SalVentAttnB,SalVentAttnA,right,right
154,149,0.005,cross_network_same_hemi,RH_SalVentAttnB_Ins_2,RH_SalVentAttnA_FrMed_2,SalVentAttnB,SalVentAttnA,right,right
154,151,0.005,within_network,RH_SalVentAttnB_Ins_2,RH_SalVentAttnB_PFClv_1,SalVentAttnB,SalVentAttnB,right,right
154,177,0.005,cross_network_same_hemi,RH_SalVentAttnB_Ins_2,RH_ContB_PFClv_2,SalVentAttnB,ContB,right,right
154,178,0.005,cross_network_same_hemi,RH_SalVentAttnB_Ins_2,RH_ContB_PFCmp_1,SalVentAttnB,ContB,right,right
154,183,0.005,cross_network_same_hemi,RH_SalVentAttnB_Ins_2,RH_DefaultA_IPL_1,SalVentAttnB,DefaultA,right,right
154,220,0.005,cross_hemi_diff_network,RH_SalVentAttnB_Ins_2,THA-DP-lh,SalVentAttnB,Thalamus_DP,right,left
154,227,0.005,cross_hemi_diff_network,RH_SalVentAttnB_Ins_2,aGP-lh,SalVentAttnB,Pallidum_ant,right,left
155,53,0.005,cross_hemi_diff_network,RH_SalVentAttnB_PFCmp_1,LH_LimbicA_TempPole_2,SalVentAttnB,LimbicA,right,left
155,160,0.005,cross_network_same_hemi,RH_SalVentAttnB_PFCmp_1,RH_LimbicA_TempPole_1,SalVentAttnB,LimbicA,right,right
155,169,0.005,cross_network_same_hemi,RH_SalVentAttnB_PFCmp_1,RH_ContA_Cingm_1,SalVentAttnB,ContA,right,right
155,174,0.01,cross_network_same_hemi,RH_SalVentAttnB_PFCmp_1,RH_ContB_PFCld_1,SalVentAttnB,ContB,right,right
155,186,0.005,cross_network_same_hemi,RH_SalVentAttnB_PFCmp_1,RH_DefaultA_PFCm_1,SalVentAttnB,DefaultA,right,right
155,187,0.025,cross_network_same_hemi,RH_SalVentAttnB_PFCmp_1,RH_DefaultA_PFCm_2,SalVentAttnB,DefaultA,right,right
155,201,0.005,cross_network_same_hemi,RH_SalVentAttnB_PFCmp_1,pHIP-rh,SalVentAttnB,Hippocampus_post,right,right
155,225,0.005,cross_hemi_diff_network,RH_SalVentAttnB_PFCmp_1,NAc-core-lh,SalVentAttnB,Accumbens_core,right,left
155,230,0.005,cross_hemi_diff_network,RH_SalVentAttnB_PFCmp_1,aCAU-lh,SalVentAttnB,Caudate_ant,right,left
156,47,0.005,cross_hemi_diff_network,RH_LimbicB_OFC_1,LH_SalVentAttnB_PFCl_1,LimbicB,SalVentAttnB,right,left
156,50,0.005,within_network,RH_LimbicB_OFC_1,LH_LimbicB_OFC_1,LimbicB,LimbicB,right,left
156,54,0.005,cross_hemi_diff_network,RH_LimbicB_OFC_1,LH_LimbicA_TempPole_3,LimbicB,LimbicA,right,left
156,65,0.005,cross_hemi_diff_network,RH_LimbicB_OFC_1,LH_ContA_Cingm_1,LimbicB,ContA,right,left
156,153,0.005,cross_network_same_hemi,RH_LimbicB_OFC_1,RH_SalVentAttnB_Ins_1,LimbicB,SalVentAttnB,right,right
156,161,0.015,cross_network_same_hemi,RH_LimbicB_OFC_1,RH_LimbicA_TempPole_2,LimbicB,LimbicA,right,right
156,162,0.005,cross_network_same_hemi,RH_LimbicB_OFC_1,RH_LimbicA_TempPole_3,LimbicB,LimbicA,right,right
156,173,0.005,cross_network_same_hemi,RH_LimbicB_OFC_1,RH_ContB_IPL_2,LimbicB,ContB,right,right
156,211,0.005,cross_network_same_hemi,RH_LimbicB_OFC_1,aGP-rh,LimbicB,Pallidum_ant,right,right
156,213,0.005,cross_network_same_hemi,RH_LimbicB_OFC_1,pPUT-rh,LimbicB,Putamen_post,right,right
156,216,0.005,cross_hemi_diff_network,RH_LimbicB_OFC_1,aHIP-lh,LimbicB,Hippocampus_ant,right,left
156,227,0.01,cross_hemi_diff_network,RH_LimbicB_OFC_1,aGP-lh,LimbicB,Pallidum_ant,right,left
157,47,0.005,cross_hemi_diff_network,RH_LimbicB_OFC_2,LH_SalVentAttnB_PFCl_1,LimbicB,SalVentAttnB,right,left
157,91,0.005,cross_hemi_diff_network,RH_LimbicB_OFC_2,LH_DefaultB_PFCv_1,LimbicB,DefaultB,right,left
157,187,0.005,cross_network_same_hemi,RH_LimbicB_OFC_2,RH_DefaultA_PFCm_2,LimbicB,DefaultA,right,right
157,197,0.005,cross_network_same_hemi,RH_LimbicB_OFC_2,RH_TempPar_2,LimbicB,TempPar,right,right
157,201,0.005,cross_network_same_hemi,RH_LimbicB_OFC_2,pHIP-rh,LimbicB,Hippocampus_post,right,right
157,211,0.005,cross_network_same_hemi,RH_LimbicB_OFC_2,aGP-rh,LimbicB,Pallidum_ant,right,right
157,217,0.005,cross_hemi_diff_network,RH_LimbicB_OFC_2,pHIP-lh,LimbicB,Hippocampus_post,right,left
157,227,0.005,cross_hemi_diff_network,RH_LimbicB_OFC_2,aGP-lh,LimbicB,Pallidum_ant,right,left
158,47,0.005,cross_hemi_diff_network,RH_LimbicB_OFC_3,LH_SalVentAttnB_PFCl_1,LimbicB,SalVentAttnB,right,left
158,53,0.005,cross_hemi_diff_network,RH_LimbicB_OFC_3,LH_LimbicA_TempPole_2,LimbicB,LimbicA,right,left
158,54,0.005,cross_hemi_diff_network,RH_LimbicB_OFC_3,LH_LimbicA_TempPole_3,LimbicB,LimbicA,right,left
158,70,0.005,cross_hemi_diff_network,RH_LimbicB_OFC_3,LH_ContB_PFClv_2,LimbicB,ContB,right,left
158,156,0.005,within_network,RH_LimbicB_OFC_3,RH_LimbicB_OFC_1,LimbicB,LimbicB,right,right
158,162,0.01,cross_network_same_hemi,RH_LimbicB_OFC_3,RH_LimbicA_TempPole_3,LimbicB,LimbicA,right,right
158,187,0.01,cross_network_same_hemi,RH_LimbicB_OFC_3,RH_DefaultA_PFCm_2,LimbicB,DefaultA,right,right
158,201,0.005,cross_network_same_hemi,RH_LimbicB_OFC_3,pHIP-rh,LimbicB,Hippocampus_post,right,right
158,202,0.005,cross_network_same_hemi,RH_LimbicB_OFC_3,lAMY-rh,LimbicB,Amygdala_lat,right,right
158,216,0.005,cross_hemi_diff_network,RH_LimbicB_OFC_3,aHIP-lh,LimbicB,Hippocampus_ant,right,left
158,224,0.01,cross_hemi_diff_network,RH_LimbicB_OFC_3,NAc-shell-lh,LimbicB,Accumbens_shell,right,left
159,50,0.01,within_network,RH_LimbicB_OFC_4,LH_LimbicB_OFC_1,LimbicB,LimbicB,right,left
159,83,0.005,cross_hemi_diff_network,RH_LimbicB_OFC_4,LH_DefaultB_Temp_2,LimbicB,DefaultB,right,left
159,153,0.005,cross_network_same_hemi,RH_LimbicB_OFC_4,RH_SalVentAttnB_Ins_1,LimbicB,SalVentAttnB,right,right
159,156,0.005,within_network,RH_LimbicB_OFC_4,RH_LimbicB_OFC_1,LimbicB,LimbicB,right,right
159,157,0.005,within_network,RH_LimbicB_OFC_4,RH_LimbicB_OFC_2,LimbicB,LimbicB,right,right
159,161,0.005,cross_network_same_hemi,RH_LimbicB_OFC_4,RH_LimbicA_TempPole_2,LimbicB,LimbicA,right,right
159,162,0.005,cross_network_same_hemi,RH_LimbicB_OFC_4,RH_LimbicA_TempPole_3,LimbicB,LimbicA,right,right
159,168,0.005,cross_network_same_hemi,RH_LimbicB_OFC_4,RH_ContA_PFCl_2,LimbicB,ContA,right,right
159,174,0.005,cross_network_same_hemi,RH_LimbicB_OFC_4,RH_ContB_PFCld_1,LimbicB,ContB,right,right
159,178,0.005,cross_network_same_hemi,RH_LimbicB_OFC_4,RH_ContB_PFCmp_1,LimbicB,ContB,right,right
159,187,0.005,cross_network_same_hemi,RH_LimbicB_OFC_4,RH_DefaultA_PFCm_2,LimbicB,DefaultA,right,right
159,202,0.005,cross_network_same_hemi,RH_LimbicB_OFC_4,lAMY-rh,LimbicB,Amygdala_lat,right,right
159,209,0.005,cross_network_same_hemi,RH_LimbicB_OFC_4,NAc-core-rh,LimbicB,Accumbens_core,right,right
159,210,0.005,cross_network_same_hemi,RH_LimbicB_OFC_4,pGP-rh,LimbicB,Pallidum_post,right,right
159,217,0.005,cross_hemi_diff_network,RH_LimbicB_OFC_4,pHIP-lh,LimbicB,Hippocampus_post,right,left
160,30,0.005,cross_hemi_diff_network,RH_LimbicA_TempPole_1,LH_DorsAttnA_ParOcc_1,LimbicA,DorsAttnA,right,left
160,50,0.005,cross_hemi_diff_network,RH_LimbicA_TempPole_1,LH_LimbicB_OFC_1,LimbicA,LimbicB,right,left
160,53,0.015,within_network,RH_LimbicA_TempPole_1,LH_LimbicA_TempPole_2,LimbicA,LimbicA,right,left
160,55,0.01,within_network,RH_LimbicA_TempPole_1,LH_LimbicA_TempPole_4,LimbicA,LimbicA,right,left
160,143,0.005,cross_network_same_hemi,RH_LimbicA_TempPole_1,RH_SalVentAttnA_Ins_1,LimbicA,SalVentAttnA,right,right
160,156,0.005,cross_network_same_hemi,RH_LimbicA_TempPole_1,RH_LimbicB_OFC_1,LimbicA,LimbicB,right,right
160,157,0.005,cross_network_same_hemi,RH_LimbicA_TempPole_1,RH_LimbicB_OFC_2,LimbicA,LimbicB,right,right
160,161,0.01,within_network,RH_LimbicA_TempPole_1,RH_LimbicA_TempPole_2,LimbicA,LimbicA,right,right
160,162,0.005,within_network,RH_LimbicA_TempPole_1,RH_LimbicA_TempPole_3,LimbicA,LimbicA,right,right
160,199,0.005,cross_network_same_hemi,RH_LimbicA_TempPole_1,RH_TempPar_4,LimbicA,TempPar,right,right
160,201,0.005,cross_network_same_hemi,RH_LimbicA_TempPole_1,pHIP-rh,LimbicA,Hippocampus_post,right,right
160,202,0.005,cross_network_same_hemi,RH_LimbicA_TempPole_1,lAMY-rh,LimbicA,Amygdala_lat,right,right
160,203,0.005,cross_network_same_hemi,RH_LimbicA_TempPole_1,mAMY-rh,LimbicA,Amygdala_med,right,right
160,208,0.005,cross_network_same_hemi,RH_LimbicA_TempPole_1,NAc-shell-rh,LimbicA,Accumbens_shell,right,right
160,211,0.01,cross_network_same_hemi,RH_LimbicA_TempPole_1,aGP-rh,LimbicA,Pallidum_ant,right,right
160,213,0.005,cross_network_same_hemi,RH_LimbicA_TempPole_1,pPUT-rh,LimbicA,Putamen_post,right,right
160,217,0.01,cross_hemi_diff_network,RH_LimbicA_TempPole_1,pHIP-lh,LimbicA,Hippocampus_post,right,left
160,218,0.005,cross_hemi_diff_network,RH_LimbicA_TempPole_1,lAMY-lh,LimbicA,Amygdala_lat,right,left
160,219,0.005,cross_hemi_diff_network,RH_LimbicA_TempPole_1,mAMY-lh,LimbicA,Amygdala_med,right,left
160,220,0.005,cross_hemi_diff_network,RH_LimbicA_TempPole_1,THA-DP-lh,LimbicA,Thalamus_DP,right,left
160,227,0.01,cross_hemi_diff_network,RH_LimbicA_TempPole_1,aGP-lh,LimbicA,Pallidum_ant,right,left
161,30,0.005,cross_hemi_diff_network,RH_LimbicA_TempPole_2,LH_DorsAttnA_ParOcc_1,LimbicA,DorsAttnA,right,left
161,45,0.005,cross_hemi_diff_network,RH_LimbicA_TempPole_2,LH_SalVentAttnA_FrMed_2,LimbicA,SalVentAttnA,right,left
161,52,0.01,within_network,RH_LimbicA_TempPole_2,LH_LimbicA_TempPole_1,LimbicA,LimbicA,right,left
161,53,0.01,within_network,RH_LimbicA_TempPole_2,LH_LimbicA_TempPole_2,LimbicA,LimbicA,right,left
161,54,0.02,within_network,RH_LimbicA_TempPole_2,LH_LimbicA_TempPole_3,LimbicA,LimbicA,right,left
161,60,0.005,cross_hemi_diff_network,RH_LimbicA_TempPole_2,LH_ContA_PFCd_1,LimbicA,ContA,right,left
161,64,0.005,cross_hemi_diff_network,RH_LimbicA_TempPole_2,LH_ContA_PFCl_3,LimbicA,ContA,right,left
161,67,0.005,cross_hemi_diff_network,RH_LimbicA_TempPole_2,LH_ContB_IPL_1,LimbicA,ContB,right,left
161,83,0.005,cross_hemi_diff_network,RH_LimbicA_TempPole_2,LH_DefaultB_Temp_2,LimbicA,DefaultB,right,left
161,92,0.005,cross_hemi_diff_network,RH_LimbicA_TempPole_2,LH_DefaultB_PFCv_2,LimbicA,DefaultB,right,left
161,98,0.005,cross_hemi_diff_network,RH_LimbicA_TempPole_2,LH_TempPar_1,LimbicA,TempPar,right,left
161,99,0.01,cross_hemi_diff_network,RH_LimbicA_TempPole_2,LH_TempPar_2,LimbicA,TempPar,right,left
161,103,0.005,cross_network_same_hemi,RH_LimbicA_TempPole_2,RH_VisCent_ExStr_3,LimbicA,VisCent,right,right
161,126,0.005,cross_network_same_hemi,RH_LimbicA_TempPole_2,RH_SomMotB_S2_2,LimbicA,SomMotB,right,right
161,131,0.005,cross_network_same_hemi,RH_LimbicA_TempPole_2,RH_DorsAttnA_ParOcc_1,LimbicA,DorsAttnA,right,right
161,143,0.005,cross_network_same_hemi,RH_LimbicA_TempPole_2,RH_SalVentAttnA_Ins_1,LimbicA,SalVentAttnA,right,right
161,147,0.005,cross_network_same_hemi,RH_LimbicA_TempPole_2,RH_SalVentAttnA_ParMed_1,LimbicA,SalVentAttnA,right,right
161,156,0.005,cross_network_same_hemi,RH_LimbicA_TempPole_2,RH_LimbicB_OFC_1,LimbicA,LimbicB,right,right
161,157,0.005,cross_network_same_hemi,RH_LimbicA_TempPole_2,RH_LimbicB_OFC_2,LimbicA,LimbicB,right,right
161,159,0.005,cross_network_same_hemi,RH_LimbicA_TempPole_2,RH_LimbicB_OFC_4,LimbicA,LimbicB,right,right
161,160,0.01,within_network,RH_LimbicA_TempPole_2,RH_LimbicA_TempPole_1,LimbicA,LimbicA,right,right
161,162,0.005,within_network,RH_LimbicA_TempPole_2,RH_LimbicA_TempPole_3,LimbicA,LimbicA,right,right
161,171,0.005,cross_network_same_hemi,RH_LimbicA_TempPole_2,RH_ContB_Temp_2,LimbicA,ContB,right,right
161,174,0.005,cross_network_same_hemi,RH_LimbicA_TempPole_2,RH_ContB_PFCld_1,LimbicA,ContB,right,right
161,183,0.005,cross_network_same_hemi,RH_LimbicA_TempPole_2,RH_DefaultA_IPL_1,LimbicA,DefaultA,right,right
161,187,0.04,cross_network_same_hemi,RH_LimbicA_TempPole_2,RH_DefaultA_PFCm_2,LimbicA,DefaultA,right,right
161,191,0.005,cross_network_same_hemi,RH_LimbicA_TempPole_2,RH_DefaultB_PFCd_1,LimbicA,DefaultB,right,right
161,193,0.005,cross_network_same_hemi,RH_LimbicA_TempPole_2,RH_DefaultC_IPL_1,LimbicA,DefaultC,right,right
161,196,0.005,cross_network_same_hemi,RH_LimbicA_TempPole_2,RH_TempPar_1,LimbicA,TempPar,right,right
161,200,0.01,cross_network_same_hemi,RH_LimbicA_TempPole_2,aHIP-rh,LimbicA,Hippocampus_ant,right,right
161,202,0.005,cross_network_same_hemi,RH_LimbicA_TempPole_2,lAMY-rh,LimbicA,Amygdala_lat,right,right
161,203,0.005,cross_network_same_hemi,RH_LimbicA_TempPole_2,mAMY-rh,LimbicA,Amygdala_med,right,right
161,204,0.005,cross_network_same_hemi,RH_LimbicA_TempPole_2,THA-DP-rh,LimbicA,Thalamus_DP,right,right
161,207,0.005,cross_network_same_hemi,RH_LimbicA_TempPole_2,THA-DA-rh,LimbicA,Thalamus_DA,right,right
161,208,0.005,cross_network_same_hemi,RH_LimbicA_TempPole_2,NAc-shell-rh,LimbicA,Accumbens_shell,right,right
161,210,0.005,cross_network_same_hemi,RH_LimbicA_TempPole_2,pGP-rh,LimbicA,Pallidum_post,right,right
161,211,0.005,cross_network_same_hemi,RH_LimbicA_TempPole_2,aGP-rh,LimbicA,Pallidum_ant,right,right
161,216,0.01,cross_hemi_diff_network,RH_LimbicA_TempPole_2,aHIP-lh,LimbicA,Hippocampus_ant,right,left
161,217,0.005,cross_hemi_diff_network,RH_LimbicA_TempPole_2,pHIP-lh,LimbicA,Hippocampus_post,right,left
161,225,0.005,cross_hemi_diff_network,RH_LimbicA_TempPole_2,NAc-core-lh,LimbicA,Accumbens_core,right,left
161,227,0.025,cross_hemi_diff_network,RH_LimbicA_TempPole_2,aGP-lh,LimbicA,Pallidum_ant,right,left
162,50,0.005,cross_hemi_diff_network,RH_LimbicA_TempPole_3,LH_LimbicB_OFC_1,LimbicA,LimbicB,right,left
162,51,0.005,cross_hemi_diff_network,RH_LimbicA_TempPole_3,LH_LimbicB_OFC_2,LimbicA,LimbicB,right,left
162,52,0.005,within_network,RH_LimbicA_TempPole_3,LH_LimbicA_TempPole_1,LimbicA,LimbicA,right,left
162,53,0.005,within_network,RH_LimbicA_TempPole_3,LH_LimbicA_TempPole_2,LimbicA,LimbicA,right,left
162,54,0.015,within_network,RH_LimbicA_TempPole_3,LH_LimbicA_TempPole_3,LimbicA,LimbicA,right,left
162,92,0.005,cross_hemi_diff_network,RH_LimbicA_TempPole_3,LH_DefaultB_PFCv_2,LimbicA,DefaultB,right,left
162,126,0.005,cross_network_same_hemi,RH_LimbicA_TempPole_3,RH_SomMotB_S2_2,LimbicA,SomMotB,right,right
162,142,0.005,cross_network_same_hemi,RH_LimbicA_TempPole_3,RH_SalVentAttnA_PrC_1,LimbicA,SalVentAttnA,right,right
162,156,0.005,cross_network_same_hemi,RH_LimbicA_TempPole_3,RH_LimbicB_OFC_1,LimbicA,LimbicB,right,right
162,161,0.01,within_network,RH_LimbicA_TempPole_3,RH_LimbicA_TempPole_2,LimbicA,LimbicA,right,right
162,166,0.005,cross_network_same_hemi,RH_LimbicA_TempPole_3,RH_ContA_PFCd_1,LimbicA,ContA,right,right
162,187,0.01,cross_network_same_hemi,RH_LimbicA_TempPole_3,RH_DefaultA_PFCm_2,LimbicA,DefaultA,right,right
162,201,0.02,cross_network_same_hemi,RH_LimbicA_TempPole_3,pHIP-rh,LimbicA,Hippocampus_post,right,right
162,202,0.07,cross_network_same_hemi,RH_LimbicA_TempPole_3,lAMY-rh,LimbicA,Amygdala_lat,right,right
162,204,0.01,cross_network_same_hemi,RH_LimbicA_TempPole_3,THA-DP-rh,LimbicA,Thalamus_DP,right,right
162,208,0.01,cross_network_same_hemi,RH_LimbicA_TempPole_3,NAc-shell-rh,LimbicA,Accumbens_shell,right,right
162,210,0.005,cross_network_same_hemi,RH_LimbicA_TempPole_3,pGP-rh,LimbicA,Pallidum_post,right,right
162,211,0.01,cross_network_same_hemi,RH_LimbicA_TempPole_3,aGP-rh,LimbicA,Pallidum_ant,right,right
162,216,0.01,cross_hemi_diff_network,RH_LimbicA_TempPole_3,aHIP-lh,LimbicA,Hippocampus_ant,right,left
162,217,0.005,cross_hemi_diff_network,RH_LimbicA_TempPole_3,pHIP-lh,LimbicA,Hippocampus_post,right,left
162,218,0.015,cross_hemi_diff_network,RH_LimbicA_TempPole_3,lAMY-lh,LimbicA,Amygdala_lat,right,left
162,220,0.01,cross_hemi_diff_network,RH_LimbicA_TempPole_3,THA-DP-lh,LimbicA,Thalamus_DP,right,left
163,0,0.005,cross_hemi_diff_network,RH_LimbicA_TempPole_4,LH_VisCent_ExStr_2,LimbicA,VisCent,right,left
163,29,0.005,cross_hemi_diff_network,RH_LimbicA_TempPole_4,LH_DorsAttnA_TempOcc_2,LimbicA,DorsAttnA,right,left
163,31,0.005,cross_hemi_diff_network,RH_LimbicA_TempPole_4,LH_DorsAttnA_SPL_1,LimbicA,DorsAttnA,right,left
163,50,0.005,cross_hemi_diff_network,RH_LimbicA_TempPole_4,LH_LimbicB_OFC_1,LimbicA,LimbicB,right,left
163,52,0.005,within_network,RH_LimbicA_TempPole_4,LH_LimbicA_TempPole_1,LimbicA,LimbicA,right,left
163,65,0.005,cross_hemi_diff_network,RH_LimbicA_TempPole_4,LH_ContA_Cingm_1,LimbicA,ContA,right,left
163,83,0.005,cross_hemi_diff_network,RH_LimbicA_TempPole_4,LH_DefaultB_Temp_2,LimbicA,DefaultB,right,left
163,97,0.005,cross_hemi_diff_network,RH_LimbicA_TempPole_4,LH_DefaultC_PHC_1,LimbicA,DefaultC,right,left
163,99,0.005,cross_hemi_diff_network,RH_LimbicA_TempPole_4,LH_TempPar_2,LimbicA,TempPar,right,left
163,103,0.005,cross_network_same_hemi,RH_LimbicA_TempPole_4,RH_VisCent_ExStr_3,LimbicA,VisCent,right,right
163,162,0.01,within_network,RH_LimbicA_TempPole_4,RH_LimbicA_TempPole_3,LimbicA,LimbicA,right,right
163,168,0.005,cross_network_same_hemi,RH_LimbicA_TempPole_4,RH_ContA_PFCl_2,LimbicA,ContA,right,right
163,202,0.005,cross_network_same_hemi,RH_LimbicA_TempPole_4,lAMY-rh,LimbicA,Amygdala_lat,right,right
163,204,0.015,cross_network_same_hemi,RH_LimbicA_TempPole_4,THA-DP-rh,LimbicA,Thalamus_DP,right,right
163,208,0.01,cross_network_same_hemi,RH_LimbicA_TempPole_4,NAc-shell-rh,LimbicA,Accumbens_shell,right,right
163,220,0.01,cross_hemi_diff_network,RH_LimbicA_TempPole_4,THA-DP-lh,LimbicA,Thalamus_DP,right,left
164,28,0.005,cross_hemi_diff_network,RH_ContA_IPS_1,LH_DorsAttnA_TempOcc_1,ContA,DorsAttnA,right,left
164,131,0.005,cross_network_same_hemi,RH_ContA_IPS_1,RH_DorsAttnA_ParOcc_1,ContA,DorsAttnA,right,right
164,134,0.005,cross_network_same_hemi,RH_ContA_IPS_1,RH_DorsAttnA_SPL_3,ContA,DorsAttnA,right,right
164,174,0.005,cross_network_same_hemi,RH_ContA_IPS_1,RH_ContB_PFCld_1,ContA,ContB,right,right
165,46,0.005,cross_hemi_diff_network,RH_ContA_IPS_2,LH_SalVentAttnB_IPL_1,ContA,SalVentAttnB,right,left
165,56,0.01,within_network,RH_ContA_IPS_2,LH_ContA_Temp_1,ContA,ContA,right,left
165,64,0.005,within_network,RH_ContA_IPS_2,LH_ContA_PFCl_3,ContA,ContA,right,left
165,131,0.005,cross_network_same_hemi,RH_ContA_IPS_2,RH_DorsAttnA_ParOcc_1,ContA,DorsAttnA,right,right
165,143,0.005,cross_network_same_hemi,RH_ContA_IPS_2,RH_SalVentAttnA_Ins_1,ContA,SalVentAttnA,right,right
165,174,0.005,cross_network_same_hemi,RH_ContA_IPS_2,RH_ContB_PFCld_1,ContA,ContB,right,right
165,211,0.005,cross_network_same_hemi,RH_ContA_IPS_2,aGP-rh,ContA,Pallidum_ant,right,right
166,17,0.005,cross_hemi_diff_network,RH_ContA_PFCd_1,LH_SomMotA_6,ContA,SomMotA,right,left
166,33,0.005,cross_hemi_diff_network,RH_ContA_PFCd_1,LH_DorsAttnA_SPL_3,ContA,DorsAttnA,right,left
166,37,0.005,cross_hemi_diff_network,RH_ContA_PFCd_1,LH_DorsAttnB_PostC_4,ContA,DorsAttnB,right,left
166,38,0.01,cross_hemi_diff_network,RH_ContA_PFCd_1,LH_DorsAttnB_FEF_1,ContA,DorsAttnB,right,left
166,62,0.005,within_network,RH_ContA_PFCd_1,LH_ContA_PFCl_1,ContA,ContA,right,left
166,64,0.01,within_network,RH_ContA_PFCd_1,LH_ContA_PFCl_3,ContA,ContA,right,left
166,134,0.005,cross_network_same_hemi,RH_ContA_PFCd_1,RH_DorsAttnA_SPL_3,ContA,DorsAttnA,right,right
166,138,0.005,cross_network_same_hemi,RH_ContA_PFCd_1,RH_DorsAttnB_PostC_3,ContA,DorsAttnB,right,right
166,147,0.005,cross_network_same_hemi,RH_ContA_PFCd_1,RH_SalVentAttnA_ParMed_1,ContA,SalVentAttnA,right,right
166,156,0.005,cross_network_same_hemi,RH_ContA_PFCd_1,RH_LimbicB_OFC_1,ContA,LimbicB,right,right
166,168,0.005,within_network,RH_ContA_PFCd_1,RH_ContA_PFCl_2,ContA,ContA,right,right
166,174,0.005,cross_network_same_hemi,RH_ContA_PFCd_1,RH_ContB_PFCld_1,ContA,ContB,right,right
166,175,0.005,cross_network_same_hemi,RH_ContA_PFCd_1,RH_ContB_PFCld_2,ContA,ContB,right,right
166,177,0.005,cross_network_same_hemi,RH_ContA_PFCd_1,RH_ContB_PFClv_2,ContA,ContB,right,right
166,184,0.01,cross_network_same_hemi,RH_ContA_PFCd_1,RH_DefaultA_PFCd_1,ContA,DefaultA,right,right
166,193,0.005,cross_network_same_hemi,RH_ContA_PFCd_1,RH_DefaultC_IPL_1,ContA,DefaultC,right,right
166,223,0.005,cross_hemi_diff_network,RH_ContA_PFCd_1,THA-DA-lh,ContA,Thalamus_DA,right,left
166,227,0.005,cross_hemi_diff_network,RH_ContA_PFCd_1,aGP-lh,ContA,Pallidum_ant,right,left
167,20,0.005,cross_hemi_diff_network,RH_ContA_PFCl_1,LH_SomMotB_Aud_1,ContA,SomMotB,right,left
167,33,0.01,cross_hemi_diff_network,RH_ContA_PFCl_1,LH_DorsAttnA_SPL_3,ContA,DorsAttnA,right,left
167,38,0.005,cross_hemi_diff_network,RH_ContA_PFCl_1,LH_DorsAttnB_FEF_1,ContA,DorsAttnB,right,left
167,39,0.005,cross_hemi_diff_network,RH_ContA_PFCl_1,LH_SalVentAttnA_ParOper_1,ContA,SalVentAttnA,right,left
167,40,0.005,cross_hemi_diff_network,RH_ContA_PFCl_1,LH_SalVentAttnA_Ins_1,ContA,SalVentAttnA,right,left
167,41,0.005,cross_hemi_diff_network,RH_ContA_PFCl_1,LH_SalVentAttnA_FrOper_1,ContA,SalVentAttnA,right,left
167,46,0.01,cross_hemi_diff_network,RH_ContA_PFCl_1,LH_SalVentAttnB_IPL_1,ContA,SalVentAttnB,right,left
167,56,0.005,within_network,RH_ContA_PFCl_1,LH_ContA_Temp_1,ContA,ContA,right,left
167,59,0.005,within_network,RH_ContA_PFCl_1,LH_ContA_IPS_3,ContA,ContA,right,left
167,65,0.005,within_network,RH_ContA_PFCl_1,LH_ContA_Cingm_1,ContA,ContA,right,left
167,112,0.005,cross_network_same_hemi,RH_ContA_PFCl_1,RH_SomMotA_1,ContA,SomMotA,right,right
167,131,0.005,cross_network_same_hemi,RH_ContA_PFCl_1,RH_DorsAttnA_ParOcc_1,ContA,DorsAttnA,right,right
167,138,0.005,cross_network_same_hemi,RH_ContA_PFCl_1,RH_DorsAttnB_PostC_3,ContA,DorsAttnB,right,right
167,140,0.005,cross_network_same_hemi,RH_ContA_PFCl_1,RH_DorsAttnB_FEF_1,ContA,DorsAttnB,right,right
167,141,0.005,cross_network_same_hemi,RH_ContA_PFCl_1,RH_SalVentAttnA_ParOper_1,ContA,SalVentAttnA,right,right
167,142,0.01,cross_network_same_hemi,RH_ContA_PFCl_1,RH_SalVentAttnA_PrC_1,ContA,SalVentAttnA,right,right
167,143,0.015,cross_network_same_hemi,RH_ContA_PFCl_1,RH_SalVentAttnA_Ins_1,ContA,SalVentAttnA,right,right
167,144,0.005,cross_network_same_hemi,RH_ContA_PFCl_1,RH_SalVentAttnA_Ins_2,ContA,SalVentAttnA,right,right
167,146,0.005,cross_network_same_hemi,RH_ContA_PFCl_1,RH_SalVentAttnA_FrMed_1,ContA,SalVentAttnA,right,right
167,164,0.005,within_network,RH_ContA_PFCl_1,RH_ContA_IPS_1,ContA,ContA,right,right
167,166,0.015,within_network,RH_ContA_PFCl_1,RH_ContA_PFCd_1,ContA,ContA,right,right
167,174,0.01,cross_network_same_hemi,RH_ContA_PFCl_1,RH_ContB_PFCld_1,ContA,ContB,right,right
167,175,0.005,cross_network_same_hemi,RH_ContA_PFCl_1,RH_ContB_PFCld_2,ContA,ContB,right,right
167,177,0.01,cross_network_same_hemi,RH_ContA_PFCl_1,RH_ContB_PFClv_2,ContA,ContB,right,right
167,183,0.015,cross_network_same_hemi,RH_ContA_PFCl_1,RH_DefaultA_IPL_1,ContA,DefaultA,right,right
167,197,0.005,cross_network_same_hemi,RH_ContA_PFCl_1,RH_TempPar_2,ContA,TempPar,right,right
167,198,0.005,cross_network_same_hemi,RH_ContA_PFCl_1,RH_TempPar_3,ContA,TempPar,right,right
167,199,0.005,cross_network_same_hemi,RH_ContA_PFCl_1,RH_TempPar_4,ContA,TempPar,right,right
167,210,0.015,cross_network_same_hemi,RH_ContA_PFCl_1,pGP-rh,ContA,Pallidum_post,right,right
167,211,0.005,cross_network_same_hemi,RH_ContA_PFCl_1,aGP-rh,ContA,Pallidum_ant,right,right
167,215,0.005,cross_network_same_hemi,RH_ContA_PFCl_1,pCAU-rh,ContA,Caudate_post,right,right
167,220,0.005,cross_hemi_diff_network,RH_ContA_PFCl_1,THA-DP-lh,ContA,Thalamus_DP,right,left
167,226,0.01,cross_hemi_diff_network,RH_ContA_PFCl_1,pGP-lh,ContA,Pallidum_post,right,left
167,227,0.01,cross_hemi_diff_network,RH_ContA_PFCl_1,aGP-lh,ContA,Pallidum_ant,right,left
168,8,0.005,cross_hemi_diff_network,RH_ContA_PFCl_2,LH_VisPeri_ExStrInf_3,ContA,VisPeri,right,left
168,66,0.005,cross_hemi_diff_network,RH_ContA_PFCl_2,LH_ContB_Temp_1,ContA,ContB,right,left
168,69,0.005,cross_hemi_diff_network,RH_ContA_PFCl_2,LH_ContB_PFClv_1,ContA,ContB,right,left
168,98,0.01,cross_hemi_diff_network,RH_ContA_PFCl_2,LH_TempPar_1,ContA,TempPar,right,left
168,173,0.005,cross_network_same_hemi,RH_ContA_PFCl_2,RH_ContB_IPL_2,ContA,ContB,right,right
168,176,0.01,cross_network_same_hemi,RH_ContA_PFCl_2,RH_ContB_PFClv_1,ContA,ContB,right,right
168,226,0.005,cross_hemi_diff_network,RH_ContA_PFCl_2,pGP-lh,ContA,Pallidum_post,right,left
168,227,0.005,cross_hemi_diff_network,RH_ContA_PFCl_2,aGP-lh,ContA,Pallidum_ant,right,left
169,8,0.005,cross_hemi_diff_network,RH_ContA_Cingm_1,LH_VisPeri_ExStrInf_3,ContA,VisPeri,right,left
169,28,0.005,cross_hemi_diff_network,RH_ContA_Cingm_1,LH_DorsAttnA_TempOcc_1,ContA,DorsAttnA,right,left
169,39,0.005,cross_hemi_diff_network,RH_ContA_Cingm_1,LH_SalVentAttnA_ParOper_1,ContA,SalVentAttnA,right,left
169,53,0.01,cross_hemi_diff_network,RH_ContA_Cingm_1,LH_LimbicA_TempPole_2,ContA,LimbicA,right,left
169,55,0.005,cross_hemi_diff_network,RH_ContA_Cingm_1,LH_LimbicA_TempPole_4,ContA,LimbicA,right,left
169,61,0.005,within_network,RH_ContA_Cingm_1,LH_ContA_PFClv_1,ContA,ContA,right,left
169,62,0.005,within_network,RH_ContA_Cingm_1,LH_ContA_PFCl_1,ContA,ContA,right,left
169,66,0.005,cross_hemi_diff_network,RH_ContA_Cingm_1,LH_ContB_Temp_1,ContA,ContB,right,left
169,77,0.005,cross_hemi_diff_network,RH_ContA_Cingm_1,LH_DefaultA_pCunPCC_2,ContA,DefaultA,right,left
169,92,0.005,cross_hemi_diff_network,RH_ContA_Cingm_1,LH_DefaultB_PFCv_2,ContA,DefaultB,right,left
169,97,0.005,cross_hemi_diff_network,RH_ContA_Cingm_1,LH_DefaultC_PHC_1,ContA,DefaultC,right,left
169,153,0.015,cross_network_same_hemi,RH_ContA_Cingm_1,RH_SalVentAttnB_Ins_1,ContA,SalVentAttnB,right,right
169,173,0.005,cross_network_same_hemi,RH_ContA_Cingm_1,RH_ContB_IPL_2,ContA,ContB,right,right
169,187,0.015,cross_network_same_hemi,RH_ContA_Cingm_1,RH_DefaultA_PFCm_2,ContA,DefaultA,right,right
169,197,0.005,cross_network_same_hemi,RH_ContA_Cingm_1,RH_TempPar_2,ContA,TempPar,right,right
169,200,0.005,cross_network_same_hemi,RH_ContA_Cingm_1,aHIP-rh,ContA,Hippocampus_ant,right,right
169,201,0.015,cross_network_same_hemi,RH_ContA_Cingm_1,pHIP-rh,ContA,Hippocampus_post,right,right
169,203,0.005,cross_network_same_hemi,RH_ContA_Cingm_1,mAMY-rh,ContA,Amygdala_med,right,right
169,209,0.005,cross_network_same_hemi,RH_ContA_Cingm_1,NAc-core-rh,ContA,Accumbens_core,right,right
169,210,0.005,cross_network_same_hemi,RH_ContA_Cingm_1,pGP-rh,ContA,Pallidum_post,right,right
169,211,0.01,cross_network_same_hemi,RH_ContA_Cingm_1,aGP-rh,ContA,Pallidum_ant,right,right
169,217,0.005,cross_hemi_diff_network,RH_ContA_Cingm_1,pHIP-lh,ContA,Hippocampus_post,right,left
169,220,0.005,cross_hemi_diff_network,RH_ContA_Cingm_1,THA-DP-lh,ContA,Thalamus_DP,right,left
169,221,0.005,cross_hemi_diff_network,RH_ContA_Cingm_1,THA-VP-lh,ContA,Thalamus_VP,right,left
169,224,0.005,cross_hemi_diff_network,RH_ContA_Cingm_1,NAc-shell-lh,ContA,Accumbens_shell,right,left
169,227,0.04,cross_hemi_diff_network,RH_ContA_Cingm_1,aGP-lh,ContA,Pallidum_ant,right,left
170,52,0.01,cross_hemi_diff_network,RH_ContB_Temp_1,LH_LimbicA_TempPole_1,ContB,LimbicA,right,left
170,54,0.005,cross_hemi_diff_network,RH_ContB_Temp_1,LH_LimbicA_TempPole_3,ContB,LimbicA,right,left
170,79,0.005,cross_hemi_diff_network,RH_ContB_Temp_1,LH_DefaultA_PFCm_1,ContB,DefaultA,right,left
170,93,0.005,cross_hemi_diff_network,RH_ContB_Temp_1,LH_DefaultB_PFCv_3,ContB,DefaultB,right,left
170,99,0.005,cross_hemi_diff_network,RH_ContB_Temp_1,LH_TempPar_2,ContB,TempPar,right,left
170,161,0.01,cross_network_same_hemi,RH_ContB_Temp_1,RH_LimbicA_TempPole_2,ContB,LimbicA,right,right
170,162,0.01,cross_network_same_hemi,RH_ContB_Temp_1,RH_LimbicA_TempPole_3,ContB,LimbicA,right,right
170,175,0.005,within_network,RH_ContB_Temp_1,RH_ContB_PFCld_2,ContB,ContB,right,right
170,178,0.005,within_network,RH_ContB_Temp_1,RH_ContB_PFCmp_1,ContB,ContB,right,right
170,187,0.005,cross_network_same_hemi,RH_ContB_Temp_1,RH_DefaultA_PFCm_2,ContB,DefaultA,right,right
170,201,0.005,cross_network_same_hemi,RH_ContB_Temp_1,pHIP-rh,ContB,Hippocampus_post,right,right
170,219,0.01,cross_hemi_diff_network,RH_ContB_Temp_1,mAMY-lh,ContB,Amygdala_med,right,left
170,224,0.005,cross_hemi_diff_network,RH_ContB_Temp_1,NAc-shell-lh,ContB,Accumbens_shell,right,left
171,31,0.005,cross_hemi_diff_network,RH_ContB_Temp_2,LH_DorsAttnA_SPL_1,ContB,DorsAttnA,right,left
171,57,0.005,cross_hemi_diff_network,RH_ContB_Temp_2,LH_ContA_IPS_1,ContB,ContA,right,left
171,70,0.005,within_network,RH_ContB_Temp_2,LH_ContB_PFClv_2,ContB,ContB,right,left
171,131,0.005,cross_network_same_hemi,RH_ContB_Temp_2,RH_DorsAttnA_ParOcc_1,ContB,DorsAttnA,right,right
171,133,0.01,cross_network_same_hemi,RH_ContB_Temp_2,RH_DorsAttnA_SPL_2,ContB,DorsAttnA,right,right
171,134,0.005,cross_network_same_hemi,RH_ContB_Temp_2,RH_DorsAttnA_SPL_3,ContB,DorsAttnA,right,right
171,142,0.005,cross_network_same_hemi,RH_ContB_Temp_2,RH_SalVentAttnA_PrC_1,ContB,SalVentAttnA,right,right
171,154,0.005,cross_network_same_hemi,RH_ContB_Temp_2,RH_SalVentAttnB_Ins_2,ContB,SalVentAttnB,right,right
171,161,0.005,cross_network_same_hemi,RH_ContB_Temp_2,RH_LimbicA_TempPole_2,ContB,LimbicA,right,right
171,176,0.005,within_network,RH_ContB_Temp_2,RH_ContB_PFClv_1,ContB,ContB,right,right
171,177,0.005,within_network,RH_ContB_Temp_2,RH_ContB_PFClv_2,ContB,ContB,right,right
171,204,0.01,cross_network_same_hemi,RH_ContB_Temp_2,THA-DP-rh,ContB,Thalamus_DP,right,right
172,89,0.005,cross_hemi_diff_network,RH_ContB_IPL_1,LH_DefaultB_PFCd_3,ContB,DefaultB,right,left
172,168,0.005,cross_network_same_hemi,RH_ContB_IPL_1,RH_ContA_PFCl_2,ContB,ContA,right,right
172,173,0.005,within_network,RH_ContB_IPL_1,RH_ContB_IPL_2,ContB,ContB,right,right
172,176,0.005,within_network,RH_ContB_IPL_1,RH_ContB_PFClv_1,ContB,ContB,right,right
172,178,0.005,within_network,RH_ContB_IPL_1,RH_ContB_PFCmp_1,ContB,ContB,right,right
172,217,0.005,cross_hemi_diff_network,RH_ContB_IPL_1,pHIP-lh,ContB,Hippocampus_post,right,left
172,226,0.005,cross_hemi_diff_network,RH_ContB_IPL_1,pGP-lh,ContB,Pallidum_post,right,left
173,39,0.005,cross_hemi_diff_network,RH_ContB_IPL_2,LH_SalVentAttnA_ParOper_1,ContB,SalVentAttnA,right,left
173,140,0.005,cross_network_same_hemi,RH_ContB_IPL_2,RH_DorsAttnB_FEF_1,ContB,DorsAttnB,right,right
173,142,0.005,cross_network_same_hemi,RH_ContB_IPL_2,RH_SalVentAttnA_PrC_1,ContB,SalVentAttnA,right,right
173,175,0.005,within_network,RH_ContB_IPL_2,RH_ContB_PFCld_2,ContB,ContB,right,right
173,178,0.005,within_network,RH_ContB_IPL_2,RH_ContB_PFCmp_1,ContB,ContB,right,right
174,38,0.005,cross_hemi_diff_network,RH_ContB_PFCld_1,LH_DorsAttnB_FEF_1,ContB,DorsAttnB,right,left
174,47,0.005,cross_hemi_diff_network,RH_ContB_PFCld_1,LH_SalVentAttnB_PFCl_1,ContB,SalVentAttnB,right,left
174,59,0.005,cross_hemi_diff_network,RH_ContB_PFCld_1,LH_ContA_IPS_3,ContB,ContA,right,left
174,61,0.005,cross_hemi_diff_network,RH_ContB_PFCld_1,LH_ContA_PFClv_1,ContB,ContA,right,left
174,64,0.01,cross_hemi_diff_network,RH_ContB_PFCld_1,LH_ContA_PFCl_3,ContB,ContA,right,left
174,67,0.015,within_network,RH_ContB_PFCld_1,LH_ContB_IPL_1,ContB,ContB,right,left
174,69,0.005,within_network,RH_ContB_PFCld_1,LH_ContB_PFClv_1,ContB,ContB,right,left
174,75,0.005,cross_hemi_diff_network,RH_ContB_PFCld_1,LH_DefaultA_PFCd_1,ContB,DefaultA,right,left
174,86,0.005,cross_hemi_diff_network,RH_ContB_PFCld_1,LH_DefaultB_IPL_1,ContB,DefaultB,right,left
174,89,0.005,cross_hemi_diff_network,RH_ContB_PFCld_1,LH_DefaultB_PFCd_3,ContB,DefaultB,right,left
174,138,0.005,cross_network_same_hemi,RH_ContB_PFCld_1,RH_DorsAttnB_PostC_3,ContB,DorsAttnB,right,right
174,140,0.005,cross_network_same_hemi,RH_ContB_PFCld_1,RH_DorsAttnB_FEF_1,ContB,DorsAttnB,right,right
174,142,0.005,cross_network_same_hemi,RH_ContB_PFCld_1,RH_SalVentAttnA_PrC_1,ContB,SalVentAttnA,right,right
174,143,0.005,cross_network_same_hemi,RH_ContB_PFCld_1,RH_SalVentAttnA_Ins_1,ContB,SalVentAttnA,right,right
174,148,0.005,cross_network_same_hemi,RH_ContB_PFCld_1,RH_SalVentAttnA_ParMed_2,ContB,SalVentAttnA,right,right
174,151,0.005,cross_network_same_hemi,RH_ContB_PFCld_1,RH_SalVentAttnB_PFClv_1,ContB,SalVentAttnB,right,right
174,157,0.005,cross_network_same_hemi,RH_ContB_PFCld_1,RH_LimbicB_OFC_2,ContB,LimbicB,right,right
174,165,0.005,cross_network_same_hemi,RH_ContB_PFCld_1,RH_ContA_IPS_2,ContB,ContA,right,right
174,178,0.005,within_network,RH_ContB_PFCld_1,RH_ContB_PFCmp_1,ContB,ContB,right,right
174,189,0.02,cross_network_same_hemi,RH_ContB_PFCld_1,RH_DefaultB_Temp_1,ContB,DefaultB,right,right
174,191,0.005,cross_network_same_hemi,RH_ContB_PFCld_1,RH_DefaultB_PFCd_1,ContB,DefaultB,right,right
174,198,0.005,cross_network_same_hemi,RH_ContB_PFCld_1,RH_TempPar_3,ContB,TempPar,right,right
174,199,0.01,cross_network_same_hemi,RH_ContB_PFCld_1,RH_TempPar_4,ContB,TempPar,right,right
174,209,0.005,cross_network_same_hemi,RH_ContB_PFCld_1,NAc-core-rh,ContB,Accumbens_core,right,right
174,210,0.005,cross_network_same_hemi,RH_ContB_PFCld_1,pGP-rh,ContB,Pallidum_post,right,right
174,211,0.02,cross_network_same_hemi,RH_ContB_PFCld_1,aGP-rh,ContB,Pallidum_ant,right,right
174,218,0.005,cross_hemi_diff_network,RH_ContB_PFCld_1,lAMY-lh,ContB,Amygdala_lat,right,left
174,227,0.005,cross_hemi_diff_network,RH_ContB_PFCld_1,aGP-lh,ContB,Pallidum_ant,right,left
175,86,0.005,cross_hemi_diff_network,RH_ContB_PFCld_2,LH_DefaultB_IPL_1,ContB,DefaultB,right,left
175,151,0.005,cross_network_same_hemi,RH_ContB_PFCld_2,RH_SalVentAttnB_PFClv_1,ContB,SalVentAttnB,right,right
175,152,0.005,cross_network_same_hemi,RH_ContB_PFCld_2,RH_SalVentAttnB_PFCl_1,ContB,SalVentAttnB,right,right
175,173,0.005,within_network,RH_ContB_PFCld_2,RH_ContB_IPL_2,ContB,ContB,right,right
175,174,0.005,within_network,RH_ContB_PFCld_2,RH_ContB_PFCld_1,ContB,ContB,right,right
175,223,0.005,cross_hemi_diff_network,RH_ContB_PFCld_2,THA-DA-lh,ContB,Thalamus_DA,right,left
176,50,0.005,cross_hemi_diff_network,RH_ContB_PFClv_1,LH_LimbicB_OFC_1,ContB,LimbicB,right,left
176,66,0.005,within_network,RH_ContB_PFClv_1,LH_ContB_Temp_1,ContB,ContB,right,left
176,131,0.005,cross_network_same_hemi,RH_ContB_PFClv_1,RH_DorsAttnA_ParOcc_1,ContB,DorsAttnA,right,right
176,153,0.005,cross_network_same_hemi,RH_ContB_PFClv_1,RH_SalVentAttnB_Ins_1,ContB,SalVentAttnB,right,right
176,202,0.005,cross_network_same_hemi,RH_ContB_PFClv_1,lAMY-rh,ContB,Amygdala_lat,right,right
176,211,0.005,cross_network_same_hemi,RH_ContB_PFClv_1,aGP-rh,ContB,Pallidum_ant,right,right
176,224,0.005,cross_hemi_diff_network,RH_ContB_PFClv_1,NAc-shell-lh,ContB,Accumbens_shell,right,left
177,64,0.005,cross_hemi_diff_network,RH_ContB_PFClv_2,LH_ContA_PFCl_3,ContB,ContA,right,left
177,67,0.005,within_network,RH_ContB_PFClv_2,LH_ContB_IPL_1,ContB,ContB,right,left
177,92,0.005,cross_hemi_diff_network,RH_ContB_PFClv_2,LH_DefaultB_PFCv_2,ContB,DefaultB,right,left
177,151,0.005,cross_network_same_hemi,RH_ContB_PFClv_2,RH_SalVentAttnB_PFClv_1,ContB,SalVentAttnB,right,right
177,171,0.005,within_network,RH_ContB_PFClv_2,RH_ContB_Temp_2,ContB,ContB,right,right
177,174,0.01,within_network,RH_ContB_PFClv_2,RH_ContB_PFCld_1,ContB,ContB,right,right
177,175,0.005,within_network,RH_ContB_PFClv_2,RH_ContB_PFCld_2,ContB,ContB,right,right
177,178,0.01,within_network,RH_ContB_PFClv_2,RH_ContB_PFCmp_1,ContB,ContB,right,right
177,183,0.005,cross_network_same_hemi,RH_ContB_PFClv_2,RH_DefaultA_IPL_1,ContB,DefaultA,right,right
177,184,0.005,cross_network_same_hemi,RH_ContB_PFClv_2,RH_DefaultA_PFCd_1,ContB,DefaultA,right,right
177,211,0.005,cross_network_same_hemi,RH_ContB_PFClv_2,aGP-rh,ContB,Pallidum_ant,right,right
177,227,0.005,cross_hemi_diff_network,RH_ContB_PFClv_2,aGP-lh,ContB,Pallidum_ant,right,left
178,209,0.005,cross_network_same_hemi,RH_ContB_PFCmp_1,NAc-core-rh,ContB,Accumbens_core,right,right
178,225,0.005,cross_hemi_diff_network,RH_ContB_PFCmp_1,NAc-core-lh,ContB,Accumbens_core,right,left
178,227,0.005,cross_hemi_diff_network,RH_ContB_PFCmp_1,aGP-lh,ContB,Pallidum_ant,right,left
179,68,0.005,within_network,RH_ContB_PFCld_3,LH_ContB_PFCl_1,ContB,ContB,right,left
179,69,0.005,within_network,RH_ContB_PFCld_3,LH_ContB_PFClv_1,ContB,ContB,right,left
179,72,0.005,cross_hemi_diff_network,RH_ContB_PFCld_3,LH_ContC_pCun_2,ContB,ContC,right,left
179,82,0.005,cross_hemi_diff_network,RH_ContB_PFCld_3,LH_DefaultB_Temp_1,ContB,DefaultB,right,left
179,152,0.005,cross_network_same_hemi,RH_ContB_PFCld_3,RH_SalVentAttnB_PFCl_1,ContB,SalVentAttnB,right,right
179,153,0.005,cross_network_same_hemi,RH_ContB_PFCld_3,RH_SalVentAttnB_Ins_1,ContB,SalVentAttnB,right,right
179,155,0.005,cross_network_same_hemi,RH_ContB_PFCld_3,RH_SalVentAttnB_PFCmp_1,ContB,SalVentAttnB,right,right
179,160,0.005,cross_network_same_hemi,RH_ContB_PFCld_3,RH_LimbicA_TempPole_1,ContB,LimbicA,right,right
179,162,0.005,cross_network_same_hemi,RH_ContB_PFCld_3,RH_LimbicA_TempPole_3,ContB,LimbicA,right,right
179,174,0.01,within_network,RH_ContB_PFCld_3,RH_ContB_PFCld_1,ContB,ContB,right,right
179,178,0.005,within_network,RH_ContB_PFCld_3,RH_ContB_PFCmp_1,ContB,ContB,right,right
179,187,0.005,cross_network_same_hemi,RH_ContB_PFCld_3,RH_DefaultA_PFCm_2,ContB,DefaultA,right,right
179,191,0.005,cross_network_same_hemi,RH_ContB_PFCld_3,RH_DefaultB_PFCd_1,ContB,DefaultB,right,right
180,8,0.005,cross_hemi_diff_network,RH_ContC_pCun_1,LH_VisPeri_ExStrInf_3,ContC,VisPeri,right,left
180,30,0.005,cross_hemi_diff_network,RH_ContC_pCun_1,LH_DorsAttnA_ParOcc_1,ContC,DorsAttnA,right,left
180,31,0.005,cross_hemi_diff_network,RH_ContC_pCun_1,LH_DorsAttnA_SPL_1,ContC,DorsAttnA,right,left
180,73,0.005,within_network,RH_ContC_pCun_1,LH_ContC_Cingp_1,ContC,ContC,right,left
180,110,0.005,cross_network_same_hemi,RH_ContC_pCun_1,RH_VisPeri_ExStrSup_2,ContC,VisPeri,right,right
180,135,0.005,cross_network_same_hemi,RH_ContC_pCun_1,RH_DorsAttnA_SPL_4,ContC,DorsAttnA,right,right
180,143,0.005,cross_network_same_hemi,RH_ContC_pCun_1,RH_SalVentAttnA_Ins_1,ContC,SalVentAttnA,right,right
180,199,0.005,cross_network_same_hemi,RH_ContC_pCun_1,RH_TempPar_4,ContC,TempPar,right,right
180,201,0.005,cross_network_same_hemi,RH_ContC_pCun_1,pHIP-rh,ContC,Hippocampus_post,right,right
180,204,0.005,cross_network_same_hemi,RH_ContC_pCun_1,THA-DP-rh,ContC,Thalamus_DP,right,right
180,205,0.005,cross_network_same_hemi,RH_ContC_pCun_1,THA-VP-rh,ContC,Thalamus_VP,right,right
181,32,0.01,cross_hemi_diff_network,RH_ContC_pCun_2,LH_DorsAttnA_SPL_2,ContC,DorsAttnA,right,left
181,57,0.01,cross_hemi_diff_network,RH_ContC_pCun_2,LH_ContA_IPS_1,ContC,ContA,right,left
181,60,0.005,cross_hemi_diff_network,RH_ContC_pCun_2,LH_ContA_PFCd_1,ContC,ContA,right,left
181,97,0.005,cross_hemi_diff_network,RH_ContC_pCun_2,LH_DefaultC_PHC_1,ContC,DefaultC,right,left
181,133,0.01,cross_network_same_hemi,RH_ContC_pCun_2,RH_DorsAttnA_SPL_2,ContC,DorsAttnA,right,right
181,138,0.005,cross_network_same_hemi,RH_ContC_pCun_2,RH_DorsAttnB_PostC_3,ContC,DorsAttnB,right,right
181,153,0.005,cross_network_same_hemi,RH_ContC_pCun_2,RH_SalVentAttnB_Ins_1,ContC,SalVentAttnB,right,right
181,159,0.005,cross_network_same_hemi,RH_ContC_pCun_2,RH_LimbicB_OFC_4,ContC,LimbicB,right,right
181,160,0.005,cross_network_same_hemi,RH_ContC_pCun_2,RH_LimbicA_TempPole_1,ContC,LimbicA,right,right
181,164,0.005,cross_network_same_hemi,RH_ContC_pCun_2,RH_ContA_IPS_1,ContC,ContA,right,right
181,171,0.005,cross_network_same_hemi,RH_ContC_pCun_2,RH_ContB_Temp_2,ContC,ContB,right,right
181,174,0.005,cross_network_same_hemi,RH_ContC_pCun_2,RH_ContB_PFCld_1,ContC,ContB,right,right
181,176,0.005,cross_network_same_hemi,RH_ContC_pCun_2,RH_ContB_PFClv_1,ContC,ContB,right,right
181,177,0.005,cross_network_same_hemi,RH_ContC_pCun_2,RH_ContB_PFClv_2,ContC,ContB,right,right
181,184,0.015,cross_network_same_hemi,RH_ContC_pCun_2,RH_DefaultA_PFCd_1,ContC,DefaultA,right,right
181,187,0.005,cross_network_same_hemi,RH_ContC_pCun_2,RH_DefaultA_PFCm_2,ContC,DefaultA,right,right
181,189,0.005,cross_network_same_hemi,RH_ContC_pCun_2,RH_DefaultB_Temp_1,ContC,DefaultB,right,right
181,191,0.005,cross_network_same_hemi,RH_ContC_pCun_2,RH_DefaultB_PFCd_1,ContC,DefaultB,right,right
181,198,0.005,cross_network_same_hemi,RH_ContC_pCun_2,RH_TempPar_3,ContC,TempPar,right,right
181,202,0.005,cross_network_same_hemi,RH_ContC_pCun_2,lAMY-rh,ContC,Amygdala_lat,right,right
181,211,0.01,cross_network_same_hemi,RH_ContC_pCun_2,aGP-rh,ContC,Pallidum_ant,right,right
181,219,0.005,cross_hemi_diff_network,RH_ContC_pCun_2,mAMY-lh,ContC,Amygdala_med,right,left
181,225,0.005,cross_hemi_diff_network,RH_ContC_pCun_2,NAc-core-lh,ContC,Accumbens_core,right,left
182,55,0.005,cross_hemi_diff_network,RH_ContC_Cingp_1,LH_LimbicA_TempPole_4,ContC,LimbicA,right,left
182,65,0.005,cross_hemi_diff_network,RH_ContC_Cingp_1,LH_ContA_Cingm_1,ContC,ContA,right,left
182,72,0.005,within_network,RH_ContC_Cingp_1,LH_ContC_pCun_2,ContC,ContC,right,left
182,97,0.005,cross_hemi_diff_network,RH_ContC_Cingp_1,LH_DefaultC_PHC_1,ContC,DefaultC,right,left
182,162,0.005,cross_network_same_hemi,RH_ContC_Cingp_1,RH_LimbicA_TempPole_3,ContC,LimbicA,right,right
182,187,0.015,cross_network_same_hemi,RH_ContC_Cingp_1,RH_DefaultA_PFCm_2,ContC,DefaultA,right,right
182,207,0.005,cross_network_same_hemi,RH_ContC_Cingp_1,THA-DA-rh,ContC,Thalamus_DA,right,right
182,210,0.01,cross_network_same_hemi,RH_ContC_Cingp_1,pGP-rh,ContC,Pallidum_post,right,right
182,211,0.005,cross_network_same_hemi,RH_ContC_Cingp_1,aGP-rh,ContC,Pallidum_ant,right,right
182,226,0.01,cross_hemi_diff_network,RH_ContC_Cingp_1,pGP-lh,ContC,Pallidum_post,right,left
183,30,0.005,cross_hemi_diff_network,RH_DefaultA_IPL_1,LH_DorsAttnA_ParOcc_1,DefaultA,DorsAttnA,right,left
183,68,0.005,cross_hemi_diff_network,RH_DefaultA_IPL_1,LH_ContB_PFCl_1,DefaultA,ContB,right,left
183,89,0.005,cross_hemi_diff_network,RH_DefaultA_IPL_1,LH_DefaultB_PFCd_3,DefaultA,DefaultB,right,left
183,151,0.015,cross_network_same_hemi,RH_DefaultA_IPL_1,RH_SalVentAttnB_PFClv_1,DefaultA,SalVentAttnB,right,right
183,174,0.01,cross_network_same_hemi,RH_DefaultA_IPL_1,RH_ContB_PFCld_1,DefaultA,ContB,right,right
183,197,0.005,cross_network_same_hemi,RH_DefaultA_IPL_1,RH_TempPar_2,DefaultA,TempPar,right,right
183,211,0.005,cross_network_same_hemi,RH_DefaultA_IPL_1,aGP-rh,DefaultA,Pallidum_ant,right,right
183,224,0.005,cross_hemi_diff_network,RH_DefaultA_IPL_1,NAc-shell-lh,DefaultA,Accumbens_shell,right,left
184,47,0.005,cross_hemi_diff_network,RH_DefaultA_PFCd_1,LH_SalVentAttnB_PFCl_1,DefaultA,SalVentAttnB,right,left
184,53,0.005,cross_hemi_diff_network,RH_DefaultA_PFCd_1,LH_LimbicA_TempPole_2,DefaultA,LimbicA,right,left
184,60,0.015,cross_hemi_diff_network,RH_DefaultA_PFCd_1,LH_ContA_PFCd_1,DefaultA,ContA,right,left
184,70,0.005,cross_hemi_diff_network,RH_DefaultA_PFCd_1,LH_ContB_PFClv_2,DefaultA,ContB,right,left
184,80,0.005,within_network,RH_DefaultA_PFCd_1,LH_DefaultA_PFCm_2,DefaultA,DefaultA,right,left
184,99,0.005,cross_hemi_diff_network,RH_DefaultA_PFCd_1,LH_TempPar_2,DefaultA,TempPar,right,left
184,131,0.005,cross_network_same_hemi,RH_DefaultA_PFCd_1,RH_DorsAttnA_ParOcc_1,DefaultA,DorsAttnA,right,right
184,138,0.005,cross_network_same_hemi,RH_DefaultA_PFCd_1,RH_DorsAttnB_PostC_3,DefaultA,DorsAttnB,right,right
184,140,0.005,cross_network_same_hemi,RH_DefaultA_PFCd_1,RH_DorsAttnB_FEF_1,DefaultA,DorsAttnB,right,right
184,149,0.005,cross_network_same_hemi,RH_DefaultA_PFCd_1,RH_SalVentAttnA_FrMed_2,DefaultA,SalVentAttnA,right,right
184,159,0.005,cross_network_same_hemi,RH_DefaultA_PFCd_1,RH_LimbicB_OFC_4,DefaultA,LimbicB,right,right
184,160,0.005,cross_network_same_hemi,RH_DefaultA_PFCd_1,RH_LimbicA_TempPole_1,DefaultA,LimbicA,right,right
184,161,0.005,cross_network_same_hemi,RH_DefaultA_PFCd_1,RH_LimbicA_TempPole_2,DefaultA,LimbicA,right,right
184,173,0.005,cross_network_same_hemi,RH_DefaultA_PFCd_1,RH_ContB_IPL_2,DefaultA,ContB,right,right
184,174,0.005,cross_network_same_hemi,RH_DefaultA_PFCd_1,RH_ContB_PFCld_1,DefaultA,ContB,right,right
184,175,0.005,cross_network_same_hemi,RH_DefaultA_PFCd_1,RH_ContB_PFCld_2,DefaultA,ContB,right,right
184,177,0.005,cross_network_same_hemi,RH_DefaultA_PFCd_1,RH_ContB_PFClv_2,DefaultA,ContB,right,right
184,187,0.015,within_network,RH_DefaultA_PFCd_1,RH_DefaultA_PFCm_2,DefaultA,DefaultA,right,right
184,202,0.005,cross_network_same_hemi,RH_DefaultA_PFCd_1,lAMY-rh,DefaultA,Amygdala_lat,right,right
184,203,0.005,cross_network_same_hemi,RH_DefaultA_PFCd_1,mAMY-rh,DefaultA,Amygdala_med,right,right
184,209,0.005,cross_network_same_hemi,RH_DefaultA_PFCd_1,NAc-core-rh,DefaultA,Accumbens_core,right,right
184,211,0.015,cross_network_same_hemi,RH_DefaultA_PFCd_1,aGP-rh,DefaultA,Pallidum_ant,right,right
184,217,0.005,cross_hemi_diff_network,RH_DefaultA_PFCd_1,pHIP-lh,DefaultA,Hippocampus_post,right,left
185,55,0.01,cross_hemi_diff_network,RH_DefaultA_pCunPCC_1,LH_LimbicA_TempPole_4,DefaultA,LimbicA,right,left
185,99,0.01,cross_hemi_diff_network,RH_DefaultA_pCunPCC_1,LH_TempPar_2,DefaultA,TempPar,right,left
185,184,0.005,within_network,RH_DefaultA_pCunPCC_1,RH_DefaultA_PFCd_1,DefaultA,DefaultA,right,right
185,187,0.01,within_network,RH_DefaultA_pCunPCC_1,RH_DefaultA_PFCm_2,DefaultA,DefaultA,right,right
185,201,0.005,cross_network_same_hemi,RH_DefaultA_pCunPCC_1,pHIP-rh,DefaultA,Hippocampus_post,right,right
185,216,0.005,cross_hemi_diff_network,RH_DefaultA_pCunPCC_1,aHIP-lh,DefaultA,Hippocampus_ant,right,left
186,8,0.005,cross_hemi_diff_network,RH_DefaultA_PFCm_1,LH_VisPeri_ExStrInf_3,DefaultA,VisPeri,right,left
186,47,0.01,cross_hemi_diff_network,RH_DefaultA_PFCm_1,LH_SalVentAttnB_PFCl_1,DefaultA,SalVentAttnB,right,left
186,92,0.01,cross_hemi_diff_network,RH_DefaultA_PFCm_1,LH_DefaultB_PFCv_2,DefaultA,DefaultB,right,left
186,147,0.005,cross_network_same_hemi,RH_DefaultA_PFCm_1,RH_SalVentAttnA_ParMed_1,DefaultA,SalVentAttnA,right,right
186,152,0.005,cross_network_same_hemi,RH_DefaultA_PFCm_1,RH_SalVentAttnB_PFCl_1,DefaultA,SalVentAttnB,right,right
186,157,0.005,cross_network_same_hemi,RH_DefaultA_PFCm_1,RH_LimbicB_OFC_2,DefaultA,LimbicB,right,right
186,207,0.005,cross_network_same_hemi,RH_DefaultA_PFCm_1,THA-DA-rh,DefaultA,Thalamus_DA,right,right
186,209,0.005,cross_network_same_hemi,RH_DefaultA_PFCm_1,NAc-core-rh,DefaultA,Accumbens_core,right,right
186,216,0.005,cross_hemi_diff_network,RH_DefaultA_PFCm_1,aHIP-lh,DefaultA,Hippocampus_ant,right,left
186,217,0.005,cross_hemi_diff_network,RH_DefaultA_PFCm_1,pHIP-lh,DefaultA,Hippocampus_post,right,left
186,226,0.005,cross_hemi_diff_network,RH_DefaultA_PFCm_1,pGP-lh,DefaultA,Pallidum_post,right,left
186,230,0.005,cross_hemi_diff_network,RH_DefaultA_PFCm_1,aCAU-lh,DefaultA,Caudate_ant,right,left
187,31,0.005,cross_hemi_diff_network,RH_DefaultA_PFCm_2,LH_DorsAttnA_SPL_1,DefaultA,DorsAttnA,right,left
187,47,0.005,cross_hemi_diff_network,RH_DefaultA_PFCm_2,LH_SalVentAttnB_PFCl_1,DefaultA,SalVentAttnB,right,left
187,54,0.005,cross_hemi_diff_network,RH_DefaultA_PFCm_2,LH_LimbicA_TempPole_3,DefaultA,LimbicA,right,left
187,55,0.01,cross_hemi_diff_network,RH_DefaultA_PFCm_2,LH_LimbicA_TempPole_4,DefaultA,LimbicA,right,left
187,61,0.005,cross_hemi_diff_network,RH_DefaultA_PFCm_2,LH_ContA_PFClv_1,DefaultA,ContA,right,left
187,64,0.005,cross_hemi_diff_network,RH_DefaultA_PFCm_2,LH_ContA_PFCl_3,DefaultA,ContA,right,left
187,65,0.01,cross_hemi_diff_network,RH_DefaultA_PFCm_2,LH_ContA_Cingm_1,DefaultA,ContA,right,left
187,67,0.005,cross_hemi_diff_network,RH_DefaultA_PFCm_2,LH_ContB_IPL_1,DefaultA,ContB,right,left
187,83,0.005,cross_hemi_diff_network,RH_DefaultA_PFCm_2,LH_DefaultB_Temp_2,DefaultA,DefaultB,right,left
187,126,0.005,cross_network_same_hemi,RH_DefaultA_PFCm_2,RH_SomMotB_S2_2,DefaultA,SomMotB,right,right
187,152,0.005,cross_network_same_hemi,RH_DefaultA_PFCm_2,RH_SalVentAttnB_PFCl_1,DefaultA,SalVentAttnB,right,right
187,153,0.01,cross_network_same_hemi,RH_DefaultA_PFCm_2,RH_SalVentAttnB_Ins_1,DefaultA,SalVentAttnB,right,right
187,155,0.005,cross_network_same_hemi,RH_DefaultA_PFCm_2,RH_SalVentAttnB_PFCmp_1,DefaultA,SalVentAttnB,right,right
187,157,0.005,cross_network_same_hemi,RH_DefaultA_PFCm_2,RH_LimbicB_OFC_2,DefaultA,LimbicB,right,right
187,161,0.005,cross_network_same_hemi,RH_DefaultA_PFCm_2,RH_LimbicA_TempPole_2,DefaultA,LimbicA,right,right
187,162,0.005,cross_network_same_hemi,RH_DefaultA_PFCm_2,RH_LimbicA_TempPole_3,DefaultA,LimbicA,right,right
187,174,0.005,cross_network_same_hemi,RH_DefaultA_PFCm_2,RH_ContB_PFCld_1,DefaultA,ContB,right,right
187,186,0.01,within_network,RH_DefaultA_PFCm_2,RH_DefaultA_PFCm_1,DefaultA,DefaultA,right,right
187,191,0.005,cross_network_same_hemi,RH_DefaultA_PFCm_2,RH_DefaultB_PFCd_1,DefaultA,DefaultB,right,right
187,201,0.01,cross_network_same_hemi,RH_DefaultA_PFCm_2,pHIP-rh,DefaultA,Hippocampus_post,right,right
187,205,0.005,cross_network_same_hemi,RH_DefaultA_PFCm_2,THA-VP-rh,DefaultA,Thalamus_VP,right,right
187,209,0.005,cross_network_same_hemi,RH_DefaultA_PFCm_2,NAc-core-rh,DefaultA,Accumbens_core,right,right
187,210,0.015,cross_network_same_hemi,RH_DefaultA_PFCm_2,pGP-rh,DefaultA,Pallidum_post,right,right
187,211,0.04,cross_network_same_hemi,RH_DefaultA_PFCm_2,aGP-rh,DefaultA,Pallidum_ant,right,right
187,216,0.005,cross_hemi_diff_network,RH_DefaultA_PFCm_2,aHIP-lh,DefaultA,Hippocampus_ant,right,left
187,217,0.005,cross_hemi_diff_network,RH_DefaultA_PFCm_2,pHIP-lh,DefaultA,Hippocampus_post,right,left
187,220,0.005,cross_hemi_diff_network,RH_DefaultA_PFCm_2,THA-DP-lh,DefaultA,Thalamus_DP,right,left
187,222,0.005,cross_hemi_diff_network,RH_DefaultA_PFCm_2,THA-VA-lh,DefaultA,Thalamus_VA,right,left
187,224,0.015,cross_hemi_diff_network,RH_DefaultA_PFCm_2,NAc-shell-lh,DefaultA,Accumbens_shell,right,left
187,225,0.01,cross_hemi_diff_network,RH_DefaultA_PFCm_2,NAc-core-lh,DefaultA,Accumbens_core,right,left
187,226,0.005,cross_hemi_diff_network,RH_DefaultA_PFCm_2,pGP-lh,DefaultA,Pallidum_post,right,left
187,227,0.005,cross_hemi_diff_network,RH_DefaultA_PFCm_2,aGP-lh,DefaultA,Pallidum_ant,right,left
188,91,0.005,cross_hemi_diff_network,RH_DefaultA_PFCm_3,LH_DefaultB_PFCv_1,DefaultA,DefaultB,right,left
188,153,0.005,cross_network_same_hemi,RH_DefaultA_PFCm_3,RH_SalVentAttnB_Ins_1,DefaultA,SalVentAttnB,right,right
188,159,0.005,cross_network_same_hemi,RH_DefaultA_PFCm_3,RH_LimbicB_OFC_4,DefaultA,LimbicB,right,right
188,184,0.01,within_network,RH_DefaultA_PFCm_3,RH_DefaultA_PFCd_1,DefaultA,DefaultA,right,right
188,201,0.005,cross_network_same_hemi,RH_DefaultA_PFCm_3,pHIP-rh,DefaultA,Hippocampus_post,right,right
188,227,0.005,cross_hemi_diff_network,RH_DefaultA_PFCm_3,aGP-lh,DefaultA,Pallidum_ant,right,left
189,52,0.005,cross_hemi_diff_network,RH_DefaultB_Temp_1,LH_LimbicA_TempPole_1,DefaultB,LimbicA,right,left
189,53,0.005,cross_hemi_diff_network,RH_DefaultB_Temp_1,LH_LimbicA_TempPole_2,DefaultB,LimbicA,right,left
189,70,0.005,cross_hemi_diff_network,RH_DefaultB_Temp_1,LH_ContB_PFClv_2,DefaultB,ContB,right,left
189,151,0.005,cross_network_same_hemi,RH_DefaultB_Temp_1,RH_SalVentAttnB_PFClv_1,DefaultB,SalVentAttnB,right,right
189,161,0.005,cross_network_same_hemi,RH_DefaultB_Temp_1,RH_LimbicA_TempPole_2,DefaultB,LimbicA,right,right
189,168,0.005,cross_network_same_hemi,RH_DefaultB_Temp_1,RH_ContA_PFCl_2,DefaultB,ContA,right,right
189,171,0.005,cross_network_same_hemi,RH_DefaultB_Temp_1,RH_ContB_Temp_2,DefaultB,ContB,right,right
189,176,0.005,cross_network_same_hemi,RH_DefaultB_Temp_1,RH_ContB_PFClv_1,DefaultB,ContB,right,right
189,187,0.005,cross_network_same_hemi,RH_DefaultB_Temp_1,RH_DefaultA_PFCm_2,DefaultB,DefaultA,right,right
189,191,0.005,within_network,RH_DefaultB_Temp_1,RH_DefaultB_PFCd_1,DefaultB,DefaultB,right,right
189,211,0.005,cross_network_same_hemi,RH_DefaultB_Temp_1,aGP-rh,DefaultB,Pallidum_ant,right,right
189,215,0.005,cross_network_same_hemi,RH_DefaultB_Temp_1,pCAU-rh,DefaultB,Caudate_post,right,right
189,220,0.005,cross_hemi_diff_network,RH_DefaultB_Temp_1,THA-DP-lh,DefaultB,Thalamus_DP,right,left
189,227,0.005,cross_hemi_diff_network,RH_DefaultB_Temp_1,aGP-lh,DefaultB,Pallidum_ant,right,left
190,50,0.005,cross_hemi_diff_network,RH_DefaultB_AntTemp_1,LH_LimbicB_OFC_1,DefaultB,LimbicB,right,left
190,52,0.015,cross_hemi_diff_network,RH_DefaultB_AntTemp_1,LH_LimbicA_TempPole_1,DefaultB,LimbicA,right,left
190,53,0.005,cross_hemi_diff_network,RH_DefaultB_AntTemp_1,LH_LimbicA_TempPole_2,DefaultB,LimbicA,right,left
190,54,0.02,cross_hemi_diff_network,RH_DefaultB_AntTemp_1,LH_LimbicA_TempPole_3,DefaultB,LimbicA,right,left
190,79,0.005,cross_hemi_diff_network,RH_DefaultB_AntTemp_1,LH_DefaultA_PFCm_1,DefaultB,DefaultA,right,left
190,161,0.02,cross_network_same_hemi,RH_DefaultB_AntTemp_1,RH_LimbicA_TempPole_2,DefaultB,LimbicA,right,right
190,162,0.015,cross_network_same_hemi,RH_DefaultB_AntTemp_1,RH_LimbicA_TempPole_3,DefaultB,LimbicA,right,right
190,177,0.005,cross_network_same_hemi,RH_DefaultB_AntTemp_1,RH_ContB_PFClv_2,DefaultB,ContB,right,right
190,184,0.005,cross_network_same_hemi,RH_DefaultB_AntTemp_1,RH_DefaultA_PFCd_1,DefaultB,DefaultA,right,right
190,187,0.015,cross_network_same_hemi,RH_DefaultB_AntTemp_1,RH_DefaultA_PFCm_2,DefaultB,DefaultA,right,right
190,197,0.01,cross_network_same_hemi,RH_DefaultB_AntTemp_1,RH_TempPar_2,DefaultB,TempPar,right,right
190,208,0.005,cross_network_same_hemi,RH_DefaultB_AntTemp_1,NAc-shell-rh,DefaultB,Accumbens_shell,right,right
190,211,0.005,cross_network_same_hemi,RH_DefaultB_AntTemp_1,aGP-rh,DefaultB,Pallidum_ant,right,right
190,217,0.02,cross_hemi_diff_network,RH_DefaultB_AntTemp_1,pHIP-lh,DefaultB,Hippocampus_post,right,left
190,218,0.005,cross_hemi_diff_network,RH_DefaultB_AntTemp_1,lAMY-lh,DefaultB,Amygdala_lat,right,left
190,219,0.01,cross_hemi_diff_network,RH_DefaultB_AntTemp_1,mAMY-lh,DefaultB,Amygdala_med,right,left
191,64,0.005,cross_hemi_diff_network,RH_DefaultB_PFCd_1,LH_ContA_PFCl_3,DefaultB,ContA,right,left
191,69,0.005,cross_hemi_diff_network,RH_DefaultB_PFCd_1,LH_ContB_PFClv_1,DefaultB,ContB,right,left
191,91,0.005,within_network,RH_DefaultB_PFCd_1,LH_DefaultB_PFCv_1,DefaultB,DefaultB,right,left
191,157,0.005,cross_network_same_hemi,RH_DefaultB_PFCd_1,RH_LimbicB_OFC_2,DefaultB,LimbicB,right,right
191,174,0.005,cross_network_same_hemi,RH_DefaultB_PFCd_1,RH_ContB_PFCld_1,DefaultB,ContB,right,right
191,176,0.005,cross_network_same_hemi,RH_DefaultB_PFCd_1,RH_ContB_PFClv_1,DefaultB,ContB,right,right
191,177,0.005,cross_network_same_hemi,RH_DefaultB_PFCd_1,RH_ContB_PFClv_2,DefaultB,ContB,right,right
191,187,0.005,cross_network_same_hemi,RH_DefaultB_PFCd_1,RH_DefaultA_PFCm_2,DefaultB,DefaultA,right,right
192,48,0.005,cross_hemi_diff_network,RH_DefaultB_PFCv_1,LH_SalVentAttnB_Ins_1,DefaultB,SalVentAttnB,right,left
192,167,0.005,cross_network_same_hemi,RH_DefaultB_PFCv_1,RH_ContA_PFCl_1,DefaultB,ContA,right,right
192,174,0.005,cross_network_same_hemi,RH_DefaultB_PFCv_1,RH_ContB_PFCld_1,DefaultB,ContB,right,right
192,187,0.005,cross_network_same_hemi,RH_DefaultB_PFCv_1,RH_DefaultA_PFCm_2,DefaultB,DefaultA,right,right
192,225,0.005,cross_hemi_diff_network,RH_DefaultB_PFCv_1,NAc-core-lh,DefaultB,Accumbens_core,right,left
192,227,0.005,cross_hemi_diff_network,RH_DefaultB_PFCv_1,aGP-lh,DefaultB,Pallidum_ant,right,left
193,8,0.005,cross_hemi_diff_network,RH_DefaultC_IPL_1,LH_VisPeri_ExStrInf_3,DefaultC,VisPeri,right,left
193,30,0.015,cross_hemi_diff_network,RH_DefaultC_IPL_1,LH_DorsAttnA_ParOcc_1,DefaultC,DorsAttnA,right,left
193,32,0.005,cross_hemi_diff_network,RH_DefaultC_IPL_1,LH_DorsAttnA_SPL_2,DefaultC,DorsAttnA,right,left
193,51,0.005,cross_hemi_diff_network,RH_DefaultC_IPL_1,LH_LimbicB_OFC_2,DefaultC,LimbicB,right,left
193,70,0.005,cross_hemi_diff_network,RH_DefaultC_IPL_1,LH_ContB_PFClv_2,DefaultC,ContB,right,left
193,83,0.005,cross_hemi_diff_network,RH_DefaultC_IPL_1,LH_DefaultB_Temp_2,DefaultC,DefaultB,right,left
193,97,0.02,within_network,RH_DefaultC_IPL_1,LH_DefaultC_PHC_1,DefaultC,DefaultC,right,left
193,131,0.005,cross_network_same_hemi,RH_DefaultC_IPL_1,RH_DorsAttnA_ParOcc_1,DefaultC,DorsAttnA,right,right
193,134,0.005,cross_network_same_hemi,RH_DefaultC_IPL_1,RH_DorsAttnA_SPL_3,DefaultC,DorsAttnA,right,right
193,163,0.01,cross_network_same_hemi,RH_DefaultC_IPL_1,RH_LimbicA_TempPole_4,DefaultC,LimbicA,right,right
193,172,0.005,cross_network_same_hemi,RH_DefaultC_IPL_1,RH_ContB_IPL_1,DefaultC,ContB,right,right
193,183,0.005,cross_network_same_hemi,RH_DefaultC_IPL_1,RH_DefaultA_IPL_1,DefaultC,DefaultA,right,right
193,187,0.01,cross_network_same_hemi,RH_DefaultC_IPL_1,RH_DefaultA_PFCm_2,DefaultC,DefaultA,right,right
193,210,0.005,cross_network_same_hemi,RH_DefaultC_IPL_1,pGP-rh,DefaultC,Pallidum_post,right,right
193,217,0.005,cross_hemi_diff_network,RH_DefaultC_IPL_1,pHIP-lh,DefaultC,Hippocampus_post,right,left
193,219,0.005,cross_hemi_diff_network,RH_DefaultC_IPL_1,mAMY-lh,DefaultC,Amygdala_med,right,left
194,8,0.01,cross_hemi_diff_network,RH_DefaultC_Rsp_1,LH_VisPeri_ExStrInf_3,DefaultC,VisPeri,right,left
194,65,0.005,cross_hemi_diff_network,RH_DefaultC_Rsp_1,LH_ContA_Cingm_1,DefaultC,ContA,right,left
194,99,0.005,cross_hemi_diff_network,RH_DefaultC_Rsp_1,LH_TempPar_2,DefaultC,TempPar,right,left
194,181,0.005,cross_network_same_hemi,RH_DefaultC_Rsp_1,RH_ContC_pCun_2,DefaultC,ContC,right,right
195,8,0.005,cross_hemi_diff_network,RH_DefaultC_PHC_1,LH_VisPeri_ExStrInf_3,DefaultC,VisPeri,right,left
195,29,0.01,cross_hemi_diff_network,RH_DefaultC_PHC_1,LH_DorsAttnA_TempOcc_2,DefaultC,DorsAttnA,right,left
195,30,0.005,cross_hemi_diff_network,RH_DefaultC_PHC_1,LH_DorsAttnA_ParOcc_1,DefaultC,DorsAttnA,right,left
195,131,0.01,cross_network_same_hemi,RH_DefaultC_PHC_1,RH_DorsAttnA_ParOcc_1,DefaultC,DorsAttnA,right,right
195,162,0.005,cross_network_same_hemi,RH_DefaultC_PHC_1,RH_LimbicA_TempPole_3,DefaultC,LimbicA,right,right
195,202,0.005,cross_network_same_hemi,RH_DefaultC_PHC_1,lAMY-rh,DefaultC,Amygdala_lat,right,right
195,204,0.01,cross_network_same_hemi,RH_DefaultC_PHC_1,THA-DP-rh,DefaultC,Thalamus_DP,right,right
195,209,0.005,cross_network_same_hemi,RH_DefaultC_PHC_1,NAc-core-rh,DefaultC,Accumbens_core,right,right
195,217,0.005,cross_hemi_diff_network,RH_DefaultC_PHC_1,pHIP-lh,DefaultC,Hippocampus_post,right,left
196,0,0.005,cross_hemi_diff_network,RH_TempPar_1,LH_VisCent_ExStr_2,TempPar,VisCent,right,left
196,50,0.005,cross_hemi_diff_network,RH_TempPar_1,LH_LimbicB_OFC_1,TempPar,LimbicB,right,left
196,55,0.005,cross_hemi_diff_network,RH_TempPar_1,LH_LimbicA_TempPole_4,TempPar,LimbicA,right,left
196,64,0.005,cross_hemi_diff_network,RH_TempPar_1,LH_ContA_PFCl_3,TempPar,ContA,right,left
196,83,0.005,cross_hemi_diff_network,RH_TempPar_1,LH_DefaultB_Temp_2,TempPar,DefaultB,right,left
196,86,0.005,cross_hemi_diff_network,RH_TempPar_1,LH_DefaultB_IPL_1,TempPar,DefaultB,right,left
196,123,0.005,cross_network_same_hemi,RH_TempPar_1,RH_SomMotB_Aud_1,TempPar,SomMotB,right,right
196,131,0.005,cross_network_same_hemi,RH_TempPar_1,RH_DorsAttnA_ParOcc_1,TempPar,DorsAttnA,right,right
196,159,0.005,cross_network_same_hemi,RH_TempPar_1,RH_LimbicB_OFC_4,TempPar,LimbicB,right,right
196,161,0.005,cross_network_same_hemi,RH_TempPar_1,RH_LimbicA_TempPole_2,TempPar,LimbicA,right,right
196,197,0.005,within_network,RH_TempPar_1,RH_TempPar_2,TempPar,TempPar,right,right
196,198,0.01,within_network,RH_TempPar_1,RH_TempPar_3,TempPar,TempPar,right,right
196,199,0.005,within_network,RH_TempPar_1,RH_TempPar_4,TempPar,TempPar,right,right
196,203,0.005,cross_network_same_hemi,RH_TempPar_1,mAMY-rh,TempPar,Amygdala_med,right,right
196,205,0.005,cross_network_same_hemi,RH_TempPar_1,THA-VP-rh,TempPar,Thalamus_VP,right,right
196,208,0.01,cross_network_same_hemi,RH_TempPar_1,NAc-shell-rh,TempPar,Accumbens_shell,right,right
196,209,0.005,cross_network_same_hemi,RH_TempPar_1,NAc-core-rh,TempPar,Accumbens_core,right,right
196,210,0.005,cross_network_same_hemi,RH_TempPar_1,pGP-rh,TempPar,Pallidum_post,right,right
196,211,0.005,cross_network_same_hemi,RH_TempPar_1,aGP-rh,TempPar,Pallidum_ant,right,right
196,216,0.005,cross_hemi_diff_network,RH_TempPar_1,aHIP-lh,TempPar,Hippocampus_ant,right,left
196,217,0.005,cross_hemi_diff_network,RH_TempPar_1,pHIP-lh,TempPar,Hippocampus_post,right,left
196,218,0.01,cross_hemi_diff_network,RH_TempPar_1,lAMY-lh,TempPar,Amygdala_lat,right,left
196,220,0.005,cross_hemi_diff_network,RH_TempPar_1,THA-DP-lh,TempPar,Thalamus_DP,right,left
196,226,0.005,cross_hemi_diff_network,RH_TempPar_1,pGP-lh,TempPar,Pallidum_post,right,left
196,227,0.005,cross_hemi_diff_network,RH_TempPar_1,aGP-lh,TempPar,Pallidum_ant,right,left
197,8,0.005,cross_hemi_diff_network,RH_TempPar_2,LH_VisPeri_ExStrInf_3,TempPar,VisPeri,right,left
197,30,0.005,cross_hemi_diff_network,RH_TempPar_2,LH_DorsAttnA_ParOcc_1,TempPar,DorsAttnA,right,left
197,54,0.005,cross_hemi_diff_network,RH_TempPar_2,LH_LimbicA_TempPole_3,TempPar,LimbicA,right,left
197,55,0.005,cross_hemi_diff_network,RH_TempPar_2,LH_LimbicA_TempPole_4,TempPar,LimbicA,right,left
197,66,0.005,cross_hemi_diff_network,RH_TempPar_2,LH_ContB_Temp_1,TempPar,ContB,right,left
197,82,0.005,cross_hemi_diff_network,RH_TempPar_2,LH_DefaultB_Temp_1,TempPar,DefaultB,right,left
197,91,0.005,cross_hemi_diff_network,RH_TempPar_2,LH_DefaultB_PFCv_1,TempPar,DefaultB,right,left
197,93,0.005,cross_hemi_diff_network,RH_TempPar_2,LH_DefaultB_PFCv_3,TempPar,DefaultB,right,left
197,98,0.005,within_network,RH_TempPar_2,LH_TempPar_1,TempPar,TempPar,right,left
197,126,0.005,cross_network_same_hemi,RH_TempPar_2,RH_SomMotB_S2_2,TempPar,SomMotB,right,right
197,143,0.005,cross_network_same_hemi,RH_TempPar_2,RH_SalVentAttnA_Ins_1,TempPar,SalVentAttnA,right,right
197,160,0.005,cross_network_same_hemi,RH_TempPar_2,RH_LimbicA_TempPole_1,TempPar,LimbicA,right,right
197,161,0.005,cross_network_same_hemi,RH_TempPar_2,RH_LimbicA_TempPole_2,TempPar,LimbicA,right,right
197,170,0.005,cross_network_same_hemi,RH_TempPar_2,RH_ContB_Temp_1,TempPar,ContB,right,right
197,171,0.005,cross_network_same_hemi,RH_TempPar_2,RH_ContB_Temp_2,TempPar,ContB,right,right
197,175,0.005,cross_network_same_hemi,RH_TempPar_2,RH_ContB_PFCld_2,TempPar,ContB,right,right
197,178,0.005,cross_network_same_hemi,RH_TempPar_2,RH_ContB_PFCmp_1,TempPar,ContB,right,right
197,183,0.005,cross_network_same_hemi,RH_TempPar_2,RH_DefaultA_IPL_1,TempPar,DefaultA,right,right
197,184,0.005,cross_network_same_hemi,RH_TempPar_2,RH_DefaultA_PFCd_1,TempPar,DefaultA,right,right
197,187,0.01,cross_network_same_hemi,RH_TempPar_2,RH_DefaultA_PFCm_2,TempPar,DefaultA,right,right
197,189,0.005,cross_network_same_hemi,RH_TempPar_2,RH_DefaultB_Temp_1,TempPar,DefaultB,right,right
197,199,0.015,within_network,RH_TempPar_2,RH_TempPar_4,TempPar,TempPar,right,right
197,205,0.005,cross_network_same_hemi,RH_TempPar_2,THA-VP-rh,TempPar,Thalamus_VP,right,right
197,208,0.005,cross_network_same_hemi,RH_TempPar_2,NAc-shell-rh,TempPar,Accumbens_shell,right,right
197,210,0.005,cross_network_same_hemi,RH_TempPar_2,pGP-rh,TempPar,Pallidum_post,right,right
197,211,0.01,cross_network_same_hemi,RH_TempPar_2,aGP-rh,TempPar,Pallidum_ant,right,right
197,226,0.005,cross_hemi_diff_network,RH_TempPar_2,pGP-lh,TempPar,Pallidum_post,right,left
197,227,0.005,cross_hemi_diff_network,RH_TempPar_2,aGP-lh,TempPar,Pallidum_ant,right,left
197,229,0.005,cross_hemi_diff_network,RH_TempPar_2,pPUT-lh,TempPar,Putamen_post,right,left
198,28,0.005,cross_hemi_diff_network,RH_TempPar_3,LH_DorsAttnA_TempOcc_1,TempPar,DorsAttnA,right,left
198,30,0.005,cross_hemi_diff_network,RH_TempPar_3,LH_DorsAttnA_ParOcc_1,TempPar,DorsAttnA,right,left
198,40,0.005,cross_hemi_diff_network,RH_TempPar_3,LH_SalVentAttnA_Ins_1,TempPar,SalVentAttnA,right,left
198,56,0.01,cross_hemi_diff_network,RH_TempPar_3,LH_ContA_Temp_1,TempPar,ContA,right,left
198,69,0.005,cross_hemi_diff_network,RH_TempPar_3,LH_ContB_PFClv_1,TempPar,ContB,right,left
198,94,0.005,cross_hemi_diff_network,RH_TempPar_3,LH_DefaultB_PFCv_4,TempPar,DefaultB,right,left
198,143,0.005,cross_network_same_hemi,RH_TempPar_3,RH_SalVentAttnA_Ins_1,TempPar,SalVentAttnA,right,right
198,152,0.005,cross_network_same_hemi,RH_TempPar_3,RH_SalVentAttnB_PFCl_1,TempPar,SalVentAttnB,right,right
198,157,0.005,cross_network_same_hemi,RH_TempPar_3,RH_LimbicB_OFC_2,TempPar,LimbicB,right,right
198,160,0.01,cross_network_same_hemi,RH_TempPar_3,RH_LimbicA_TempPole_1,TempPar,LimbicA,right,right
198,168,0.005,cross_network_same_hemi,RH_TempPar_3,RH_ContA_PFCl_2,TempPar,ContA,right,right
198,170,0.005,cross_network_same_hemi,RH_TempPar_3,RH_ContB_Temp_1,TempPar,ContB,right,right
198,171,0.005,cross_network_same_hemi,RH_TempPar_3,RH_ContB_Temp_2,TempPar,ContB,right,right
198,172,0.005,cross_network_same_hemi,RH_TempPar_3,RH_ContB_IPL_1,TempPar,ContB,right,right
198,175,0.005,cross_network_same_hemi,RH_TempPar_3,RH_ContB_PFCld_2,TempPar,ContB,right,right
198,177,0.005,cross_network_same_hemi,RH_TempPar_3,RH_ContB_PFClv_2,TempPar,ContB,right,right
198,189,0.015,cross_network_same_hemi,RH_TempPar_3,RH_DefaultB_Temp_1,TempPar,DefaultB,right,right
198,226,0.005,cross_hemi_diff_network,RH_TempPar_3,pGP-lh,TempPar,Pallidum_post,right,left
198,227,0.005,cross_hemi_diff_network,RH_TempPar_3,aGP-lh,TempPar,Pallidum_ant,right,left
199,3,0.005,cross_hemi_diff_network,RH_TempPar_4,LH_VisCent_ExStr_3,TempPar,VisCent,right,left
199,8,0.005,cross_hemi_diff_network,RH_TempPar_4,LH_VisPeri_ExStrInf_3,TempPar,VisPeri,right,left
199,22,0.005,cross_hemi_diff_network,RH_TempPar_4,LH_SomMotB_S2_1,TempPar,SomMotB,right,left
199,85,0.005,cross_hemi_diff_network,RH_TempPar_4,LH_DefaultB_Temp_4,TempPar,DefaultB,right,left
199,92,0.005,cross_hemi_diff_network,RH_TempPar_4,LH_DefaultB_PFCv_2,TempPar,DefaultB,right,left
199,99,0.005,within_network,RH_TempPar_4,LH_TempPar_2,TempPar,TempPar,right,left
199,103,0.005,cross_network_same_hemi,RH_TempPar_4,RH_VisCent_ExStr_3,TempPar,VisCent,right,right
199,123,0.005,cross_network_same_hemi,RH_TempPar_4,RH_SomMotB_Aud_1,TempPar,SomMotB,right,right
199,131,0.005,cross_network_same_hemi,RH_TempPar_4,RH_DorsAttnA_ParOcc_1,TempPar,DorsAttnA,right,right
199,152,0.005,cross_network_same_hemi,RH_TempPar_4,RH_SalVentAttnB_PFCl_1,TempPar,SalVentAttnB,right,right
199,174,0.005,cross_network_same_hemi,RH_TempPar_4,RH_ContB_PFCld_1,TempPar,ContB,right,right
199,183,0.005,cross_network_same_hemi,RH_TempPar_4,RH_DefaultA_IPL_1,TempPar,DefaultA,right,right
199,197,0.005,within_network,RH_TempPar_4,RH_TempPar_2,TempPar,TempPar,right,right
199,201,0.02,cross_network_same_hemi,RH_TempPar_4,pHIP-rh,TempPar,Hippocampus_post,right,right
199,203,0.005,cross_network_same_hemi,RH_TempPar_4,mAMY-rh,TempPar,Amygdala_med,right,right
199,204,0.005,cross_network_same_hemi,RH_TempPar_4,THA-DP-rh,TempPar,Thalamus_DP,right,right
199,210,0.01,cross_network_same_hemi,RH_TempPar_4,pGP-rh,TempPar,Pallidum_post,right,right
199,211,0.005,cross_network_same_hemi,RH_TempPar_4,aGP-rh,TempPar,Pallidum_ant,right,right
199,221,0.005,cross_hemi_diff_network,RH_TempPar_4,THA-VP-lh,TempPar,Thalamus_VP,right,left
199,229,0.005,cross_hemi_diff_network,RH_TempPar_4,pPUT-lh,TempPar,Putamen_post,right,left
200,47,0.005,cross_hemi_diff_network,aHIP-rh,LH_SalVentAttnB_PFCl_1,Hippocampus_ant,SalVentAttnB,right,left
200,50,0.01,cross_hemi_diff_network,aHIP-rh,LH_LimbicB_OFC_1,Hippocampus_ant,LimbicB,right,left
200,52,0.015,cross_hemi_diff_network,aHIP-rh,LH_LimbicA_TempPole_1,Hippocampus_ant,LimbicA,right,left
200,53,0.01,cross_hemi_diff_network,aHIP-rh,LH_LimbicA_TempPole_2,Hippocampus_ant,LimbicA,right,left
200,54,0.01,cross_hemi_diff_network,aHIP-rh,LH_LimbicA_TempPole_3,Hippocampus_ant,LimbicA,right,left
200,83,0.005,cross_hemi_diff_network,aHIP-rh,LH_DefaultB_Temp_2,Hippocampus_ant,DefaultB,right,left
200,92,0.005,cross_hemi_diff_network,aHIP-rh,LH_DefaultB_PFCv_2,Hippocampus_ant,DefaultB,right,left
200,159,0.005,cross_network_same_hemi,aHIP-rh,RH_LimbicB_OFC_4,Hippocampus_ant,LimbicB,right,right
200,160,0.005,cross_network_same_hemi,aHIP-rh,RH_LimbicA_TempPole_1,Hippocampus_ant,LimbicA,right,right
200,161,0.005,cross_network_same_hemi,aHIP-rh,RH_LimbicA_TempPole_2,Hippocampus_ant,LimbicA,right,right
200,162,0.005,cross_network_same_hemi,aHIP-rh,RH_LimbicA_TempPole_3,Hippocampus_ant,LimbicA,right,right
200,187,0.005,cross_network_same_hemi,aHIP-rh,RH_DefaultA_PFCm_2,Hippocampus_ant,DefaultA,right,right
200,203,0.005,cross_network_same_hemi,aHIP-rh,mAMY-rh,Hippocampus_ant,Amygdala_med,right,right
200,210,0.005,cross_network_same_hemi,aHIP-rh,pGP-rh,Hippocampus_ant,Pallidum_post,right,right
200,217,0.02,cross_hemi_diff_network,aHIP-rh,pHIP-lh,Hippocampus_ant,Hippocampus_post,right,left
200,218,0.015,cross_hemi_diff_network,aHIP-rh,lAMY-lh,Hippocampus_ant,Amygdala_lat,right,left
200,219,0.01,cross_hemi_diff_network,aHIP-rh,mAMY-lh,Hippocampus_ant,Amygdala_med,right,left
200,220,0.005,cross_hemi_diff_network,aHIP-rh,THA-DP-lh,Hippocampus_ant,Thalamus_DP,right,left
200,224,0.015,cross_hemi_diff_network,aHIP-rh,NAc-shell-lh,Hippocampus_ant,Accumbens_shell,right,left
201,8,0.01,cross_hemi_diff_network,pHIP-rh,LH_VisPeri_ExStrInf_3,Hippocampus_post,VisPeri,right,left
201,41,0.005,cross_hemi_diff_network,pHIP-rh,LH_SalVentAttnA_FrOper_1,Hippocampus_post,SalVentAttnA,right,left
201,50,0.015,cross_hemi_diff_network,pHIP-rh,LH_LimbicB_OFC_1,Hippocampus_post,LimbicB,right,left
201,53,0.005,cross_hemi_diff_network,pHIP-rh,LH_LimbicA_TempPole_2,Hippocampus_post,LimbicA,right,left
201,54,0.005,cross_hemi_diff_network,pHIP-rh,LH_LimbicA_TempPole_3,Hippocampus_post,LimbicA,right,left
201,55,0.005,cross_hemi_diff_network,pHIP-rh,LH_LimbicA_TempPole_4,Hippocampus_post,LimbicA,right,left
201,77,0.005,cross_hemi_diff_network,pHIP-rh,LH_DefaultA_pCunPCC_2,Hippocampus_post,DefaultA,right,left
201,86,0.005,cross_hemi_diff_network,pHIP-rh,LH_DefaultB_IPL_1,Hippocampus_post,DefaultB,right,left
201,92,0.005,cross_hemi_diff_network,pHIP-rh,LH_DefaultB_PFCv_2,Hippocampus_post,DefaultB,right,left
201,118,0.005,cross_network_same_hemi,pHIP-rh,RH_SomMotA_7,Hippocampus_post,SomMotA,right,right
201,143,0.005,cross_network_same_hemi,pHIP-rh,RH_SalVentAttnA_Ins_1,Hippocampus_post,SalVentAttnA,right,right
201,156,0.005,cross_network_same_hemi,pHIP-rh,RH_LimbicB_OFC_1,Hippocampus_post,LimbicB,right,right
201,160,0.005,cross_network_same_hemi,pHIP-rh,RH_LimbicA_TempPole_1,Hippocampus_post,LimbicA,right,right
201,161,0.01,cross_network_same_hemi,pHIP-rh,RH_LimbicA_TempPole_2,Hippocampus_post,LimbicA,right,right
201,162,0.015,cross_network_same_hemi,pHIP-rh,RH_LimbicA_TempPole_3,Hippocampus_post,LimbicA,right,right
201,169,0.01,cross_network_same_hemi,pHIP-rh,RH_ContA_Cingm_1,Hippocampus_post,ContA,right,right
201,187,0.01,cross_network_same_hemi,pHIP-rh,RH_DefaultA_PFCm_2,Hippocampus_post,DefaultA,right,right
201,202,0.03,cross_network_same_hemi,pHIP-rh,lAMY-rh,Hippocampus_post,Amygdala_lat,right,right
201,203,0.01,cross_network_same_hemi,pHIP-rh,mAMY-rh,Hippocampus_post,Amygdala_med,right,right
201,204,0.005,cross_network_same_hemi,pHIP-rh,THA-DP-rh,Hippocampus_post,Thalamus_DP,right,right
201,205,0.01,cross_network_same_hemi,pHIP-rh,THA-VP-rh,Hippocampus_post,Thalamus_VP,right,right
201,206,0.005,cross_network_same_hemi,pHIP-rh,THA-VA-rh,Hippocampus_post,Thalamus_VA,right,right
201,208,0.01,cross_network_same_hemi,pHIP-rh,NAc-shell-rh,Hippocampus_post,Accumbens_shell,right,right
201,209,0.01,cross_network_same_hemi,pHIP-rh,NAc-core-rh,Hippocampus_post,Accumbens_core,right,right
201,216,0.02,cross_hemi_diff_network,pHIP-rh,aHIP-lh,Hippocampus_post,Hippocampus_ant,right,left
201,218,0.01,cross_hemi_diff_network,pHIP-rh,lAMY-lh,Hippocampus_post,Amygdala_lat,right,left
201,220,0.03,cross_hemi_diff_network,pHIP-rh,THA-DP-lh,Hippocampus_post,Thalamus_DP,right,left
201,224,0.015,cross_hemi_diff_network,pHIP-rh,NAc-shell-lh,Hippocampus_post,Accumbens_shell,right,left
201,225,0.005,cross_hemi_diff_network,pHIP-rh,NAc-core-lh,Hippocampus_post,Accumbens_core,right,left
201,226,0.005,cross_hemi_diff_network,pHIP-rh,pGP-lh,Hippocampus_post,Pallidum_post,right,left
201,227,0.02,cross_hemi_diff_network,pHIP-rh,aGP-lh,Hippocampus_post,Pallidum_ant,right,left
201,229,0.005,cross_hemi_diff_network,pHIP-rh,pPUT-lh,Hippocampus_post,Putamen_post,right,left
201,230,0.005,cross_hemi_diff_network,pHIP-rh,aCAU-lh,Hippocampus_post,Caudate_ant,right,left
202,8,0.01,cross_hemi_diff_network,lAMY-rh,LH_VisPeri_ExStrInf_3,Amygdala_lat,VisPeri,right,left
202,29,0.005,cross_hemi_diff_network,lAMY-rh,LH_DorsAttnA_TempOcc_2,Amygdala_lat,DorsAttnA,right,left
202,51,0.005,cross_hemi_diff_network,lAMY-rh,LH_LimbicB_OFC_2,Amygdala_lat,LimbicB,right,left
202,52,0.005,cross_hemi_diff_network,lAMY-rh,LH_LimbicA_TempPole_1,Amygdala_lat,LimbicA,right,left
202,53,0.02,cross_hemi_diff_network,lAMY-rh,LH_LimbicA_TempPole_2,Amygdala_lat,LimbicA,right,left
202,54,0.03,cross_hemi_diff_network,lAMY-rh,LH_LimbicA_TempPole_3,Amygdala_lat,LimbicA,right,left
202,131,0.005,cross_network_same_hemi,lAMY-rh,RH_DorsAttnA_ParOcc_1,Amygdala_lat,DorsAttnA,right,right
202,161,0.02,cross_network_same_hemi,lAMY-rh,RH_LimbicA_TempPole_2,Amygdala_lat,LimbicA,right,right
202,162,0.02,cross_network_same_hemi,lAMY-rh,RH_LimbicA_TempPole_3,Amygdala_lat,LimbicA,right,right
202,163,0.005,cross_network_same_hemi,lAMY-rh,RH_LimbicA_TempPole_4,Amygdala_lat,LimbicA,right,right
202,169,0.005,cross_network_same_hemi,lAMY-rh,RH_ContA_Cingm_1,Amygdala_lat,ContA,right,right
202,176,0.005,cross_network_same_hemi,lAMY-rh,RH_ContB_PFClv_1,Amygdala_lat,ContB,right,right
202,187,0.005,cross_network_same_hemi,lAMY-rh,RH_DefaultA_PFCm_2,Amygdala_lat,DefaultA,right,right
202,201,0.02,cross_network_same_hemi,lAMY-rh,pHIP-rh,Amygdala_lat,Hippocampus_post,right,right
202,204,0.01,cross_network_same_hemi,lAMY-rh,THA-DP-rh,Amygdala_lat,Thalamus_DP,right,right
202,205,0.02,cross_network_same_hemi,lAMY-rh,THA-VP-rh,Amygdala_lat,Thalamus_VP,right,right
202,208,0.01,cross_network_same_hemi,lAMY-rh,NAc-shell-rh,Amygdala_lat,Accumbens_shell,right,right
202,210,0.025,cross_network_same_hemi,lAMY-rh,pGP-rh,Amygdala_lat,Pallidum_post,right,right
202,211,0.015,cross_network_same_hemi,lAMY-rh,aGP-rh,Amygdala_lat,Pallidum_ant,right,right
202,216,0.015,cross_hemi_diff_network,lAMY-rh,aHIP-lh,Amygdala_lat,Hippocampus_ant,right,left
202,217,0.035,cross_hemi_diff_network,lAMY-rh,pHIP-lh,Amygdala_lat,Hippocampus_post,right,left
202,218,0.015,within_network,lAMY-rh,lAMY-lh,Amygdala_lat,Amygdala_lat,right,left
202,219,0.03,cross_hemi_diff_network,lAMY-rh,mAMY-lh,Amygdala_lat,Amygdala_med,right,left
202,220,0.015,cross_hemi_diff_network,lAMY-rh,THA-DP-lh,Amygdala_lat,Thalamus_DP,right,left
202,224,0.005,cross_hemi_diff_network,lAMY-rh,NAc-shell-lh,Amygdala_lat,Accumbens_shell,right,left
202,227,0.01,cross_hemi_diff_network,lAMY-rh,aGP-lh,Amygdala_lat,Pallidum_ant,right,left
203,52,0.03,cross_hemi_diff_network,mAMY-rh,LH_LimbicA_TempPole_1,Amygdala_med,LimbicA,right,left
203,53,0.015,cross_hemi_diff_network,mAMY-rh,LH_LimbicA_TempPole_2,Amygdala_med,LimbicA,right,left
203,54,0.02,cross_hemi_diff_network,mAMY-rh,LH_LimbicA_TempPole_3,Amygdala_med,LimbicA,right,left
203,55,0.005,cross_hemi_diff_network,mAMY-rh,LH_LimbicA_TempPole_4,Amygdala_med,LimbicA,right,left
203,60,0.005,cross_hemi_diff_network,mAMY-rh,LH_ContA_PFCd_1,Amygdala_med,ContA,right,left
203,97,0.005,cross_hemi_diff_network,mAMY-rh,LH_DefaultC_PHC_1,Amygdala_med,DefaultC,right,left
203,114,0.005,cross_network_same_hemi,mAMY-rh,RH_SomMotA_3,Amygdala_med,SomMotA,right,right
203,156,0.005,cross_network_same_hemi,mAMY-rh,RH_LimbicB_OFC_1,Amygdala_med,LimbicB,right,right
203,160,0.01,cross_network_same_hemi,mAMY-rh,RH_LimbicA_TempPole_1,Amygdala_med,LimbicA,right,right
203,162,0.015,cross_network_same_hemi,mAMY-rh,RH_LimbicA_TempPole_3,Amygdala_med,LimbicA,right,right
203,201,0.01,cross_network_same_hemi,mAMY-rh,pHIP-rh,Amygdala_med,Hippocampus_post,right,right
203,202,0.005,cross_network_same_hemi,mAMY-rh,lAMY-rh,Amygdala_med,Amygdala_lat,right,right
203,204,0.005,cross_network_same_hemi,mAMY-rh,THA-DP-rh,Amygdala_med,Thalamus_DP,right,right
203,207,0.005,cross_network_same_hemi,mAMY-rh,THA-DA-rh,Amygdala_med,Thalamus_DA,right,right
203,209,0.005,cross_network_same_hemi,mAMY-rh,NAc-core-rh,Amygdala_med,Accumbens_core,right,right
203,210,0.01,cross_network_same_hemi,mAMY-rh,pGP-rh,Amygdala_med,Pallidum_post,right,right
203,211,0.005,cross_network_same_hemi,mAMY-rh,aGP-rh,Amygdala_med,Pallidum_ant,right,right
203,216,0.005,cross_hemi_diff_network,mAMY-rh,aHIP-lh,Amygdala_med,Hippocampus_ant,right,left
203,217,0.015,cross_hemi_diff_network,mAMY-rh,pHIP-lh,Amygdala_med,Hippocampus_post,right,left
203,218,0.01,cross_hemi_diff_network,mAMY-rh,lAMY-lh,Amygdala_med,Amygdala_lat,right,left
203,220,0.01,cross_hemi_diff_network,mAMY-rh,THA-DP-lh,Amygdala_med,Thalamus_DP,right,left
204,0,0.005,cross_hemi_diff_network,THA-DP-rh,LH_VisCent_ExStr_2,Thalamus_DP,VisCent,right,left
204,14,0.005,cross_hemi_diff_network,THA-DP-rh,LH_SomMotA_3,Thalamus_DP,SomMotA,right,left
204,29,0.005,cross_hemi_diff_network,THA-DP-rh,LH_DorsAttnA_TempOcc_2,Thalamus_DP,DorsAttnA,right,left
204,30,0.005,cross_hemi_diff_network,THA-DP-rh,LH_DorsAttnA_ParOcc_1,Thalamus_DP,DorsAttnA,right,left
204,38,0.005,cross_hemi_diff_network,THA-DP-rh,LH_DorsAttnB_FEF_1,Thalamus_DP,DorsAttnB,right,left
204,54,0.005,cross_hemi_diff_network,THA-DP-rh,LH_LimbicA_TempPole_3,Thalamus_DP,LimbicA,right,left
204,56,0.01,cross_hemi_diff_network,THA-DP-rh,LH_ContA_Temp_1,Thalamus_DP,ContA,right,left
204,97,0.005,cross_hemi_diff_network,THA-DP-rh,LH_DefaultC_PHC_1,Thalamus_DP,DefaultC,right,left
204,113,0.005,cross_network_same_hemi,THA-DP-rh,RH_SomMotA_2,Thalamus_DP,SomMotA,right,right
204,120,0.005,cross_network_same_hemi,THA-DP-rh,RH_SomMotA_9,Thalamus_DP,SomMotA,right,right
204,125,0.005,cross_network_same_hemi,THA-DP-rh,RH_SomMotB_S2_1,Thalamus_DP,SomMotB,right,right
204,142,0.005,cross_network_same_hemi,THA-DP-rh,RH_SalVentAttnA_PrC_1,Thalamus_DP,SalVentAttnA,right,right
204,143,0.01,cross_network_same_hemi,THA-DP-rh,RH_SalVentAttnA_Ins_1,Thalamus_DP,SalVentAttnA,right,right
204,160,0.005,cross_network_same_hemi,THA-DP-rh,RH_LimbicA_TempPole_1,Thalamus_DP,LimbicA,right,right
204,163,0.005,cross_network_same_hemi,THA-DP-rh,RH_LimbicA_TempPole_4,Thalamus_DP,LimbicA,right,right
204,199,0.005,cross_network_same_hemi,THA-DP-rh,RH_TempPar_4,Thalamus_DP,TempPar,right,right
204,201,0.01,cross_network_same_hemi,THA-DP-rh,pHIP-rh,Thalamus_DP,Hippocampus_post,right,right
204,203,0.02,cross_network_same_hemi,THA-DP-rh,mAMY-rh,Thalamus_DP,Amygdala_med,right,right
204,205,0.01,cross_network_same_hemi,THA-DP-rh,THA-VP-rh,Thalamus_DP,Thalamus_VP,right,right
204,208,0.005,cross_network_same_hemi,THA-DP-rh,NAc-shell-rh,Thalamus_DP,Accumbens_shell,right,right
204,210,0.015,cross_network_same_hemi,THA-DP-rh,pGP-rh,Thalamus_DP,Pallidum_post,right,right
204,211,0.03,cross_network_same_hemi,THA-DP-rh,aGP-rh,Thalamus_DP,Pallidum_ant,right,right
204,217,0.01,cross_hemi_diff_network,THA-DP-rh,pHIP-lh,Thalamus_DP,Hippocampus_post,right,left
204,218,0.015,cross_hemi_diff_network,THA-DP-rh,lAMY-lh,Thalamus_DP,Amygdala_lat,right,left
204,219,0.015,cross_hemi_diff_network,THA-DP-rh,mAMY-lh,Thalamus_DP,Amygdala_med,right,left
204,220,0.005,within_network,THA-DP-rh,THA-DP-lh,Thalamus_DP,Thalamus_DP,right,left
204,221,0.04,cross_hemi_diff_network,THA-DP-rh,THA-VP-lh,Thalamus_DP,Thalamus_VP,right,left
204,225,0.005,cross_hemi_diff_network,THA-DP-rh,NAc-core-lh,Thalamus_DP,Accumbens_core,right,left
204,226,0.025,cross_hemi_diff_network,THA-DP-rh,pGP-lh,Thalamus_DP,Pallidum_post,right,left
204,227,0.025,cross_hemi_diff_network,THA-DP-rh,aGP-lh,Thalamus_DP,Pallidum_ant,right,left
205,8,0.005,cross_hemi_diff_network,THA-VP-rh,LH_VisPeri_ExStrInf_3,Thalamus_VP,VisPeri,right,left
205,14,0.005,cross_hemi_diff_network,THA-VP-rh,LH_SomMotA_3,Thalamus_VP,SomMotA,right,left
205,30,0.005,cross_hemi_diff_network,THA-VP-rh,LH_DorsAttnA_ParOcc_1,Thalamus_VP,DorsAttnA,right,left
205,36,0.005,cross_hemi_diff_network,THA-VP-rh,LH_DorsAttnB_PostC_3,Thalamus_VP,DorsAttnB,right,left
205,40,0.005,cross_hemi_diff_network,THA-VP-rh,LH_SalVentAttnA_Ins_1,Thalamus_VP,SalVentAttnA,right,left
205,45,0.005,cross_hemi_diff_network,THA-VP-rh,LH_SalVentAttnA_FrMed_2,Thalamus_VP,SalVentAttnA,right,left
205,54,0.005,cross_hemi_diff_network,THA-VP-rh,LH_LimbicA_TempPole_3,Thalamus_VP,LimbicA,right,left
205,55,0.005,cross_hemi_diff_network,THA-VP-rh,LH_LimbicA_TempPole_4,Thalamus_VP,LimbicA,right,left
205,65,0.005,cross_hemi_diff_network,THA-VP-rh,LH_ContA_Cingm_1,Thalamus_VP,ContA,right,left
205,118,0.005,cross_network_same_hemi,THA-VP-rh,RH_SomMotA_7,Thalamus_VP,SomMotA,right,right
205,120,0.005,cross_network_same_hemi,THA-VP-rh,RH_SomMotA_9,Thalamus_VP,SomMotA,right,right
205,128,0.005,cross_network_same_hemi,THA-VP-rh,RH_SomMotB_S2_4,Thalamus_VP,SomMotB,right,right
205,143,0.015,cross_network_same_hemi,THA-VP-rh,RH_SalVentAttnA_Ins_1,Thalamus_VP,SalVentAttnA,right,right
205,147,0.005,cross_network_same_hemi,THA-VP-rh,RH_SalVentAttnA_ParMed_1,Thalamus_VP,SalVentAttnA,right,right
205,160,0.005,cross_network_same_hemi,THA-VP-rh,RH_LimbicA_TempPole_1,Thalamus_VP,LimbicA,right,right
205,187,0.015,cross_network_same_hemi,THA-VP-rh,RH_DefaultA_PFCm_2,Thalamus_VP,DefaultA,right,right
205,201,0.025,cross_network_same_hemi,THA-VP-rh,pHIP-rh,Thalamus_VP,Hippocampus_post,right,right
205,204,0.01,cross_network_same_hemi,THA-VP-rh,THA-DP-rh,Thalamus_VP,Thalamus_DP,right,right
205,207,0.005,cross_network_same_hemi,THA-VP-rh,THA-DA-rh,Thalamus_VP,Thalamus_DA,right,right
205,210,0.025,cross_network_same_hemi,THA-VP-rh,pGP-rh,Thalamus_VP,Pallidum_post,right,right
205,211,0.025,cross_network_same_hemi,THA-VP-rh,aGP-rh,Thalamus_VP,Pallidum_ant,right,right
205,212,0.005,cross_network_same_hemi,THA-VP-rh,aPUT-rh,Thalamus_VP,Putamen_ant,right,right
205,217,0.005,cross_hemi_diff_network,THA-VP-rh,pHIP-lh,Thalamus_VP,Hippocampus_post,right,left
205,220,0.025,cross_hemi_diff_network,THA-VP-rh,THA-DP-lh,Thalamus_VP,Thalamus_DP,right,left
205,223,0.02,cross_hemi_diff_network,THA-VP-rh,THA-DA-lh,Thalamus_VP,Thalamus_DA,right,left
205,226,0.035,cross_hemi_diff_network,THA-VP-rh,pGP-lh,Thalamus_VP,Pallidum_post,right,left
205,227,0.035,cross_hemi_diff_network,THA-VP-rh,aGP-lh,Thalamus_VP,Pallidum_ant,right,left
205,229,0.005,cross_hemi_diff_network,THA-VP-rh,pPUT-lh,Thalamus_VP,Putamen_post,right,left
206,36,0.005,cross_hemi_diff_network,THA-VA-rh,LH_DorsAttnB_PostC_3,Thalamus_VA,DorsAttnB,right,left
206,40,0.005,cross_hemi_diff_network,THA-VA-rh,LH_SalVentAttnA_Ins_1,Thalamus_VA,SalVentAttnA,right,left
206,55,0.005,cross_hemi_diff_network,THA-VA-rh,LH_LimbicA_TempPole_4,Thalamus_VA,LimbicA,right,left
206,142,0.01,cross_network_same_hemi,THA-VA-rh,RH_SalVentAttnA_PrC_1,Thalamus_VA,SalVentAttnA,right,right
206,143,0.005,cross_network_same_hemi,THA-VA-rh,RH_SalVentAttnA_Ins_1,Thalamus_VA,SalVentAttnA,right,right
206,153,0.01,cross_network_same_hemi,THA-VA-rh,RH_SalVentAttnB_Ins_1,Thalamus_VA,SalVentAttnB,right,right
206,160,0.005,cross_network_same_hemi,THA-VA-rh,RH_LimbicA_TempPole_1,Thalamus_VA,LimbicA,right,right
206,169,0.005,cross_network_same_hemi,THA-VA-rh,RH_ContA_Cingm_1,Thalamus_VA,ContA,right,right
206,183,0.005,cross_network_same_hemi,THA-VA-rh,RH_DefaultA_IPL_1,Thalamus_VA,DefaultA,right,right
206,187,0.005,cross_network_same_hemi,THA-VA-rh,RH_DefaultA_PFCm_2,Thalamus_VA,DefaultA,right,right
206,204,0.01,cross_network_same_hemi,THA-VA-rh,THA-DP-rh,Thalamus_VA,Thalamus_DP,right,right
206,207,0.005,cross_network_same_hemi,THA-VA-rh,THA-DA-rh,Thalamus_VA,Thalamus_DA,right,right
206,209,0.005,cross_network_same_hemi,THA-VA-rh,NAc-core-rh,Thalamus_VA,Accumbens_core,right,right
206,211,0.02,cross_network_same_hemi,THA-VA-rh,aGP-rh,Thalamus_VA,Pallidum_ant,right,right
206,214,0.005,cross_network_same_hemi,THA-VA-rh,aCAU-rh,Thalamus_VA,Caudate_ant,right,right
206,218,0.005,cross_hemi_diff_network,THA-VA-rh,lAMY-lh,Thalamus_VA,Amygdala_lat,right,left
206,221,0.035,cross_hemi_diff_network,THA-VA-rh,THA-VP-lh,Thalamus_VA,Thalamus_VP,right,left
206,224,0.01,cross_hemi_diff_network,THA-VA-rh,NAc-shell-lh,Thalamus_VA,Accumbens_shell,right,left
206,226,0.01,cross_hemi_diff_network,THA-VA-rh,pGP-lh,Thalamus_VA,Pallidum_post,right,left
206,227,0.015,cross_hemi_diff_network,THA-VA-rh,aGP-lh,Thalamus_VA,Pallidum_ant,right,left
207,16,0.005,cross_hemi_diff_network,THA-DA-rh,LH_SomMotA_5,Thalamus_DA,SomMotA,right,left
207,33,0.005,cross_hemi_diff_network,THA-DA-rh,LH_DorsAttnA_SPL_3,Thalamus_DA,DorsAttnA,right,left
207,38,0.005,cross_hemi_diff_network,THA-DA-rh,LH_DorsAttnB_FEF_1,Thalamus_DA,DorsAttnB,right,left
207,48,0.005,cross_hemi_diff_network,THA-DA-rh,LH_SalVentAttnB_Ins_1,Thalamus_DA,SalVentAttnB,right,left
207,59,0.005,cross_hemi_diff_network,THA-DA-rh,LH_ContA_IPS_3,Thalamus_DA,ContA,right,left
207,109,0.005,cross_network_same_hemi,THA-DA-rh,RH_VisPeri_ExStrSup_1,Thalamus_DA,VisPeri,right,right
207,114,0.005,cross_network_same_hemi,THA-DA-rh,RH_SomMotA_3,Thalamus_DA,SomMotA,right,right
207,131,0.005,cross_network_same_hemi,THA-DA-rh,RH_DorsAttnA_ParOcc_1,Thalamus_DA,DorsAttnA,right,right
207,140,0.005,cross_network_same_hemi,THA-DA-rh,RH_DorsAttnB_FEF_1,Thalamus_DA,DorsAttnB,right,right
207,143,0.01,cross_network_same_hemi,THA-DA-rh,RH_SalVentAttnA_Ins_1,Thalamus_DA,SalVentAttnA,right,right
207,150,0.005,cross_network_same_hemi,THA-DA-rh,RH_SalVentAttnB_IPL_1,Thalamus_DA,SalVentAttnB,right,right
207,197,0.005,cross_network_same_hemi,THA-DA-rh,RH_TempPar_2,Thalamus_DA,TempPar,right,right
207,198,0.005,cross_network_same_hemi,THA-DA-rh,RH_TempPar_3,Thalamus_DA,TempPar,right,right
207,201,0.01,cross_network_same_hemi,THA-DA-rh,pHIP-rh,Thalamus_DA,Hippocampus_post,right,right
207,202,0.01,cross_network_same_hemi,THA-DA-rh,lAMY-rh,Thalamus_DA,Amygdala_lat,right,right
207,204,0.005,cross_network_same_hemi,THA-DA-rh,THA-DP-rh,Thalamus_DA,Thalamus_DP,right,right
207,210,0.015,cross_network_same_hemi,THA-DA-rh,pGP-rh,Thalamus_DA,Pallidum_post,right,right
207,211,0.005,cross_network_same_hemi,THA-DA-rh,aGP-rh,Thalamus_DA,Pallidum_ant,right,right
207,217,0.005,cross_hemi_diff_network,THA-DA-rh,pHIP-lh,Thalamus_DA,Hippocampus_post,right,left
207,218,0.005,cross_hemi_diff_network,THA-DA-rh,lAMY-lh,Thalamus_DA,Amygdala_lat,right,left
207,220,0.01,cross_hemi_diff_network,THA-DA-rh,THA-DP-lh,Thalamus_DA,Thalamus_DP,right,left
207,221,0.01,cross_hemi_diff_network,THA-DA-rh,THA-VP-lh,Thalamus_DA,Thalamus_VP,right,left
207,226,0.005,cross_hemi_diff_network,THA-DA-rh,pGP-lh,Thalamus_DA,Pallidum_post,right,left
207,227,0.005,cross_hemi_diff_network,THA-DA-rh,aGP-lh,Thalamus_DA,Pallidum_ant,right,left
208,12,0.005,cross_hemi_diff_network,NAc-shell-rh,LH_SomMotA_1,Accumbens_shell,SomMotA,right,left
208,22,0.005,cross_hemi_diff_network,NAc-shell-rh,LH_SomMotB_S2_1,Accumbens_shell,SomMotB,right,left
208,38,0.005,cross_hemi_diff_network,NAc-shell-rh,LH_DorsAttnB_FEF_1,Accumbens_shell,DorsAttnB,right,left
208,50,0.01,cross_hemi_diff_network,NAc-shell-rh,LH_LimbicB_OFC_1,Accumbens_shell,LimbicB,right,left
208,55,0.005,cross_hemi_diff_network,NAc-shell-rh,LH_LimbicA_TempPole_4,Accumbens_shell,LimbicA,right,left
208,70,0.005,cross_hemi_diff_network,NAc-shell-rh,LH_ContB_PFClv_2,Accumbens_shell,ContB,right,left
208,91,0.005,cross_hemi_diff_network,NAc-shell-rh,LH_DefaultB_PFCv_1,Accumbens_shell,DefaultB,right,left
208,92,0.005,cross_hemi_diff_network,NAc-shell-rh,LH_DefaultB_PFCv_2,Accumbens_shell,DefaultB,right,left
208,99,0.005,cross_hemi_diff_network,NAc-shell-rh,LH_TempPar_2,Accumbens_shell,TempPar,right,left
208,118,0.005,cross_network_same_hemi,NAc-shell-rh,RH_SomMotA_7,Accumbens_shell,SomMotA,right,right
208,140,0.005,cross_network_same_hemi,NAc-shell-rh,RH_DorsAttnB_FEF_1,Accumbens_shell,DorsAttnB,right,right
208,143,0.005,cross_network_same_hemi,NAc-shell-rh,RH_SalVentAttnA_Ins_1,Accumbens_shell,SalVentAttnA,right,right
208,153,0.01,cross_network_same_hemi,NAc-shell-rh,RH_SalVentAttnB_Ins_1,Accumbens_shell,SalVentAttnB,right,right
208,159,0.005,cross_network_same_hemi,NAc-shell-rh,RH_LimbicB_OFC_4,Accumbens_shell,LimbicB,right,right
208,162,0.005,cross_network_same_hemi,NAc-shell-rh,RH_LimbicA_TempPole_3,Accumbens_shell,LimbicA,right,right
208,169,0.005,cross_network_same_hemi,NAc-shell-rh,RH_ContA_Cingm_1,Accumbens_shell,ContA,right,right
208,187,0.01,cross_network_same_hemi,NAc-shell-rh,RH_DefaultA_PFCm_2,Accumbens_shell,DefaultA,right,right
208,196,0.005,cross_network_same_hemi,NAc-shell-rh,RH_TempPar_1,Accumbens_shell,TempPar,right,right
208,201,0.015,cross_network_same_hemi,NAc-shell-rh,pHIP-rh,Accumbens_shell,Hippocampus_post,right,right
208,202,0.02,cross_network_same_hemi,NAc-shell-rh,lAMY-rh,Accumbens_shell,Amygdala_lat,right,right
208,203,0.005,cross_network_same_hemi,NAc-shell-rh,mAMY-rh,Accumbens_shell,Amygdala_med,right,right
208,206,0.005,cross_network_same_hemi,NAc-shell-rh,THA-VA-rh,Accumbens_shell,Thalamus_VA,right,right
208,210,0.03,cross_network_same_hemi,NAc-shell-rh,pGP-rh,Accumbens_shell,Pallidum_post,right,right
208,211,0.015,cross_network_same_hemi,NAc-shell-rh,aGP-rh,Accumbens_shell,Pallidum_ant,right,right
208,213,0.005,cross_network_same_hemi,NAc-shell-rh,pPUT-rh,Accumbens_shell,Putamen_post,right,right
208,216,0.01,cross_hemi_diff_network,NAc-shell-rh,aHIP-lh,Accumbens_shell,Hippocampus_ant,right,left
208,217,0.015,cross_hemi_diff_network,NAc-shell-rh,pHIP-lh,Accumbens_shell,Hippocampus_post,right,left
208,218,0.01,cross_hemi_diff_network,NAc-shell-rh,lAMY-lh,Accumbens_shell,Amygdala_lat,right,left
208,221,0.005,cross_hemi_diff_network,NAc-shell-rh,THA-VP-lh,Accumbens_shell,Thalamus_VP,right,left
208,222,0.005,cross_hemi_diff_network,NAc-shell-rh,THA-VA-lh,Accumbens_shell,Thalamus_VA,right,left
208,224,0.005,within_network,NAc-shell-rh,NAc-shell-lh,Accumbens_shell,Accumbens_shell,right,left
208,225,0.025,cross_hemi_diff_network,NAc-shell-rh,NAc-core-lh,Accumbens_shell,Accumbens_core,right,left
208,226,0.005,cross_hemi_diff_network,NAc-shell-rh,pGP-lh,Accumbens_shell,Pallidum_post,right,left
208,227,0.03,cross_hemi_diff_network,NAc-shell-rh,aGP-lh,Accumbens_shell,Pallidum_ant,right,left
209,50,0.005,cross_hemi_diff_network,NAc-core-rh,LH_LimbicB_OFC_1,Accumbens_core,LimbicB,right,left
209,91,0.005,cross_hemi_diff_network,NAc-core-rh,LH_DefaultB_PFCv_1,Accumbens_core,DefaultB,right,left
209,103,0.005,cross_network_same_hemi,NAc-core-rh,RH_VisCent_ExStr_3,Accumbens_core,VisCent,right,right
209,113,0.005,cross_network_same_hemi,NAc-core-rh,RH_SomMotA_2,Accumbens_core,SomMotA,right,right
209,119,0.005,cross_network_same_hemi,NAc-core-rh,RH_SomMotA_8,Accumbens_core,SomMotA,right,right
209,143,0.005,cross_network_same_hemi,NAc-core-rh,RH_SalVentAttnA_Ins_1,Accumbens_core,SalVentAttnA,right,right
209,162,0.005,cross_network_same_hemi,NAc-core-rh,RH_LimbicA_TempPole_3,Accumbens_core,LimbicA,right,right
209,187,0.005,cross_network_same_hemi,NAc-core-rh,RH_DefaultA_PFCm_2,Accumbens_core,DefaultA,right,right
209,189,0.005,cross_network_same_hemi,NAc-core-rh,RH_DefaultB_Temp_1,Accumbens_core,DefaultB,right,right
209,204,0.01,cross_network_same_hemi,NAc-core-rh,THA-DP-rh,Accumbens_core,Thalamus_DP,right,right
209,210,0.01,cross_network_same_hemi,NAc-core-rh,pGP-rh,Accumbens_core,Pallidum_post,right,right
209,213,0.005,cross_network_same_hemi,NAc-core-rh,pPUT-rh,Accumbens_core,Putamen_post,right,right
209,215,0.005,cross_network_same_hemi,NAc-core-rh,pCAU-rh,Accumbens_core,Caudate_post,right,right
209,217,0.005,cross_hemi_diff_network,NAc-core-rh,pHIP-lh,Accumbens_core,Hippocampus_post,right,left
209,219,0.01,cross_hemi_diff_network,NAc-core-rh,mAMY-lh,Accumbens_core,Amygdala_med,right,left
209,223,0.005,cross_hemi_diff_network,NAc-core-rh,THA-DA-lh,Accumbens_core,Thalamus_DA,right,left
209,224,0.015,cross_hemi_diff_network,NAc-core-rh,NAc-shell-lh,Accumbens_core,Accumbens_shell,right,left
209,225,0.005,within_network,NAc-core-rh,NAc-core-lh,Accumbens_core,Accumbens_core,right,left
209,226,0.005,cross_hemi_diff_network,NAc-core-rh,pGP-lh,Accumbens_core,Pallidum_post,right,left
209,227,0.02,cross_hemi_diff_network,NAc-core-rh,aGP-lh,Accumbens_core,Pallidum_ant,right,left
209,230,0.005,cross_hemi_diff_network,NAc-core-rh,aCAU-lh,Accumbens_core,Caudate_ant,right,left
209,231,0.01,cross_hemi_diff_network,NAc-core-rh,pCAU-lh,Accumbens_core,Caudate_post,right,left
210,0,0.005,cross_hemi_diff_network,pGP-rh,LH_VisCent_ExStr_2,Pallidum_post,VisCent,right,left
210,8,0.01,cross_hemi_diff_network,pGP-rh,LH_VisPeri_ExStrInf_3,Pallidum_post,VisPeri,right,left
210,19,0.005,cross_hemi_diff_network,pGP-rh,LH_SomMotA_8,Pallidum_post,SomMotA,right,left
210,22,0.01,cross_hemi_diff_network,pGP-rh,LH_SomMotB_S2_1,Pallidum_post,SomMotB,right,left
210,30,0.005,cross_hemi_diff_network,pGP-rh,LH_DorsAttnA_ParOcc_1,Pallidum_post,DorsAttnA,right,left
210,43,0.005,cross_hemi_diff_network,pGP-rh,LH_SalVentAttnA_ParMed_1,Pallidum_post,SalVentAttnA,right,left
210,52,0.005,cross_hemi_diff_network,pGP-rh,LH_LimbicA_TempPole_1,Pallidum_post,LimbicA,right,left
210,53,0.01,cross_hemi_diff_network,pGP-rh,LH_LimbicA_TempPole_2,Pallidum_post,LimbicA,right,left
210,55,0.01,cross_hemi_diff_network,pGP-rh,LH_LimbicA_TempPole_4,Pallidum_post,LimbicA,right,left
210,56,0.01,cross_hemi_diff_network,pGP-rh,LH_ContA_Temp_1,Pallidum_post,ContA,right,left
210,61,0.01,cross_hemi_diff_network,pGP-rh,LH_ContA_PFClv_1,Pallidum_post,ContA,right,left
210,64,0.01,cross_hemi_diff_network,pGP-rh,LH_ContA_PFCl_3,Pallidum_post,ContA,right,left
210,86,0.005,cross_hemi_diff_network,pGP-rh,LH_DefaultB_IPL_1,Pallidum_post,DefaultB,right,left
210,92,0.005,cross_hemi_diff_network,pGP-rh,LH_DefaultB_PFCv_2,Pallidum_post,DefaultB,right,left
210,99,0.005,cross_hemi_diff_network,pGP-rh,LH_TempPar_2,Pallidum_post,TempPar,right,left
210,107,0.005,cross_network_same_hemi,pGP-rh,RH_VisPeri_ExStrInf_2,Pallidum_post,VisPeri,right,right
210,113,0.005,cross_network_same_hemi,pGP-rh,RH_SomMotA_2,Pallidum_post,SomMotA,right,right
210,116,0.005,cross_network_same_hemi,pGP-rh,RH_SomMotA_5,Pallidum_post,SomMotA,right,right
210,118,0.005,cross_network_same_hemi,pGP-rh,RH_SomMotA_7,Pallidum_post,SomMotA,right,right
210,131,0.005,cross_network_same_hemi,pGP-rh,RH_DorsAttnA_ParOcc_1,Pallidum_post,DorsAttnA,right,right
210,144,0.005,cross_network_same_hemi,pGP-rh,RH_SalVentAttnA_Ins_2,Pallidum_post,SalVentAttnA,right,right
210,152,0.005,cross_network_same_hemi,pGP-rh,RH_SalVentAttnB_PFCl_1,Pallidum_post,SalVentAttnB,right,right
210,153,0.015,cross_network_same_hemi,pGP-rh,RH_SalVentAttnB_Ins_1,Pallidum_post,SalVentAttnB,right,right
210,161,0.02,cross_network_same_hemi,pGP-rh,RH_LimbicA_TempPole_2,Pallidum_post,LimbicA,right,right
210,162,0.01,cross_network_same_hemi,pGP-rh,RH_LimbicA_TempPole_3,Pallidum_post,LimbicA,right,right
210,176,0.005,cross_network_same_hemi,pGP-rh,RH_ContB_PFClv_1,Pallidum_post,ContB,right,right
210,183,0.005,cross_network_same_hemi,pGP-rh,RH_DefaultA_IPL_1,Pallidum_post,DefaultA,right,right
210,187,0.01,cross_network_same_hemi,pGP-rh,RH_DefaultA_PFCm_2,Pallidum_post,DefaultA,right,right
210,198,0.005,cross_network_same_hemi,pGP-rh,RH_TempPar_3,Pallidum_post,TempPar,right,right
210,201,0.01,cross_network_same_hemi,pGP-rh,pHIP-rh,Pallidum_post,Hippocampus_post,right,right
210,202,0.025,cross_network_same_hemi,pGP-rh,lAMY-rh,Pallidum_post,Amygdala_lat,right,right
210,204,0.03,cross_network_same_hemi,pGP-rh,THA-DP-rh,Pallidum_post,Thalamus_DP,right,right
210,205,0.015,cross_network_same_hemi,pGP-rh,THA-VP-rh,Pallidum_post,Thalamus_VP,right,right
210,207,0.015,cross_network_same_hemi,pGP-rh,THA-DA-rh,Pallidum_post,Thalamus_DA,right,right
210,208,0.01,cross_network_same_hemi,pGP-rh,NAc-shell-rh,Pallidum_post,Accumbens_shell,right,right
210,211,0.05,cross_network_same_hemi,pGP-rh,aGP-rh,Pallidum_post,Pallidum_ant,right,right
210,214,0.005,cross_network_same_hemi,pGP-rh,aCAU-rh,Pallidum_post,Caudate_ant,right,right
210,217,0.01,cross_hemi_diff_network,pGP-rh,pHIP-lh,Pallidum_post,Hippocampus_post,right,left
210,218,0.02,cross_hemi_diff_network,pGP-rh,lAMY-lh,Pallidum_post,Amygdala_lat,right,left
210,220,0.025,cross_hemi_diff_network,pGP-rh,THA-DP-lh,Pallidum_post,Thalamus_DP,right,left
210,221,0.01,cross_hemi_diff_network,pGP-rh,THA-VP-lh,Pallidum_post,Thalamus_VP,right,left
210,226,0.015,within_network,pGP-rh,pGP-lh,Pallidum_post,Pallidum_post,right,left
210,227,0.075,cross_hemi_diff_network,pGP-rh,aGP-lh,Pallidum_post,Pallidum_ant,right,left
210,229,0.005,cross_hemi_diff_network,pGP-rh,pPUT-lh,Pallidum_post,Putamen_post,right,left
211,0,0.005,cross_hemi_diff_network,aGP-rh,LH_VisCent_ExStr_2,Pallidum_ant,VisCent,right,left
211,8,0.005,cross_hemi_diff_network,aGP-rh,LH_VisPeri_ExStrInf_3,Pallidum_ant,VisPeri,right,left
211,13,0.005,cross_hemi_diff_network,aGP-rh,LH_SomMotA_2,Pallidum_ant,SomMotA,right,left
211,24,0.005,cross_hemi_diff_network,aGP-rh,LH_SomMotB_Aud_3,Pallidum_ant,SomMotB,right,left
211,25,0.005,cross_hemi_diff_network,aGP-rh,LH_SomMotB_S2_3,Pallidum_ant,SomMotB,right,left
211,30,0.005,cross_hemi_diff_network,aGP-rh,LH_DorsAttnA_ParOcc_1,Pallidum_ant,DorsAttnA,right,left
211,33,0.005,cross_hemi_diff_network,aGP-rh,LH_DorsAttnA_SPL_3,Pallidum_ant,DorsAttnA,right,left
211,50,0.005,cross_hemi_diff_network,aGP-rh,LH_LimbicB_OFC_1,Pallidum_ant,LimbicB,right,left
211,52,0.005,cross_hemi_diff_network,aGP-rh,LH_LimbicA_TempPole_1,Pallidum_ant,LimbicA,right,left
211,53,0.005,cross_hemi_diff_network,aGP-rh,LH_LimbicA_TempPole_2,Pallidum_ant,LimbicA,right,left
211,54,0.005,cross_hemi_diff_network,aGP-rh,LH_LimbicA_TempPole_3,Pallidum_ant,LimbicA,right,left
211,55,0.025,cross_hemi_diff_network,aGP-rh,LH_LimbicA_TempPole_4,Pallidum_ant,LimbicA,right,left
211,56,0.015,cross_hemi_diff_network,aGP-rh,LH_ContA_Temp_1,Pallidum_ant,ContA,right,left
211,60,0.005,cross_hemi_diff_network,aGP-rh,LH_ContA_PFCd_1,Pallidum_ant,ContA,right,left
211,64,0.01,cross_hemi_diff_network,aGP-rh,LH_ContA_PFCl_3,Pallidum_ant,ContA,right,left
211,65,0.01,cross_hemi_diff_network,aGP-rh,LH_ContA_Cingm_1,Pallidum_ant,ContA,right,left
211,67,0.005,cross_hemi_diff_network,aGP-rh,LH_ContB_IPL_1,Pallidum_ant,ContB,right,left
211,72,0.005,cross_hemi_diff_network,aGP-rh,LH_ContC_pCun_2,Pallidum_ant,ContC,right,left
211,86,0.005,cross_hemi_diff_network,aGP-rh,LH_DefaultB_IPL_1,Pallidum_ant,DefaultB,right,left
211,89,0.005,cross_hemi_diff_network,aGP-rh,LH_DefaultB_PFCd_3,Pallidum_ant,DefaultB,right,left
211,91,0.005,cross_hemi_diff_network,aGP-rh,LH_DefaultB_PFCv_1,Pallidum_ant,DefaultB,right,left
211,92,0.005,cross_hemi_diff_network,aGP-rh,LH_DefaultB_PFCv_2,Pallidum_ant,DefaultB,right,left
211,99,0.01,cross_hemi_diff_network,aGP-rh,LH_TempPar_2,Pallidum_ant,TempPar,right,left
211,101,0.005,cross_network_same_hemi,aGP-rh,RH_VisCent_ExStr_2,Pallidum_ant,VisCent,right,right
211,107,0.005,cross_network_same_hemi,aGP-rh,RH_VisPeri_ExStrInf_2,Pallidum_ant,VisPeri,right,right
211,113,0.005,cross_network_same_hemi,aGP-rh,RH_SomMotA_2,Pallidum_ant,SomMotA,right,right
211,124,0.005,cross_network_same_hemi,aGP-rh,RH_SomMotB_Aud_2,Pallidum_ant,SomMotB,right,right
211,125,0.005,cross_network_same_hemi,aGP-rh,RH_SomMotB_S2_1,Pallidum_ant,SomMotB,right,right
211,127,0.005,cross_network_same_hemi,aGP-rh,RH_SomMotB_S2_3,Pallidum_ant,SomMotB,right,right
211,131,0.005,cross_network_same_hemi,aGP-rh,RH_DorsAttnA_ParOcc_1,Pallidum_ant,DorsAttnA,right,right
211,140,0.005,cross_network_same_hemi,aGP-rh,RH_DorsAttnB_FEF_1,Pallidum_ant,DorsAttnB,right,right
211,143,0.015,cross_network_same_hemi,aGP-rh,RH_SalVentAttnA_Ins_1,Pallidum_ant,SalVentAttnA,right,right
211,147,0.005,cross_network_same_hemi,aGP-rh,RH_SalVentAttnA_ParMed_1,Pallidum_ant,SalVentAttnA,right,right
211,149,0.005,cross_network_same_hemi,aGP-rh,RH_SalVentAttnA_FrMed_2,Pallidum_ant,SalVentAttnA,right,right
211,152,0.005,cross_network_same_hemi,aGP-rh,RH_SalVentAttnB_PFCl_1,Pallidum_ant,SalVentAttnB,right,right
211,155,0.005,cross_network_same_hemi,aGP-rh,RH_SalVentAttnB_PFCmp_1,Pallidum_ant,SalVentAttnB,right,right
211,156,0.005,cross_network_same_hemi,aGP-rh,RH_LimbicB_OFC_1,Pallidum_ant,LimbicB,right,right
211,157,0.005,cross_network_same_hemi,aGP-rh,RH_LimbicB_OFC_2,Pallidum_ant,LimbicB,right,right
211,160,0.01,cross_network_same_hemi,aGP-rh,RH_LimbicA_TempPole_1,Pallidum_ant,LimbicA,right,right
211,162,0.005,cross_network_same_hemi,aGP-rh,RH_LimbicA_TempPole_3,Pallidum_ant,LimbicA,right,right
211,173,0.005,cross_network_same_hemi,aGP-rh,RH_ContB_IPL_2,Pallidum_ant,ContB,right,right
211,175,0.005,cross_network_same_hemi,aGP-rh,RH_ContB_PFCld_2,Pallidum_ant,ContB,right,right
211,177,0.005,cross_network_same_hemi,aGP-rh,RH_ContB_PFClv_2,Pallidum_ant,ContB,right,right
211,181,0.01,cross_network_same_hemi,aGP-rh,RH_ContC_pCun_2,Pallidum_ant,ContC,right,right
211,183,0.005,cross_network_same_hemi,aGP-rh,RH_DefaultA_IPL_1,Pallidum_ant,DefaultA,right,right
211,187,0.035,cross_network_same_hemi,aGP-rh,RH_DefaultA_PFCm_2,Pallidum_ant,DefaultA,right,right
211,199,0.005,cross_network_same_hemi,aGP-rh,RH_TempPar_4,Pallidum_ant,TempPar,right,right
211,201,0.025,cross_network_same_hemi,aGP-rh,pHIP-rh,Pallidum_ant,Hippocampus_post,right,right
211,202,0.015,cross_network_same_hemi,aGP-rh,lAMY-rh,Pallidum_ant,Amygdala_lat,right,right
211,203,0.005,cross_network_same_hemi,aGP-rh,mAMY-rh,Pallidum_ant,Amygdala_med,right,right
211,204,0.005,cross_network_same_hemi,aGP-rh,THA-DP-rh,Pallidum_ant,Thalamus_DP,right,right
211,205,0.005,cross_network_same_hemi,aGP-rh,THA-VP-rh,Pallidum_ant,Thalamus_VP,right,right
211,207,0.01,cross_network_same_hemi,aGP-rh,THA-DA-rh,Pallidum_ant,Thalamus_DA,right,right
211,208,0.01,cross_network_same_hemi,aGP-rh,NAc-shell-rh,Pallidum_ant,Accumbens_shell,right,right
211,209,0.02,cross_network_same_hemi,aGP-rh,NAc-core-rh,Pallidum_ant,Accumbens_core,right,right
211,210,0.025,cross_network_same_hemi,aGP-rh,pGP-rh,Pallidum_ant,Pallidum_post,right,right
211,213,0.015,cross_network_same_hemi,aGP-rh,pPUT-rh,Pallidum_ant,Putamen_post,right,right
211,214,0.005,cross_network_same_hemi,aGP-rh,aCAU-rh,Pallidum_ant,Caudate_ant,right,right
211,215,0.005,cross_network_same_hemi,aGP-rh,pCAU-rh,Pallidum_ant,Caudate_post,right,right
211,217,0.005,cross_hemi_diff_network,aGP-rh,pHIP-lh,Pallidum_ant,Hippocampus_post,right,left
211,218,0.005,cross_hemi_diff_network,aGP-rh,lAMY-lh,Pallidum_ant,Amygdala_lat,right,left
211,220,0.015,cross_hemi_diff_network,aGP-rh,THA-DP-lh,Pallidum_ant,Thalamus_DP,right,left
211,221,0.015,cross_hemi_diff_network,aGP-rh,THA-VP-lh,Pallidum_ant,Thalamus_VP,right,left
211,223,0.005,cross_hemi_diff_network,aGP-rh,THA-DA-lh,Pallidum_ant,Thalamus_DA,right,left
211,224,0.01,cross_hemi_diff_network,aGP-rh,NAc-shell-lh,Pallidum_ant,Accumbens_shell,right,left
211,225,0.015,cross_hemi_diff_network,aGP-rh,NAc-core-lh,Pallidum_ant,Accumbens_core,right,left
211,226,0.09,cross_hemi_diff_network,aGP-rh,pGP-lh,Pallidum_ant,Pallidum_post,right,left
211,227,0.08,within_network,aGP-rh,aGP-lh,Pallidum_ant,Pallidum_ant,right,left
211,228,0.01,cross_hemi_diff_network,aGP-rh,aPUT-lh,Pallidum_ant,Putamen_ant,right,left
211,231,0.01,cross_hemi_diff_network,aGP-rh,pCAU-lh,Pallidum_ant,Caudate_post,right,left
212,23,0.005,cross_hemi_diff_network,aPUT-rh,LH_SomMotB_S2_2,Putamen_ant,SomMotB,right,left
212,42,0.005,cross_hemi_diff_network,aPUT-rh,LH_SalVentAttnA_FrOper_2,Putamen_ant,SalVentAttnA,right,left
212,120,0.005,cross_network_same_hemi,aPUT-rh,RH_SomMotA_9,Putamen_ant,SomMotA,right,right
212,143,0.005,cross_network_same_hemi,aPUT-rh,RH_SalVentAttnA_Ins_1,Putamen_ant,SalVentAttnA,right,right
212,153,0.01,cross_network_same_hemi,aPUT-rh,RH_SalVentAttnB_Ins_1,Putamen_ant,SalVentAttnB,right,right
212,156,0.005,cross_network_same_hemi,aPUT-rh,RH_LimbicB_OFC_1,Putamen_ant,LimbicB,right,right
212,201,0.005,cross_network_same_hemi,aPUT-rh,pHIP-rh,Putamen_ant,Hippocampus_post,right,right
212,202,0.005,cross_network_same_hemi,aPUT-rh,lAMY-rh,Putamen_ant,Amygdala_lat,right,right
212,205,0.005,cross_network_same_hemi,aPUT-rh,THA-VP-rh,Putamen_ant,Thalamus_VP,right,right
212,206,0.005,cross_network_same_hemi,aPUT-rh,THA-VA-rh,Putamen_ant,Thalamus_VA,right,right
212,208,0.015,cross_network_same_hemi,aPUT-rh,NAc-shell-rh,Putamen_ant,Accumbens_shell,right,right
212,220,0.005,cross_hemi_diff_network,aPUT-rh,THA-DP-lh,Putamen_ant,Thalamus_DP,right,left
212,225,0.005,cross_hemi_diff_network,aPUT-rh,NAc-core-lh,Putamen_ant,Accumbens_core,right,left
212,226,0.01,cross_hemi_diff_network,aPUT-rh,pGP-lh,Putamen_ant,Pallidum_post,right,left
212,227,0.01,cross_hemi_diff_network,aPUT-rh,aGP-lh,Putamen_ant,Pallidum_ant,right,left
213,14,0.005,cross_hemi_diff_network,pPUT-rh,LH_SomMotA_3,Putamen_post,SomMotA,right,left
213,47,0.005,cross_hemi_diff_network,pPUT-rh,LH_SalVentAttnB_PFCl_1,Putamen_post,SalVentAttnB,right,left
213,56,0.005,cross_hemi_diff_network,pPUT-rh,LH_ContA_Temp_1,Putamen_post,ContA,right,left
213,114,0.005,cross_network_same_hemi,pPUT-rh,RH_SomMotA_3,Putamen_post,SomMotA,right,right
213,144,0.005,cross_network_same_hemi,pPUT-rh,RH_SalVentAttnA_Ins_2,Putamen_post,SalVentAttnA,right,right
213,147,0.005,cross_network_same_hemi,pPUT-rh,RH_SalVentAttnA_ParMed_1,Putamen_post,SalVentAttnA,right,right
213,162,0.005,cross_network_same_hemi,pPUT-rh,RH_LimbicA_TempPole_3,Putamen_post,LimbicA,right,right
213,198,0.005,cross_network_same_hemi,pPUT-rh,RH_TempPar_3,Putamen_post,TempPar,right,right
213,199,0.005,cross_network_same_hemi,pPUT-rh,RH_TempPar_4,Putamen_post,TempPar,right,right
213,204,0.015,cross_network_same_hemi,pPUT-rh,THA-DP-rh,Putamen_post,Thalamus_DP,right,right
213,205,0.005,cross_network_same_hemi,pPUT-rh,THA-VP-rh,Putamen_post,Thalamus_VP,right,right
213,207,0.005,cross_network_same_hemi,pPUT-rh,THA-DA-rh,Putamen_post,Thalamus_DA,right,right
213,208,0.015,cross_network_same_hemi,pPUT-rh,NAc-shell-rh,Putamen_post,Accumbens_shell,right,right
213,209,0.005,cross_network_same_hemi,pPUT-rh,NAc-core-rh,Putamen_post,Accumbens_core,right,right
213,210,0.005,cross_network_same_hemi,pPUT-rh,pGP-rh,Putamen_post,Pallidum_post,right,right
213,211,0.03,cross_network_same_hemi,pPUT-rh,aGP-rh,Putamen_post,Pallidum_ant,right,right
213,216,0.005,cross_hemi_diff_network,pPUT-rh,aHIP-lh,Putamen_post,Hippocampus_ant,right,left
213,217,0.005,cross_hemi_diff_network,pPUT-rh,pHIP-lh,Putamen_post,Hippocampus_post,right,left
213,224,0.005,cross_hemi_diff_network,pPUT-rh,NAc-shell-lh,Putamen_post,Accumbens_shell,right,left
213,226,0.025,cross_hemi_diff_network,pPUT-rh,pGP-lh,Putamen_post,Pallidum_post,right,left
213,227,0.015,cross_hemi_diff_network,pPUT-rh,aGP-lh,Putamen_post,Pallidum_ant,right,left
213,228,0.005,cross_hemi_diff_network,pPUT-rh,aPUT-lh,Putamen_post,Putamen_ant,right,left
214,187,0.01,cross_network_same_hemi,aCAU-rh,RH_DefaultA_PFCm_2,Caudate_ant,DefaultA,right,right
214,208,0.005,cross_network_same_hemi,aCAU-rh,NAc-shell-rh,Caudate_ant,Accumbens_shell,right,right
214,211,0.005,cross_network_same_hemi,aCAU-rh,aGP-rh,Caudate_ant,Pallidum_ant,right,right
214,223,0.005,cross_hemi_diff_network,aCAU-rh,THA-DA-lh,Caudate_ant,Thalamus_DA,right,left
214,224,0.005,cross_hemi_diff_network,aCAU-rh,NAc-shell-lh,Caudate_ant,Accumbens_shell,right,left
214,227,0.005,cross_hemi_diff_network,aCAU-rh,aGP-lh,Caudate_ant,Pallidum_ant,right,left
215,142,0.005,cross_network_same_hemi,pCAU-rh,RH_SalVentAttnA_PrC_1,Caudate_post,SalVentAttnA,right,right
215,143,0.005,cross_network_same_hemi,pCAU-rh,RH_SalVentAttnA_Ins_1,Caudate_post,SalVentAttnA,right,right
215,174,0.005,cross_network_same_hemi,pCAU-rh,RH_ContB_PFCld_1,Caudate_post,ContB,right,right
215,187,0.005,cross_network_same_hemi,pCAU-rh,RH_DefaultA_PFCm_2,Caudate_post,DefaultA,right,right
215,198,0.005,cross_network_same_hemi,pCAU-rh,RH_TempPar_3,Caudate_post,TempPar,right,right
215,202,0.005,cross_network_same_hemi,pCAU-rh,lAMY-rh,Caudate_post,Amygdala_lat,right,right
215,204,0.005,cross_network_same_hemi,pCAU-rh,THA-DP-rh,Caudate_post,Thalamus_DP,right,right
215,211,0.015,cross_network_same_hemi,pCAU-rh,aGP-rh,Caudate_post,Pallidum_ant,right,right
215,217,0.005,cross_hemi_diff_network,pCAU-rh,pHIP-lh,Caudate_post,Hippocampus_post,right,left
215,221,0.005,cross_hemi_diff_network,pCAU-rh,THA-VP-lh,Caudate_post,Thalamus_VP,right,left
215,222,0.005,cross_hemi_diff_network,pCAU-rh,THA-VA-lh,Caudate_post,Thalamus_VA,right,left
215,224,0.01,cross_hemi_diff_network,pCAU-rh,NAc-shell-lh,Caudate_post,Accumbens_shell,right,left
215,225,0.01,cross_hemi_diff_network,pCAU-rh,NAc-core-lh,Caudate_post,Accumbens_core,right,left
215,226,0.01,cross_hemi_diff_network,pCAU-rh,pGP-lh,Caudate_post,Pallidum_post,right,left
215,227,0.01,cross_hemi_diff_network,pCAU-rh,aGP-lh,Caudate_post,Pallidum_ant,right,left
215,229,0.005,cross_hemi_diff_network,pCAU-rh,pPUT-lh,Caudate_post,Putamen_post,right,left
215,230,0.015,cross_hemi_diff_network,pCAU-rh,aCAU-lh,Caudate_post,Caudate_ant,right,left
216,8,0.005,cross_network_same_hemi,aHIP-lh,LH_VisPeri_ExStrInf_3,Hippocampus_ant,VisPeri,left,left
216,54,0.005,cross_network_same_hemi,aHIP-lh,LH_LimbicA_TempPole_3,Hippocampus_ant,LimbicA,left,left
216,56,0.005,cross_network_same_hemi,aHIP-lh,LH_ContA_Temp_1,Hippocampus_ant,ContA,left,left
216,97,0.005,cross_network_same_hemi,aHIP-lh,LH_DefaultC_PHC_1,Hippocampus_ant,DefaultC,left,left
216,116,0.005,cross_hemi_diff_network,aHIP-lh,RH_SomMotA_5,Hippocampus_ant,SomMotA,left,right
216,160,0.005,cross_hemi_diff_network,aHIP-lh,RH_LimbicA_TempPole_1,Hippocampus_ant,LimbicA,left,right
216,161,0.01,cross_hemi_diff_network,aHIP-lh,RH_LimbicA_TempPole_2,Hippocampus_ant,LimbicA,left,right
216,162,0.005,cross_hemi_diff_network,aHIP-lh,RH_LimbicA_TempPole_3,Hippocampus_ant,LimbicA,left,right
216,196,0.005,cross_hemi_diff_network,aHIP-lh,RH_TempPar_1,Hippocampus_ant,TempPar,left,right
216,201,0.01,cross_hemi_diff_network,aHIP-lh,pHIP-rh,Hippocampus_ant,Hippocampus_post,left,right
216,202,0.055,cross_hemi_diff_network,aHIP-lh,lAMY-rh,Hippocampus_ant,Amygdala_lat,left,right
216,203,0.01,cross_hemi_diff_network,aHIP-lh,mAMY-rh,Hippocampus_ant,Amygdala_med,left,right
216,204,0.005,cross_hemi_diff_network,aHIP-lh,THA-DP-rh,Hippocampus_ant,Thalamus_DP,left,right
216,208,0.005,cross_hemi_diff_network,aHIP-lh,NAc-shell-rh,Hippocampus_ant,Accumbens_shell,left,right
216,217,0.015,cross_network_same_hemi,aHIP-lh,pHIP-lh,Hippocampus_ant,Hippocampus_post,left,left
216,218,0.005,cross_network_same_hemi,aHIP-lh,lAMY-lh,Hippocampus_ant,Amygdala_lat,left,left
216,227,0.005,cross_network_same_hemi,aHIP-lh,aGP-lh,Hippocampus_ant,Pallidum_ant,left,left
217,0,0.005,cross_network_same_hemi,pHIP-lh,LH_VisCent_ExStr_2,Hippocampus_post,VisCent,left,left
217,13,0.005,cross_network_same_hemi,pHIP-lh,LH_SomMotA_2,Hippocampus_post,SomMotA,left,left
217,47,0.005,cross_network_same_hemi,pHIP-lh,LH_SalVentAttnB_PFCl_1,Hippocampus_post,SalVentAttnB,left,left
217,50,0.01,cross_network_same_hemi,pHIP-lh,LH_LimbicB_OFC_1,Hippocampus_post,LimbicB,left,left
217,52,0.01,cross_network_same_hemi,pHIP-lh,LH_LimbicA_TempPole_1,Hippocampus_post,LimbicA,left,left
217,53,0.01,cross_network_same_hemi,pHIP-lh,LH_LimbicA_TempPole_2,Hippocampus_post,LimbicA,left,left
217,54,0.005,cross_network_same_hemi,pHIP-lh,LH_LimbicA_TempPole_3,Hippocampus_post,LimbicA,left,left
217,55,0.01,cross_network_same_hemi,pHIP-lh,LH_LimbicA_TempPole_4,Hippocampus_post,LimbicA,left,left
217,63,0.005,cross_network_same_hemi,pHIP-lh,LH_ContA_PFCl_2,Hippocampus_post,ContA,left,left
217,99,0.005,cross_network_same_hemi,pHIP-lh,LH_TempPar_2,Hippocampus_post,TempPar,left,left
217,114,0.005,cross_hemi_diff_network,pHIP-lh,RH_SomMotA_3,Hippocampus_post,SomMotA,left,right
217,143,0.005,cross_hemi_diff_network,pHIP-lh,RH_SalVentAttnA_Ins_1,Hippocampus_post,SalVentAttnA,left,right
217,162,0.005,cross_hemi_diff_network,pHIP-lh,RH_LimbicA_TempPole_3,Hippocampus_post,LimbicA,left,right
217,163,0.005,cross_hemi_diff_network,pHIP-lh,RH_LimbicA_TempPole_4,Hippocampus_post,LimbicA,left,right
217,169,0.005,cross_hemi_diff_network,pHIP-lh,RH_ContA_Cingm_1,Hippocampus_post,ContA,left,right
217,187,0.035,cross_hemi_diff_network,pHIP-lh,RH_DefaultA_PFCm_2,Hippocampus_post,DefaultA,left,right
217,193,0.005,cross_hemi_diff_network,pHIP-lh,RH_DefaultC_IPL_1,Hippocampus_post,DefaultC,left,right
217,195,0.005,cross_hemi_diff_network,pHIP-lh,RH_DefaultC_PHC_1,Hippocampus_post,DefaultC,left,right
217,202,0.02,cross_hemi_diff_network,pHIP-lh,lAMY-rh,Hippocampus_post,Amygdala_lat,left,right
217,203,0.005,cross_hemi_diff_network,pHIP-lh,mAMY-rh,Hippocampus_post,Amygdala_med,left,right
217,204,0.03,cross_hemi_diff_network,pHIP-lh,THA-DP-rh,Hippocampus_post,Thalamus_DP,left,right
217,205,0.015,cross_hemi_diff_network,pHIP-lh,THA-VP-rh,Hippocampus_post,Thalamus_VP,left,right
217,207,0.005,cross_hemi_diff_network,pHIP-lh,THA-DA-rh,Hippocampus_post,Thalamus_DA,left,right
217,210,0.015,cross_hemi_diff_network,pHIP-lh,pGP-rh,Hippocampus_post,Pallidum_post,left,right
217,211,0.005,cross_hemi_diff_network,pHIP-lh,aGP-rh,Hippocampus_post,Pallidum_ant,left,right
217,216,0.005,cross_network_same_hemi,pHIP-lh,aHIP-lh,Hippocampus_post,Hippocampus_ant,left,left
217,218,0.02,cross_network_same_hemi,pHIP-lh,lAMY-lh,Hippocampus_post,Amygdala_lat,left,left
217,219,0.005,cross_network_same_hemi,pHIP-lh,mAMY-lh,Hippocampus_post,Amygdala_med,left,left
217,221,0.01,cross_network_same_hemi,pHIP-lh,THA-VP-lh,Hippocampus_post,Thalamus_VP,left,left
217,224,0.005,cross_network_same_hemi,pHIP-lh,NAc-shell-lh,Hippocampus_post,Accumbens_shell,left,left
217,225,0.005,cross_network_same_hemi,pHIP-lh,NAc-core-lh,Hippocampus_post,Accumbens_core,left,left
217,226,0.015,cross_network_same_hemi,pHIP-lh,pGP-lh,Hippocampus_post,Pallidum_post,left,left
217,227,0.015,cross_network_same_hemi,pHIP-lh,aGP-lh,Hippocampus_post,Pallidum_ant,left,left
218,22,0.005,cross_network_same_hemi,lAMY-lh,LH_SomMotB_S2_1,Amygdala_lat,SomMotB,left,left
218,29,0.005,cross_network_same_hemi,lAMY-lh,LH_DorsAttnA_TempOcc_2,Amygdala_lat,DorsAttnA,left,left
218,50,0.005,cross_network_same_hemi,lAMY-lh,LH_LimbicB_OFC_1,Amygdala_lat,LimbicB,left,left
218,52,0.005,cross_network_same_hemi,lAMY-lh,LH_LimbicA_TempPole_1,Amygdala_lat,LimbicA,left,left
218,54,0.005,cross_network_same_hemi,lAMY-lh,LH_LimbicA_TempPole_3,Amygdala_lat,LimbicA,left,left
218,56,0.01,cross_network_same_hemi,lAMY-lh,LH_ContA_Temp_1,Amygdala_lat,ContA,left,left
218,64,0.005,cross_network_same_hemi,lAMY-lh,LH_ContA_PFCl_3,Amygdala_lat,ContA,left,left
218,65,0.005,cross_network_same_hemi,lAMY-lh,LH_ContA_Cingm_1,Amygdala_lat,ContA,left,left
218,85,0.005,cross_network_same_hemi,lAMY-lh,LH_DefaultB_Temp_4,Amygdala_lat,DefaultB,left,left
218,143,0.01,cross_hemi_diff_network,lAMY-lh,RH_SalVentAttnA_Ins_1,Amygdala_lat,SalVentAttnA,left,right
218,147,0.005,cross_hemi_diff_network,lAMY-lh,RH_SalVentAttnA_ParMed_1,Amygdala_lat,SalVentAttnA,left,right
218,157,0.005,cross_hemi_diff_network,lAMY-lh,RH_LimbicB_OFC_2,Amygdala_lat,LimbicB,left,right
218,161,0.025,cross_hemi_diff_network,lAMY-lh,RH_LimbicA_TempPole_2,Amygdala_lat,LimbicA,left,right
218,162,0.015,cross_hemi_diff_network,lAMY-lh,RH_LimbicA_TempPole_3,Amygdala_lat,LimbicA,left,right
218,169,0.005,cross_hemi_diff_network,lAMY-lh,RH_ContA_Cingm_1,Amygdala_lat,ContA,left,right
218,187,0.005,cross_hemi_diff_network,lAMY-lh,RH_DefaultA_PFCm_2,Amygdala_lat,DefaultA,left,right
218,199,0.005,cross_hemi_diff_network,lAMY-lh,RH_TempPar_4,Amygdala_lat,TempPar,left,right
218,202,0.02,within_network,lAMY-lh,lAMY-rh,Amygdala_lat,Amygdala_lat,left,right
218,203,0.005,cross_hemi_diff_network,lAMY-lh,mAMY-rh,Amygdala_lat,Amygdala_med,left,right
218,208,0.005,cross_hemi_diff_network,lAMY-lh,NAc-shell-rh,Amygdala_lat,Accumbens_shell,left,right
218,210,0.01,cross_hemi_diff_network,lAMY-lh,pGP-rh,Amygdala_lat,Pallidum_post,left,right
218,211,0.005,cross_hemi_diff_network,lAMY-lh,aGP-rh,Amygdala_lat,Pallidum_ant,left,right
218,213,0.005,cross_hemi_diff_network,lAMY-lh,pPUT-rh,Amygdala_lat,Putamen_post,left,right
218,217,0.02,cross_network_same_hemi,lAMY-lh,pHIP-lh,Amygdala_lat,Hippocampus_post,left,left
218,220,0.005,cross_network_same_hemi,lAMY-lh,THA-DP-lh,Amygdala_lat,Thalamus_DP,left,left
218,226,0.005,cross_network_same_hemi,lAMY-lh,pGP-lh,Amygdala_lat,Pallidum_post,left,left
218,227,0.02,cross_network_same_hemi,lAMY-lh,aGP-lh,Amygdala_lat,Pallidum_ant,left,left
218,231,0.005,cross_network_same_hemi,lAMY-lh,pCAU-lh,Amygdala_lat,Caudate_post,left,left
219,20,0.005,cross_network_same_hemi,mAMY-lh,LH_SomMotB_Aud_1,Amygdala_med,SomMotB,left,left
219,53,0.005,cross_network_same_hemi,mAMY-lh,LH_LimbicA_TempPole_2,Amygdala_med,LimbicA,left,left
219,54,0.01,cross_network_same_hemi,mAMY-lh,LH_LimbicA_TempPole_3,Amygdala_med,LimbicA,left,left
219,56,0.01,cross_network_same_hemi,mAMY-lh,LH_ContA_Temp_1,Amygdala_med,ContA,left,left
219,64,0.005,cross_network_same_hemi,mAMY-lh,LH_ContA_PFCl_3,Amygdala_med,ContA,left,left
219,160,0.005,cross_hemi_diff_network,mAMY-lh,RH_LimbicA_TempPole_1,Amygdala_med,LimbicA,left,right
219,161,0.005,cross_hemi_diff_network,mAMY-lh,RH_LimbicA_TempPole_2,Amygdala_med,LimbicA,left,right
219,162,0.015,cross_hemi_diff_network,mAMY-lh,RH_LimbicA_TempPole_3,Amygdala_med,LimbicA,left,right
219,187,0.005,cross_hemi_diff_network,mAMY-lh,RH_DefaultA_PFCm_2,Amygdala_med,DefaultA,left,right
219,196,0.005,cross_hemi_diff_network,mAMY-lh,RH_TempPar_1,Amygdala_med,TempPar,left,right
219,201,0.005,cross_hemi_diff_network,mAMY-lh,pHIP-rh,Amygdala_med,Hippocampus_post,left,right
219,202,0.045,cross_hemi_diff_network,mAMY-lh,lAMY-rh,Amygdala_med,Amygdala_lat,left,right
219,204,0.01,cross_hemi_diff_network,mAMY-lh,THA-DP-rh,Amygdala_med,Thalamus_DP,left,right
219,207,0.005,cross_hemi_diff_network,mAMY-lh,THA-DA-rh,Amygdala_med,Thalamus_DA,left,right
219,210,0.005,cross_hemi_diff_network,mAMY-lh,pGP-rh,Amygdala_med,Pallidum_post,left,right
219,211,0.005,cross_hemi_diff_network,mAMY-lh,aGP-rh,Amygdala_med,Pallidum_ant,left,right
219,217,0.005,cross_network_same_hemi,mAMY-lh,pHIP-lh,Amygdala_med,Hippocampus_post,left,left
219,220,0.01,cross_network_same_hemi,mAMY-lh,THA-DP-lh,Amygdala_med,Thalamus_DP,left,left
219,226,0.01,cross_network_same_hemi,mAMY-lh,pGP-lh,Amygdala_med,Pallidum_post,left,left
219,227,0.005,cross_network_same_hemi,mAMY-lh,aGP-lh,Amygdala_med,Pallidum_ant,left,left
220,30,0.005,cross_network_same_hemi,THA-DP-lh,LH_DorsAttnA_ParOcc_1,Thalamus_DP,DorsAttnA,left,left
220,53,0.01,cross_network_same_hemi,THA-DP-lh,LH_LimbicA_TempPole_2,Thalamus_DP,LimbicA,left,left
220,55,0.01,cross_network_same_hemi,THA-DP-lh,LH_LimbicA_TempPole_4,Thalamus_DP,LimbicA,left,left
220,86,0.005,cross_network_same_hemi,THA-DP-lh,LH_DefaultB_IPL_1,Thalamus_DP,DefaultB,left,left
220,142,0.005,cross_hemi_diff_network,THA-DP-lh,RH_SalVentAttnA_PrC_1,Thalamus_DP,SalVentAttnA,left,right
220,156,0.005,cross_hemi_diff_network,THA-DP-lh,RH_LimbicB_OFC_1,Thalamus_DP,LimbicB,left,right
220,157,0.005,cross_hemi_diff_network,THA-DP-lh,RH_LimbicB_OFC_2,Thalamus_DP,LimbicB,left,right
220,162,0.01,cross_hemi_diff_network,THA-DP-lh,RH_LimbicA_TempPole_3,Thalamus_DP,LimbicA,left,right
220,187,0.025,cross_hemi_diff_network,THA-DP-lh,RH_DefaultA_PFCm_2,Thalamus_DP,DefaultA,left,right
220,196,0.005,cross_hemi_diff_network,THA-DP-lh,RH_TempPar_1,Thalamus_DP,TempPar,left,right
220,201,0.025,cross_hemi_diff_network,THA-DP-lh,pHIP-rh,Thalamus_DP,Hippocampus_post,left,right
220,202,0.005,cross_hemi_diff_network,THA-DP-lh,lAMY-rh,Thalamus_DP,Amygdala_lat,left,right
220,204,0.005,within_network,THA-DP-lh,THA-DP-rh,Thalamus_DP,Thalamus_DP,left,right
220,205,0.015,cross_hemi_diff_network,THA-DP-lh,THA-VP-rh,Thalamus_DP,Thalamus_VP,left,right
220,207,0.005,cross_hemi_diff_network,THA-DP-lh,THA-DA-rh,Thalamus_DP,Thalamus_DA,left,right
220,208,0.005,cross_hemi_diff_network,THA-DP-lh,NAc-shell-rh,Thalamus_DP,Accumbens_shell,left,right
220,210,0.025,cross_hemi_diff_network,THA-DP-lh,pGP-rh,Thalamus_DP,Pallidum_post,left,right
220,215,0.005,cross_hemi_diff_network,THA-DP-lh,pCAU-rh,Thalamus_DP,Caudate_post,left,right
220,216,0.005,cross_network_same_hemi,THA-DP-lh,aHIP-lh,Thalamus_DP,Hippocampus_ant,left,left
220,221,0.005,cross_network_same_hemi,THA-DP-lh,THA-VP-lh,Thalamus_DP,Thalamus_VP,left,left
220,226,0.025,cross_network_same_hemi,THA-DP-lh,pGP-lh,Thalamus_DP,Pallidum_post,left,left
220,227,0.02,cross_network_same_hemi,THA-DP-lh,aGP-lh,Thalamus_DP,Pallidum_ant,left,left
221,22,0.01,cross_network_same_hemi,THA-VP-lh,LH_SomMotB_S2_1,Thalamus_VP,SomMotB,left,left
221,24,0.005,cross_network_same_hemi,THA-VP-lh,LH_SomMotB_Aud_3,Thalamus_VP,SomMotB,left,left
221,40,0.01,cross_network_same_hemi,THA-VP-lh,LH_SalVentAttnA_Ins_1,Thalamus_VP,SalVentAttnA,left,left
221,43,0.005,cross_network_same_hemi,THA-VP-lh,LH_SalVentAttnA_ParMed_1,Thalamus_VP,SalVentAttnA,left,left
221,55,0.015,cross_network_same_hemi,THA-VP-lh,LH_LimbicA_TempPole_4,Thalamus_VP,LimbicA,left,left
221,64,0.005,cross_network_same_hemi,THA-VP-lh,LH_ContA_PFCl_3,Thalamus_VP,ContA,left,left
221,92,0.005,cross_network_same_hemi,THA-VP-lh,LH_DefaultB_PFCv_2,Thalamus_VP,DefaultB,left,left
221,98,0.005,cross_network_same_hemi,THA-VP-lh,LH_TempPar_1,Thalamus_VP,TempPar,left,left
221,112,0.005,cross_hemi_diff_network,THA-VP-lh,RH_SomMotA_1,Thalamus_VP,SomMotA,left,right
221,143,0.005,cross_hemi_diff_network,THA-VP-lh,RH_SalVentAttnA_Ins_1,Thalamus_VP,SalVentAttnA,left,right
221,146,0.005,cross_hemi_diff_network,THA-VP-lh,RH_SalVentAttnA_FrMed_1,Thalamus_VP,SalVentAttnA,left,right
221,156,0.005,cross_hemi_diff_network,THA-VP-lh,RH_LimbicB_OFC_1,Thalamus_VP,LimbicB,left,right
221,187,0.01,cross_hemi_diff_network,THA-VP-lh,RH_DefaultA_PFCm_2,Thalamus_VP,DefaultA,left,right
221,204,0.1,cross_hemi_diff_network,THA-VP-lh,THA-DP-rh,Thalamus_VP,Thalamus_DP,left,right
221,207,0.01,cross_hemi_diff_network,THA-VP-lh,THA-DA-rh,Thalamus_VP,Thalamus_DA,left,right
221,210,0.005,cross_hemi_diff_network,THA-VP-lh,pGP-rh,Thalamus_VP,Pallidum_post,left,right
221,211,0.02,cross_hemi_diff_network,THA-VP-lh,aGP-rh,Thalamus_VP,Pallidum_ant,left,right
221,218,0.005,cross_network_same_hemi,THA-VP-lh,lAMY-lh,Thalamus_VP,Amygdala_lat,left,left
221,219,0.01,cross_network_same_hemi,THA-VP-lh,mAMY-lh,Thalamus_VP,Amygdala_med,left,left
221,220,0.005,cross_network_same_hemi,THA-VP-lh,THA-DP-lh,Thalamus_VP,Thalamus_DP,left,left
221,224,0.005,cross_network_same_hemi,THA-VP-lh,NAc-shell-lh,Thalamus_VP,Accumbens_shell,left,left
221,225,0.005,cross_network_same_hemi,THA-VP-lh,NAc-core-lh,Thalamus_VP,Accumbens_core,left,left
221,226,0.01,cross_network_same_hemi,THA-VP-lh,pGP-lh,Thalamus_VP,Pallidum_post,left,left
221,227,0.005,cross_network_same_hemi,THA-VP-lh,aGP-lh,Thalamus_VP,Pallidum_ant,left,left
221,231,0.005,cross_network_same_hemi,THA-VP-lh,pCAU-lh,Thalamus_VP,Caudate_post,left,left
222,42,0.005,cross_network_same_hemi,THA-VA-lh,LH_SalVentAttnA_FrOper_2,Thalamus_VA,SalVentAttnA,left,left
222,50,0.01,cross_network_same_hemi,THA-VA-lh,LH_LimbicB_OFC_1,Thalamus_VA,LimbicB,left,left
222,55,0.005,cross_network_same_hemi,THA-VA-lh,LH_LimbicA_TempPole_4,Thalamus_VA,LimbicA,left,left
222,64,0.01,cross_network_same_hemi,THA-VA-lh,LH_ContA_PFCl_3,Thalamus_VA,ContA,left,left
222,91,0.005,cross_network_same_hemi,THA-VA-lh,LH_DefaultB_PFCv_1,Thalamus_VA,DefaultB,left,left
222,162,0.005,cross_hemi_diff_network,THA-VA-lh,RH_LimbicA_TempPole_3,Thalamus_VA,LimbicA,left,right
222,187,0.005,cross_hemi_diff_network,THA-VA-lh,RH_DefaultA_PFCm_2,Thalamus_VA,DefaultA,left,right
222,201,0.005,cross_hemi_diff_network,THA-VA-lh,pHIP-rh,Thalamus_VA,Hippocampus_post,left,right
222,202,0.005,cross_hemi_diff_network,THA-VA-lh,lAMY-rh,Thalamus_VA,Amygdala_lat,left,right
222,204,0.01,cross_hemi_diff_network,THA-VA-lh,THA-DP-rh,Thalamus_VA,Thalamus_DP,left,right
222,208,0.005,cross_hemi_diff_network,THA-VA-lh,NAc-shell-rh,Thalamus_VA,Accumbens_shell,left,right
222,210,0.005,cross_hemi_diff_network,THA-VA-lh,pGP-rh,Thalamus_VA,Pallidum_post,left,right
222,211,0.015,cross_hemi_diff_network,THA-VA-lh,aGP-rh,Thalamus_VA,Pallidum_ant,left,right
222,215,0.005,cross_hemi_diff_network,THA-VA-lh,pCAU-rh,Thalamus_VA,Caudate_post,left,right
222,217,0.01,cross_network_same_hemi,THA-VA-lh,pHIP-lh,Thalamus_VA,Hippocampus_post,left,left
222,224,0.005,cross_network_same_hemi,THA-VA-lh,NAc-shell-lh,Thalamus_VA,Accumbens_shell,left,left
222,225,0.005,cross_network_same_hemi,THA-VA-lh,NAc-core-lh,Thalamus_VA,Accumbens_core,left,left
222,226,0.005,cross_network_same_hemi,THA-VA-lh,pGP-lh,Thalamus_VA,Pallidum_post,left,left
222,227,0.03,cross_network_same_hemi,THA-VA-lh,aGP-lh,Thalamus_VA,Pallidum_ant,left,left
223,38,0.005,cross_network_same_hemi,THA-DA-lh,LH_DorsAttnB_FEF_1,Thalamus_DA,DorsAttnB,left,left
223,55,0.005,cross_network_same_hemi,THA-DA-lh,LH_LimbicA_TempPole_4,Thalamus_DA,LimbicA,left,left
223,64,0.005,cross_network_same_hemi,THA-DA-lh,LH_ContA_PFCl_3,Thalamus_DA,ContA,left,left
223,65,0.01,cross_network_same_hemi,THA-DA-lh,LH_ContA_Cingm_1,Thalamus_DA,ContA,left,left
223,118,0.005,cross_hemi_diff_network,THA-DA-lh,RH_SomMotA_7,Thalamus_DA,SomMotA,left,right
223,131,0.005,cross_hemi_diff_network,THA-DA-lh,RH_DorsAttnA_ParOcc_1,Thalamus_DA,DorsAttnA,left,right
223,143,0.005,cross_hemi_diff_network,THA-DA-lh,RH_SalVentAttnA_Ins_1,Thalamus_DA,SalVentAttnA,left,right
223,147,0.005,cross_hemi_diff_network,THA-DA-lh,RH_SalVentAttnA_ParMed_1,Thalamus_DA,SalVentAttnA,left,right
223,187,0.005,cross_hemi_diff_network,THA-DA-lh,RH_DefaultA_PFCm_2,Thalamus_DA,DefaultA,left,right
223,204,0.035,cross_hemi_diff_network,THA-DA-lh,THA-DP-rh,Thalamus_DA,Thalamus_DP,left,right
223,205,0.01,cross_hemi_diff_network,THA-DA-lh,THA-VP-rh,Thalamus_DA,Thalamus_VP,left,right
223,210,0.01,cross_hemi_diff_network,THA-DA-lh,pGP-rh,Thalamus_DA,Pallidum_post,left,right
223,211,0.015,cross_hemi_diff_network,THA-DA-lh,aGP-rh,Thalamus_DA,Pallidum_ant,left,right
223,220,0.02,cross_network_same_hemi,THA-DA-lh,THA-DP-lh,Thalamus_DA,Thalamus_DP,left,left
223,221,0.005,cross_network_same_hemi,THA-DA-lh,THA-VP-lh,Thalamus_DA,Thalamus_VP,left,left
223,225,0.01,cross_network_same_hemi,THA-DA-lh,NAc-core-lh,Thalamus_DA,Accumbens_core,left,left
223,227,0.015,cross_network_same_hemi,THA-DA-lh,aGP-lh,Thalamus_DA,Pallidum_ant,left,left
224,19,0.005,cross_network_same_hemi,NAc-shell-lh,LH_SomMotA_8,Accumbens_shell,SomMotA,left,left
224,45,0.005,cross_network_same_hemi,NAc-shell-lh,LH_SalVentAttnA_FrMed_2,Accumbens_shell,SalVentAttnA,left,left
224,65,0.005,cross_network_same_hemi,NAc-shell-lh,LH_ContA_Cingm_1,Accumbens_shell,ContA,left,left
224,77,0.005,cross_network_same_hemi,NAc-shell-lh,LH_DefaultA_pCunPCC_2,Accumbens_shell,DefaultA,left,left
224,142,0.005,cross_hemi_diff_network,NAc-shell-lh,RH_SalVentAttnA_PrC_1,Accumbens_shell,SalVentAttnA,left,right
224,143,0.005,cross_hemi_diff_network,NAc-shell-lh,RH_SalVentAttnA_Ins_1,Accumbens_shell,SalVentAttnA,left,right
224,156,0.005,cross_hemi_diff_network,NAc-shell-lh,RH_LimbicB_OFC_1,Accumbens_shell,LimbicB,left,right
224,157,0.005,cross_hemi_diff_network,NAc-shell-lh,RH_LimbicB_OFC_2,Accumbens_shell,LimbicB,left,right
224,160,0.005,cross_hemi_diff_network,NAc-shell-lh,RH_LimbicA_TempPole_1,Accumbens_shell,LimbicA,left,right
224,161,0.005,cross_hemi_diff_network,NAc-shell-lh,RH_LimbicA_TempPole_2,Accumbens_shell,LimbicA,left,right
224,162,0.005,cross_hemi_diff_network,NAc-shell-lh,RH_LimbicA_TempPole_3,Accumbens_shell,LimbicA,left,right
224,169,0.005,cross_hemi_diff_network,NAc-shell-lh,RH_ContA_Cingm_1,Accumbens_shell,ContA,left,right
224,174,0.005,cross_hemi_diff_network,NAc-shell-lh,RH_ContB_PFCld_1,Accumbens_shell,ContB,left,right
224,176,0.005,cross_hemi_diff_network,NAc-shell-lh,RH_ContB_PFClv_1,Accumbens_shell,ContB,left,right
224,187,0.015,cross_hemi_diff_network,NAc-shell-lh,RH_DefaultA_PFCm_2,Accumbens_shell,DefaultA,left,right
224,198,0.005,cross_hemi_diff_network,NAc-shell-lh,RH_TempPar_3,Accumbens_shell,TempPar,left,right
224,201,0.015,cross_hemi_diff_network,NAc-shell-lh,pHIP-rh,Accumbens_shell,Hippocampus_post,left,right
224,202,0.015,cross_hemi_diff_network,NAc-shell-lh,lAMY-rh,Accumbens_shell,Amygdala_lat,left,right
224,204,0.01,cross_hemi_diff_network,NAc-shell-lh,THA-DP-rh,Accumbens_shell,Thalamus_DP,left,right
224,209,0.02,cross_hemi_diff_network,NAc-shell-lh,NAc-core-rh,Accumbens_shell,Accumbens_core,left,right
224,210,0.02,cross_hemi_diff_network,NAc-shell-lh,pGP-rh,Accumbens_shell,Pallidum_post,left,right
224,211,0.035,cross_hemi_diff_network,NAc-shell-lh,aGP-rh,Accumbens_shell,Pallidum_ant,left,right
224,214,0.005,cross_hemi_diff_network,NAc-shell-lh,aCAU-rh,Accumbens_shell,Caudate_ant,left,right
224,217,0.005,cross_network_same_hemi,NAc-shell-lh,pHIP-lh,Accumbens_shell,Hippocampus_post,left,left
224,218,0.005,cross_network_same_hemi,NAc-shell-lh,lAMY-lh,Accumbens_shell,Amygdala_lat,left,left
224,225,0.005,cross_network_same_hemi,NAc-shell-lh,NAc-core-lh,Accumbens_shell,Accumbens_core,left,left
224,227,0.03,cross_network_same_hemi,NAc-shell-lh,aGP-lh,Accumbens_shell,Pallidum_ant,left,left
224,230,0.005,cross_network_same_hemi,NAc-shell-lh,aCAU-lh,Accumbens_shell,Caudate_ant,left,left
225,0,0.005,cross_network_same_hemi,NAc-core-lh,LH_VisCent_ExStr_2,Accumbens_core,VisCent,left,left
225,27,0.005,cross_network_same_hemi,NAc-core-lh,LH_SomMotB_Cent_2,Accumbens_core,SomMotB,left,left
225,33,0.005,cross_network_same_hemi,NAc-core-lh,LH_DorsAttnA_SPL_3,Accumbens_core,DorsAttnA,left,left
225,50,0.005,cross_network_same_hemi,NAc-core-lh,LH_LimbicB_OFC_1,Accumbens_core,LimbicB,left,left
225,55,0.005,cross_network_same_hemi,NAc-core-lh,LH_LimbicA_TempPole_4,Accumbens_core,LimbicA,left,left
225,104,0.005,cross_hemi_diff_network,NAc-core-lh,RH_VisCent_ExStr_4,Accumbens_core,VisCent,left,right
225,143,0.005,cross_hemi_diff_network,NAc-core-lh,RH_SalVentAttnA_Ins_1,Accumbens_core,SalVentAttnA,left,right
225,153,0.005,cross_hemi_diff_network,NAc-core-lh,RH_SalVentAttnB_Ins_1,Accumbens_core,SalVentAttnB,left,right
225,156,0.005,cross_hemi_diff_network,NAc-core-lh,RH_LimbicB_OFC_1,Accumbens_core,LimbicB,left,right
225,162,0.005,cross_hemi_diff_network,NAc-core-lh,RH_LimbicA_TempPole_3,Accumbens_core,LimbicA,left,right
225,169,0.005,cross_hemi_diff_network,NAc-core-lh,RH_ContA_Cingm_1,Accumbens_core,ContA,left,right
225,187,0.015,cross_hemi_diff_network,NAc-core-lh,RH_DefaultA_PFCm_2,Accumbens_core,DefaultA,left,right
225,201,0.005,cross_hemi_diff_network,NAc-core-lh,pHIP-rh,Accumbens_core,Hippocampus_post,left,right
225,202,0.005,cross_hemi_diff_network,NAc-core-lh,lAMY-rh,Accumbens_core,Amygdala_lat,left,right
225,205,0.005,cross_hemi_diff_network,NAc-core-lh,THA-VP-rh,Accumbens_core,Thalamus_VP,left,right
225,207,0.005,cross_hemi_diff_network,NAc-core-lh,THA-DA-rh,Accumbens_core,Thalamus_DA,left,right
225,208,0.03,cross_hemi_diff_network,NAc-core-lh,NAc-shell-rh,Accumbens_core,Accumbens_shell,left,right
225,211,0.03,cross_hemi_diff_network,NAc-core-lh,aGP-rh,Accumbens_core,Pallidum_ant,left,right
225,212,0.005,cross_hemi_diff_network,NAc-core-lh,aPUT-rh,Accumbens_core,Putamen_ant,left,right
225,221,0.01,cross_network_same_hemi,NAc-core-lh,THA-VP-lh,Accumbens_core,Thalamus_VP,left,left
225,223,0.005,cross_network_same_hemi,NAc-core-lh,THA-DA-lh,Accumbens_core,Thalamus_DA,left,left
225,224,0.005,cross_network_same_hemi,NAc-core-lh,NAc-shell-lh,Accumbens_core,Accumbens_shell,left,left
225,226,0.01,cross_network_same_hemi,NAc-core-lh,pGP-lh,Accumbens_core,Pallidum_post,left,left
225,227,0.03,cross_network_same_hemi,NAc-core-lh,aGP-lh,Accumbens_core,Pallidum_ant,left,left
225,229,0.005,cross_network_same_hemi,NAc-core-lh,pPUT-lh,Accumbens_core,Putamen_post,left,left
226,8,0.01,cross_network_same_hemi,pGP-lh,LH_VisPeri_ExStrInf_3,Pallidum_post,VisPeri,left,left
226,15,0.005,cross_network_same_hemi,pGP-lh,LH_SomMotA_4,Pallidum_post,SomMotA,left,left
226,21,0.005,cross_network_same_hemi,pGP-lh,LH_SomMotB_Aud_2,Pallidum_post,SomMotB,left,left
226,22,0.01,cross_network_same_hemi,pGP-lh,LH_SomMotB_S2_1,Pallidum_post,SomMotB,left,left
226,24,0.005,cross_network_same_hemi,pGP-lh,LH_SomMotB_Aud_3,Pallidum_post,SomMotB,left,left
226,33,0.005,cross_network_same_hemi,pGP-lh,LH_DorsAttnA_SPL_3,Pallidum_post,DorsAttnA,left,left
226,43,0.01,cross_network_same_hemi,pGP-lh,LH_SalVentAttnA_ParMed_1,Pallidum_post,SalVentAttnA,left,left
226,52,0.005,cross_network_same_hemi,pGP-lh,LH_LimbicA_TempPole_1,Pallidum_post,LimbicA,left,left
226,55,0.005,cross_network_same_hemi,pGP-lh,LH_LimbicA_TempPole_4,Pallidum_post,LimbicA,left,left
226,56,0.005,cross_network_same_hemi,pGP-lh,LH_ContA_Temp_1,Pallidum_post,ContA,left,left
226,65,0.005,cross_network_same_hemi,pGP-lh,LH_ContA_Cingm_1,Pallidum_post,ContA,left,left
226,69,0.005,cross_network_same_hemi,pGP-lh,LH_ContB_PFClv_1,Pallidum_post,ContB,left,left
226,86,0.005,cross_network_same_hemi,pGP-lh,LH_DefaultB_IPL_1,Pallidum_post,DefaultB,left,left
226,98,0.005,cross_network_same_hemi,pGP-lh,LH_TempPar_1,Pallidum_post,TempPar,left,left
226,99,0.01,cross_network_same_hemi,pGP-lh,LH_TempPar_2,Pallidum_post,TempPar,left,left
226,114,0.005,cross_hemi_diff_network,pGP-lh,RH_SomMotA_3,Pallidum_post,SomMotA,left,right
226,127,0.005,cross_hemi_diff_network,pGP-lh,RH_SomMotB_S2_3,Pallidum_post,SomMotB,left,right
226,142,0.005,cross_hemi_diff_network,pGP-lh,RH_SalVentAttnA_PrC_1,Pallidum_post,SalVentAttnA,left,right
226,143,0.01,cross_hemi_diff_network,pGP-lh,RH_SalVentAttnA_Ins_1,Pallidum_post,SalVentAttnA,left,right
226,144,0.01,cross_hemi_diff_network,pGP-lh,RH_SalVentAttnA_Ins_2,Pallidum_post,SalVentAttnA,left,right
226,147,0.01,cross_hemi_diff_network,pGP-lh,RH_SalVentAttnA_ParMed_1,Pallidum_post,SalVentAttnA,left,right
226,152,0.005,cross_hemi_diff_network,pGP-lh,RH_SalVentAttnB_PFCl_1,Pallidum_post,SalVentAttnB,left,right
226,156,0.01,cross_hemi_diff_network,pGP-lh,RH_LimbicB_OFC_1,Pallidum_post,LimbicB,left,right
226,160,0.005,cross_hemi_diff_network,pGP-lh,RH_LimbicA_TempPole_1,Pallidum_post,LimbicA,left,right
226,162,0.005,cross_hemi_diff_network,pGP-lh,RH_LimbicA_TempPole_3,Pallidum_post,LimbicA,left,right
226,166,0.005,cross_hemi_diff_network,pGP-lh,RH_ContA_PFCd_1,Pallidum_post,ContA,left,right
226,167,0.005,cross_hemi_diff_network,pGP-lh,RH_ContA_PFCl_1,Pallidum_post,ContA,left,right
226,169,0.005,cross_hemi_diff_network,pGP-lh,RH_ContA_Cingm_1,Pallidum_post,ContA,left,right
226,171,0.005,cross_hemi_diff_network,pGP-lh,RH_ContB_Temp_2,Pallidum_post,ContB,left,right
226,187,0.01,cross_hemi_diff_network,pGP-lh,RH_DefaultA_PFCm_2,Pallidum_post,DefaultA,left,right
226,201,0.03,cross_hemi_diff_network,pGP-lh,pHIP-rh,Pallidum_post,Hippocampus_post,left,right
226,204,0.02,cross_hemi_diff_network,pGP-lh,THA-DP-rh,Pallidum_post,Thalamus_DP,left,right
226,205,0.03,cross_hemi_diff_network,pGP-lh,THA-VP-rh,Pallidum_post,Thalamus_VP,left,right
226,207,0.005,cross_hemi_diff_network,pGP-lh,THA-DA-rh,Pallidum_post,Thalamus_DA,left,right
226,208,0.01,cross_hemi_diff_network,pGP-lh,NAc-shell-rh,Pallidum_post,Accumbens_shell,left,right
226,210,0.075,within_network,pGP-lh,pGP-rh,Pallidum_post,Pallidum_post,left,right
226,211,0.065,cross_hemi_diff_network,pGP-lh,aGP-rh,Pallidum_post,Pallidum_ant,left,right
226,213,0.005,cross_hemi_diff_network,pGP-lh,pPUT-rh,Pallidum_post,Putamen_post,left,right
226,217,0.02,cross_network_same_hemi,pGP-lh,pHIP-lh,Pallidum_post,Hippocampus_post,left,left
226,218,0.015,cross_network_same_hemi,pGP-lh,lAMY-lh,Pallidum_post,Amygdala_lat,left,left
226,219,0.01,cross_network_same_hemi,pGP-lh,mAMY-lh,Pallidum_post,Amygdala_med,left,left
226,220,0.01,cross_network_same_hemi,pGP-lh,THA-DP-lh,Pallidum_post,Thalamus_DP,left,left
226,221,0.025,cross_network_same_hemi,pGP-lh,THA-VP-lh,Pallidum_post,Thalamus_VP,left,left
226,223,0.01,cross_network_same_hemi,pGP-lh,THA-DA-lh,Pallidum_post,Thalamus_DA,left,left
226,224,0.015,cross_network_same_hemi,pGP-lh,NAc-shell-lh,Pallidum_post,Accumbens_shell,left,left
226,225,0.015,cross_network_same_hemi,pGP-lh,NAc-core-lh,Pallidum_post,Accumbens_core,left,left
226,227,0.025,cross_network_same_hemi,pGP-lh,aGP-lh,Pallidum_post,Pallidum_ant,left,left
226,231,0.005,cross_network_same_hemi,pGP-lh,pCAU-lh,Pallidum_post,Caudate_post,left,left
227,24,0.005,cross_network_same_hemi,aGP-lh,LH_SomMotB_Aud_3,Pallidum_ant,SomMotB,left,left
227,30,0.01,cross_network_same_hemi,aGP-lh,LH_DorsAttnA_ParOcc_1,Pallidum_ant,DorsAttnA,left,left
227,40,0.005,cross_network_same_hemi,aGP-lh,LH_SalVentAttnA_Ins_1,Pallidum_ant,SalVentAttnA,left,left
227,47,0.01,cross_network_same_hemi,aGP-lh,LH_SalVentAttnB_PFCl_1,Pallidum_ant,SalVentAttnB,left,left
227,48,0.005,cross_network_same_hemi,aGP-lh,LH_SalVentAttnB_Ins_1,Pallidum_ant,SalVentAttnB,left,left
227,54,0.015,cross_network_same_hemi,aGP-lh,LH_LimbicA_TempPole_3,Pallidum_ant,LimbicA,left,left
227,55,0.01,cross_network_same_hemi,aGP-lh,LH_LimbicA_TempPole_4,Pallidum_ant,LimbicA,left,left
227,59,0.005,cross_network_same_hemi,aGP-lh,LH_ContA_IPS_3,Pallidum_ant,ContA,left,left
227,60,0.005,cross_network_same_hemi,aGP-lh,LH_ContA_PFCd_1,Pallidum_ant,ContA,left,left
227,65,0.005,cross_network_same_hemi,aGP-lh,LH_ContA_Cingm_1,Pallidum_ant,ContA,left,left
227,67,0.005,cross_network_same_hemi,aGP-lh,LH_ContB_IPL_1,Pallidum_ant,ContB,left,left
227,70,0.01,cross_network_same_hemi,aGP-lh,LH_ContB_PFClv_2,Pallidum_ant,ContB,left,left
227,86,0.005,cross_network_same_hemi,aGP-lh,LH_DefaultB_IPL_1,Pallidum_ant,DefaultB,left,left
227,93,0.005,cross_network_same_hemi,aGP-lh,LH_DefaultB_PFCv_3,Pallidum_ant,DefaultB,left,left
227,98,0.01,cross_network_same_hemi,aGP-lh,LH_TempPar_1,Pallidum_ant,TempPar,left,left
227,103,0.005,cross_hemi_diff_network,aGP-lh,RH_VisCent_ExStr_3,Pallidum_ant,VisCent,left,right
227,106,0.005,cross_hemi_diff_network,aGP-lh,RH_VisPeri_ExStrInf_1,Pallidum_ant,VisPeri,left,right
227,140,0.005,cross_hemi_diff_network,aGP-lh,RH_DorsAttnB_FEF_1,Pallidum_ant,DorsAttnB,left,right
227,147,0.01,cross_hemi_diff_network,aGP-lh,RH_SalVentAttnA_ParMed_1,Pallidum_ant,SalVentAttnA,left,right
227,148,0.005,cross_hemi_diff_network,aGP-lh,RH_SalVentAttnA_ParMed_2,Pallidum_ant,SalVentAttnA,left,right
227,152,0.005,cross_hemi_diff_network,aGP-lh,RH_SalVentAttnB_PFCl_1,Pallidum_ant,SalVentAttnB,left,right
227,153,0.015,cross_hemi_diff_network,aGP-lh,RH_SalVentAttnB_Ins_1,Pallidum_ant,SalVentAttnB,left,right
227,156,0.005,cross_hemi_diff_network,aGP-lh,RH_LimbicB_OFC_1,Pallidum_ant,LimbicB,left,right
227,160,0.005,cross_hemi_diff_network,aGP-lh,RH_LimbicA_TempPole_1,Pallidum_ant,LimbicA,left,right
227,161,0.01,cross_hemi_diff_network,aGP-lh,RH_LimbicA_TempPole_2,Pallidum_ant,LimbicA,left,right
227,168,0.005,cross_hemi_diff_network,aGP-lh,RH_ContA_PFCl_2,Pallidum_ant,ContA,left,right
227,169,0.005,cross_hemi_diff_network,aGP-lh,RH_ContA_Cingm_1,Pallidum_ant,ContA,left,right
227,174,0.005,cross_hemi_diff_network,aGP-lh,RH_ContB_PFCld_1,Pallidum_ant,ContB,left,right
227,178,0.005,cross_hemi_diff_network,aGP-lh,RH_ContB_PFCmp_1,Pallidum_ant,ContB,left,right
227,182,0.005,cross_hemi_diff_network,aGP-lh,RH_ContC_Cingp_1,Pallidum_ant,ContC,left,right
227,183,0.005,cross_hemi_diff_network,aGP-lh,RH_DefaultA_IPL_1,Pallidum_ant,DefaultA,left,right
227,187,0.02,cross_hemi_diff_network,aGP-lh,RH_DefaultA_PFCm_2,Pallidum_ant,DefaultA,left,right
227,193,0.005,cross_hemi_diff_network,aGP-lh,RH_DefaultC_IPL_1,Pallidum_ant,DefaultC,left,right
227,197,0.005,cross_hemi_diff_network,aGP-lh,RH_TempPar_2,Pallidum_ant,TempPar,left,right
227,198,0.005,cross_hemi_diff_network,aGP-lh,RH_TempPar_3,Pallidum_ant,TempPar,left,right
227,199,0.005,cross_hemi_diff_network,aGP-lh,RH_TempPar_4,Pallidum_ant,TempPar,left,right
227,201,0.01,cross_hemi_diff_network,aGP-lh,pHIP-rh,Pallidum_ant,Hippocampus_post,left,right
227,202,0.01,cross_hemi_diff_network,aGP-lh,lAMY-rh,Pallidum_ant,Amygdala_lat,left,right
227,203,0.005,cross_hemi_diff_network,aGP-lh,mAMY-rh,Pallidum_ant,Amygdala_med,left,right
227,204,0.02,cross_hemi_diff_network,aGP-lh,THA-DP-rh,Pallidum_ant,Thalamus_DP,left,right
227,205,0.02,cross_hemi_diff_network,aGP-lh,THA-VP-rh,Pallidum_ant,Thalamus_VP,left,right
227,208,0.015,cross_hemi_diff_network,aGP-lh,NAc-shell-rh,Pallidum_ant,Accumbens_shell,left,right
227,209,0.02,cross_hemi_diff_network,aGP-lh,NAc-core-rh,Pallidum_ant,Accumbens_core,left,right
227,210,0.185,cross_hemi_diff_network,aGP-lh,pGP-rh,Pallidum_ant,Pallidum_post,left,right
227,211,0.065,within_network,aGP-lh,aGP-rh,Pallidum_ant,Pallidum_ant,left,right
227,213,0.005,cross_hemi_diff_network,aGP-lh,pPUT-rh,Pallidum_ant,Putamen_post,left,right
227,214,0.005,cross_hemi_diff_network,aGP-lh,aCAU-rh,Pallidum_ant,Caudate_ant,left,right
227,216,0.005,cross_network_same_hemi,aGP-lh,aHIP-lh,Pallidum_ant,Hippocampus_ant,left,left
227,217,0.01,cross_network_same_hemi,aGP-lh,pHIP-lh,Pallidum_ant,Hippocampus_post,left,left
227,218,0.02,cross_network_same_hemi,aGP-lh,lAMY-lh,Pallidum_ant,Amygdala_lat,left,left
227,219,0.01,cross_network_same_hemi,aGP-lh,mAMY-lh,Pallidum_ant,Amygdala_med,left,left
227,220,0.02,cross_network_same_hemi,aGP-lh,THA-DP-lh,Pallidum_ant,Thalamus_DP,left,left
227,221,0.015,cross_network_same_hemi,aGP-lh,THA-VP-lh,Pallidum_ant,Thalamus_VP,left,left
227,224,0.015,cross_network_same_hemi,aGP-lh,NAc-shell-lh,Pallidum_ant,Accumbens_shell,left,left
227,225,0.02,cross_network_same_hemi,aGP-lh,NAc-core-lh,Pallidum_ant,Accumbens_core,left,left
227,226,0.015,cross_network_same_hemi,aGP-lh,pGP-lh,Pallidum_ant,Pallidum_post,left,left
227,229,0.015,cross_network_same_hemi,aGP-lh,pPUT-lh,Pallidum_ant,Putamen_post,left,left
227,230,0.005,cross_network_same_hemi,aGP-lh,aCAU-lh,Pallidum_ant,Caudate_ant,left,left
228,40,0.005,cross_network_same_hemi,aPUT-lh,LH_SalVentAttnA_Ins_1,Putamen_ant,SalVentAttnA,left,left
228,42,0.005,cross_network_same_hemi,aPUT-lh,LH_SalVentAttnA_FrOper_2,Putamen_ant,SalVentAttnA,left,left
228,45,0.005,cross_network_same_hemi,aPUT-lh,LH_SalVentAttnA_FrMed_2,Putamen_ant,SalVentAttnA,left,left
228,143,0.005,cross_hemi_diff_network,aPUT-lh,RH_SalVentAttnA_Ins_1,Putamen_ant,SalVentAttnA,left,right
228,144,0.005,cross_hemi_diff_network,aPUT-lh,RH_SalVentAttnA_Ins_2,Putamen_ant,SalVentAttnA,left,right
228,147,0.005,cross_hemi_diff_network,aPUT-lh,RH_SalVentAttnA_ParMed_1,Putamen_ant,SalVentAttnA,left,right
228,208,0.02,cross_hemi_diff_network,aPUT-lh,NAc-shell-rh,Putamen_ant,Accumbens_shell,left,right
228,209,0.005,cross_hemi_diff_network,aPUT-lh,NAc-core-rh,Putamen_ant,Accumbens_core,left,right
228,210,0.02,cross_hemi_diff_network,aPUT-lh,pGP-rh,Putamen_ant,Pallidum_post,left,right
228,211,0.01,cross_hemi_diff_network,aPUT-lh,aGP-rh,Putamen_ant,Pallidum_ant,left,right
228,214,0.005,cross_hemi_diff_network,aPUT-lh,aCAU-rh,Putamen_ant,Caudate_ant,left,right
228,222,0.005,cross_network_same_hemi,aPUT-lh,THA-VA-lh,Putamen_ant,Thalamus_VA,left,left
228,224,0.005,cross_network_same_hemi,aPUT-lh,NAc-shell-lh,Putamen_ant,Accumbens_shell,left,left
228,226,0.005,cross_network_same_hemi,aPUT-lh,pGP-lh,Putamen_ant,Pallidum_post,left,left
229,22,0.01,cross_network_same_hemi,pPUT-lh,LH_SomMotB_S2_1,Putamen_post,SomMotB,left,left
229,24,0.005,cross_network_same_hemi,pPUT-lh,LH_SomMotB_Aud_3,Putamen_post,SomMotB,left,left
229,54,0.005,cross_network_same_hemi,pPUT-lh,LH_LimbicA_TempPole_3,Putamen_post,LimbicA,left,left
229,55,0.005,cross_network_same_hemi,pPUT-lh,LH_LimbicA_TempPole_4,Putamen_post,LimbicA,left,left
229,99,0.005,cross_network_same_hemi,pPUT-lh,LH_TempPar_2,Putamen_post,TempPar,left,left
229,118,0.005,cross_hemi_diff_network,pPUT-lh,RH_SomMotA_7,Putamen_post,SomMotA,left,right
229,121,0.005,cross_hemi_diff_network,pPUT-lh,RH_SomMotA_10,Putamen_post,SomMotA,left,right
229,125,0.005,cross_hemi_diff_network,pPUT-lh,RH_SomMotB_S2_1,Putamen_post,SomMotB,left,right
229,128,0.005,cross_hemi_diff_network,pPUT-lh,RH_SomMotB_S2_4,Putamen_post,SomMotB,left,right
229,144,0.005,cross_hemi_diff_network,pPUT-lh,RH_SalVentAttnA_Ins_2,Putamen_post,SalVentAttnA,left,right
229,156,0.005,cross_hemi_diff_network,pPUT-lh,RH_LimbicB_OFC_1,Putamen_post,LimbicB,left,right
229,162,0.005,cross_hemi_diff_network,pPUT-lh,RH_LimbicA_TempPole_3,Putamen_post,LimbicA,left,right
229,187,0.01,cross_hemi_diff_network,pPUT-lh,RH_DefaultA_PFCm_2,Putamen_post,DefaultA,left,right
229,192,0.005,cross_hemi_diff_network,pPUT-lh,RH_DefaultB_PFCv_1,Putamen_post,DefaultB,left,right
229,204,0.005,cross_hemi_diff_network,pPUT-lh,THA-DP-rh,Putamen_post,Thalamus_DP,left,right
229,205,0.005,cross_hemi_diff_network,pPUT-lh,THA-VP-rh,Putamen_post,Thalamus_VP,left,right
229,210,0.04,cross_hemi_diff_network,pPUT-lh,pGP-rh,Putamen_post,Pallidum_post,left,right
229,211,0.005,cross_hemi_diff_network,pPUT-lh,aGP-rh,Putamen_post,Pallidum_ant,left,right
229,215,0.005,cross_hemi_diff_network,pPUT-lh,pCAU-rh,Putamen_post,Caudate_post,left,right
229,219,0.005,cross_network_same_hemi,pPUT-lh,mAMY-lh,Putamen_post,Amygdala_med,left,left
229,221,0.005,cross_network_same_hemi,pPUT-lh,THA-VP-lh,Putamen_post,Thalamus_VP,left,left
229,224,0.005,cross_network_same_hemi,pPUT-lh,NAc-shell-lh,Putamen_post,Accumbens_shell,left,left
229,225,0.005,cross_network_same_hemi,pPUT-lh,NAc-core-lh,Putamen_post,Accumbens_core,left,left
229,226,0.01,cross_network_same_hemi,pPUT-lh,pGP-lh,Putamen_post,Pallidum_post,left,left
229,227,0.05,cross_network_same_hemi,pPUT-lh,aGP-lh,Putamen_post,Pallidum_ant,left,left
230,63,0.005,cross_network_same_hemi,aCAU-lh,LH_ContA_PFCl_2,Caudate_ant,ContA,left,left
230,187,0.005,cross_hemi_diff_network,aCAU-lh,RH_DefaultA_PFCm_2,Caudate_ant,DefaultA,left,right
230,208,0.015,cross_hemi_diff_network,aCAU-lh,NAc-shell-rh,Caudate_ant,Accumbens_shell,left,right
230,211,0.02,cross_hemi_diff_network,aCAU-lh,aGP-rh,Caudate_ant,Pallidum_ant,left,right
230,215,0.005,cross_hemi_diff_network,aCAU-lh,pCAU-rh,Caudate_ant,Caudate_post,left,right
230,218,0.005,cross_network_same_hemi,aCAU-lh,lAMY-lh,Caudate_ant,Amygdala_lat,left,left
230,224,0.01,cross_network_same_hemi,aCAU-lh,NAc-shell-lh,Caudate_ant,Accumbens_shell,left,left
230,225,0.02,cross_network_same_hemi,aCAU-lh,NAc-core-lh,Caudate_ant,Accumbens_core,left,left
230,227,0.005,cross_network_same_hemi,aCAU-lh,aGP-lh,Caudate_ant,Pallidum_ant,left,left
231,47,0.005,cross_network_same_hemi,pCAU-lh,LH_SalVentAttnB_PFCl_1,Caudate_post,SalVentAttnB,left,left
231,50,0.005,cross_network_same_hemi,pCAU-lh,LH_LimbicB_OFC_1,Caudate_post,LimbicB,left,left
231,92,0.005,cross_network_same_hemi,pCAU-lh,LH_DefaultB_PFCv_2,Caudate_post,DefaultB,left,left
231,153,0.005,cross_hemi_diff_network,pCAU-lh,RH_SalVentAttnB_Ins_1,Caudate_post,SalVentAttnB,left,right
231,161,0.005,cross_hemi_diff_network,pCAU-lh,RH_LimbicA_TempPole_2,Caudate_post,LimbicA,left,right
231,178,0.005,cross_hemi_diff_network,pCAU-lh,RH_ContB_PFCmp_1,Caudate_post,ContB,left,right
231,204,0.005,cross_hemi_diff_network,pCAU-lh,THA-DP-rh,Caudate_post,Thalamus_DP,left,right
231,207,0.005,cross_hemi_diff_network,pCAU-lh,THA-DA-rh,Caudate_post,Thalamus_DA,left,right
231,209,0.01,cross_hemi_diff_network,pCAU-lh,NAc-core-rh,Caudate_post,Accumbens_core,left,right
231,211,0.015,cross_hemi_diff_network,pCAU-lh,aGP-rh,Caudate_post,Pallidum_ant,left,right
231,213,0.01,cross_hemi_diff_network,pCAU-lh,pPUT-rh,Caudate_post,Putamen_post,left,right
231,225,0.01,cross_network_same_hemi,pCAU-lh,NAc-core-lh,Caudate_post,Accumbens_core,left,left
231,226,0.015,cross_network_same_hemi,pCAU-lh,pGP-lh,Caudate_post,Pallidum_post,left,left
231,227,0.005,cross_network_same_hemi,pCAU-lh,aGP-lh,Caudate_post,Pallidum_ant,left,left
