true_idx,pred_idx,error_rate,error_type,true_region,pred_region,true_network,pred_network,true_hemisphere,pred_hemisphere
0,27,0.004464285714285714,cross_network_same_hemi,LH_VisCent_ExStr_2,LH_SomMotB_Cent_2,VisCent,SomMotB,left,left
0,47,0.004464285714285714,cross_network_same_hemi,LH_VisCent_ExStr_2,LH_SalVentAttnB_PFCl_1,VisCent,SalVentAttnB,left,left
0,50,0.004464285714285714,cross_network_same_hemi,LH_VisCent_ExStr_2,LH_LimbicB_OFC_1,VisCent,LimbicB,left,left
0,136,0.004464285714285714,cross_hemi_diff_network,LH_VisCent_ExStr_2,RH_DorsAttnB_PostC_1,VisCent,DorsAttnB,left,right
0,144,0.004464285714285714,cross_hemi_diff_network,LH_VisCent_ExStr_2,RH_SalVentAttnA_Ins_2,VisCent,SalVentAttnA,left,right
0,171,0.004464285714285714,cross_hemi_diff_network,LH_VisCent_ExStr_2,RH_ContB_Temp_2,VisCent,ContB,left,right
0,187,0.004464285714285714,cross_hemi_diff_network,LH_VisCent_ExStr_2,RH_DefaultA_PFCm_2,VisCent,DefaultA,left,right
0,210,0.004464285714285714,cross_hemi_diff_network,LH_VisCent_ExStr_2,pGP-rh,VisCent,Pallidum_post,left,right
0,211,0.008928571428571428,cross_hemi_diff_network,LH_VisCent_ExStr_2,aGP-rh,VisCent,Pallidum_ant,left,right
0,220,0.004464285714285714,cross_network_same_hemi,LH_VisCent_ExStr_2,THA-DP-lh,VisCent,Thalamus_DP,left,left
0,227,0.008928571428571428,cross_network_same_hemi,LH_VisCent_ExStr_2,aGP-lh,VisCent,Pallidum_ant,left,left
1,0,0.004464285714285714,within_network,LH_VisCent_ExStr_1,LH_VisCent_ExStr_2,VisCent,VisCent,left,left
1,8,0.004464285714285714,cross_network_same_hemi,LH_VisCent_ExStr_1,LH_VisPeri_ExStrInf_3,VisCent,VisPeri,left,left
1,27,0.004464285714285714,cross_network_same_hemi,LH_VisCent_ExStr_1,LH_SomMotB_Cent_2,VisCent,SomMotB,left,left
1,59,0.004464285714285714,cross_network_same_hemi,LH_VisCent_ExStr_1,LH_ContA_IPS_3,VisCent,ContA,left,left
1,163,0.004464285714285714,cross_hemi_diff_network,LH_VisCent_ExStr_1,RH_LimbicA_TempPole_4,VisCent,LimbicA,left,right
2,227,0.004464285714285714,cross_network_same_hemi,LH_VisCent_Striate_1,aGP-lh,VisCent,Pallidum_ant,left,left
3,28,0.004464285714285714,cross_network_same_hemi,LH_VisCent_ExStr_3,LH_DorsAttnA_TempOcc_1,VisCent,DorsAttnA,left,left
3,111,0.004464285714285714,cross_hemi_diff_network,LH_VisCent_ExStr_3,RH_VisPeri_ExStrSup_3,VisCent,VisPeri,left,right
3,123,0.004464285714285714,cross_hemi_diff_network,LH_VisCent_ExStr_3,RH_SomMotB_Aud_1,VisCent,SomMotB,left,right
3,143,0.004464285714285714,cross_hemi_diff_network,LH_VisCent_ExStr_3,RH_SalVentAttnA_Ins_1,VisCent,SalVentAttnA,left,right
3,198,0.004464285714285714,cross_hemi_diff_network,LH_VisCent_ExStr_3,RH_TempPar_3,VisCent,TempPar,left,right
3,210,0.004464285714285714,cross_hemi_diff_network,LH_VisCent_ExStr_3,pGP-rh,VisCent,Pallidum_post,left,right
3,224,0.004464285714285714,cross_network_same_hemi,LH_VisCent_ExStr_3,NAc-shell-lh,VisCent,Accumbens_shell,left,left
4,95,0.004464285714285714,cross_network_same_hemi,LH_VisCent_ExStr_4,LH_DefaultC_IPL_1,VisCent,DefaultC,left,left
4,99,0.004464285714285714,cross_network_same_hemi,LH_VisCent_ExStr_4,LH_TempPar_2,VisCent,TempPar,left,left
4,131,0.004464285714285714,cross_hemi_diff_network,LH_VisCent_ExStr_4,RH_DorsAttnA_ParOcc_1,VisCent,DorsAttnA,left,right
4,224,0.004464285714285714,cross_network_same_hemi,LH_VisCent_ExStr_4,NAc-shell-lh,VisCent,Accumbens_shell,left,left
5,8,0.004464285714285714,cross_network_same_hemi,LH_VisCent_ExStr_5,LH_VisPeri_ExStrInf_3,VisCent,VisPeri,left,left
5,131,0.004464285714285714,cross_hemi_diff_network,LH_VisCent_ExStr_5,RH_DorsAttnA_ParOcc_1,VisCent,DorsAttnA,left,right
5,163,0.004464285714285714,cross_hemi_diff_network,LH_VisCent_ExStr_5,RH_LimbicA_TempPole_4,VisCent,LimbicA,left,right
6,30,0.004464285714285714,cross_network_same_hemi,LH_VisPeri_ExStrInf_1,LH_DorsAttnA_ParOcc_1,VisPeri,DorsAttnA,left,left
6,33,0.008928571428571428,cross_network_same_hemi,LH_VisPeri_ExStrInf_1,LH_DorsAttnA_SPL_3,VisPeri,DorsAttnA,left,left
6,163,0.004464285714285714,cross_hemi_diff_network,LH_VisPeri_ExStrInf_1,RH_LimbicA_TempPole_4,VisPeri,LimbicA,left,right
6,201,0.004464285714285714,cross_hemi_diff_network,LH_VisPeri_ExStrInf_1,pHIP-rh,VisPeri,Hippocampus_post,left,right
6,226,0.004464285714285714,cross_network_same_hemi,LH_VisPeri_ExStrInf_1,pGP-lh,VisPeri,Pallidum_post,left,left
6,227,0.004464285714285714,cross_network_same_hemi,LH_VisPeri_ExStrInf_1,aGP-lh,VisPeri,Pallidum_ant,left,left
7,3,0.004464285714285714,cross_network_same_hemi,LH_VisPeri_ExStrInf_2,LH_VisCent_ExStr_3,VisPeri,VisCent,left,left
7,8,0.004464285714285714,within_network,LH_VisPeri_ExStrInf_2,LH_VisPeri_ExStrInf_3,VisPeri,VisPeri,left,left
7,107,0.004464285714285714,within_network,LH_VisPeri_ExStrInf_2,RH_VisPeri_ExStrInf_2,VisPeri,VisPeri,left,right
7,109,0.004464285714285714,within_network,LH_VisPeri_ExStrInf_2,RH_VisPeri_ExStrSup_1,VisPeri,VisPeri,left,right
7,140,0.004464285714285714,cross_hemi_diff_network,LH_VisPeri_ExStrInf_2,RH_DorsAttnB_FEF_1,VisPeri,DorsAttnB,left,right
7,142,0.004464285714285714,cross_hemi_diff_network,LH_VisPeri_ExStrInf_2,RH_SalVentAttnA_PrC_1,VisPeri,SalVentAttnA,left,right
7,147,0.004464285714285714,cross_hemi_diff_network,LH_VisPeri_ExStrInf_2,RH_SalVentAttnA_ParMed_1,VisPeri,SalVentAttnA,left,right
7,204,0.004464285714285714,cross_hemi_diff_network,LH_VisPeri_ExStrInf_2,THA-DP-rh,VisPeri,Thalamus_DP,left,right
7,226,0.004464285714285714,cross_network_same_hemi,LH_VisPeri_ExStrInf_2,pGP-lh,VisPeri,Pallidum_post,left,left
8,7,0.008928571428571428,within_network,LH_VisPeri_ExStrInf_3,LH_VisPeri_ExStrInf_2,VisPeri,VisPeri,left,left
8,15,0.004464285714285714,cross_network_same_hemi,LH_VisPeri_ExStrInf_3,LH_SomMotA_4,VisPeri,SomMotA,left,left
8,27,0.004464285714285714,cross_network_same_hemi,LH_VisPeri_ExStrInf_3,LH_SomMotB_Cent_2,VisPeri,SomMotB,left,left
8,28,0.004464285714285714,cross_network_same_hemi,LH_VisPeri_ExStrInf_3,LH_DorsAttnA_TempOcc_1,VisPeri,DorsAttnA,left,left
8,30,0.004464285714285714,cross_network_same_hemi,LH_VisPeri_ExStrInf_3,LH_DorsAttnA_ParOcc_1,VisPeri,DorsAttnA,left,left
8,45,0.004464285714285714,cross_network_same_hemi,LH_VisPeri_ExStrInf_3,LH_SalVentAttnA_FrMed_2,VisPeri,SalVentAttnA,left,left
8,54,0.004464285714285714,cross_network_same_hemi,LH_VisPeri_ExStrInf_3,LH_LimbicA_TempPole_3,VisPeri,LimbicA,left,left
8,60,0.004464285714285714,cross_network_same_hemi,LH_VisPeri_ExStrInf_3,LH_ContA_PFCd_1,VisPeri,ContA,left,left
8,99,0.004464285714285714,cross_network_same_hemi,LH_VisPeri_ExStrInf_3,LH_TempPar_2,VisPeri,TempPar,left,left
8,109,0.004464285714285714,within_network,LH_VisPeri_ExStrInf_3,RH_VisPeri_ExStrSup_1,VisPeri,VisPeri,left,right
8,143,0.004464285714285714,cross_hemi_diff_network,LH_VisPeri_ExStrInf_3,RH_SalVentAttnA_Ins_1,VisPeri,SalVentAttnA,left,right
8,148,0.004464285714285714,cross_hemi_diff_network,LH_VisPeri_ExStrInf_3,RH_SalVentAttnA_ParMed_2,VisPeri,SalVentAttnA,left,right
8,162,0.004464285714285714,cross_hemi_diff_network,LH_VisPeri_ExStrInf_3,RH_LimbicA_TempPole_3,VisPeri,LimbicA,left,right
8,187,0.008928571428571428,cross_hemi_diff_network,LH_VisPeri_ExStrInf_3,RH_DefaultA_PFCm_2,VisPeri,DefaultA,left,right
8,200,0.004464285714285714,cross_hemi_diff_network,LH_VisPeri_ExStrInf_3,aHIP-rh,VisPeri,Hippocampus_ant,left,right
8,201,0.013392857142857142,cross_hemi_diff_network,LH_VisPeri_ExStrInf_3,pHIP-rh,VisPeri,Hippocampus_post,left,right
8,204,0.004464285714285714,cross_hemi_diff_network,LH_VisPeri_ExStrInf_3,THA-DP-rh,VisPeri,Thalamus_DP,left,right
8,205,0.004464285714285714,cross_hemi_diff_network,LH_VisPeri_ExStrInf_3,THA-VP-rh,VisPeri,Thalamus_VP,left,right
8,208,0.004464285714285714,cross_hemi_diff_network,LH_VisPeri_ExStrInf_3,NAc-shell-rh,VisPeri,Accumbens_shell,left,right
8,210,0.004464285714285714,cross_hemi_diff_network,LH_VisPeri_ExStrInf_3,pGP-rh,VisPeri,Pallidum_post,left,right
8,211,0.004464285714285714,cross_hemi_diff_network,LH_VisPeri_ExStrInf_3,aGP-rh,VisPeri,Pallidum_ant,left,right
8,216,0.004464285714285714,cross_network_same_hemi,LH_VisPeri_ExStrInf_3,aHIP-lh,VisPeri,Hippocampus_ant,left,left
8,217,0.008928571428571428,cross_network_same_hemi,LH_VisPeri_ExStrInf_3,pHIP-lh,VisPeri,Hippocampus_post,left,left
8,218,0.004464285714285714,cross_network_same_hemi,LH_VisPeri_ExStrInf_3,lAMY-lh,VisPeri,Amygdala_lat,left,left
8,221,0.004464285714285714,cross_network_same_hemi,LH_VisPeri_ExStrInf_3,THA-VP-lh,VisPeri,Thalamus_VP,left,left
8,224,0.004464285714285714,cross_network_same_hemi,LH_VisPeri_ExStrInf_3,NAc-shell-lh,VisPeri,Accumbens_shell,left,left
8,226,0.008928571428571428,cross_network_same_hemi,LH_VisPeri_ExStrInf_3,pGP-lh,VisPeri,Pallidum_post,left,left
8,229,0.004464285714285714,cross_network_same_hemi,LH_VisPeri_ExStrInf_3,pPUT-lh,VisPeri,Putamen_post,left,left
10,8,0.008928571428571428,within_network,LH_VisPeri_ExStrSup_1,LH_VisPeri_ExStrInf_3,VisPeri,VisPeri,left,left
10,95,0.004464285714285714,cross_network_same_hemi,LH_VisPeri_ExStrSup_1,LH_DefaultC_IPL_1,VisPeri,DefaultC,left,left
10,99,0.004464285714285714,cross_network_same_hemi,LH_VisPeri_ExStrSup_1,LH_TempPar_2,VisPeri,TempPar,left,left
10,163,0.004464285714285714,cross_hemi_diff_network,LH_VisPeri_ExStrSup_1,RH_LimbicA_TempPole_4,VisPeri,LimbicA,left,right
10,187,0.004464285714285714,cross_hemi_diff_network,LH_VisPeri_ExStrSup_1,RH_DefaultA_PFCm_2,VisPeri,DefaultA,left,right
10,211,0.004464285714285714,cross_hemi_diff_network,LH_VisPeri_ExStrSup_1,aGP-rh,VisPeri,Pallidum_ant,left,right
10,217,0.004464285714285714,cross_network_same_hemi,LH_VisPeri_ExStrSup_1,pHIP-lh,VisPeri,Hippocampus_post,left,left
11,107,0.004464285714285714,within_network,LH_VisPeri_ExStrSup_2,RH_VisPeri_ExStrInf_2,VisPeri,VisPeri,left,right
12,22,0.004464285714285714,cross_network_same_hemi,LH_SomMotA_1,LH_SomMotB_S2_1,SomMotA,SomMotB,left,left
12,27,0.004464285714285714,cross_network_same_hemi,LH_SomMotA_1,LH_SomMotB_Cent_2,SomMotA,SomMotB,left,left
12,35,0.004464285714285714,cross_network_same_hemi,LH_SomMotA_1,LH_DorsAttnB_PostC_2,SomMotA,DorsAttnB,left,left
12,54,0.004464285714285714,cross_network_same_hemi,LH_SomMotA_1,LH_LimbicA_TempPole_3,SomMotA,LimbicA,left,left
12,86,0.004464285714285714,cross_network_same_hemi,LH_SomMotA_1,LH_DefaultB_IPL_1,SomMotA,DefaultB,left,left
12,98,0.004464285714285714,cross_network_same_hemi,LH_SomMotA_1,LH_TempPar_1,SomMotA,TempPar,left,left
12,120,0.004464285714285714,within_network,LH_SomMotA_1,RH_SomMotA_9,SomMotA,SomMotA,left,right
12,154,0.004464285714285714,cross_hemi_diff_network,LH_SomMotA_1,RH_SalVentAttnB_Ins_2,SomMotA,SalVentAttnB,left,right
12,162,0.004464285714285714,cross_hemi_diff_network,LH_SomMotA_1,RH_LimbicA_TempPole_3,SomMotA,LimbicA,left,right
12,203,0.004464285714285714,cross_hemi_diff_network,LH_SomMotA_1,mAMY-rh,SomMotA,Amygdala_med,left,right
12,205,0.004464285714285714,cross_hemi_diff_network,LH_SomMotA_1,THA-VP-rh,SomMotA,Thalamus_VP,left,right
12,211,0.004464285714285714,cross_hemi_diff_network,LH_SomMotA_1,aGP-rh,SomMotA,Pallidum_ant,left,right
12,222,0.004464285714285714,cross_network_same_hemi,LH_SomMotA_1,THA-VA-lh,SomMotA,Thalamus_VA,left,left
12,226,0.004464285714285714,cross_network_same_hemi,LH_SomMotA_1,pGP-lh,SomMotA,Pallidum_post,left,left
13,19,0.004464285714285714,within_network,LH_SomMotA_2,LH_SomMotA_8,SomMotA,SomMotA,left,left
13,20,0.004464285714285714,cross_network_same_hemi,LH_SomMotA_2,LH_SomMotB_Aud_1,SomMotA,SomMotB,left,left
13,24,0.004464285714285714,cross_network_same_hemi,LH_SomMotA_2,LH_SomMotB_Aud_3,SomMotA,SomMotB,left,left
13,30,0.004464285714285714,cross_network_same_hemi,LH_SomMotA_2,LH_DorsAttnA_ParOcc_1,SomMotA,DorsAttnA,left,left
13,54,0.008928571428571428,cross_network_same_hemi,LH_SomMotA_2,LH_LimbicA_TempPole_3,SomMotA,LimbicA,left,left
13,116,0.004464285714285714,within_network,LH_SomMotA_2,RH_SomMotA_5,SomMotA,SomMotA,left,right
13,122,0.004464285714285714,within_network,LH_SomMotA_2,RH_SomMotA_11,SomMotA,SomMotA,left,right
13,137,0.004464285714285714,cross_hemi_diff_network,LH_SomMotA_2,RH_DorsAttnB_PostC_2,SomMotA,DorsAttnB,left,right
13,218,0.004464285714285714,cross_network_same_hemi,LH_SomMotA_2,lAMY-lh,SomMotA,Amygdala_lat,left,left
13,224,0.004464285714285714,cross_network_same_hemi,LH_SomMotA_2,NAc-shell-lh,SomMotA,Accumbens_shell,left,left
13,227,0.004464285714285714,cross_network_same_hemi,LH_SomMotA_2,aGP-lh,SomMotA,Pallidum_ant,left,left
14,35,0.004464285714285714,cross_network_same_hemi,LH_SomMotA_3,LH_DorsAttnB_PostC_2,SomMotA,DorsAttnB,left,left
14,54,0.004464285714285714,cross_network_same_hemi,LH_SomMotA_3,LH_LimbicA_TempPole_3,SomMotA,LimbicA,left,left
14,64,0.004464285714285714,cross_network_same_hemi,LH_SomMotA_3,LH_ContA_PFCl_3,SomMotA,ContA,left,left
14,116,0.004464285714285714,within_network,LH_SomMotA_3,RH_SomMotA_5,SomMotA,SomMotA,left,right
14,203,0.004464285714285714,cross_hemi_diff_network,LH_SomMotA_3,mAMY-rh,SomMotA,Amygdala_med,left,right
14,226,0.004464285714285714,cross_network_same_hemi,LH_SomMotA_3,pGP-lh,SomMotA,Pallidum_post,left,left
15,27,0.004464285714285714,cross_network_same_hemi,LH_SomMotA_4,LH_SomMotB_Cent_2,SomMotA,SomMotB,left,left
15,37,0.004464285714285714,cross_network_same_hemi,LH_SomMotA_4,LH_DorsAttnB_PostC_4,SomMotA,DorsAttnB,left,left
15,92,0.004464285714285714,cross_network_same_hemi,LH_SomMotA_4,LH_DefaultB_PFCv_2,SomMotA,DefaultB,left,left
15,112,0.004464285714285714,within_network,LH_SomMotA_4,RH_SomMotA_1,SomMotA,SomMotA,left,right
15,114,0.004464285714285714,within_network,LH_SomMotA_4,RH_SomMotA_3,SomMotA,SomMotA,left,right
15,147,0.004464285714285714,cross_hemi_diff_network,LH_SomMotA_4,RH_SalVentAttnA_ParMed_1,SomMotA,SalVentAttnA,left,right
15,187,0.004464285714285714,cross_hemi_diff_network,LH_SomMotA_4,RH_DefaultA_PFCm_2,SomMotA,DefaultA,left,right
15,203,0.004464285714285714,cross_hemi_diff_network,LH_SomMotA_4,mAMY-rh,SomMotA,Amygdala_med,left,right
15,228,0.004464285714285714,cross_network_same_hemi,LH_SomMotA_4,aPUT-lh,SomMotA,Putamen_ant,left,left
16,12,0.004464285714285714,within_network,LH_SomMotA_5,LH_SomMotA_1,SomMotA,SomMotA,left,left
16,13,0.004464285714285714,within_network,LH_SomMotA_5,LH_SomMotA_2,SomMotA,SomMotA,left,left
16,34,0.004464285714285714,cross_network_same_hemi,LH_SomMotA_5,LH_DorsAttnB_PostC_1,SomMotA,DorsAttnB,left,left
16,210,0.004464285714285714,cross_hemi_diff_network,LH_SomMotA_5,pGP-rh,SomMotA,Pallidum_post,left,right
17,19,0.004464285714285714,within_network,LH_SomMotA_6,LH_SomMotA_8,SomMotA,SomMotA,left,left
17,38,0.008928571428571428,cross_network_same_hemi,LH_SomMotA_6,LH_DorsAttnB_FEF_1,SomMotA,DorsAttnB,left,left
17,116,0.004464285714285714,within_network,LH_SomMotA_6,RH_SomMotA_5,SomMotA,SomMotA,left,right
17,118,0.004464285714285714,within_network,LH_SomMotA_6,RH_SomMotA_7,SomMotA,SomMotA,left,right
17,121,0.004464285714285714,within_network,LH_SomMotA_6,RH_SomMotA_10,SomMotA,SomMotA,left,right
17,137,0.004464285714285714,cross_hemi_diff_network,LH_SomMotA_6,RH_DorsAttnB_PostC_2,SomMotA,DorsAttnB,left,right
17,211,0.004464285714285714,cross_hemi_diff_network,LH_SomMotA_6,aGP-rh,SomMotA,Pallidum_ant,left,right
17,217,0.004464285714285714,cross_network_same_hemi,LH_SomMotA_6,pHIP-lh,SomMotA,Hippocampus_post,left,left
18,139,0.004464285714285714,cross_hemi_diff_network,LH_SomMotA_7,RH_DorsAttnB_PostC_4,SomMotA,DorsAttnB,left,right
18,196,0.004464285714285714,cross_hemi_diff_network,LH_SomMotA_7,RH_TempPar_1,SomMotA,TempPar,left,right
18,204,0.004464285714285714,cross_hemi_diff_network,LH_SomMotA_7,THA-DP-rh,SomMotA,Thalamus_DP,left,right
18,205,0.004464285714285714,cross_hemi_diff_network,LH_SomMotA_7,THA-VP-rh,SomMotA,Thalamus_VP,left,right
19,13,0.004464285714285714,within_network,LH_SomMotA_8,LH_SomMotA_2,SomMotA,SomMotA,left,left
19,45,0.004464285714285714,cross_network_same_hemi,LH_SomMotA_8,LH_SalVentAttnA_FrMed_2,SomMotA,SalVentAttnA,left,left
19,51,0.004464285714285714,cross_network_same_hemi,LH_SomMotA_8,LH_LimbicB_OFC_2,SomMotA,LimbicB,left,left
19,114,0.004464285714285714,within_network,LH_SomMotA_8,RH_SomMotA_3,SomMotA,SomMotA,left,right
19,120,0.004464285714285714,within_network,LH_SomMotA_8,RH_SomMotA_9,SomMotA,SomMotA,left,right
19,143,0.004464285714285714,cross_hemi_diff_network,LH_SomMotA_8,RH_SalVentAttnA_Ins_1,SomMotA,SalVentAttnA,left,right
19,147,0.004464285714285714,cross_hemi_diff_network,LH_SomMotA_8,RH_SalVentAttnA_ParMed_1,SomMotA,SalVentAttnA,left,right
19,210,0.004464285714285714,cross_hemi_diff_network,LH_SomMotA_8,pGP-rh,SomMotA,Pallidum_post,left,right
20,25,0.004464285714285714,within_network,LH_SomMotB_Aud_1,LH_SomMotB_S2_3,SomMotB,SomMotB,left,left
20,41,0.004464285714285714,cross_network_same_hemi,LH_SomMotB_Aud_1,LH_SalVentAttnA_FrOper_1,SomMotB,SalVentAttnA,left,left
20,55,0.004464285714285714,cross_network_same_hemi,LH_SomMotB_Aud_1,LH_LimbicA_TempPole_4,SomMotB,LimbicA,left,left
20,124,0.004464285714285714,within_network,LH_SomMotB_Aud_1,RH_SomMotB_Aud_2,SomMotB,SomMotB,left,right
20,127,0.004464285714285714,within_network,LH_SomMotB_Aud_1,RH_SomMotB_S2_3,SomMotB,SomMotB,left,right
20,142,0.004464285714285714,cross_hemi_diff_network,LH_SomMotB_Aud_1,RH_SalVentAttnA_PrC_1,SomMotB,SalVentAttnA,left,right
20,143,0.004464285714285714,cross_hemi_diff_network,LH_SomMotB_Aud_1,RH_SalVentAttnA_Ins_1,SomMotB,SalVentAttnA,left,right
20,147,0.004464285714285714,cross_hemi_diff_network,LH_SomMotB_Aud_1,RH_SalVentAttnA_ParMed_1,SomMotB,SalVentAttnA,left,right
20,150,0.004464285714285714,cross_hemi_diff_network,LH_SomMotB_Aud_1,RH_SalVentAttnB_IPL_1,SomMotB,SalVentAttnB,left,right
20,205,0.004464285714285714,cross_hemi_diff_network,LH_SomMotB_Aud_1,THA-VP-rh,SomMotB,Thalamus_VP,left,right
20,208,0.004464285714285714,cross_hemi_diff_network,LH_SomMotB_Aud_1,NAc-shell-rh,SomMotB,Accumbens_shell,left,right
20,209,0.004464285714285714,cross_hemi_diff_network,LH_SomMotB_Aud_1,NAc-core-rh,SomMotB,Accumbens_core,left,right
20,211,0.004464285714285714,cross_hemi_diff_network,LH_SomMotB_Aud_1,aGP-rh,SomMotB,Pallidum_ant,left,right
20,217,0.004464285714285714,cross_network_same_hemi,LH_SomMotB_Aud_1,pHIP-lh,SomMotB,Hippocampus_post,left,left
21,8,0.004464285714285714,cross_network_same_hemi,LH_SomMotB_Aud_2,LH_VisPeri_ExStrInf_3,SomMotB,VisPeri,left,left
21,118,0.004464285714285714,cross_hemi_diff_network,LH_SomMotB_Aud_2,RH_SomMotA_7,SomMotB,SomMotA,left,right
21,125,0.004464285714285714,within_network,LH_SomMotB_Aud_2,RH_SomMotB_S2_1,SomMotB,SomMotB,left,right
21,147,0.004464285714285714,cross_hemi_diff_network,LH_SomMotB_Aud_2,RH_SalVentAttnA_ParMed_1,SomMotB,SalVentAttnA,left,right
22,20,0.004464285714285714,within_network,LH_SomMotB_S2_1,LH_SomMotB_Aud_1,SomMotB,SomMotB,left,left
22,24,0.004464285714285714,within_network,LH_SomMotB_S2_1,LH_SomMotB_Aud_3,SomMotB,SomMotB,left,left
22,30,0.004464285714285714,cross_network_same_hemi,LH_SomMotB_S2_1,LH_DorsAttnA_ParOcc_1,SomMotB,DorsAttnA,left,left
22,40,0.004464285714285714,cross_network_same_hemi,LH_SomMotB_S2_1,LH_SalVentAttnA_Ins_1,SomMotB,SalVentAttnA,left,left
22,55,0.004464285714285714,cross_network_same_hemi,LH_SomMotB_S2_1,LH_LimbicA_TempPole_4,SomMotB,LimbicA,left,left
22,147,0.004464285714285714,cross_hemi_diff_network,LH_SomMotB_S2_1,RH_SalVentAttnA_ParMed_1,SomMotB,SalVentAttnA,left,right
22,201,0.004464285714285714,cross_hemi_diff_network,LH_SomMotB_S2_1,pHIP-rh,SomMotB,Hippocampus_post,left,right
22,204,0.008928571428571428,cross_hemi_diff_network,LH_SomMotB_S2_1,THA-DP-rh,SomMotB,Thalamus_DP,left,right
22,205,0.008928571428571428,cross_hemi_diff_network,LH_SomMotB_S2_1,THA-VP-rh,SomMotB,Thalamus_VP,left,right
22,209,0.004464285714285714,cross_hemi_diff_network,LH_SomMotB_S2_1,NAc-core-rh,SomMotB,Accumbens_core,left,right
22,221,0.013392857142857142,cross_network_same_hemi,LH_SomMotB_S2_1,THA-VP-lh,SomMotB,Thalamus_VP,left,left
22,226,0.008928571428571428,cross_network_same_hemi,LH_SomMotB_S2_1,pGP-lh,SomMotB,Pallidum_post,left,left
23,221,0.004464285714285714,cross_network_same_hemi,LH_SomMotB_S2_2,THA-VP-lh,SomMotB,Thalamus_VP,left,left
23,226,0.004464285714285714,cross_network_same_hemi,LH_SomMotB_S2_2,pGP-lh,SomMotB,Pallidum_post,left,left
24,20,0.004464285714285714,within_network,LH_SomMotB_Aud_3,LH_SomMotB_Aud_1,SomMotB,SomMotB,left,left
24,40,0.004464285714285714,cross_network_same_hemi,LH_SomMotB_Aud_3,LH_SalVentAttnA_Ins_1,SomMotB,SalVentAttnA,left,left
24,41,0.004464285714285714,cross_network_same_hemi,LH_SomMotB_Aud_3,LH_SalVentAttnA_FrOper_1,SomMotB,SalVentAttnA,left,left
24,45,0.004464285714285714,cross_network_same_hemi,LH_SomMotB_Aud_3,LH_SalVentAttnA_FrMed_2,SomMotB,SalVentAttnA,left,left
24,91,0.004464285714285714,cross_network_same_hemi,LH_SomMotB_Aud_3,LH_DefaultB_PFCv_1,SomMotB,DefaultB,left,left
24,98,0.004464285714285714,cross_network_same_hemi,LH_SomMotB_Aud_3,LH_TempPar_1,SomMotB,TempPar,left,left
24,99,0.004464285714285714,cross_network_same_hemi,LH_SomMotB_Aud_3,LH_TempPar_2,SomMotB,TempPar,left,left
24,143,0.004464285714285714,cross_hemi_diff_network,LH_SomMotB_Aud_3,RH_SalVentAttnA_Ins_1,SomMotB,SalVentAttnA,left,right
24,144,0.008928571428571428,cross_hemi_diff_network,LH_SomMotB_Aud_3,RH_SalVentAttnA_Ins_2,SomMotB,SalVentAttnA,left,right
24,147,0.004464285714285714,cross_hemi_diff_network,LH_SomMotB_Aud_3,RH_SalVentAttnA_ParMed_1,SomMotB,SalVentAttnA,left,right
24,198,0.004464285714285714,cross_hemi_diff_network,LH_SomMotB_Aud_3,RH_TempPar_3,SomMotB,TempPar,left,right
24,216,0.004464285714285714,cross_network_same_hemi,LH_SomMotB_Aud_3,aHIP-lh,SomMotB,Hippocampus_ant,left,left
25,36,0.004464285714285714,cross_network_same_hemi,LH_SomMotB_S2_3,LH_DorsAttnB_PostC_3,SomMotB,DorsAttnB,left,left
25,124,0.004464285714285714,within_network,LH_SomMotB_S2_3,RH_SomMotB_Aud_2,SomMotB,SomMotB,left,right
25,127,0.004464285714285714,within_network,LH_SomMotB_S2_3,RH_SomMotB_S2_3,SomMotB,SomMotB,left,right
25,143,0.008928571428571428,cross_hemi_diff_network,LH_SomMotB_S2_3,RH_SalVentAttnA_Ins_1,SomMotB,SalVentAttnA,left,right
25,204,0.004464285714285714,cross_hemi_diff_network,LH_SomMotB_S2_3,THA-DP-rh,SomMotB,Thalamus_DP,left,right
25,219,0.004464285714285714,cross_network_same_hemi,LH_SomMotB_S2_3,mAMY-lh,SomMotB,Amygdala_med,left,left
26,126,0.004464285714285714,within_network,LH_SomMotB_Cent_1,RH_SomMotB_S2_2,SomMotB,SomMotB,left,right
26,210,0.004464285714285714,cross_hemi_diff_network,LH_SomMotB_Cent_1,pGP-rh,SomMotB,Pallidum_post,left,right
27,8,0.004464285714285714,cross_network_same_hemi,LH_SomMotB_Cent_2,LH_VisPeri_ExStrInf_3,SomMotB,VisPeri,left,left
27,55,0.004464285714285714,cross_network_same_hemi,LH_SomMotB_Cent_2,LH_LimbicA_TempPole_4,SomMotB,LimbicA,left,left
27,59,0.004464285714285714,cross_network_same_hemi,LH_SomMotB_Cent_2,LH_ContA_IPS_3,SomMotB,ContA,left,left
27,103,0.004464285714285714,cross_hemi_diff_network,LH_SomMotB_Cent_2,RH_VisCent_ExStr_3,SomMotB,VisCent,left,right
27,127,0.004464285714285714,within_network,LH_SomMotB_Cent_2,RH_SomMotB_S2_3,SomMotB,SomMotB,left,right
27,137,0.004464285714285714,cross_hemi_diff_network,LH_SomMotB_Cent_2,RH_DorsAttnB_PostC_2,SomMotB,DorsAttnB,left,right
27,142,0.008928571428571428,cross_hemi_diff_network,LH_SomMotB_Cent_2,RH_SalVentAttnA_PrC_1,SomMotB,SalVentAttnA,left,right
27,204,0.004464285714285714,cross_hemi_diff_network,LH_SomMotB_Cent_2,THA-DP-rh,SomMotB,Thalamus_DP,left,right
27,211,0.004464285714285714,cross_hemi_diff_network,LH_SomMotB_Cent_2,aGP-rh,SomMotB,Pallidum_ant,left,right
27,226,0.004464285714285714,cross_network_same_hemi,LH_SomMotB_Cent_2,pGP-lh,SomMotB,Pallidum_post,left,left
28,0,0.004464285714285714,cross_network_same_hemi,LH_DorsAttnA_TempOcc_1,LH_VisCent_ExStr_2,DorsAttnA,VisCent,left,left
28,30,0.008928571428571428,within_network,LH_DorsAttnA_TempOcc_1,LH_DorsAttnA_ParOcc_1,DorsAttnA,DorsAttnA,left,left
28,36,0.004464285714285714,cross_network_same_hemi,LH_DorsAttnA_TempOcc_1,LH_DorsAttnB_PostC_3,DorsAttnA,DorsAttnB,left,left
28,54,0.004464285714285714,cross_network_same_hemi,LH_DorsAttnA_TempOcc_1,LH_LimbicA_TempPole_3,DorsAttnA,LimbicA,left,left
28,55,0.004464285714285714,cross_network_same_hemi,LH_DorsAttnA_TempOcc_1,LH_LimbicA_TempPole_4,DorsAttnA,LimbicA,left,left
28,56,0.004464285714285714,cross_network_same_hemi,LH_DorsAttnA_TempOcc_1,LH_ContA_Temp_1,DorsAttnA,ContA,left,left
28,131,0.004464285714285714,within_network,LH_DorsAttnA_TempOcc_1,RH_DorsAttnA_ParOcc_1,DorsAttnA,DorsAttnA,left,right
28,133,0.004464285714285714,within_network,LH_DorsAttnA_TempOcc_1,RH_DorsAttnA_SPL_2,DorsAttnA,DorsAttnA,left,right
28,162,0.004464285714285714,cross_hemi_diff_network,LH_DorsAttnA_TempOcc_1,RH_LimbicA_TempPole_3,DorsAttnA,LimbicA,left,right
28,203,0.004464285714285714,cross_hemi_diff_network,LH_DorsAttnA_TempOcc_1,mAMY-rh,DorsAttnA,Amygdala_med,left,right
28,204,0.004464285714285714,cross_hemi_diff_network,LH_DorsAttnA_TempOcc_1,THA-DP-rh,DorsAttnA,Thalamus_DP,left,right
29,3,0.004464285714285714,cross_network_same_hemi,LH_DorsAttnA_TempOcc_2,LH_VisCent_ExStr_3,DorsAttnA,VisCent,left,left
29,53,0.004464285714285714,cross_network_same_hemi,LH_DorsAttnA_TempOcc_2,LH_LimbicA_TempPole_2,DorsAttnA,LimbicA,left,left
29,63,0.004464285714285714,cross_network_same_hemi,LH_DorsAttnA_TempOcc_2,LH_ContA_PFCl_2,DorsAttnA,ContA,left,left
29,137,0.004464285714285714,cross_hemi_diff_network,LH_DorsAttnA_TempOcc_2,RH_DorsAttnB_PostC_2,DorsAttnA,DorsAttnB,left,right
29,163,0.013392857142857142,cross_hemi_diff_network,LH_DorsAttnA_TempOcc_2,RH_LimbicA_TempPole_4,DorsAttnA,LimbicA,left,right
29,204,0.004464285714285714,cross_hemi_diff_network,LH_DorsAttnA_TempOcc_2,THA-DP-rh,DorsAttnA,Thalamus_DP,left,right
29,205,0.004464285714285714,cross_hemi_diff_network,LH_DorsAttnA_TempOcc_2,THA-VP-rh,DorsAttnA,Thalamus_VP,left,right
29,209,0.004464285714285714,cross_hemi_diff_network,LH_DorsAttnA_TempOcc_2,NAc-core-rh,DorsAttnA,Accumbens_core,left,right
29,224,0.004464285714285714,cross_network_same_hemi,LH_DorsAttnA_TempOcc_2,NAc-shell-lh,DorsAttnA,Accumbens_shell,left,left
30,0,0.004464285714285714,cross_network_same_hemi,LH_DorsAttnA_ParOcc_1,LH_VisCent_ExStr_2,DorsAttnA,VisCent,left,left
30,8,0.004464285714285714,cross_network_same_hemi,LH_DorsAttnA_ParOcc_1,LH_VisPeri_ExStrInf_3,DorsAttnA,VisPeri,left,left
30,33,0.004464285714285714,within_network,LH_DorsAttnA_ParOcc_1,LH_DorsAttnA_SPL_3,DorsAttnA,DorsAttnA,left,left
30,34,0.004464285714285714,cross_network_same_hemi,LH_DorsAttnA_ParOcc_1,LH_DorsAttnB_PostC_1,DorsAttnA,DorsAttnB,left,left
30,53,0.004464285714285714,cross_network_same_hemi,LH_DorsAttnA_ParOcc_1,LH_LimbicA_TempPole_2,DorsAttnA,LimbicA,left,left
30,55,0.008928571428571428,cross_network_same_hemi,LH_DorsAttnA_ParOcc_1,LH_LimbicA_TempPole_4,DorsAttnA,LimbicA,left,left
30,59,0.004464285714285714,cross_network_same_hemi,LH_DorsAttnA_ParOcc_1,LH_ContA_IPS_3,DorsAttnA,ContA,left,left
30,66,0.004464285714285714,cross_network_same_hemi,LH_DorsAttnA_ParOcc_1,LH_ContB_Temp_1,DorsAttnA,ContB,left,left
30,99,0.008928571428571428,cross_network_same_hemi,LH_DorsAttnA_ParOcc_1,LH_TempPar_2,DorsAttnA,TempPar,left,left
30,103,0.004464285714285714,cross_hemi_diff_network,LH_DorsAttnA_ParOcc_1,RH_VisCent_ExStr_3,DorsAttnA,VisCent,left,right
30,117,0.004464285714285714,cross_hemi_diff_network,LH_DorsAttnA_ParOcc_1,RH_SomMotA_6,DorsAttnA,SomMotA,left,right
30,130,0.004464285714285714,within_network,LH_DorsAttnA_ParOcc_1,RH_DorsAttnA_TempOcc_1,DorsAttnA,DorsAttnA,left,right
30,138,0.004464285714285714,cross_hemi_diff_network,LH_DorsAttnA_ParOcc_1,RH_DorsAttnB_PostC_3,DorsAttnA,DorsAttnB,left,right
30,140,0.004464285714285714,cross_hemi_diff_network,LH_DorsAttnA_ParOcc_1,RH_DorsAttnB_FEF_1,DorsAttnA,DorsAttnB,left,right
30,142,0.004464285714285714,cross_hemi_diff_network,LH_DorsAttnA_ParOcc_1,RH_SalVentAttnA_PrC_1,DorsAttnA,SalVentAttnA,left,right
30,163,0.008928571428571428,cross_hemi_diff_network,LH_DorsAttnA_ParOcc_1,RH_LimbicA_TempPole_4,DorsAttnA,LimbicA,left,right
30,193,0.004464285714285714,cross_hemi_diff_network,LH_DorsAttnA_ParOcc_1,RH_DefaultC_IPL_1,DorsAttnA,DefaultC,left,right
30,202,0.004464285714285714,cross_hemi_diff_network,LH_DorsAttnA_ParOcc_1,lAMY-rh,DorsAttnA,Amygdala_lat,left,right
30,204,0.004464285714285714,cross_hemi_diff_network,LH_DorsAttnA_ParOcc_1,THA-DP-rh,DorsAttnA,Thalamus_DP,left,right
30,205,0.004464285714285714,cross_hemi_diff_network,LH_DorsAttnA_ParOcc_1,THA-VP-rh,DorsAttnA,Thalamus_VP,left,right
30,210,0.004464285714285714,cross_hemi_diff_network,LH_DorsAttnA_ParOcc_1,pGP-rh,DorsAttnA,Pallidum_post,left,right
30,211,0.004464285714285714,cross_hemi_diff_network,LH_DorsAttnA_ParOcc_1,aGP-rh,DorsAttnA,Pallidum_ant,left,right
30,223,0.004464285714285714,cross_network_same_hemi,LH_DorsAttnA_ParOcc_1,THA-DA-lh,DorsAttnA,Thalamus_DA,left,left
31,4,0.004464285714285714,cross_network_same_hemi,LH_DorsAttnA_SPL_1,LH_VisCent_ExStr_4,DorsAttnA,VisCent,left,left
31,6,0.004464285714285714,cross_network_same_hemi,LH_DorsAttnA_SPL_1,LH_VisPeri_ExStrInf_1,DorsAttnA,VisPeri,left,left
31,38,0.004464285714285714,cross_network_same_hemi,LH_DorsAttnA_SPL_1,LH_DorsAttnB_FEF_1,DorsAttnA,DorsAttnB,left,left
31,63,0.008928571428571428,cross_network_same_hemi,LH_DorsAttnA_SPL_1,LH_ContA_PFCl_2,DorsAttnA,ContA,left,left
31,75,0.004464285714285714,cross_network_same_hemi,LH_DorsAttnA_SPL_1,LH_DefaultA_PFCd_1,DorsAttnA,DefaultA,left,left
31,92,0.004464285714285714,cross_network_same_hemi,LH_DorsAttnA_SPL_1,LH_DefaultB_PFCv_2,DorsAttnA,DefaultB,left,left
31,105,0.004464285714285714,cross_hemi_diff_network,LH_DorsAttnA_SPL_1,RH_VisCent_ExStr_5,DorsAttnA,VisCent,left,right
31,133,0.004464285714285714,within_network,LH_DorsAttnA_SPL_1,RH_DorsAttnA_SPL_2,DorsAttnA,DorsAttnA,left,right
31,134,0.004464285714285714,within_network,LH_DorsAttnA_SPL_1,RH_DorsAttnA_SPL_3,DorsAttnA,DorsAttnA,left,right
31,166,0.004464285714285714,cross_hemi_diff_network,LH_DorsAttnA_SPL_1,RH_ContA_PFCd_1,DorsAttnA,ContA,left,right
31,171,0.004464285714285714,cross_hemi_diff_network,LH_DorsAttnA_SPL_1,RH_ContB_Temp_2,DorsAttnA,ContB,left,right
31,204,0.004464285714285714,cross_hemi_diff_network,LH_DorsAttnA_SPL_1,THA-DP-rh,DorsAttnA,Thalamus_DP,left,right
31,209,0.004464285714285714,cross_hemi_diff_network,LH_DorsAttnA_SPL_1,NAc-core-rh,DorsAttnA,Accumbens_core,left,right
32,28,0.004464285714285714,within_network,LH_DorsAttnA_SPL_2,LH_DorsAttnA_TempOcc_1,DorsAttnA,DorsAttnA,left,left
32,57,0.004464285714285714,cross_network_same_hemi,LH_DorsAttnA_SPL_2,LH_ContA_IPS_1,DorsAttnA,ContA,left,left
32,63,0.004464285714285714,cross_network_same_hemi,LH_DorsAttnA_SPL_2,LH_ContA_PFCl_2,DorsAttnA,ContA,left,left
32,64,0.004464285714285714,cross_network_same_hemi,LH_DorsAttnA_SPL_2,LH_ContA_PFCl_3,DorsAttnA,ContA,left,left
32,107,0.004464285714285714,cross_hemi_diff_network,LH_DorsAttnA_SPL_2,RH_VisPeri_ExStrInf_2,DorsAttnA,VisPeri,left,right
32,111,0.008928571428571428,cross_hemi_diff_network,LH_DorsAttnA_SPL_2,RH_VisPeri_ExStrSup_3,DorsAttnA,VisPeri,left,right
32,130,0.004464285714285714,within_network,LH_DorsAttnA_SPL_2,RH_DorsAttnA_TempOcc_1,DorsAttnA,DorsAttnA,left,right
32,134,0.004464285714285714,within_network,LH_DorsAttnA_SPL_2,RH_DorsAttnA_SPL_3,DorsAttnA,DorsAttnA,left,right
32,138,0.004464285714285714,cross_hemi_diff_network,LH_DorsAttnA_SPL_2,RH_DorsAttnB_PostC_3,DorsAttnA,DorsAttnB,left,right
33,4,0.004464285714285714,cross_network_same_hemi,LH_DorsAttnA_SPL_3,LH_VisCent_ExStr_4,DorsAttnA,VisCent,left,left
33,17,0.004464285714285714,cross_network_same_hemi,LH_DorsAttnA_SPL_3,LH_SomMotA_6,DorsAttnA,SomMotA,left,left
33,30,0.004464285714285714,within_network,LH_DorsAttnA_SPL_3,LH_DorsAttnA_ParOcc_1,DorsAttnA,DorsAttnA,left,left
33,31,0.004464285714285714,within_network,LH_DorsAttnA_SPL_3,LH_DorsAttnA_SPL_1,DorsAttnA,DorsAttnA,left,left
33,32,0.004464285714285714,within_network,LH_DorsAttnA_SPL_3,LH_DorsAttnA_SPL_2,DorsAttnA,DorsAttnA,left,left
33,34,0.004464285714285714,cross_network_same_hemi,LH_DorsAttnA_SPL_3,LH_DorsAttnB_PostC_1,DorsAttnA,DorsAttnB,left,left
33,58,0.004464285714285714,cross_network_same_hemi,LH_DorsAttnA_SPL_3,LH_ContA_IPS_2,DorsAttnA,ContA,left,left
33,60,0.004464285714285714,cross_network_same_hemi,LH_DorsAttnA_SPL_3,LH_ContA_PFCd_1,DorsAttnA,ContA,left,left
33,65,0.004464285714285714,cross_network_same_hemi,LH_DorsAttnA_SPL_3,LH_ContA_Cingm_1,DorsAttnA,ContA,left,left
33,116,0.004464285714285714,cross_hemi_diff_network,LH_DorsAttnA_SPL_3,RH_SomMotA_5,DorsAttnA,SomMotA,left,right
33,132,0.004464285714285714,within_network,LH_DorsAttnA_SPL_3,RH_DorsAttnA_SPL_1,DorsAttnA,DorsAttnA,left,right
33,139,0.004464285714285714,cross_hemi_diff_network,LH_DorsAttnA_SPL_3,RH_DorsAttnB_PostC_4,DorsAttnA,DorsAttnB,left,right
33,140,0.004464285714285714,cross_hemi_diff_network,LH_DorsAttnA_SPL_3,RH_DorsAttnB_FEF_1,DorsAttnA,DorsAttnB,left,right
33,163,0.004464285714285714,cross_hemi_diff_network,LH_DorsAttnA_SPL_3,RH_LimbicA_TempPole_4,DorsAttnA,LimbicA,left,right
33,195,0.004464285714285714,cross_hemi_diff_network,LH_DorsAttnA_SPL_3,RH_DefaultC_PHC_1,DorsAttnA,DefaultC,left,right
33,208,0.004464285714285714,cross_hemi_diff_network,LH_DorsAttnA_SPL_3,NAc-shell-rh,DorsAttnA,Accumbens_shell,left,right
33,226,0.004464285714285714,cross_network_same_hemi,LH_DorsAttnA_SPL_3,pGP-lh,DorsAttnA,Pallidum_post,left,left
33,231,0.004464285714285714,cross_network_same_hemi,LH_DorsAttnA_SPL_3,pCAU-lh,DorsAttnA,Caudate_post,left,left
34,13,0.004464285714285714,cross_network_same_hemi,LH_DorsAttnB_PostC_1,LH_SomMotA_2,DorsAttnB,SomMotA,left,left
34,33,0.004464285714285714,cross_network_same_hemi,LH_DorsAttnB_PostC_1,LH_DorsAttnA_SPL_3,DorsAttnB,DorsAttnA,left,left
34,56,0.004464285714285714,cross_network_same_hemi,LH_DorsAttnB_PostC_1,LH_ContA_Temp_1,DorsAttnB,ContA,left,left
34,59,0.013392857142857142,cross_network_same_hemi,LH_DorsAttnB_PostC_1,LH_ContA_IPS_3,DorsAttnB,ContA,left,left
34,118,0.004464285714285714,cross_hemi_diff_network,LH_DorsAttnB_PostC_1,RH_SomMotA_7,DorsAttnB,SomMotA,left,right
35,30,0.004464285714285714,cross_network_same_hemi,LH_DorsAttnB_PostC_2,LH_DorsAttnA_ParOcc_1,DorsAttnB,DorsAttnA,left,left
35,33,0.004464285714285714,cross_network_same_hemi,LH_DorsAttnB_PostC_2,LH_DorsAttnA_SPL_3,DorsAttnB,DorsAttnA,left,left
35,38,0.004464285714285714,within_network,LH_DorsAttnB_PostC_2,LH_DorsAttnB_FEF_1,DorsAttnB,DorsAttnB,left,left
35,56,0.004464285714285714,cross_network_same_hemi,LH_DorsAttnB_PostC_2,LH_ContA_Temp_1,DorsAttnB,ContA,left,left
35,60,0.004464285714285714,cross_network_same_hemi,LH_DorsAttnB_PostC_2,LH_ContA_PFCd_1,DorsAttnB,ContA,left,left
35,64,0.004464285714285714,cross_network_same_hemi,LH_DorsAttnB_PostC_2,LH_ContA_PFCl_3,DorsAttnB,ContA,left,left
35,112,0.004464285714285714,cross_hemi_diff_network,LH_DorsAttnB_PostC_2,RH_SomMotA_1,DorsAttnB,SomMotA,left,right
35,154,0.004464285714285714,cross_hemi_diff_network,LH_DorsAttnB_PostC_2,RH_SalVentAttnB_Ins_2,DorsAttnB,SalVentAttnB,left,right
35,167,0.004464285714285714,cross_hemi_diff_network,LH_DorsAttnB_PostC_2,RH_ContA_PFCl_1,DorsAttnB,ContA,left,right
35,174,0.004464285714285714,cross_hemi_diff_network,LH_DorsAttnB_PostC_2,RH_ContB_PFCld_1,DorsAttnB,ContB,left,right
35,204,0.004464285714285714,cross_hemi_diff_network,LH_DorsAttnB_PostC_2,THA-DP-rh,DorsAttnB,Thalamus_DP,left,right
36,24,0.004464285714285714,cross_network_same_hemi,LH_DorsAttnB_PostC_3,LH_SomMotB_Aud_3,DorsAttnB,SomMotB,left,left
36,33,0.004464285714285714,cross_network_same_hemi,LH_DorsAttnB_PostC_3,LH_DorsAttnA_SPL_3,DorsAttnB,DorsAttnA,left,left
36,38,0.004464285714285714,within_network,LH_DorsAttnB_PostC_3,LH_DorsAttnB_FEF_1,DorsAttnB,DorsAttnB,left,left
36,59,0.004464285714285714,cross_network_same_hemi,LH_DorsAttnB_PostC_3,LH_ContA_IPS_3,DorsAttnB,ContA,left,left
36,60,0.004464285714285714,cross_network_same_hemi,LH_DorsAttnB_PostC_3,LH_ContA_PFCd_1,DorsAttnB,ContA,left,left
36,112,0.004464285714285714,cross_hemi_diff_network,LH_DorsAttnB_PostC_3,RH_SomMotA_1,DorsAttnB,SomMotA,left,right
36,114,0.004464285714285714,cross_hemi_diff_network,LH_DorsAttnB_PostC_3,RH_SomMotA_3,DorsAttnB,SomMotA,left,right
36,118,0.004464285714285714,cross_hemi_diff_network,LH_DorsAttnB_PostC_3,RH_SomMotA_7,DorsAttnB,SomMotA,left,right
36,119,0.004464285714285714,cross_hemi_diff_network,LH_DorsAttnB_PostC_3,RH_SomMotA_8,DorsAttnB,SomMotA,left,right
36,120,0.004464285714285714,cross_hemi_diff_network,LH_DorsAttnB_PostC_3,RH_SomMotA_9,DorsAttnB,SomMotA,left,right
36,187,0.004464285714285714,cross_hemi_diff_network,LH_DorsAttnB_PostC_3,RH_DefaultA_PFCm_2,DorsAttnB,DefaultA,left,right
36,205,0.004464285714285714,cross_hemi_diff_network,LH_DorsAttnB_PostC_3,THA-VP-rh,DorsAttnB,Thalamus_VP,left,right
36,210,0.004464285714285714,cross_hemi_diff_network,LH_DorsAttnB_PostC_3,pGP-rh,DorsAttnB,Pallidum_post,left,right
36,211,0.008928571428571428,cross_hemi_diff_network,LH_DorsAttnB_PostC_3,aGP-rh,DorsAttnB,Pallidum_ant,left,right
36,220,0.004464285714285714,cross_network_same_hemi,LH_DorsAttnB_PostC_3,THA-DP-lh,DorsAttnB,Thalamus_DP,left,left
36,225,0.004464285714285714,cross_network_same_hemi,LH_DorsAttnB_PostC_3,NAc-core-lh,DorsAttnB,Accumbens_core,left,left
37,45,0.004464285714285714,cross_network_same_hemi,LH_DorsAttnB_PostC_4,LH_SalVentAttnA_FrMed_2,DorsAttnB,SalVentAttnA,left,left
37,116,0.008928571428571428,cross_hemi_diff_network,LH_DorsAttnB_PostC_4,RH_SomMotA_5,DorsAttnB,SomMotA,left,right
37,118,0.008928571428571428,cross_hemi_diff_network,LH_DorsAttnB_PostC_4,RH_SomMotA_7,DorsAttnB,SomMotA,left,right
37,137,0.004464285714285714,within_network,LH_DorsAttnB_PostC_4,RH_DorsAttnB_PostC_2,DorsAttnB,DorsAttnB,left,right
37,140,0.004464285714285714,within_network,LH_DorsAttnB_PostC_4,RH_DorsAttnB_FEF_1,DorsAttnB,DorsAttnB,left,right
37,148,0.004464285714285714,cross_hemi_diff_network,LH_DorsAttnB_PostC_4,RH_SalVentAttnA_ParMed_2,DorsAttnB,SalVentAttnA,left,right
37,166,0.004464285714285714,cross_hemi_diff_network,LH_DorsAttnB_PostC_4,RH_ContA_PFCd_1,DorsAttnB,ContA,left,right
37,210,0.004464285714285714,cross_hemi_diff_network,LH_DorsAttnB_PostC_4,pGP-rh,DorsAttnB,Pallidum_post,left,right
37,219,0.004464285714285714,cross_network_same_hemi,LH_DorsAttnB_PostC_4,mAMY-lh,DorsAttnB,Amygdala_med,left,left
38,13,0.004464285714285714,cross_network_same_hemi,LH_DorsAttnB_FEF_1,LH_SomMotA_2,DorsAttnB,SomMotA,left,left
38,14,0.008928571428571428,cross_network_same_hemi,LH_DorsAttnB_FEF_1,LH_SomMotA_3,DorsAttnB,SomMotA,left,left
38,32,0.004464285714285714,cross_network_same_hemi,LH_DorsAttnB_FEF_1,LH_DorsAttnA_SPL_2,DorsAttnB,DorsAttnA,left,left
38,36,0.004464285714285714,within_network,LH_DorsAttnB_FEF_1,LH_DorsAttnB_PostC_3,DorsAttnB,DorsAttnB,left,left
38,37,0.004464285714285714,within_network,LH_DorsAttnB_FEF_1,LH_DorsAttnB_PostC_4,DorsAttnB,DorsAttnB,left,left
38,47,0.004464285714285714,cross_network_same_hemi,LH_DorsAttnB_FEF_1,LH_SalVentAttnB_PFCl_1,DorsAttnB,SalVentAttnB,left,left
38,55,0.004464285714285714,cross_network_same_hemi,LH_DorsAttnB_FEF_1,LH_LimbicA_TempPole_4,DorsAttnB,LimbicA,left,left
38,59,0.004464285714285714,cross_network_same_hemi,LH_DorsAttnB_FEF_1,LH_ContA_IPS_3,DorsAttnB,ContA,left,left
38,64,0.004464285714285714,cross_network_same_hemi,LH_DorsAttnB_FEF_1,LH_ContA_PFCl_3,DorsAttnB,ContA,left,left
38,86,0.004464285714285714,cross_network_same_hemi,LH_DorsAttnB_FEF_1,LH_DefaultB_IPL_1,DorsAttnB,DefaultB,left,left
38,112,0.004464285714285714,cross_hemi_diff_network,LH_DorsAttnB_FEF_1,RH_SomMotA_1,DorsAttnB,SomMotA,left,right
38,119,0.004464285714285714,cross_hemi_diff_network,LH_DorsAttnB_FEF_1,RH_SomMotA_8,DorsAttnB,SomMotA,left,right
38,142,0.013392857142857142,cross_hemi_diff_network,LH_DorsAttnB_FEF_1,RH_SalVentAttnA_PrC_1,DorsAttnB,SalVentAttnA,left,right
38,171,0.004464285714285714,cross_hemi_diff_network,LH_DorsAttnB_FEF_1,RH_ContB_Temp_2,DorsAttnB,ContB,left,right
38,187,0.004464285714285714,cross_hemi_diff_network,LH_DorsAttnB_FEF_1,RH_DefaultA_PFCm_2,DorsAttnB,DefaultA,left,right
38,210,0.008928571428571428,cross_hemi_diff_network,LH_DorsAttnB_FEF_1,pGP-rh,DorsAttnB,Pallidum_post,left,right
38,220,0.004464285714285714,cross_network_same_hemi,LH_DorsAttnB_FEF_1,THA-DP-lh,DorsAttnB,Thalamus_DP,left,left
38,227,0.004464285714285714,cross_network_same_hemi,LH_DorsAttnB_FEF_1,aGP-lh,DorsAttnB,Pallidum_ant,left,left
38,231,0.004464285714285714,cross_network_same_hemi,LH_DorsAttnB_FEF_1,pCAU-lh,DorsAttnB,Caudate_post,left,left
39,63,0.008928571428571428,cross_network_same_hemi,LH_SalVentAttnA_ParOper_1,LH_ContA_PFCl_2,SalVentAttnA,ContA,left,left
39,137,0.004464285714285714,cross_hemi_diff_network,LH_SalVentAttnA_ParOper_1,RH_DorsAttnB_PostC_2,SalVentAttnA,DorsAttnB,left,right
39,140,0.004464285714285714,cross_hemi_diff_network,LH_SalVentAttnA_ParOper_1,RH_DorsAttnB_FEF_1,SalVentAttnA,DorsAttnB,left,right
39,199,0.004464285714285714,cross_hemi_diff_network,LH_SalVentAttnA_ParOper_1,RH_TempPar_4,SalVentAttnA,TempPar,left,right
40,25,0.008928571428571428,cross_network_same_hemi,LH_SalVentAttnA_Ins_1,LH_SomMotB_S2_3,SalVentAttnA,SomMotB,left,left
40,46,0.004464285714285714,cross_network_same_hemi,LH_SalVentAttnA_Ins_1,LH_SalVentAttnB_IPL_1,SalVentAttnA,SalVentAttnB,left,left
40,54,0.004464285714285714,cross_network_same_hemi,LH_SalVentAttnA_Ins_1,LH_LimbicA_TempPole_3,SalVentAttnA,LimbicA,left,left
40,55,0.017857142857142856,cross_network_same_hemi,LH_SalVentAttnA_Ins_1,LH_LimbicA_TempPole_4,SalVentAttnA,LimbicA,left,left
40,64,0.004464285714285714,cross_network_same_hemi,LH_SalVentAttnA_Ins_1,LH_ContA_PFCl_3,SalVentAttnA,ContA,left,left
40,143,0.004464285714285714,within_network,LH_SalVentAttnA_Ins_1,RH_SalVentAttnA_Ins_1,SalVentAttnA,SalVentAttnA,left,right
40,153,0.004464285714285714,cross_hemi_diff_network,LH_SalVentAttnA_Ins_1,RH_SalVentAttnB_Ins_1,SalVentAttnA,SalVentAttnB,left,right
40,162,0.004464285714285714,cross_hemi_diff_network,LH_SalVentAttnA_Ins_1,RH_LimbicA_TempPole_3,SalVentAttnA,LimbicA,left,right
40,208,0.004464285714285714,cross_hemi_diff_network,LH_SalVentAttnA_Ins_1,NAc-shell-rh,SalVentAttnA,Accumbens_shell,left,right
40,210,0.008928571428571428,cross_hemi_diff_network,LH_SalVentAttnA_Ins_1,pGP-rh,SalVentAttnA,Pallidum_post,left,right
40,211,0.008928571428571428,cross_hemi_diff_network,LH_SalVentAttnA_Ins_1,aGP-rh,SalVentAttnA,Pallidum_ant,left,right
40,213,0.004464285714285714,cross_hemi_diff_network,LH_SalVentAttnA_Ins_1,pPUT-rh,SalVentAttnA,Putamen_post,left,right
40,227,0.013392857142857142,cross_network_same_hemi,LH_SalVentAttnA_Ins_1,aGP-lh,SalVentAttnA,Pallidum_ant,left,left
41,20,0.004464285714285714,cross_network_same_hemi,LH_SalVentAttnA_FrOper_1,LH_SomMotB_Aud_1,SalVentAttnA,SomMotB,left,left
41,24,0.004464285714285714,cross_network_same_hemi,LH_SalVentAttnA_FrOper_1,LH_SomMotB_Aud_3,SalVentAttnA,SomMotB,left,left
41,46,0.004464285714285714,cross_network_same_hemi,LH_SalVentAttnA_FrOper_1,LH_SalVentAttnB_IPL_1,SalVentAttnA,SalVentAttnB,left,left
41,56,0.004464285714285714,cross_network_same_hemi,LH_SalVentAttnA_FrOper_1,LH_ContA_Temp_1,SalVentAttnA,ContA,left,left
41,123,0.004464285714285714,cross_hemi_diff_network,LH_SalVentAttnA_FrOper_1,RH_SomMotB_Aud_1,SalVentAttnA,SomMotB,left,right
41,143,0.004464285714285714,within_network,LH_SalVentAttnA_FrOper_1,RH_SalVentAttnA_Ins_1,SalVentAttnA,SalVentAttnA,left,right
41,144,0.008928571428571428,within_network,LH_SalVentAttnA_FrOper_1,RH_SalVentAttnA_Ins_2,SalVentAttnA,SalVentAttnA,left,right
41,205,0.004464285714285714,cross_hemi_diff_network,LH_SalVentAttnA_FrOper_1,THA-VP-rh,SalVentAttnA,Thalamus_VP,left,right
41,210,0.004464285714285714,cross_hemi_diff_network,LH_SalVentAttnA_FrOper_1,pGP-rh,SalVentAttnA,Pallidum_post,left,right
41,211,0.004464285714285714,cross_hemi_diff_network,LH_SalVentAttnA_FrOper_1,aGP-rh,SalVentAttnA,Pallidum_ant,left,right
41,218,0.004464285714285714,cross_network_same_hemi,LH_SalVentAttnA_FrOper_1,lAMY-lh,SalVentAttnA,Amygdala_lat,left,left
41,226,0.008928571428571428,cross_network_same_hemi,LH_SalVentAttnA_FrOper_1,pGP-lh,SalVentAttnA,Pallidum_post,left,left
42,17,0.004464285714285714,cross_network_same_hemi,LH_SalVentAttnA_FrOper_2,LH_SomMotA_6,SalVentAttnA,SomMotA,left,left
42,56,0.004464285714285714,cross_network_same_hemi,LH_SalVentAttnA_FrOper_2,LH_ContA_Temp_1,SalVentAttnA,ContA,left,left
42,62,0.004464285714285714,cross_network_same_hemi,LH_SalVentAttnA_FrOper_2,LH_ContA_PFCl_1,SalVentAttnA,ContA,left,left
42,64,0.004464285714285714,cross_network_same_hemi,LH_SalVentAttnA_FrOper_2,LH_ContA_PFCl_3,SalVentAttnA,ContA,left,left
42,65,0.004464285714285714,cross_network_same_hemi,LH_SalVentAttnA_FrOper_2,LH_ContA_Cingm_1,SalVentAttnA,ContA,left,left
42,113,0.004464285714285714,cross_hemi_diff_network,LH_SalVentAttnA_FrOper_2,RH_SomMotA_2,SalVentAttnA,SomMotA,left,right
42,142,0.004464285714285714,within_network,LH_SalVentAttnA_FrOper_2,RH_SalVentAttnA_PrC_1,SalVentAttnA,SalVentAttnA,left,right
42,143,0.008928571428571428,within_network,LH_SalVentAttnA_FrOper_2,RH_SalVentAttnA_Ins_1,SalVentAttnA,SalVentAttnA,left,right
42,154,0.004464285714285714,cross_hemi_diff_network,LH_SalVentAttnA_FrOper_2,RH_SalVentAttnB_Ins_2,SalVentAttnA,SalVentAttnB,left,right
42,199,0.004464285714285714,cross_hemi_diff_network,LH_SalVentAttnA_FrOper_2,RH_TempPar_4,SalVentAttnA,TempPar,left,right
42,227,0.013392857142857142,cross_network_same_hemi,LH_SalVentAttnA_FrOper_2,aGP-lh,SalVentAttnA,Pallidum_ant,left,left
43,8,0.004464285714285714,cross_network_same_hemi,LH_SalVentAttnA_ParMed_1,LH_VisPeri_ExStrInf_3,SalVentAttnA,VisPeri,left,left
43,46,0.004464285714285714,cross_network_same_hemi,LH_SalVentAttnA_ParMed_1,LH_SalVentAttnB_IPL_1,SalVentAttnA,SalVentAttnB,left,left
43,99,0.004464285714285714,cross_network_same_hemi,LH_SalVentAttnA_ParMed_1,LH_TempPar_2,SalVentAttnA,TempPar,left,left
43,147,0.008928571428571428,within_network,LH_SalVentAttnA_ParMed_1,RH_SalVentAttnA_ParMed_1,SalVentAttnA,SalVentAttnA,left,right
43,152,0.004464285714285714,cross_hemi_diff_network,LH_SalVentAttnA_ParMed_1,RH_SalVentAttnB_PFCl_1,SalVentAttnA,SalVentAttnB,left,right
43,187,0.004464285714285714,cross_hemi_diff_network,LH_SalVentAttnA_ParMed_1,RH_DefaultA_PFCm_2,SalVentAttnA,DefaultA,left,right
43,217,0.004464285714285714,cross_network_same_hemi,LH_SalVentAttnA_ParMed_1,pHIP-lh,SalVentAttnA,Hippocampus_post,left,left
43,227,0.004464285714285714,cross_network_same_hemi,LH_SalVentAttnA_ParMed_1,aGP-lh,SalVentAttnA,Pallidum_ant,left,left
44,52,0.004464285714285714,cross_network_same_hemi,LH_SalVentAttnA_FrMed_1,LH_LimbicA_TempPole_1,SalVentAttnA,LimbicA,left,left
44,167,0.004464285714285714,cross_hemi_diff_network,LH_SalVentAttnA_FrMed_1,RH_ContA_PFCl_1,SalVentAttnA,ContA,left,right
45,13,0.004464285714285714,cross_network_same_hemi,LH_SalVentAttnA_FrMed_2,LH_SomMotA_2,SalVentAttnA,SomMotA,left,left
45,27,0.004464285714285714,cross_network_same_hemi,LH_SalVentAttnA_FrMed_2,LH_SomMotB_Cent_2,SalVentAttnA,SomMotB,left,left
45,64,0.004464285714285714,cross_network_same_hemi,LH_SalVentAttnA_FrMed_2,LH_ContA_PFCl_3,SalVentAttnA,ContA,left,left
45,70,0.004464285714285714,cross_network_same_hemi,LH_SalVentAttnA_FrMed_2,LH_ContB_PFClv_2,SalVentAttnA,ContB,left,left
45,114,0.004464285714285714,cross_hemi_diff_network,LH_SalVentAttnA_FrMed_2,RH_SomMotA_3,SalVentAttnA,SomMotA,left,right
45,139,0.004464285714285714,cross_hemi_diff_network,LH_SalVentAttnA_FrMed_2,RH_DorsAttnB_PostC_4,SalVentAttnA,DorsAttnB,left,right
45,140,0.004464285714285714,cross_hemi_diff_network,LH_SalVentAttnA_FrMed_2,RH_DorsAttnB_FEF_1,SalVentAttnA,DorsAttnB,left,right
45,146,0.004464285714285714,within_network,LH_SalVentAttnA_FrMed_2,RH_SalVentAttnA_FrMed_1,SalVentAttnA,SalVentAttnA,left,right
45,147,0.004464285714285714,within_network,LH_SalVentAttnA_FrMed_2,RH_SalVentAttnA_ParMed_1,SalVentAttnA,SalVentAttnA,left,right
46,35,0.004464285714285714,cross_network_same_hemi,LH_SalVentAttnB_IPL_1,LH_DorsAttnB_PostC_2,SalVentAttnB,DorsAttnB,left,left
46,41,0.004464285714285714,cross_network_same_hemi,LH_SalVentAttnB_IPL_1,LH_SalVentAttnA_FrOper_1,SalVentAttnB,SalVentAttnA,left,left
46,53,0.004464285714285714,cross_network_same_hemi,LH_SalVentAttnB_IPL_1,LH_LimbicA_TempPole_2,SalVentAttnB,LimbicA,left,left
46,61,0.004464285714285714,cross_network_same_hemi,LH_SalVentAttnB_IPL_1,LH_ContA_PFClv_1,SalVentAttnB,ContA,left,left
46,65,0.004464285714285714,cross_network_same_hemi,LH_SalVentAttnB_IPL_1,LH_ContA_Cingm_1,SalVentAttnB,ContA,left,left
46,68,0.004464285714285714,cross_network_same_hemi,LH_SalVentAttnB_IPL_1,LH_ContB_PFCl_1,SalVentAttnB,ContB,left,left
46,69,0.004464285714285714,cross_network_same_hemi,LH_SalVentAttnB_IPL_1,LH_ContB_PFClv_1,SalVentAttnB,ContB,left,left
46,86,0.004464285714285714,cross_network_same_hemi,LH_SalVentAttnB_IPL_1,LH_DefaultB_IPL_1,SalVentAttnB,DefaultB,left,left
46,89,0.004464285714285714,cross_network_same_hemi,LH_SalVentAttnB_IPL_1,LH_DefaultB_PFCd_3,SalVentAttnB,DefaultB,left,left
46,91,0.004464285714285714,cross_network_same_hemi,LH_SalVentAttnB_IPL_1,LH_DefaultB_PFCv_1,SalVentAttnB,DefaultB,left,left
46,137,0.004464285714285714,cross_hemi_diff_network,LH_SalVentAttnB_IPL_1,RH_DorsAttnB_PostC_2,SalVentAttnB,DorsAttnB,left,right
46,142,0.004464285714285714,cross_hemi_diff_network,LH_SalVentAttnB_IPL_1,RH_SalVentAttnA_PrC_1,SalVentAttnB,SalVentAttnA,left,right
46,143,0.004464285714285714,cross_hemi_diff_network,LH_SalVentAttnB_IPL_1,RH_SalVentAttnA_Ins_1,SalVentAttnB,SalVentAttnA,left,right
46,144,0.004464285714285714,cross_hemi_diff_network,LH_SalVentAttnB_IPL_1,RH_SalVentAttnA_Ins_2,SalVentAttnB,SalVentAttnA,left,right
46,147,0.004464285714285714,cross_hemi_diff_network,LH_SalVentAttnB_IPL_1,RH_SalVentAttnA_ParMed_1,SalVentAttnB,SalVentAttnA,left,right
46,148,0.004464285714285714,cross_hemi_diff_network,LH_SalVentAttnB_IPL_1,RH_SalVentAttnA_ParMed_2,SalVentAttnB,SalVentAttnA,left,right
46,161,0.004464285714285714,cross_hemi_diff_network,LH_SalVentAttnB_IPL_1,RH_LimbicA_TempPole_2,SalVentAttnB,LimbicA,left,right
46,167,0.004464285714285714,cross_hemi_diff_network,LH_SalVentAttnB_IPL_1,RH_ContA_PFCl_1,SalVentAttnB,ContA,left,right
46,187,0.004464285714285714,cross_hemi_diff_network,LH_SalVentAttnB_IPL_1,RH_DefaultA_PFCm_2,SalVentAttnB,DefaultA,left,right
46,211,0.004464285714285714,cross_hemi_diff_network,LH_SalVentAttnB_IPL_1,aGP-rh,SalVentAttnB,Pallidum_ant,left,right
47,45,0.004464285714285714,cross_network_same_hemi,LH_SalVentAttnB_PFCl_1,LH_SalVentAttnA_FrMed_2,SalVentAttnB,SalVentAttnA,left,left
47,46,0.004464285714285714,within_network,LH_SalVentAttnB_PFCl_1,LH_SalVentAttnB_IPL_1,SalVentAttnB,SalVentAttnB,left,left
47,48,0.004464285714285714,within_network,LH_SalVentAttnB_PFCl_1,LH_SalVentAttnB_Ins_1,SalVentAttnB,SalVentAttnB,left,left
47,68,0.004464285714285714,cross_network_same_hemi,LH_SalVentAttnB_PFCl_1,LH_ContB_PFCl_1,SalVentAttnB,ContB,left,left
47,70,0.004464285714285714,cross_network_same_hemi,LH_SalVentAttnB_PFCl_1,LH_ContB_PFClv_2,SalVentAttnB,ContB,left,left
47,77,0.004464285714285714,cross_network_same_hemi,LH_SalVentAttnB_PFCl_1,LH_DefaultA_pCunPCC_2,SalVentAttnB,DefaultA,left,left
47,84,0.004464285714285714,cross_network_same_hemi,LH_SalVentAttnB_PFCl_1,LH_DefaultB_Temp_3,SalVentAttnB,DefaultB,left,left
47,86,0.004464285714285714,cross_network_same_hemi,LH_SalVentAttnB_PFCl_1,LH_DefaultB_IPL_1,SalVentAttnB,DefaultB,left,left
47,88,0.004464285714285714,cross_network_same_hemi,LH_SalVentAttnB_PFCl_1,LH_DefaultB_PFCd_2,SalVentAttnB,DefaultB,left,left
47,151,0.004464285714285714,within_network,LH_SalVentAttnB_PFCl_1,RH_SalVentAttnB_PFClv_1,SalVentAttnB,SalVentAttnB,left,right
47,155,0.004464285714285714,within_network,LH_SalVentAttnB_PFCl_1,RH_SalVentAttnB_PFCmp_1,SalVentAttnB,SalVentAttnB,left,right
47,187,0.013392857142857142,cross_hemi_diff_network,LH_SalVentAttnB_PFCl_1,RH_DefaultA_PFCm_2,SalVentAttnB,DefaultA,left,right
47,193,0.004464285714285714,cross_hemi_diff_network,LH_SalVentAttnB_PFCl_1,RH_DefaultC_IPL_1,SalVentAttnB,DefaultC,left,right
47,211,0.004464285714285714,cross_hemi_diff_network,LH_SalVentAttnB_PFCl_1,aGP-rh,SalVentAttnB,Pallidum_ant,left,right
48,50,0.004464285714285714,cross_network_same_hemi,LH_SalVentAttnB_Ins_1,LH_LimbicB_OFC_1,SalVentAttnB,LimbicB,left,left
48,60,0.004464285714285714,cross_network_same_hemi,LH_SalVentAttnB_Ins_1,LH_ContA_PFCd_1,SalVentAttnB,ContA,left,left
48,63,0.008928571428571428,cross_network_same_hemi,LH_SalVentAttnB_Ins_1,LH_ContA_PFCl_2,SalVentAttnB,ContA,left,left
48,92,0.004464285714285714,cross_network_same_hemi,LH_SalVentAttnB_Ins_1,LH_DefaultB_PFCv_2,SalVentAttnB,DefaultB,left,left
48,143,0.008928571428571428,cross_hemi_diff_network,LH_SalVentAttnB_Ins_1,RH_SalVentAttnA_Ins_1,SalVentAttnB,SalVentAttnA,left,right
48,147,0.004464285714285714,cross_hemi_diff_network,LH_SalVentAttnB_Ins_1,RH_SalVentAttnA_ParMed_1,SalVentAttnB,SalVentAttnA,left,right
48,187,0.004464285714285714,cross_hemi_diff_network,LH_SalVentAttnB_Ins_1,RH_DefaultA_PFCm_2,SalVentAttnB,DefaultA,left,right
48,222,0.004464285714285714,cross_network_same_hemi,LH_SalVentAttnB_Ins_1,THA-VA-lh,SalVentAttnB,Thalamus_VA,left,left
48,226,0.004464285714285714,cross_network_same_hemi,LH_SalVentAttnB_Ins_1,pGP-lh,SalVentAttnB,Pallidum_post,left,left
48,227,0.004464285714285714,cross_network_same_hemi,LH_SalVentAttnB_Ins_1,aGP-lh,SalVentAttnB,Pallidum_ant,left,left
49,90,0.004464285714285714,cross_network_same_hemi,LH_SalVentAttnB_PFCmp_1,LH_DefaultB_PFCd_4,SalVentAttnB,DefaultB,left,left
49,98,0.004464285714285714,cross_network_same_hemi,LH_SalVentAttnB_PFCmp_1,LH_TempPar_1,SalVentAttnB,TempPar,left,left
49,169,0.004464285714285714,cross_hemi_diff_network,LH_SalVentAttnB_PFCmp_1,RH_ContA_Cingm_1,SalVentAttnB,ContA,left,right
49,178,0.004464285714285714,cross_hemi_diff_network,LH_SalVentAttnB_PFCmp_1,RH_ContB_PFCmp_1,SalVentAttnB,ContB,left,right
49,187,0.004464285714285714,cross_hemi_diff_network,LH_SalVentAttnB_PFCmp_1,RH_DefaultA_PFCm_2,SalVentAttnB,DefaultA,left,right
49,220,0.004464285714285714,cross_network_same_hemi,LH_SalVentAttnB_PFCmp_1,THA-DP-lh,SalVentAttnB,Thalamus_DP,left,left
49,225,0.004464285714285714,cross_network_same_hemi,LH_SalVentAttnB_PFCmp_1,NAc-core-lh,SalVentAttnB,Accumbens_core,left,left
49,226,0.004464285714285714,cross_network_same_hemi,LH_SalVentAttnB_PFCmp_1,pGP-lh,SalVentAttnB,Pallidum_post,left,left
50,52,0.008928571428571428,cross_network_same_hemi,LH_LimbicB_OFC_1,LH_LimbicA_TempPole_1,LimbicB,LimbicA,left,left
50,53,0.004464285714285714,cross_network_same_hemi,LH_LimbicB_OFC_1,LH_LimbicA_TempPole_2,LimbicB,LimbicA,left,left
50,55,0.017857142857142856,cross_network_same_hemi,LH_LimbicB_OFC_1,LH_LimbicA_TempPole_4,LimbicB,LimbicA,left,left
50,60,0.004464285714285714,cross_network_same_hemi,LH_LimbicB_OFC_1,LH_ContA_PFCd_1,LimbicB,ContA,left,left
50,66,0.004464285714285714,cross_network_same_hemi,LH_LimbicB_OFC_1,LH_ContB_Temp_1,LimbicB,ContB,left,left
50,69,0.004464285714285714,cross_network_same_hemi,LH_LimbicB_OFC_1,LH_ContB_PFClv_1,LimbicB,ContB,left,left
50,83,0.004464285714285714,cross_network_same_hemi,LH_LimbicB_OFC_1,LH_DefaultB_Temp_2,LimbicB,DefaultB,left,left
50,92,0.013392857142857142,cross_network_same_hemi,LH_LimbicB_OFC_1,LH_DefaultB_PFCv_2,LimbicB,DefaultB,left,left
50,156,0.004464285714285714,within_network,LH_LimbicB_OFC_1,RH_LimbicB_OFC_1,LimbicB,LimbicB,left,right
50,160,0.008928571428571428,cross_hemi_diff_network,LH_LimbicB_OFC_1,RH_LimbicA_TempPole_1,LimbicB,LimbicA,left,right
50,161,0.004464285714285714,cross_hemi_diff_network,LH_LimbicB_OFC_1,RH_LimbicA_TempPole_2,LimbicB,LimbicA,left,right
50,162,0.004464285714285714,cross_hemi_diff_network,LH_LimbicB_OFC_1,RH_LimbicA_TempPole_3,LimbicB,LimbicA,left,right
50,176,0.004464285714285714,cross_hemi_diff_network,LH_LimbicB_OFC_1,RH_ContB_PFClv_1,LimbicB,ContB,left,right
50,187,0.017857142857142856,cross_hemi_diff_network,LH_LimbicB_OFC_1,RH_DefaultA_PFCm_2,LimbicB,DefaultA,left,right
50,201,0.013392857142857142,cross_hemi_diff_network,LH_LimbicB_OFC_1,pHIP-rh,LimbicB,Hippocampus_post,left,right
50,202,0.013392857142857142,cross_hemi_diff_network,LH_LimbicB_OFC_1,lAMY-rh,LimbicB,Amygdala_lat,left,right
50,209,0.004464285714285714,cross_hemi_diff_network,LH_LimbicB_OFC_1,NAc-core-rh,LimbicB,Accumbens_core,left,right
50,211,0.004464285714285714,cross_hemi_diff_network,LH_LimbicB_OFC_1,aGP-rh,LimbicB,Pallidum_ant,left,right
50,216,0.004464285714285714,cross_network_same_hemi,LH_LimbicB_OFC_1,aHIP-lh,LimbicB,Hippocampus_ant,left,left
50,217,0.004464285714285714,cross_network_same_hemi,LH_LimbicB_OFC_1,pHIP-lh,LimbicB,Hippocampus_post,left,left
50,219,0.004464285714285714,cross_network_same_hemi,LH_LimbicB_OFC_1,mAMY-lh,LimbicB,Amygdala_med,left,left
50,224,0.008928571428571428,cross_network_same_hemi,LH_LimbicB_OFC_1,NAc-shell-lh,LimbicB,Accumbens_shell,left,left
50,225,0.004464285714285714,cross_network_same_hemi,LH_LimbicB_OFC_1,NAc-core-lh,LimbicB,Accumbens_core,left,left
50,226,0.013392857142857142,cross_network_same_hemi,LH_LimbicB_OFC_1,pGP-lh,LimbicB,Pallidum_post,left,left
50,231,0.004464285714285714,cross_network_same_hemi,LH_LimbicB_OFC_1,pCAU-lh,LimbicB,Caudate_post,left,left
51,53,0.004464285714285714,cross_network_same_hemi,LH_LimbicB_OFC_2,LH_LimbicA_TempPole_2,LimbicB,LimbicA,left,left
51,83,0.004464285714285714,cross_network_same_hemi,LH_LimbicB_OFC_2,LH_DefaultB_Temp_2,LimbicB,DefaultB,left,left
51,99,0.004464285714285714,cross_network_same_hemi,LH_LimbicB_OFC_2,LH_TempPar_2,LimbicB,TempPar,left,left
51,103,0.004464285714285714,cross_hemi_diff_network,LH_LimbicB_OFC_2,RH_VisCent_ExStr_3,LimbicB,VisCent,left,right
51,161,0.004464285714285714,cross_hemi_diff_network,LH_LimbicB_OFC_2,RH_LimbicA_TempPole_2,LimbicB,LimbicA,left,right
51,162,0.004464285714285714,cross_hemi_diff_network,LH_LimbicB_OFC_2,RH_LimbicA_TempPole_3,LimbicB,LimbicA,left,right
51,187,0.004464285714285714,cross_hemi_diff_network,LH_LimbicB_OFC_2,RH_DefaultA_PFCm_2,LimbicB,DefaultA,left,right
51,200,0.004464285714285714,cross_hemi_diff_network,LH_LimbicB_OFC_2,aHIP-rh,LimbicB,Hippocampus_ant,left,right
51,202,0.004464285714285714,cross_hemi_diff_network,LH_LimbicB_OFC_2,lAMY-rh,LimbicB,Amygdala_lat,left,right
51,203,0.004464285714285714,cross_hemi_diff_network,LH_LimbicB_OFC_2,mAMY-rh,LimbicB,Amygdala_med,left,right
51,204,0.004464285714285714,cross_hemi_diff_network,LH_LimbicB_OFC_2,THA-DP-rh,LimbicB,Thalamus_DP,left,right
51,210,0.004464285714285714,cross_hemi_diff_network,LH_LimbicB_OFC_2,pGP-rh,LimbicB,Pallidum_post,left,right
51,227,0.004464285714285714,cross_network_same_hemi,LH_LimbicB_OFC_2,aGP-lh,LimbicB,Pallidum_ant,left,left
52,50,0.004464285714285714,cross_network_same_hemi,LH_LimbicA_TempPole_1,LH_LimbicB_OFC_1,LimbicA,LimbicB,left,left
52,55,0.004464285714285714,within_network,LH_LimbicA_TempPole_1,LH_LimbicA_TempPole_4,LimbicA,LimbicA,left,left
52,92,0.004464285714285714,cross_network_same_hemi,LH_LimbicA_TempPole_1,LH_DefaultB_PFCv_2,LimbicA,DefaultB,left,left
52,97,0.004464285714285714,cross_network_same_hemi,LH_LimbicA_TempPole_1,LH_DefaultC_PHC_1,LimbicA,DefaultC,left,left
52,99,0.004464285714285714,cross_network_same_hemi,LH_LimbicA_TempPole_1,LH_TempPar_2,LimbicA,TempPar,left,left
52,103,0.004464285714285714,cross_hemi_diff_network,LH_LimbicA_TempPole_1,RH_VisCent_ExStr_3,LimbicA,VisCent,left,right
52,160,0.004464285714285714,within_network,LH_LimbicA_TempPole_1,RH_LimbicA_TempPole_1,LimbicA,LimbicA,left,right
52,163,0.004464285714285714,within_network,LH_LimbicA_TempPole_1,RH_LimbicA_TempPole_4,LimbicA,LimbicA,left,right
52,170,0.004464285714285714,cross_hemi_diff_network,LH_LimbicA_TempPole_1,RH_ContB_Temp_1,LimbicA,ContB,left,right
52,187,0.008928571428571428,cross_hemi_diff_network,LH_LimbicA_TempPole_1,RH_DefaultA_PFCm_2,LimbicA,DefaultA,left,right
52,202,0.004464285714285714,cross_hemi_diff_network,LH_LimbicA_TempPole_1,lAMY-rh,LimbicA,Amygdala_lat,left,right
52,203,0.004464285714285714,cross_hemi_diff_network,LH_LimbicA_TempPole_1,mAMY-rh,LimbicA,Amygdala_med,left,right
52,204,0.004464285714285714,cross_hemi_diff_network,LH_LimbicA_TempPole_1,THA-DP-rh,LimbicA,Thalamus_DP,left,right
52,208,0.004464285714285714,cross_hemi_diff_network,LH_LimbicA_TempPole_1,NAc-shell-rh,LimbicA,Accumbens_shell,left,right
52,217,0.008928571428571428,cross_network_same_hemi,LH_LimbicA_TempPole_1,pHIP-lh,LimbicA,Hippocampus_post,left,left
52,218,0.017857142857142856,cross_network_same_hemi,LH_LimbicA_TempPole_1,lAMY-lh,LimbicA,Amygdala_lat,left,left
52,219,0.004464285714285714,cross_network_same_hemi,LH_LimbicA_TempPole_1,mAMY-lh,LimbicA,Amygdala_med,left,left
52,221,0.008928571428571428,cross_network_same_hemi,LH_LimbicA_TempPole_1,THA-VP-lh,LimbicA,Thalamus_VP,left,left
52,224,0.004464285714285714,cross_network_same_hemi,LH_LimbicA_TempPole_1,NAc-shell-lh,LimbicA,Accumbens_shell,left,left
52,227,0.008928571428571428,cross_network_same_hemi,LH_LimbicA_TempPole_1,aGP-lh,LimbicA,Pallidum_ant,left,left
53,29,0.004464285714285714,cross_network_same_hemi,LH_LimbicA_TempPole_2,LH_DorsAttnA_TempOcc_2,LimbicA,DorsAttnA,left,left
53,50,0.008928571428571428,cross_network_same_hemi,LH_LimbicA_TempPole_2,LH_LimbicB_OFC_1,LimbicA,LimbicB,left,left
53,54,0.013392857142857142,within_network,LH_LimbicA_TempPole_2,LH_LimbicA_TempPole_3,LimbicA,LimbicA,left,left
53,55,0.008928571428571428,within_network,LH_LimbicA_TempPole_2,LH_LimbicA_TempPole_4,LimbicA,LimbicA,left,left
53,57,0.004464285714285714,cross_network_same_hemi,LH_LimbicA_TempPole_2,LH_ContA_IPS_1,LimbicA,ContA,left,left
53,64,0.004464285714285714,cross_network_same_hemi,LH_LimbicA_TempPole_2,LH_ContA_PFCl_3,LimbicA,ContA,left,left
53,82,0.004464285714285714,cross_network_same_hemi,LH_LimbicA_TempPole_2,LH_DefaultB_Temp_1,LimbicA,DefaultB,left,left
53,85,0.004464285714285714,cross_network_same_hemi,LH_LimbicA_TempPole_2,LH_DefaultB_Temp_4,LimbicA,DefaultB,left,left
53,91,0.004464285714285714,cross_network_same_hemi,LH_LimbicA_TempPole_2,LH_DefaultB_PFCv_1,LimbicA,DefaultB,left,left
53,92,0.004464285714285714,cross_network_same_hemi,LH_LimbicA_TempPole_2,LH_DefaultB_PFCv_2,LimbicA,DefaultB,left,left
53,130,0.004464285714285714,cross_hemi_diff_network,LH_LimbicA_TempPole_2,RH_DorsAttnA_TempOcc_1,LimbicA,DorsAttnA,left,right
53,142,0.004464285714285714,cross_hemi_diff_network,LH_LimbicA_TempPole_2,RH_SalVentAttnA_PrC_1,LimbicA,SalVentAttnA,left,right
53,160,0.026785714285714284,within_network,LH_LimbicA_TempPole_2,RH_LimbicA_TempPole_1,LimbicA,LimbicA,left,right
53,162,0.013392857142857142,within_network,LH_LimbicA_TempPole_2,RH_LimbicA_TempPole_3,LimbicA,LimbicA,left,right
53,187,0.008928571428571428,cross_hemi_diff_network,LH_LimbicA_TempPole_2,RH_DefaultA_PFCm_2,LimbicA,DefaultA,left,right
53,190,0.004464285714285714,cross_hemi_diff_network,LH_LimbicA_TempPole_2,RH_DefaultB_AntTemp_1,LimbicA,DefaultB,left,right
53,198,0.004464285714285714,cross_hemi_diff_network,LH_LimbicA_TempPole_2,RH_TempPar_3,LimbicA,TempPar,left,right
53,200,0.004464285714285714,cross_hemi_diff_network,LH_LimbicA_TempPole_2,aHIP-rh,LimbicA,Hippocampus_ant,left,right
53,201,0.004464285714285714,cross_hemi_diff_network,LH_LimbicA_TempPole_2,pHIP-rh,LimbicA,Hippocampus_post,left,right
53,202,0.004464285714285714,cross_hemi_diff_network,LH_LimbicA_TempPole_2,lAMY-rh,LimbicA,Amygdala_lat,left,right
53,203,0.008928571428571428,cross_hemi_diff_network,LH_LimbicA_TempPole_2,mAMY-rh,LimbicA,Amygdala_med,left,right
53,205,0.004464285714285714,cross_hemi_diff_network,LH_LimbicA_TempPole_2,THA-VP-rh,LimbicA,Thalamus_VP,left,right
53,208,0.004464285714285714,cross_hemi_diff_network,LH_LimbicA_TempPole_2,NAc-shell-rh,LimbicA,Accumbens_shell,left,right
53,210,0.004464285714285714,cross_hemi_diff_network,LH_LimbicA_TempPole_2,pGP-rh,LimbicA,Pallidum_post,left,right
53,217,0.004464285714285714,cross_network_same_hemi,LH_LimbicA_TempPole_2,pHIP-lh,LimbicA,Hippocampus_post,left,left
53,218,0.004464285714285714,cross_network_same_hemi,LH_LimbicA_TempPole_2,lAMY-lh,LimbicA,Amygdala_lat,left,left
53,219,0.008928571428571428,cross_network_same_hemi,LH_LimbicA_TempPole_2,mAMY-lh,LimbicA,Amygdala_med,left,left
53,227,0.008928571428571428,cross_network_same_hemi,LH_LimbicA_TempPole_2,aGP-lh,LimbicA,Pallidum_ant,left,left
54,50,0.008928571428571428,cross_network_same_hemi,LH_LimbicA_TempPole_3,LH_LimbicB_OFC_1,LimbicA,LimbicB,left,left
54,53,0.004464285714285714,within_network,LH_LimbicA_TempPole_3,LH_LimbicA_TempPole_2,LimbicA,LimbicA,left,left
54,64,0.004464285714285714,cross_network_same_hemi,LH_LimbicA_TempPole_3,LH_ContA_PFCl_3,LimbicA,ContA,left,left
54,92,0.004464285714285714,cross_network_same_hemi,LH_LimbicA_TempPole_3,LH_DefaultB_PFCv_2,LimbicA,DefaultB,left,left
54,98,0.004464285714285714,cross_network_same_hemi,LH_LimbicA_TempPole_3,LH_TempPar_1,LimbicA,TempPar,left,left
54,114,0.008928571428571428,cross_hemi_diff_network,LH_LimbicA_TempPole_3,RH_SomMotA_3,LimbicA,SomMotA,left,right
54,116,0.004464285714285714,cross_hemi_diff_network,LH_LimbicA_TempPole_3,RH_SomMotA_5,LimbicA,SomMotA,left,right
54,131,0.004464285714285714,cross_hemi_diff_network,LH_LimbicA_TempPole_3,RH_DorsAttnA_ParOcc_1,LimbicA,DorsAttnA,left,right
54,160,0.004464285714285714,within_network,LH_LimbicA_TempPole_3,RH_LimbicA_TempPole_1,LimbicA,LimbicA,left,right
54,161,0.017857142857142856,within_network,LH_LimbicA_TempPole_3,RH_LimbicA_TempPole_2,LimbicA,LimbicA,left,right
54,162,0.017857142857142856,within_network,LH_LimbicA_TempPole_3,RH_LimbicA_TempPole_3,LimbicA,LimbicA,left,right
54,171,0.004464285714285714,cross_hemi_diff_network,LH_LimbicA_TempPole_3,RH_ContB_Temp_2,LimbicA,ContB,left,right
54,175,0.004464285714285714,cross_hemi_diff_network,LH_LimbicA_TempPole_3,RH_ContB_PFCld_2,LimbicA,ContB,left,right
54,187,0.004464285714285714,cross_hemi_diff_network,LH_LimbicA_TempPole_3,RH_DefaultA_PFCm_2,LimbicA,DefaultA,left,right
54,189,0.004464285714285714,cross_hemi_diff_network,LH_LimbicA_TempPole_3,RH_DefaultB_Temp_1,LimbicA,DefaultB,left,right
54,190,0.004464285714285714,cross_hemi_diff_network,LH_LimbicA_TempPole_3,RH_DefaultB_AntTemp_1,LimbicA,DefaultB,left,right
54,202,0.008928571428571428,cross_hemi_diff_network,LH_LimbicA_TempPole_3,lAMY-rh,LimbicA,Amygdala_lat,left,right
54,203,0.008928571428571428,cross_hemi_diff_network,LH_LimbicA_TempPole_3,mAMY-rh,LimbicA,Amygdala_med,left,right
54,204,0.004464285714285714,cross_hemi_diff_network,LH_LimbicA_TempPole_3,THA-DP-rh,LimbicA,Thalamus_DP,left,right
54,208,0.004464285714285714,cross_hemi_diff_network,LH_LimbicA_TempPole_3,NAc-shell-rh,LimbicA,Accumbens_shell,left,right
54,210,0.004464285714285714,cross_hemi_diff_network,LH_LimbicA_TempPole_3,pGP-rh,LimbicA,Pallidum_post,left,right
54,211,0.008928571428571428,cross_hemi_diff_network,LH_LimbicA_TempPole_3,aGP-rh,LimbicA,Pallidum_ant,left,right
54,217,0.008928571428571428,cross_network_same_hemi,LH_LimbicA_TempPole_3,pHIP-lh,LimbicA,Hippocampus_post,left,left
54,218,0.008928571428571428,cross_network_same_hemi,LH_LimbicA_TempPole_3,lAMY-lh,LimbicA,Amygdala_lat,left,left
54,219,0.008928571428571428,cross_network_same_hemi,LH_LimbicA_TempPole_3,mAMY-lh,LimbicA,Amygdala_med,left,left
54,220,0.008928571428571428,cross_network_same_hemi,LH_LimbicA_TempPole_3,THA-DP-lh,LimbicA,Thalamus_DP,left,left
54,227,0.004464285714285714,cross_network_same_hemi,LH_LimbicA_TempPole_3,aGP-lh,LimbicA,Pallidum_ant,left,left
55,8,0.004464285714285714,cross_network_same_hemi,LH_LimbicA_TempPole_4,LH_VisPeri_ExStrInf_3,LimbicA,VisPeri,left,left
55,12,0.004464285714285714,cross_network_same_hemi,LH_LimbicA_TempPole_4,LH_SomMotA_1,LimbicA,SomMotA,left,left
55,20,0.004464285714285714,cross_network_same_hemi,LH_LimbicA_TempPole_4,LH_SomMotB_Aud_1,LimbicA,SomMotB,left,left
55,23,0.004464285714285714,cross_network_same_hemi,LH_LimbicA_TempPole_4,LH_SomMotB_S2_2,LimbicA,SomMotB,left,left
55,40,0.004464285714285714,cross_network_same_hemi,LH_LimbicA_TempPole_4,LH_SalVentAttnA_Ins_1,LimbicA,SalVentAttnA,left,left
55,46,0.004464285714285714,cross_network_same_hemi,LH_LimbicA_TempPole_4,LH_SalVentAttnB_IPL_1,LimbicA,SalVentAttnB,left,left
55,50,0.022321428571428572,cross_network_same_hemi,LH_LimbicA_TempPole_4,LH_LimbicB_OFC_1,LimbicA,LimbicB,left,left
55,53,0.004464285714285714,within_network,LH_LimbicA_TempPole_4,LH_LimbicA_TempPole_2,LimbicA,LimbicA,left,left
55,92,0.017857142857142856,cross_network_same_hemi,LH_LimbicA_TempPole_4,LH_DefaultB_PFCv_2,LimbicA,DefaultB,left,left
55,99,0.004464285714285714,cross_network_same_hemi,LH_LimbicA_TempPole_4,LH_TempPar_2,LimbicA,TempPar,left,left
55,125,0.004464285714285714,cross_hemi_diff_network,LH_LimbicA_TempPole_4,RH_SomMotB_S2_1,LimbicA,SomMotB,left,right
55,140,0.004464285714285714,cross_hemi_diff_network,LH_LimbicA_TempPole_4,RH_DorsAttnB_FEF_1,LimbicA,DorsAttnB,left,right
55,142,0.004464285714285714,cross_hemi_diff_network,LH_LimbicA_TempPole_4,RH_SalVentAttnA_PrC_1,LimbicA,SalVentAttnA,left,right
55,143,0.008928571428571428,cross_hemi_diff_network,LH_LimbicA_TempPole_4,RH_SalVentAttnA_Ins_1,LimbicA,SalVentAttnA,left,right
55,144,0.004464285714285714,cross_hemi_diff_network,LH_LimbicA_TempPole_4,RH_SalVentAttnA_Ins_2,LimbicA,SalVentAttnA,left,right
55,147,0.004464285714285714,cross_hemi_diff_network,LH_LimbicA_TempPole_4,RH_SalVentAttnA_ParMed_1,LimbicA,SalVentAttnA,left,right
55,153,0.013392857142857142,cross_hemi_diff_network,LH_LimbicA_TempPole_4,RH_SalVentAttnB_Ins_1,LimbicA,SalVentAttnB,left,right
55,160,0.013392857142857142,within_network,LH_LimbicA_TempPole_4,RH_LimbicA_TempPole_1,LimbicA,LimbicA,left,right
55,161,0.013392857142857142,within_network,LH_LimbicA_TempPole_4,RH_LimbicA_TempPole_2,LimbicA,LimbicA,left,right
55,169,0.008928571428571428,cross_hemi_diff_network,LH_LimbicA_TempPole_4,RH_ContA_Cingm_1,LimbicA,ContA,left,right
55,176,0.004464285714285714,cross_hemi_diff_network,LH_LimbicA_TempPole_4,RH_ContB_PFClv_1,LimbicA,ContB,left,right
55,187,0.008928571428571428,cross_hemi_diff_network,LH_LimbicA_TempPole_4,RH_DefaultA_PFCm_2,LimbicA,DefaultA,left,right
55,190,0.004464285714285714,cross_hemi_diff_network,LH_LimbicA_TempPole_4,RH_DefaultB_AntTemp_1,LimbicA,DefaultB,left,right
55,196,0.004464285714285714,cross_hemi_diff_network,LH_LimbicA_TempPole_4,RH_TempPar_1,LimbicA,TempPar,left,right
55,197,0.004464285714285714,cross_hemi_diff_network,LH_LimbicA_TempPole_4,RH_TempPar_2,LimbicA,TempPar,left,right
55,199,0.004464285714285714,cross_hemi_diff_network,LH_LimbicA_TempPole_4,RH_TempPar_4,LimbicA,TempPar,left,right
55,201,0.008928571428571428,cross_hemi_diff_network,LH_LimbicA_TempPole_4,pHIP-rh,LimbicA,Hippocampus_post,left,right
55,202,0.022321428571428572,cross_hemi_diff_network,LH_LimbicA_TempPole_4,lAMY-rh,LimbicA,Amygdala_lat,left,right
55,203,0.013392857142857142,cross_hemi_diff_network,LH_LimbicA_TempPole_4,mAMY-rh,LimbicA,Amygdala_med,left,right
55,204,0.004464285714285714,cross_hemi_diff_network,LH_LimbicA_TempPole_4,THA-DP-rh,LimbicA,Thalamus_DP,left,right
55,210,0.013392857142857142,cross_hemi_diff_network,LH_LimbicA_TempPole_4,pGP-rh,LimbicA,Pallidum_post,left,right
55,211,0.004464285714285714,cross_hemi_diff_network,LH_LimbicA_TempPole_4,aGP-rh,LimbicA,Pallidum_ant,left,right
55,218,0.013392857142857142,cross_network_same_hemi,LH_LimbicA_TempPole_4,lAMY-lh,LimbicA,Amygdala_lat,left,left
55,219,0.017857142857142856,cross_network_same_hemi,LH_LimbicA_TempPole_4,mAMY-lh,LimbicA,Amygdala_med,left,left
55,221,0.004464285714285714,cross_network_same_hemi,LH_LimbicA_TempPole_4,THA-VP-lh,LimbicA,Thalamus_VP,left,left
55,224,0.008928571428571428,cross_network_same_hemi,LH_LimbicA_TempPole_4,NAc-shell-lh,LimbicA,Accumbens_shell,left,left
55,225,0.004464285714285714,cross_network_same_hemi,LH_LimbicA_TempPole_4,NAc-core-lh,LimbicA,Accumbens_core,left,left
55,226,0.004464285714285714,cross_network_same_hemi,LH_LimbicA_TempPole_4,pGP-lh,LimbicA,Pallidum_post,left,left
56,33,0.004464285714285714,cross_network_same_hemi,LH_ContA_Temp_1,LH_DorsAttnA_SPL_3,ContA,DorsAttnA,left,left
56,35,0.004464285714285714,cross_network_same_hemi,LH_ContA_Temp_1,LH_DorsAttnB_PostC_2,ContA,DorsAttnB,left,left
56,50,0.004464285714285714,cross_network_same_hemi,LH_ContA_Temp_1,LH_LimbicB_OFC_1,ContA,LimbicB,left,left
56,55,0.004464285714285714,cross_network_same_hemi,LH_ContA_Temp_1,LH_LimbicA_TempPole_4,ContA,LimbicA,left,left
56,58,0.004464285714285714,within_network,LH_ContA_Temp_1,LH_ContA_IPS_2,ContA,ContA,left,left
56,63,0.004464285714285714,within_network,LH_ContA_Temp_1,LH_ContA_PFCl_2,ContA,ContA,left,left
56,64,0.004464285714285714,within_network,LH_ContA_Temp_1,LH_ContA_PFCl_3,ContA,ContA,left,left
56,66,0.004464285714285714,cross_network_same_hemi,LH_ContA_Temp_1,LH_ContB_Temp_1,ContA,ContB,left,left
56,69,0.004464285714285714,cross_network_same_hemi,LH_ContA_Temp_1,LH_ContB_PFClv_1,ContA,ContB,left,left
56,83,0.008928571428571428,cross_network_same_hemi,LH_ContA_Temp_1,LH_DefaultB_Temp_2,ContA,DefaultB,left,left
56,89,0.004464285714285714,cross_network_same_hemi,LH_ContA_Temp_1,LH_DefaultB_PFCd_3,ContA,DefaultB,left,left
56,95,0.004464285714285714,cross_network_same_hemi,LH_ContA_Temp_1,LH_DefaultC_IPL_1,ContA,DefaultC,left,left
56,99,0.008928571428571428,cross_network_same_hemi,LH_ContA_Temp_1,LH_TempPar_2,ContA,TempPar,left,left
56,134,0.004464285714285714,cross_hemi_diff_network,LH_ContA_Temp_1,RH_DorsAttnA_SPL_3,ContA,DorsAttnA,left,right
56,138,0.004464285714285714,cross_hemi_diff_network,LH_ContA_Temp_1,RH_DorsAttnB_PostC_3,ContA,DorsAttnB,left,right
56,141,0.004464285714285714,cross_hemi_diff_network,LH_ContA_Temp_1,RH_SalVentAttnA_ParOper_1,ContA,SalVentAttnA,left,right
56,150,0.004464285714285714,cross_hemi_diff_network,LH_ContA_Temp_1,RH_SalVentAttnB_IPL_1,ContA,SalVentAttnB,left,right
56,163,0.008928571428571428,cross_hemi_diff_network,LH_ContA_Temp_1,RH_LimbicA_TempPole_4,ContA,LimbicA,left,right
56,199,0.004464285714285714,cross_hemi_diff_network,LH_ContA_Temp_1,RH_TempPar_4,ContA,TempPar,left,right
56,201,0.004464285714285714,cross_hemi_diff_network,LH_ContA_Temp_1,pHIP-rh,ContA,Hippocampus_post,left,right
56,203,0.004464285714285714,cross_hemi_diff_network,LH_ContA_Temp_1,mAMY-rh,ContA,Amygdala_med,left,right
56,208,0.004464285714285714,cross_hemi_diff_network,LH_ContA_Temp_1,NAc-shell-rh,ContA,Accumbens_shell,left,right
56,210,0.013392857142857142,cross_hemi_diff_network,LH_ContA_Temp_1,pGP-rh,ContA,Pallidum_post,left,right
56,221,0.004464285714285714,cross_network_same_hemi,LH_ContA_Temp_1,THA-VP-lh,ContA,Thalamus_VP,left,left
57,30,0.004464285714285714,cross_network_same_hemi,LH_ContA_IPS_1,LH_DorsAttnA_ParOcc_1,ContA,DorsAttnA,left,left
57,56,0.004464285714285714,within_network,LH_ContA_IPS_1,LH_ContA_Temp_1,ContA,ContA,left,left
57,61,0.004464285714285714,within_network,LH_ContA_IPS_1,LH_ContA_PFClv_1,ContA,ContA,left,left
57,95,0.004464285714285714,cross_network_same_hemi,LH_ContA_IPS_1,LH_DefaultC_IPL_1,ContA,DefaultC,left,left
57,132,0.004464285714285714,cross_hemi_diff_network,LH_ContA_IPS_1,RH_DorsAttnA_SPL_1,ContA,DorsAttnA,left,right
57,140,0.004464285714285714,cross_hemi_diff_network,LH_ContA_IPS_1,RH_DorsAttnB_FEF_1,ContA,DorsAttnB,left,right
57,163,0.004464285714285714,cross_hemi_diff_network,LH_ContA_IPS_1,RH_LimbicA_TempPole_4,ContA,LimbicA,left,right
57,171,0.008928571428571428,cross_hemi_diff_network,LH_ContA_IPS_1,RH_ContB_Temp_2,ContA,ContB,left,right
57,173,0.004464285714285714,cross_hemi_diff_network,LH_ContA_IPS_1,RH_ContB_IPL_2,ContA,ContB,left,right
58,33,0.004464285714285714,cross_network_same_hemi,LH_ContA_IPS_2,LH_DorsAttnA_SPL_3,ContA,DorsAttnA,left,left
58,35,0.004464285714285714,cross_network_same_hemi,LH_ContA_IPS_2,LH_DorsAttnB_PostC_2,ContA,DorsAttnB,left,left
58,36,0.004464285714285714,cross_network_same_hemi,LH_ContA_IPS_2,LH_DorsAttnB_PostC_3,ContA,DorsAttnB,left,left
58,38,0.008928571428571428,cross_network_same_hemi,LH_ContA_IPS_2,LH_DorsAttnB_FEF_1,ContA,DorsAttnB,left,left
58,56,0.004464285714285714,within_network,LH_ContA_IPS_2,LH_ContA_Temp_1,ContA,ContA,left,left
58,62,0.004464285714285714,within_network,LH_ContA_IPS_2,LH_ContA_PFCl_1,ContA,ContA,left,left
58,63,0.004464285714285714,within_network,LH_ContA_IPS_2,LH_ContA_PFCl_2,ContA,ContA,left,left
58,66,0.004464285714285714,cross_network_same_hemi,LH_ContA_IPS_2,LH_ContB_Temp_1,ContA,ContB,left,left
58,133,0.004464285714285714,cross_hemi_diff_network,LH_ContA_IPS_2,RH_DorsAttnA_SPL_2,ContA,DorsAttnA,left,right
58,164,0.004464285714285714,within_network,LH_ContA_IPS_2,RH_ContA_IPS_1,ContA,ContA,left,right
58,171,0.004464285714285714,cross_hemi_diff_network,LH_ContA_IPS_2,RH_ContB_Temp_2,ContA,ContB,left,right
59,30,0.008928571428571428,cross_network_same_hemi,LH_ContA_IPS_3,LH_DorsAttnA_ParOcc_1,ContA,DorsAttnA,left,left
59,34,0.004464285714285714,cross_network_same_hemi,LH_ContA_IPS_3,LH_DorsAttnB_PostC_1,ContA,DorsAttnB,left,left
59,35,0.004464285714285714,cross_network_same_hemi,LH_ContA_IPS_3,LH_DorsAttnB_PostC_2,ContA,DorsAttnB,left,left
59,56,0.004464285714285714,within_network,LH_ContA_IPS_3,LH_ContA_Temp_1,ContA,ContA,left,left
59,63,0.008928571428571428,within_network,LH_ContA_IPS_3,LH_ContA_PFCl_2,ContA,ContA,left,left
59,132,0.004464285714285714,cross_hemi_diff_network,LH_ContA_IPS_3,RH_DorsAttnA_SPL_1,ContA,DorsAttnA,left,right
59,140,0.004464285714285714,cross_hemi_diff_network,LH_ContA_IPS_3,RH_DorsAttnB_FEF_1,ContA,DorsAttnB,left,right
59,142,0.004464285714285714,cross_hemi_diff_network,LH_ContA_IPS_3,RH_SalVentAttnA_PrC_1,ContA,SalVentAttnA,left,right
59,148,0.004464285714285714,cross_hemi_diff_network,LH_ContA_IPS_3,RH_SalVentAttnA_ParMed_2,ContA,SalVentAttnA,left,right
59,171,0.004464285714285714,cross_hemi_diff_network,LH_ContA_IPS_3,RH_ContB_Temp_2,ContA,ContB,left,right
59,174,0.004464285714285714,cross_hemi_diff_network,LH_ContA_IPS_3,RH_ContB_PFCld_1,ContA,ContB,left,right
59,226,0.004464285714285714,cross_network_same_hemi,LH_ContA_IPS_3,pGP-lh,ContA,Pallidum_post,left,left
60,34,0.004464285714285714,cross_network_same_hemi,LH_ContA_PFCd_1,LH_DorsAttnB_PostC_1,ContA,DorsAttnB,left,left
60,55,0.004464285714285714,cross_network_same_hemi,LH_ContA_PFCd_1,LH_LimbicA_TempPole_4,ContA,LimbicA,left,left
60,75,0.004464285714285714,cross_network_same_hemi,LH_ContA_PFCd_1,LH_DefaultA_PFCd_1,ContA,DefaultA,left,left
60,89,0.004464285714285714,cross_network_same_hemi,LH_ContA_PFCd_1,LH_DefaultB_PFCd_3,ContA,DefaultB,left,left
60,91,0.004464285714285714,cross_network_same_hemi,LH_ContA_PFCd_1,LH_DefaultB_PFCv_1,ContA,DefaultB,left,left
60,99,0.008928571428571428,cross_network_same_hemi,LH_ContA_PFCd_1,LH_TempPar_2,ContA,TempPar,left,left
60,136,0.004464285714285714,cross_hemi_diff_network,LH_ContA_PFCd_1,RH_DorsAttnB_PostC_1,ContA,DorsAttnB,left,right
60,140,0.008928571428571428,cross_hemi_diff_network,LH_ContA_PFCd_1,RH_DorsAttnB_FEF_1,ContA,DorsAttnB,left,right
60,142,0.004464285714285714,cross_hemi_diff_network,LH_ContA_PFCd_1,RH_SalVentAttnA_PrC_1,ContA,SalVentAttnA,left,right
60,146,0.004464285714285714,cross_hemi_diff_network,LH_ContA_PFCd_1,RH_SalVentAttnA_FrMed_1,ContA,SalVentAttnA,left,right
60,147,0.004464285714285714,cross_hemi_diff_network,LH_ContA_PFCd_1,RH_SalVentAttnA_ParMed_1,ContA,SalVentAttnA,left,right
60,152,0.004464285714285714,cross_hemi_diff_network,LH_ContA_PFCd_1,RH_SalVentAttnB_PFCl_1,ContA,SalVentAttnB,left,right
60,211,0.008928571428571428,cross_hemi_diff_network,LH_ContA_PFCd_1,aGP-rh,ContA,Pallidum_ant,left,right
60,224,0.004464285714285714,cross_network_same_hemi,LH_ContA_PFCd_1,NAc-shell-lh,ContA,Accumbens_shell,left,left
61,0,0.004464285714285714,cross_network_same_hemi,LH_ContA_PFClv_1,LH_VisCent_ExStr_2,ContA,VisCent,left,left
61,40,0.004464285714285714,cross_network_same_hemi,LH_ContA_PFClv_1,LH_SalVentAttnA_Ins_1,ContA,SalVentAttnA,left,left
61,56,0.004464285714285714,within_network,LH_ContA_PFClv_1,LH_ContA_Temp_1,ContA,ContA,left,left
61,63,0.004464285714285714,within_network,LH_ContA_PFClv_1,LH_ContA_PFCl_2,ContA,ContA,left,left
61,66,0.004464285714285714,cross_network_same_hemi,LH_ContA_PFClv_1,LH_ContB_Temp_1,ContA,ContB,left,left
61,67,0.004464285714285714,cross_network_same_hemi,LH_ContA_PFClv_1,LH_ContB_IPL_1,ContA,ContB,left,left
61,68,0.008928571428571428,cross_network_same_hemi,LH_ContA_PFClv_1,LH_ContB_PFCl_1,ContA,ContB,left,left
61,149,0.004464285714285714,cross_hemi_diff_network,LH_ContA_PFClv_1,RH_SalVentAttnA_FrMed_2,ContA,SalVentAttnA,left,right
61,152,0.004464285714285714,cross_hemi_diff_network,LH_ContA_PFClv_1,RH_SalVentAttnB_PFCl_1,ContA,SalVentAttnB,left,right
61,154,0.004464285714285714,cross_hemi_diff_network,LH_ContA_PFClv_1,RH_SalVentAttnB_Ins_2,ContA,SalVentAttnB,left,right
61,208,0.004464285714285714,cross_hemi_diff_network,LH_ContA_PFClv_1,NAc-shell-rh,ContA,Accumbens_shell,left,right
61,211,0.004464285714285714,cross_hemi_diff_network,LH_ContA_PFClv_1,aGP-rh,ContA,Pallidum_ant,left,right
61,227,0.004464285714285714,cross_network_same_hemi,LH_ContA_PFClv_1,aGP-lh,ContA,Pallidum_ant,left,left
62,46,0.004464285714285714,cross_network_same_hemi,LH_ContA_PFCl_1,LH_SalVentAttnB_IPL_1,ContA,SalVentAttnB,left,left
62,50,0.004464285714285714,cross_network_same_hemi,LH_ContA_PFCl_1,LH_LimbicB_OFC_1,ContA,LimbicB,left,left
62,54,0.004464285714285714,cross_network_same_hemi,LH_ContA_PFCl_1,LH_LimbicA_TempPole_3,ContA,LimbicA,left,left
62,56,0.004464285714285714,within_network,LH_ContA_PFCl_1,LH_ContA_Temp_1,ContA,ContA,left,left
62,66,0.004464285714285714,cross_network_same_hemi,LH_ContA_PFCl_1,LH_ContB_Temp_1,ContA,ContB,left,left
62,98,0.004464285714285714,cross_network_same_hemi,LH_ContA_PFCl_1,LH_TempPar_1,ContA,TempPar,left,left
62,99,0.004464285714285714,cross_network_same_hemi,LH_ContA_PFCl_1,LH_TempPar_2,ContA,TempPar,left,left
62,210,0.004464285714285714,cross_hemi_diff_network,LH_ContA_PFCl_1,pGP-rh,ContA,Pallidum_post,left,right
63,31,0.004464285714285714,cross_network_same_hemi,LH_ContA_PFCl_2,LH_DorsAttnA_SPL_1,ContA,DorsAttnA,left,left
63,34,0.004464285714285714,cross_network_same_hemi,LH_ContA_PFCl_2,LH_DorsAttnB_PostC_1,ContA,DorsAttnB,left,left
63,38,0.004464285714285714,cross_network_same_hemi,LH_ContA_PFCl_2,LH_DorsAttnB_FEF_1,ContA,DorsAttnB,left,left
63,56,0.004464285714285714,within_network,LH_ContA_PFCl_2,LH_ContA_Temp_1,ContA,ContA,left,left
63,61,0.004464285714285714,within_network,LH_ContA_PFCl_2,LH_ContA_PFClv_1,ContA,ContA,left,left
63,64,0.004464285714285714,within_network,LH_ContA_PFCl_2,LH_ContA_PFCl_3,ContA,ContA,left,left
63,66,0.004464285714285714,cross_network_same_hemi,LH_ContA_PFCl_2,LH_ContB_Temp_1,ContA,ContB,left,left
63,94,0.004464285714285714,cross_network_same_hemi,LH_ContA_PFCl_2,LH_DefaultB_PFCv_4,ContA,DefaultB,left,left
63,140,0.004464285714285714,cross_hemi_diff_network,LH_ContA_PFCl_2,RH_DorsAttnB_FEF_1,ContA,DorsAttnB,left,right
63,147,0.004464285714285714,cross_hemi_diff_network,LH_ContA_PFCl_2,RH_SalVentAttnA_ParMed_1,ContA,SalVentAttnA,left,right
63,149,0.004464285714285714,cross_hemi_diff_network,LH_ContA_PFCl_2,RH_SalVentAttnA_FrMed_2,ContA,SalVentAttnA,left,right
63,206,0.004464285714285714,cross_hemi_diff_network,LH_ContA_PFCl_2,THA-VA-rh,ContA,Thalamus_VA,left,right
63,210,0.004464285714285714,cross_hemi_diff_network,LH_ContA_PFCl_2,pGP-rh,ContA,Pallidum_post,left,right
63,211,0.008928571428571428,cross_hemi_diff_network,LH_ContA_PFCl_2,aGP-rh,ContA,Pallidum_ant,left,right
63,226,0.004464285714285714,cross_network_same_hemi,LH_ContA_PFCl_2,pGP-lh,ContA,Pallidum_post,left,left
63,227,0.004464285714285714,cross_network_same_hemi,LH_ContA_PFCl_2,aGP-lh,ContA,Pallidum_ant,left,left
63,229,0.004464285714285714,cross_network_same_hemi,LH_ContA_PFCl_2,pPUT-lh,ContA,Putamen_post,left,left
64,28,0.008928571428571428,cross_network_same_hemi,LH_ContA_PFCl_3,LH_DorsAttnA_TempOcc_1,ContA,DorsAttnA,left,left
64,33,0.004464285714285714,cross_network_same_hemi,LH_ContA_PFCl_3,LH_DorsAttnA_SPL_3,ContA,DorsAttnA,left,left
64,42,0.004464285714285714,cross_network_same_hemi,LH_ContA_PFCl_3,LH_SalVentAttnA_FrOper_2,ContA,SalVentAttnA,left,left
64,46,0.004464285714285714,cross_network_same_hemi,LH_ContA_PFCl_3,LH_SalVentAttnB_IPL_1,ContA,SalVentAttnB,left,left
64,50,0.008928571428571428,cross_network_same_hemi,LH_ContA_PFCl_3,LH_LimbicB_OFC_1,ContA,LimbicB,left,left
64,63,0.008928571428571428,within_network,LH_ContA_PFCl_3,LH_ContA_PFCl_2,ContA,ContA,left,left
64,67,0.004464285714285714,cross_network_same_hemi,LH_ContA_PFCl_3,LH_ContB_IPL_1,ContA,ContB,left,left
64,68,0.004464285714285714,cross_network_same_hemi,LH_ContA_PFCl_3,LH_ContB_PFCl_1,ContA,ContB,left,left
64,69,0.008928571428571428,cross_network_same_hemi,LH_ContA_PFCl_3,LH_ContB_PFClv_1,ContA,ContB,left,left
64,70,0.004464285714285714,cross_network_same_hemi,LH_ContA_PFCl_3,LH_ContB_PFClv_2,ContA,ContB,left,left
64,86,0.004464285714285714,cross_network_same_hemi,LH_ContA_PFCl_3,LH_DefaultB_IPL_1,ContA,DefaultB,left,left
64,93,0.004464285714285714,cross_network_same_hemi,LH_ContA_PFCl_3,LH_DefaultB_PFCv_3,ContA,DefaultB,left,left
64,98,0.004464285714285714,cross_network_same_hemi,LH_ContA_PFCl_3,LH_TempPar_1,ContA,TempPar,left,left
64,99,0.004464285714285714,cross_network_same_hemi,LH_ContA_PFCl_3,LH_TempPar_2,ContA,TempPar,left,left
64,107,0.004464285714285714,cross_hemi_diff_network,LH_ContA_PFCl_3,RH_VisPeri_ExStrInf_2,ContA,VisPeri,left,right
64,142,0.004464285714285714,cross_hemi_diff_network,LH_ContA_PFCl_3,RH_SalVentAttnA_PrC_1,ContA,SalVentAttnA,left,right
64,143,0.004464285714285714,cross_hemi_diff_network,LH_ContA_PFCl_3,RH_SalVentAttnA_Ins_1,ContA,SalVentAttnA,left,right
64,167,0.004464285714285714,within_network,LH_ContA_PFCl_3,RH_ContA_PFCl_1,ContA,ContA,left,right
64,168,0.004464285714285714,within_network,LH_ContA_PFCl_3,RH_ContA_PFCl_2,ContA,ContA,left,right
64,169,0.008928571428571428,within_network,LH_ContA_PFCl_3,RH_ContA_Cingm_1,ContA,ContA,left,right
64,189,0.004464285714285714,cross_hemi_diff_network,LH_ContA_PFCl_3,RH_DefaultB_Temp_1,ContA,DefaultB,left,right
64,220,0.004464285714285714,cross_network_same_hemi,LH_ContA_PFCl_3,THA-DP-lh,ContA,Thalamus_DP,left,left
64,229,0.004464285714285714,cross_network_same_hemi,LH_ContA_PFCl_3,pPUT-lh,ContA,Putamen_post,left,left
65,53,0.004464285714285714,cross_network_same_hemi,LH_ContA_Cingm_1,LH_LimbicA_TempPole_2,ContA,LimbicA,left,left
65,63,0.004464285714285714,within_network,LH_ContA_Cingm_1,LH_ContA_PFCl_2,ContA,ContA,left,left
65,64,0.004464285714285714,within_network,LH_ContA_Cingm_1,LH_ContA_PFCl_3,ContA,ContA,left,left
65,102,0.004464285714285714,cross_hemi_diff_network,LH_ContA_Cingm_1,RH_VisCent_Striate_1,ContA,VisCent,left,right
65,161,0.004464285714285714,cross_hemi_diff_network,LH_ContA_Cingm_1,RH_LimbicA_TempPole_2,ContA,LimbicA,left,right
65,182,0.004464285714285714,cross_hemi_diff_network,LH_ContA_Cingm_1,RH_ContC_Cingp_1,ContA,ContC,left,right
65,187,0.004464285714285714,cross_hemi_diff_network,LH_ContA_Cingm_1,RH_DefaultA_PFCm_2,ContA,DefaultA,left,right
65,196,0.004464285714285714,cross_hemi_diff_network,LH_ContA_Cingm_1,RH_TempPar_1,ContA,TempPar,left,right
65,200,0.004464285714285714,cross_hemi_diff_network,LH_ContA_Cingm_1,aHIP-rh,ContA,Hippocampus_ant,left,right
65,203,0.004464285714285714,cross_hemi_diff_network,LH_ContA_Cingm_1,mAMY-rh,ContA,Amygdala_med,left,right
65,208,0.008928571428571428,cross_hemi_diff_network,LH_ContA_Cingm_1,NAc-shell-rh,ContA,Accumbens_shell,left,right
65,210,0.004464285714285714,cross_hemi_diff_network,LH_ContA_Cingm_1,pGP-rh,ContA,Pallidum_post,left,right
65,211,0.008928571428571428,cross_hemi_diff_network,LH_ContA_Cingm_1,aGP-rh,ContA,Pallidum_ant,left,right
65,214,0.004464285714285714,cross_hemi_diff_network,LH_ContA_Cingm_1,aCAU-rh,ContA,Caudate_ant,left,right
65,227,0.008928571428571428,cross_network_same_hemi,LH_ContA_Cingm_1,aGP-lh,ContA,Pallidum_ant,left,left
66,31,0.004464285714285714,cross_network_same_hemi,LH_ContB_Temp_1,LH_DorsAttnA_SPL_1,ContB,DorsAttnA,left,left
66,53,0.004464285714285714,cross_network_same_hemi,LH_ContB_Temp_1,LH_LimbicA_TempPole_2,ContB,LimbicA,left,left
66,56,0.004464285714285714,cross_network_same_hemi,LH_ContB_Temp_1,LH_ContA_Temp_1,ContB,ContA,left,left
66,62,0.004464285714285714,cross_network_same_hemi,LH_ContB_Temp_1,LH_ContA_PFCl_1,ContB,ContA,left,left
66,64,0.004464285714285714,cross_network_same_hemi,LH_ContB_Temp_1,LH_ContA_PFCl_3,ContB,ContA,left,left
66,69,0.004464285714285714,within_network,LH_ContB_Temp_1,LH_ContB_PFClv_1,ContB,ContB,left,left
66,84,0.004464285714285714,cross_network_same_hemi,LH_ContB_Temp_1,LH_DefaultB_Temp_3,ContB,DefaultB,left,left
66,92,0.004464285714285714,cross_network_same_hemi,LH_ContB_Temp_1,LH_DefaultB_PFCv_2,ContB,DefaultB,left,left
66,95,0.004464285714285714,cross_network_same_hemi,LH_ContB_Temp_1,LH_DefaultC_IPL_1,ContB,DefaultC,left,left
66,97,0.004464285714285714,cross_network_same_hemi,LH_ContB_Temp_1,LH_DefaultC_PHC_1,ContB,DefaultC,left,left
66,99,0.008928571428571428,cross_network_same_hemi,LH_ContB_Temp_1,LH_TempPar_2,ContB,TempPar,left,left
66,124,0.004464285714285714,cross_hemi_diff_network,LH_ContB_Temp_1,RH_SomMotB_Aud_2,ContB,SomMotB,left,right
66,131,0.004464285714285714,cross_hemi_diff_network,LH_ContB_Temp_1,RH_DorsAttnA_ParOcc_1,ContB,DorsAttnA,left,right
66,193,0.004464285714285714,cross_hemi_diff_network,LH_ContB_Temp_1,RH_DefaultC_IPL_1,ContB,DefaultC,left,right
66,217,0.004464285714285714,cross_network_same_hemi,LH_ContB_Temp_1,pHIP-lh,ContB,Hippocampus_post,left,left
66,218,0.004464285714285714,cross_network_same_hemi,LH_ContB_Temp_1,lAMY-lh,ContB,Amygdala_lat,left,left
66,220,0.004464285714285714,cross_network_same_hemi,LH_ContB_Temp_1,THA-DP-lh,ContB,Thalamus_DP,left,left
67,64,0.004464285714285714,cross_network_same_hemi,LH_ContB_IPL_1,LH_ContA_PFCl_3,ContB,ContA,left,left
67,85,0.004464285714285714,cross_network_same_hemi,LH_ContB_IPL_1,LH_DefaultB_Temp_4,ContB,DefaultB,left,left
67,93,0.004464285714285714,cross_network_same_hemi,LH_ContB_IPL_1,LH_DefaultB_PFCv_3,ContB,DefaultB,left,left
67,99,0.008928571428571428,cross_network_same_hemi,LH_ContB_IPL_1,LH_TempPar_2,ContB,TempPar,left,left
67,138,0.004464285714285714,cross_hemi_diff_network,LH_ContB_IPL_1,RH_DorsAttnB_PostC_3,ContB,DorsAttnB,left,right
67,171,0.004464285714285714,within_network,LH_ContB_IPL_1,RH_ContB_Temp_2,ContB,ContB,left,right
67,175,0.004464285714285714,within_network,LH_ContB_IPL_1,RH_ContB_PFCld_2,ContB,ContB,left,right
67,211,0.008928571428571428,cross_hemi_diff_network,LH_ContB_IPL_1,aGP-rh,ContB,Pallidum_ant,left,right
67,226,0.004464285714285714,cross_network_same_hemi,LH_ContB_IPL_1,pGP-lh,ContB,Pallidum_post,left,left
67,227,0.004464285714285714,cross_network_same_hemi,LH_ContB_IPL_1,aGP-lh,ContB,Pallidum_ant,left,left
68,70,0.004464285714285714,within_network,LH_ContB_PFCl_1,LH_ContB_PFClv_2,ContB,ContB,left,left
68,83,0.004464285714285714,cross_network_same_hemi,LH_ContB_PFCl_1,LH_DefaultB_Temp_2,ContB,DefaultB,left,left
68,161,0.004464285714285714,cross_hemi_diff_network,LH_ContB_PFCl_1,RH_LimbicA_TempPole_2,ContB,LimbicA,left,right
68,178,0.004464285714285714,within_network,LH_ContB_PFCl_1,RH_ContB_PFCmp_1,ContB,ContB,left,right
68,187,0.004464285714285714,cross_hemi_diff_network,LH_ContB_PFCl_1,RH_DefaultA_PFCm_2,ContB,DefaultA,left,right
68,211,0.004464285714285714,cross_hemi_diff_network,LH_ContB_PFCl_1,aGP-rh,ContB,Pallidum_ant,left,right
68,217,0.008928571428571428,cross_network_same_hemi,LH_ContB_PFCl_1,pHIP-lh,ContB,Hippocampus_post,left,left
69,46,0.004464285714285714,cross_network_same_hemi,LH_ContB_PFClv_1,LH_SalVentAttnB_IPL_1,ContB,SalVentAttnB,left,left
69,50,0.004464285714285714,cross_network_same_hemi,LH_ContB_PFClv_1,LH_LimbicB_OFC_1,ContB,LimbicB,left,left
69,52,0.004464285714285714,cross_network_same_hemi,LH_ContB_PFClv_1,LH_LimbicA_TempPole_1,ContB,LimbicA,left,left
69,64,0.013392857142857142,cross_network_same_hemi,LH_ContB_PFClv_1,LH_ContA_PFCl_3,ContB,ContA,left,left
69,67,0.004464285714285714,within_network,LH_ContB_PFClv_1,LH_ContB_IPL_1,ContB,ContB,left,left
69,70,0.004464285714285714,within_network,LH_ContB_PFClv_1,LH_ContB_PFClv_2,ContB,ContB,left,left
69,83,0.004464285714285714,cross_network_same_hemi,LH_ContB_PFClv_1,LH_DefaultB_Temp_2,ContB,DefaultB,left,left
69,90,0.004464285714285714,cross_network_same_hemi,LH_ContB_PFClv_1,LH_DefaultB_PFCd_4,ContB,DefaultB,left,left
69,94,0.004464285714285714,cross_network_same_hemi,LH_ContB_PFClv_1,LH_DefaultB_PFCv_4,ContB,DefaultB,left,left
69,182,0.004464285714285714,cross_hemi_diff_network,LH_ContB_PFClv_1,RH_ContC_Cingp_1,ContB,ContC,left,right
69,183,0.004464285714285714,cross_hemi_diff_network,LH_ContB_PFClv_1,RH_DefaultA_IPL_1,ContB,DefaultA,left,right
69,189,0.004464285714285714,cross_hemi_diff_network,LH_ContB_PFClv_1,RH_DefaultB_Temp_1,ContB,DefaultB,left,right
69,208,0.004464285714285714,cross_hemi_diff_network,LH_ContB_PFClv_1,NAc-shell-rh,ContB,Accumbens_shell,left,right
69,210,0.004464285714285714,cross_hemi_diff_network,LH_ContB_PFClv_1,pGP-rh,ContB,Pallidum_post,left,right
69,226,0.004464285714285714,cross_network_same_hemi,LH_ContB_PFClv_1,pGP-lh,ContB,Pallidum_post,left,left
69,227,0.004464285714285714,cross_network_same_hemi,LH_ContB_PFClv_1,aGP-lh,ContB,Pallidum_ant,left,left
70,42,0.004464285714285714,cross_network_same_hemi,LH_ContB_PFClv_2,LH_SalVentAttnA_FrOper_2,ContB,SalVentAttnA,left,left
70,47,0.004464285714285714,cross_network_same_hemi,LH_ContB_PFClv_2,LH_SalVentAttnB_PFCl_1,ContB,SalVentAttnB,left,left
70,60,0.004464285714285714,cross_network_same_hemi,LH_ContB_PFClv_2,LH_ContA_PFCd_1,ContB,ContA,left,left
70,66,0.004464285714285714,within_network,LH_ContB_PFClv_2,LH_ContB_Temp_1,ContB,ContB,left,left
70,68,0.004464285714285714,within_network,LH_ContB_PFClv_2,LH_ContB_PFCl_1,ContB,ContB,left,left
70,80,0.004464285714285714,cross_network_same_hemi,LH_ContB_PFClv_2,LH_DefaultA_PFCm_2,ContB,DefaultA,left,left
70,86,0.004464285714285714,cross_network_same_hemi,LH_ContB_PFClv_2,LH_DefaultB_IPL_1,ContB,DefaultB,left,left
70,93,0.004464285714285714,cross_network_same_hemi,LH_ContB_PFClv_2,LH_DefaultB_PFCv_3,ContB,DefaultB,left,left
70,144,0.004464285714285714,cross_hemi_diff_network,LH_ContB_PFClv_2,RH_SalVentAttnA_Ins_2,ContB,SalVentAttnA,left,right
70,147,0.004464285714285714,cross_hemi_diff_network,LH_ContB_PFClv_2,RH_SalVentAttnA_ParMed_1,ContB,SalVentAttnA,left,right
70,155,0.004464285714285714,cross_hemi_diff_network,LH_ContB_PFClv_2,RH_SalVentAttnB_PFCmp_1,ContB,SalVentAttnB,left,right
70,159,0.004464285714285714,cross_hemi_diff_network,LH_ContB_PFClv_2,RH_LimbicB_OFC_4,ContB,LimbicB,left,right
70,176,0.004464285714285714,within_network,LH_ContB_PFClv_2,RH_ContB_PFClv_1,ContB,ContB,left,right
70,187,0.004464285714285714,cross_hemi_diff_network,LH_ContB_PFClv_2,RH_DefaultA_PFCm_2,ContB,DefaultA,left,right
70,193,0.004464285714285714,cross_hemi_diff_network,LH_ContB_PFClv_2,RH_DefaultC_IPL_1,ContB,DefaultC,left,right
70,208,0.004464285714285714,cross_hemi_diff_network,LH_ContB_PFClv_2,NAc-shell-rh,ContB,Accumbens_shell,left,right
70,211,0.008928571428571428,cross_hemi_diff_network,LH_ContB_PFClv_2,aGP-rh,ContB,Pallidum_ant,left,right
70,217,0.004464285714285714,cross_network_same_hemi,LH_ContB_PFClv_2,pHIP-lh,ContB,Hippocampus_post,left,left
70,227,0.004464285714285714,cross_network_same_hemi,LH_ContB_PFClv_2,aGP-lh,ContB,Pallidum_ant,left,left
72,58,0.004464285714285714,cross_network_same_hemi,LH_ContC_pCun_2,LH_ContA_IPS_2,ContC,ContA,left,left
72,111,0.004464285714285714,cross_hemi_diff_network,LH_ContC_pCun_2,RH_VisPeri_ExStrSup_3,ContC,VisPeri,left,right
72,133,0.004464285714285714,cross_hemi_diff_network,LH_ContC_pCun_2,RH_DorsAttnA_SPL_2,ContC,DorsAttnA,left,right
72,177,0.004464285714285714,cross_hemi_diff_network,LH_ContC_pCun_2,RH_ContB_PFClv_2,ContC,ContB,left,right
72,179,0.004464285714285714,cross_hemi_diff_network,LH_ContC_pCun_2,RH_ContB_PFCld_3,ContC,ContB,left,right
72,211,0.004464285714285714,cross_hemi_diff_network,LH_ContC_pCun_2,aGP-rh,ContC,Pallidum_ant,left,right
73,47,0.004464285714285714,cross_network_same_hemi,LH_ContC_Cingp_1,LH_SalVentAttnB_PFCl_1,ContC,SalVentAttnB,left,left
73,206,0.004464285714285714,cross_hemi_diff_network,LH_ContC_Cingp_1,THA-VA-rh,ContC,Thalamus_VA,left,right
73,225,0.004464285714285714,cross_network_same_hemi,LH_ContC_Cingp_1,NAc-core-lh,ContC,Accumbens_core,left,left
74,67,0.004464285714285714,cross_network_same_hemi,LH_DefaultA_IPL_1,LH_ContB_IPL_1,DefaultA,ContB,left,left
74,69,0.004464285714285714,cross_network_same_hemi,LH_DefaultA_IPL_1,LH_ContB_PFClv_1,DefaultA,ContB,left,left
74,86,0.004464285714285714,cross_network_same_hemi,LH_DefaultA_IPL_1,LH_DefaultB_IPL_1,DefaultA,DefaultB,left,left
74,95,0.004464285714285714,cross_network_same_hemi,LH_DefaultA_IPL_1,LH_DefaultC_IPL_1,DefaultA,DefaultC,left,left
74,162,0.004464285714285714,cross_hemi_diff_network,LH_DefaultA_IPL_1,RH_LimbicA_TempPole_3,DefaultA,LimbicA,left,right
74,170,0.004464285714285714,cross_hemi_diff_network,LH_DefaultA_IPL_1,RH_ContB_Temp_1,DefaultA,ContB,left,right
74,189,0.004464285714285714,cross_hemi_diff_network,LH_DefaultA_IPL_1,RH_DefaultB_Temp_1,DefaultA,DefaultB,left,right
74,226,0.004464285714285714,cross_network_same_hemi,LH_DefaultA_IPL_1,pGP-lh,DefaultA,Pallidum_post,left,left
75,10,0.004464285714285714,cross_network_same_hemi,LH_DefaultA_PFCd_1,LH_VisPeri_ExStrSup_1,DefaultA,VisPeri,left,left
75,54,0.004464285714285714,cross_network_same_hemi,LH_DefaultA_PFCd_1,LH_LimbicA_TempPole_3,DefaultA,LimbicA,left,left
75,56,0.004464285714285714,cross_network_same_hemi,LH_DefaultA_PFCd_1,LH_ContA_Temp_1,DefaultA,ContA,left,left
75,64,0.004464285714285714,cross_network_same_hemi,LH_DefaultA_PFCd_1,LH_ContA_PFCl_3,DefaultA,ContA,left,left
75,84,0.004464285714285714,cross_network_same_hemi,LH_DefaultA_PFCd_1,LH_DefaultB_Temp_3,DefaultA,DefaultB,left,left
75,160,0.004464285714285714,cross_hemi_diff_network,LH_DefaultA_PFCd_1,RH_LimbicA_TempPole_1,DefaultA,LimbicA,left,right
75,170,0.004464285714285714,cross_hemi_diff_network,LH_DefaultA_PFCd_1,RH_ContB_Temp_1,DefaultA,ContB,left,right
75,174,0.004464285714285714,cross_hemi_diff_network,LH_DefaultA_PFCd_1,RH_ContB_PFCld_1,DefaultA,ContB,left,right
75,177,0.004464285714285714,cross_hemi_diff_network,LH_DefaultA_PFCd_1,RH_ContB_PFClv_2,DefaultA,ContB,left,right
76,75,0.004464285714285714,within_network,LH_DefaultA_pCunPCC_1,LH_DefaultA_PFCd_1,DefaultA,DefaultA,left,left
76,95,0.004464285714285714,cross_network_same_hemi,LH_DefaultA_pCunPCC_1,LH_DefaultC_IPL_1,DefaultA,DefaultC,left,left
76,190,0.004464285714285714,cross_hemi_diff_network,LH_DefaultA_pCunPCC_1,RH_DefaultB_AntTemp_1,DefaultA,DefaultB,left,right
77,86,0.004464285714285714,cross_network_same_hemi,LH_DefaultA_pCunPCC_2,LH_DefaultB_IPL_1,DefaultA,DefaultB,left,left
77,159,0.004464285714285714,cross_hemi_diff_network,LH_DefaultA_pCunPCC_2,RH_LimbicB_OFC_4,DefaultA,LimbicB,left,right
77,174,0.004464285714285714,cross_hemi_diff_network,LH_DefaultA_pCunPCC_2,RH_ContB_PFCld_1,DefaultA,ContB,left,right
77,187,0.008928571428571428,within_network,LH_DefaultA_pCunPCC_2,RH_DefaultA_PFCm_2,DefaultA,DefaultA,left,right
77,193,0.004464285714285714,cross_hemi_diff_network,LH_DefaultA_pCunPCC_2,RH_DefaultC_IPL_1,DefaultA,DefaultC,left,right
77,211,0.004464285714285714,cross_hemi_diff_network,LH_DefaultA_pCunPCC_2,aGP-rh,DefaultA,Pallidum_ant,left,right
78,10,0.004464285714285714,cross_network_same_hemi,LH_DefaultA_pCunPCC_3,LH_VisPeri_ExStrSup_1,DefaultA,VisPeri,left,left
78,31,0.004464285714285714,cross_network_same_hemi,LH_DefaultA_pCunPCC_3,LH_DorsAttnA_SPL_1,DefaultA,DorsAttnA,left,left
78,32,0.004464285714285714,cross_network_same_hemi,LH_DefaultA_pCunPCC_3,LH_DorsAttnA_SPL_2,DefaultA,DorsAttnA,left,left
78,99,0.004464285714285714,cross_network_same_hemi,LH_DefaultA_pCunPCC_3,LH_TempPar_2,DefaultA,TempPar,left,left
78,184,0.004464285714285714,within_network,LH_DefaultA_pCunPCC_3,RH_DefaultA_PFCd_1,DefaultA,DefaultA,left,right
78,193,0.004464285714285714,cross_hemi_diff_network,LH_DefaultA_pCunPCC_3,RH_DefaultC_IPL_1,DefaultA,DefaultC,left,right
79,21,0.004464285714285714,cross_network_same_hemi,LH_DefaultA_PFCm_1,LH_SomMotB_Aud_2,DefaultA,SomMotB,left,left
79,92,0.004464285714285714,cross_network_same_hemi,LH_DefaultA_PFCm_1,LH_DefaultB_PFCv_2,DefaultA,DefaultB,left,left
79,156,0.004464285714285714,cross_hemi_diff_network,LH_DefaultA_PFCm_1,RH_LimbicB_OFC_1,DefaultA,LimbicB,left,right
79,159,0.004464285714285714,cross_hemi_diff_network,LH_DefaultA_PFCm_1,RH_LimbicB_OFC_4,DefaultA,LimbicB,left,right
79,160,0.004464285714285714,cross_hemi_diff_network,LH_DefaultA_PFCm_1,RH_LimbicA_TempPole_1,DefaultA,LimbicA,left,right
79,161,0.004464285714285714,cross_hemi_diff_network,LH_DefaultA_PFCm_1,RH_LimbicA_TempPole_2,DefaultA,LimbicA,left,right
79,167,0.004464285714285714,cross_hemi_diff_network,LH_DefaultA_PFCm_1,RH_ContA_PFCl_1,DefaultA,ContA,left,right
79,187,0.008928571428571428,within_network,LH_DefaultA_PFCm_1,RH_DefaultA_PFCm_2,DefaultA,DefaultA,left,right
79,200,0.004464285714285714,cross_hemi_diff_network,LH_DefaultA_PFCm_1,aHIP-rh,DefaultA,Hippocampus_ant,left,right
79,201,0.008928571428571428,cross_hemi_diff_network,LH_DefaultA_PFCm_1,pHIP-rh,DefaultA,Hippocampus_post,left,right
79,203,0.004464285714285714,cross_hemi_diff_network,LH_DefaultA_PFCm_1,mAMY-rh,DefaultA,Amygdala_med,left,right
79,224,0.004464285714285714,cross_network_same_hemi,LH_DefaultA_PFCm_1,NAc-shell-lh,DefaultA,Accumbens_shell,left,left
80,85,0.004464285714285714,cross_network_same_hemi,LH_DefaultA_PFCm_2,LH_DefaultB_Temp_4,DefaultA,DefaultB,left,left
80,86,0.004464285714285714,cross_network_same_hemi,LH_DefaultA_PFCm_2,LH_DefaultB_IPL_1,DefaultA,DefaultB,left,left
80,152,0.004464285714285714,cross_hemi_diff_network,LH_DefaultA_PFCm_2,RH_SalVentAttnB_PFCl_1,DefaultA,SalVentAttnB,left,right
80,177,0.004464285714285714,cross_hemi_diff_network,LH_DefaultA_PFCm_2,RH_ContB_PFClv_2,DefaultA,ContB,left,right
80,187,0.017857142857142856,within_network,LH_DefaultA_PFCm_2,RH_DefaultA_PFCm_2,DefaultA,DefaultA,left,right
80,188,0.004464285714285714,within_network,LH_DefaultA_PFCm_2,RH_DefaultA_PFCm_3,DefaultA,DefaultA,left,right
80,200,0.004464285714285714,cross_hemi_diff_network,LH_DefaultA_PFCm_2,aHIP-rh,DefaultA,Hippocampus_ant,left,right
80,216,0.004464285714285714,cross_network_same_hemi,LH_DefaultA_PFCm_2,aHIP-lh,DefaultA,Hippocampus_ant,left,left
81,184,0.004464285714285714,within_network,LH_DefaultA_PFCm_3,RH_DefaultA_PFCd_1,DefaultA,DefaultA,left,right
81,187,0.013392857142857142,within_network,LH_DefaultA_PFCm_3,RH_DefaultA_PFCm_2,DefaultA,DefaultA,left,right
82,53,0.004464285714285714,cross_network_same_hemi,LH_DefaultB_Temp_1,LH_LimbicA_TempPole_2,DefaultB,LimbicA,left,left
82,55,0.004464285714285714,cross_network_same_hemi,LH_DefaultB_Temp_1,LH_LimbicA_TempPole_4,DefaultB,LimbicA,left,left
82,77,0.004464285714285714,cross_network_same_hemi,LH_DefaultB_Temp_1,LH_DefaultA_pCunPCC_2,DefaultB,DefaultA,left,left
82,83,0.004464285714285714,within_network,LH_DefaultB_Temp_1,LH_DefaultB_Temp_2,DefaultB,DefaultB,left,left
82,153,0.004464285714285714,cross_hemi_diff_network,LH_DefaultB_Temp_1,RH_SalVentAttnB_Ins_1,DefaultB,SalVentAttnB,left,right
82,162,0.004464285714285714,cross_hemi_diff_network,LH_DefaultB_Temp_1,RH_LimbicA_TempPole_3,DefaultB,LimbicA,left,right
82,170,0.004464285714285714,cross_hemi_diff_network,LH_DefaultB_Temp_1,RH_ContB_Temp_1,DefaultB,ContB,left,right
82,201,0.004464285714285714,cross_hemi_diff_network,LH_DefaultB_Temp_1,pHIP-rh,DefaultB,Hippocampus_post,left,right
82,202,0.004464285714285714,cross_hemi_diff_network,LH_DefaultB_Temp_1,lAMY-rh,DefaultB,Amygdala_lat,left,right
82,210,0.008928571428571428,cross_hemi_diff_network,LH_DefaultB_Temp_1,pGP-rh,DefaultB,Pallidum_post,left,right
82,217,0.008928571428571428,cross_network_same_hemi,LH_DefaultB_Temp_1,pHIP-lh,DefaultB,Hippocampus_post,left,left
82,220,0.004464285714285714,cross_network_same_hemi,LH_DefaultB_Temp_1,THA-DP-lh,DefaultB,Thalamus_DP,left,left
83,51,0.004464285714285714,cross_network_same_hemi,LH_DefaultB_Temp_2,LH_LimbicB_OFC_2,DefaultB,LimbicB,left,left
83,52,0.008928571428571428,cross_network_same_hemi,LH_DefaultB_Temp_2,LH_LimbicA_TempPole_1,DefaultB,LimbicA,left,left
83,54,0.008928571428571428,cross_network_same_hemi,LH_DefaultB_Temp_2,LH_LimbicA_TempPole_3,DefaultB,LimbicA,left,left
83,55,0.004464285714285714,cross_network_same_hemi,LH_DefaultB_Temp_2,LH_LimbicA_TempPole_4,DefaultB,LimbicA,left,left
83,66,0.004464285714285714,cross_network_same_hemi,LH_DefaultB_Temp_2,LH_ContB_Temp_1,DefaultB,ContB,left,left
83,68,0.004464285714285714,cross_network_same_hemi,LH_DefaultB_Temp_2,LH_ContB_PFCl_1,DefaultB,ContB,left,left
83,70,0.004464285714285714,cross_network_same_hemi,LH_DefaultB_Temp_2,LH_ContB_PFClv_2,DefaultB,ContB,left,left
83,86,0.004464285714285714,within_network,LH_DefaultB_Temp_2,LH_DefaultB_IPL_1,DefaultB,DefaultB,left,left
83,98,0.004464285714285714,cross_network_same_hemi,LH_DefaultB_Temp_2,LH_TempPar_1,DefaultB,TempPar,left,left
83,160,0.008928571428571428,cross_hemi_diff_network,LH_DefaultB_Temp_2,RH_LimbicA_TempPole_1,DefaultB,LimbicA,left,right
83,161,0.008928571428571428,cross_hemi_diff_network,LH_DefaultB_Temp_2,RH_LimbicA_TempPole_2,DefaultB,LimbicA,left,right
83,187,0.013392857142857142,cross_hemi_diff_network,LH_DefaultB_Temp_2,RH_DefaultA_PFCm_2,DefaultB,DefaultA,left,right
83,190,0.008928571428571428,within_network,LH_DefaultB_Temp_2,RH_DefaultB_AntTemp_1,DefaultB,DefaultB,left,right
83,191,0.004464285714285714,within_network,LH_DefaultB_Temp_2,RH_DefaultB_PFCd_1,DefaultB,DefaultB,left,right
83,196,0.004464285714285714,cross_hemi_diff_network,LH_DefaultB_Temp_2,RH_TempPar_1,DefaultB,TempPar,left,right
83,202,0.004464285714285714,cross_hemi_diff_network,LH_DefaultB_Temp_2,lAMY-rh,DefaultB,Amygdala_lat,left,right
83,217,0.004464285714285714,cross_network_same_hemi,LH_DefaultB_Temp_2,pHIP-lh,DefaultB,Hippocampus_post,left,left
83,218,0.008928571428571428,cross_network_same_hemi,LH_DefaultB_Temp_2,lAMY-lh,DefaultB,Amygdala_lat,left,left
83,220,0.004464285714285714,cross_network_same_hemi,LH_DefaultB_Temp_2,THA-DP-lh,DefaultB,Thalamus_DP,left,left
83,227,0.004464285714285714,cross_network_same_hemi,LH_DefaultB_Temp_2,aGP-lh,DefaultB,Pallidum_ant,left,left
84,51,0.004464285714285714,cross_network_same_hemi,LH_DefaultB_Temp_3,LH_LimbicB_OFC_2,DefaultB,LimbicB,left,left
84,54,0.004464285714285714,cross_network_same_hemi,LH_DefaultB_Temp_3,LH_LimbicA_TempPole_3,DefaultB,LimbicA,left,left
84,64,0.004464285714285714,cross_network_same_hemi,LH_DefaultB_Temp_3,LH_ContA_PFCl_3,DefaultB,ContA,left,left
84,66,0.004464285714285714,cross_network_same_hemi,LH_DefaultB_Temp_3,LH_ContB_Temp_1,DefaultB,ContB,left,left
84,99,0.004464285714285714,cross_network_same_hemi,LH_DefaultB_Temp_3,LH_TempPar_2,DefaultB,TempPar,left,left
84,161,0.004464285714285714,cross_hemi_diff_network,LH_DefaultB_Temp_3,RH_LimbicA_TempPole_2,DefaultB,LimbicA,left,right
84,187,0.004464285714285714,cross_hemi_diff_network,LH_DefaultB_Temp_3,RH_DefaultA_PFCm_2,DefaultB,DefaultA,left,right
84,197,0.008928571428571428,cross_hemi_diff_network,LH_DefaultB_Temp_3,RH_TempPar_2,DefaultB,TempPar,left,right
84,199,0.004464285714285714,cross_hemi_diff_network,LH_DefaultB_Temp_3,RH_TempPar_4,DefaultB,TempPar,left,right
84,201,0.004464285714285714,cross_hemi_diff_network,LH_DefaultB_Temp_3,pHIP-rh,DefaultB,Hippocampus_post,left,right
84,204,0.004464285714285714,cross_hemi_diff_network,LH_DefaultB_Temp_3,THA-DP-rh,DefaultB,Thalamus_DP,left,right
84,220,0.004464285714285714,cross_network_same_hemi,LH_DefaultB_Temp_3,THA-DP-lh,DefaultB,Thalamus_DP,left,left
84,224,0.004464285714285714,cross_network_same_hemi,LH_DefaultB_Temp_3,NAc-shell-lh,DefaultB,Accumbens_shell,left,left
84,225,0.004464285714285714,cross_network_same_hemi,LH_DefaultB_Temp_3,NAc-core-lh,DefaultB,Accumbens_core,left,left
85,55,0.004464285714285714,cross_network_same_hemi,LH_DefaultB_Temp_4,LH_LimbicA_TempPole_4,DefaultB,LimbicA,left,left
85,64,0.004464285714285714,cross_network_same_hemi,LH_DefaultB_Temp_4,LH_ContA_PFCl_3,DefaultB,ContA,left,left
85,75,0.004464285714285714,cross_network_same_hemi,LH_DefaultB_Temp_4,LH_DefaultA_PFCd_1,DefaultB,DefaultA,left,left
85,99,0.004464285714285714,cross_network_same_hemi,LH_DefaultB_Temp_4,LH_TempPar_2,DefaultB,TempPar,left,left
85,101,0.004464285714285714,cross_hemi_diff_network,LH_DefaultB_Temp_4,RH_VisCent_ExStr_2,DefaultB,VisCent,left,right
85,161,0.004464285714285714,cross_hemi_diff_network,LH_DefaultB_Temp_4,RH_LimbicA_TempPole_2,DefaultB,LimbicA,left,right
85,198,0.004464285714285714,cross_hemi_diff_network,LH_DefaultB_Temp_4,RH_TempPar_3,DefaultB,TempPar,left,right
85,215,0.004464285714285714,cross_hemi_diff_network,LH_DefaultB_Temp_4,pCAU-rh,DefaultB,Caudate_post,left,right
85,226,0.004464285714285714,cross_network_same_hemi,LH_DefaultB_Temp_4,pGP-lh,DefaultB,Pallidum_post,left,left
85,227,0.004464285714285714,cross_network_same_hemi,LH_DefaultB_Temp_4,aGP-lh,DefaultB,Pallidum_ant,left,left
86,48,0.004464285714285714,cross_network_same_hemi,LH_DefaultB_IPL_1,LH_SalVentAttnB_Ins_1,DefaultB,SalVentAttnB,left,left
86,53,0.004464285714285714,cross_network_same_hemi,LH_DefaultB_IPL_1,LH_LimbicA_TempPole_2,DefaultB,LimbicA,left,left
86,56,0.008928571428571428,cross_network_same_hemi,LH_DefaultB_IPL_1,LH_ContA_Temp_1,DefaultB,ContA,left,left
86,64,0.004464285714285714,cross_network_same_hemi,LH_DefaultB_IPL_1,LH_ContA_PFCl_3,DefaultB,ContA,left,left
86,66,0.008928571428571428,cross_network_same_hemi,LH_DefaultB_IPL_1,LH_ContB_Temp_1,DefaultB,ContB,left,left
86,80,0.004464285714285714,cross_network_same_hemi,LH_DefaultB_IPL_1,LH_DefaultA_PFCm_2,DefaultB,DefaultA,left,left
86,83,0.004464285714285714,within_network,LH_DefaultB_IPL_1,LH_DefaultB_Temp_2,DefaultB,DefaultB,left,left
86,84,0.004464285714285714,within_network,LH_DefaultB_IPL_1,LH_DefaultB_Temp_3,DefaultB,DefaultB,left,left
86,88,0.004464285714285714,within_network,LH_DefaultB_IPL_1,LH_DefaultB_PFCd_2,DefaultB,DefaultB,left,left
86,91,0.004464285714285714,within_network,LH_DefaultB_IPL_1,LH_DefaultB_PFCv_1,DefaultB,DefaultB,left,left
86,99,0.004464285714285714,cross_network_same_hemi,LH_DefaultB_IPL_1,LH_TempPar_2,DefaultB,TempPar,left,left
86,150,0.004464285714285714,cross_hemi_diff_network,LH_DefaultB_IPL_1,RH_SalVentAttnB_IPL_1,DefaultB,SalVentAttnB,left,right
86,170,0.004464285714285714,cross_hemi_diff_network,LH_DefaultB_IPL_1,RH_ContB_Temp_1,DefaultB,ContB,left,right
86,187,0.017857142857142856,cross_hemi_diff_network,LH_DefaultB_IPL_1,RH_DefaultA_PFCm_2,DefaultB,DefaultA,left,right
86,190,0.004464285714285714,within_network,LH_DefaultB_IPL_1,RH_DefaultB_AntTemp_1,DefaultB,DefaultB,left,right
86,197,0.004464285714285714,cross_hemi_diff_network,LH_DefaultB_IPL_1,RH_TempPar_2,DefaultB,TempPar,left,right
86,198,0.008928571428571428,cross_hemi_diff_network,LH_DefaultB_IPL_1,RH_TempPar_3,DefaultB,TempPar,left,right
86,199,0.004464285714285714,cross_hemi_diff_network,LH_DefaultB_IPL_1,RH_TempPar_4,DefaultB,TempPar,left,right
86,211,0.013392857142857142,cross_hemi_diff_network,LH_DefaultB_IPL_1,aGP-rh,DefaultB,Pallidum_ant,left,right
86,226,0.008928571428571428,cross_network_same_hemi,LH_DefaultB_IPL_1,pGP-lh,DefaultB,Pallidum_post,left,left
87,84,0.004464285714285714,within_network,LH_DefaultB_PFCd_1,LH_DefaultB_Temp_3,DefaultB,DefaultB,left,left
87,177,0.004464285714285714,cross_hemi_diff_network,LH_DefaultB_PFCd_1,RH_ContB_PFClv_2,DefaultB,ContB,left,right
87,187,0.004464285714285714,cross_hemi_diff_network,LH_DefaultB_PFCd_1,RH_DefaultA_PFCm_2,DefaultB,DefaultA,left,right
88,51,0.004464285714285714,cross_network_same_hemi,LH_DefaultB_PFCd_2,LH_LimbicB_OFC_2,DefaultB,LimbicB,left,left
88,70,0.004464285714285714,cross_network_same_hemi,LH_DefaultB_PFCd_2,LH_ContB_PFClv_2,DefaultB,ContB,left,left
88,75,0.004464285714285714,cross_network_same_hemi,LH_DefaultB_PFCd_2,LH_DefaultA_PFCd_1,DefaultB,DefaultA,left,left
88,86,0.004464285714285714,within_network,LH_DefaultB_PFCd_2,LH_DefaultB_IPL_1,DefaultB,DefaultB,left,left
89,57,0.004464285714285714,cross_network_same_hemi,LH_DefaultB_PFCd_3,LH_ContA_IPS_1,DefaultB,ContA,left,left
89,61,0.004464285714285714,cross_network_same_hemi,LH_DefaultB_PFCd_3,LH_ContA_PFClv_1,DefaultB,ContA,left,left
89,66,0.004464285714285714,cross_network_same_hemi,LH_DefaultB_PFCd_3,LH_ContB_Temp_1,DefaultB,ContB,left,left
89,70,0.004464285714285714,cross_network_same_hemi,LH_DefaultB_PFCd_3,LH_ContB_PFClv_2,DefaultB,ContB,left,left
89,82,0.004464285714285714,within_network,LH_DefaultB_PFCd_3,LH_DefaultB_Temp_1,DefaultB,DefaultB,left,left
89,174,0.004464285714285714,cross_hemi_diff_network,LH_DefaultB_PFCd_3,RH_ContB_PFCld_1,DefaultB,ContB,left,right
89,183,0.004464285714285714,cross_hemi_diff_network,LH_DefaultB_PFCd_3,RH_DefaultA_IPL_1,DefaultB,DefaultA,left,right
89,187,0.017857142857142856,cross_hemi_diff_network,LH_DefaultB_PFCd_3,RH_DefaultA_PFCm_2,DefaultB,DefaultA,left,right
89,189,0.004464285714285714,within_network,LH_DefaultB_PFCd_3,RH_DefaultB_Temp_1,DefaultB,DefaultB,left,right
90,38,0.004464285714285714,cross_network_same_hemi,LH_DefaultB_PFCd_4,LH_DorsAttnB_FEF_1,DefaultB,DorsAttnB,left,left
90,46,0.004464285714285714,cross_network_same_hemi,LH_DefaultB_PFCd_4,LH_SalVentAttnB_IPL_1,DefaultB,SalVentAttnB,left,left
90,50,0.004464285714285714,cross_network_same_hemi,LH_DefaultB_PFCd_4,LH_LimbicB_OFC_1,DefaultB,LimbicB,left,left
90,63,0.004464285714285714,cross_network_same_hemi,LH_DefaultB_PFCd_4,LH_ContA_PFCl_2,DefaultB,ContA,left,left
90,64,0.004464285714285714,cross_network_same_hemi,LH_DefaultB_PFCd_4,LH_ContA_PFCl_3,DefaultB,ContA,left,left
90,92,0.004464285714285714,within_network,LH_DefaultB_PFCd_4,LH_DefaultB_PFCv_2,DefaultB,DefaultB,left,left
90,93,0.008928571428571428,within_network,LH_DefaultB_PFCd_4,LH_DefaultB_PFCv_3,DefaultB,DefaultB,left,left
90,161,0.004464285714285714,cross_hemi_diff_network,LH_DefaultB_PFCd_4,RH_LimbicA_TempPole_2,DefaultB,LimbicA,left,right
90,187,0.004464285714285714,cross_hemi_diff_network,LH_DefaultB_PFCd_4,RH_DefaultA_PFCm_2,DefaultB,DefaultA,left,right
91,47,0.004464285714285714,cross_network_same_hemi,LH_DefaultB_PFCv_1,LH_SalVentAttnB_PFCl_1,DefaultB,SalVentAttnB,left,left
91,50,0.004464285714285714,cross_network_same_hemi,LH_DefaultB_PFCv_1,LH_LimbicB_OFC_1,DefaultB,LimbicB,left,left
91,55,0.004464285714285714,cross_network_same_hemi,LH_DefaultB_PFCv_1,LH_LimbicA_TempPole_4,DefaultB,LimbicA,left,left
91,64,0.004464285714285714,cross_network_same_hemi,LH_DefaultB_PFCv_1,LH_ContA_PFCl_3,DefaultB,ContA,left,left
91,69,0.004464285714285714,cross_network_same_hemi,LH_DefaultB_PFCv_1,LH_ContB_PFClv_1,DefaultB,ContB,left,left
91,131,0.004464285714285714,cross_hemi_diff_network,LH_DefaultB_PFCv_1,RH_DorsAttnA_ParOcc_1,DefaultB,DorsAttnA,left,right
91,157,0.004464285714285714,cross_hemi_diff_network,LH_DefaultB_PFCv_1,RH_LimbicB_OFC_2,DefaultB,LimbicB,left,right
91,176,0.004464285714285714,cross_hemi_diff_network,LH_DefaultB_PFCv_1,RH_ContB_PFClv_1,DefaultB,ContB,left,right
91,187,0.004464285714285714,cross_hemi_diff_network,LH_DefaultB_PFCv_1,RH_DefaultA_PFCm_2,DefaultB,DefaultA,left,right
91,192,0.004464285714285714,within_network,LH_DefaultB_PFCv_1,RH_DefaultB_PFCv_1,DefaultB,DefaultB,left,right
91,196,0.004464285714285714,cross_hemi_diff_network,LH_DefaultB_PFCv_1,RH_TempPar_1,DefaultB,TempPar,left,right
91,208,0.004464285714285714,cross_hemi_diff_network,LH_DefaultB_PFCv_1,NAc-shell-rh,DefaultB,Accumbens_shell,left,right
91,209,0.004464285714285714,cross_hemi_diff_network,LH_DefaultB_PFCv_1,NAc-core-rh,DefaultB,Accumbens_core,left,right
91,210,0.004464285714285714,cross_hemi_diff_network,LH_DefaultB_PFCv_1,pGP-rh,DefaultB,Pallidum_post,left,right
91,211,0.004464285714285714,cross_hemi_diff_network,LH_DefaultB_PFCv_1,aGP-rh,DefaultB,Pallidum_ant,left,right
91,227,0.008928571428571428,cross_network_same_hemi,LH_DefaultB_PFCv_1,aGP-lh,DefaultB,Pallidum_ant,left,left
92,0,0.004464285714285714,cross_network_same_hemi,LH_DefaultB_PFCv_2,LH_VisCent_ExStr_2,DefaultB,VisCent,left,left
92,41,0.004464285714285714,cross_network_same_hemi,LH_DefaultB_PFCv_2,LH_SalVentAttnA_FrOper_1,DefaultB,SalVentAttnA,left,left
92,50,0.004464285714285714,cross_network_same_hemi,LH_DefaultB_PFCv_2,LH_LimbicB_OFC_1,DefaultB,LimbicB,left,left
92,55,0.004464285714285714,cross_network_same_hemi,LH_DefaultB_PFCv_2,LH_LimbicA_TempPole_4,DefaultB,LimbicA,left,left
92,56,0.008928571428571428,cross_network_same_hemi,LH_DefaultB_PFCv_2,LH_ContA_Temp_1,DefaultB,ContA,left,left
92,69,0.004464285714285714,cross_network_same_hemi,LH_DefaultB_PFCv_2,LH_ContB_PFClv_1,DefaultB,ContB,left,left
92,83,0.004464285714285714,within_network,LH_DefaultB_PFCv_2,LH_DefaultB_Temp_2,DefaultB,DefaultB,left,left
92,86,0.004464285714285714,within_network,LH_DefaultB_PFCv_2,LH_DefaultB_IPL_1,DefaultB,DefaultB,left,left
92,140,0.004464285714285714,cross_hemi_diff_network,LH_DefaultB_PFCv_2,RH_DorsAttnB_FEF_1,DefaultB,DorsAttnB,left,right
92,143,0.008928571428571428,cross_hemi_diff_network,LH_DefaultB_PFCv_2,RH_SalVentAttnA_Ins_1,DefaultB,SalVentAttnA,left,right
92,153,0.004464285714285714,cross_hemi_diff_network,LH_DefaultB_PFCv_2,RH_SalVentAttnB_Ins_1,DefaultB,SalVentAttnB,left,right
92,160,0.004464285714285714,cross_hemi_diff_network,LH_DefaultB_PFCv_2,RH_LimbicA_TempPole_1,DefaultB,LimbicA,left,right
92,168,0.004464285714285714,cross_hemi_diff_network,LH_DefaultB_PFCv_2,RH_ContA_PFCl_2,DefaultB,ContA,left,right
92,186,0.008928571428571428,cross_hemi_diff_network,LH_DefaultB_PFCv_2,RH_DefaultA_PFCm_1,DefaultB,DefaultA,left,right
92,187,0.013392857142857142,cross_hemi_diff_network,LH_DefaultB_PFCv_2,RH_DefaultA_PFCm_2,DefaultB,DefaultA,left,right
92,203,0.004464285714285714,cross_hemi_diff_network,LH_DefaultB_PFCv_2,mAMY-rh,DefaultB,Amygdala_med,left,right
92,208,0.004464285714285714,cross_hemi_diff_network,LH_DefaultB_PFCv_2,NAc-shell-rh,DefaultB,Accumbens_shell,left,right
92,210,0.008928571428571428,cross_hemi_diff_network,LH_DefaultB_PFCv_2,pGP-rh,DefaultB,Pallidum_post,left,right
92,211,0.013392857142857142,cross_hemi_diff_network,LH_DefaultB_PFCv_2,aGP-rh,DefaultB,Pallidum_ant,left,right
92,217,0.004464285714285714,cross_network_same_hemi,LH_DefaultB_PFCv_2,pHIP-lh,DefaultB,Hippocampus_post,left,left
92,220,0.004464285714285714,cross_network_same_hemi,LH_DefaultB_PFCv_2,THA-DP-lh,DefaultB,Thalamus_DP,left,left
92,224,0.004464285714285714,cross_network_same_hemi,LH_DefaultB_PFCv_2,NAc-shell-lh,DefaultB,Accumbens_shell,left,left
92,225,0.004464285714285714,cross_network_same_hemi,LH_DefaultB_PFCv_2,NAc-core-lh,DefaultB,Accumbens_core,left,left
92,226,0.004464285714285714,cross_network_same_hemi,LH_DefaultB_PFCv_2,pGP-lh,DefaultB,Pallidum_post,left,left
92,227,0.004464285714285714,cross_network_same_hemi,LH_DefaultB_PFCv_2,aGP-lh,DefaultB,Pallidum_ant,left,left
93,50,0.008928571428571428,cross_network_same_hemi,LH_DefaultB_PFCv_3,LH_LimbicB_OFC_1,DefaultB,LimbicB,left,left
93,55,0.008928571428571428,cross_network_same_hemi,LH_DefaultB_PFCv_3,LH_LimbicA_TempPole_4,DefaultB,LimbicA,left,left
93,63,0.004464285714285714,cross_network_same_hemi,LH_DefaultB_PFCv_3,LH_ContA_PFCl_2,DefaultB,ContA,left,left
93,70,0.004464285714285714,cross_network_same_hemi,LH_DefaultB_PFCv_3,LH_ContB_PFClv_2,DefaultB,ContB,left,left
93,86,0.004464285714285714,within_network,LH_DefaultB_PFCv_3,LH_DefaultB_IPL_1,DefaultB,DefaultB,left,left
93,99,0.004464285714285714,cross_network_same_hemi,LH_DefaultB_PFCv_3,LH_TempPar_2,DefaultB,TempPar,left,left
93,153,0.004464285714285714,cross_hemi_diff_network,LH_DefaultB_PFCv_3,RH_SalVentAttnB_Ins_1,DefaultB,SalVentAttnB,left,right
93,191,0.004464285714285714,within_network,LH_DefaultB_PFCv_3,RH_DefaultB_PFCd_1,DefaultB,DefaultB,left,right
94,46,0.004464285714285714,cross_network_same_hemi,LH_DefaultB_PFCv_4,LH_SalVentAttnB_IPL_1,DefaultB,SalVentAttnB,left,left
94,142,0.004464285714285714,cross_hemi_diff_network,LH_DefaultB_PFCv_4,RH_SalVentAttnA_PrC_1,DefaultB,SalVentAttnA,left,right
94,153,0.008928571428571428,cross_hemi_diff_network,LH_DefaultB_PFCv_4,RH_SalVentAttnB_Ins_1,DefaultB,SalVentAttnB,left,right
94,210,0.004464285714285714,cross_hemi_diff_network,LH_DefaultB_PFCv_4,pGP-rh,DefaultB,Pallidum_post,left,right
94,215,0.004464285714285714,cross_hemi_diff_network,LH_DefaultB_PFCv_4,pCAU-rh,DefaultB,Caudate_post,left,right
94,219,0.004464285714285714,cross_network_same_hemi,LH_DefaultB_PFCv_4,mAMY-lh,DefaultB,Amygdala_med,left,left
94,224,0.004464285714285714,cross_network_same_hemi,LH_DefaultB_PFCv_4,NAc-shell-lh,DefaultB,Accumbens_shell,left,left
94,227,0.004464285714285714,cross_network_same_hemi,LH_DefaultB_PFCv_4,aGP-lh,DefaultB,Pallidum_ant,left,left
95,33,0.004464285714285714,cross_network_same_hemi,LH_DefaultC_IPL_1,LH_DorsAttnA_SPL_3,DefaultC,DorsAttnA,left,left
95,56,0.004464285714285714,cross_network_same_hemi,LH_DefaultC_IPL_1,LH_ContA_Temp_1,DefaultC,ContA,left,left
95,75,0.004464285714285714,cross_network_same_hemi,LH_DefaultC_IPL_1,LH_DefaultA_PFCd_1,DefaultC,DefaultA,left,left
95,99,0.004464285714285714,cross_network_same_hemi,LH_DefaultC_IPL_1,LH_TempPar_2,DefaultC,TempPar,left,left
95,133,0.008928571428571428,cross_hemi_diff_network,LH_DefaultC_IPL_1,RH_DorsAttnA_SPL_2,DefaultC,DorsAttnA,left,right
95,140,0.004464285714285714,cross_hemi_diff_network,LH_DefaultC_IPL_1,RH_DorsAttnB_FEF_1,DefaultC,DorsAttnB,left,right
95,163,0.004464285714285714,cross_hemi_diff_network,LH_DefaultC_IPL_1,RH_LimbicA_TempPole_4,DefaultC,LimbicA,left,right
95,181,0.004464285714285714,cross_hemi_diff_network,LH_DefaultC_IPL_1,RH_ContC_pCun_2,DefaultC,ContC,left,right
95,200,0.004464285714285714,cross_hemi_diff_network,LH_DefaultC_IPL_1,aHIP-rh,DefaultC,Hippocampus_ant,left,right
96,162,0.004464285714285714,cross_hemi_diff_network,LH_DefaultC_Rsp_1,RH_LimbicA_TempPole_3,DefaultC,LimbicA,left,right
96,184,0.004464285714285714,cross_hemi_diff_network,LH_DefaultC_Rsp_1,RH_DefaultA_PFCd_1,DefaultC,DefaultA,left,right
97,8,0.008928571428571428,cross_network_same_hemi,LH_DefaultC_PHC_1,LH_VisPeri_ExStrInf_3,DefaultC,VisPeri,left,left
97,51,0.004464285714285714,cross_network_same_hemi,LH_DefaultC_PHC_1,LH_LimbicB_OFC_2,DefaultC,LimbicB,left,left
97,92,0.004464285714285714,cross_network_same_hemi,LH_DefaultC_PHC_1,LH_DefaultB_PFCv_2,DefaultC,DefaultB,left,left
97,106,0.004464285714285714,cross_hemi_diff_network,LH_DefaultC_PHC_1,RH_VisPeri_ExStrInf_1,DefaultC,VisPeri,left,right
97,200,0.008928571428571428,cross_hemi_diff_network,LH_DefaultC_PHC_1,aHIP-rh,DefaultC,Hippocampus_ant,left,right
97,201,0.004464285714285714,cross_hemi_diff_network,LH_DefaultC_PHC_1,pHIP-rh,DefaultC,Hippocampus_post,left,right
97,202,0.004464285714285714,cross_hemi_diff_network,LH_DefaultC_PHC_1,lAMY-rh,DefaultC,Amygdala_lat,left,right
97,204,0.004464285714285714,cross_hemi_diff_network,LH_DefaultC_PHC_1,THA-DP-rh,DefaultC,Thalamus_DP,left,right
97,218,0.004464285714285714,cross_network_same_hemi,LH_DefaultC_PHC_1,lAMY-lh,DefaultC,Amygdala_lat,left,left
98,0,0.004464285714285714,cross_network_same_hemi,LH_TempPar_1,LH_VisCent_ExStr_2,TempPar,VisCent,left,left
98,20,0.008928571428571428,cross_network_same_hemi,LH_TempPar_1,LH_SomMotB_Aud_1,TempPar,SomMotB,left,left
98,40,0.004464285714285714,cross_network_same_hemi,LH_TempPar_1,LH_SalVentAttnA_Ins_1,TempPar,SalVentAttnA,left,left
98,55,0.008928571428571428,cross_network_same_hemi,LH_TempPar_1,LH_LimbicA_TempPole_4,TempPar,LimbicA,left,left
98,83,0.008928571428571428,cross_network_same_hemi,LH_TempPar_1,LH_DefaultB_Temp_2,TempPar,DefaultB,left,left
98,84,0.004464285714285714,cross_network_same_hemi,LH_TempPar_1,LH_DefaultB_Temp_3,TempPar,DefaultB,left,left
98,86,0.004464285714285714,cross_network_same_hemi,LH_TempPar_1,LH_DefaultB_IPL_1,TempPar,DefaultB,left,left
98,91,0.004464285714285714,cross_network_same_hemi,LH_TempPar_1,LH_DefaultB_PFCv_1,TempPar,DefaultB,left,left
98,93,0.004464285714285714,cross_network_same_hemi,LH_TempPar_1,LH_DefaultB_PFCv_3,TempPar,DefaultB,left,left
98,131,0.013392857142857142,cross_hemi_diff_network,LH_TempPar_1,RH_DorsAttnA_ParOcc_1,TempPar,DorsAttnA,left,right
98,143,0.008928571428571428,cross_hemi_diff_network,LH_TempPar_1,RH_SalVentAttnA_Ins_1,TempPar,SalVentAttnA,left,right
98,147,0.004464285714285714,cross_hemi_diff_network,LH_TempPar_1,RH_SalVentAttnA_ParMed_1,TempPar,SalVentAttnA,left,right
98,199,0.004464285714285714,within_network,LH_TempPar_1,RH_TempPar_4,TempPar,TempPar,left,right
98,201,0.004464285714285714,cross_hemi_diff_network,LH_TempPar_1,pHIP-rh,TempPar,Hippocampus_post,left,right
98,202,0.004464285714285714,cross_hemi_diff_network,LH_TempPar_1,lAMY-rh,TempPar,Amygdala_lat,left,right
98,226,0.004464285714285714,cross_network_same_hemi,LH_TempPar_1,pGP-lh,TempPar,Pallidum_post,left,left
98,227,0.004464285714285714,cross_network_same_hemi,LH_TempPar_1,aGP-lh,TempPar,Pallidum_ant,left,left
99,31,0.004464285714285714,cross_network_same_hemi,LH_TempPar_2,LH_DorsAttnA_SPL_1,TempPar,DorsAttnA,left,left
99,43,0.004464285714285714,cross_network_same_hemi,LH_TempPar_2,LH_SalVentAttnA_ParMed_1,TempPar,SalVentAttnA,left,left
99,48,0.004464285714285714,cross_network_same_hemi,LH_TempPar_2,LH_SalVentAttnB_Ins_1,TempPar,SalVentAttnB,left,left
99,55,0.004464285714285714,cross_network_same_hemi,LH_TempPar_2,LH_LimbicA_TempPole_4,TempPar,LimbicA,left,left
99,56,0.008928571428571428,cross_network_same_hemi,LH_TempPar_2,LH_ContA_Temp_1,TempPar,ContA,left,left
99,63,0.004464285714285714,cross_network_same_hemi,LH_TempPar_2,LH_ContA_PFCl_2,TempPar,ContA,left,left
99,66,0.004464285714285714,cross_network_same_hemi,LH_TempPar_2,LH_ContB_Temp_1,TempPar,ContB,left,left
99,83,0.004464285714285714,cross_network_same_hemi,LH_TempPar_2,LH_DefaultB_Temp_2,TempPar,DefaultB,left,left
99,84,0.004464285714285714,cross_network_same_hemi,LH_TempPar_2,LH_DefaultB_Temp_3,TempPar,DefaultB,left,left
99,86,0.004464285714285714,cross_network_same_hemi,LH_TempPar_2,LH_DefaultB_IPL_1,TempPar,DefaultB,left,left
99,91,0.004464285714285714,cross_network_same_hemi,LH_TempPar_2,LH_DefaultB_PFCv_1,TempPar,DefaultB,left,left
99,132,0.004464285714285714,cross_hemi_diff_network,LH_TempPar_2,RH_DorsAttnA_SPL_1,TempPar,DorsAttnA,left,right
99,147,0.004464285714285714,cross_hemi_diff_network,LH_TempPar_2,RH_SalVentAttnA_ParMed_1,TempPar,SalVentAttnA,left,right
99,150,0.004464285714285714,cross_hemi_diff_network,LH_TempPar_2,RH_SalVentAttnB_IPL_1,TempPar,SalVentAttnB,left,right
99,170,0.004464285714285714,cross_hemi_diff_network,LH_TempPar_2,RH_ContB_Temp_1,TempPar,ContB,left,right
99,171,0.004464285714285714,cross_hemi_diff_network,LH_TempPar_2,RH_ContB_Temp_2,TempPar,ContB,left,right
99,187,0.004464285714285714,cross_hemi_diff_network,LH_TempPar_2,RH_DefaultA_PFCm_2,TempPar,DefaultA,left,right
99,189,0.004464285714285714,cross_hemi_diff_network,LH_TempPar_2,RH_DefaultB_Temp_1,TempPar,DefaultB,left,right
99,196,0.013392857142857142,within_network,LH_TempPar_2,RH_TempPar_1,TempPar,TempPar,left,right
99,198,0.004464285714285714,within_network,LH_TempPar_2,RH_TempPar_3,TempPar,TempPar,left,right
99,199,0.017857142857142856,within_network,LH_TempPar_2,RH_TempPar_4,TempPar,TempPar,left,right
99,203,0.008928571428571428,cross_hemi_diff_network,LH_TempPar_2,mAMY-rh,TempPar,Amygdala_med,left,right
99,211,0.004464285714285714,cross_hemi_diff_network,LH_TempPar_2,aGP-rh,TempPar,Pallidum_ant,left,right
99,217,0.004464285714285714,cross_network_same_hemi,LH_TempPar_2,pHIP-lh,TempPar,Hippocampus_post,left,left
99,218,0.013392857142857142,cross_network_same_hemi,LH_TempPar_2,lAMY-lh,TempPar,Amygdala_lat,left,left
100,0,0.004464285714285714,within_network,RH_VisCent_ExStr_1,LH_VisCent_ExStr_2,VisCent,VisCent,right,left
100,2,0.004464285714285714,within_network,RH_VisCent_ExStr_1,LH_VisCent_Striate_1,VisCent,VisCent,right,left
100,3,0.004464285714285714,within_network,RH_VisCent_ExStr_1,LH_VisCent_ExStr_3,VisCent,VisCent,right,left
100,103,0.004464285714285714,within_network,RH_VisCent_ExStr_1,RH_VisCent_ExStr_3,VisCent,VisCent,right,right
101,3,0.004464285714285714,within_network,RH_VisCent_ExStr_2,LH_VisCent_ExStr_3,VisCent,VisCent,right,left
101,8,0.004464285714285714,cross_hemi_diff_network,RH_VisCent_ExStr_2,LH_VisPeri_ExStrInf_3,VisCent,VisPeri,right,left
101,38,0.004464285714285714,cross_hemi_diff_network,RH_VisCent_ExStr_2,LH_DorsAttnB_FEF_1,VisCent,DorsAttnB,right,left
101,52,0.004464285714285714,cross_hemi_diff_network,RH_VisCent_ExStr_2,LH_LimbicA_TempPole_1,VisCent,LimbicA,right,left
101,56,0.008928571428571428,cross_hemi_diff_network,RH_VisCent_ExStr_2,LH_ContA_Temp_1,VisCent,ContA,right,left
101,58,0.004464285714285714,cross_hemi_diff_network,RH_VisCent_ExStr_2,LH_ContA_IPS_2,VisCent,ContA,right,left
101,64,0.004464285714285714,cross_hemi_diff_network,RH_VisCent_ExStr_2,LH_ContA_PFCl_3,VisCent,ContA,right,left
101,99,0.004464285714285714,cross_hemi_diff_network,RH_VisCent_ExStr_2,LH_TempPar_2,VisCent,TempPar,right,left
101,116,0.008928571428571428,cross_network_same_hemi,RH_VisCent_ExStr_2,RH_SomMotA_5,VisCent,SomMotA,right,right
101,132,0.004464285714285714,cross_network_same_hemi,RH_VisCent_ExStr_2,RH_DorsAttnA_SPL_1,VisCent,DorsAttnA,right,right
101,134,0.004464285714285714,cross_network_same_hemi,RH_VisCent_ExStr_2,RH_DorsAttnA_SPL_3,VisCent,DorsAttnA,right,right
101,202,0.004464285714285714,cross_network_same_hemi,RH_VisCent_ExStr_2,lAMY-rh,VisCent,Amygdala_lat,right,right
101,204,0.004464285714285714,cross_network_same_hemi,RH_VisCent_ExStr_2,THA-DP-rh,VisCent,Thalamus_DP,right,right
101,205,0.004464285714285714,cross_network_same_hemi,RH_VisCent_ExStr_2,THA-VP-rh,VisCent,Thalamus_VP,right,right
102,6,0.004464285714285714,cross_hemi_diff_network,RH_VisCent_Striate_1,LH_VisPeri_ExStrInf_1,VisCent,VisPeri,right,left
102,24,0.004464285714285714,cross_hemi_diff_network,RH_VisCent_Striate_1,LH_SomMotB_Aud_3,VisCent,SomMotB,right,left
103,24,0.004464285714285714,cross_hemi_diff_network,RH_VisCent_ExStr_3,LH_SomMotB_Aud_3,VisCent,SomMotB,right,left
103,27,0.004464285714285714,cross_hemi_diff_network,RH_VisCent_ExStr_3,LH_SomMotB_Cent_2,VisCent,SomMotB,right,left
103,30,0.013392857142857142,cross_hemi_diff_network,RH_VisCent_ExStr_3,LH_DorsAttnA_ParOcc_1,VisCent,DorsAttnA,right,left
103,47,0.004464285714285714,cross_hemi_diff_network,RH_VisCent_ExStr_3,LH_SalVentAttnB_PFCl_1,VisCent,SalVentAttnB,right,left
103,55,0.004464285714285714,cross_hemi_diff_network,RH_VisCent_ExStr_3,LH_LimbicA_TempPole_4,VisCent,LimbicA,right,left
103,98,0.004464285714285714,cross_hemi_diff_network,RH_VisCent_ExStr_3,LH_TempPar_1,VisCent,TempPar,right,left
103,160,0.004464285714285714,cross_network_same_hemi,RH_VisCent_ExStr_3,RH_LimbicA_TempPole_1,VisCent,LimbicA,right,right
103,167,0.004464285714285714,cross_network_same_hemi,RH_VisCent_ExStr_3,RH_ContA_PFCl_1,VisCent,ContA,right,right
103,210,0.004464285714285714,cross_network_same_hemi,RH_VisCent_ExStr_3,pGP-rh,VisCent,Pallidum_post,right,right
103,211,0.004464285714285714,cross_network_same_hemi,RH_VisCent_ExStr_3,aGP-rh,VisCent,Pallidum_ant,right,right
103,226,0.004464285714285714,cross_hemi_diff_network,RH_VisCent_ExStr_3,pGP-lh,VisCent,Pallidum_post,right,left
103,227,0.008928571428571428,cross_hemi_diff_network,RH_VisCent_ExStr_3,aGP-lh,VisCent,Pallidum_ant,right,left
104,31,0.004464285714285714,cross_hemi_diff_network,RH_VisCent_ExStr_4,LH_DorsAttnA_SPL_1,VisCent,DorsAttnA,right,left
104,103,0.008928571428571428,within_network,RH_VisCent_ExStr_4,RH_VisCent_ExStr_3,VisCent,VisCent,right,right
104,130,0.004464285714285714,cross_network_same_hemi,RH_VisCent_ExStr_4,RH_DorsAttnA_TempOcc_1,VisCent,DorsAttnA,right,right
104,131,0.004464285714285714,cross_network_same_hemi,RH_VisCent_ExStr_4,RH_DorsAttnA_ParOcc_1,VisCent,DorsAttnA,right,right
104,138,0.004464285714285714,cross_network_same_hemi,RH_VisCent_ExStr_4,RH_DorsAttnB_PostC_3,VisCent,DorsAttnB,right,right
105,7,0.004464285714285714,cross_hemi_diff_network,RH_VisCent_ExStr_5,LH_VisPeri_ExStrInf_2,VisCent,VisPeri,right,left
105,162,0.004464285714285714,cross_network_same_hemi,RH_VisCent_ExStr_5,RH_LimbicA_TempPole_3,VisCent,LimbicA,right,right
105,163,0.004464285714285714,cross_network_same_hemi,RH_VisCent_ExStr_5,RH_LimbicA_TempPole_4,VisCent,LimbicA,right,right
106,132,0.004464285714285714,cross_network_same_hemi,RH_VisPeri_ExStrInf_1,RH_DorsAttnA_SPL_1,VisPeri,DorsAttnA,right,right
106,204,0.004464285714285714,cross_network_same_hemi,RH_VisPeri_ExStrInf_1,THA-DP-rh,VisPeri,Thalamus_DP,right,right
106,227,0.004464285714285714,cross_hemi_diff_network,RH_VisPeri_ExStrInf_1,aGP-lh,VisPeri,Pallidum_ant,right,left
107,1,0.004464285714285714,cross_hemi_diff_network,RH_VisPeri_ExStrInf_2,LH_VisCent_ExStr_1,VisPeri,VisCent,right,left
107,28,0.004464285714285714,cross_hemi_diff_network,RH_VisPeri_ExStrInf_2,LH_DorsAttnA_TempOcc_1,VisPeri,DorsAttnA,right,left
107,55,0.004464285714285714,cross_hemi_diff_network,RH_VisPeri_ExStrInf_2,LH_LimbicA_TempPole_4,VisPeri,LimbicA,right,left
107,143,0.004464285714285714,cross_network_same_hemi,RH_VisPeri_ExStrInf_2,RH_SalVentAttnA_Ins_1,VisPeri,SalVentAttnA,right,right
107,204,0.004464285714285714,cross_network_same_hemi,RH_VisPeri_ExStrInf_2,THA-DP-rh,VisPeri,Thalamus_DP,right,right
107,209,0.004464285714285714,cross_network_same_hemi,RH_VisPeri_ExStrInf_2,NAc-core-rh,VisPeri,Accumbens_core,right,right
107,219,0.004464285714285714,cross_hemi_diff_network,RH_VisPeri_ExStrInf_2,mAMY-lh,VisPeri,Amygdala_med,right,left
108,210,0.004464285714285714,cross_network_same_hemi,RH_VisPeri_StriCal_1,pGP-rh,VisPeri,Pallidum_post,right,right
109,8,0.008928571428571428,within_network,RH_VisPeri_ExStrSup_1,LH_VisPeri_ExStrInf_3,VisPeri,VisPeri,right,left
109,10,0.004464285714285714,within_network,RH_VisPeri_ExStrSup_1,LH_VisPeri_ExStrSup_1,VisPeri,VisPeri,right,left
109,149,0.004464285714285714,cross_network_same_hemi,RH_VisPeri_ExStrSup_1,RH_SalVentAttnA_FrMed_2,VisPeri,SalVentAttnA,right,right
109,201,0.004464285714285714,cross_network_same_hemi,RH_VisPeri_ExStrSup_1,pHIP-rh,VisPeri,Hippocampus_post,right,right
109,217,0.004464285714285714,cross_hemi_diff_network,RH_VisPeri_ExStrSup_1,pHIP-lh,VisPeri,Hippocampus_post,right,left
109,226,0.004464285714285714,cross_hemi_diff_network,RH_VisPeri_ExStrSup_1,pGP-lh,VisPeri,Pallidum_post,right,left
110,96,0.004464285714285714,cross_hemi_diff_network,RH_VisPeri_ExStrSup_2,LH_DefaultC_Rsp_1,VisPeri,DefaultC,right,left
110,106,0.004464285714285714,within_network,RH_VisPeri_ExStrSup_2,RH_VisPeri_ExStrInf_1,VisPeri,VisPeri,right,right
110,208,0.004464285714285714,cross_network_same_hemi,RH_VisPeri_ExStrSup_2,NAc-shell-rh,VisPeri,Accumbens_shell,right,right
111,9,0.004464285714285714,within_network,RH_VisPeri_ExStrSup_3,LH_VisPeri_StriCal_1,VisPeri,VisPeri,right,left
111,10,0.004464285714285714,within_network,RH_VisPeri_ExStrSup_3,LH_VisPeri_ExStrSup_1,VisPeri,VisPeri,right,left
111,30,0.004464285714285714,cross_hemi_diff_network,RH_VisPeri_ExStrSup_3,LH_DorsAttnA_ParOcc_1,VisPeri,DorsAttnA,right,left
111,133,0.004464285714285714,cross_network_same_hemi,RH_VisPeri_ExStrSup_3,RH_DorsAttnA_SPL_2,VisPeri,DorsAttnA,right,right
111,210,0.008928571428571428,cross_network_same_hemi,RH_VisPeri_ExStrSup_3,pGP-rh,VisPeri,Pallidum_post,right,right
111,211,0.004464285714285714,cross_network_same_hemi,RH_VisPeri_ExStrSup_3,aGP-rh,VisPeri,Pallidum_ant,right,right
112,54,0.004464285714285714,cross_hemi_diff_network,RH_SomMotA_1,LH_LimbicA_TempPole_3,SomMotA,LimbicA,right,left
112,59,0.004464285714285714,cross_hemi_diff_network,RH_SomMotA_1,LH_ContA_IPS_3,SomMotA,ContA,right,left
112,118,0.004464285714285714,within_network,RH_SomMotA_1,RH_SomMotA_7,SomMotA,SomMotA,right,right
112,126,0.004464285714285714,cross_network_same_hemi,RH_SomMotA_1,RH_SomMotB_S2_2,SomMotA,SomMotB,right,right
112,139,0.004464285714285714,cross_network_same_hemi,RH_SomMotA_1,RH_DorsAttnB_PostC_4,SomMotA,DorsAttnB,right,right
112,140,0.008928571428571428,cross_network_same_hemi,RH_SomMotA_1,RH_DorsAttnB_FEF_1,SomMotA,DorsAttnB,right,right
112,142,0.004464285714285714,cross_network_same_hemi,RH_SomMotA_1,RH_SalVentAttnA_PrC_1,SomMotA,SalVentAttnA,right,right
112,202,0.004464285714285714,cross_network_same_hemi,RH_SomMotA_1,lAMY-rh,SomMotA,Amygdala_lat,right,right
112,207,0.004464285714285714,cross_network_same_hemi,RH_SomMotA_1,THA-DA-rh,SomMotA,Thalamus_DA,right,right
112,221,0.004464285714285714,cross_hemi_diff_network,RH_SomMotA_1,THA-VP-lh,SomMotA,Thalamus_VP,right,left
113,22,0.004464285714285714,cross_hemi_diff_network,RH_SomMotA_2,LH_SomMotB_S2_1,SomMotA,SomMotB,right,left
113,40,0.004464285714285714,cross_hemi_diff_network,RH_SomMotA_2,LH_SalVentAttnA_Ins_1,SomMotA,SalVentAttnA,right,left
113,55,0.004464285714285714,cross_hemi_diff_network,RH_SomMotA_2,LH_LimbicA_TempPole_4,SomMotA,LimbicA,right,left
113,121,0.004464285714285714,within_network,RH_SomMotA_2,RH_SomMotA_10,SomMotA,SomMotA,right,right
113,204,0.004464285714285714,cross_network_same_hemi,RH_SomMotA_2,THA-DP-rh,SomMotA,Thalamus_DP,right,right
113,212,0.004464285714285714,cross_network_same_hemi,RH_SomMotA_2,aPUT-rh,SomMotA,Putamen_ant,right,right
113,218,0.004464285714285714,cross_hemi_diff_network,RH_SomMotA_2,lAMY-lh,SomMotA,Amygdala_lat,right,left
113,226,0.008928571428571428,cross_hemi_diff_network,RH_SomMotA_2,pGP-lh,SomMotA,Pallidum_post,right,left
114,13,0.004464285714285714,within_network,RH_SomMotA_3,LH_SomMotA_2,SomMotA,SomMotA,right,left
114,16,0.004464285714285714,within_network,RH_SomMotA_3,LH_SomMotA_5,SomMotA,SomMotA,right,left
114,19,0.004464285714285714,within_network,RH_SomMotA_3,LH_SomMotA_8,SomMotA,SomMotA,right,left
114,22,0.004464285714285714,cross_hemi_diff_network,RH_SomMotA_3,LH_SomMotB_S2_1,SomMotA,SomMotB,right,left
114,144,0.008928571428571428,cross_network_same_hemi,RH_SomMotA_3,RH_SalVentAttnA_Ins_2,SomMotA,SalVentAttnA,right,right
114,147,0.008928571428571428,cross_network_same_hemi,RH_SomMotA_3,RH_SalVentAttnA_ParMed_1,SomMotA,SalVentAttnA,right,right
114,162,0.004464285714285714,cross_network_same_hemi,RH_SomMotA_3,RH_LimbicA_TempPole_3,SomMotA,LimbicA,right,right
114,210,0.004464285714285714,cross_network_same_hemi,RH_SomMotA_3,pGP-rh,SomMotA,Pallidum_post,right,right
114,214,0.004464285714285714,cross_network_same_hemi,RH_SomMotA_3,aCAU-rh,SomMotA,Caudate_ant,right,right
114,221,0.004464285714285714,cross_hemi_diff_network,RH_SomMotA_3,THA-VP-lh,SomMotA,Thalamus_VP,right,left
114,223,0.004464285714285714,cross_hemi_diff_network,RH_SomMotA_3,THA-DA-lh,SomMotA,Thalamus_DA,right,left
114,226,0.008928571428571428,cross_hemi_diff_network,RH_SomMotA_3,pGP-lh,SomMotA,Pallidum_post,right,left
114,227,0.004464285714285714,cross_hemi_diff_network,RH_SomMotA_3,aGP-lh,SomMotA,Pallidum_ant,right,left
115,13,0.004464285714285714,within_network,RH_SomMotA_4,LH_SomMotA_2,SomMotA,SomMotA,right,left
115,15,0.004464285714285714,within_network,RH_SomMotA_4,LH_SomMotA_4,SomMotA,SomMotA,right,left
115,27,0.004464285714285714,cross_hemi_diff_network,RH_SomMotA_4,LH_SomMotB_Cent_2,SomMotA,SomMotB,right,left
115,54,0.004464285714285714,cross_hemi_diff_network,RH_SomMotA_4,LH_LimbicA_TempPole_3,SomMotA,LimbicA,right,left
115,64,0.004464285714285714,cross_hemi_diff_network,RH_SomMotA_4,LH_ContA_PFCl_3,SomMotA,ContA,right,left
115,118,0.004464285714285714,within_network,RH_SomMotA_4,RH_SomMotA_7,SomMotA,SomMotA,right,right
115,208,0.004464285714285714,cross_network_same_hemi,RH_SomMotA_4,NAc-shell-rh,SomMotA,Accumbens_shell,right,right
115,226,0.008928571428571428,cross_hemi_diff_network,RH_SomMotA_4,pGP-lh,SomMotA,Pallidum_post,right,left
116,16,0.004464285714285714,within_network,RH_SomMotA_5,LH_SomMotA_5,SomMotA,SomMotA,right,left
116,30,0.004464285714285714,cross_hemi_diff_network,RH_SomMotA_5,LH_DorsAttnA_ParOcc_1,SomMotA,DorsAttnA,right,left
116,56,0.004464285714285714,cross_hemi_diff_network,RH_SomMotA_5,LH_ContA_Temp_1,SomMotA,ContA,right,left
116,120,0.004464285714285714,within_network,RH_SomMotA_5,RH_SomMotA_9,SomMotA,SomMotA,right,right
116,122,0.004464285714285714,within_network,RH_SomMotA_5,RH_SomMotA_11,SomMotA,SomMotA,right,right
116,134,0.004464285714285714,cross_network_same_hemi,RH_SomMotA_5,RH_DorsAttnA_SPL_3,SomMotA,DorsAttnA,right,right
116,135,0.004464285714285714,cross_network_same_hemi,RH_SomMotA_5,RH_DorsAttnA_SPL_4,SomMotA,DorsAttnA,right,right
116,142,0.004464285714285714,cross_network_same_hemi,RH_SomMotA_5,RH_SalVentAttnA_PrC_1,SomMotA,SalVentAttnA,right,right
116,160,0.004464285714285714,cross_network_same_hemi,RH_SomMotA_5,RH_LimbicA_TempPole_1,SomMotA,LimbicA,right,right
116,162,0.004464285714285714,cross_network_same_hemi,RH_SomMotA_5,RH_LimbicA_TempPole_3,SomMotA,LimbicA,right,right
116,202,0.008928571428571428,cross_network_same_hemi,RH_SomMotA_5,lAMY-rh,SomMotA,Amygdala_lat,right,right
116,204,0.004464285714285714,cross_network_same_hemi,RH_SomMotA_5,THA-DP-rh,SomMotA,Thalamus_DP,right,right
116,206,0.004464285714285714,cross_network_same_hemi,RH_SomMotA_5,THA-VA-rh,SomMotA,Thalamus_VA,right,right
116,210,0.004464285714285714,cross_network_same_hemi,RH_SomMotA_5,pGP-rh,SomMotA,Pallidum_post,right,right
117,16,0.004464285714285714,within_network,RH_SomMotA_6,LH_SomMotA_5,SomMotA,SomMotA,right,left
117,139,0.004464285714285714,cross_network_same_hemi,RH_SomMotA_6,RH_DorsAttnB_PostC_4,SomMotA,DorsAttnB,right,right
117,140,0.004464285714285714,cross_network_same_hemi,RH_SomMotA_6,RH_DorsAttnB_FEF_1,SomMotA,DorsAttnB,right,right
117,187,0.004464285714285714,cross_network_same_hemi,RH_SomMotA_6,RH_DefaultA_PFCm_2,SomMotA,DefaultA,right,right
117,196,0.004464285714285714,cross_network_same_hemi,RH_SomMotA_6,RH_TempPar_1,SomMotA,TempPar,right,right
117,205,0.008928571428571428,cross_network_same_hemi,RH_SomMotA_6,THA-VP-rh,SomMotA,Thalamus_VP,right,right
117,224,0.004464285714285714,cross_hemi_diff_network,RH_SomMotA_6,NAc-shell-lh,SomMotA,Accumbens_shell,right,left
118,12,0.008928571428571428,within_network,RH_SomMotA_7,LH_SomMotA_1,SomMotA,SomMotA,right,left
118,14,0.008928571428571428,within_network,RH_SomMotA_7,LH_SomMotA_3,SomMotA,SomMotA,right,left
118,37,0.004464285714285714,cross_hemi_diff_network,RH_SomMotA_7,LH_DorsAttnB_PostC_4,SomMotA,DorsAttnB,right,left
118,120,0.008928571428571428,within_network,RH_SomMotA_7,RH_SomMotA_9,SomMotA,SomMotA,right,right
118,121,0.004464285714285714,within_network,RH_SomMotA_7,RH_SomMotA_10,SomMotA,SomMotA,right,right
118,140,0.004464285714285714,cross_network_same_hemi,RH_SomMotA_7,RH_DorsAttnB_FEF_1,SomMotA,DorsAttnB,right,right
118,201,0.004464285714285714,cross_network_same_hemi,RH_SomMotA_7,pHIP-rh,SomMotA,Hippocampus_post,right,right
119,12,0.004464285714285714,within_network,RH_SomMotA_8,LH_SomMotA_1,SomMotA,SomMotA,right,left
119,19,0.004464285714285714,within_network,RH_SomMotA_8,LH_SomMotA_8,SomMotA,SomMotA,right,left
119,120,0.004464285714285714,within_network,RH_SomMotA_8,RH_SomMotA_9,SomMotA,SomMotA,right,right
119,130,0.004464285714285714,cross_network_same_hemi,RH_SomMotA_8,RH_DorsAttnA_TempOcc_1,SomMotA,DorsAttnA,right,right
119,131,0.004464285714285714,cross_network_same_hemi,RH_SomMotA_8,RH_DorsAttnA_ParOcc_1,SomMotA,DorsAttnA,right,right
119,136,0.004464285714285714,cross_network_same_hemi,RH_SomMotA_8,RH_DorsAttnB_PostC_1,SomMotA,DorsAttnB,right,right
119,142,0.004464285714285714,cross_network_same_hemi,RH_SomMotA_8,RH_SalVentAttnA_PrC_1,SomMotA,SalVentAttnA,right,right
119,149,0.004464285714285714,cross_network_same_hemi,RH_SomMotA_8,RH_SalVentAttnA_FrMed_2,SomMotA,SalVentAttnA,right,right
119,165,0.004464285714285714,cross_network_same_hemi,RH_SomMotA_8,RH_ContA_IPS_2,SomMotA,ContA,right,right
119,202,0.004464285714285714,cross_network_same_hemi,RH_SomMotA_8,lAMY-rh,SomMotA,Amygdala_lat,right,right
119,205,0.004464285714285714,cross_network_same_hemi,RH_SomMotA_8,THA-VP-rh,SomMotA,Thalamus_VP,right,right
119,221,0.004464285714285714,cross_hemi_diff_network,RH_SomMotA_8,THA-VP-lh,SomMotA,Thalamus_VP,right,left
119,226,0.004464285714285714,cross_hemi_diff_network,RH_SomMotA_8,pGP-lh,SomMotA,Pallidum_post,right,left
120,13,0.004464285714285714,within_network,RH_SomMotA_9,LH_SomMotA_2,SomMotA,SomMotA,right,left
120,45,0.004464285714285714,cross_hemi_diff_network,RH_SomMotA_9,LH_SalVentAttnA_FrMed_2,SomMotA,SalVentAttnA,right,left
120,50,0.004464285714285714,cross_hemi_diff_network,RH_SomMotA_9,LH_LimbicB_OFC_1,SomMotA,LimbicB,right,left
120,119,0.004464285714285714,within_network,RH_SomMotA_9,RH_SomMotA_8,SomMotA,SomMotA,right,right
120,122,0.004464285714285714,within_network,RH_SomMotA_9,RH_SomMotA_11,SomMotA,SomMotA,right,right
120,148,0.004464285714285714,cross_network_same_hemi,RH_SomMotA_9,RH_SalVentAttnA_ParMed_2,SomMotA,SalVentAttnA,right,right
120,160,0.004464285714285714,cross_network_same_hemi,RH_SomMotA_9,RH_LimbicA_TempPole_1,SomMotA,LimbicA,right,right
120,200,0.004464285714285714,cross_network_same_hemi,RH_SomMotA_9,aHIP-rh,SomMotA,Hippocampus_ant,right,right
120,211,0.004464285714285714,cross_network_same_hemi,RH_SomMotA_9,aGP-rh,SomMotA,Pallidum_ant,right,right
120,220,0.004464285714285714,cross_hemi_diff_network,RH_SomMotA_9,THA-DP-lh,SomMotA,Thalamus_DP,right,left
120,223,0.004464285714285714,cross_hemi_diff_network,RH_SomMotA_9,THA-DA-lh,SomMotA,Thalamus_DA,right,left
121,22,0.004464285714285714,cross_hemi_diff_network,RH_SomMotA_10,LH_SomMotB_S2_1,SomMotA,SomMotB,right,left
121,118,0.004464285714285714,within_network,RH_SomMotA_10,RH_SomMotA_7,SomMotA,SomMotA,right,right
121,160,0.004464285714285714,cross_network_same_hemi,RH_SomMotA_10,RH_LimbicA_TempPole_1,SomMotA,LimbicA,right,right
121,166,0.004464285714285714,cross_network_same_hemi,RH_SomMotA_10,RH_ContA_PFCd_1,SomMotA,ContA,right,right
121,205,0.004464285714285714,cross_network_same_hemi,RH_SomMotA_10,THA-VP-rh,SomMotA,Thalamus_VP,right,right
121,220,0.004464285714285714,cross_hemi_diff_network,RH_SomMotA_10,THA-DP-lh,SomMotA,Thalamus_DP,right,left
122,15,0.004464285714285714,within_network,RH_SomMotA_11,LH_SomMotA_4,SomMotA,SomMotA,right,left
122,18,0.004464285714285714,within_network,RH_SomMotA_11,LH_SomMotA_7,SomMotA,SomMotA,right,left
122,54,0.004464285714285714,cross_hemi_diff_network,RH_SomMotA_11,LH_LimbicA_TempPole_3,SomMotA,LimbicA,right,left
122,196,0.004464285714285714,cross_network_same_hemi,RH_SomMotA_11,RH_TempPar_1,SomMotA,TempPar,right,right
122,210,0.004464285714285714,cross_network_same_hemi,RH_SomMotA_11,pGP-rh,SomMotA,Pallidum_post,right,right
122,218,0.004464285714285714,cross_hemi_diff_network,RH_SomMotA_11,lAMY-lh,SomMotA,Amygdala_lat,right,left
122,229,0.004464285714285714,cross_hemi_diff_network,RH_SomMotA_11,pPUT-lh,SomMotA,Putamen_post,right,left
123,20,0.004464285714285714,within_network,RH_SomMotB_Aud_1,LH_SomMotB_Aud_1,SomMotB,SomMotB,right,left
123,22,0.004464285714285714,within_network,RH_SomMotB_Aud_1,LH_SomMotB_S2_1,SomMotB,SomMotB,right,left
123,24,0.004464285714285714,within_network,RH_SomMotB_Aud_1,LH_SomMotB_Aud_3,SomMotB,SomMotB,right,left
123,25,0.004464285714285714,within_network,RH_SomMotB_Aud_1,LH_SomMotB_S2_3,SomMotB,SomMotB,right,left
123,41,0.004464285714285714,cross_hemi_diff_network,RH_SomMotB_Aud_1,LH_SalVentAttnA_FrOper_1,SomMotB,SalVentAttnA,right,left
123,143,0.008928571428571428,cross_network_same_hemi,RH_SomMotB_Aud_1,RH_SalVentAttnA_Ins_1,SomMotB,SalVentAttnA,right,right
123,205,0.004464285714285714,cross_network_same_hemi,RH_SomMotB_Aud_1,THA-VP-rh,SomMotB,Thalamus_VP,right,right
123,208,0.004464285714285714,cross_network_same_hemi,RH_SomMotB_Aud_1,NAc-shell-rh,SomMotB,Accumbens_shell,right,right
123,209,0.004464285714285714,cross_network_same_hemi,RH_SomMotB_Aud_1,NAc-core-rh,SomMotB,Accumbens_core,right,right
123,210,0.004464285714285714,cross_network_same_hemi,RH_SomMotB_Aud_1,pGP-rh,SomMotB,Pallidum_post,right,right
123,218,0.004464285714285714,cross_hemi_diff_network,RH_SomMotB_Aud_1,lAMY-lh,SomMotB,Amygdala_lat,right,left
124,20,0.004464285714285714,within_network,RH_SomMotB_Aud_2,LH_SomMotB_Aud_1,SomMotB,SomMotB,right,left
124,24,0.004464285714285714,within_network,RH_SomMotB_Aud_2,LH_SomMotB_Aud_3,SomMotB,SomMotB,right,left
124,55,0.004464285714285714,cross_hemi_diff_network,RH_SomMotB_Aud_2,LH_LimbicA_TempPole_4,SomMotB,LimbicA,right,left
124,98,0.004464285714285714,cross_hemi_diff_network,RH_SomMotB_Aud_2,LH_TempPar_1,SomMotB,TempPar,right,left
124,121,0.004464285714285714,cross_network_same_hemi,RH_SomMotB_Aud_2,RH_SomMotA_10,SomMotB,SomMotA,right,right
124,142,0.004464285714285714,cross_network_same_hemi,RH_SomMotB_Aud_2,RH_SalVentAttnA_PrC_1,SomMotB,SalVentAttnA,right,right
124,171,0.004464285714285714,cross_network_same_hemi,RH_SomMotB_Aud_2,RH_ContB_Temp_2,SomMotB,ContB,right,right
124,198,0.004464285714285714,cross_network_same_hemi,RH_SomMotB_Aud_2,RH_TempPar_3,SomMotB,TempPar,right,right
124,205,0.008928571428571428,cross_network_same_hemi,RH_SomMotB_Aud_2,THA-VP-rh,SomMotB,Thalamus_VP,right,right
124,210,0.004464285714285714,cross_network_same_hemi,RH_SomMotB_Aud_2,pGP-rh,SomMotB,Pallidum_post,right,right
124,213,0.004464285714285714,cross_network_same_hemi,RH_SomMotB_Aud_2,pPUT-rh,SomMotB,Putamen_post,right,right
124,217,0.004464285714285714,cross_hemi_diff_network,RH_SomMotB_Aud_2,pHIP-lh,SomMotB,Hippocampus_post,right,left
124,219,0.004464285714285714,cross_hemi_diff_network,RH_SomMotB_Aud_2,mAMY-lh,SomMotB,Amygdala_med,right,left
124,226,0.004464285714285714,cross_hemi_diff_network,RH_SomMotB_Aud_2,pGP-lh,SomMotB,Pallidum_post,right,left
125,8,0.004464285714285714,cross_hemi_diff_network,RH_SomMotB_S2_1,LH_VisPeri_ExStrInf_3,SomMotB,VisPeri,right,left
125,20,0.008928571428571428,within_network,RH_SomMotB_S2_1,LH_SomMotB_Aud_1,SomMotB,SomMotB,right,left
125,24,0.004464285714285714,within_network,RH_SomMotB_S2_1,LH_SomMotB_Aud_3,SomMotB,SomMotB,right,left
125,92,0.004464285714285714,cross_hemi_diff_network,RH_SomMotB_S2_1,LH_DefaultB_PFCv_2,SomMotB,DefaultB,right,left
125,123,0.004464285714285714,within_network,RH_SomMotB_S2_1,RH_SomMotB_Aud_1,SomMotB,SomMotB,right,right
125,124,0.004464285714285714,within_network,RH_SomMotB_S2_1,RH_SomMotB_Aud_2,SomMotB,SomMotB,right,right
125,160,0.004464285714285714,cross_network_same_hemi,RH_SomMotB_S2_1,RH_LimbicA_TempPole_1,SomMotB,LimbicA,right,right
125,162,0.004464285714285714,cross_network_same_hemi,RH_SomMotB_S2_1,RH_LimbicA_TempPole_3,SomMotB,LimbicA,right,right
125,210,0.004464285714285714,cross_network_same_hemi,RH_SomMotB_S2_1,pGP-rh,SomMotB,Pallidum_post,right,right
125,220,0.008928571428571428,cross_hemi_diff_network,RH_SomMotB_S2_1,THA-DP-lh,SomMotB,Thalamus_DP,right,left
125,221,0.008928571428571428,cross_hemi_diff_network,RH_SomMotB_S2_1,THA-VP-lh,SomMotB,Thalamus_VP,right,left
125,227,0.004464285714285714,cross_hemi_diff_network,RH_SomMotB_S2_1,aGP-lh,SomMotB,Pallidum_ant,right,left
126,17,0.004464285714285714,cross_hemi_diff_network,RH_SomMotB_S2_2,LH_SomMotA_6,SomMotB,SomMotA,right,left
126,20,0.004464285714285714,within_network,RH_SomMotB_S2_2,LH_SomMotB_Aud_1,SomMotB,SomMotB,right,left
126,22,0.004464285714285714,within_network,RH_SomMotB_S2_2,LH_SomMotB_S2_1,SomMotB,SomMotB,right,left
126,40,0.004464285714285714,cross_hemi_diff_network,RH_SomMotB_S2_2,LH_SalVentAttnA_Ins_1,SomMotB,SalVentAttnA,right,left
126,117,0.004464285714285714,cross_network_same_hemi,RH_SomMotB_S2_2,RH_SomMotA_6,SomMotB,SomMotA,right,right
126,142,0.004464285714285714,cross_network_same_hemi,RH_SomMotB_S2_2,RH_SalVentAttnA_PrC_1,SomMotB,SalVentAttnA,right,right
126,203,0.004464285714285714,cross_network_same_hemi,RH_SomMotB_S2_2,mAMY-rh,SomMotB,Amygdala_med,right,right
126,210,0.004464285714285714,cross_network_same_hemi,RH_SomMotB_S2_2,pGP-rh,SomMotB,Pallidum_post,right,right
126,216,0.004464285714285714,cross_hemi_diff_network,RH_SomMotB_S2_2,aHIP-lh,SomMotB,Hippocampus_ant,right,left
126,226,0.004464285714285714,cross_hemi_diff_network,RH_SomMotB_S2_2,pGP-lh,SomMotB,Pallidum_post,right,left
126,227,0.004464285714285714,cross_hemi_diff_network,RH_SomMotB_S2_2,aGP-lh,SomMotB,Pallidum_ant,right,left
127,17,0.004464285714285714,cross_hemi_diff_network,RH_SomMotB_S2_3,LH_SomMotA_6,SomMotB,SomMotA,right,left
127,20,0.004464285714285714,within_network,RH_SomMotB_S2_3,LH_SomMotB_Aud_1,SomMotB,SomMotB,right,left
127,142,0.004464285714285714,cross_network_same_hemi,RH_SomMotB_S2_3,RH_SalVentAttnA_PrC_1,SomMotB,SalVentAttnA,right,right
127,143,0.004464285714285714,cross_network_same_hemi,RH_SomMotB_S2_3,RH_SalVentAttnA_Ins_1,SomMotB,SalVentAttnA,right,right
127,199,0.004464285714285714,cross_network_same_hemi,RH_SomMotB_S2_3,RH_TempPar_4,SomMotB,TempPar,right,right
127,207,0.004464285714285714,cross_network_same_hemi,RH_SomMotB_S2_3,THA-DA-rh,SomMotB,Thalamus_DA,right,right
127,226,0.004464285714285714,cross_hemi_diff_network,RH_SomMotB_S2_3,pGP-lh,SomMotB,Pallidum_post,right,left
128,22,0.004464285714285714,within_network,RH_SomMotB_S2_4,LH_SomMotB_S2_1,SomMotB,SomMotB,right,left
128,123,0.004464285714285714,within_network,RH_SomMotB_S2_4,RH_SomMotB_Aud_1,SomMotB,SomMotB,right,right
128,124,0.004464285714285714,within_network,RH_SomMotB_S2_4,RH_SomMotB_Aud_2,SomMotB,SomMotB,right,right
128,144,0.004464285714285714,cross_network_same_hemi,RH_SomMotB_S2_4,RH_SalVentAttnA_Ins_2,SomMotB,SalVentAttnA,right,right
128,147,0.004464285714285714,cross_network_same_hemi,RH_SomMotB_S2_4,RH_SalVentAttnA_ParMed_1,SomMotB,SalVentAttnA,right,right
128,211,0.004464285714285714,cross_network_same_hemi,RH_SomMotB_S2_4,aGP-rh,SomMotB,Pallidum_ant,right,right
128,227,0.008928571428571428,cross_hemi_diff_network,RH_SomMotB_S2_4,aGP-lh,SomMotB,Pallidum_ant,right,left
129,162,0.004464285714285714,cross_network_same_hemi,RH_SomMotB_Cent_1,RH_LimbicA_TempPole_3,SomMotB,LimbicA,right,right
129,187,0.004464285714285714,cross_network_same_hemi,RH_SomMotB_Cent_1,RH_DefaultA_PFCm_2,SomMotB,DefaultA,right,right
129,210,0.004464285714285714,cross_network_same_hemi,RH_SomMotB_Cent_1,pGP-rh,SomMotB,Pallidum_post,right,right
129,226,0.004464285714285714,cross_hemi_diff_network,RH_SomMotB_Cent_1,pGP-lh,SomMotB,Pallidum_post,right,left
130,30,0.004464285714285714,within_network,RH_DorsAttnA_TempOcc_1,LH_DorsAttnA_ParOcc_1,DorsAttnA,DorsAttnA,right,left
130,31,0.004464285714285714,within_network,RH_DorsAttnA_TempOcc_1,LH_DorsAttnA_SPL_1,DorsAttnA,DorsAttnA,right,left
130,56,0.004464285714285714,cross_hemi_diff_network,RH_DorsAttnA_TempOcc_1,LH_ContA_Temp_1,DorsAttnA,ContA,right,left
130,59,0.004464285714285714,cross_hemi_diff_network,RH_DorsAttnA_TempOcc_1,LH_ContA_IPS_3,DorsAttnA,ContA,right,left
130,63,0.004464285714285714,cross_hemi_diff_network,RH_DorsAttnA_TempOcc_1,LH_ContA_PFCl_2,DorsAttnA,ContA,right,left
130,118,0.004464285714285714,cross_network_same_hemi,RH_DorsAttnA_TempOcc_1,RH_SomMotA_7,DorsAttnA,SomMotA,right,right
130,131,0.004464285714285714,within_network,RH_DorsAttnA_TempOcc_1,RH_DorsAttnA_ParOcc_1,DorsAttnA,DorsAttnA,right,right
130,142,0.004464285714285714,cross_network_same_hemi,RH_DorsAttnA_TempOcc_1,RH_SalVentAttnA_PrC_1,DorsAttnA,SalVentAttnA,right,right
130,171,0.008928571428571428,cross_network_same_hemi,RH_DorsAttnA_TempOcc_1,RH_ContB_Temp_2,DorsAttnA,ContB,right,right
130,176,0.004464285714285714,cross_network_same_hemi,RH_DorsAttnA_TempOcc_1,RH_ContB_PFClv_1,DorsAttnA,ContB,right,right
130,208,0.004464285714285714,cross_network_same_hemi,RH_DorsAttnA_TempOcc_1,NAc-shell-rh,DorsAttnA,Accumbens_shell,right,right
130,220,0.004464285714285714,cross_hemi_diff_network,RH_DorsAttnA_TempOcc_1,THA-DP-lh,DorsAttnA,Thalamus_DP,right,left
131,3,0.004464285714285714,cross_hemi_diff_network,RH_DorsAttnA_ParOcc_1,LH_VisCent_ExStr_3,DorsAttnA,VisCent,right,left
131,8,0.004464285714285714,cross_hemi_diff_network,RH_DorsAttnA_ParOcc_1,LH_VisPeri_ExStrInf_3,DorsAttnA,VisPeri,right,left
131,24,0.004464285714285714,cross_hemi_diff_network,RH_DorsAttnA_ParOcc_1,LH_SomMotB_Aud_3,DorsAttnA,SomMotB,right,left
131,29,0.004464285714285714,within_network,RH_DorsAttnA_ParOcc_1,LH_DorsAttnA_TempOcc_2,DorsAttnA,DorsAttnA,right,left
131,33,0.004464285714285714,within_network,RH_DorsAttnA_ParOcc_1,LH_DorsAttnA_SPL_3,DorsAttnA,DorsAttnA,right,left
131,53,0.004464285714285714,cross_hemi_diff_network,RH_DorsAttnA_ParOcc_1,LH_LimbicA_TempPole_2,DorsAttnA,LimbicA,right,left
131,54,0.004464285714285714,cross_hemi_diff_network,RH_DorsAttnA_ParOcc_1,LH_LimbicA_TempPole_3,DorsAttnA,LimbicA,right,left
131,55,0.004464285714285714,cross_hemi_diff_network,RH_DorsAttnA_ParOcc_1,LH_LimbicA_TempPole_4,DorsAttnA,LimbicA,right,left
131,56,0.004464285714285714,cross_hemi_diff_network,RH_DorsAttnA_ParOcc_1,LH_ContA_Temp_1,DorsAttnA,ContA,right,left
131,63,0.004464285714285714,cross_hemi_diff_network,RH_DorsAttnA_ParOcc_1,LH_ContA_PFCl_2,DorsAttnA,ContA,right,left
131,98,0.004464285714285714,cross_hemi_diff_network,RH_DorsAttnA_ParOcc_1,LH_TempPar_1,DorsAttnA,TempPar,right,left
131,99,0.004464285714285714,cross_hemi_diff_network,RH_DorsAttnA_ParOcc_1,LH_TempPar_2,DorsAttnA,TempPar,right,left
131,101,0.004464285714285714,cross_network_same_hemi,RH_DorsAttnA_ParOcc_1,RH_VisCent_ExStr_2,DorsAttnA,VisCent,right,right
131,130,0.004464285714285714,within_network,RH_DorsAttnA_ParOcc_1,RH_DorsAttnA_TempOcc_1,DorsAttnA,DorsAttnA,right,right
131,152,0.004464285714285714,cross_network_same_hemi,RH_DorsAttnA_ParOcc_1,RH_SalVentAttnB_PFCl_1,DorsAttnA,SalVentAttnB,right,right
131,166,0.004464285714285714,cross_network_same_hemi,RH_DorsAttnA_ParOcc_1,RH_ContA_PFCd_1,DorsAttnA,ContA,right,right
131,170,0.004464285714285714,cross_network_same_hemi,RH_DorsAttnA_ParOcc_1,RH_ContB_Temp_1,DorsAttnA,ContB,right,right
131,171,0.004464285714285714,cross_network_same_hemi,RH_DorsAttnA_ParOcc_1,RH_ContB_Temp_2,DorsAttnA,ContB,right,right
131,184,0.004464285714285714,cross_network_same_hemi,RH_DorsAttnA_ParOcc_1,RH_DefaultA_PFCd_1,DorsAttnA,DefaultA,right,right
131,197,0.004464285714285714,cross_network_same_hemi,RH_DorsAttnA_ParOcc_1,RH_TempPar_2,DorsAttnA,TempPar,right,right
131,201,0.004464285714285714,cross_network_same_hemi,RH_DorsAttnA_ParOcc_1,pHIP-rh,DorsAttnA,Hippocampus_post,right,right
131,204,0.004464285714285714,cross_network_same_hemi,RH_DorsAttnA_ParOcc_1,THA-DP-rh,DorsAttnA,Thalamus_DP,right,right
131,210,0.008928571428571428,cross_network_same_hemi,RH_DorsAttnA_ParOcc_1,pGP-rh,DorsAttnA,Pallidum_post,right,right
131,218,0.013392857142857142,cross_hemi_diff_network,RH_DorsAttnA_ParOcc_1,lAMY-lh,DorsAttnA,Amygdala_lat,right,left
132,33,0.004464285714285714,within_network,RH_DorsAttnA_SPL_1,LH_DorsAttnA_SPL_3,DorsAttnA,DorsAttnA,right,left
132,58,0.004464285714285714,cross_hemi_diff_network,RH_DorsAttnA_SPL_1,LH_ContA_IPS_2,DorsAttnA,ContA,right,left
132,95,0.008928571428571428,cross_hemi_diff_network,RH_DorsAttnA_SPL_1,LH_DefaultC_IPL_1,DorsAttnA,DefaultC,right,left
132,99,0.004464285714285714,cross_hemi_diff_network,RH_DorsAttnA_SPL_1,LH_TempPar_2,DorsAttnA,TempPar,right,left
132,101,0.004464285714285714,cross_network_same_hemi,RH_DorsAttnA_SPL_1,RH_VisCent_ExStr_2,DorsAttnA,VisCent,right,right
132,116,0.004464285714285714,cross_network_same_hemi,RH_DorsAttnA_SPL_1,RH_SomMotA_5,DorsAttnA,SomMotA,right,right
132,163,0.004464285714285714,cross_network_same_hemi,RH_DorsAttnA_SPL_1,RH_LimbicA_TempPole_4,DorsAttnA,LimbicA,right,right
132,193,0.008928571428571428,cross_network_same_hemi,RH_DorsAttnA_SPL_1,RH_DefaultC_IPL_1,DorsAttnA,DefaultC,right,right
132,220,0.004464285714285714,cross_hemi_diff_network,RH_DorsAttnA_SPL_1,THA-DP-lh,DorsAttnA,Thalamus_DP,right,left
133,30,0.004464285714285714,within_network,RH_DorsAttnA_SPL_2,LH_DorsAttnA_ParOcc_1,DorsAttnA,DorsAttnA,right,left
133,33,0.008928571428571428,within_network,RH_DorsAttnA_SPL_2,LH_DorsAttnA_SPL_3,DorsAttnA,DorsAttnA,right,left
133,56,0.004464285714285714,cross_hemi_diff_network,RH_DorsAttnA_SPL_2,LH_ContA_Temp_1,DorsAttnA,ContA,right,left
133,57,0.004464285714285714,cross_hemi_diff_network,RH_DorsAttnA_SPL_2,LH_ContA_IPS_1,DorsAttnA,ContA,right,left
133,181,0.004464285714285714,cross_network_same_hemi,RH_DorsAttnA_SPL_2,RH_ContC_pCun_2,DorsAttnA,ContC,right,right
133,183,0.004464285714285714,cross_network_same_hemi,RH_DorsAttnA_SPL_2,RH_DefaultA_IPL_1,DorsAttnA,DefaultA,right,right
133,187,0.004464285714285714,cross_network_same_hemi,RH_DorsAttnA_SPL_2,RH_DefaultA_PFCm_2,DorsAttnA,DefaultA,right,right
133,210,0.004464285714285714,cross_network_same_hemi,RH_DorsAttnA_SPL_2,pGP-rh,DorsAttnA,Pallidum_post,right,right
134,30,0.004464285714285714,within_network,RH_DorsAttnA_SPL_3,LH_DorsAttnA_ParOcc_1,DorsAttnA,DorsAttnA,right,left
134,33,0.004464285714285714,within_network,RH_DorsAttnA_SPL_3,LH_DorsAttnA_SPL_3,DorsAttnA,DorsAttnA,right,left
134,35,0.004464285714285714,cross_hemi_diff_network,RH_DorsAttnA_SPL_3,LH_DorsAttnB_PostC_2,DorsAttnA,DorsAttnB,right,left
134,46,0.004464285714285714,cross_hemi_diff_network,RH_DorsAttnA_SPL_3,LH_SalVentAttnB_IPL_1,DorsAttnA,SalVentAttnB,right,left
134,59,0.004464285714285714,cross_hemi_diff_network,RH_DorsAttnA_SPL_3,LH_ContA_IPS_3,DorsAttnA,ContA,right,left
134,140,0.004464285714285714,cross_network_same_hemi,RH_DorsAttnA_SPL_3,RH_DorsAttnB_FEF_1,DorsAttnA,DorsAttnB,right,right
134,167,0.004464285714285714,cross_network_same_hemi,RH_DorsAttnA_SPL_3,RH_ContA_PFCl_1,DorsAttnA,ContA,right,right
134,171,0.008928571428571428,cross_network_same_hemi,RH_DorsAttnA_SPL_3,RH_ContB_Temp_2,DorsAttnA,ContB,right,right
134,221,0.004464285714285714,cross_hemi_diff_network,RH_DorsAttnA_SPL_3,THA-VP-lh,DorsAttnA,Thalamus_VP,right,left
135,13,0.004464285714285714,cross_hemi_diff_network,RH_DorsAttnA_SPL_4,LH_SomMotA_2,DorsAttnA,SomMotA,right,left
135,31,0.004464285714285714,within_network,RH_DorsAttnA_SPL_4,LH_DorsAttnA_SPL_1,DorsAttnA,DorsAttnA,right,left
135,32,0.004464285714285714,within_network,RH_DorsAttnA_SPL_4,LH_DorsAttnA_SPL_2,DorsAttnA,DorsAttnA,right,left
135,105,0.004464285714285714,cross_network_same_hemi,RH_DorsAttnA_SPL_4,RH_VisCent_ExStr_5,DorsAttnA,VisCent,right,right
135,116,0.008928571428571428,cross_network_same_hemi,RH_DorsAttnA_SPL_4,RH_SomMotA_5,DorsAttnA,SomMotA,right,right
135,142,0.004464285714285714,cross_network_same_hemi,RH_DorsAttnA_SPL_4,RH_SalVentAttnA_PrC_1,DorsAttnA,SalVentAttnA,right,right
135,164,0.004464285714285714,cross_network_same_hemi,RH_DorsAttnA_SPL_4,RH_ContA_IPS_1,DorsAttnA,ContA,right,right
135,171,0.004464285714285714,cross_network_same_hemi,RH_DorsAttnA_SPL_4,RH_ContB_Temp_2,DorsAttnA,ContB,right,right
136,17,0.004464285714285714,cross_hemi_diff_network,RH_DorsAttnB_PostC_1,LH_SomMotA_6,DorsAttnB,SomMotA,right,left
136,27,0.004464285714285714,cross_hemi_diff_network,RH_DorsAttnB_PostC_1,LH_SomMotB_Cent_2,DorsAttnB,SomMotB,right,left
136,41,0.004464285714285714,cross_hemi_diff_network,RH_DorsAttnB_PostC_1,LH_SalVentAttnA_FrOper_1,DorsAttnB,SalVentAttnA,right,left
136,42,0.004464285714285714,cross_hemi_diff_network,RH_DorsAttnB_PostC_1,LH_SalVentAttnA_FrOper_2,DorsAttnB,SalVentAttnA,right,left
136,46,0.004464285714285714,cross_hemi_diff_network,RH_DorsAttnB_PostC_1,LH_SalVentAttnB_IPL_1,DorsAttnB,SalVentAttnB,right,left
136,53,0.004464285714285714,cross_hemi_diff_network,RH_DorsAttnB_PostC_1,LH_LimbicA_TempPole_2,DorsAttnB,LimbicA,right,left
136,55,0.004464285714285714,cross_hemi_diff_network,RH_DorsAttnB_PostC_1,LH_LimbicA_TempPole_4,DorsAttnB,LimbicA,right,left
136,125,0.004464285714285714,cross_network_same_hemi,RH_DorsAttnB_PostC_1,RH_SomMotB_S2_1,DorsAttnB,SomMotB,right,right
136,142,0.004464285714285714,cross_network_same_hemi,RH_DorsAttnB_PostC_1,RH_SalVentAttnA_PrC_1,DorsAttnB,SalVentAttnA,right,right
136,150,0.004464285714285714,cross_network_same_hemi,RH_DorsAttnB_PostC_1,RH_SalVentAttnB_IPL_1,DorsAttnB,SalVentAttnB,right,right
136,154,0.004464285714285714,cross_network_same_hemi,RH_DorsAttnB_PostC_1,RH_SalVentAttnB_Ins_2,DorsAttnB,SalVentAttnB,right,right
137,12,0.004464285714285714,cross_hemi_diff_network,RH_DorsAttnB_PostC_2,LH_SomMotA_1,DorsAttnB,SomMotA,right,left
137,25,0.004464285714285714,cross_hemi_diff_network,RH_DorsAttnB_PostC_2,LH_SomMotB_S2_3,DorsAttnB,SomMotB,right,left
137,29,0.004464285714285714,cross_hemi_diff_network,RH_DorsAttnB_PostC_2,LH_DorsAttnA_TempOcc_2,DorsAttnB,DorsAttnA,right,left
137,33,0.004464285714285714,cross_hemi_diff_network,RH_DorsAttnB_PostC_2,LH_DorsAttnA_SPL_3,DorsAttnB,DorsAttnA,right,left
137,36,0.004464285714285714,within_network,RH_DorsAttnB_PostC_2,LH_DorsAttnB_PostC_3,DorsAttnB,DorsAttnB,right,left
137,56,0.004464285714285714,cross_hemi_diff_network,RH_DorsAttnB_PostC_2,LH_ContA_Temp_1,DorsAttnB,ContA,right,left
137,63,0.004464285714285714,cross_hemi_diff_network,RH_DorsAttnB_PostC_2,LH_ContA_PFCl_2,DorsAttnB,ContA,right,left
137,114,0.004464285714285714,cross_network_same_hemi,RH_DorsAttnB_PostC_2,RH_SomMotA_3,DorsAttnB,SomMotA,right,right
137,115,0.004464285714285714,cross_network_same_hemi,RH_DorsAttnB_PostC_2,RH_SomMotA_4,DorsAttnB,SomMotA,right,right
137,126,0.004464285714285714,cross_network_same_hemi,RH_DorsAttnB_PostC_2,RH_SomMotB_S2_2,DorsAttnB,SomMotB,right,right
137,135,0.008928571428571428,cross_network_same_hemi,RH_DorsAttnB_PostC_2,RH_DorsAttnA_SPL_4,DorsAttnB,DorsAttnA,right,right
137,157,0.004464285714285714,cross_network_same_hemi,RH_DorsAttnB_PostC_2,RH_LimbicB_OFC_2,DorsAttnB,LimbicB,right,right
137,161,0.004464285714285714,cross_network_same_hemi,RH_DorsAttnB_PostC_2,RH_LimbicA_TempPole_2,DorsAttnB,LimbicA,right,right
137,164,0.004464285714285714,cross_network_same_hemi,RH_DorsAttnB_PostC_2,RH_ContA_IPS_1,DorsAttnB,ContA,right,right
137,168,0.004464285714285714,cross_network_same_hemi,RH_DorsAttnB_PostC_2,RH_ContA_PFCl_2,DorsAttnB,ContA,right,right
137,171,0.004464285714285714,cross_network_same_hemi,RH_DorsAttnB_PostC_2,RH_ContB_Temp_2,DorsAttnB,ContB,right,right
137,202,0.004464285714285714,cross_network_same_hemi,RH_DorsAttnB_PostC_2,lAMY-rh,DorsAttnB,Amygdala_lat,right,right
138,33,0.004464285714285714,cross_hemi_diff_network,RH_DorsAttnB_PostC_3,LH_DorsAttnA_SPL_3,DorsAttnB,DorsAttnA,right,left
138,56,0.004464285714285714,cross_hemi_diff_network,RH_DorsAttnB_PostC_3,LH_ContA_Temp_1,DorsAttnB,ContA,right,left
138,59,0.004464285714285714,cross_hemi_diff_network,RH_DorsAttnB_PostC_3,LH_ContA_IPS_3,DorsAttnB,ContA,right,left
138,133,0.004464285714285714,cross_network_same_hemi,RH_DorsAttnB_PostC_3,RH_DorsAttnA_SPL_2,DorsAttnB,DorsAttnA,right,right
138,147,0.004464285714285714,cross_network_same_hemi,RH_DorsAttnB_PostC_3,RH_SalVentAttnA_ParMed_1,DorsAttnB,SalVentAttnA,right,right
138,210,0.004464285714285714,cross_network_same_hemi,RH_DorsAttnB_PostC_3,pGP-rh,DorsAttnB,Pallidum_post,right,right
139,59,0.004464285714285714,cross_hemi_diff_network,RH_DorsAttnB_PostC_4,LH_ContA_IPS_3,DorsAttnB,ContA,right,left
139,116,0.004464285714285714,cross_network_same_hemi,RH_DorsAttnB_PostC_4,RH_SomMotA_5,DorsAttnB,SomMotA,right,right
139,118,0.004464285714285714,cross_network_same_hemi,RH_DorsAttnB_PostC_4,RH_SomMotA_7,DorsAttnB,SomMotA,right,right
139,134,0.004464285714285714,cross_network_same_hemi,RH_DorsAttnB_PostC_4,RH_DorsAttnA_SPL_3,DorsAttnB,DorsAttnA,right,right
139,202,0.004464285714285714,cross_network_same_hemi,RH_DorsAttnB_PostC_4,lAMY-rh,DorsAttnB,Amygdala_lat,right,right
139,207,0.004464285714285714,cross_network_same_hemi,RH_DorsAttnB_PostC_4,THA-DA-rh,DorsAttnB,Thalamus_DA,right,right
140,27,0.004464285714285714,cross_hemi_diff_network,RH_DorsAttnB_FEF_1,LH_SomMotB_Cent_2,DorsAttnB,SomMotB,right,left
140,31,0.004464285714285714,cross_hemi_diff_network,RH_DorsAttnB_FEF_1,LH_DorsAttnA_SPL_1,DorsAttnB,DorsAttnA,right,left
140,37,0.004464285714285714,within_network,RH_DorsAttnB_FEF_1,LH_DorsAttnB_PostC_4,DorsAttnB,DorsAttnB,right,left
140,54,0.004464285714285714,cross_hemi_diff_network,RH_DorsAttnB_FEF_1,LH_LimbicA_TempPole_3,DorsAttnB,LimbicA,right,left
140,55,0.004464285714285714,cross_hemi_diff_network,RH_DorsAttnB_FEF_1,LH_LimbicA_TempPole_4,DorsAttnB,LimbicA,right,left
140,60,0.004464285714285714,cross_hemi_diff_network,RH_DorsAttnB_FEF_1,LH_ContA_PFCd_1,DorsAttnB,ContA,right,left
140,100,0.004464285714285714,cross_network_same_hemi,RH_DorsAttnB_FEF_1,RH_VisCent_ExStr_1,DorsAttnB,VisCent,right,right
140,119,0.004464285714285714,cross_network_same_hemi,RH_DorsAttnB_FEF_1,RH_SomMotA_8,DorsAttnB,SomMotA,right,right
140,134,0.004464285714285714,cross_network_same_hemi,RH_DorsAttnB_FEF_1,RH_DorsAttnA_SPL_3,DorsAttnB,DorsAttnA,right,right
140,137,0.004464285714285714,within_network,RH_DorsAttnB_FEF_1,RH_DorsAttnB_PostC_2,DorsAttnB,DorsAttnB,right,right
140,151,0.008928571428571428,cross_network_same_hemi,RH_DorsAttnB_FEF_1,RH_SalVentAttnB_PFClv_1,DorsAttnB,SalVentAttnB,right,right
140,152,0.004464285714285714,cross_network_same_hemi,RH_DorsAttnB_FEF_1,RH_SalVentAttnB_PFCl_1,DorsAttnB,SalVentAttnB,right,right
140,154,0.004464285714285714,cross_network_same_hemi,RH_DorsAttnB_FEF_1,RH_SalVentAttnB_Ins_2,DorsAttnB,SalVentAttnB,right,right
140,183,0.004464285714285714,cross_network_same_hemi,RH_DorsAttnB_FEF_1,RH_DefaultA_IPL_1,DorsAttnB,DefaultA,right,right
140,192,0.004464285714285714,cross_network_same_hemi,RH_DorsAttnB_FEF_1,RH_DefaultB_PFCv_1,DorsAttnB,DefaultB,right,right
140,205,0.004464285714285714,cross_network_same_hemi,RH_DorsAttnB_FEF_1,THA-VP-rh,DorsAttnB,Thalamus_VP,right,right
140,211,0.004464285714285714,cross_network_same_hemi,RH_DorsAttnB_FEF_1,aGP-rh,DorsAttnB,Pallidum_ant,right,right
140,227,0.004464285714285714,cross_hemi_diff_network,RH_DorsAttnB_FEF_1,aGP-lh,DorsAttnB,Pallidum_ant,right,left
141,27,0.004464285714285714,cross_hemi_diff_network,RH_SalVentAttnA_ParOper_1,LH_SomMotB_Cent_2,SalVentAttnA,SomMotB,right,left
141,118,0.004464285714285714,cross_network_same_hemi,RH_SalVentAttnA_ParOper_1,RH_SomMotA_7,SalVentAttnA,SomMotA,right,right
141,136,0.004464285714285714,cross_network_same_hemi,RH_SalVentAttnA_ParOper_1,RH_DorsAttnB_PostC_1,SalVentAttnA,DorsAttnB,right,right
141,211,0.004464285714285714,cross_network_same_hemi,RH_SalVentAttnA_ParOper_1,aGP-rh,SalVentAttnA,Pallidum_ant,right,right
142,27,0.008928571428571428,cross_hemi_diff_network,RH_SalVentAttnA_PrC_1,LH_SomMotB_Cent_2,SalVentAttnA,SomMotB,right,left
142,35,0.004464285714285714,cross_hemi_diff_network,RH_SalVentAttnA_PrC_1,LH_DorsAttnB_PostC_2,SalVentAttnA,DorsAttnB,right,left
142,40,0.008928571428571428,within_network,RH_SalVentAttnA_PrC_1,LH_SalVentAttnA_Ins_1,SalVentAttnA,SalVentAttnA,right,left
142,41,0.004464285714285714,within_network,RH_SalVentAttnA_PrC_1,LH_SalVentAttnA_FrOper_1,SalVentAttnA,SalVentAttnA,right,left
142,45,0.004464285714285714,within_network,RH_SalVentAttnA_PrC_1,LH_SalVentAttnA_FrMed_2,SalVentAttnA,SalVentAttnA,right,left
142,55,0.004464285714285714,cross_hemi_diff_network,RH_SalVentAttnA_PrC_1,LH_LimbicA_TempPole_4,SalVentAttnA,LimbicA,right,left
142,62,0.004464285714285714,cross_hemi_diff_network,RH_SalVentAttnA_PrC_1,LH_ContA_PFCl_1,SalVentAttnA,ContA,right,left
142,63,0.004464285714285714,cross_hemi_diff_network,RH_SalVentAttnA_PrC_1,LH_ContA_PFCl_2,SalVentAttnA,ContA,right,left
142,92,0.004464285714285714,cross_hemi_diff_network,RH_SalVentAttnA_PrC_1,LH_DefaultB_PFCv_2,SalVentAttnA,DefaultB,right,left
142,119,0.004464285714285714,cross_network_same_hemi,RH_SalVentAttnA_PrC_1,RH_SomMotA_8,SalVentAttnA,SomMotA,right,right
142,125,0.004464285714285714,cross_network_same_hemi,RH_SalVentAttnA_PrC_1,RH_SomMotB_S2_1,SalVentAttnA,SomMotB,right,right
142,130,0.004464285714285714,cross_network_same_hemi,RH_SalVentAttnA_PrC_1,RH_DorsAttnA_TempOcc_1,SalVentAttnA,DorsAttnA,right,right
142,136,0.004464285714285714,cross_network_same_hemi,RH_SalVentAttnA_PrC_1,RH_DorsAttnB_PostC_1,SalVentAttnA,DorsAttnB,right,right
142,137,0.004464285714285714,cross_network_same_hemi,RH_SalVentAttnA_PrC_1,RH_DorsAttnB_PostC_2,SalVentAttnA,DorsAttnB,right,right
142,140,0.008928571428571428,cross_network_same_hemi,RH_SalVentAttnA_PrC_1,RH_DorsAttnB_FEF_1,SalVentAttnA,DorsAttnB,right,right
142,143,0.004464285714285714,within_network,RH_SalVentAttnA_PrC_1,RH_SalVentAttnA_Ins_1,SalVentAttnA,SalVentAttnA,right,right
142,146,0.008928571428571428,within_network,RH_SalVentAttnA_PrC_1,RH_SalVentAttnA_FrMed_1,SalVentAttnA,SalVentAttnA,right,right
142,152,0.004464285714285714,cross_network_same_hemi,RH_SalVentAttnA_PrC_1,RH_SalVentAttnB_PFCl_1,SalVentAttnA,SalVentAttnB,right,right
142,161,0.004464285714285714,cross_network_same_hemi,RH_SalVentAttnA_PrC_1,RH_LimbicA_TempPole_2,SalVentAttnA,LimbicA,right,right
142,163,0.004464285714285714,cross_network_same_hemi,RH_SalVentAttnA_PrC_1,RH_LimbicA_TempPole_4,SalVentAttnA,LimbicA,right,right
142,167,0.008928571428571428,cross_network_same_hemi,RH_SalVentAttnA_PrC_1,RH_ContA_PFCl_1,SalVentAttnA,ContA,right,right
142,171,0.004464285714285714,cross_network_same_hemi,RH_SalVentAttnA_PrC_1,RH_ContB_Temp_2,SalVentAttnA,ContB,right,right
142,197,0.008928571428571428,cross_network_same_hemi,RH_SalVentAttnA_PrC_1,RH_TempPar_2,SalVentAttnA,TempPar,right,right
142,202,0.004464285714285714,cross_network_same_hemi,RH_SalVentAttnA_PrC_1,lAMY-rh,SalVentAttnA,Amygdala_lat,right,right
142,205,0.008928571428571428,cross_network_same_hemi,RH_SalVentAttnA_PrC_1,THA-VP-rh,SalVentAttnA,Thalamus_VP,right,right
142,211,0.004464285714285714,cross_network_same_hemi,RH_SalVentAttnA_PrC_1,aGP-rh,SalVentAttnA,Pallidum_ant,right,right
142,223,0.004464285714285714,cross_hemi_diff_network,RH_SalVentAttnA_PrC_1,THA-DA-lh,SalVentAttnA,Thalamus_DA,right,left
142,226,0.004464285714285714,cross_hemi_diff_network,RH_SalVentAttnA_PrC_1,pGP-lh,SalVentAttnA,Pallidum_post,right,left
142,227,0.008928571428571428,cross_hemi_diff_network,RH_SalVentAttnA_PrC_1,aGP-lh,SalVentAttnA,Pallidum_ant,right,left
142,231,0.004464285714285714,cross_hemi_diff_network,RH_SalVentAttnA_PrC_1,pCAU-lh,SalVentAttnA,Caudate_post,right,left
143,8,0.008928571428571428,cross_hemi_diff_network,RH_SalVentAttnA_Ins_1,LH_VisPeri_ExStrInf_3,SalVentAttnA,VisPeri,right,left
143,15,0.004464285714285714,cross_hemi_diff_network,RH_SalVentAttnA_Ins_1,LH_SomMotA_4,SalVentAttnA,SomMotA,right,left
143,20,0.004464285714285714,cross_hemi_diff_network,RH_SalVentAttnA_Ins_1,LH_SomMotB_Aud_1,SalVentAttnA,SomMotB,right,left
143,22,0.004464285714285714,cross_hemi_diff_network,RH_SalVentAttnA_Ins_1,LH_SomMotB_S2_1,SalVentAttnA,SomMotB,right,left
143,25,0.004464285714285714,cross_hemi_diff_network,RH_SalVentAttnA_Ins_1,LH_SomMotB_S2_3,SalVentAttnA,SomMotB,right,left
143,30,0.008928571428571428,cross_hemi_diff_network,RH_SalVentAttnA_Ins_1,LH_DorsAttnA_ParOcc_1,SalVentAttnA,DorsAttnA,right,left
143,46,0.004464285714285714,cross_hemi_diff_network,RH_SalVentAttnA_Ins_1,LH_SalVentAttnB_IPL_1,SalVentAttnA,SalVentAttnB,right,left
143,65,0.004464285714285714,cross_hemi_diff_network,RH_SalVentAttnA_Ins_1,LH_ContA_Cingm_1,SalVentAttnA,ContA,right,left
143,94,0.004464285714285714,cross_hemi_diff_network,RH_SalVentAttnA_Ins_1,LH_DefaultB_PFCv_4,SalVentAttnA,DefaultB,right,left
143,98,0.004464285714285714,cross_hemi_diff_network,RH_SalVentAttnA_Ins_1,LH_TempPar_1,SalVentAttnA,TempPar,right,left
143,142,0.008928571428571428,within_network,RH_SalVentAttnA_Ins_1,RH_SalVentAttnA_PrC_1,SalVentAttnA,SalVentAttnA,right,right
143,146,0.004464285714285714,within_network,RH_SalVentAttnA_Ins_1,RH_SalVentAttnA_FrMed_1,SalVentAttnA,SalVentAttnA,right,right
143,147,0.004464285714285714,within_network,RH_SalVentAttnA_Ins_1,RH_SalVentAttnA_ParMed_1,SalVentAttnA,SalVentAttnA,right,right
143,148,0.004464285714285714,within_network,RH_SalVentAttnA_Ins_1,RH_SalVentAttnA_ParMed_2,SalVentAttnA,SalVentAttnA,right,right
143,150,0.004464285714285714,cross_network_same_hemi,RH_SalVentAttnA_Ins_1,RH_SalVentAttnB_IPL_1,SalVentAttnA,SalVentAttnB,right,right
143,160,0.004464285714285714,cross_network_same_hemi,RH_SalVentAttnA_Ins_1,RH_LimbicA_TempPole_1,SalVentAttnA,LimbicA,right,right
143,161,0.004464285714285714,cross_network_same_hemi,RH_SalVentAttnA_Ins_1,RH_LimbicA_TempPole_2,SalVentAttnA,LimbicA,right,right
143,167,0.004464285714285714,cross_network_same_hemi,RH_SalVentAttnA_Ins_1,RH_ContA_PFCl_1,SalVentAttnA,ContA,right,right
143,183,0.004464285714285714,cross_network_same_hemi,RH_SalVentAttnA_Ins_1,RH_DefaultA_IPL_1,SalVentAttnA,DefaultA,right,right
143,197,0.004464285714285714,cross_network_same_hemi,RH_SalVentAttnA_Ins_1,RH_TempPar_2,SalVentAttnA,TempPar,right,right
143,198,0.004464285714285714,cross_network_same_hemi,RH_SalVentAttnA_Ins_1,RH_TempPar_3,SalVentAttnA,TempPar,right,right
143,204,0.004464285714285714,cross_network_same_hemi,RH_SalVentAttnA_Ins_1,THA-DP-rh,SalVentAttnA,Thalamus_DP,right,right
143,205,0.004464285714285714,cross_network_same_hemi,RH_SalVentAttnA_Ins_1,THA-VP-rh,SalVentAttnA,Thalamus_VP,right,right
143,208,0.004464285714285714,cross_network_same_hemi,RH_SalVentAttnA_Ins_1,NAc-shell-rh,SalVentAttnA,Accumbens_shell,right,right
143,210,0.013392857142857142,cross_network_same_hemi,RH_SalVentAttnA_Ins_1,pGP-rh,SalVentAttnA,Pallidum_post,right,right
143,211,0.004464285714285714,cross_network_same_hemi,RH_SalVentAttnA_Ins_1,aGP-rh,SalVentAttnA,Pallidum_ant,right,right
143,218,0.004464285714285714,cross_hemi_diff_network,RH_SalVentAttnA_Ins_1,lAMY-lh,SalVentAttnA,Amygdala_lat,right,left
143,221,0.004464285714285714,cross_hemi_diff_network,RH_SalVentAttnA_Ins_1,THA-VP-lh,SalVentAttnA,Thalamus_VP,right,left
143,226,0.004464285714285714,cross_hemi_diff_network,RH_SalVentAttnA_Ins_1,pGP-lh,SalVentAttnA,Pallidum_post,right,left
143,227,0.008928571428571428,cross_hemi_diff_network,RH_SalVentAttnA_Ins_1,aGP-lh,SalVentAttnA,Pallidum_ant,right,left
143,228,0.004464285714285714,cross_hemi_diff_network,RH_SalVentAttnA_Ins_1,aPUT-lh,SalVentAttnA,Putamen_ant,right,left
144,22,0.008928571428571428,cross_hemi_diff_network,RH_SalVentAttnA_Ins_2,LH_SomMotB_S2_1,SalVentAttnA,SomMotB,right,left
144,24,0.004464285714285714,cross_hemi_diff_network,RH_SalVentAttnA_Ins_2,LH_SomMotB_Aud_3,SalVentAttnA,SomMotB,right,left
144,40,0.004464285714285714,within_network,RH_SalVentAttnA_Ins_2,LH_SalVentAttnA_Ins_1,SalVentAttnA,SalVentAttnA,right,left
144,46,0.004464285714285714,cross_hemi_diff_network,RH_SalVentAttnA_Ins_2,LH_SalVentAttnB_IPL_1,SalVentAttnA,SalVentAttnB,right,left
144,55,0.022321428571428572,cross_hemi_diff_network,RH_SalVentAttnA_Ins_2,LH_LimbicA_TempPole_4,SalVentAttnA,LimbicA,right,left
144,142,0.008928571428571428,within_network,RH_SalVentAttnA_Ins_2,RH_SalVentAttnA_PrC_1,SalVentAttnA,SalVentAttnA,right,right
144,154,0.004464285714285714,cross_network_same_hemi,RH_SalVentAttnA_Ins_2,RH_SalVentAttnB_Ins_2,SalVentAttnA,SalVentAttnB,right,right
144,198,0.004464285714285714,cross_network_same_hemi,RH_SalVentAttnA_Ins_2,RH_TempPar_3,SalVentAttnA,TempPar,right,right
144,199,0.004464285714285714,cross_network_same_hemi,RH_SalVentAttnA_Ins_2,RH_TempPar_4,SalVentAttnA,TempPar,right,right
144,208,0.004464285714285714,cross_network_same_hemi,RH_SalVentAttnA_Ins_2,NAc-shell-rh,SalVentAttnA,Accumbens_shell,right,right
144,210,0.004464285714285714,cross_network_same_hemi,RH_SalVentAttnA_Ins_2,pGP-rh,SalVentAttnA,Pallidum_post,right,right
144,213,0.004464285714285714,cross_network_same_hemi,RH_SalVentAttnA_Ins_2,pPUT-rh,SalVentAttnA,Putamen_post,right,right
144,219,0.004464285714285714,cross_hemi_diff_network,RH_SalVentAttnA_Ins_2,mAMY-lh,SalVentAttnA,Amygdala_med,right,left
144,223,0.004464285714285714,cross_hemi_diff_network,RH_SalVentAttnA_Ins_2,THA-DA-lh,SalVentAttnA,Thalamus_DA,right,left
144,226,0.004464285714285714,cross_hemi_diff_network,RH_SalVentAttnA_Ins_2,pGP-lh,SalVentAttnA,Pallidum_post,right,left
145,22,0.004464285714285714,cross_hemi_diff_network,RH_SalVentAttnA_FrOper_1,LH_SomMotB_S2_1,SalVentAttnA,SomMotB,right,left
145,55,0.004464285714285714,cross_hemi_diff_network,RH_SalVentAttnA_FrOper_1,LH_LimbicA_TempPole_4,SalVentAttnA,LimbicA,right,left
145,123,0.004464285714285714,cross_network_same_hemi,RH_SalVentAttnA_FrOper_1,RH_SomMotB_Aud_1,SalVentAttnA,SomMotB,right,right
145,142,0.004464285714285714,within_network,RH_SalVentAttnA_FrOper_1,RH_SalVentAttnA_PrC_1,SalVentAttnA,SalVentAttnA,right,right
146,38,0.004464285714285714,cross_hemi_diff_network,RH_SalVentAttnA_FrMed_1,LH_DorsAttnB_FEF_1,SalVentAttnA,DorsAttnB,right,left
146,42,0.004464285714285714,within_network,RH_SalVentAttnA_FrMed_1,LH_SalVentAttnA_FrOper_2,SalVentAttnA,SalVentAttnA,right,left
146,116,0.004464285714285714,cross_network_same_hemi,RH_SalVentAttnA_FrMed_1,RH_SomMotA_5,SalVentAttnA,SomMotA,right,right
146,148,0.004464285714285714,within_network,RH_SalVentAttnA_FrMed_1,RH_SalVentAttnA_ParMed_2,SalVentAttnA,SalVentAttnA,right,right
146,153,0.004464285714285714,cross_network_same_hemi,RH_SalVentAttnA_FrMed_1,RH_SalVentAttnB_Ins_1,SalVentAttnA,SalVentAttnB,right,right
146,209,0.004464285714285714,cross_network_same_hemi,RH_SalVentAttnA_FrMed_1,NAc-core-rh,SalVentAttnA,Accumbens_core,right,right
146,227,0.004464285714285714,cross_hemi_diff_network,RH_SalVentAttnA_FrMed_1,aGP-lh,SalVentAttnA,Pallidum_ant,right,left
147,14,0.004464285714285714,cross_hemi_diff_network,RH_SalVentAttnA_ParMed_1,LH_SomMotA_3,SalVentAttnA,SomMotA,right,left
147,19,0.004464285714285714,cross_hemi_diff_network,RH_SalVentAttnA_ParMed_1,LH_SomMotA_8,SalVentAttnA,SomMotA,right,left
147,22,0.004464285714285714,cross_hemi_diff_network,RH_SalVentAttnA_ParMed_1,LH_SomMotB_S2_1,SalVentAttnA,SomMotB,right,left
147,36,0.004464285714285714,cross_hemi_diff_network,RH_SalVentAttnA_ParMed_1,LH_DorsAttnB_PostC_3,SalVentAttnA,DorsAttnB,right,left
147,38,0.004464285714285714,cross_hemi_diff_network,RH_SalVentAttnA_ParMed_1,LH_DorsAttnB_FEF_1,SalVentAttnA,DorsAttnB,right,left
147,39,0.004464285714285714,within_network,RH_SalVentAttnA_ParMed_1,LH_SalVentAttnA_ParOper_1,SalVentAttnA,SalVentAttnA,right,left
147,47,0.004464285714285714,cross_hemi_diff_network,RH_SalVentAttnA_ParMed_1,LH_SalVentAttnB_PFCl_1,SalVentAttnA,SalVentAttnB,right,left
147,53,0.004464285714285714,cross_hemi_diff_network,RH_SalVentAttnA_ParMed_1,LH_LimbicA_TempPole_2,SalVentAttnA,LimbicA,right,left
147,55,0.008928571428571428,cross_hemi_diff_network,RH_SalVentAttnA_ParMed_1,LH_LimbicA_TempPole_4,SalVentAttnA,LimbicA,right,left
147,72,0.004464285714285714,cross_hemi_diff_network,RH_SalVentAttnA_ParMed_1,LH_ContC_pCun_2,SalVentAttnA,ContC,right,left
147,113,0.004464285714285714,cross_network_same_hemi,RH_SalVentAttnA_ParMed_1,RH_SomMotA_2,SalVentAttnA,SomMotA,right,right
147,115,0.004464285714285714,cross_network_same_hemi,RH_SalVentAttnA_ParMed_1,RH_SomMotA_4,SalVentAttnA,SomMotA,right,right
147,122,0.004464285714285714,cross_network_same_hemi,RH_SalVentAttnA_ParMed_1,RH_SomMotA_11,SalVentAttnA,SomMotA,right,right
147,137,0.004464285714285714,cross_network_same_hemi,RH_SalVentAttnA_ParMed_1,RH_DorsAttnB_PostC_2,SalVentAttnA,DorsAttnB,right,right
147,142,0.004464285714285714,within_network,RH_SalVentAttnA_ParMed_1,RH_SalVentAttnA_PrC_1,SalVentAttnA,SalVentAttnA,right,right
147,143,0.004464285714285714,within_network,RH_SalVentAttnA_ParMed_1,RH_SalVentAttnA_Ins_1,SalVentAttnA,SalVentAttnA,right,right
147,150,0.004464285714285714,cross_network_same_hemi,RH_SalVentAttnA_ParMed_1,RH_SalVentAttnB_IPL_1,SalVentAttnA,SalVentAttnB,right,right
147,187,0.004464285714285714,cross_network_same_hemi,RH_SalVentAttnA_ParMed_1,RH_DefaultA_PFCm_2,SalVentAttnA,DefaultA,right,right
147,199,0.008928571428571428,cross_network_same_hemi,RH_SalVentAttnA_ParMed_1,RH_TempPar_4,SalVentAttnA,TempPar,right,right
147,204,0.004464285714285714,cross_network_same_hemi,RH_SalVentAttnA_ParMed_1,THA-DP-rh,SalVentAttnA,Thalamus_DP,right,right
147,205,0.004464285714285714,cross_network_same_hemi,RH_SalVentAttnA_ParMed_1,THA-VP-rh,SalVentAttnA,Thalamus_VP,right,right
147,211,0.008928571428571428,cross_network_same_hemi,RH_SalVentAttnA_ParMed_1,aGP-rh,SalVentAttnA,Pallidum_ant,right,right
147,212,0.004464285714285714,cross_network_same_hemi,RH_SalVentAttnA_ParMed_1,aPUT-rh,SalVentAttnA,Putamen_ant,right,right
147,224,0.004464285714285714,cross_hemi_diff_network,RH_SalVentAttnA_ParMed_1,NAc-shell-lh,SalVentAttnA,Accumbens_shell,right,left
147,226,0.013392857142857142,cross_hemi_diff_network,RH_SalVentAttnA_ParMed_1,pGP-lh,SalVentAttnA,Pallidum_post,right,left
147,227,0.008928571428571428,cross_hemi_diff_network,RH_SalVentAttnA_ParMed_1,aGP-lh,SalVentAttnA,Pallidum_ant,right,left
148,17,0.004464285714285714,cross_hemi_diff_network,RH_SalVentAttnA_ParMed_2,LH_SomMotA_6,SalVentAttnA,SomMotA,right,left
148,37,0.004464285714285714,cross_hemi_diff_network,RH_SalVentAttnA_ParMed_2,LH_DorsAttnB_PostC_4,SalVentAttnA,DorsAttnB,right,left
148,38,0.004464285714285714,cross_hemi_diff_network,RH_SalVentAttnA_ParMed_2,LH_DorsAttnB_FEF_1,SalVentAttnA,DorsAttnB,right,left
148,40,0.004464285714285714,within_network,RH_SalVentAttnA_ParMed_2,LH_SalVentAttnA_Ins_1,SalVentAttnA,SalVentAttnA,right,left
148,45,0.004464285714285714,within_network,RH_SalVentAttnA_ParMed_2,LH_SalVentAttnA_FrMed_2,SalVentAttnA,SalVentAttnA,right,left
148,56,0.004464285714285714,cross_hemi_diff_network,RH_SalVentAttnA_ParMed_2,LH_ContA_Temp_1,SalVentAttnA,ContA,right,left
148,147,0.004464285714285714,within_network,RH_SalVentAttnA_ParMed_2,RH_SalVentAttnA_ParMed_1,SalVentAttnA,SalVentAttnA,right,right
148,152,0.004464285714285714,cross_network_same_hemi,RH_SalVentAttnA_ParMed_2,RH_SalVentAttnB_PFCl_1,SalVentAttnA,SalVentAttnB,right,right
148,181,0.004464285714285714,cross_network_same_hemi,RH_SalVentAttnA_ParMed_2,RH_ContC_pCun_2,SalVentAttnA,ContC,right,right
148,187,0.004464285714285714,cross_network_same_hemi,RH_SalVentAttnA_ParMed_2,RH_DefaultA_PFCm_2,SalVentAttnA,DefaultA,right,right
148,204,0.004464285714285714,cross_network_same_hemi,RH_SalVentAttnA_ParMed_2,THA-DP-rh,SalVentAttnA,Thalamus_DP,right,right
148,210,0.004464285714285714,cross_network_same_hemi,RH_SalVentAttnA_ParMed_2,pGP-rh,SalVentAttnA,Pallidum_post,right,right
148,220,0.004464285714285714,cross_hemi_diff_network,RH_SalVentAttnA_ParMed_2,THA-DP-lh,SalVentAttnA,Thalamus_DP,right,left
149,41,0.004464285714285714,within_network,RH_SalVentAttnA_FrMed_2,LH_SalVentAttnA_FrOper_1,SalVentAttnA,SalVentAttnA,right,left
149,63,0.008928571428571428,cross_hemi_diff_network,RH_SalVentAttnA_FrMed_2,LH_ContA_PFCl_2,SalVentAttnA,ContA,right,left
149,92,0.004464285714285714,cross_hemi_diff_network,RH_SalVentAttnA_FrMed_2,LH_DefaultB_PFCv_2,SalVentAttnA,DefaultB,right,left
149,94,0.004464285714285714,cross_hemi_diff_network,RH_SalVentAttnA_FrMed_2,LH_DefaultB_PFCv_4,SalVentAttnA,DefaultB,right,left
149,119,0.008928571428571428,cross_network_same_hemi,RH_SalVentAttnA_FrMed_2,RH_SomMotA_8,SalVentAttnA,SomMotA,right,right
149,142,0.004464285714285714,within_network,RH_SalVentAttnA_FrMed_2,RH_SalVentAttnA_PrC_1,SalVentAttnA,SalVentAttnA,right,right
149,162,0.004464285714285714,cross_network_same_hemi,RH_SalVentAttnA_FrMed_2,RH_LimbicA_TempPole_3,SalVentAttnA,LimbicA,right,right
149,187,0.004464285714285714,cross_network_same_hemi,RH_SalVentAttnA_FrMed_2,RH_DefaultA_PFCm_2,SalVentAttnA,DefaultA,right,right
149,203,0.004464285714285714,cross_network_same_hemi,RH_SalVentAttnA_FrMed_2,mAMY-rh,SalVentAttnA,Amygdala_med,right,right
149,208,0.004464285714285714,cross_network_same_hemi,RH_SalVentAttnA_FrMed_2,NAc-shell-rh,SalVentAttnA,Accumbens_shell,right,right
149,227,0.004464285714285714,cross_hemi_diff_network,RH_SalVentAttnA_FrMed_2,aGP-lh,SalVentAttnA,Pallidum_ant,right,left
149,229,0.004464285714285714,cross_hemi_diff_network,RH_SalVentAttnA_FrMed_2,pPUT-lh,SalVentAttnA,Putamen_post,right,left
149,231,0.004464285714285714,cross_hemi_diff_network,RH_SalVentAttnA_FrMed_2,pCAU-lh,SalVentAttnA,Caudate_post,right,left
150,48,0.004464285714285714,within_network,RH_SalVentAttnB_IPL_1,LH_SalVentAttnB_Ins_1,SalVentAttnB,SalVentAttnB,right,left
150,61,0.004464285714285714,cross_hemi_diff_network,RH_SalVentAttnB_IPL_1,LH_ContA_PFClv_1,SalVentAttnB,ContA,right,left
150,70,0.004464285714285714,cross_hemi_diff_network,RH_SalVentAttnB_IPL_1,LH_ContB_PFClv_2,SalVentAttnB,ContB,right,left
150,86,0.004464285714285714,cross_hemi_diff_network,RH_SalVentAttnB_IPL_1,LH_DefaultB_IPL_1,SalVentAttnB,DefaultB,right,left
150,94,0.004464285714285714,cross_hemi_diff_network,RH_SalVentAttnB_IPL_1,LH_DefaultB_PFCv_4,SalVentAttnB,DefaultB,right,left
150,141,0.004464285714285714,cross_network_same_hemi,RH_SalVentAttnB_IPL_1,RH_SalVentAttnA_ParOper_1,SalVentAttnB,SalVentAttnA,right,right
150,143,0.008928571428571428,cross_network_same_hemi,RH_SalVentAttnB_IPL_1,RH_SalVentAttnA_Ins_1,SalVentAttnB,SalVentAttnA,right,right
150,152,0.004464285714285714,within_network,RH_SalVentAttnB_IPL_1,RH_SalVentAttnB_PFCl_1,SalVentAttnB,SalVentAttnB,right,right
150,168,0.004464285714285714,cross_network_same_hemi,RH_SalVentAttnB_IPL_1,RH_ContA_PFCl_2,SalVentAttnB,ContA,right,right
150,171,0.004464285714285714,cross_network_same_hemi,RH_SalVentAttnB_IPL_1,RH_ContB_Temp_2,SalVentAttnB,ContB,right,right
150,173,0.004464285714285714,cross_network_same_hemi,RH_SalVentAttnB_IPL_1,RH_ContB_IPL_2,SalVentAttnB,ContB,right,right
150,183,0.008928571428571428,cross_network_same_hemi,RH_SalVentAttnB_IPL_1,RH_DefaultA_IPL_1,SalVentAttnB,DefaultA,right,right
150,203,0.004464285714285714,cross_network_same_hemi,RH_SalVentAttnB_IPL_1,mAMY-rh,SalVentAttnB,Amygdala_med,right,right
150,206,0.004464285714285714,cross_network_same_hemi,RH_SalVentAttnB_IPL_1,THA-VA-rh,SalVentAttnB,Thalamus_VA,right,right
150,210,0.008928571428571428,cross_network_same_hemi,RH_SalVentAttnB_IPL_1,pGP-rh,SalVentAttnB,Pallidum_post,right,right
150,211,0.004464285714285714,cross_network_same_hemi,RH_SalVentAttnB_IPL_1,aGP-rh,SalVentAttnB,Pallidum_ant,right,right
150,227,0.004464285714285714,cross_hemi_diff_network,RH_SalVentAttnB_IPL_1,aGP-lh,SalVentAttnB,Pallidum_ant,right,left
151,48,0.004464285714285714,within_network,RH_SalVentAttnB_PFClv_1,LH_SalVentAttnB_Ins_1,SalVentAttnB,SalVentAttnB,right,left
151,66,0.004464285714285714,cross_hemi_diff_network,RH_SalVentAttnB_PFClv_1,LH_ContB_Temp_1,SalVentAttnB,ContB,right,left
151,92,0.004464285714285714,cross_hemi_diff_network,RH_SalVentAttnB_PFClv_1,LH_DefaultB_PFCv_2,SalVentAttnB,DefaultB,right,left
151,142,0.004464285714285714,cross_network_same_hemi,RH_SalVentAttnB_PFClv_1,RH_SalVentAttnA_PrC_1,SalVentAttnB,SalVentAttnA,right,right
151,150,0.004464285714285714,within_network,RH_SalVentAttnB_PFClv_1,RH_SalVentAttnB_IPL_1,SalVentAttnB,SalVentAttnB,right,right
151,159,0.004464285714285714,cross_network_same_hemi,RH_SalVentAttnB_PFClv_1,RH_LimbicB_OFC_4,SalVentAttnB,LimbicB,right,right
151,164,0.004464285714285714,cross_network_same_hemi,RH_SalVentAttnB_PFClv_1,RH_ContA_IPS_1,SalVentAttnB,ContA,right,right
151,167,0.004464285714285714,cross_network_same_hemi,RH_SalVentAttnB_PFClv_1,RH_ContA_PFCl_1,SalVentAttnB,ContA,right,right
151,168,0.008928571428571428,cross_network_same_hemi,RH_SalVentAttnB_PFClv_1,RH_ContA_PFCl_2,SalVentAttnB,ContA,right,right
151,171,0.008928571428571428,cross_network_same_hemi,RH_SalVentAttnB_PFClv_1,RH_ContB_Temp_2,SalVentAttnB,ContB,right,right
151,174,0.004464285714285714,cross_network_same_hemi,RH_SalVentAttnB_PFClv_1,RH_ContB_PFCld_1,SalVentAttnB,ContB,right,right
151,227,0.004464285714285714,cross_hemi_diff_network,RH_SalVentAttnB_PFClv_1,aGP-lh,SalVentAttnB,Pallidum_ant,right,left
151,229,0.004464285714285714,cross_hemi_diff_network,RH_SalVentAttnB_PFClv_1,pPUT-lh,SalVentAttnB,Putamen_post,right,left
152,46,0.004464285714285714,within_network,RH_SalVentAttnB_PFCl_1,LH_SalVentAttnB_IPL_1,SalVentAttnB,SalVentAttnB,right,left
152,48,0.004464285714285714,within_network,RH_SalVentAttnB_PFCl_1,LH_SalVentAttnB_Ins_1,SalVentAttnB,SalVentAttnB,right,left
152,52,0.004464285714285714,cross_hemi_diff_network,RH_SalVentAttnB_PFCl_1,LH_LimbicA_TempPole_1,SalVentAttnB,LimbicA,right,left
152,70,0.004464285714285714,cross_hemi_diff_network,RH_SalVentAttnB_PFCl_1,LH_ContB_PFClv_2,SalVentAttnB,ContB,right,left
152,88,0.004464285714285714,cross_hemi_diff_network,RH_SalVentAttnB_PFCl_1,LH_DefaultB_PFCd_2,SalVentAttnB,DefaultB,right,left
152,150,0.004464285714285714,within_network,RH_SalVentAttnB_PFCl_1,RH_SalVentAttnB_IPL_1,SalVentAttnB,SalVentAttnB,right,right
152,174,0.004464285714285714,cross_network_same_hemi,RH_SalVentAttnB_PFCl_1,RH_ContB_PFCld_1,SalVentAttnB,ContB,right,right
152,175,0.004464285714285714,cross_network_same_hemi,RH_SalVentAttnB_PFCl_1,RH_ContB_PFCld_2,SalVentAttnB,ContB,right,right
152,184,0.004464285714285714,cross_network_same_hemi,RH_SalVentAttnB_PFCl_1,RH_DefaultA_PFCd_1,SalVentAttnB,DefaultA,right,right
152,187,0.008928571428571428,cross_network_same_hemi,RH_SalVentAttnB_PFCl_1,RH_DefaultA_PFCm_2,SalVentAttnB,DefaultA,right,right
152,205,0.004464285714285714,cross_network_same_hemi,RH_SalVentAttnB_PFCl_1,THA-VP-rh,SalVentAttnB,Thalamus_VP,right,right
153,50,0.004464285714285714,cross_hemi_diff_network,RH_SalVentAttnB_Ins_1,LH_LimbicB_OFC_1,SalVentAttnB,LimbicB,right,left
153,55,0.004464285714285714,cross_hemi_diff_network,RH_SalVentAttnB_Ins_1,LH_LimbicA_TempPole_4,SalVentAttnB,LimbicA,right,left
153,70,0.017857142857142856,cross_hemi_diff_network,RH_SalVentAttnB_Ins_1,LH_ContB_PFClv_2,SalVentAttnB,ContB,right,left
153,93,0.004464285714285714,cross_hemi_diff_network,RH_SalVentAttnB_Ins_1,LH_DefaultB_PFCv_3,SalVentAttnB,DefaultB,right,left
153,140,0.004464285714285714,cross_network_same_hemi,RH_SalVentAttnB_Ins_1,RH_DorsAttnB_FEF_1,SalVentAttnB,DorsAttnB,right,right
153,143,0.004464285714285714,cross_network_same_hemi,RH_SalVentAttnB_Ins_1,RH_SalVentAttnA_Ins_1,SalVentAttnB,SalVentAttnA,right,right
153,151,0.004464285714285714,within_network,RH_SalVentAttnB_Ins_1,RH_SalVentAttnB_PFClv_1,SalVentAttnB,SalVentAttnB,right,right
153,168,0.004464285714285714,cross_network_same_hemi,RH_SalVentAttnB_Ins_1,RH_ContA_PFCl_2,SalVentAttnB,ContA,right,right
153,176,0.004464285714285714,cross_network_same_hemi,RH_SalVentAttnB_Ins_1,RH_ContB_PFClv_1,SalVentAttnB,ContB,right,right
153,178,0.004464285714285714,cross_network_same_hemi,RH_SalVentAttnB_Ins_1,RH_ContB_PFCmp_1,SalVentAttnB,ContB,right,right
153,187,0.017857142857142856,cross_network_same_hemi,RH_SalVentAttnB_Ins_1,RH_DefaultA_PFCm_2,SalVentAttnB,DefaultA,right,right
153,189,0.004464285714285714,cross_network_same_hemi,RH_SalVentAttnB_Ins_1,RH_DefaultB_Temp_1,SalVentAttnB,DefaultB,right,right
153,208,0.004464285714285714,cross_network_same_hemi,RH_SalVentAttnB_Ins_1,NAc-shell-rh,SalVentAttnB,Accumbens_shell,right,right
153,210,0.008928571428571428,cross_network_same_hemi,RH_SalVentAttnB_Ins_1,pGP-rh,SalVentAttnB,Pallidum_post,right,right
153,214,0.004464285714285714,cross_network_same_hemi,RH_SalVentAttnB_Ins_1,aCAU-rh,SalVentAttnB,Caudate_ant,right,right
153,227,0.017857142857142856,cross_hemi_diff_network,RH_SalVentAttnB_Ins_1,aGP-lh,SalVentAttnB,Pallidum_ant,right,left
153,231,0.004464285714285714,cross_hemi_diff_network,RH_SalVentAttnB_Ins_1,pCAU-lh,SalVentAttnB,Caudate_post,right,left
154,40,0.004464285714285714,cross_hemi_diff_network,RH_SalVentAttnB_Ins_2,LH_SalVentAttnA_Ins_1,SalVentAttnB,SalVentAttnA,right,left
154,42,0.004464285714285714,cross_hemi_diff_network,RH_SalVentAttnB_Ins_2,LH_SalVentAttnA_FrOper_2,SalVentAttnB,SalVentAttnA,right,left
154,55,0.004464285714285714,cross_hemi_diff_network,RH_SalVentAttnB_Ins_2,LH_LimbicA_TempPole_4,SalVentAttnB,LimbicA,right,left
154,127,0.004464285714285714,cross_network_same_hemi,RH_SalVentAttnB_Ins_2,RH_SomMotB_S2_3,SalVentAttnB,SomMotB,right,right
154,142,0.008928571428571428,cross_network_same_hemi,RH_SalVentAttnB_Ins_2,RH_SalVentAttnA_PrC_1,SalVentAttnB,SalVentAttnA,right,right
154,211,0.008928571428571428,cross_network_same_hemi,RH_SalVentAttnB_Ins_2,aGP-rh,SalVentAttnB,Pallidum_ant,right,right
154,214,0.004464285714285714,cross_network_same_hemi,RH_SalVentAttnB_Ins_2,aCAU-rh,SalVentAttnB,Caudate_ant,right,right
154,226,0.004464285714285714,cross_hemi_diff_network,RH_SalVentAttnB_Ins_2,pGP-lh,SalVentAttnB,Pallidum_post,right,left
155,47,0.004464285714285714,within_network,RH_SalVentAttnB_PFCmp_1,LH_SalVentAttnB_PFCl_1,SalVentAttnB,SalVentAttnB,right,left
155,52,0.004464285714285714,cross_hemi_diff_network,RH_SalVentAttnB_PFCmp_1,LH_LimbicA_TempPole_1,SalVentAttnB,LimbicA,right,left
155,61,0.004464285714285714,cross_hemi_diff_network,RH_SalVentAttnB_PFCmp_1,LH_ContA_PFClv_1,SalVentAttnB,ContA,right,left
155,70,0.004464285714285714,cross_hemi_diff_network,RH_SalVentAttnB_PFCmp_1,LH_ContB_PFClv_2,SalVentAttnB,ContB,right,left
155,71,0.004464285714285714,cross_hemi_diff_network,RH_SalVentAttnB_PFCmp_1,LH_ContC_pCun_1,SalVentAttnB,ContC,right,left
155,153,0.004464285714285714,within_network,RH_SalVentAttnB_PFCmp_1,RH_SalVentAttnB_Ins_1,SalVentAttnB,SalVentAttnB,right,right
155,174,0.004464285714285714,cross_network_same_hemi,RH_SalVentAttnB_PFCmp_1,RH_ContB_PFCld_1,SalVentAttnB,ContB,right,right
155,177,0.004464285714285714,cross_network_same_hemi,RH_SalVentAttnB_PFCmp_1,RH_ContB_PFClv_2,SalVentAttnB,ContB,right,right
155,187,0.017857142857142856,cross_network_same_hemi,RH_SalVentAttnB_PFCmp_1,RH_DefaultA_PFCm_2,SalVentAttnB,DefaultA,right,right
155,201,0.004464285714285714,cross_network_same_hemi,RH_SalVentAttnB_PFCmp_1,pHIP-rh,SalVentAttnB,Hippocampus_post,right,right
156,8,0.004464285714285714,cross_hemi_diff_network,RH_LimbicB_OFC_1,LH_VisPeri_ExStrInf_3,LimbicB,VisPeri,right,left
156,40,0.004464285714285714,cross_hemi_diff_network,RH_LimbicB_OFC_1,LH_SalVentAttnA_Ins_1,LimbicB,SalVentAttnA,right,left
156,54,0.004464285714285714,cross_hemi_diff_network,RH_LimbicB_OFC_1,LH_LimbicA_TempPole_3,LimbicB,LimbicA,right,left
156,76,0.004464285714285714,cross_hemi_diff_network,RH_LimbicB_OFC_1,LH_DefaultA_pCunPCC_1,LimbicB,DefaultA,right,left
156,140,0.004464285714285714,cross_network_same_hemi,RH_LimbicB_OFC_1,RH_DorsAttnB_FEF_1,LimbicB,DorsAttnB,right,right
156,143,0.004464285714285714,cross_network_same_hemi,RH_LimbicB_OFC_1,RH_SalVentAttnA_Ins_1,LimbicB,SalVentAttnA,right,right
156,152,0.004464285714285714,cross_network_same_hemi,RH_LimbicB_OFC_1,RH_SalVentAttnB_PFCl_1,LimbicB,SalVentAttnB,right,right
156,160,0.004464285714285714,cross_network_same_hemi,RH_LimbicB_OFC_1,RH_LimbicA_TempPole_1,LimbicB,LimbicA,right,right
156,161,0.008928571428571428,cross_network_same_hemi,RH_LimbicB_OFC_1,RH_LimbicA_TempPole_2,LimbicB,LimbicA,right,right
156,162,0.004464285714285714,cross_network_same_hemi,RH_LimbicB_OFC_1,RH_LimbicA_TempPole_3,LimbicB,LimbicA,right,right
156,204,0.004464285714285714,cross_network_same_hemi,RH_LimbicB_OFC_1,THA-DP-rh,LimbicB,Thalamus_DP,right,right
156,208,0.004464285714285714,cross_network_same_hemi,RH_LimbicB_OFC_1,NAc-shell-rh,LimbicB,Accumbens_shell,right,right
156,209,0.004464285714285714,cross_network_same_hemi,RH_LimbicB_OFC_1,NAc-core-rh,LimbicB,Accumbens_core,right,right
156,210,0.008928571428571428,cross_network_same_hemi,RH_LimbicB_OFC_1,pGP-rh,LimbicB,Pallidum_post,right,right
156,217,0.008928571428571428,cross_hemi_diff_network,RH_LimbicB_OFC_1,pHIP-lh,LimbicB,Hippocampus_post,right,left
156,218,0.004464285714285714,cross_hemi_diff_network,RH_LimbicB_OFC_1,lAMY-lh,LimbicB,Amygdala_lat,right,left
156,220,0.004464285714285714,cross_hemi_diff_network,RH_LimbicB_OFC_1,THA-DP-lh,LimbicB,Thalamus_DP,right,left
156,224,0.008928571428571428,cross_hemi_diff_network,RH_LimbicB_OFC_1,NAc-shell-lh,LimbicB,Accumbens_shell,right,left
157,50,0.008928571428571428,within_network,RH_LimbicB_OFC_2,LH_LimbicB_OFC_1,LimbicB,LimbicB,right,left
157,55,0.004464285714285714,cross_hemi_diff_network,RH_LimbicB_OFC_2,LH_LimbicA_TempPole_4,LimbicB,LimbicA,right,left
157,86,0.004464285714285714,cross_hemi_diff_network,RH_LimbicB_OFC_2,LH_DefaultB_IPL_1,LimbicB,DefaultB,right,left
157,90,0.004464285714285714,cross_hemi_diff_network,RH_LimbicB_OFC_2,LH_DefaultB_PFCd_4,LimbicB,DefaultB,right,left
157,143,0.004464285714285714,cross_network_same_hemi,RH_LimbicB_OFC_2,RH_SalVentAttnA_Ins_1,LimbicB,SalVentAttnA,right,right
157,156,0.004464285714285714,within_network,RH_LimbicB_OFC_2,RH_LimbicB_OFC_1,LimbicB,LimbicB,right,right
157,159,0.004464285714285714,within_network,RH_LimbicB_OFC_2,RH_LimbicB_OFC_4,LimbicB,LimbicB,right,right
157,160,0.004464285714285714,cross_network_same_hemi,RH_LimbicB_OFC_2,RH_LimbicA_TempPole_1,LimbicB,LimbicA,right,right
157,187,0.004464285714285714,cross_network_same_hemi,RH_LimbicB_OFC_2,RH_DefaultA_PFCm_2,LimbicB,DefaultA,right,right
157,198,0.004464285714285714,cross_network_same_hemi,RH_LimbicB_OFC_2,RH_TempPar_3,LimbicB,TempPar,right,right
157,204,0.004464285714285714,cross_network_same_hemi,RH_LimbicB_OFC_2,THA-DP-rh,LimbicB,Thalamus_DP,right,right
157,208,0.004464285714285714,cross_network_same_hemi,RH_LimbicB_OFC_2,NAc-shell-rh,LimbicB,Accumbens_shell,right,right
157,209,0.004464285714285714,cross_network_same_hemi,RH_LimbicB_OFC_2,NAc-core-rh,LimbicB,Accumbens_core,right,right
157,211,0.008928571428571428,cross_network_same_hemi,RH_LimbicB_OFC_2,aGP-rh,LimbicB,Pallidum_ant,right,right
157,225,0.004464285714285714,cross_hemi_diff_network,RH_LimbicB_OFC_2,NAc-core-lh,LimbicB,Accumbens_core,right,left
157,227,0.004464285714285714,cross_hemi_diff_network,RH_LimbicB_OFC_2,aGP-lh,LimbicB,Pallidum_ant,right,left
158,70,0.004464285714285714,cross_hemi_diff_network,RH_LimbicB_OFC_3,LH_ContB_PFClv_2,LimbicB,ContB,right,left
158,187,0.004464285714285714,cross_network_same_hemi,RH_LimbicB_OFC_3,RH_DefaultA_PFCm_2,LimbicB,DefaultA,right,right
158,202,0.004464285714285714,cross_network_same_hemi,RH_LimbicB_OFC_3,lAMY-rh,LimbicB,Amygdala_lat,right,right
158,220,0.004464285714285714,cross_hemi_diff_network,RH_LimbicB_OFC_3,THA-DP-lh,LimbicB,Thalamus_DP,right,left
158,224,0.004464285714285714,cross_hemi_diff_network,RH_LimbicB_OFC_3,NAc-shell-lh,LimbicB,Accumbens_shell,right,left
159,50,0.008928571428571428,within_network,RH_LimbicB_OFC_4,LH_LimbicB_OFC_1,LimbicB,LimbicB,right,left
159,51,0.008928571428571428,within_network,RH_LimbicB_OFC_4,LH_LimbicB_OFC_2,LimbicB,LimbicB,right,left
159,79,0.004464285714285714,cross_hemi_diff_network,RH_LimbicB_OFC_4,LH_DefaultA_PFCm_1,LimbicB,DefaultA,right,left
159,83,0.004464285714285714,cross_hemi_diff_network,RH_LimbicB_OFC_4,LH_DefaultB_Temp_2,LimbicB,DefaultB,right,left
159,92,0.004464285714285714,cross_hemi_diff_network,RH_LimbicB_OFC_4,LH_DefaultB_PFCv_2,LimbicB,DefaultB,right,left
159,160,0.004464285714285714,cross_network_same_hemi,RH_LimbicB_OFC_4,RH_LimbicA_TempPole_1,LimbicB,LimbicA,right,right
159,161,0.004464285714285714,cross_network_same_hemi,RH_LimbicB_OFC_4,RH_LimbicA_TempPole_2,LimbicB,LimbicA,right,right
159,162,0.004464285714285714,cross_network_same_hemi,RH_LimbicB_OFC_4,RH_LimbicA_TempPole_3,LimbicB,LimbicA,right,right
159,169,0.004464285714285714,cross_network_same_hemi,RH_LimbicB_OFC_4,RH_ContA_Cingm_1,LimbicB,ContA,right,right
159,174,0.004464285714285714,cross_network_same_hemi,RH_LimbicB_OFC_4,RH_ContB_PFCld_1,LimbicB,ContB,right,right
159,178,0.004464285714285714,cross_network_same_hemi,RH_LimbicB_OFC_4,RH_ContB_PFCmp_1,LimbicB,ContB,right,right
159,184,0.004464285714285714,cross_network_same_hemi,RH_LimbicB_OFC_4,RH_DefaultA_PFCd_1,LimbicB,DefaultA,right,right
159,201,0.004464285714285714,cross_network_same_hemi,RH_LimbicB_OFC_4,pHIP-rh,LimbicB,Hippocampus_post,right,right
159,203,0.004464285714285714,cross_network_same_hemi,RH_LimbicB_OFC_4,mAMY-rh,LimbicB,Amygdala_med,right,right
159,211,0.004464285714285714,cross_network_same_hemi,RH_LimbicB_OFC_4,aGP-rh,LimbicB,Pallidum_ant,right,right
159,219,0.004464285714285714,cross_hemi_diff_network,RH_LimbicB_OFC_4,mAMY-lh,LimbicB,Amygdala_med,right,left
159,226,0.008928571428571428,cross_hemi_diff_network,RH_LimbicB_OFC_4,pGP-lh,LimbicB,Pallidum_post,right,left
160,28,0.004464285714285714,cross_hemi_diff_network,RH_LimbicA_TempPole_1,LH_DorsAttnA_TempOcc_1,LimbicA,DorsAttnA,right,left
160,50,0.013392857142857142,cross_hemi_diff_network,RH_LimbicA_TempPole_1,LH_LimbicB_OFC_1,LimbicA,LimbicB,right,left
160,53,0.013392857142857142,within_network,RH_LimbicA_TempPole_1,LH_LimbicA_TempPole_2,LimbicA,LimbicA,right,left
160,55,0.013392857142857142,within_network,RH_LimbicA_TempPole_1,LH_LimbicA_TempPole_4,LimbicA,LimbicA,right,left
160,84,0.004464285714285714,cross_hemi_diff_network,RH_LimbicA_TempPole_1,LH_DefaultB_Temp_3,LimbicA,DefaultB,right,left
160,101,0.004464285714285714,cross_network_same_hemi,RH_LimbicA_TempPole_1,RH_VisCent_ExStr_2,LimbicA,VisCent,right,right
160,126,0.004464285714285714,cross_network_same_hemi,RH_LimbicA_TempPole_1,RH_SomMotB_S2_2,LimbicA,SomMotB,right,right
160,128,0.004464285714285714,cross_network_same_hemi,RH_LimbicA_TempPole_1,RH_SomMotB_S2_4,LimbicA,SomMotB,right,right
160,157,0.008928571428571428,cross_network_same_hemi,RH_LimbicA_TempPole_1,RH_LimbicB_OFC_2,LimbicA,LimbicB,right,right
160,162,0.004464285714285714,within_network,RH_LimbicA_TempPole_1,RH_LimbicA_TempPole_3,LimbicA,LimbicA,right,right
160,187,0.013392857142857142,cross_network_same_hemi,RH_LimbicA_TempPole_1,RH_DefaultA_PFCm_2,LimbicA,DefaultA,right,right
160,196,0.008928571428571428,cross_network_same_hemi,RH_LimbicA_TempPole_1,RH_TempPar_1,LimbicA,TempPar,right,right
160,200,0.004464285714285714,cross_network_same_hemi,RH_LimbicA_TempPole_1,aHIP-rh,LimbicA,Hippocampus_ant,right,right
160,201,0.008928571428571428,cross_network_same_hemi,RH_LimbicA_TempPole_1,pHIP-rh,LimbicA,Hippocampus_post,right,right
160,202,0.008928571428571428,cross_network_same_hemi,RH_LimbicA_TempPole_1,lAMY-rh,LimbicA,Amygdala_lat,right,right
160,205,0.004464285714285714,cross_network_same_hemi,RH_LimbicA_TempPole_1,THA-VP-rh,LimbicA,Thalamus_VP,right,right
160,210,0.004464285714285714,cross_network_same_hemi,RH_LimbicA_TempPole_1,pGP-rh,LimbicA,Pallidum_post,right,right
160,217,0.004464285714285714,cross_hemi_diff_network,RH_LimbicA_TempPole_1,pHIP-lh,LimbicA,Hippocampus_post,right,left
160,218,0.008928571428571428,cross_hemi_diff_network,RH_LimbicA_TempPole_1,lAMY-lh,LimbicA,Amygdala_lat,right,left
160,219,0.004464285714285714,cross_hemi_diff_network,RH_LimbicA_TempPole_1,mAMY-lh,LimbicA,Amygdala_med,right,left
161,8,0.004464285714285714,cross_hemi_diff_network,RH_LimbicA_TempPole_2,LH_VisPeri_ExStrInf_3,LimbicA,VisPeri,right,left
161,24,0.004464285714285714,cross_hemi_diff_network,RH_LimbicA_TempPole_2,LH_SomMotB_Aud_3,LimbicA,SomMotB,right,left
161,50,0.008928571428571428,cross_hemi_diff_network,RH_LimbicA_TempPole_2,LH_LimbicB_OFC_1,LimbicA,LimbicB,right,left
161,52,0.004464285714285714,within_network,RH_LimbicA_TempPole_2,LH_LimbicA_TempPole_1,LimbicA,LimbicA,right,left
161,54,0.03125,within_network,RH_LimbicA_TempPole_2,LH_LimbicA_TempPole_3,LimbicA,LimbicA,right,left
161,55,0.004464285714285714,within_network,RH_LimbicA_TempPole_2,LH_LimbicA_TempPole_4,LimbicA,LimbicA,right,left
161,80,0.004464285714285714,cross_hemi_diff_network,RH_LimbicA_TempPole_2,LH_DefaultA_PFCm_2,LimbicA,DefaultA,right,left
161,83,0.008928571428571428,cross_hemi_diff_network,RH_LimbicA_TempPole_2,LH_DefaultB_Temp_2,LimbicA,DefaultB,right,left
161,85,0.004464285714285714,cross_hemi_diff_network,RH_LimbicA_TempPole_2,LH_DefaultB_Temp_4,LimbicA,DefaultB,right,left
161,90,0.004464285714285714,cross_hemi_diff_network,RH_LimbicA_TempPole_2,LH_DefaultB_PFCd_4,LimbicA,DefaultB,right,left
161,92,0.004464285714285714,cross_hemi_diff_network,RH_LimbicA_TempPole_2,LH_DefaultB_PFCv_2,LimbicA,DefaultB,right,left
161,93,0.004464285714285714,cross_hemi_diff_network,RH_LimbicA_TempPole_2,LH_DefaultB_PFCv_3,LimbicA,DefaultB,right,left
161,157,0.013392857142857142,cross_network_same_hemi,RH_LimbicA_TempPole_2,RH_LimbicB_OFC_2,LimbicA,LimbicB,right,right
161,160,0.008928571428571428,within_network,RH_LimbicA_TempPole_2,RH_LimbicA_TempPole_1,LimbicA,LimbicA,right,right
161,162,0.008928571428571428,within_network,RH_LimbicA_TempPole_2,RH_LimbicA_TempPole_3,LimbicA,LimbicA,right,right
161,176,0.008928571428571428,cross_network_same_hemi,RH_LimbicA_TempPole_2,RH_ContB_PFClv_1,LimbicA,ContB,right,right
161,187,0.013392857142857142,cross_network_same_hemi,RH_LimbicA_TempPole_2,RH_DefaultA_PFCm_2,LimbicA,DefaultA,right,right
161,193,0.004464285714285714,cross_network_same_hemi,RH_LimbicA_TempPole_2,RH_DefaultC_IPL_1,LimbicA,DefaultC,right,right
161,202,0.004464285714285714,cross_network_same_hemi,RH_LimbicA_TempPole_2,lAMY-rh,LimbicA,Amygdala_lat,right,right
161,204,0.004464285714285714,cross_network_same_hemi,RH_LimbicA_TempPole_2,THA-DP-rh,LimbicA,Thalamus_DP,right,right
161,213,0.004464285714285714,cross_network_same_hemi,RH_LimbicA_TempPole_2,pPUT-rh,LimbicA,Putamen_post,right,right
161,226,0.008928571428571428,cross_hemi_diff_network,RH_LimbicA_TempPole_2,pGP-lh,LimbicA,Pallidum_post,right,left
161,227,0.004464285714285714,cross_hemi_diff_network,RH_LimbicA_TempPole_2,aGP-lh,LimbicA,Pallidum_ant,right,left
161,231,0.004464285714285714,cross_hemi_diff_network,RH_LimbicA_TempPole_2,pCAU-lh,LimbicA,Caudate_post,right,left
162,51,0.004464285714285714,cross_hemi_diff_network,RH_LimbicA_TempPole_3,LH_LimbicB_OFC_2,LimbicA,LimbicB,right,left
162,54,0.017857142857142856,within_network,RH_LimbicA_TempPole_3,LH_LimbicA_TempPole_3,LimbicA,LimbicA,right,left
162,55,0.004464285714285714,within_network,RH_LimbicA_TempPole_3,LH_LimbicA_TempPole_4,LimbicA,LimbicA,right,left
162,64,0.004464285714285714,cross_hemi_diff_network,RH_LimbicA_TempPole_3,LH_ContA_PFCl_3,LimbicA,ContA,right,left
162,92,0.004464285714285714,cross_hemi_diff_network,RH_LimbicA_TempPole_3,LH_DefaultB_PFCv_2,LimbicA,DefaultB,right,left
162,103,0.004464285714285714,cross_network_same_hemi,RH_LimbicA_TempPole_3,RH_VisCent_ExStr_3,LimbicA,VisCent,right,right
162,137,0.004464285714285714,cross_network_same_hemi,RH_LimbicA_TempPole_3,RH_DorsAttnB_PostC_2,LimbicA,DorsAttnB,right,right
162,160,0.008928571428571428,within_network,RH_LimbicA_TempPole_3,RH_LimbicA_TempPole_1,LimbicA,LimbicA,right,right
162,195,0.004464285714285714,cross_network_same_hemi,RH_LimbicA_TempPole_3,RH_DefaultC_PHC_1,LimbicA,DefaultC,right,right
162,200,0.004464285714285714,cross_network_same_hemi,RH_LimbicA_TempPole_3,aHIP-rh,LimbicA,Hippocampus_ant,right,right
162,201,0.022321428571428572,cross_network_same_hemi,RH_LimbicA_TempPole_3,pHIP-rh,LimbicA,Hippocampus_post,right,right
162,202,0.013392857142857142,cross_network_same_hemi,RH_LimbicA_TempPole_3,lAMY-rh,LimbicA,Amygdala_lat,right,right
162,208,0.004464285714285714,cross_network_same_hemi,RH_LimbicA_TempPole_3,NAc-shell-rh,LimbicA,Accumbens_shell,right,right
162,209,0.004464285714285714,cross_network_same_hemi,RH_LimbicA_TempPole_3,NAc-core-rh,LimbicA,Accumbens_core,right,right
162,210,0.004464285714285714,cross_network_same_hemi,RH_LimbicA_TempPole_3,pGP-rh,LimbicA,Pallidum_post,right,right
162,211,0.013392857142857142,cross_network_same_hemi,RH_LimbicA_TempPole_3,aGP-rh,LimbicA,Pallidum_ant,right,right
162,216,0.008928571428571428,cross_hemi_diff_network,RH_LimbicA_TempPole_3,aHIP-lh,LimbicA,Hippocampus_ant,right,left
162,217,0.013392857142857142,cross_hemi_diff_network,RH_LimbicA_TempPole_3,pHIP-lh,LimbicA,Hippocampus_post,right,left
162,218,0.022321428571428572,cross_hemi_diff_network,RH_LimbicA_TempPole_3,lAMY-lh,LimbicA,Amygdala_lat,right,left
162,219,0.017857142857142856,cross_hemi_diff_network,RH_LimbicA_TempPole_3,mAMY-lh,LimbicA,Amygdala_med,right,left
162,221,0.004464285714285714,cross_hemi_diff_network,RH_LimbicA_TempPole_3,THA-VP-lh,LimbicA,Thalamus_VP,right,left
162,223,0.004464285714285714,cross_hemi_diff_network,RH_LimbicA_TempPole_3,THA-DA-lh,LimbicA,Thalamus_DA,right,left
162,226,0.008928571428571428,cross_hemi_diff_network,RH_LimbicA_TempPole_3,pGP-lh,LimbicA,Pallidum_post,right,left
162,227,0.004464285714285714,cross_hemi_diff_network,RH_LimbicA_TempPole_3,aGP-lh,LimbicA,Pallidum_ant,right,left
163,0,0.004464285714285714,cross_hemi_diff_network,RH_LimbicA_TempPole_4,LH_VisCent_ExStr_2,LimbicA,VisCent,right,left
163,29,0.004464285714285714,cross_hemi_diff_network,RH_LimbicA_TempPole_4,LH_DorsAttnA_TempOcc_2,LimbicA,DorsAttnA,right,left
163,30,0.004464285714285714,cross_hemi_diff_network,RH_LimbicA_TempPole_4,LH_DorsAttnA_ParOcc_1,LimbicA,DorsAttnA,right,left
163,33,0.004464285714285714,cross_hemi_diff_network,RH_LimbicA_TempPole_4,LH_DorsAttnA_SPL_3,LimbicA,DorsAttnA,right,left
163,52,0.004464285714285714,within_network,RH_LimbicA_TempPole_4,LH_LimbicA_TempPole_1,LimbicA,LimbicA,right,left
163,55,0.004464285714285714,within_network,RH_LimbicA_TempPole_4,LH_LimbicA_TempPole_4,LimbicA,LimbicA,right,left
163,56,0.004464285714285714,cross_hemi_diff_network,RH_LimbicA_TempPole_4,LH_ContA_Temp_1,LimbicA,ContA,right,left
163,142,0.004464285714285714,cross_network_same_hemi,RH_LimbicA_TempPole_4,RH_SalVentAttnA_PrC_1,LimbicA,SalVentAttnA,right,right
163,156,0.004464285714285714,cross_network_same_hemi,RH_LimbicA_TempPole_4,RH_LimbicB_OFC_1,LimbicA,LimbicB,right,right
163,162,0.008928571428571428,within_network,RH_LimbicA_TempPole_4,RH_LimbicA_TempPole_3,LimbicA,LimbicA,right,right
163,201,0.004464285714285714,cross_network_same_hemi,RH_LimbicA_TempPole_4,pHIP-rh,LimbicA,Hippocampus_post,right,right
163,211,0.004464285714285714,cross_network_same_hemi,RH_LimbicA_TempPole_4,aGP-rh,LimbicA,Pallidum_ant,right,right
163,212,0.004464285714285714,cross_network_same_hemi,RH_LimbicA_TempPole_4,aPUT-rh,LimbicA,Putamen_ant,right,right
163,215,0.004464285714285714,cross_network_same_hemi,RH_LimbicA_TempPole_4,pCAU-rh,LimbicA,Caudate_post,right,right
163,218,0.008928571428571428,cross_hemi_diff_network,RH_LimbicA_TempPole_4,lAMY-lh,LimbicA,Amygdala_lat,right,left
163,219,0.008928571428571428,cross_hemi_diff_network,RH_LimbicA_TempPole_4,mAMY-lh,LimbicA,Amygdala_med,right,left
163,221,0.004464285714285714,cross_hemi_diff_network,RH_LimbicA_TempPole_4,THA-VP-lh,LimbicA,Thalamus_VP,right,left
163,227,0.004464285714285714,cross_hemi_diff_network,RH_LimbicA_TempPole_4,aGP-lh,LimbicA,Pallidum_ant,right,left
164,29,0.004464285714285714,cross_hemi_diff_network,RH_ContA_IPS_1,LH_DorsAttnA_TempOcc_2,ContA,DorsAttnA,right,left
164,101,0.004464285714285714,cross_network_same_hemi,RH_ContA_IPS_1,RH_VisCent_ExStr_2,ContA,VisCent,right,right
164,135,0.004464285714285714,cross_network_same_hemi,RH_ContA_IPS_1,RH_DorsAttnA_SPL_4,ContA,DorsAttnA,right,right
164,159,0.004464285714285714,cross_network_same_hemi,RH_ContA_IPS_1,RH_LimbicB_OFC_4,ContA,LimbicB,right,right
164,183,0.008928571428571428,cross_network_same_hemi,RH_ContA_IPS_1,RH_DefaultA_IPL_1,ContA,DefaultA,right,right
164,187,0.004464285714285714,cross_network_same_hemi,RH_ContA_IPS_1,RH_DefaultA_PFCm_2,ContA,DefaultA,right,right
164,221,0.004464285714285714,cross_hemi_diff_network,RH_ContA_IPS_1,THA-VP-lh,ContA,Thalamus_VP,right,left
165,31,0.004464285714285714,cross_hemi_diff_network,RH_ContA_IPS_2,LH_DorsAttnA_SPL_1,ContA,DorsAttnA,right,left
165,33,0.004464285714285714,cross_hemi_diff_network,RH_ContA_IPS_2,LH_DorsAttnA_SPL_3,ContA,DorsAttnA,right,left
165,34,0.004464285714285714,cross_hemi_diff_network,RH_ContA_IPS_2,LH_DorsAttnB_PostC_1,ContA,DorsAttnB,right,left
165,65,0.004464285714285714,within_network,RH_ContA_IPS_2,LH_ContA_Cingm_1,ContA,ContA,right,left
165,116,0.004464285714285714,cross_network_same_hemi,RH_ContA_IPS_2,RH_SomMotA_5,ContA,SomMotA,right,right
165,171,0.004464285714285714,cross_network_same_hemi,RH_ContA_IPS_2,RH_ContB_Temp_2,ContA,ContB,right,right
166,34,0.004464285714285714,cross_hemi_diff_network,RH_ContA_PFCd_1,LH_DorsAttnB_PostC_1,ContA,DorsAttnB,right,left
166,43,0.004464285714285714,cross_hemi_diff_network,RH_ContA_PFCd_1,LH_SalVentAttnA_ParMed_1,ContA,SalVentAttnA,right,left
166,57,0.004464285714285714,within_network,RH_ContA_PFCd_1,LH_ContA_IPS_1,ContA,ContA,right,left
166,58,0.004464285714285714,within_network,RH_ContA_PFCd_1,LH_ContA_IPS_2,ContA,ContA,right,left
166,67,0.004464285714285714,cross_hemi_diff_network,RH_ContA_PFCd_1,LH_ContB_IPL_1,ContA,ContB,right,left
166,134,0.004464285714285714,cross_network_same_hemi,RH_ContA_PFCd_1,RH_DorsAttnA_SPL_3,ContA,DorsAttnA,right,right
166,140,0.004464285714285714,cross_network_same_hemi,RH_ContA_PFCd_1,RH_DorsAttnB_FEF_1,ContA,DorsAttnB,right,right
166,142,0.004464285714285714,cross_network_same_hemi,RH_ContA_PFCd_1,RH_SalVentAttnA_PrC_1,ContA,SalVentAttnA,right,right
166,148,0.004464285714285714,cross_network_same_hemi,RH_ContA_PFCd_1,RH_SalVentAttnA_ParMed_2,ContA,SalVentAttnA,right,right
166,150,0.004464285714285714,cross_network_same_hemi,RH_ContA_PFCd_1,RH_SalVentAttnB_IPL_1,ContA,SalVentAttnB,right,right
166,159,0.008928571428571428,cross_network_same_hemi,RH_ContA_PFCd_1,RH_LimbicB_OFC_4,ContA,LimbicB,right,right
166,162,0.004464285714285714,cross_network_same_hemi,RH_ContA_PFCd_1,RH_LimbicA_TempPole_3,ContA,LimbicA,right,right
166,171,0.004464285714285714,cross_network_same_hemi,RH_ContA_PFCd_1,RH_ContB_Temp_2,ContA,ContB,right,right
166,175,0.004464285714285714,cross_network_same_hemi,RH_ContA_PFCd_1,RH_ContB_PFCld_2,ContA,ContB,right,right
166,183,0.004464285714285714,cross_network_same_hemi,RH_ContA_PFCd_1,RH_DefaultA_IPL_1,ContA,DefaultA,right,right
166,184,0.004464285714285714,cross_network_same_hemi,RH_ContA_PFCd_1,RH_DefaultA_PFCd_1,ContA,DefaultA,right,right
166,211,0.004464285714285714,cross_network_same_hemi,RH_ContA_PFCd_1,aGP-rh,ContA,Pallidum_ant,right,right
166,218,0.004464285714285714,cross_hemi_diff_network,RH_ContA_PFCd_1,lAMY-lh,ContA,Amygdala_lat,right,left
167,22,0.004464285714285714,cross_hemi_diff_network,RH_ContA_PFCl_1,LH_SomMotB_S2_1,ContA,SomMotB,right,left
167,28,0.004464285714285714,cross_hemi_diff_network,RH_ContA_PFCl_1,LH_DorsAttnA_TempOcc_1,ContA,DorsAttnA,right,left
167,40,0.004464285714285714,cross_hemi_diff_network,RH_ContA_PFCl_1,LH_SalVentAttnA_Ins_1,ContA,SalVentAttnA,right,left
167,55,0.004464285714285714,cross_hemi_diff_network,RH_ContA_PFCl_1,LH_LimbicA_TempPole_4,ContA,LimbicA,right,left
167,63,0.004464285714285714,within_network,RH_ContA_PFCl_1,LH_ContA_PFCl_2,ContA,ContA,right,left
167,93,0.004464285714285714,cross_hemi_diff_network,RH_ContA_PFCl_1,LH_DefaultB_PFCv_3,ContA,DefaultB,right,left
167,137,0.004464285714285714,cross_network_same_hemi,RH_ContA_PFCl_1,RH_DorsAttnB_PostC_2,ContA,DorsAttnB,right,right
167,142,0.004464285714285714,cross_network_same_hemi,RH_ContA_PFCl_1,RH_SalVentAttnA_PrC_1,ContA,SalVentAttnA,right,right
167,173,0.004464285714285714,cross_network_same_hemi,RH_ContA_PFCl_1,RH_ContB_IPL_2,ContA,ContB,right,right
167,174,0.004464285714285714,cross_network_same_hemi,RH_ContA_PFCl_1,RH_ContB_PFCld_1,ContA,ContB,right,right
167,175,0.004464285714285714,cross_network_same_hemi,RH_ContA_PFCl_1,RH_ContB_PFCld_2,ContA,ContB,right,right
167,176,0.004464285714285714,cross_network_same_hemi,RH_ContA_PFCl_1,RH_ContB_PFClv_1,ContA,ContB,right,right
167,210,0.004464285714285714,cross_network_same_hemi,RH_ContA_PFCl_1,pGP-rh,ContA,Pallidum_post,right,right
167,211,0.004464285714285714,cross_network_same_hemi,RH_ContA_PFCl_1,aGP-rh,ContA,Pallidum_ant,right,right
168,50,0.004464285714285714,cross_hemi_diff_network,RH_ContA_PFCl_2,LH_LimbicB_OFC_1,ContA,LimbicB,right,left
168,53,0.004464285714285714,cross_hemi_diff_network,RH_ContA_PFCl_2,LH_LimbicA_TempPole_2,ContA,LimbicA,right,left
168,56,0.004464285714285714,within_network,RH_ContA_PFCl_2,LH_ContA_Temp_1,ContA,ContA,right,left
168,63,0.004464285714285714,within_network,RH_ContA_PFCl_2,LH_ContA_PFCl_2,ContA,ContA,right,left
168,65,0.004464285714285714,within_network,RH_ContA_PFCl_2,LH_ContA_Cingm_1,ContA,ContA,right,left
168,152,0.004464285714285714,cross_network_same_hemi,RH_ContA_PFCl_2,RH_SalVentAttnB_PFCl_1,ContA,SalVentAttnB,right,right
168,171,0.008928571428571428,cross_network_same_hemi,RH_ContA_PFCl_2,RH_ContB_Temp_2,ContA,ContB,right,right
168,174,0.004464285714285714,cross_network_same_hemi,RH_ContA_PFCl_2,RH_ContB_PFCld_1,ContA,ContB,right,right
168,187,0.004464285714285714,cross_network_same_hemi,RH_ContA_PFCl_2,RH_DefaultA_PFCm_2,ContA,DefaultA,right,right
168,198,0.004464285714285714,cross_network_same_hemi,RH_ContA_PFCl_2,RH_TempPar_3,ContA,TempPar,right,right
168,199,0.004464285714285714,cross_network_same_hemi,RH_ContA_PFCl_2,RH_TempPar_4,ContA,TempPar,right,right
168,218,0.004464285714285714,cross_hemi_diff_network,RH_ContA_PFCl_2,lAMY-lh,ContA,Amygdala_lat,right,left
168,226,0.004464285714285714,cross_hemi_diff_network,RH_ContA_PFCl_2,pGP-lh,ContA,Pallidum_post,right,left
168,227,0.004464285714285714,cross_hemi_diff_network,RH_ContA_PFCl_2,aGP-lh,ContA,Pallidum_ant,right,left
169,54,0.004464285714285714,cross_hemi_diff_network,RH_ContA_Cingm_1,LH_LimbicA_TempPole_3,ContA,LimbicA,right,left
169,61,0.004464285714285714,within_network,RH_ContA_Cingm_1,LH_ContA_PFClv_1,ContA,ContA,right,left
169,63,0.008928571428571428,within_network,RH_ContA_Cingm_1,LH_ContA_PFCl_2,ContA,ContA,right,left
169,64,0.008928571428571428,within_network,RH_ContA_Cingm_1,LH_ContA_PFCl_3,ContA,ContA,right,left
169,143,0.004464285714285714,cross_network_same_hemi,RH_ContA_Cingm_1,RH_SalVentAttnA_Ins_1,ContA,SalVentAttnA,right,right
169,171,0.004464285714285714,cross_network_same_hemi,RH_ContA_Cingm_1,RH_ContB_Temp_2,ContA,ContB,right,right
169,173,0.004464285714285714,cross_network_same_hemi,RH_ContA_Cingm_1,RH_ContB_IPL_2,ContA,ContB,right,right
169,187,0.004464285714285714,cross_network_same_hemi,RH_ContA_Cingm_1,RH_DefaultA_PFCm_2,ContA,DefaultA,right,right
169,210,0.004464285714285714,cross_network_same_hemi,RH_ContA_Cingm_1,pGP-rh,ContA,Pallidum_post,right,right
169,211,0.004464285714285714,cross_network_same_hemi,RH_ContA_Cingm_1,aGP-rh,ContA,Pallidum_ant,right,right
169,217,0.008928571428571428,cross_hemi_diff_network,RH_ContA_Cingm_1,pHIP-lh,ContA,Hippocampus_post,right,left
170,47,0.004464285714285714,cross_hemi_diff_network,RH_ContB_Temp_1,LH_SalVentAttnB_PFCl_1,ContB,SalVentAttnB,right,left
170,52,0.008928571428571428,cross_hemi_diff_network,RH_ContB_Temp_1,LH_LimbicA_TempPole_1,ContB,LimbicA,right,left
170,54,0.004464285714285714,cross_hemi_diff_network,RH_ContB_Temp_1,LH_LimbicA_TempPole_3,ContB,LimbicA,right,left
170,55,0.008928571428571428,cross_hemi_diff_network,RH_ContB_Temp_1,LH_LimbicA_TempPole_4,ContB,LimbicA,right,left
170,77,0.004464285714285714,cross_hemi_diff_network,RH_ContB_Temp_1,LH_DefaultA_pCunPCC_2,ContB,DefaultA,right,left
170,82,0.004464285714285714,cross_hemi_diff_network,RH_ContB_Temp_1,LH_DefaultB_Temp_1,ContB,DefaultB,right,left
170,179,0.004464285714285714,within_network,RH_ContB_Temp_1,RH_ContB_PFCld_3,ContB,ContB,right,right
170,210,0.004464285714285714,cross_network_same_hemi,RH_ContB_Temp_1,pGP-rh,ContB,Pallidum_post,right,right
170,216,0.004464285714285714,cross_hemi_diff_network,RH_ContB_Temp_1,aHIP-lh,ContB,Hippocampus_ant,right,left
171,28,0.004464285714285714,cross_hemi_diff_network,RH_ContB_Temp_2,LH_DorsAttnA_TempOcc_1,ContB,DorsAttnA,right,left
171,58,0.004464285714285714,cross_hemi_diff_network,RH_ContB_Temp_2,LH_ContA_IPS_2,ContB,ContA,right,left
171,65,0.004464285714285714,cross_hemi_diff_network,RH_ContB_Temp_2,LH_ContA_Cingm_1,ContB,ContA,right,left
171,99,0.004464285714285714,cross_hemi_diff_network,RH_ContB_Temp_2,LH_TempPar_2,ContB,TempPar,right,left
171,131,0.004464285714285714,cross_network_same_hemi,RH_ContB_Temp_2,RH_DorsAttnA_ParOcc_1,ContB,DorsAttnA,right,right
171,134,0.004464285714285714,cross_network_same_hemi,RH_ContB_Temp_2,RH_DorsAttnA_SPL_3,ContB,DorsAttnA,right,right
171,162,0.004464285714285714,cross_network_same_hemi,RH_ContB_Temp_2,RH_LimbicA_TempPole_3,ContB,LimbicA,right,right
171,163,0.004464285714285714,cross_network_same_hemi,RH_ContB_Temp_2,RH_LimbicA_TempPole_4,ContB,LimbicA,right,right
171,165,0.004464285714285714,cross_network_same_hemi,RH_ContB_Temp_2,RH_ContA_IPS_2,ContB,ContA,right,right
171,174,0.004464285714285714,within_network,RH_ContB_Temp_2,RH_ContB_PFCld_1,ContB,ContB,right,right
171,177,0.004464285714285714,within_network,RH_ContB_Temp_2,RH_ContB_PFClv_2,ContB,ContB,right,right
171,193,0.004464285714285714,cross_network_same_hemi,RH_ContB_Temp_2,RH_DefaultC_IPL_1,ContB,DefaultC,right,right
171,197,0.008928571428571428,cross_network_same_hemi,RH_ContB_Temp_2,RH_TempPar_2,ContB,TempPar,right,right
171,199,0.004464285714285714,cross_network_same_hemi,RH_ContB_Temp_2,RH_TempPar_4,ContB,TempPar,right,right
171,202,0.004464285714285714,cross_network_same_hemi,RH_ContB_Temp_2,lAMY-rh,ContB,Amygdala_lat,right,right
171,204,0.004464285714285714,cross_network_same_hemi,RH_ContB_Temp_2,THA-DP-rh,ContB,Thalamus_DP,right,right
171,220,0.004464285714285714,cross_hemi_diff_network,RH_ContB_Temp_2,THA-DP-lh,ContB,Thalamus_DP,right,left
172,53,0.004464285714285714,cross_hemi_diff_network,RH_ContB_IPL_1,LH_LimbicA_TempPole_2,ContB,LimbicA,right,left
172,150,0.004464285714285714,cross_network_same_hemi,RH_ContB_IPL_1,RH_SalVentAttnB_IPL_1,ContB,SalVentAttnB,right,right
172,159,0.004464285714285714,cross_network_same_hemi,RH_ContB_IPL_1,RH_LimbicB_OFC_4,ContB,LimbicB,right,right
172,161,0.004464285714285714,cross_network_same_hemi,RH_ContB_IPL_1,RH_LimbicA_TempPole_2,ContB,LimbicA,right,right
172,174,0.004464285714285714,within_network,RH_ContB_IPL_1,RH_ContB_PFCld_1,ContB,ContB,right,right
172,178,0.004464285714285714,within_network,RH_ContB_IPL_1,RH_ContB_PFCmp_1,ContB,ContB,right,right
172,184,0.004464285714285714,cross_network_same_hemi,RH_ContB_IPL_1,RH_DefaultA_PFCd_1,ContB,DefaultA,right,right
172,193,0.008928571428571428,cross_network_same_hemi,RH_ContB_IPL_1,RH_DefaultC_IPL_1,ContB,DefaultC,right,right
172,227,0.004464285714285714,cross_hemi_diff_network,RH_ContB_IPL_1,aGP-lh,ContB,Pallidum_ant,right,left
173,56,0.004464285714285714,cross_hemi_diff_network,RH_ContB_IPL_2,LH_ContA_Temp_1,ContB,ContA,right,left
173,66,0.004464285714285714,within_network,RH_ContB_IPL_2,LH_ContB_Temp_1,ContB,ContB,right,left
173,143,0.004464285714285714,cross_network_same_hemi,RH_ContB_IPL_2,RH_SalVentAttnA_Ins_1,ContB,SalVentAttnA,right,right
173,152,0.004464285714285714,cross_network_same_hemi,RH_ContB_IPL_2,RH_SalVentAttnB_PFCl_1,ContB,SalVentAttnB,right,right
173,153,0.004464285714285714,cross_network_same_hemi,RH_ContB_IPL_2,RH_SalVentAttnB_Ins_1,ContB,SalVentAttnB,right,right
173,166,0.004464285714285714,cross_network_same_hemi,RH_ContB_IPL_2,RH_ContA_PFCd_1,ContB,ContA,right,right
173,168,0.004464285714285714,cross_network_same_hemi,RH_ContB_IPL_2,RH_ContA_PFCl_2,ContB,ContA,right,right
173,171,0.004464285714285714,within_network,RH_ContB_IPL_2,RH_ContB_Temp_2,ContB,ContB,right,right
173,174,0.004464285714285714,within_network,RH_ContB_IPL_2,RH_ContB_PFCld_1,ContB,ContB,right,right
173,175,0.004464285714285714,within_network,RH_ContB_IPL_2,RH_ContB_PFCld_2,ContB,ContB,right,right
173,220,0.004464285714285714,cross_hemi_diff_network,RH_ContB_IPL_2,THA-DP-lh,ContB,Thalamus_DP,right,left
174,38,0.004464285714285714,cross_hemi_diff_network,RH_ContB_PFCld_1,LH_DorsAttnB_FEF_1,ContB,DorsAttnB,right,left
174,47,0.004464285714285714,cross_hemi_diff_network,RH_ContB_PFCld_1,LH_SalVentAttnB_PFCl_1,ContB,SalVentAttnB,right,left
174,61,0.004464285714285714,cross_hemi_diff_network,RH_ContB_PFCld_1,LH_ContA_PFClv_1,ContB,ContA,right,left
174,64,0.004464285714285714,cross_hemi_diff_network,RH_ContB_PFCld_1,LH_ContA_PFCl_3,ContB,ContA,right,left
174,77,0.004464285714285714,cross_hemi_diff_network,RH_ContB_PFCld_1,LH_DefaultA_pCunPCC_2,ContB,DefaultA,right,left
174,83,0.004464285714285714,cross_hemi_diff_network,RH_ContB_PFCld_1,LH_DefaultB_Temp_2,ContB,DefaultB,right,left
174,163,0.004464285714285714,cross_network_same_hemi,RH_ContB_PFCld_1,RH_LimbicA_TempPole_4,ContB,LimbicA,right,right
174,166,0.004464285714285714,cross_network_same_hemi,RH_ContB_PFCld_1,RH_ContA_PFCd_1,ContB,ContA,right,right
174,177,0.004464285714285714,within_network,RH_ContB_PFCld_1,RH_ContB_PFClv_2,ContB,ContB,right,right
174,179,0.004464285714285714,within_network,RH_ContB_PFCld_1,RH_ContB_PFCld_3,ContB,ContB,right,right
174,182,0.004464285714285714,cross_network_same_hemi,RH_ContB_PFCld_1,RH_ContC_Cingp_1,ContB,ContC,right,right
174,183,0.008928571428571428,cross_network_same_hemi,RH_ContB_PFCld_1,RH_DefaultA_IPL_1,ContB,DefaultA,right,right
174,186,0.004464285714285714,cross_network_same_hemi,RH_ContB_PFCld_1,RH_DefaultA_PFCm_1,ContB,DefaultA,right,right
174,188,0.004464285714285714,cross_network_same_hemi,RH_ContB_PFCld_1,RH_DefaultA_PFCm_3,ContB,DefaultA,right,right
174,198,0.004464285714285714,cross_network_same_hemi,RH_ContB_PFCld_1,RH_TempPar_3,ContB,TempPar,right,right
174,211,0.013392857142857142,cross_network_same_hemi,RH_ContB_PFCld_1,aGP-rh,ContB,Pallidum_ant,right,right
174,217,0.004464285714285714,cross_hemi_diff_network,RH_ContB_PFCld_1,pHIP-lh,ContB,Hippocampus_post,right,left
175,69,0.004464285714285714,within_network,RH_ContB_PFCld_2,LH_ContB_PFClv_1,ContB,ContB,right,left
175,75,0.004464285714285714,cross_hemi_diff_network,RH_ContB_PFCld_2,LH_DefaultA_PFCd_1,ContB,DefaultA,right,left
175,82,0.004464285714285714,cross_hemi_diff_network,RH_ContB_PFCld_2,LH_DefaultB_Temp_1,ContB,DefaultB,right,left
175,89,0.004464285714285714,cross_hemi_diff_network,RH_ContB_PFCld_2,LH_DefaultB_PFCd_3,ContB,DefaultB,right,left
175,142,0.004464285714285714,cross_network_same_hemi,RH_ContB_PFCld_2,RH_SalVentAttnA_PrC_1,ContB,SalVentAttnA,right,right
175,152,0.004464285714285714,cross_network_same_hemi,RH_ContB_PFCld_2,RH_SalVentAttnB_PFCl_1,ContB,SalVentAttnB,right,right
175,164,0.004464285714285714,cross_network_same_hemi,RH_ContB_PFCld_2,RH_ContA_IPS_1,ContB,ContA,right,right
175,171,0.008928571428571428,within_network,RH_ContB_PFCld_2,RH_ContB_Temp_2,ContB,ContB,right,right
175,173,0.004464285714285714,within_network,RH_ContB_PFCld_2,RH_ContB_IPL_2,ContB,ContB,right,right
175,176,0.004464285714285714,within_network,RH_ContB_PFCld_2,RH_ContB_PFClv_1,ContB,ContB,right,right
175,211,0.004464285714285714,cross_network_same_hemi,RH_ContB_PFCld_2,aGP-rh,ContB,Pallidum_ant,right,right
175,221,0.004464285714285714,cross_hemi_diff_network,RH_ContB_PFCld_2,THA-VP-lh,ContB,Thalamus_VP,right,left
176,50,0.017857142857142856,cross_hemi_diff_network,RH_ContB_PFClv_1,LH_LimbicB_OFC_1,ContB,LimbicB,right,left
176,55,0.004464285714285714,cross_hemi_diff_network,RH_ContB_PFClv_1,LH_LimbicA_TempPole_4,ContB,LimbicA,right,left
176,62,0.004464285714285714,cross_hemi_diff_network,RH_ContB_PFClv_1,LH_ContA_PFCl_1,ContB,ContA,right,left
176,91,0.004464285714285714,cross_hemi_diff_network,RH_ContB_PFClv_1,LH_DefaultB_PFCv_1,ContB,DefaultB,right,left
176,156,0.004464285714285714,cross_network_same_hemi,RH_ContB_PFClv_1,RH_LimbicB_OFC_1,ContB,LimbicB,right,right
176,167,0.004464285714285714,cross_network_same_hemi,RH_ContB_PFClv_1,RH_ContA_PFCl_1,ContB,ContA,right,right
176,168,0.004464285714285714,cross_network_same_hemi,RH_ContB_PFClv_1,RH_ContA_PFCl_2,ContB,ContA,right,right
176,179,0.004464285714285714,within_network,RH_ContB_PFClv_1,RH_ContB_PFCld_3,ContB,ContB,right,right
176,200,0.004464285714285714,cross_network_same_hemi,RH_ContB_PFClv_1,aHIP-rh,ContB,Hippocampus_ant,right,right
176,208,0.004464285714285714,cross_network_same_hemi,RH_ContB_PFClv_1,NAc-shell-rh,ContB,Accumbens_shell,right,right
176,211,0.004464285714285714,cross_network_same_hemi,RH_ContB_PFClv_1,aGP-rh,ContB,Pallidum_ant,right,right
176,217,0.004464285714285714,cross_hemi_diff_network,RH_ContB_PFClv_1,pHIP-lh,ContB,Hippocampus_post,right,left
177,47,0.004464285714285714,cross_hemi_diff_network,RH_ContB_PFClv_2,LH_SalVentAttnB_PFCl_1,ContB,SalVentAttnB,right,left
177,55,0.004464285714285714,cross_hemi_diff_network,RH_ContB_PFClv_2,LH_LimbicA_TempPole_4,ContB,LimbicA,right,left
177,81,0.004464285714285714,cross_hemi_diff_network,RH_ContB_PFClv_2,LH_DefaultA_PFCm_3,ContB,DefaultA,right,left
177,142,0.004464285714285714,cross_network_same_hemi,RH_ContB_PFClv_2,RH_SalVentAttnA_PrC_1,ContB,SalVentAttnA,right,right
177,147,0.004464285714285714,cross_network_same_hemi,RH_ContB_PFClv_2,RH_SalVentAttnA_ParMed_1,ContB,SalVentAttnA,right,right
177,152,0.004464285714285714,cross_network_same_hemi,RH_ContB_PFClv_2,RH_SalVentAttnB_PFCl_1,ContB,SalVentAttnB,right,right
177,153,0.008928571428571428,cross_network_same_hemi,RH_ContB_PFClv_2,RH_SalVentAttnB_Ins_1,ContB,SalVentAttnB,right,right
177,156,0.004464285714285714,cross_network_same_hemi,RH_ContB_PFClv_2,RH_LimbicB_OFC_1,ContB,LimbicB,right,right
177,168,0.004464285714285714,cross_network_same_hemi,RH_ContB_PFClv_2,RH_ContA_PFCl_2,ContB,ContA,right,right
177,173,0.004464285714285714,within_network,RH_ContB_PFClv_2,RH_ContB_IPL_2,ContB,ContB,right,right
177,174,0.004464285714285714,within_network,RH_ContB_PFClv_2,RH_ContB_PFCld_1,ContB,ContB,right,right
177,175,0.004464285714285714,within_network,RH_ContB_PFClv_2,RH_ContB_PFCld_2,ContB,ContB,right,right
177,187,0.004464285714285714,cross_network_same_hemi,RH_ContB_PFClv_2,RH_DefaultA_PFCm_2,ContB,DefaultA,right,right
177,191,0.004464285714285714,cross_network_same_hemi,RH_ContB_PFClv_2,RH_DefaultB_PFCd_1,ContB,DefaultB,right,right
177,202,0.004464285714285714,cross_network_same_hemi,RH_ContB_PFClv_2,lAMY-rh,ContB,Amygdala_lat,right,right
177,211,0.004464285714285714,cross_network_same_hemi,RH_ContB_PFClv_2,aGP-rh,ContB,Pallidum_ant,right,right
177,214,0.004464285714285714,cross_network_same_hemi,RH_ContB_PFClv_2,aCAU-rh,ContB,Caudate_ant,right,right
178,48,0.004464285714285714,cross_hemi_diff_network,RH_ContB_PFCmp_1,LH_SalVentAttnB_Ins_1,ContB,SalVentAttnB,right,left
178,50,0.004464285714285714,cross_hemi_diff_network,RH_ContB_PFCmp_1,LH_LimbicB_OFC_1,ContB,LimbicB,right,left
178,68,0.004464285714285714,within_network,RH_ContB_PFCmp_1,LH_ContB_PFCl_1,ContB,ContB,right,left
178,142,0.004464285714285714,cross_network_same_hemi,RH_ContB_PFCmp_1,RH_SalVentAttnA_PrC_1,ContB,SalVentAttnA,right,right
178,150,0.004464285714285714,cross_network_same_hemi,RH_ContB_PFCmp_1,RH_SalVentAttnB_IPL_1,ContB,SalVentAttnB,right,right
178,152,0.004464285714285714,cross_network_same_hemi,RH_ContB_PFCmp_1,RH_SalVentAttnB_PFCl_1,ContB,SalVentAttnB,right,right
178,153,0.004464285714285714,cross_network_same_hemi,RH_ContB_PFCmp_1,RH_SalVentAttnB_Ins_1,ContB,SalVentAttnB,right,right
178,171,0.004464285714285714,within_network,RH_ContB_PFCmp_1,RH_ContB_Temp_2,ContB,ContB,right,right
178,174,0.004464285714285714,within_network,RH_ContB_PFCmp_1,RH_ContB_PFCld_1,ContB,ContB,right,right
178,196,0.004464285714285714,cross_network_same_hemi,RH_ContB_PFCmp_1,RH_TempPar_1,ContB,TempPar,right,right
179,72,0.004464285714285714,cross_hemi_diff_network,RH_ContB_PFCld_3,LH_ContC_pCun_2,ContB,ContC,right,left
179,91,0.004464285714285714,cross_hemi_diff_network,RH_ContB_PFCld_3,LH_DefaultB_PFCv_1,ContB,DefaultB,right,left
179,166,0.004464285714285714,cross_network_same_hemi,RH_ContB_PFCld_3,RH_ContA_PFCd_1,ContB,ContA,right,right
179,169,0.004464285714285714,cross_network_same_hemi,RH_ContB_PFCld_3,RH_ContA_Cingm_1,ContB,ContA,right,right
179,174,0.004464285714285714,within_network,RH_ContB_PFCld_3,RH_ContB_PFCld_1,ContB,ContB,right,right
179,187,0.004464285714285714,cross_network_same_hemi,RH_ContB_PFCld_3,RH_DefaultA_PFCm_2,ContB,DefaultA,right,right
179,201,0.004464285714285714,cross_network_same_hemi,RH_ContB_PFCld_3,pHIP-rh,ContB,Hippocampus_post,right,right
179,209,0.004464285714285714,cross_network_same_hemi,RH_ContB_PFCld_3,NAc-core-rh,ContB,Accumbens_core,right,right
179,210,0.004464285714285714,cross_network_same_hemi,RH_ContB_PFCld_3,pGP-rh,ContB,Pallidum_post,right,right
180,10,0.004464285714285714,cross_hemi_diff_network,RH_ContC_pCun_1,LH_VisPeri_ExStrSup_1,ContC,VisPeri,right,left
180,99,0.004464285714285714,cross_hemi_diff_network,RH_ContC_pCun_1,LH_TempPar_2,ContC,TempPar,right,left
181,34,0.004464285714285714,cross_hemi_diff_network,RH_ContC_pCun_2,LH_DorsAttnB_PostC_1,ContC,DorsAttnB,right,left
181,77,0.004464285714285714,cross_hemi_diff_network,RH_ContC_pCun_2,LH_DefaultA_pCunPCC_2,ContC,DefaultA,right,left
181,133,0.004464285714285714,cross_network_same_hemi,RH_ContC_pCun_2,RH_DorsAttnA_SPL_2,ContC,DorsAttnA,right,right
181,184,0.004464285714285714,cross_network_same_hemi,RH_ContC_pCun_2,RH_DefaultA_PFCd_1,ContC,DefaultA,right,right
182,10,0.004464285714285714,cross_hemi_diff_network,RH_ContC_Cingp_1,LH_VisPeri_ExStrSup_1,ContC,VisPeri,right,left
182,208,0.004464285714285714,cross_network_same_hemi,RH_ContC_Cingp_1,NAc-shell-rh,ContC,Accumbens_shell,right,right
182,210,0.004464285714285714,cross_network_same_hemi,RH_ContC_Cingp_1,pGP-rh,ContC,Pallidum_post,right,right
183,47,0.004464285714285714,cross_hemi_diff_network,RH_DefaultA_IPL_1,LH_SalVentAttnB_PFCl_1,DefaultA,SalVentAttnB,right,left
183,89,0.004464285714285714,cross_hemi_diff_network,RH_DefaultA_IPL_1,LH_DefaultB_PFCd_3,DefaultA,DefaultB,right,left
183,99,0.008928571428571428,cross_hemi_diff_network,RH_DefaultA_IPL_1,LH_TempPar_2,DefaultA,TempPar,right,left
183,148,0.004464285714285714,cross_network_same_hemi,RH_DefaultA_IPL_1,RH_SalVentAttnA_ParMed_2,DefaultA,SalVentAttnA,right,right
183,150,0.004464285714285714,cross_network_same_hemi,RH_DefaultA_IPL_1,RH_SalVentAttnB_IPL_1,DefaultA,SalVentAttnB,right,right
183,167,0.004464285714285714,cross_network_same_hemi,RH_DefaultA_IPL_1,RH_ContA_PFCl_1,DefaultA,ContA,right,right
183,168,0.004464285714285714,cross_network_same_hemi,RH_DefaultA_IPL_1,RH_ContA_PFCl_2,DefaultA,ContA,right,right
183,171,0.008928571428571428,cross_network_same_hemi,RH_DefaultA_IPL_1,RH_ContB_Temp_2,DefaultA,ContB,right,right
183,174,0.004464285714285714,cross_network_same_hemi,RH_DefaultA_IPL_1,RH_ContB_PFCld_1,DefaultA,ContB,right,right
183,187,0.004464285714285714,within_network,RH_DefaultA_IPL_1,RH_DefaultA_PFCm_2,DefaultA,DefaultA,right,right
183,191,0.004464285714285714,cross_network_same_hemi,RH_DefaultA_IPL_1,RH_DefaultB_PFCd_1,DefaultA,DefaultB,right,right
183,197,0.008928571428571428,cross_network_same_hemi,RH_DefaultA_IPL_1,RH_TempPar_2,DefaultA,TempPar,right,right
183,226,0.004464285714285714,cross_hemi_diff_network,RH_DefaultA_IPL_1,pGP-lh,DefaultA,Pallidum_post,right,left
183,231,0.004464285714285714,cross_hemi_diff_network,RH_DefaultA_IPL_1,pCAU-lh,DefaultA,Caudate_post,right,left
184,38,0.004464285714285714,cross_hemi_diff_network,RH_DefaultA_PFCd_1,LH_DorsAttnB_FEF_1,DefaultA,DorsAttnB,right,left
184,54,0.004464285714285714,cross_hemi_diff_network,RH_DefaultA_PFCd_1,LH_LimbicA_TempPole_3,DefaultA,LimbicA,right,left
184,77,0.004464285714285714,within_network,RH_DefaultA_PFCd_1,LH_DefaultA_pCunPCC_2,DefaultA,DefaultA,right,left
184,83,0.004464285714285714,cross_hemi_diff_network,RH_DefaultA_PFCd_1,LH_DefaultB_Temp_2,DefaultA,DefaultB,right,left
184,95,0.004464285714285714,cross_hemi_diff_network,RH_DefaultA_PFCd_1,LH_DefaultC_IPL_1,DefaultA,DefaultC,right,left
184,99,0.004464285714285714,cross_hemi_diff_network,RH_DefaultA_PFCd_1,LH_TempPar_2,DefaultA,TempPar,right,left
184,152,0.017857142857142856,cross_network_same_hemi,RH_DefaultA_PFCd_1,RH_SalVentAttnB_PFCl_1,DefaultA,SalVentAttnB,right,right
184,153,0.004464285714285714,cross_network_same_hemi,RH_DefaultA_PFCd_1,RH_SalVentAttnB_Ins_1,DefaultA,SalVentAttnB,right,right
184,155,0.004464285714285714,cross_network_same_hemi,RH_DefaultA_PFCd_1,RH_SalVentAttnB_PFCmp_1,DefaultA,SalVentAttnB,right,right
184,158,0.004464285714285714,cross_network_same_hemi,RH_DefaultA_PFCd_1,RH_LimbicB_OFC_3,DefaultA,LimbicB,right,right
184,159,0.004464285714285714,cross_network_same_hemi,RH_DefaultA_PFCd_1,RH_LimbicB_OFC_4,DefaultA,LimbicB,right,right
184,166,0.004464285714285714,cross_network_same_hemi,RH_DefaultA_PFCd_1,RH_ContA_PFCd_1,DefaultA,ContA,right,right
184,172,0.004464285714285714,cross_network_same_hemi,RH_DefaultA_PFCd_1,RH_ContB_IPL_1,DefaultA,ContB,right,right
184,173,0.004464285714285714,cross_network_same_hemi,RH_DefaultA_PFCd_1,RH_ContB_IPL_2,DefaultA,ContB,right,right
184,177,0.008928571428571428,cross_network_same_hemi,RH_DefaultA_PFCd_1,RH_ContB_PFClv_2,DefaultA,ContB,right,right
184,180,0.004464285714285714,cross_network_same_hemi,RH_DefaultA_PFCd_1,RH_ContC_pCun_1,DefaultA,ContC,right,right
184,187,0.008928571428571428,within_network,RH_DefaultA_PFCd_1,RH_DefaultA_PFCm_2,DefaultA,DefaultA,right,right
184,191,0.004464285714285714,cross_network_same_hemi,RH_DefaultA_PFCd_1,RH_DefaultB_PFCd_1,DefaultA,DefaultB,right,right
184,208,0.004464285714285714,cross_network_same_hemi,RH_DefaultA_PFCd_1,NAc-shell-rh,DefaultA,Accumbens_shell,right,right
186,70,0.004464285714285714,cross_hemi_diff_network,RH_DefaultA_PFCm_1,LH_ContB_PFClv_2,DefaultA,ContB,right,left
186,210,0.004464285714285714,cross_network_same_hemi,RH_DefaultA_PFCm_1,pGP-rh,DefaultA,Pallidum_post,right,right
186,217,0.004464285714285714,cross_hemi_diff_network,RH_DefaultA_PFCm_1,pHIP-lh,DefaultA,Hippocampus_post,right,left
187,22,0.004464285714285714,cross_hemi_diff_network,RH_DefaultA_PFCm_2,LH_SomMotB_S2_1,DefaultA,SomMotB,right,left
187,44,0.004464285714285714,cross_hemi_diff_network,RH_DefaultA_PFCm_2,LH_SalVentAttnA_FrMed_1,DefaultA,SalVentAttnA,right,left
187,47,0.008928571428571428,cross_hemi_diff_network,RH_DefaultA_PFCm_2,LH_SalVentAttnB_PFCl_1,DefaultA,SalVentAttnB,right,left
187,50,0.008928571428571428,cross_hemi_diff_network,RH_DefaultA_PFCm_2,LH_LimbicB_OFC_1,DefaultA,LimbicB,right,left
187,51,0.004464285714285714,cross_hemi_diff_network,RH_DefaultA_PFCm_2,LH_LimbicB_OFC_2,DefaultA,LimbicB,right,left
187,53,0.004464285714285714,cross_hemi_diff_network,RH_DefaultA_PFCm_2,LH_LimbicA_TempPole_2,DefaultA,LimbicA,right,left
187,54,0.004464285714285714,cross_hemi_diff_network,RH_DefaultA_PFCm_2,LH_LimbicA_TempPole_3,DefaultA,LimbicA,right,left
187,55,0.017857142857142856,cross_hemi_diff_network,RH_DefaultA_PFCm_2,LH_LimbicA_TempPole_4,DefaultA,LimbicA,right,left
187,62,0.004464285714285714,cross_hemi_diff_network,RH_DefaultA_PFCm_2,LH_ContA_PFCl_1,DefaultA,ContA,right,left
187,65,0.004464285714285714,cross_hemi_diff_network,RH_DefaultA_PFCm_2,LH_ContA_Cingm_1,DefaultA,ContA,right,left
187,70,0.004464285714285714,cross_hemi_diff_network,RH_DefaultA_PFCm_2,LH_ContB_PFClv_2,DefaultA,ContB,right,left
187,82,0.004464285714285714,cross_hemi_diff_network,RH_DefaultA_PFCm_2,LH_DefaultB_Temp_1,DefaultA,DefaultB,right,left
187,83,0.004464285714285714,cross_hemi_diff_network,RH_DefaultA_PFCm_2,LH_DefaultB_Temp_2,DefaultA,DefaultB,right,left
187,86,0.004464285714285714,cross_hemi_diff_network,RH_DefaultA_PFCm_2,LH_DefaultB_IPL_1,DefaultA,DefaultB,right,left
187,89,0.008928571428571428,cross_hemi_diff_network,RH_DefaultA_PFCm_2,LH_DefaultB_PFCd_3,DefaultA,DefaultB,right,left
187,92,0.004464285714285714,cross_hemi_diff_network,RH_DefaultA_PFCm_2,LH_DefaultB_PFCv_2,DefaultA,DefaultB,right,left
187,97,0.004464285714285714,cross_hemi_diff_network,RH_DefaultA_PFCm_2,LH_DefaultC_PHC_1,DefaultA,DefaultC,right,left
187,99,0.004464285714285714,cross_hemi_diff_network,RH_DefaultA_PFCm_2,LH_TempPar_2,DefaultA,TempPar,right,left
187,120,0.004464285714285714,cross_network_same_hemi,RH_DefaultA_PFCm_2,RH_SomMotA_9,DefaultA,SomMotA,right,right
187,131,0.008928571428571428,cross_network_same_hemi,RH_DefaultA_PFCm_2,RH_DorsAttnA_ParOcc_1,DefaultA,DorsAttnA,right,right
187,143,0.004464285714285714,cross_network_same_hemi,RH_DefaultA_PFCm_2,RH_SalVentAttnA_Ins_1,DefaultA,SalVentAttnA,right,right
187,147,0.004464285714285714,cross_network_same_hemi,RH_DefaultA_PFCm_2,RH_SalVentAttnA_ParMed_1,DefaultA,SalVentAttnA,right,right
187,152,0.004464285714285714,cross_network_same_hemi,RH_DefaultA_PFCm_2,RH_SalVentAttnB_PFCl_1,DefaultA,SalVentAttnB,right,right
187,156,0.004464285714285714,cross_network_same_hemi,RH_DefaultA_PFCm_2,RH_LimbicB_OFC_1,DefaultA,LimbicB,right,right
187,160,0.008928571428571428,cross_network_same_hemi,RH_DefaultA_PFCm_2,RH_LimbicA_TempPole_1,DefaultA,LimbicA,right,right
187,161,0.004464285714285714,cross_network_same_hemi,RH_DefaultA_PFCm_2,RH_LimbicA_TempPole_2,DefaultA,LimbicA,right,right
187,162,0.004464285714285714,cross_network_same_hemi,RH_DefaultA_PFCm_2,RH_LimbicA_TempPole_3,DefaultA,LimbicA,right,right
187,169,0.004464285714285714,cross_network_same_hemi,RH_DefaultA_PFCm_2,RH_ContA_Cingm_1,DefaultA,ContA,right,right
187,176,0.004464285714285714,cross_network_same_hemi,RH_DefaultA_PFCm_2,RH_ContB_PFClv_1,DefaultA,ContB,right,right
187,177,0.004464285714285714,cross_network_same_hemi,RH_DefaultA_PFCm_2,RH_ContB_PFClv_2,DefaultA,ContB,right,right
187,184,0.008928571428571428,within_network,RH_DefaultA_PFCm_2,RH_DefaultA_PFCd_1,DefaultA,DefaultA,right,right
187,201,0.008928571428571428,cross_network_same_hemi,RH_DefaultA_PFCm_2,pHIP-rh,DefaultA,Hippocampus_post,right,right
187,203,0.004464285714285714,cross_network_same_hemi,RH_DefaultA_PFCm_2,mAMY-rh,DefaultA,Amygdala_med,right,right
187,204,0.004464285714285714,cross_network_same_hemi,RH_DefaultA_PFCm_2,THA-DP-rh,DefaultA,Thalamus_DP,right,right
187,208,0.004464285714285714,cross_network_same_hemi,RH_DefaultA_PFCm_2,NAc-shell-rh,DefaultA,Accumbens_shell,right,right
187,209,0.004464285714285714,cross_network_same_hemi,RH_DefaultA_PFCm_2,NAc-core-rh,DefaultA,Accumbens_core,right,right
187,210,0.013392857142857142,cross_network_same_hemi,RH_DefaultA_PFCm_2,pGP-rh,DefaultA,Pallidum_post,right,right
187,211,0.022321428571428572,cross_network_same_hemi,RH_DefaultA_PFCm_2,aGP-rh,DefaultA,Pallidum_ant,right,right
187,217,0.008928571428571428,cross_hemi_diff_network,RH_DefaultA_PFCm_2,pHIP-lh,DefaultA,Hippocampus_post,right,left
187,219,0.008928571428571428,cross_hemi_diff_network,RH_DefaultA_PFCm_2,mAMY-lh,DefaultA,Amygdala_med,right,left
187,220,0.017857142857142856,cross_hemi_diff_network,RH_DefaultA_PFCm_2,THA-DP-lh,DefaultA,Thalamus_DP,right,left
187,224,0.013392857142857142,cross_hemi_diff_network,RH_DefaultA_PFCm_2,NAc-shell-lh,DefaultA,Accumbens_shell,right,left
187,225,0.004464285714285714,cross_hemi_diff_network,RH_DefaultA_PFCm_2,NAc-core-lh,DefaultA,Accumbens_core,right,left
187,226,0.008928571428571428,cross_hemi_diff_network,RH_DefaultA_PFCm_2,pGP-lh,DefaultA,Pallidum_post,right,left
187,227,0.04017857142857143,cross_hemi_diff_network,RH_DefaultA_PFCm_2,aGP-lh,DefaultA,Pallidum_ant,right,left
188,85,0.004464285714285714,cross_hemi_diff_network,RH_DefaultA_PFCm_3,LH_DefaultB_Temp_4,DefaultA,DefaultB,right,left
188,86,0.004464285714285714,cross_hemi_diff_network,RH_DefaultA_PFCm_3,LH_DefaultB_IPL_1,DefaultA,DefaultB,right,left
188,90,0.004464285714285714,cross_hemi_diff_network,RH_DefaultA_PFCm_3,LH_DefaultB_PFCd_4,DefaultA,DefaultB,right,left
188,158,0.004464285714285714,cross_network_same_hemi,RH_DefaultA_PFCm_3,RH_LimbicB_OFC_3,DefaultA,LimbicB,right,right
188,184,0.004464285714285714,within_network,RH_DefaultA_PFCm_3,RH_DefaultA_PFCd_1,DefaultA,DefaultA,right,right
188,190,0.004464285714285714,cross_network_same_hemi,RH_DefaultA_PFCm_3,RH_DefaultB_AntTemp_1,DefaultA,DefaultB,right,right
189,53,0.004464285714285714,cross_hemi_diff_network,RH_DefaultB_Temp_1,LH_LimbicA_TempPole_2,DefaultB,LimbicA,right,left
189,54,0.004464285714285714,cross_hemi_diff_network,RH_DefaultB_Temp_1,LH_LimbicA_TempPole_3,DefaultB,LimbicA,right,left
189,80,0.004464285714285714,cross_hemi_diff_network,RH_DefaultB_Temp_1,LH_DefaultA_PFCm_2,DefaultB,DefaultA,right,left
189,86,0.004464285714285714,within_network,RH_DefaultB_Temp_1,LH_DefaultB_IPL_1,DefaultB,DefaultB,right,left
189,89,0.004464285714285714,within_network,RH_DefaultB_Temp_1,LH_DefaultB_PFCd_3,DefaultB,DefaultB,right,left
189,98,0.004464285714285714,cross_hemi_diff_network,RH_DefaultB_Temp_1,LH_TempPar_1,DefaultB,TempPar,right,left
189,171,0.004464285714285714,cross_network_same_hemi,RH_DefaultB_Temp_1,RH_ContB_Temp_2,DefaultB,ContB,right,right
189,197,0.013392857142857142,cross_network_same_hemi,RH_DefaultB_Temp_1,RH_TempPar_2,DefaultB,TempPar,right,right
189,208,0.004464285714285714,cross_network_same_hemi,RH_DefaultB_Temp_1,NAc-shell-rh,DefaultB,Accumbens_shell,right,right
190,54,0.017857142857142856,cross_hemi_diff_network,RH_DefaultB_AntTemp_1,LH_LimbicA_TempPole_3,DefaultB,LimbicA,right,left
190,83,0.004464285714285714,within_network,RH_DefaultB_AntTemp_1,LH_DefaultB_Temp_2,DefaultB,DefaultB,right,left
190,86,0.004464285714285714,within_network,RH_DefaultB_AntTemp_1,LH_DefaultB_IPL_1,DefaultB,DefaultB,right,left
190,91,0.004464285714285714,within_network,RH_DefaultB_AntTemp_1,LH_DefaultB_PFCv_1,DefaultB,DefaultB,right,left
190,160,0.004464285714285714,cross_network_same_hemi,RH_DefaultB_AntTemp_1,RH_LimbicA_TempPole_1,DefaultB,LimbicA,right,right
190,161,0.004464285714285714,cross_network_same_hemi,RH_DefaultB_AntTemp_1,RH_LimbicA_TempPole_2,DefaultB,LimbicA,right,right
190,184,0.004464285714285714,cross_network_same_hemi,RH_DefaultB_AntTemp_1,RH_DefaultA_PFCd_1,DefaultB,DefaultA,right,right
190,187,0.004464285714285714,cross_network_same_hemi,RH_DefaultB_AntTemp_1,RH_DefaultA_PFCm_2,DefaultB,DefaultA,right,right
190,197,0.004464285714285714,cross_network_same_hemi,RH_DefaultB_AntTemp_1,RH_TempPar_2,DefaultB,TempPar,right,right
190,201,0.004464285714285714,cross_network_same_hemi,RH_DefaultB_AntTemp_1,pHIP-rh,DefaultB,Hippocampus_post,right,right
190,226,0.004464285714285714,cross_hemi_diff_network,RH_DefaultB_AntTemp_1,pGP-lh,DefaultB,Pallidum_post,right,left
191,54,0.004464285714285714,cross_hemi_diff_network,RH_DefaultB_PFCd_1,LH_LimbicA_TempPole_3,DefaultB,LimbicA,right,left
191,55,0.004464285714285714,cross_hemi_diff_network,RH_DefaultB_PFCd_1,LH_LimbicA_TempPole_4,DefaultB,LimbicA,right,left
191,69,0.004464285714285714,cross_hemi_diff_network,RH_DefaultB_PFCd_1,LH_ContB_PFClv_1,DefaultB,ContB,right,left
191,79,0.004464285714285714,cross_hemi_diff_network,RH_DefaultB_PFCd_1,LH_DefaultA_PFCm_1,DefaultB,DefaultA,right,left
191,82,0.004464285714285714,within_network,RH_DefaultB_PFCd_1,LH_DefaultB_Temp_1,DefaultB,DefaultB,right,left
191,83,0.004464285714285714,within_network,RH_DefaultB_PFCd_1,LH_DefaultB_Temp_2,DefaultB,DefaultB,right,left
191,86,0.004464285714285714,within_network,RH_DefaultB_PFCd_1,LH_DefaultB_IPL_1,DefaultB,DefaultB,right,left
191,91,0.004464285714285714,within_network,RH_DefaultB_PFCd_1,LH_DefaultB_PFCv_1,DefaultB,DefaultB,right,left
191,153,0.004464285714285714,cross_network_same_hemi,RH_DefaultB_PFCd_1,RH_SalVentAttnB_Ins_1,DefaultB,SalVentAttnB,right,right
191,157,0.004464285714285714,cross_network_same_hemi,RH_DefaultB_PFCd_1,RH_LimbicB_OFC_2,DefaultB,LimbicB,right,right
191,159,0.004464285714285714,cross_network_same_hemi,RH_DefaultB_PFCd_1,RH_LimbicB_OFC_4,DefaultB,LimbicB,right,right
191,174,0.004464285714285714,cross_network_same_hemi,RH_DefaultB_PFCd_1,RH_ContB_PFCld_1,DefaultB,ContB,right,right
191,184,0.017857142857142856,cross_network_same_hemi,RH_DefaultB_PFCd_1,RH_DefaultA_PFCd_1,DefaultB,DefaultA,right,right
191,187,0.004464285714285714,cross_network_same_hemi,RH_DefaultB_PFCd_1,RH_DefaultA_PFCm_2,DefaultB,DefaultA,right,right
191,231,0.004464285714285714,cross_hemi_diff_network,RH_DefaultB_PFCd_1,pCAU-lh,DefaultB,Caudate_post,right,left
192,46,0.004464285714285714,cross_hemi_diff_network,RH_DefaultB_PFCv_1,LH_SalVentAttnB_IPL_1,DefaultB,SalVentAttnB,right,left
192,56,0.004464285714285714,cross_hemi_diff_network,RH_DefaultB_PFCv_1,LH_ContA_Temp_1,DefaultB,ContA,right,left
192,90,0.004464285714285714,within_network,RH_DefaultB_PFCv_1,LH_DefaultB_PFCd_4,DefaultB,DefaultB,right,left
192,143,0.004464285714285714,cross_network_same_hemi,RH_DefaultB_PFCv_1,RH_SalVentAttnA_Ins_1,DefaultB,SalVentAttnA,right,right
192,149,0.004464285714285714,cross_network_same_hemi,RH_DefaultB_PFCv_1,RH_SalVentAttnA_FrMed_2,DefaultB,SalVentAttnA,right,right
192,157,0.004464285714285714,cross_network_same_hemi,RH_DefaultB_PFCv_1,RH_LimbicB_OFC_2,DefaultB,LimbicB,right,right
192,214,0.004464285714285714,cross_network_same_hemi,RH_DefaultB_PFCv_1,aCAU-rh,DefaultB,Caudate_ant,right,right
193,30,0.004464285714285714,cross_hemi_diff_network,RH_DefaultC_IPL_1,LH_DorsAttnA_ParOcc_1,DefaultC,DorsAttnA,right,left
193,54,0.004464285714285714,cross_hemi_diff_network,RH_DefaultC_IPL_1,LH_LimbicA_TempPole_3,DefaultC,LimbicA,right,left
193,56,0.004464285714285714,cross_hemi_diff_network,RH_DefaultC_IPL_1,LH_ContA_Temp_1,DefaultC,ContA,right,left
193,76,0.004464285714285714,cross_hemi_diff_network,RH_DefaultC_IPL_1,LH_DefaultA_pCunPCC_1,DefaultC,DefaultA,right,left
193,77,0.004464285714285714,cross_hemi_diff_network,RH_DefaultC_IPL_1,LH_DefaultA_pCunPCC_2,DefaultC,DefaultA,right,left
193,78,0.004464285714285714,cross_hemi_diff_network,RH_DefaultC_IPL_1,LH_DefaultA_pCunPCC_3,DefaultC,DefaultA,right,left
193,84,0.004464285714285714,cross_hemi_diff_network,RH_DefaultC_IPL_1,LH_DefaultB_Temp_3,DefaultC,DefaultB,right,left
193,99,0.004464285714285714,cross_hemi_diff_network,RH_DefaultC_IPL_1,LH_TempPar_2,DefaultC,TempPar,right,left
193,162,0.004464285714285714,cross_network_same_hemi,RH_DefaultC_IPL_1,RH_LimbicA_TempPole_3,DefaultC,LimbicA,right,right
193,166,0.004464285714285714,cross_network_same_hemi,RH_DefaultC_IPL_1,RH_ContA_PFCd_1,DefaultC,ContA,right,right
193,171,0.004464285714285714,cross_network_same_hemi,RH_DefaultC_IPL_1,RH_ContB_Temp_2,DefaultC,ContB,right,right
193,184,0.004464285714285714,cross_network_same_hemi,RH_DefaultC_IPL_1,RH_DefaultA_PFCd_1,DefaultC,DefaultA,right,right
193,189,0.004464285714285714,cross_network_same_hemi,RH_DefaultC_IPL_1,RH_DefaultB_Temp_1,DefaultC,DefaultB,right,right
193,217,0.004464285714285714,cross_hemi_diff_network,RH_DefaultC_IPL_1,pHIP-lh,DefaultC,Hippocampus_post,right,left
193,227,0.004464285714285714,cross_hemi_diff_network,RH_DefaultC_IPL_1,aGP-lh,DefaultC,Pallidum_ant,right,left
194,162,0.004464285714285714,cross_network_same_hemi,RH_DefaultC_Rsp_1,RH_LimbicA_TempPole_3,DefaultC,LimbicA,right,right
195,7,0.004464285714285714,cross_hemi_diff_network,RH_DefaultC_PHC_1,LH_VisPeri_ExStrInf_2,DefaultC,VisPeri,right,left
195,31,0.004464285714285714,cross_hemi_diff_network,RH_DefaultC_PHC_1,LH_DorsAttnA_SPL_1,DefaultC,DorsAttnA,right,left
195,130,0.004464285714285714,cross_network_same_hemi,RH_DefaultC_PHC_1,RH_DorsAttnA_TempOcc_1,DefaultC,DorsAttnA,right,right
195,162,0.008928571428571428,cross_network_same_hemi,RH_DefaultC_PHC_1,RH_LimbicA_TempPole_3,DefaultC,LimbicA,right,right
195,200,0.004464285714285714,cross_network_same_hemi,RH_DefaultC_PHC_1,aHIP-rh,DefaultC,Hippocampus_ant,right,right
195,204,0.008928571428571428,cross_network_same_hemi,RH_DefaultC_PHC_1,THA-DP-rh,DefaultC,Thalamus_DP,right,right
195,216,0.004464285714285714,cross_hemi_diff_network,RH_DefaultC_PHC_1,aHIP-lh,DefaultC,Hippocampus_ant,right,left
195,217,0.004464285714285714,cross_hemi_diff_network,RH_DefaultC_PHC_1,pHIP-lh,DefaultC,Hippocampus_post,right,left
195,218,0.004464285714285714,cross_hemi_diff_network,RH_DefaultC_PHC_1,lAMY-lh,DefaultC,Amygdala_lat,right,left
195,226,0.004464285714285714,cross_hemi_diff_network,RH_DefaultC_PHC_1,pGP-lh,DefaultC,Pallidum_post,right,left
196,55,0.008928571428571428,cross_hemi_diff_network,RH_TempPar_1,LH_LimbicA_TempPole_4,TempPar,LimbicA,right,left
196,82,0.004464285714285714,cross_hemi_diff_network,RH_TempPar_1,LH_DefaultB_Temp_1,TempPar,DefaultB,right,left
196,86,0.008928571428571428,cross_hemi_diff_network,RH_TempPar_1,LH_DefaultB_IPL_1,TempPar,DefaultB,right,left
196,98,0.004464285714285714,within_network,RH_TempPar_1,LH_TempPar_1,TempPar,TempPar,right,left
196,122,0.008928571428571428,cross_network_same_hemi,RH_TempPar_1,RH_SomMotA_11,TempPar,SomMotA,right,right
196,147,0.004464285714285714,cross_network_same_hemi,RH_TempPar_1,RH_SalVentAttnA_ParMed_1,TempPar,SalVentAttnA,right,right
196,160,0.004464285714285714,cross_network_same_hemi,RH_TempPar_1,RH_LimbicA_TempPole_1,TempPar,LimbicA,right,right
196,167,0.004464285714285714,cross_network_same_hemi,RH_TempPar_1,RH_ContA_PFCl_1,TempPar,ContA,right,right
196,192,0.004464285714285714,cross_network_same_hemi,RH_TempPar_1,RH_DefaultB_PFCv_1,TempPar,DefaultB,right,right
196,197,0.008928571428571428,within_network,RH_TempPar_1,RH_TempPar_2,TempPar,TempPar,right,right
196,199,0.004464285714285714,within_network,RH_TempPar_1,RH_TempPar_4,TempPar,TempPar,right,right
196,202,0.004464285714285714,cross_network_same_hemi,RH_TempPar_1,lAMY-rh,TempPar,Amygdala_lat,right,right
196,207,0.004464285714285714,cross_network_same_hemi,RH_TempPar_1,THA-DA-rh,TempPar,Thalamus_DA,right,right
196,211,0.004464285714285714,cross_network_same_hemi,RH_TempPar_1,aGP-rh,TempPar,Pallidum_ant,right,right
196,219,0.004464285714285714,cross_hemi_diff_network,RH_TempPar_1,mAMY-lh,TempPar,Amygdala_med,right,left
197,21,0.004464285714285714,cross_hemi_diff_network,RH_TempPar_2,LH_SomMotB_Aud_2,TempPar,SomMotB,right,left
197,42,0.004464285714285714,cross_hemi_diff_network,RH_TempPar_2,LH_SalVentAttnA_FrOper_2,TempPar,SalVentAttnA,right,left
197,53,0.004464285714285714,cross_hemi_diff_network,RH_TempPar_2,LH_LimbicA_TempPole_2,TempPar,LimbicA,right,left
197,54,0.004464285714285714,cross_hemi_diff_network,RH_TempPar_2,LH_LimbicA_TempPole_3,TempPar,LimbicA,right,left
197,55,0.004464285714285714,cross_hemi_diff_network,RH_TempPar_2,LH_LimbicA_TempPole_4,TempPar,LimbicA,right,left
197,63,0.004464285714285714,cross_hemi_diff_network,RH_TempPar_2,LH_ContA_PFCl_2,TempPar,ContA,right,left
197,86,0.004464285714285714,cross_hemi_diff_network,RH_TempPar_2,LH_DefaultB_IPL_1,TempPar,DefaultB,right,left
197,99,0.013392857142857142,within_network,RH_TempPar_2,LH_TempPar_2,TempPar,TempPar,right,left
197,143,0.013392857142857142,cross_network_same_hemi,RH_TempPar_2,RH_SalVentAttnA_Ins_1,TempPar,SalVentAttnA,right,right
197,157,0.004464285714285714,cross_network_same_hemi,RH_TempPar_2,RH_LimbicB_OFC_2,TempPar,LimbicB,right,right
197,160,0.004464285714285714,cross_network_same_hemi,RH_TempPar_2,RH_LimbicA_TempPole_1,TempPar,LimbicA,right,right
197,161,0.004464285714285714,cross_network_same_hemi,RH_TempPar_2,RH_LimbicA_TempPole_2,TempPar,LimbicA,right,right
197,171,0.004464285714285714,cross_network_same_hemi,RH_TempPar_2,RH_ContB_Temp_2,TempPar,ContB,right,right
197,183,0.004464285714285714,cross_network_same_hemi,RH_TempPar_2,RH_DefaultA_IPL_1,TempPar,DefaultA,right,right
197,187,0.004464285714285714,cross_network_same_hemi,RH_TempPar_2,RH_DefaultA_PFCm_2,TempPar,DefaultA,right,right
197,189,0.004464285714285714,cross_network_same_hemi,RH_TempPar_2,RH_DefaultB_Temp_1,TempPar,DefaultB,right,right
197,202,0.004464285714285714,cross_network_same_hemi,RH_TempPar_2,lAMY-rh,TempPar,Amygdala_lat,right,right
197,208,0.004464285714285714,cross_network_same_hemi,RH_TempPar_2,NAc-shell-rh,TempPar,Accumbens_shell,right,right
197,224,0.004464285714285714,cross_hemi_diff_network,RH_TempPar_2,NAc-shell-lh,TempPar,Accumbens_shell,right,left
197,227,0.004464285714285714,cross_hemi_diff_network,RH_TempPar_2,aGP-lh,TempPar,Pallidum_ant,right,left
198,20,0.004464285714285714,cross_hemi_diff_network,RH_TempPar_3,LH_SomMotB_Aud_1,TempPar,SomMotB,right,left
198,24,0.004464285714285714,cross_hemi_diff_network,RH_TempPar_3,LH_SomMotB_Aud_3,TempPar,SomMotB,right,left
198,28,0.004464285714285714,cross_hemi_diff_network,RH_TempPar_3,LH_DorsAttnA_TempOcc_1,TempPar,DorsAttnA,right,left
198,30,0.008928571428571428,cross_hemi_diff_network,RH_TempPar_3,LH_DorsAttnA_ParOcc_1,TempPar,DorsAttnA,right,left
198,46,0.004464285714285714,cross_hemi_diff_network,RH_TempPar_3,LH_SalVentAttnB_IPL_1,TempPar,SalVentAttnB,right,left
198,51,0.004464285714285714,cross_hemi_diff_network,RH_TempPar_3,LH_LimbicB_OFC_2,TempPar,LimbicB,right,left
198,63,0.004464285714285714,cross_hemi_diff_network,RH_TempPar_3,LH_ContA_PFCl_2,TempPar,ContA,right,left
198,98,0.004464285714285714,within_network,RH_TempPar_3,LH_TempPar_1,TempPar,TempPar,right,left
198,99,0.004464285714285714,within_network,RH_TempPar_3,LH_TempPar_2,TempPar,TempPar,right,left
198,124,0.004464285714285714,cross_network_same_hemi,RH_TempPar_3,RH_SomMotB_Aud_2,TempPar,SomMotB,right,right
198,134,0.004464285714285714,cross_network_same_hemi,RH_TempPar_3,RH_DorsAttnA_SPL_3,TempPar,DorsAttnA,right,right
198,142,0.004464285714285714,cross_network_same_hemi,RH_TempPar_3,RH_SalVentAttnA_PrC_1,TempPar,SalVentAttnA,right,right
198,162,0.004464285714285714,cross_network_same_hemi,RH_TempPar_3,RH_LimbicA_TempPole_3,TempPar,LimbicA,right,right
198,170,0.004464285714285714,cross_network_same_hemi,RH_TempPar_3,RH_ContB_Temp_1,TempPar,ContB,right,right
198,171,0.004464285714285714,cross_network_same_hemi,RH_TempPar_3,RH_ContB_Temp_2,TempPar,ContB,right,right
198,183,0.004464285714285714,cross_network_same_hemi,RH_TempPar_3,RH_DefaultA_IPL_1,TempPar,DefaultA,right,right
198,187,0.004464285714285714,cross_network_same_hemi,RH_TempPar_3,RH_DefaultA_PFCm_2,TempPar,DefaultA,right,right
198,191,0.004464285714285714,cross_network_same_hemi,RH_TempPar_3,RH_DefaultB_PFCd_1,TempPar,DefaultB,right,right
198,196,0.004464285714285714,within_network,RH_TempPar_3,RH_TempPar_1,TempPar,TempPar,right,right
198,197,0.004464285714285714,within_network,RH_TempPar_3,RH_TempPar_2,TempPar,TempPar,right,right
198,201,0.004464285714285714,cross_network_same_hemi,RH_TempPar_3,pHIP-rh,TempPar,Hippocampus_post,right,right
198,209,0.004464285714285714,cross_network_same_hemi,RH_TempPar_3,NAc-core-rh,TempPar,Accumbens_core,right,right
198,226,0.004464285714285714,cross_hemi_diff_network,RH_TempPar_3,pGP-lh,TempPar,Pallidum_post,right,left
199,4,0.004464285714285714,cross_hemi_diff_network,RH_TempPar_4,LH_VisCent_ExStr_4,TempPar,VisCent,right,left
199,44,0.004464285714285714,cross_hemi_diff_network,RH_TempPar_4,LH_SalVentAttnA_FrMed_1,TempPar,SalVentAttnA,right,left
199,56,0.004464285714285714,cross_hemi_diff_network,RH_TempPar_4,LH_ContA_Temp_1,TempPar,ContA,right,left
199,98,0.004464285714285714,within_network,RH_TempPar_4,LH_TempPar_1,TempPar,TempPar,right,left
199,99,0.008928571428571428,within_network,RH_TempPar_4,LH_TempPar_2,TempPar,TempPar,right,left
199,113,0.008928571428571428,cross_network_same_hemi,RH_TempPar_4,RH_SomMotA_2,TempPar,SomMotA,right,right
199,115,0.004464285714285714,cross_network_same_hemi,RH_TempPar_4,RH_SomMotA_4,TempPar,SomMotA,right,right
199,131,0.004464285714285714,cross_network_same_hemi,RH_TempPar_4,RH_DorsAttnA_ParOcc_1,TempPar,DorsAttnA,right,right
199,142,0.004464285714285714,cross_network_same_hemi,RH_TempPar_4,RH_SalVentAttnA_PrC_1,TempPar,SalVentAttnA,right,right
199,149,0.004464285714285714,cross_network_same_hemi,RH_TempPar_4,RH_SalVentAttnA_FrMed_2,TempPar,SalVentAttnA,right,right
199,152,0.004464285714285714,cross_network_same_hemi,RH_TempPar_4,RH_SalVentAttnB_PFCl_1,TempPar,SalVentAttnB,right,right
199,161,0.004464285714285714,cross_network_same_hemi,RH_TempPar_4,RH_LimbicA_TempPole_2,TempPar,LimbicA,right,right
199,183,0.004464285714285714,cross_network_same_hemi,RH_TempPar_4,RH_DefaultA_IPL_1,TempPar,DefaultA,right,right
199,197,0.004464285714285714,within_network,RH_TempPar_4,RH_TempPar_2,TempPar,TempPar,right,right
199,211,0.008928571428571428,cross_network_same_hemi,RH_TempPar_4,aGP-rh,TempPar,Pallidum_ant,right,right
199,226,0.004464285714285714,cross_hemi_diff_network,RH_TempPar_4,pGP-lh,TempPar,Pallidum_post,right,left
199,229,0.004464285714285714,cross_hemi_diff_network,RH_TempPar_4,pPUT-lh,TempPar,Putamen_post,right,left
200,50,0.004464285714285714,cross_hemi_diff_network,aHIP-rh,LH_LimbicB_OFC_1,Hippocampus_ant,LimbicB,right,left
200,52,0.004464285714285714,cross_hemi_diff_network,aHIP-rh,LH_LimbicA_TempPole_1,Hippocampus_ant,LimbicA,right,left
200,54,0.004464285714285714,cross_hemi_diff_network,aHIP-rh,LH_LimbicA_TempPole_3,Hippocampus_ant,LimbicA,right,left
200,97,0.004464285714285714,cross_hemi_diff_network,aHIP-rh,LH_DefaultC_PHC_1,Hippocampus_ant,DefaultC,right,left
200,158,0.004464285714285714,cross_network_same_hemi,aHIP-rh,RH_LimbicB_OFC_3,Hippocampus_ant,LimbicB,right,right
200,187,0.004464285714285714,cross_network_same_hemi,aHIP-rh,RH_DefaultA_PFCm_2,Hippocampus_ant,DefaultA,right,right
200,204,0.004464285714285714,cross_network_same_hemi,aHIP-rh,THA-DP-rh,Hippocampus_ant,Thalamus_DP,right,right
200,211,0.004464285714285714,cross_network_same_hemi,aHIP-rh,aGP-rh,Hippocampus_ant,Pallidum_ant,right,right
200,218,0.013392857142857142,cross_hemi_diff_network,aHIP-rh,lAMY-lh,Hippocampus_ant,Amygdala_lat,right,left
200,219,0.008928571428571428,cross_hemi_diff_network,aHIP-rh,mAMY-lh,Hippocampus_ant,Amygdala_med,right,left
200,220,0.008928571428571428,cross_hemi_diff_network,aHIP-rh,THA-DP-lh,Hippocampus_ant,Thalamus_DP,right,left
200,226,0.004464285714285714,cross_hemi_diff_network,aHIP-rh,pGP-lh,Hippocampus_ant,Pallidum_post,right,left
201,8,0.013392857142857142,cross_hemi_diff_network,pHIP-rh,LH_VisPeri_ExStrInf_3,Hippocampus_post,VisPeri,right,left
201,16,0.004464285714285714,cross_hemi_diff_network,pHIP-rh,LH_SomMotA_5,Hippocampus_post,SomMotA,right,left
201,36,0.004464285714285714,cross_hemi_diff_network,pHIP-rh,LH_DorsAttnB_PostC_3,Hippocampus_post,DorsAttnB,right,left
201,53,0.008928571428571428,cross_hemi_diff_network,pHIP-rh,LH_LimbicA_TempPole_2,Hippocampus_post,LimbicA,right,left
201,55,0.004464285714285714,cross_hemi_diff_network,pHIP-rh,LH_LimbicA_TempPole_4,Hippocampus_post,LimbicA,right,left
201,112,0.004464285714285714,cross_network_same_hemi,pHIP-rh,RH_SomMotA_1,Hippocampus_post,SomMotA,right,right
201,124,0.004464285714285714,cross_network_same_hemi,pHIP-rh,RH_SomMotB_Aud_2,Hippocampus_post,SomMotB,right,right
201,131,0.004464285714285714,cross_network_same_hemi,pHIP-rh,RH_DorsAttnA_ParOcc_1,Hippocampus_post,DorsAttnA,right,right
201,153,0.004464285714285714,cross_network_same_hemi,pHIP-rh,RH_SalVentAttnB_Ins_1,Hippocampus_post,SalVentAttnB,right,right
201,160,0.004464285714285714,cross_network_same_hemi,pHIP-rh,RH_LimbicA_TempPole_1,Hippocampus_post,LimbicA,right,right
201,162,0.022321428571428572,cross_network_same_hemi,pHIP-rh,RH_LimbicA_TempPole_3,Hippocampus_post,LimbicA,right,right
201,177,0.004464285714285714,cross_network_same_hemi,pHIP-rh,RH_ContB_PFClv_2,Hippocampus_post,ContB,right,right
201,187,0.022321428571428572,cross_network_same_hemi,pHIP-rh,RH_DefaultA_PFCm_2,Hippocampus_post,DefaultA,right,right
201,202,0.013392857142857142,cross_network_same_hemi,pHIP-rh,lAMY-rh,Hippocampus_post,Amygdala_lat,right,right
201,203,0.004464285714285714,cross_network_same_hemi,pHIP-rh,mAMY-rh,Hippocampus_post,Amygdala_med,right,right
201,204,0.004464285714285714,cross_network_same_hemi,pHIP-rh,THA-DP-rh,Hippocampus_post,Thalamus_DP,right,right
201,205,0.004464285714285714,cross_network_same_hemi,pHIP-rh,THA-VP-rh,Hippocampus_post,Thalamus_VP,right,right
201,210,0.004464285714285714,cross_network_same_hemi,pHIP-rh,pGP-rh,Hippocampus_post,Pallidum_post,right,right
201,211,0.008928571428571428,cross_network_same_hemi,pHIP-rh,aGP-rh,Hippocampus_post,Pallidum_ant,right,right
201,218,0.004464285714285714,cross_hemi_diff_network,pHIP-rh,lAMY-lh,Hippocampus_post,Amygdala_lat,right,left
201,219,0.008928571428571428,cross_hemi_diff_network,pHIP-rh,mAMY-lh,Hippocampus_post,Amygdala_med,right,left
201,221,0.004464285714285714,cross_hemi_diff_network,pHIP-rh,THA-VP-lh,Hippocampus_post,Thalamus_VP,right,left
202,0,0.004464285714285714,cross_hemi_diff_network,lAMY-rh,LH_VisCent_ExStr_2,Amygdala_lat,VisCent,right,left
202,8,0.004464285714285714,cross_hemi_diff_network,lAMY-rh,LH_VisPeri_ExStrInf_3,Amygdala_lat,VisPeri,right,left
202,50,0.008928571428571428,cross_hemi_diff_network,lAMY-rh,LH_LimbicB_OFC_1,Amygdala_lat,LimbicB,right,left
202,52,0.017857142857142856,cross_hemi_diff_network,lAMY-rh,LH_LimbicA_TempPole_1,Amygdala_lat,LimbicA,right,left
202,53,0.004464285714285714,cross_hemi_diff_network,lAMY-rh,LH_LimbicA_TempPole_2,Amygdala_lat,LimbicA,right,left
202,54,0.013392857142857142,cross_hemi_diff_network,lAMY-rh,LH_LimbicA_TempPole_3,Amygdala_lat,LimbicA,right,left
202,55,0.017857142857142856,cross_hemi_diff_network,lAMY-rh,LH_LimbicA_TempPole_4,Amygdala_lat,LimbicA,right,left
202,56,0.004464285714285714,cross_hemi_diff_network,lAMY-rh,LH_ContA_Temp_1,Amygdala_lat,ContA,right,left
202,62,0.004464285714285714,cross_hemi_diff_network,lAMY-rh,LH_ContA_PFCl_1,Amygdala_lat,ContA,right,left
202,84,0.004464285714285714,cross_hemi_diff_network,lAMY-rh,LH_DefaultB_Temp_3,Amygdala_lat,DefaultB,right,left
202,115,0.004464285714285714,cross_network_same_hemi,lAMY-rh,RH_SomMotA_4,Amygdala_lat,SomMotA,right,right
202,124,0.004464285714285714,cross_network_same_hemi,lAMY-rh,RH_SomMotB_Aud_2,Amygdala_lat,SomMotB,right,right
202,131,0.004464285714285714,cross_network_same_hemi,lAMY-rh,RH_DorsAttnA_ParOcc_1,Amygdala_lat,DorsAttnA,right,right
202,143,0.004464285714285714,cross_network_same_hemi,lAMY-rh,RH_SalVentAttnA_Ins_1,Amygdala_lat,SalVentAttnA,right,right
202,156,0.004464285714285714,cross_network_same_hemi,lAMY-rh,RH_LimbicB_OFC_1,Amygdala_lat,LimbicB,right,right
202,157,0.004464285714285714,cross_network_same_hemi,lAMY-rh,RH_LimbicB_OFC_2,Amygdala_lat,LimbicB,right,right
202,161,0.004464285714285714,cross_network_same_hemi,lAMY-rh,RH_LimbicA_TempPole_2,Amygdala_lat,LimbicA,right,right
202,162,0.017857142857142856,cross_network_same_hemi,lAMY-rh,RH_LimbicA_TempPole_3,Amygdala_lat,LimbicA,right,right
202,169,0.004464285714285714,cross_network_same_hemi,lAMY-rh,RH_ContA_Cingm_1,Amygdala_lat,ContA,right,right
202,171,0.004464285714285714,cross_network_same_hemi,lAMY-rh,RH_ContB_Temp_2,Amygdala_lat,ContB,right,right
202,195,0.004464285714285714,cross_network_same_hemi,lAMY-rh,RH_DefaultC_PHC_1,Amygdala_lat,DefaultC,right,right
202,201,0.004464285714285714,cross_network_same_hemi,lAMY-rh,pHIP-rh,Amygdala_lat,Hippocampus_post,right,right
202,204,0.004464285714285714,cross_network_same_hemi,lAMY-rh,THA-DP-rh,Amygdala_lat,Thalamus_DP,right,right
202,205,0.004464285714285714,cross_network_same_hemi,lAMY-rh,THA-VP-rh,Amygdala_lat,Thalamus_VP,right,right
202,216,0.004464285714285714,cross_hemi_diff_network,lAMY-rh,aHIP-lh,Amygdala_lat,Hippocampus_ant,right,left
202,217,0.008928571428571428,cross_hemi_diff_network,lAMY-rh,pHIP-lh,Amygdala_lat,Hippocampus_post,right,left
202,218,0.008928571428571428,within_network,lAMY-rh,lAMY-lh,Amygdala_lat,Amygdala_lat,right,left
202,219,0.017857142857142856,cross_hemi_diff_network,lAMY-rh,mAMY-lh,Amygdala_lat,Amygdala_med,right,left
202,220,0.008928571428571428,cross_hemi_diff_network,lAMY-rh,THA-DP-lh,Amygdala_lat,Thalamus_DP,right,left
202,221,0.004464285714285714,cross_hemi_diff_network,lAMY-rh,THA-VP-lh,Amygdala_lat,Thalamus_VP,right,left
202,226,0.004464285714285714,cross_hemi_diff_network,lAMY-rh,pGP-lh,Amygdala_lat,Pallidum_post,right,left
202,231,0.004464285714285714,cross_hemi_diff_network,lAMY-rh,pCAU-lh,Amygdala_lat,Caudate_post,right,left
203,34,0.004464285714285714,cross_hemi_diff_network,mAMY-rh,LH_DorsAttnB_PostC_1,Amygdala_med,DorsAttnB,right,left
203,50,0.013392857142857142,cross_hemi_diff_network,mAMY-rh,LH_LimbicB_OFC_1,Amygdala_med,LimbicB,right,left
203,53,0.008928571428571428,cross_hemi_diff_network,mAMY-rh,LH_LimbicA_TempPole_2,Amygdala_med,LimbicA,right,left
203,54,0.008928571428571428,cross_hemi_diff_network,mAMY-rh,LH_LimbicA_TempPole_3,Amygdala_med,LimbicA,right,left
203,55,0.008928571428571428,cross_hemi_diff_network,mAMY-rh,LH_LimbicA_TempPole_4,Amygdala_med,LimbicA,right,left
203,142,0.004464285714285714,cross_network_same_hemi,mAMY-rh,RH_SalVentAttnA_PrC_1,Amygdala_med,SalVentAttnA,right,right
203,160,0.004464285714285714,cross_network_same_hemi,mAMY-rh,RH_LimbicA_TempPole_1,Amygdala_med,LimbicA,right,right
203,162,0.008928571428571428,cross_network_same_hemi,mAMY-rh,RH_LimbicA_TempPole_3,Amygdala_med,LimbicA,right,right
203,163,0.004464285714285714,cross_network_same_hemi,mAMY-rh,RH_LimbicA_TempPole_4,Amygdala_med,LimbicA,right,right
203,169,0.004464285714285714,cross_network_same_hemi,mAMY-rh,RH_ContA_Cingm_1,Amygdala_med,ContA,right,right
203,201,0.004464285714285714,cross_network_same_hemi,mAMY-rh,pHIP-rh,Amygdala_med,Hippocampus_post,right,right
203,204,0.004464285714285714,cross_network_same_hemi,mAMY-rh,THA-DP-rh,Amygdala_med,Thalamus_DP,right,right
203,210,0.008928571428571428,cross_network_same_hemi,mAMY-rh,pGP-rh,Amygdala_med,Pallidum_post,right,right
203,211,0.004464285714285714,cross_network_same_hemi,mAMY-rh,aGP-rh,Amygdala_med,Pallidum_ant,right,right
203,216,0.004464285714285714,cross_hemi_diff_network,mAMY-rh,aHIP-lh,Amygdala_med,Hippocampus_ant,right,left
203,217,0.008928571428571428,cross_hemi_diff_network,mAMY-rh,pHIP-lh,Amygdala_med,Hippocampus_post,right,left
203,218,0.017857142857142856,cross_hemi_diff_network,mAMY-rh,lAMY-lh,Amygdala_med,Amygdala_lat,right,left
203,221,0.004464285714285714,cross_hemi_diff_network,mAMY-rh,THA-VP-lh,Amygdala_med,Thalamus_VP,right,left
203,226,0.004464285714285714,cross_hemi_diff_network,mAMY-rh,pGP-lh,Amygdala_med,Pallidum_post,right,left
203,227,0.008928571428571428,cross_hemi_diff_network,mAMY-rh,aGP-lh,Amygdala_med,Pallidum_ant,right,left
204,3,0.004464285714285714,cross_hemi_diff_network,THA-DP-rh,LH_VisCent_ExStr_3,Thalamus_DP,VisCent,right,left
204,8,0.013392857142857142,cross_hemi_diff_network,THA-DP-rh,LH_VisPeri_ExStrInf_3,Thalamus_DP,VisPeri,right,left
204,22,0.004464285714285714,cross_hemi_diff_network,THA-DP-rh,LH_SomMotB_S2_1,Thalamus_DP,SomMotB,right,left
204,24,0.004464285714285714,cross_hemi_diff_network,THA-DP-rh,LH_SomMotB_Aud_3,Thalamus_DP,SomMotB,right,left
204,28,0.004464285714285714,cross_hemi_diff_network,THA-DP-rh,LH_DorsAttnA_TempOcc_1,Thalamus_DP,DorsAttnA,right,left
204,29,0.004464285714285714,cross_hemi_diff_network,THA-DP-rh,LH_DorsAttnA_TempOcc_2,Thalamus_DP,DorsAttnA,right,left
204,31,0.004464285714285714,cross_hemi_diff_network,THA-DP-rh,LH_DorsAttnA_SPL_1,Thalamus_DP,DorsAttnA,right,left
204,34,0.004464285714285714,cross_hemi_diff_network,THA-DP-rh,LH_DorsAttnB_PostC_1,Thalamus_DP,DorsAttnB,right,left
204,55,0.004464285714285714,cross_hemi_diff_network,THA-DP-rh,LH_LimbicA_TempPole_4,Thalamus_DP,LimbicA,right,left
204,56,0.004464285714285714,cross_hemi_diff_network,THA-DP-rh,LH_ContA_Temp_1,Thalamus_DP,ContA,right,left
204,95,0.004464285714285714,cross_hemi_diff_network,THA-DP-rh,LH_DefaultC_IPL_1,Thalamus_DP,DefaultC,right,left
204,98,0.004464285714285714,cross_hemi_diff_network,THA-DP-rh,LH_TempPar_1,Thalamus_DP,TempPar,right,left
204,99,0.004464285714285714,cross_hemi_diff_network,THA-DP-rh,LH_TempPar_2,Thalamus_DP,TempPar,right,left
204,111,0.004464285714285714,cross_network_same_hemi,THA-DP-rh,RH_VisPeri_ExStrSup_3,Thalamus_DP,VisPeri,right,right
204,119,0.004464285714285714,cross_network_same_hemi,THA-DP-rh,RH_SomMotA_8,Thalamus_DP,SomMotA,right,right
204,126,0.004464285714285714,cross_network_same_hemi,THA-DP-rh,RH_SomMotB_S2_2,Thalamus_DP,SomMotB,right,right
204,130,0.004464285714285714,cross_network_same_hemi,THA-DP-rh,RH_DorsAttnA_TempOcc_1,Thalamus_DP,DorsAttnA,right,right
204,142,0.004464285714285714,cross_network_same_hemi,THA-DP-rh,RH_SalVentAttnA_PrC_1,Thalamus_DP,SalVentAttnA,right,right
204,176,0.004464285714285714,cross_network_same_hemi,THA-DP-rh,RH_ContB_PFClv_1,Thalamus_DP,ContB,right,right
204,187,0.008928571428571428,cross_network_same_hemi,THA-DP-rh,RH_DefaultA_PFCm_2,Thalamus_DP,DefaultA,right,right
204,200,0.004464285714285714,cross_network_same_hemi,THA-DP-rh,aHIP-rh,Thalamus_DP,Hippocampus_ant,right,right
204,202,0.004464285714285714,cross_network_same_hemi,THA-DP-rh,lAMY-rh,Thalamus_DP,Amygdala_lat,right,right
204,208,0.004464285714285714,cross_network_same_hemi,THA-DP-rh,NAc-shell-rh,Thalamus_DP,Accumbens_shell,right,right
204,210,0.017857142857142856,cross_network_same_hemi,THA-DP-rh,pGP-rh,Thalamus_DP,Pallidum_post,right,right
204,217,0.017857142857142856,cross_hemi_diff_network,THA-DP-rh,pHIP-lh,Thalamus_DP,Hippocampus_post,right,left
204,218,0.004464285714285714,cross_hemi_diff_network,THA-DP-rh,lAMY-lh,Thalamus_DP,Amygdala_lat,right,left
204,220,0.004464285714285714,within_network,THA-DP-rh,THA-DP-lh,Thalamus_DP,Thalamus_DP,right,left
204,221,0.026785714285714284,cross_hemi_diff_network,THA-DP-rh,THA-VP-lh,Thalamus_DP,Thalamus_VP,right,left
204,223,0.004464285714285714,cross_hemi_diff_network,THA-DP-rh,THA-DA-lh,Thalamus_DP,Thalamus_DA,right,left
204,226,0.022321428571428572,cross_hemi_diff_network,THA-DP-rh,pGP-lh,Thalamus_DP,Pallidum_post,right,left
204,227,0.004464285714285714,cross_hemi_diff_network,THA-DP-rh,aGP-lh,Thalamus_DP,Pallidum_ant,right,left
205,8,0.004464285714285714,cross_hemi_diff_network,THA-VP-rh,LH_VisPeri_ExStrInf_3,Thalamus_VP,VisPeri,right,left
205,20,0.004464285714285714,cross_hemi_diff_network,THA-VP-rh,LH_SomMotB_Aud_1,Thalamus_VP,SomMotB,right,left
205,22,0.004464285714285714,cross_hemi_diff_network,THA-VP-rh,LH_SomMotB_S2_1,Thalamus_VP,SomMotB,right,left
205,46,0.004464285714285714,cross_hemi_diff_network,THA-VP-rh,LH_SalVentAttnB_IPL_1,Thalamus_VP,SalVentAttnB,right,left
205,53,0.004464285714285714,cross_hemi_diff_network,THA-VP-rh,LH_LimbicA_TempPole_2,Thalamus_VP,LimbicA,right,left
205,119,0.004464285714285714,cross_network_same_hemi,THA-VP-rh,RH_SomMotA_8,Thalamus_VP,SomMotA,right,right
205,139,0.004464285714285714,cross_network_same_hemi,THA-VP-rh,RH_DorsAttnB_PostC_4,Thalamus_VP,DorsAttnB,right,right
205,143,0.008928571428571428,cross_network_same_hemi,THA-VP-rh,RH_SalVentAttnA_Ins_1,Thalamus_VP,SalVentAttnA,right,right
205,147,0.004464285714285714,cross_network_same_hemi,THA-VP-rh,RH_SalVentAttnA_ParMed_1,Thalamus_VP,SalVentAttnA,right,right
205,155,0.004464285714285714,cross_network_same_hemi,THA-VP-rh,RH_SalVentAttnB_PFCmp_1,Thalamus_VP,SalVentAttnB,right,right
205,202,0.008928571428571428,cross_network_same_hemi,THA-VP-rh,lAMY-rh,Thalamus_VP,Amygdala_lat,right,right
205,209,0.008928571428571428,cross_network_same_hemi,THA-VP-rh,NAc-core-rh,Thalamus_VP,Accumbens_core,right,right
205,210,0.008928571428571428,cross_network_same_hemi,THA-VP-rh,pGP-rh,Thalamus_VP,Pallidum_post,right,right
205,211,0.004464285714285714,cross_network_same_hemi,THA-VP-rh,aGP-rh,Thalamus_VP,Pallidum_ant,right,right
205,220,0.04017857142857143,cross_hemi_diff_network,THA-VP-rh,THA-DP-lh,Thalamus_VP,Thalamus_DP,right,left
205,222,0.004464285714285714,cross_hemi_diff_network,THA-VP-rh,THA-VA-lh,Thalamus_VP,Thalamus_VA,right,left
205,223,0.004464285714285714,cross_hemi_diff_network,THA-VP-rh,THA-DA-lh,Thalamus_VP,Thalamus_DA,right,left
205,226,0.004464285714285714,cross_hemi_diff_network,THA-VP-rh,pGP-lh,Thalamus_VP,Pallidum_post,right,left
205,227,0.013392857142857142,cross_hemi_diff_network,THA-VP-rh,aGP-lh,Thalamus_VP,Pallidum_ant,right,left
205,228,0.004464285714285714,cross_hemi_diff_network,THA-VP-rh,aPUT-lh,Thalamus_VP,Putamen_ant,right,left
206,24,0.004464285714285714,cross_hemi_diff_network,THA-VA-rh,LH_SomMotB_Aud_3,Thalamus_VA,SomMotB,right,left
206,144,0.004464285714285714,cross_network_same_hemi,THA-VA-rh,RH_SalVentAttnA_Ins_2,Thalamus_VA,SalVentAttnA,right,right
206,201,0.004464285714285714,cross_network_same_hemi,THA-VA-rh,pHIP-rh,Thalamus_VA,Hippocampus_post,right,right
206,204,0.004464285714285714,cross_network_same_hemi,THA-VA-rh,THA-DP-rh,Thalamus_VA,Thalamus_DP,right,right
206,210,0.004464285714285714,cross_network_same_hemi,THA-VA-rh,pGP-rh,Thalamus_VA,Pallidum_post,right,right
206,211,0.008928571428571428,cross_network_same_hemi,THA-VA-rh,aGP-rh,Thalamus_VA,Pallidum_ant,right,right
206,221,0.004464285714285714,cross_hemi_diff_network,THA-VA-rh,THA-VP-lh,Thalamus_VA,Thalamus_VP,right,left
206,223,0.013392857142857142,cross_hemi_diff_network,THA-VA-rh,THA-DA-lh,Thalamus_VA,Thalamus_DA,right,left
206,226,0.008928571428571428,cross_hemi_diff_network,THA-VA-rh,pGP-lh,Thalamus_VA,Pallidum_post,right,left
206,227,0.013392857142857142,cross_hemi_diff_network,THA-VA-rh,aGP-lh,Thalamus_VA,Pallidum_ant,right,left
207,22,0.004464285714285714,cross_hemi_diff_network,THA-DA-rh,LH_SomMotB_S2_1,Thalamus_DA,SomMotB,right,left
207,38,0.004464285714285714,cross_hemi_diff_network,THA-DA-rh,LH_DorsAttnB_FEF_1,Thalamus_DA,DorsAttnB,right,left
207,60,0.004464285714285714,cross_hemi_diff_network,THA-DA-rh,LH_ContA_PFCd_1,Thalamus_DA,ContA,right,left
207,125,0.004464285714285714,cross_network_same_hemi,THA-DA-rh,RH_SomMotB_S2_1,Thalamus_DA,SomMotB,right,right
207,142,0.008928571428571428,cross_network_same_hemi,THA-DA-rh,RH_SalVentAttnA_PrC_1,Thalamus_DA,SalVentAttnA,right,right
207,143,0.004464285714285714,cross_network_same_hemi,THA-DA-rh,RH_SalVentAttnA_Ins_1,Thalamus_DA,SalVentAttnA,right,right
207,201,0.004464285714285714,cross_network_same_hemi,THA-DA-rh,pHIP-rh,Thalamus_DA,Hippocampus_post,right,right
207,208,0.008928571428571428,cross_network_same_hemi,THA-DA-rh,NAc-shell-rh,Thalamus_DA,Accumbens_shell,right,right
207,210,0.004464285714285714,cross_network_same_hemi,THA-DA-rh,pGP-rh,Thalamus_DA,Pallidum_post,right,right
207,211,0.017857142857142856,cross_network_same_hemi,THA-DA-rh,aGP-rh,Thalamus_DA,Pallidum_ant,right,right
207,216,0.004464285714285714,cross_hemi_diff_network,THA-DA-rh,aHIP-lh,Thalamus_DA,Hippocampus_ant,right,left
207,220,0.008928571428571428,cross_hemi_diff_network,THA-DA-rh,THA-DP-lh,Thalamus_DA,Thalamus_DP,right,left
207,221,0.004464285714285714,cross_hemi_diff_network,THA-DA-rh,THA-VP-lh,Thalamus_DA,Thalamus_VP,right,left
207,222,0.004464285714285714,cross_hemi_diff_network,THA-DA-rh,THA-VA-lh,Thalamus_DA,Thalamus_VA,right,left
207,226,0.013392857142857142,cross_hemi_diff_network,THA-DA-rh,pGP-lh,Thalamus_DA,Pallidum_post,right,left
207,227,0.008928571428571428,cross_hemi_diff_network,THA-DA-rh,aGP-lh,Thalamus_DA,Pallidum_ant,right,left
208,30,0.004464285714285714,cross_hemi_diff_network,NAc-shell-rh,LH_DorsAttnA_ParOcc_1,Accumbens_shell,DorsAttnA,right,left
208,47,0.004464285714285714,cross_hemi_diff_network,NAc-shell-rh,LH_SalVentAttnB_PFCl_1,Accumbens_shell,SalVentAttnB,right,left
208,49,0.004464285714285714,cross_hemi_diff_network,NAc-shell-rh,LH_SalVentAttnB_PFCmp_1,Accumbens_shell,SalVentAttnB,right,left
208,55,0.008928571428571428,cross_hemi_diff_network,NAc-shell-rh,LH_LimbicA_TempPole_4,Accumbens_shell,LimbicA,right,left
208,56,0.008928571428571428,cross_hemi_diff_network,NAc-shell-rh,LH_ContA_Temp_1,Accumbens_shell,ContA,right,left
208,92,0.008928571428571428,cross_hemi_diff_network,NAc-shell-rh,LH_DefaultB_PFCv_2,Accumbens_shell,DefaultB,right,left
208,114,0.004464285714285714,cross_network_same_hemi,NAc-shell-rh,RH_SomMotA_3,Accumbens_shell,SomMotA,right,right
208,153,0.008928571428571428,cross_network_same_hemi,NAc-shell-rh,RH_SalVentAttnB_Ins_1,Accumbens_shell,SalVentAttnB,right,right
208,155,0.004464285714285714,cross_network_same_hemi,NAc-shell-rh,RH_SalVentAttnB_PFCmp_1,Accumbens_shell,SalVentAttnB,right,right
208,156,0.004464285714285714,cross_network_same_hemi,NAc-shell-rh,RH_LimbicB_OFC_1,Accumbens_shell,LimbicB,right,right
208,174,0.004464285714285714,cross_network_same_hemi,NAc-shell-rh,RH_ContB_PFCld_1,Accumbens_shell,ContB,right,right
208,199,0.004464285714285714,cross_network_same_hemi,NAc-shell-rh,RH_TempPar_4,Accumbens_shell,TempPar,right,right
208,201,0.008928571428571428,cross_network_same_hemi,NAc-shell-rh,pHIP-rh,Accumbens_shell,Hippocampus_post,right,right
208,202,0.008928571428571428,cross_network_same_hemi,NAc-shell-rh,lAMY-rh,Accumbens_shell,Amygdala_lat,right,right
208,204,0.004464285714285714,cross_network_same_hemi,NAc-shell-rh,THA-DP-rh,Accumbens_shell,Thalamus_DP,right,right
208,210,0.004464285714285714,cross_network_same_hemi,NAc-shell-rh,pGP-rh,Accumbens_shell,Pallidum_post,right,right
208,211,0.008928571428571428,cross_network_same_hemi,NAc-shell-rh,aGP-rh,Accumbens_shell,Pallidum_ant,right,right
208,214,0.008928571428571428,cross_network_same_hemi,NAc-shell-rh,aCAU-rh,Accumbens_shell,Caudate_ant,right,right
208,220,0.004464285714285714,cross_hemi_diff_network,NAc-shell-rh,THA-DP-lh,Accumbens_shell,Thalamus_DP,right,left
208,224,0.013392857142857142,within_network,NAc-shell-rh,NAc-shell-lh,Accumbens_shell,Accumbens_shell,right,left
208,225,0.022321428571428572,cross_hemi_diff_network,NAc-shell-rh,NAc-core-lh,Accumbens_shell,Accumbens_core,right,left
208,226,0.008928571428571428,cross_hemi_diff_network,NAc-shell-rh,pGP-lh,Accumbens_shell,Pallidum_post,right,left
208,227,0.026785714285714284,cross_hemi_diff_network,NAc-shell-rh,aGP-lh,Accumbens_shell,Pallidum_ant,right,left
209,55,0.008928571428571428,cross_hemi_diff_network,NAc-core-rh,LH_LimbicA_TempPole_4,Accumbens_core,LimbicA,right,left
209,78,0.004464285714285714,cross_hemi_diff_network,NAc-core-rh,LH_DefaultA_pCunPCC_3,Accumbens_core,DefaultA,right,left
209,90,0.004464285714285714,cross_hemi_diff_network,NAc-core-rh,LH_DefaultB_PFCd_4,Accumbens_core,DefaultB,right,left
209,92,0.004464285714285714,cross_hemi_diff_network,NAc-core-rh,LH_DefaultB_PFCv_2,Accumbens_core,DefaultB,right,left
209,142,0.004464285714285714,cross_network_same_hemi,NAc-core-rh,RH_SalVentAttnA_PrC_1,Accumbens_core,SalVentAttnA,right,right
209,153,0.004464285714285714,cross_network_same_hemi,NAc-core-rh,RH_SalVentAttnB_Ins_1,Accumbens_core,SalVentAttnB,right,right
209,187,0.017857142857142856,cross_network_same_hemi,NAc-core-rh,RH_DefaultA_PFCm_2,Accumbens_core,DefaultA,right,right
209,196,0.004464285714285714,cross_network_same_hemi,NAc-core-rh,RH_TempPar_1,Accumbens_core,TempPar,right,right
209,205,0.004464285714285714,cross_network_same_hemi,NAc-core-rh,THA-VP-rh,Accumbens_core,Thalamus_VP,right,right
209,210,0.008928571428571428,cross_network_same_hemi,NAc-core-rh,pGP-rh,Accumbens_core,Pallidum_post,right,right
209,211,0.004464285714285714,cross_network_same_hemi,NAc-core-rh,aGP-rh,Accumbens_core,Pallidum_ant,right,right
209,224,0.013392857142857142,cross_hemi_diff_network,NAc-core-rh,NAc-shell-lh,Accumbens_core,Accumbens_shell,right,left
209,226,0.013392857142857142,cross_hemi_diff_network,NAc-core-rh,pGP-lh,Accumbens_core,Pallidum_post,right,left
209,227,0.013392857142857142,cross_hemi_diff_network,NAc-core-rh,aGP-lh,Accumbens_core,Pallidum_ant,right,left
209,231,0.008928571428571428,cross_hemi_diff_network,NAc-core-rh,pCAU-lh,Accumbens_core,Caudate_post,right,left
210,0,0.008928571428571428,cross_hemi_diff_network,pGP-rh,LH_VisCent_ExStr_2,Pallidum_post,VisCent,right,left
210,8,0.008928571428571428,cross_hemi_diff_network,pGP-rh,LH_VisPeri_ExStrInf_3,Pallidum_post,VisPeri,right,left
210,12,0.004464285714285714,cross_hemi_diff_network,pGP-rh,LH_SomMotA_1,Pallidum_post,SomMotA,right,left
210,17,0.004464285714285714,cross_hemi_diff_network,pGP-rh,LH_SomMotA_6,Pallidum_post,SomMotA,right,left
210,22,0.008928571428571428,cross_hemi_diff_network,pGP-rh,LH_SomMotB_S2_1,Pallidum_post,SomMotB,right,left
210,25,0.004464285714285714,cross_hemi_diff_network,pGP-rh,LH_SomMotB_S2_3,Pallidum_post,SomMotB,right,left
210,30,0.004464285714285714,cross_hemi_diff_network,pGP-rh,LH_DorsAttnA_ParOcc_1,Pallidum_post,DorsAttnA,right,left
210,35,0.004464285714285714,cross_hemi_diff_network,pGP-rh,LH_DorsAttnB_PostC_2,Pallidum_post,DorsAttnB,right,left
210,40,0.004464285714285714,cross_hemi_diff_network,pGP-rh,LH_SalVentAttnA_Ins_1,Pallidum_post,SalVentAttnA,right,left
210,43,0.004464285714285714,cross_hemi_diff_network,pGP-rh,LH_SalVentAttnA_ParMed_1,Pallidum_post,SalVentAttnA,right,left
210,46,0.008928571428571428,cross_hemi_diff_network,pGP-rh,LH_SalVentAttnB_IPL_1,Pallidum_post,SalVentAttnB,right,left
210,50,0.004464285714285714,cross_hemi_diff_network,pGP-rh,LH_LimbicB_OFC_1,Pallidum_post,LimbicB,right,left
210,52,0.004464285714285714,cross_hemi_diff_network,pGP-rh,LH_LimbicA_TempPole_1,Pallidum_post,LimbicA,right,left
210,53,0.013392857142857142,cross_hemi_diff_network,pGP-rh,LH_LimbicA_TempPole_2,Pallidum_post,LimbicA,right,left
210,54,0.004464285714285714,cross_hemi_diff_network,pGP-rh,LH_LimbicA_TempPole_3,Pallidum_post,LimbicA,right,left
210,55,0.004464285714285714,cross_hemi_diff_network,pGP-rh,LH_LimbicA_TempPole_4,Pallidum_post,LimbicA,right,left
210,62,0.004464285714285714,cross_hemi_diff_network,pGP-rh,LH_ContA_PFCl_1,Pallidum_post,ContA,right,left
210,92,0.008928571428571428,cross_hemi_diff_network,pGP-rh,LH_DefaultB_PFCv_2,Pallidum_post,DefaultB,right,left
210,99,0.004464285714285714,cross_hemi_diff_network,pGP-rh,LH_TempPar_2,Pallidum_post,TempPar,right,left
210,109,0.004464285714285714,cross_network_same_hemi,pGP-rh,RH_VisPeri_ExStrSup_1,Pallidum_post,VisPeri,right,right
210,124,0.004464285714285714,cross_network_same_hemi,pGP-rh,RH_SomMotB_Aud_2,Pallidum_post,SomMotB,right,right
210,128,0.004464285714285714,cross_network_same_hemi,pGP-rh,RH_SomMotB_S2_4,Pallidum_post,SomMotB,right,right
210,142,0.004464285714285714,cross_network_same_hemi,pGP-rh,RH_SalVentAttnA_PrC_1,Pallidum_post,SalVentAttnA,right,right
210,143,0.008928571428571428,cross_network_same_hemi,pGP-rh,RH_SalVentAttnA_Ins_1,Pallidum_post,SalVentAttnA,right,right
210,145,0.004464285714285714,cross_network_same_hemi,pGP-rh,RH_SalVentAttnA_FrOper_1,Pallidum_post,SalVentAttnA,right,right
210,150,0.004464285714285714,cross_network_same_hemi,pGP-rh,RH_SalVentAttnB_IPL_1,Pallidum_post,SalVentAttnB,right,right
210,152,0.004464285714285714,cross_network_same_hemi,pGP-rh,RH_SalVentAttnB_PFCl_1,Pallidum_post,SalVentAttnB,right,right
210,153,0.004464285714285714,cross_network_same_hemi,pGP-rh,RH_SalVentAttnB_Ins_1,Pallidum_post,SalVentAttnB,right,right
210,156,0.004464285714285714,cross_network_same_hemi,pGP-rh,RH_LimbicB_OFC_1,Pallidum_post,LimbicB,right,right
210,161,0.013392857142857142,cross_network_same_hemi,pGP-rh,RH_LimbicA_TempPole_2,Pallidum_post,LimbicA,right,right
210,162,0.004464285714285714,cross_network_same_hemi,pGP-rh,RH_LimbicA_TempPole_3,Pallidum_post,LimbicA,right,right
210,163,0.004464285714285714,cross_network_same_hemi,pGP-rh,RH_LimbicA_TempPole_4,Pallidum_post,LimbicA,right,right
210,169,0.004464285714285714,cross_network_same_hemi,pGP-rh,RH_ContA_Cingm_1,Pallidum_post,ContA,right,right
210,187,0.008928571428571428,cross_network_same_hemi,pGP-rh,RH_DefaultA_PFCm_2,Pallidum_post,DefaultA,right,right
210,201,0.004464285714285714,cross_network_same_hemi,pGP-rh,pHIP-rh,Pallidum_post,Hippocampus_post,right,right
210,202,0.013392857142857142,cross_network_same_hemi,pGP-rh,lAMY-rh,Pallidum_post,Amygdala_lat,right,right
210,203,0.008928571428571428,cross_network_same_hemi,pGP-rh,mAMY-rh,Pallidum_post,Amygdala_med,right,right
210,204,0.022321428571428572,cross_network_same_hemi,pGP-rh,THA-DP-rh,Pallidum_post,Thalamus_DP,right,right
210,205,0.013392857142857142,cross_network_same_hemi,pGP-rh,THA-VP-rh,Pallidum_post,Thalamus_VP,right,right
210,206,0.004464285714285714,cross_network_same_hemi,pGP-rh,THA-VA-rh,Pallidum_post,Thalamus_VA,right,right
210,208,0.004464285714285714,cross_network_same_hemi,pGP-rh,NAc-shell-rh,Pallidum_post,Accumbens_shell,right,right
210,211,0.013392857142857142,cross_network_same_hemi,pGP-rh,aGP-rh,Pallidum_post,Pallidum_ant,right,right
210,217,0.013392857142857142,cross_hemi_diff_network,pGP-rh,pHIP-lh,Pallidum_post,Hippocampus_post,right,left
210,218,0.022321428571428572,cross_hemi_diff_network,pGP-rh,lAMY-lh,Pallidum_post,Amygdala_lat,right,left
210,220,0.026785714285714284,cross_hemi_diff_network,pGP-rh,THA-DP-lh,Pallidum_post,Thalamus_DP,right,left
210,222,0.004464285714285714,cross_hemi_diff_network,pGP-rh,THA-VA-lh,Pallidum_post,Thalamus_VA,right,left
210,223,0.008928571428571428,cross_hemi_diff_network,pGP-rh,THA-DA-lh,Pallidum_post,Thalamus_DA,right,left
210,224,0.013392857142857142,cross_hemi_diff_network,pGP-rh,NAc-shell-lh,Pallidum_post,Accumbens_shell,right,left
210,225,0.008928571428571428,cross_hemi_diff_network,pGP-rh,NAc-core-lh,Pallidum_post,Accumbens_core,right,left
210,226,0.03571428571428571,within_network,pGP-rh,pGP-lh,Pallidum_post,Pallidum_post,right,left
210,227,0.11607142857142858,cross_hemi_diff_network,pGP-rh,aGP-lh,Pallidum_post,Pallidum_ant,right,left
210,229,0.004464285714285714,cross_hemi_diff_network,pGP-rh,pPUT-lh,Pallidum_post,Putamen_post,right,left
211,8,0.004464285714285714,cross_hemi_diff_network,aGP-rh,LH_VisPeri_ExStrInf_3,Pallidum_ant,VisPeri,right,left
211,30,0.004464285714285714,cross_hemi_diff_network,aGP-rh,LH_DorsAttnA_ParOcc_1,Pallidum_ant,DorsAttnA,right,left
211,43,0.004464285714285714,cross_hemi_diff_network,aGP-rh,LH_SalVentAttnA_ParMed_1,Pallidum_ant,SalVentAttnA,right,left
211,47,0.004464285714285714,cross_hemi_diff_network,aGP-rh,LH_SalVentAttnB_PFCl_1,Pallidum_ant,SalVentAttnB,right,left
211,49,0.004464285714285714,cross_hemi_diff_network,aGP-rh,LH_SalVentAttnB_PFCmp_1,Pallidum_ant,SalVentAttnB,right,left
211,50,0.008928571428571428,cross_hemi_diff_network,aGP-rh,LH_LimbicB_OFC_1,Pallidum_ant,LimbicB,right,left
211,55,0.008928571428571428,cross_hemi_diff_network,aGP-rh,LH_LimbicA_TempPole_4,Pallidum_ant,LimbicA,right,left
211,60,0.004464285714285714,cross_hemi_diff_network,aGP-rh,LH_ContA_PFCd_1,Pallidum_ant,ContA,right,left
211,61,0.004464285714285714,cross_hemi_diff_network,aGP-rh,LH_ContA_PFClv_1,Pallidum_ant,ContA,right,left
211,63,0.004464285714285714,cross_hemi_diff_network,aGP-rh,LH_ContA_PFCl_2,Pallidum_ant,ContA,right,left
211,92,0.004464285714285714,cross_hemi_diff_network,aGP-rh,LH_DefaultB_PFCv_2,Pallidum_ant,DefaultB,right,left
211,99,0.004464285714285714,cross_hemi_diff_network,aGP-rh,LH_TempPar_2,Pallidum_ant,TempPar,right,left
211,121,0.004464285714285714,cross_network_same_hemi,aGP-rh,RH_SomMotA_10,Pallidum_ant,SomMotA,right,right
211,140,0.004464285714285714,cross_network_same_hemi,aGP-rh,RH_DorsAttnB_FEF_1,Pallidum_ant,DorsAttnB,right,right
211,142,0.004464285714285714,cross_network_same_hemi,aGP-rh,RH_SalVentAttnA_PrC_1,Pallidum_ant,SalVentAttnA,right,right
211,143,0.008928571428571428,cross_network_same_hemi,aGP-rh,RH_SalVentAttnA_Ins_1,Pallidum_ant,SalVentAttnA,right,right
211,147,0.004464285714285714,cross_network_same_hemi,aGP-rh,RH_SalVentAttnA_ParMed_1,Pallidum_ant,SalVentAttnA,right,right
211,149,0.004464285714285714,cross_network_same_hemi,aGP-rh,RH_SalVentAttnA_FrMed_2,Pallidum_ant,SalVentAttnA,right,right
211,150,0.008928571428571428,cross_network_same_hemi,aGP-rh,RH_SalVentAttnB_IPL_1,Pallidum_ant,SalVentAttnB,right,right
211,153,0.008928571428571428,cross_network_same_hemi,aGP-rh,RH_SalVentAttnB_Ins_1,Pallidum_ant,SalVentAttnB,right,right
211,156,0.004464285714285714,cross_network_same_hemi,aGP-rh,RH_LimbicB_OFC_1,Pallidum_ant,LimbicB,right,right
211,157,0.008928571428571428,cross_network_same_hemi,aGP-rh,RH_LimbicB_OFC_2,Pallidum_ant,LimbicB,right,right
211,161,0.008928571428571428,cross_network_same_hemi,aGP-rh,RH_LimbicA_TempPole_2,Pallidum_ant,LimbicA,right,right
211,162,0.004464285714285714,cross_network_same_hemi,aGP-rh,RH_LimbicA_TempPole_3,Pallidum_ant,LimbicA,right,right
211,167,0.004464285714285714,cross_network_same_hemi,aGP-rh,RH_ContA_PFCl_1,Pallidum_ant,ContA,right,right
211,169,0.004464285714285714,cross_network_same_hemi,aGP-rh,RH_ContA_Cingm_1,Pallidum_ant,ContA,right,right
211,173,0.004464285714285714,cross_network_same_hemi,aGP-rh,RH_ContB_IPL_2,Pallidum_ant,ContB,right,right
211,174,0.004464285714285714,cross_network_same_hemi,aGP-rh,RH_ContB_PFCld_1,Pallidum_ant,ContB,right,right
211,177,0.004464285714285714,cross_network_same_hemi,aGP-rh,RH_ContB_PFClv_2,Pallidum_ant,ContB,right,right
211,187,0.022321428571428572,cross_network_same_hemi,aGP-rh,RH_DefaultA_PFCm_2,Pallidum_ant,DefaultA,right,right
211,193,0.004464285714285714,cross_network_same_hemi,aGP-rh,RH_DefaultC_IPL_1,Pallidum_ant,DefaultC,right,right
211,198,0.004464285714285714,cross_network_same_hemi,aGP-rh,RH_TempPar_3,Pallidum_ant,TempPar,right,right
211,201,0.008928571428571428,cross_network_same_hemi,aGP-rh,pHIP-rh,Pallidum_ant,Hippocampus_post,right,right
211,202,0.004464285714285714,cross_network_same_hemi,aGP-rh,lAMY-rh,Pallidum_ant,Amygdala_lat,right,right
211,204,0.013392857142857142,cross_network_same_hemi,aGP-rh,THA-DP-rh,Pallidum_ant,Thalamus_DP,right,right
211,205,0.013392857142857142,cross_network_same_hemi,aGP-rh,THA-VP-rh,Pallidum_ant,Thalamus_VP,right,right
211,206,0.004464285714285714,cross_network_same_hemi,aGP-rh,THA-VA-rh,Pallidum_ant,Thalamus_VA,right,right
211,207,0.004464285714285714,cross_network_same_hemi,aGP-rh,THA-DA-rh,Pallidum_ant,Thalamus_DA,right,right
211,208,0.022321428571428572,cross_network_same_hemi,aGP-rh,NAc-shell-rh,Pallidum_ant,Accumbens_shell,right,right
211,209,0.017857142857142856,cross_network_same_hemi,aGP-rh,NAc-core-rh,Pallidum_ant,Accumbens_core,right,right
211,210,0.008928571428571428,cross_network_same_hemi,aGP-rh,pGP-rh,Pallidum_ant,Pallidum_post,right,right
211,213,0.004464285714285714,cross_network_same_hemi,aGP-rh,pPUT-rh,Pallidum_ant,Putamen_post,right,right
211,221,0.017857142857142856,cross_hemi_diff_network,aGP-rh,THA-VP-lh,Pallidum_ant,Thalamus_VP,right,left
211,223,0.004464285714285714,cross_hemi_diff_network,aGP-rh,THA-DA-lh,Pallidum_ant,Thalamus_DA,right,left
211,224,0.013392857142857142,cross_hemi_diff_network,aGP-rh,NAc-shell-lh,Pallidum_ant,Accumbens_shell,right,left
211,225,0.008928571428571428,cross_hemi_diff_network,aGP-rh,NAc-core-lh,Pallidum_ant,Accumbens_core,right,left
211,226,0.10714285714285714,cross_hemi_diff_network,aGP-rh,pGP-lh,Pallidum_ant,Pallidum_post,right,left
211,227,0.03125,within_network,aGP-rh,aGP-lh,Pallidum_ant,Pallidum_ant,right,left
211,229,0.004464285714285714,cross_hemi_diff_network,aGP-rh,pPUT-lh,Pallidum_ant,Putamen_post,right,left
212,140,0.004464285714285714,cross_network_same_hemi,aPUT-rh,RH_DorsAttnB_FEF_1,Putamen_ant,DorsAttnB,right,right
212,143,0.004464285714285714,cross_network_same_hemi,aPUT-rh,RH_SalVentAttnA_Ins_1,Putamen_ant,SalVentAttnA,right,right
212,210,0.004464285714285714,cross_network_same_hemi,aPUT-rh,pGP-rh,Putamen_ant,Pallidum_post,right,right
212,217,0.004464285714285714,cross_hemi_diff_network,aPUT-rh,pHIP-lh,Putamen_ant,Hippocampus_post,right,left
212,224,0.004464285714285714,cross_hemi_diff_network,aPUT-rh,NAc-shell-lh,Putamen_ant,Accumbens_shell,right,left
212,226,0.008928571428571428,cross_hemi_diff_network,aPUT-rh,pGP-lh,Putamen_ant,Pallidum_post,right,left
213,48,0.004464285714285714,cross_hemi_diff_network,pPUT-rh,LH_SalVentAttnB_Ins_1,Putamen_post,SalVentAttnB,right,left
213,114,0.004464285714285714,cross_network_same_hemi,pPUT-rh,RH_SomMotA_3,Putamen_post,SomMotA,right,right
213,124,0.004464285714285714,cross_network_same_hemi,pPUT-rh,RH_SomMotB_Aud_2,Putamen_post,SomMotB,right,right
213,140,0.004464285714285714,cross_network_same_hemi,pPUT-rh,RH_DorsAttnB_FEF_1,Putamen_post,DorsAttnB,right,right
213,187,0.008928571428571428,cross_network_same_hemi,pPUT-rh,RH_DefaultA_PFCm_2,Putamen_post,DefaultA,right,right
213,204,0.004464285714285714,cross_network_same_hemi,pPUT-rh,THA-DP-rh,Putamen_post,Thalamus_DP,right,right
213,210,0.004464285714285714,cross_network_same_hemi,pPUT-rh,pGP-rh,Putamen_post,Pallidum_post,right,right
213,211,0.022321428571428572,cross_network_same_hemi,pPUT-rh,aGP-rh,Putamen_post,Pallidum_ant,right,right
213,222,0.004464285714285714,cross_hemi_diff_network,pPUT-rh,THA-VA-lh,Putamen_post,Thalamus_VA,right,left
213,226,0.008928571428571428,cross_hemi_diff_network,pPUT-rh,pGP-lh,Putamen_post,Pallidum_post,right,left
213,227,0.008928571428571428,cross_hemi_diff_network,pPUT-rh,aGP-lh,Putamen_post,Pallidum_ant,right,left
214,91,0.004464285714285714,cross_hemi_diff_network,aCAU-rh,LH_DefaultB_PFCv_1,Caudate_ant,DefaultB,right,left
214,92,0.004464285714285714,cross_hemi_diff_network,aCAU-rh,LH_DefaultB_PFCv_2,Caudate_ant,DefaultB,right,left
214,153,0.004464285714285714,cross_network_same_hemi,aCAU-rh,RH_SalVentAttnB_Ins_1,Caudate_ant,SalVentAttnB,right,right
214,187,0.004464285714285714,cross_network_same_hemi,aCAU-rh,RH_DefaultA_PFCm_2,Caudate_ant,DefaultA,right,right
214,192,0.004464285714285714,cross_network_same_hemi,aCAU-rh,RH_DefaultB_PFCv_1,Caudate_ant,DefaultB,right,right
214,213,0.004464285714285714,cross_network_same_hemi,aCAU-rh,pPUT-rh,Caudate_ant,Putamen_post,right,right
214,225,0.008928571428571428,cross_hemi_diff_network,aCAU-rh,NAc-core-lh,Caudate_ant,Accumbens_core,right,left
214,231,0.004464285714285714,cross_hemi_diff_network,aCAU-rh,pCAU-lh,Caudate_ant,Caudate_post,right,left
215,52,0.004464285714285714,cross_hemi_diff_network,pCAU-rh,LH_LimbicA_TempPole_1,Caudate_post,LimbicA,right,left
215,55,0.004464285714285714,cross_hemi_diff_network,pCAU-rh,LH_LimbicA_TempPole_4,Caudate_post,LimbicA,right,left
215,70,0.004464285714285714,cross_hemi_diff_network,pCAU-rh,LH_ContB_PFClv_2,Caudate_post,ContB,right,left
215,169,0.004464285714285714,cross_network_same_hemi,pCAU-rh,RH_ContA_Cingm_1,Caudate_post,ContA,right,right
215,187,0.004464285714285714,cross_network_same_hemi,pCAU-rh,RH_DefaultA_PFCm_2,Caudate_post,DefaultA,right,right
215,207,0.004464285714285714,cross_network_same_hemi,pCAU-rh,THA-DA-rh,Caudate_post,Thalamus_DA,right,right
215,213,0.004464285714285714,cross_network_same_hemi,pCAU-rh,pPUT-rh,Caudate_post,Putamen_post,right,right
215,221,0.004464285714285714,cross_hemi_diff_network,pCAU-rh,THA-VP-lh,Caudate_post,Thalamus_VP,right,left
215,223,0.004464285714285714,cross_hemi_diff_network,pCAU-rh,THA-DA-lh,Caudate_post,Thalamus_DA,right,left
215,226,0.013392857142857142,cross_hemi_diff_network,pCAU-rh,pGP-lh,Caudate_post,Pallidum_post,right,left
215,227,0.004464285714285714,cross_hemi_diff_network,pCAU-rh,aGP-lh,Caudate_post,Pallidum_ant,right,left
215,230,0.004464285714285714,cross_hemi_diff_network,pCAU-rh,aCAU-lh,Caudate_post,Caudate_ant,right,left
216,53,0.004464285714285714,cross_network_same_hemi,aHIP-lh,LH_LimbicA_TempPole_2,Hippocampus_ant,LimbicA,left,left
216,95,0.004464285714285714,cross_network_same_hemi,aHIP-lh,LH_DefaultC_IPL_1,Hippocampus_ant,DefaultC,left,left
216,143,0.004464285714285714,cross_hemi_diff_network,aHIP-lh,RH_SalVentAttnA_Ins_1,Hippocampus_ant,SalVentAttnA,left,right
216,160,0.008928571428571428,cross_hemi_diff_network,aHIP-lh,RH_LimbicA_TempPole_1,Hippocampus_ant,LimbicA,left,right
216,162,0.013392857142857142,cross_hemi_diff_network,aHIP-lh,RH_LimbicA_TempPole_3,Hippocampus_ant,LimbicA,left,right
216,187,0.004464285714285714,cross_hemi_diff_network,aHIP-lh,RH_DefaultA_PFCm_2,Hippocampus_ant,DefaultA,left,right
216,202,0.017857142857142856,cross_hemi_diff_network,aHIP-lh,lAMY-rh,Hippocampus_ant,Amygdala_lat,left,right
216,203,0.004464285714285714,cross_hemi_diff_network,aHIP-lh,mAMY-rh,Hippocampus_ant,Amygdala_med,left,right
216,208,0.004464285714285714,cross_hemi_diff_network,aHIP-lh,NAc-shell-rh,Hippocampus_ant,Accumbens_shell,left,right
216,209,0.004464285714285714,cross_hemi_diff_network,aHIP-lh,NAc-core-rh,Hippocampus_ant,Accumbens_core,left,right
216,217,0.004464285714285714,cross_network_same_hemi,aHIP-lh,pHIP-lh,Hippocampus_ant,Hippocampus_post,left,left
216,220,0.008928571428571428,cross_network_same_hemi,aHIP-lh,THA-DP-lh,Hippocampus_ant,Thalamus_DP,left,left
216,226,0.004464285714285714,cross_network_same_hemi,aHIP-lh,pGP-lh,Hippocampus_ant,Pallidum_post,left,left
217,3,0.004464285714285714,cross_network_same_hemi,pHIP-lh,LH_VisCent_ExStr_3,Hippocampus_post,VisCent,left,left
217,22,0.004464285714285714,cross_network_same_hemi,pHIP-lh,LH_SomMotB_S2_1,Hippocampus_post,SomMotB,left,left
217,53,0.008928571428571428,cross_network_same_hemi,pHIP-lh,LH_LimbicA_TempPole_2,Hippocampus_post,LimbicA,left,left
217,54,0.008928571428571428,cross_network_same_hemi,pHIP-lh,LH_LimbicA_TempPole_3,Hippocampus_post,LimbicA,left,left
217,62,0.004464285714285714,cross_network_same_hemi,pHIP-lh,LH_ContA_PFCl_1,Hippocampus_post,ContA,left,left
217,70,0.004464285714285714,cross_network_same_hemi,pHIP-lh,LH_ContB_PFClv_2,Hippocampus_post,ContB,left,left
217,72,0.004464285714285714,cross_network_same_hemi,pHIP-lh,LH_ContC_pCun_2,Hippocampus_post,ContC,left,left
217,81,0.004464285714285714,cross_network_same_hemi,pHIP-lh,LH_DefaultA_PFCm_3,Hippocampus_post,DefaultA,left,left
217,86,0.004464285714285714,cross_network_same_hemi,pHIP-lh,LH_DefaultB_IPL_1,Hippocampus_post,DefaultB,left,left
217,92,0.004464285714285714,cross_network_same_hemi,pHIP-lh,LH_DefaultB_PFCv_2,Hippocampus_post,DefaultB,left,left
217,99,0.004464285714285714,cross_network_same_hemi,pHIP-lh,LH_TempPar_2,Hippocampus_post,TempPar,left,left
217,120,0.004464285714285714,cross_hemi_diff_network,pHIP-lh,RH_SomMotA_9,Hippocampus_post,SomMotA,left,right
217,162,0.022321428571428572,cross_hemi_diff_network,pHIP-lh,RH_LimbicA_TempPole_3,Hippocampus_post,LimbicA,left,right
217,169,0.004464285714285714,cross_hemi_diff_network,pHIP-lh,RH_ContA_Cingm_1,Hippocampus_post,ContA,left,right
217,187,0.013392857142857142,cross_hemi_diff_network,pHIP-lh,RH_DefaultA_PFCm_2,Hippocampus_post,DefaultA,left,right
217,200,0.004464285714285714,cross_hemi_diff_network,pHIP-lh,aHIP-rh,Hippocampus_post,Hippocampus_ant,left,right
217,202,0.008928571428571428,cross_hemi_diff_network,pHIP-lh,lAMY-rh,Hippocampus_post,Amygdala_lat,left,right
217,204,0.004464285714285714,cross_hemi_diff_network,pHIP-lh,THA-DP-rh,Hippocampus_post,Thalamus_DP,left,right
217,205,0.004464285714285714,cross_hemi_diff_network,pHIP-lh,THA-VP-rh,Hippocampus_post,Thalamus_VP,left,right
217,208,0.004464285714285714,cross_hemi_diff_network,pHIP-lh,NAc-shell-rh,Hippocampus_post,Accumbens_shell,left,right
217,209,0.004464285714285714,cross_hemi_diff_network,pHIP-lh,NAc-core-rh,Hippocampus_post,Accumbens_core,left,right
217,210,0.008928571428571428,cross_hemi_diff_network,pHIP-lh,pGP-rh,Hippocampus_post,Pallidum_post,left,right
217,211,0.004464285714285714,cross_hemi_diff_network,pHIP-lh,aGP-rh,Hippocampus_post,Pallidum_ant,left,right
217,218,0.004464285714285714,cross_network_same_hemi,pHIP-lh,lAMY-lh,Hippocampus_post,Amygdala_lat,left,left
217,220,0.004464285714285714,cross_network_same_hemi,pHIP-lh,THA-DP-lh,Hippocampus_post,Thalamus_DP,left,left
217,221,0.004464285714285714,cross_network_same_hemi,pHIP-lh,THA-VP-lh,Hippocampus_post,Thalamus_VP,left,left
217,224,0.004464285714285714,cross_network_same_hemi,pHIP-lh,NAc-shell-lh,Hippocampus_post,Accumbens_shell,left,left
217,225,0.004464285714285714,cross_network_same_hemi,pHIP-lh,NAc-core-lh,Hippocampus_post,Accumbens_core,left,left
217,226,0.013392857142857142,cross_network_same_hemi,pHIP-lh,pGP-lh,Hippocampus_post,Pallidum_post,left,left
217,227,0.004464285714285714,cross_network_same_hemi,pHIP-lh,aGP-lh,Hippocampus_post,Pallidum_ant,left,left
218,8,0.008928571428571428,cross_network_same_hemi,lAMY-lh,LH_VisPeri_ExStrInf_3,Amygdala_lat,VisPeri,left,left
218,50,0.004464285714285714,cross_network_same_hemi,lAMY-lh,LH_LimbicB_OFC_1,Amygdala_lat,LimbicB,left,left
218,51,0.004464285714285714,cross_network_same_hemi,lAMY-lh,LH_LimbicB_OFC_2,Amygdala_lat,LimbicB,left,left
218,52,0.008928571428571428,cross_network_same_hemi,lAMY-lh,LH_LimbicA_TempPole_1,Amygdala_lat,LimbicA,left,left
218,53,0.004464285714285714,cross_network_same_hemi,lAMY-lh,LH_LimbicA_TempPole_2,Amygdala_lat,LimbicA,left,left
218,55,0.013392857142857142,cross_network_same_hemi,lAMY-lh,LH_LimbicA_TempPole_4,Amygdala_lat,LimbicA,left,left
218,67,0.004464285714285714,cross_network_same_hemi,lAMY-lh,LH_ContB_IPL_1,Amygdala_lat,ContB,left,left
218,79,0.004464285714285714,cross_network_same_hemi,lAMY-lh,LH_DefaultA_PFCm_1,Amygdala_lat,DefaultA,left,left
218,92,0.004464285714285714,cross_network_same_hemi,lAMY-lh,LH_DefaultB_PFCv_2,Amygdala_lat,DefaultB,left,left
218,95,0.004464285714285714,cross_network_same_hemi,lAMY-lh,LH_DefaultC_IPL_1,Amygdala_lat,DefaultC,left,left
218,118,0.004464285714285714,cross_hemi_diff_network,lAMY-lh,RH_SomMotA_7,Amygdala_lat,SomMotA,left,right
218,131,0.004464285714285714,cross_hemi_diff_network,lAMY-lh,RH_DorsAttnA_ParOcc_1,Amygdala_lat,DorsAttnA,left,right
218,140,0.004464285714285714,cross_hemi_diff_network,lAMY-lh,RH_DorsAttnB_FEF_1,Amygdala_lat,DorsAttnB,left,right
218,160,0.013392857142857142,cross_hemi_diff_network,lAMY-lh,RH_LimbicA_TempPole_1,Amygdala_lat,LimbicA,left,right
218,161,0.004464285714285714,cross_hemi_diff_network,lAMY-lh,RH_LimbicA_TempPole_2,Amygdala_lat,LimbicA,left,right
218,162,0.017857142857142856,cross_hemi_diff_network,lAMY-lh,RH_LimbicA_TempPole_3,Amygdala_lat,LimbicA,left,right
218,163,0.004464285714285714,cross_hemi_diff_network,lAMY-lh,RH_LimbicA_TempPole_4,Amygdala_lat,LimbicA,left,right
218,171,0.004464285714285714,cross_hemi_diff_network,lAMY-lh,RH_ContB_Temp_2,Amygdala_lat,ContB,left,right
218,201,0.008928571428571428,cross_hemi_diff_network,lAMY-lh,pHIP-rh,Amygdala_lat,Hippocampus_post,left,right
218,202,0.004464285714285714,within_network,lAMY-lh,lAMY-rh,Amygdala_lat,Amygdala_lat,left,right
218,203,0.008928571428571428,cross_hemi_diff_network,lAMY-lh,mAMY-rh,Amygdala_lat,Amygdala_med,left,right
218,204,0.004464285714285714,cross_hemi_diff_network,lAMY-lh,THA-DP-rh,Amygdala_lat,Thalamus_DP,left,right
218,205,0.004464285714285714,cross_hemi_diff_network,lAMY-lh,THA-VP-rh,Amygdala_lat,Thalamus_VP,left,right
218,208,0.004464285714285714,cross_hemi_diff_network,lAMY-lh,NAc-shell-rh,Amygdala_lat,Accumbens_shell,left,right
218,210,0.022321428571428572,cross_hemi_diff_network,lAMY-lh,pGP-rh,Amygdala_lat,Pallidum_post,left,right
218,217,0.017857142857142856,cross_network_same_hemi,lAMY-lh,pHIP-lh,Amygdala_lat,Hippocampus_post,left,left
218,220,0.013392857142857142,cross_network_same_hemi,lAMY-lh,THA-DP-lh,Amygdala_lat,Thalamus_DP,left,left
218,224,0.004464285714285714,cross_network_same_hemi,lAMY-lh,NAc-shell-lh,Amygdala_lat,Accumbens_shell,left,left
218,226,0.013392857142857142,cross_network_same_hemi,lAMY-lh,pGP-lh,Amygdala_lat,Pallidum_post,left,left
219,22,0.004464285714285714,cross_network_same_hemi,mAMY-lh,LH_SomMotB_S2_1,Amygdala_med,SomMotB,left,left
219,50,0.004464285714285714,cross_network_same_hemi,mAMY-lh,LH_LimbicB_OFC_1,Amygdala_med,LimbicB,left,left
219,52,0.008928571428571428,cross_network_same_hemi,mAMY-lh,LH_LimbicA_TempPole_1,Amygdala_med,LimbicA,left,left
219,53,0.008928571428571428,cross_network_same_hemi,mAMY-lh,LH_LimbicA_TempPole_2,Amygdala_med,LimbicA,left,left
219,55,0.013392857142857142,cross_network_same_hemi,mAMY-lh,LH_LimbicA_TempPole_4,Amygdala_med,LimbicA,left,left
219,60,0.004464285714285714,cross_network_same_hemi,mAMY-lh,LH_ContA_PFCd_1,Amygdala_med,ContA,left,left
219,143,0.004464285714285714,cross_hemi_diff_network,mAMY-lh,RH_SalVentAttnA_Ins_1,Amygdala_med,SalVentAttnA,left,right
219,160,0.004464285714285714,cross_hemi_diff_network,mAMY-lh,RH_LimbicA_TempPole_1,Amygdala_med,LimbicA,left,right
219,162,0.004464285714285714,cross_hemi_diff_network,mAMY-lh,RH_LimbicA_TempPole_3,Amygdala_med,LimbicA,left,right
219,198,0.004464285714285714,cross_hemi_diff_network,mAMY-lh,RH_TempPar_3,Amygdala_med,TempPar,left,right
219,200,0.004464285714285714,cross_hemi_diff_network,mAMY-lh,aHIP-rh,Amygdala_med,Hippocampus_ant,left,right
219,201,0.004464285714285714,cross_hemi_diff_network,mAMY-lh,pHIP-rh,Amygdala_med,Hippocampus_post,left,right
219,202,0.026785714285714284,cross_hemi_diff_network,mAMY-lh,lAMY-rh,Amygdala_med,Amygdala_lat,left,right
219,204,0.008928571428571428,cross_hemi_diff_network,mAMY-lh,THA-DP-rh,Amygdala_med,Thalamus_DP,left,right
219,208,0.004464285714285714,cross_hemi_diff_network,mAMY-lh,NAc-shell-rh,Amygdala_med,Accumbens_shell,left,right
219,210,0.008928571428571428,cross_hemi_diff_network,mAMY-lh,pGP-rh,Amygdala_med,Pallidum_post,left,right
219,211,0.008928571428571428,cross_hemi_diff_network,mAMY-lh,aGP-rh,Amygdala_med,Pallidum_ant,left,right
219,220,0.004464285714285714,cross_network_same_hemi,mAMY-lh,THA-DP-lh,Amygdala_med,Thalamus_DP,left,left
219,221,0.004464285714285714,cross_network_same_hemi,mAMY-lh,THA-VP-lh,Amygdala_med,Thalamus_VP,left,left
220,13,0.004464285714285714,cross_network_same_hemi,THA-DP-lh,LH_SomMotA_2,Thalamus_DP,SomMotA,left,left
220,27,0.004464285714285714,cross_network_same_hemi,THA-DP-lh,LH_SomMotB_Cent_2,Thalamus_DP,SomMotB,left,left
220,31,0.004464285714285714,cross_network_same_hemi,THA-DP-lh,LH_DorsAttnA_SPL_1,Thalamus_DP,DorsAttnA,left,left
220,50,0.004464285714285714,cross_network_same_hemi,THA-DP-lh,LH_LimbicB_OFC_1,Thalamus_DP,LimbicB,left,left
220,52,0.004464285714285714,cross_network_same_hemi,THA-DP-lh,LH_LimbicA_TempPole_1,Thalamus_DP,LimbicA,left,left
220,55,0.017857142857142856,cross_network_same_hemi,THA-DP-lh,LH_LimbicA_TempPole_4,Thalamus_DP,LimbicA,left,left
220,59,0.004464285714285714,cross_network_same_hemi,THA-DP-lh,LH_ContA_IPS_3,Thalamus_DP,ContA,left,left
220,99,0.008928571428571428,cross_network_same_hemi,THA-DP-lh,LH_TempPar_2,Thalamus_DP,TempPar,left,left
220,113,0.004464285714285714,cross_hemi_diff_network,THA-DP-lh,RH_SomMotA_2,Thalamus_DP,SomMotA,left,right
220,131,0.004464285714285714,cross_hemi_diff_network,THA-DP-lh,RH_DorsAttnA_ParOcc_1,Thalamus_DP,DorsAttnA,left,right
220,143,0.008928571428571428,cross_hemi_diff_network,THA-DP-lh,RH_SalVentAttnA_Ins_1,Thalamus_DP,SalVentAttnA,left,right
220,158,0.004464285714285714,cross_hemi_diff_network,THA-DP-lh,RH_LimbicB_OFC_3,Thalamus_DP,LimbicB,left,right
220,162,0.008928571428571428,cross_hemi_diff_network,THA-DP-lh,RH_LimbicA_TempPole_3,Thalamus_DP,LimbicA,left,right
220,171,0.004464285714285714,cross_hemi_diff_network,THA-DP-lh,RH_ContB_Temp_2,Thalamus_DP,ContB,left,right
220,201,0.004464285714285714,cross_hemi_diff_network,THA-DP-lh,pHIP-rh,Thalamus_DP,Hippocampus_post,left,right
220,202,0.008928571428571428,cross_hemi_diff_network,THA-DP-lh,lAMY-rh,Thalamus_DP,Amygdala_lat,left,right
220,205,0.03125,cross_hemi_diff_network,THA-DP-lh,THA-VP-rh,Thalamus_DP,Thalamus_VP,left,right
220,209,0.004464285714285714,cross_hemi_diff_network,THA-DP-lh,NAc-core-rh,Thalamus_DP,Accumbens_core,left,right
220,210,0.017857142857142856,cross_hemi_diff_network,THA-DP-lh,pGP-rh,Thalamus_DP,Pallidum_post,left,right
220,211,0.008928571428571428,cross_hemi_diff_network,THA-DP-lh,aGP-rh,Thalamus_DP,Pallidum_ant,left,right
220,217,0.013392857142857142,cross_network_same_hemi,THA-DP-lh,pHIP-lh,Thalamus_DP,Hippocampus_post,left,left
220,218,0.017857142857142856,cross_network_same_hemi,THA-DP-lh,lAMY-lh,Thalamus_DP,Amygdala_lat,left,left
220,219,0.004464285714285714,cross_network_same_hemi,THA-DP-lh,mAMY-lh,Thalamus_DP,Amygdala_med,left,left
220,222,0.008928571428571428,cross_network_same_hemi,THA-DP-lh,THA-VA-lh,Thalamus_DP,Thalamus_VA,left,left
220,223,0.004464285714285714,cross_network_same_hemi,THA-DP-lh,THA-DA-lh,Thalamus_DP,Thalamus_DA,left,left
220,226,0.03125,cross_network_same_hemi,THA-DP-lh,pGP-lh,Thalamus_DP,Pallidum_post,left,left
220,227,0.008928571428571428,cross_network_same_hemi,THA-DP-lh,aGP-lh,Thalamus_DP,Pallidum_ant,left,left
220,228,0.004464285714285714,cross_network_same_hemi,THA-DP-lh,aPUT-lh,Thalamus_DP,Putamen_ant,left,left
221,27,0.004464285714285714,cross_network_same_hemi,THA-VP-lh,LH_SomMotB_Cent_2,Thalamus_VP,SomMotB,left,left
221,33,0.004464285714285714,cross_network_same_hemi,THA-VP-lh,LH_DorsAttnA_SPL_3,Thalamus_VP,DorsAttnA,left,left
221,41,0.004464285714285714,cross_network_same_hemi,THA-VP-lh,LH_SalVentAttnA_FrOper_1,Thalamus_VP,SalVentAttnA,left,left
221,52,0.004464285714285714,cross_network_same_hemi,THA-VP-lh,LH_LimbicA_TempPole_1,Thalamus_VP,LimbicA,left,left
221,55,0.004464285714285714,cross_network_same_hemi,THA-VP-lh,LH_LimbicA_TempPole_4,Thalamus_VP,LimbicA,left,left
221,125,0.004464285714285714,cross_hemi_diff_network,THA-VP-lh,RH_SomMotB_S2_1,Thalamus_VP,SomMotB,left,right
221,142,0.004464285714285714,cross_hemi_diff_network,THA-VP-lh,RH_SalVentAttnA_PrC_1,Thalamus_VP,SalVentAttnA,left,right
221,143,0.004464285714285714,cross_hemi_diff_network,THA-VP-lh,RH_SalVentAttnA_Ins_1,Thalamus_VP,SalVentAttnA,left,right
221,147,0.004464285714285714,cross_hemi_diff_network,THA-VP-lh,RH_SalVentAttnA_ParMed_1,Thalamus_VP,SalVentAttnA,left,right
221,160,0.004464285714285714,cross_hemi_diff_network,THA-VP-lh,RH_LimbicA_TempPole_1,Thalamus_VP,LimbicA,left,right
221,201,0.004464285714285714,cross_hemi_diff_network,THA-VP-lh,pHIP-rh,Thalamus_VP,Hippocampus_post,left,right
221,204,0.03125,cross_hemi_diff_network,THA-VP-lh,THA-DP-rh,Thalamus_VP,Thalamus_DP,left,right
221,206,0.008928571428571428,cross_hemi_diff_network,THA-VP-lh,THA-VA-rh,Thalamus_VP,Thalamus_VA,left,right
221,209,0.004464285714285714,cross_hemi_diff_network,THA-VP-lh,NAc-core-rh,Thalamus_VP,Accumbens_core,left,right
221,210,0.026785714285714284,cross_hemi_diff_network,THA-VP-lh,pGP-rh,Thalamus_VP,Pallidum_post,left,right
221,211,0.03125,cross_hemi_diff_network,THA-VP-lh,aGP-rh,Thalamus_VP,Pallidum_ant,left,right
221,212,0.004464285714285714,cross_hemi_diff_network,THA-VP-lh,aPUT-rh,Thalamus_VP,Putamen_ant,left,right
221,213,0.004464285714285714,cross_hemi_diff_network,THA-VP-lh,pPUT-rh,Thalamus_VP,Putamen_post,left,right
221,217,0.008928571428571428,cross_network_same_hemi,THA-VP-lh,pHIP-lh,Thalamus_VP,Hippocampus_post,left,left
221,227,0.017857142857142856,cross_network_same_hemi,THA-VP-lh,aGP-lh,Thalamus_VP,Pallidum_ant,left,left
222,92,0.004464285714285714,cross_network_same_hemi,THA-VA-lh,LH_DefaultB_PFCv_2,Thalamus_VA,DefaultB,left,left
222,99,0.004464285714285714,cross_network_same_hemi,THA-VA-lh,LH_TempPar_2,Thalamus_VA,TempPar,left,left
222,205,0.013392857142857142,cross_hemi_diff_network,THA-VA-lh,THA-VP-rh,Thalamus_VA,Thalamus_VP,left,right
222,207,0.008928571428571428,cross_hemi_diff_network,THA-VA-lh,THA-DA-rh,Thalamus_VA,Thalamus_DA,left,right
222,210,0.004464285714285714,cross_hemi_diff_network,THA-VA-lh,pGP-rh,Thalamus_VA,Pallidum_post,left,right
222,217,0.004464285714285714,cross_network_same_hemi,THA-VA-lh,pHIP-lh,Thalamus_VA,Hippocampus_post,left,left
222,220,0.004464285714285714,cross_network_same_hemi,THA-VA-lh,THA-DP-lh,Thalamus_VA,Thalamus_DP,left,left
222,225,0.004464285714285714,cross_network_same_hemi,THA-VA-lh,NAc-core-lh,Thalamus_VA,Accumbens_core,left,left
222,226,0.017857142857142856,cross_network_same_hemi,THA-VA-lh,pGP-lh,Thalamus_VA,Pallidum_post,left,left
222,227,0.008928571428571428,cross_network_same_hemi,THA-VA-lh,aGP-lh,Thalamus_VA,Pallidum_ant,left,left
223,7,0.004464285714285714,cross_network_same_hemi,THA-DA-lh,LH_VisPeri_ExStrInf_2,Thalamus_DA,VisPeri,left,left
223,17,0.004464285714285714,cross_network_same_hemi,THA-DA-lh,LH_SomMotA_6,Thalamus_DA,SomMotA,left,left
223,40,0.004464285714285714,cross_network_same_hemi,THA-DA-lh,LH_SalVentAttnA_Ins_1,Thalamus_DA,SalVentAttnA,left,left
223,45,0.004464285714285714,cross_network_same_hemi,THA-DA-lh,LH_SalVentAttnA_FrMed_2,Thalamus_DA,SalVentAttnA,left,left
223,47,0.008928571428571428,cross_network_same_hemi,THA-DA-lh,LH_SalVentAttnB_PFCl_1,Thalamus_DA,SalVentAttnB,left,left
223,187,0.004464285714285714,cross_hemi_diff_network,THA-DA-lh,RH_DefaultA_PFCm_2,Thalamus_DA,DefaultA,left,right
223,201,0.004464285714285714,cross_hemi_diff_network,THA-DA-lh,pHIP-rh,Thalamus_DA,Hippocampus_post,left,right
223,202,0.004464285714285714,cross_hemi_diff_network,THA-DA-lh,lAMY-rh,Thalamus_DA,Amygdala_lat,left,right
223,204,0.004464285714285714,cross_hemi_diff_network,THA-DA-lh,THA-DP-rh,Thalamus_DA,Thalamus_DP,left,right
223,205,0.017857142857142856,cross_hemi_diff_network,THA-DA-lh,THA-VP-rh,Thalamus_DA,Thalamus_VP,left,right
223,206,0.004464285714285714,cross_hemi_diff_network,THA-DA-lh,THA-VA-rh,Thalamus_DA,Thalamus_VA,left,right
223,210,0.008928571428571428,cross_hemi_diff_network,THA-DA-lh,pGP-rh,Thalamus_DA,Pallidum_post,left,right
223,212,0.004464285714285714,cross_hemi_diff_network,THA-DA-lh,aPUT-rh,Thalamus_DA,Putamen_ant,left,right
223,213,0.004464285714285714,cross_hemi_diff_network,THA-DA-lh,pPUT-rh,Thalamus_DA,Putamen_post,left,right
223,220,0.004464285714285714,cross_network_same_hemi,THA-DA-lh,THA-DP-lh,Thalamus_DA,Thalamus_DP,left,left
223,226,0.004464285714285714,cross_network_same_hemi,THA-DA-lh,pGP-lh,Thalamus_DA,Pallidum_post,left,left
223,227,0.004464285714285714,cross_network_same_hemi,THA-DA-lh,aGP-lh,Thalamus_DA,Pallidum_ant,left,left
224,13,0.004464285714285714,cross_network_same_hemi,NAc-shell-lh,LH_SomMotA_2,Accumbens_shell,SomMotA,left,left
224,52,0.004464285714285714,cross_network_same_hemi,NAc-shell-lh,LH_LimbicA_TempPole_1,Accumbens_shell,LimbicA,left,left
224,137,0.004464285714285714,cross_hemi_diff_network,NAc-shell-lh,RH_DorsAttnB_PostC_2,Accumbens_shell,DorsAttnB,left,right
224,153,0.004464285714285714,cross_hemi_diff_network,NAc-shell-lh,RH_SalVentAttnB_Ins_1,Accumbens_shell,SalVentAttnB,left,right
224,160,0.004464285714285714,cross_hemi_diff_network,NAc-shell-lh,RH_LimbicA_TempPole_1,Accumbens_shell,LimbicA,left,right
224,161,0.004464285714285714,cross_hemi_diff_network,NAc-shell-lh,RH_LimbicA_TempPole_2,Accumbens_shell,LimbicA,left,right
224,171,0.004464285714285714,cross_hemi_diff_network,NAc-shell-lh,RH_ContB_Temp_2,Accumbens_shell,ContB,left,right
224,191,0.004464285714285714,cross_hemi_diff_network,NAc-shell-lh,RH_DefaultB_PFCd_1,Accumbens_shell,DefaultB,left,right
224,197,0.004464285714285714,cross_hemi_diff_network,NAc-shell-lh,RH_TempPar_2,Accumbens_shell,TempPar,left,right
224,200,0.004464285714285714,cross_hemi_diff_network,NAc-shell-lh,aHIP-rh,Accumbens_shell,Hippocampus_ant,left,right
224,202,0.004464285714285714,cross_hemi_diff_network,NAc-shell-lh,lAMY-rh,Accumbens_shell,Amygdala_lat,left,right
224,209,0.017857142857142856,cross_hemi_diff_network,NAc-shell-lh,NAc-core-rh,Accumbens_shell,Accumbens_core,left,right
224,210,0.004464285714285714,cross_hemi_diff_network,NAc-shell-lh,pGP-rh,Accumbens_shell,Pallidum_post,left,right
224,211,0.017857142857142856,cross_hemi_diff_network,NAc-shell-lh,aGP-rh,Accumbens_shell,Pallidum_ant,left,right
224,214,0.004464285714285714,cross_hemi_diff_network,NAc-shell-lh,aCAU-rh,Accumbens_shell,Caudate_ant,left,right
224,218,0.004464285714285714,cross_network_same_hemi,NAc-shell-lh,lAMY-lh,Accumbens_shell,Amygdala_lat,left,left
224,221,0.008928571428571428,cross_network_same_hemi,NAc-shell-lh,THA-VP-lh,Accumbens_shell,Thalamus_VP,left,left
224,226,0.004464285714285714,cross_network_same_hemi,NAc-shell-lh,pGP-lh,Accumbens_shell,Pallidum_post,left,left
224,227,0.013392857142857142,cross_network_same_hemi,NAc-shell-lh,aGP-lh,Accumbens_shell,Pallidum_ant,left,left
225,8,0.004464285714285714,cross_network_same_hemi,NAc-core-lh,LH_VisPeri_ExStrInf_3,Accumbens_core,VisPeri,left,left
225,50,0.004464285714285714,cross_network_same_hemi,NAc-core-lh,LH_LimbicB_OFC_1,Accumbens_core,LimbicB,left,left
225,143,0.004464285714285714,cross_hemi_diff_network,NAc-core-lh,RH_SalVentAttnA_Ins_1,Accumbens_core,SalVentAttnA,left,right
225,155,0.004464285714285714,cross_hemi_diff_network,NAc-core-lh,RH_SalVentAttnB_PFCmp_1,Accumbens_core,SalVentAttnB,left,right
225,157,0.004464285714285714,cross_hemi_diff_network,NAc-core-lh,RH_LimbicB_OFC_2,Accumbens_core,LimbicB,left,right
225,162,0.008928571428571428,cross_hemi_diff_network,NAc-core-lh,RH_LimbicA_TempPole_3,Accumbens_core,LimbicA,left,right
225,187,0.013392857142857142,cross_hemi_diff_network,NAc-core-lh,RH_DefaultA_PFCm_2,Accumbens_core,DefaultA,left,right
225,199,0.004464285714285714,cross_hemi_diff_network,NAc-core-lh,RH_TempPar_4,Accumbens_core,TempPar,left,right
225,203,0.004464285714285714,cross_hemi_diff_network,NAc-core-lh,mAMY-rh,Accumbens_core,Amygdala_med,left,right
225,208,0.022321428571428572,cross_hemi_diff_network,NAc-core-lh,NAc-shell-rh,Accumbens_core,Accumbens_shell,left,right
225,209,0.004464285714285714,within_network,NAc-core-lh,NAc-core-rh,Accumbens_core,Accumbens_core,left,right
225,210,0.004464285714285714,cross_hemi_diff_network,NAc-core-lh,pGP-rh,Accumbens_core,Pallidum_post,left,right
225,211,0.004464285714285714,cross_hemi_diff_network,NAc-core-lh,aGP-rh,Accumbens_core,Pallidum_ant,left,right
225,215,0.004464285714285714,cross_hemi_diff_network,NAc-core-lh,pCAU-rh,Accumbens_core,Caudate_post,left,right
225,219,0.004464285714285714,cross_network_same_hemi,NAc-core-lh,mAMY-lh,Accumbens_core,Amygdala_med,left,left
225,227,0.008928571428571428,cross_network_same_hemi,NAc-core-lh,aGP-lh,Accumbens_core,Pallidum_ant,left,left
225,230,0.004464285714285714,cross_network_same_hemi,NAc-core-lh,aCAU-lh,Accumbens_core,Caudate_ant,left,left
226,8,0.008928571428571428,cross_network_same_hemi,pGP-lh,LH_VisPeri_ExStrInf_3,Pallidum_post,VisPeri,left,left
226,22,0.004464285714285714,cross_network_same_hemi,pGP-lh,LH_SomMotB_S2_1,Pallidum_post,SomMotB,left,left
226,30,0.004464285714285714,cross_network_same_hemi,pGP-lh,LH_DorsAttnA_ParOcc_1,Pallidum_post,DorsAttnA,left,left
226,41,0.004464285714285714,cross_network_same_hemi,pGP-lh,LH_SalVentAttnA_FrOper_1,Pallidum_post,SalVentAttnA,left,left
226,42,0.004464285714285714,cross_network_same_hemi,pGP-lh,LH_SalVentAttnA_FrOper_2,Pallidum_post,SalVentAttnA,left,left
226,52,0.013392857142857142,cross_network_same_hemi,pGP-lh,LH_LimbicA_TempPole_1,Pallidum_post,LimbicA,left,left
226,53,0.004464285714285714,cross_network_same_hemi,pGP-lh,LH_LimbicA_TempPole_2,Pallidum_post,LimbicA,left,left
226,54,0.008928571428571428,cross_network_same_hemi,pGP-lh,LH_LimbicA_TempPole_3,Pallidum_post,LimbicA,left,left
226,55,0.022321428571428572,cross_network_same_hemi,pGP-lh,LH_LimbicA_TempPole_4,Pallidum_post,LimbicA,left,left
226,56,0.008928571428571428,cross_network_same_hemi,pGP-lh,LH_ContA_Temp_1,Pallidum_post,ContA,left,left
226,58,0.004464285714285714,cross_network_same_hemi,pGP-lh,LH_ContA_IPS_2,Pallidum_post,ContA,left,left
226,64,0.004464285714285714,cross_network_same_hemi,pGP-lh,LH_ContA_PFCl_3,Pallidum_post,ContA,left,left
226,86,0.004464285714285714,cross_network_same_hemi,pGP-lh,LH_DefaultB_IPL_1,Pallidum_post,DefaultB,left,left
226,114,0.004464285714285714,cross_hemi_diff_network,pGP-lh,RH_SomMotA_3,Pallidum_post,SomMotA,left,right
226,141,0.004464285714285714,cross_hemi_diff_network,pGP-lh,RH_SalVentAttnA_ParOper_1,Pallidum_post,SalVentAttnA,left,right
226,142,0.004464285714285714,cross_hemi_diff_network,pGP-lh,RH_SalVentAttnA_PrC_1,Pallidum_post,SalVentAttnA,left,right
226,143,0.008928571428571428,cross_hemi_diff_network,pGP-lh,RH_SalVentAttnA_Ins_1,Pallidum_post,SalVentAttnA,left,right
226,144,0.004464285714285714,cross_hemi_diff_network,pGP-lh,RH_SalVentAttnA_Ins_2,Pallidum_post,SalVentAttnA,left,right
226,153,0.004464285714285714,cross_hemi_diff_network,pGP-lh,RH_SalVentAttnB_Ins_1,Pallidum_post,SalVentAttnB,left,right
226,156,0.008928571428571428,cross_hemi_diff_network,pGP-lh,RH_LimbicB_OFC_1,Pallidum_post,LimbicB,left,right
226,161,0.013392857142857142,cross_hemi_diff_network,pGP-lh,RH_LimbicA_TempPole_2,Pallidum_post,LimbicA,left,right
226,162,0.004464285714285714,cross_hemi_diff_network,pGP-lh,RH_LimbicA_TempPole_3,Pallidum_post,LimbicA,left,right
226,168,0.004464285714285714,cross_hemi_diff_network,pGP-lh,RH_ContA_PFCl_2,Pallidum_post,ContA,left,right
226,169,0.004464285714285714,cross_hemi_diff_network,pGP-lh,RH_ContA_Cingm_1,Pallidum_post,ContA,left,right
226,183,0.004464285714285714,cross_hemi_diff_network,pGP-lh,RH_DefaultA_IPL_1,Pallidum_post,DefaultA,left,right
226,187,0.004464285714285714,cross_hemi_diff_network,pGP-lh,RH_DefaultA_PFCm_2,Pallidum_post,DefaultA,left,right
226,197,0.004464285714285714,cross_hemi_diff_network,pGP-lh,RH_TempPar_2,Pallidum_post,TempPar,left,right
226,199,0.004464285714285714,cross_hemi_diff_network,pGP-lh,RH_TempPar_4,Pallidum_post,TempPar,left,right
226,200,0.004464285714285714,cross_hemi_diff_network,pGP-lh,aHIP-rh,Pallidum_post,Hippocampus_ant,left,right
226,201,0.004464285714285714,cross_hemi_diff_network,pGP-lh,pHIP-rh,Pallidum_post,Hippocampus_post,left,right
226,202,0.008928571428571428,cross_hemi_diff_network,pGP-lh,lAMY-rh,Pallidum_post,Amygdala_lat,left,right
226,203,0.004464285714285714,cross_hemi_diff_network,pGP-lh,mAMY-rh,Pallidum_post,Amygdala_med,left,right
226,205,0.004464285714285714,cross_hemi_diff_network,pGP-lh,THA-VP-rh,Pallidum_post,Thalamus_VP,left,right
226,206,0.013392857142857142,cross_hemi_diff_network,pGP-lh,THA-VA-rh,Pallidum_post,Thalamus_VA,left,right
226,207,0.017857142857142856,cross_hemi_diff_network,pGP-lh,THA-DA-rh,Pallidum_post,Thalamus_DA,left,right
226,208,0.008928571428571428,cross_hemi_diff_network,pGP-lh,NAc-shell-rh,Pallidum_post,Accumbens_shell,left,right
226,209,0.004464285714285714,cross_hemi_diff_network,pGP-lh,NAc-core-rh,Pallidum_post,Accumbens_core,left,right
226,210,0.04017857142857143,within_network,pGP-lh,pGP-rh,Pallidum_post,Pallidum_post,left,right
226,211,0.10267857142857142,cross_hemi_diff_network,pGP-lh,aGP-rh,Pallidum_post,Pallidum_ant,left,right
226,213,0.004464285714285714,cross_hemi_diff_network,pGP-lh,pPUT-rh,Pallidum_post,Putamen_post,left,right
226,218,0.008928571428571428,cross_network_same_hemi,pGP-lh,lAMY-lh,Pallidum_post,Amygdala_lat,left,left
226,220,0.008928571428571428,cross_network_same_hemi,pGP-lh,THA-DP-lh,Pallidum_post,Thalamus_DP,left,left
226,221,0.017857142857142856,cross_network_same_hemi,pGP-lh,THA-VP-lh,Pallidum_post,Thalamus_VP,left,left
226,223,0.013392857142857142,cross_network_same_hemi,pGP-lh,THA-DA-lh,Pallidum_post,Thalamus_DA,left,left
226,224,0.004464285714285714,cross_network_same_hemi,pGP-lh,NAc-shell-lh,Pallidum_post,Accumbens_shell,left,left
226,227,0.013392857142857142,cross_network_same_hemi,pGP-lh,aGP-lh,Pallidum_post,Pallidum_ant,left,left
226,229,0.004464285714285714,cross_network_same_hemi,pGP-lh,pPUT-lh,Pallidum_post,Putamen_post,left,left
227,0,0.004464285714285714,cross_network_same_hemi,aGP-lh,LH_VisCent_ExStr_2,Pallidum_ant,VisCent,left,left
227,40,0.004464285714285714,cross_network_same_hemi,aGP-lh,LH_SalVentAttnA_Ins_1,Pallidum_ant,SalVentAttnA,left,left
227,42,0.004464285714285714,cross_network_same_hemi,aGP-lh,LH_SalVentAttnA_FrOper_2,Pallidum_ant,SalVentAttnA,left,left
227,48,0.004464285714285714,cross_network_same_hemi,aGP-lh,LH_SalVentAttnB_Ins_1,Pallidum_ant,SalVentAttnB,left,left
227,50,0.004464285714285714,cross_network_same_hemi,aGP-lh,LH_LimbicB_OFC_1,Pallidum_ant,LimbicB,left,left
227,52,0.004464285714285714,cross_network_same_hemi,aGP-lh,LH_LimbicA_TempPole_1,Pallidum_ant,LimbicA,left,left
227,54,0.004464285714285714,cross_network_same_hemi,aGP-lh,LH_LimbicA_TempPole_3,Pallidum_ant,LimbicA,left,left
227,55,0.004464285714285714,cross_network_same_hemi,aGP-lh,LH_LimbicA_TempPole_4,Pallidum_ant,LimbicA,left,left
227,56,0.004464285714285714,cross_network_same_hemi,aGP-lh,LH_ContA_Temp_1,Pallidum_ant,ContA,left,left
227,60,0.004464285714285714,cross_network_same_hemi,aGP-lh,LH_ContA_PFCd_1,Pallidum_ant,ContA,left,left
227,61,0.004464285714285714,cross_network_same_hemi,aGP-lh,LH_ContA_PFClv_1,Pallidum_ant,ContA,left,left
227,62,0.004464285714285714,cross_network_same_hemi,aGP-lh,LH_ContA_PFCl_1,Pallidum_ant,ContA,left,left
227,63,0.004464285714285714,cross_network_same_hemi,aGP-lh,LH_ContA_PFCl_2,Pallidum_ant,ContA,left,left
227,89,0.004464285714285714,cross_network_same_hemi,aGP-lh,LH_DefaultB_PFCd_3,Pallidum_ant,DefaultB,left,left
227,91,0.004464285714285714,cross_network_same_hemi,aGP-lh,LH_DefaultB_PFCv_1,Pallidum_ant,DefaultB,left,left
227,94,0.004464285714285714,cross_network_same_hemi,aGP-lh,LH_DefaultB_PFCv_4,Pallidum_ant,DefaultB,left,left
227,118,0.004464285714285714,cross_hemi_diff_network,aGP-lh,RH_SomMotA_7,Pallidum_ant,SomMotA,left,right
227,123,0.004464285714285714,cross_hemi_diff_network,aGP-lh,RH_SomMotB_Aud_1,Pallidum_ant,SomMotB,left,right
227,139,0.004464285714285714,cross_hemi_diff_network,aGP-lh,RH_DorsAttnB_PostC_4,Pallidum_ant,DorsAttnB,left,right
227,142,0.004464285714285714,cross_hemi_diff_network,aGP-lh,RH_SalVentAttnA_PrC_1,Pallidum_ant,SalVentAttnA,left,right
227,143,0.004464285714285714,cross_hemi_diff_network,aGP-lh,RH_SalVentAttnA_Ins_1,Pallidum_ant,SalVentAttnA,left,right
227,153,0.008928571428571428,cross_hemi_diff_network,aGP-lh,RH_SalVentAttnB_Ins_1,Pallidum_ant,SalVentAttnB,left,right
227,159,0.004464285714285714,cross_hemi_diff_network,aGP-lh,RH_LimbicB_OFC_4,Pallidum_ant,LimbicB,left,right
227,162,0.008928571428571428,cross_hemi_diff_network,aGP-lh,RH_LimbicA_TempPole_3,Pallidum_ant,LimbicA,left,right
227,166,0.004464285714285714,cross_hemi_diff_network,aGP-lh,RH_ContA_PFCd_1,Pallidum_ant,ContA,left,right
227,167,0.004464285714285714,cross_hemi_diff_network,aGP-lh,RH_ContA_PFCl_1,Pallidum_ant,ContA,left,right
227,183,0.004464285714285714,cross_hemi_diff_network,aGP-lh,RH_DefaultA_IPL_1,Pallidum_ant,DefaultA,left,right
227,187,0.013392857142857142,cross_hemi_diff_network,aGP-lh,RH_DefaultA_PFCm_2,Pallidum_ant,DefaultA,left,right
227,192,0.013392857142857142,cross_hemi_diff_network,aGP-lh,RH_DefaultB_PFCv_1,Pallidum_ant,DefaultB,left,right
227,204,0.008928571428571428,cross_hemi_diff_network,aGP-lh,THA-DP-rh,Pallidum_ant,Thalamus_DP,left,right
227,205,0.004464285714285714,cross_hemi_diff_network,aGP-lh,THA-VP-rh,Pallidum_ant,Thalamus_VP,left,right
227,206,0.004464285714285714,cross_hemi_diff_network,aGP-lh,THA-VA-rh,Pallidum_ant,Thalamus_VA,left,right
227,207,0.004464285714285714,cross_hemi_diff_network,aGP-lh,THA-DA-rh,Pallidum_ant,Thalamus_DA,left,right
227,208,0.022321428571428572,cross_hemi_diff_network,aGP-lh,NAc-shell-rh,Pallidum_ant,Accumbens_shell,left,right
227,209,0.008928571428571428,cross_hemi_diff_network,aGP-lh,NAc-core-rh,Pallidum_ant,Accumbens_core,left,right
227,210,0.12946428571428573,cross_hemi_diff_network,aGP-lh,pGP-rh,Pallidum_ant,Pallidum_post,left,right
227,211,0.044642857142857144,within_network,aGP-lh,aGP-rh,Pallidum_ant,Pallidum_ant,left,right
227,213,0.004464285714285714,cross_hemi_diff_network,aGP-lh,pPUT-rh,Pallidum_ant,Putamen_post,left,right
227,214,0.004464285714285714,cross_hemi_diff_network,aGP-lh,aCAU-rh,Pallidum_ant,Caudate_ant,left,right
227,215,0.004464285714285714,cross_hemi_diff_network,aGP-lh,pCAU-rh,Pallidum_ant,Caudate_post,left,right
227,218,0.008928571428571428,cross_network_same_hemi,aGP-lh,lAMY-lh,Pallidum_ant,Amygdala_lat,left,left
227,219,0.004464285714285714,cross_network_same_hemi,aGP-lh,mAMY-lh,Pallidum_ant,Amygdala_med,left,left
227,220,0.017857142857142856,cross_network_same_hemi,aGP-lh,THA-DP-lh,Pallidum_ant,Thalamus_DP,left,left
227,221,0.017857142857142856,cross_network_same_hemi,aGP-lh,THA-VP-lh,Pallidum_ant,Thalamus_VP,left,left
227,223,0.004464285714285714,cross_network_same_hemi,aGP-lh,THA-DA-lh,Pallidum_ant,Thalamus_DA,left,left
227,224,0.008928571428571428,cross_network_same_hemi,aGP-lh,NAc-shell-lh,Pallidum_ant,Accumbens_shell,left,left
227,225,0.004464285714285714,cross_network_same_hemi,aGP-lh,NAc-core-lh,Pallidum_ant,Accumbens_core,left,left
227,226,0.017857142857142856,cross_network_same_hemi,aGP-lh,pGP-lh,Pallidum_ant,Pallidum_post,left,left
227,229,0.004464285714285714,cross_network_same_hemi,aGP-lh,pPUT-lh,Pallidum_ant,Putamen_post,left,left
227,231,0.004464285714285714,cross_network_same_hemi,aGP-lh,pCAU-lh,Pallidum_ant,Caudate_post,left,left
228,40,0.008928571428571428,cross_network_same_hemi,aPUT-lh,LH_SalVentAttnA_Ins_1,Putamen_ant,SalVentAttnA,left,left
228,161,0.004464285714285714,cross_hemi_diff_network,aPUT-lh,RH_LimbicA_TempPole_2,Putamen_ant,LimbicA,left,right
228,210,0.004464285714285714,cross_hemi_diff_network,aPUT-lh,pGP-rh,Putamen_ant,Pallidum_post,left,right
228,211,0.013392857142857142,cross_hemi_diff_network,aPUT-lh,aGP-rh,Putamen_ant,Pallidum_ant,left,right
228,215,0.004464285714285714,cross_hemi_diff_network,aPUT-lh,pCAU-rh,Putamen_ant,Caudate_post,left,right
228,220,0.004464285714285714,cross_network_same_hemi,aPUT-lh,THA-DP-lh,Putamen_ant,Thalamus_DP,left,left
228,224,0.004464285714285714,cross_network_same_hemi,aPUT-lh,NAc-shell-lh,Putamen_ant,Accumbens_shell,left,left
228,226,0.004464285714285714,cross_network_same_hemi,aPUT-lh,pGP-lh,Putamen_ant,Pallidum_post,left,left
229,14,0.004464285714285714,cross_network_same_hemi,pPUT-lh,LH_SomMotA_3,Putamen_post,SomMotA,left,left
229,22,0.004464285714285714,cross_network_same_hemi,pPUT-lh,LH_SomMotB_S2_1,Putamen_post,SomMotB,left,left
229,55,0.004464285714285714,cross_network_same_hemi,pPUT-lh,LH_LimbicA_TempPole_4,Putamen_post,LimbicA,left,left
229,143,0.004464285714285714,cross_hemi_diff_network,pPUT-lh,RH_SalVentAttnA_Ins_1,Putamen_post,SalVentAttnA,left,right
229,160,0.004464285714285714,cross_hemi_diff_network,pPUT-lh,RH_LimbicA_TempPole_1,Putamen_post,LimbicA,left,right
229,205,0.004464285714285714,cross_hemi_diff_network,pPUT-lh,THA-VP-rh,Putamen_post,Thalamus_VP,left,right
229,209,0.004464285714285714,cross_hemi_diff_network,pPUT-lh,NAc-core-rh,Putamen_post,Accumbens_core,left,right
229,210,0.017857142857142856,cross_hemi_diff_network,pPUT-lh,pGP-rh,Putamen_post,Pallidum_post,left,right
229,218,0.004464285714285714,cross_network_same_hemi,pPUT-lh,lAMY-lh,Putamen_post,Amygdala_lat,left,left
229,221,0.004464285714285714,cross_network_same_hemi,pPUT-lh,THA-VP-lh,Putamen_post,Thalamus_VP,left,left
229,227,0.017857142857142856,cross_network_same_hemi,pPUT-lh,aGP-lh,Putamen_post,Pallidum_ant,left,left
230,48,0.004464285714285714,cross_network_same_hemi,aCAU-lh,LH_SalVentAttnB_Ins_1,Caudate_ant,SalVentAttnB,left,left
230,153,0.004464285714285714,cross_hemi_diff_network,aCAU-lh,RH_SalVentAttnB_Ins_1,Caudate_ant,SalVentAttnB,left,right
230,161,0.004464285714285714,cross_hemi_diff_network,aCAU-lh,RH_LimbicA_TempPole_2,Caudate_ant,LimbicA,left,right
230,208,0.013392857142857142,cross_hemi_diff_network,aCAU-lh,NAc-shell-rh,Caudate_ant,Accumbens_shell,left,right
230,209,0.004464285714285714,cross_hemi_diff_network,aCAU-lh,NAc-core-rh,Caudate_ant,Accumbens_core,left,right
230,210,0.004464285714285714,cross_hemi_diff_network,aCAU-lh,pGP-rh,Caudate_ant,Pallidum_post,left,right
230,225,0.004464285714285714,cross_network_same_hemi,aCAU-lh,NAc-core-lh,Caudate_ant,Accumbens_core,left,left
230,227,0.004464285714285714,cross_network_same_hemi,aCAU-lh,aGP-lh,Caudate_ant,Pallidum_ant,left,left
230,229,0.004464285714285714,cross_network_same_hemi,aCAU-lh,pPUT-lh,Caudate_ant,Putamen_post,left,left
231,42,0.004464285714285714,cross_network_same_hemi,pCAU-lh,LH_SalVentAttnA_FrOper_2,Caudate_post,SalVentAttnA,left,left
231,99,0.004464285714285714,cross_network_same_hemi,pCAU-lh,LH_TempPar_2,Caudate_post,TempPar,left,left
231,146,0.004464285714285714,cross_hemi_diff_network,pCAU-lh,RH_SalVentAttnA_FrMed_1,Caudate_post,SalVentAttnA,left,right
231,177,0.004464285714285714,cross_hemi_diff_network,pCAU-lh,RH_ContB_PFClv_2,Caudate_post,ContB,left,right
231,206,0.004464285714285714,cross_hemi_diff_network,pCAU-lh,THA-VA-rh,Caudate_post,Thalamus_VA,left,right
231,208,0.004464285714285714,cross_hemi_diff_network,pCAU-lh,NAc-shell-rh,Caudate_post,Accumbens_shell,left,right
231,211,0.004464285714285714,cross_hemi_diff_network,pCAU-lh,aGP-rh,Caudate_post,Pallidum_ant,left,right
231,214,0.004464285714285714,cross_hemi_diff_network,pCAU-lh,aCAU-rh,Caudate_post,Caudate_ant,left,right
231,215,0.004464285714285714,within_network,pCAU-lh,pCAU-rh,Caudate_post,Caudate_post,left,right
231,226,0.017857142857142856,cross_network_same_hemi,pCAU-lh,pGP-lh,Caudate_post,Pallidum_post,left,left
231,227,0.017857142857142856,cross_network_same_hemi,pCAU-lh,aGP-lh,Caudate_post,Pallidum_ant,left,left
