2026-01-20 22:04:23,776 - __main__ - INFO - ================================================================================
2026-01-20 22:04:23,776 - __main__ - INFO - CONFIGURATION
2026-01-20 22:04:23,776 - __main__ - INFO - ================================================================================
2026-01-20 22:04:23,776 - __main__ - INFO -   Rest data: /home/sjoon/projects/brain_connectivity_classifier/data/raw/PIOP2_restingstate.csv
2026-01-20 22:04:23,777 - __main__ - INFO -   Task data: /home/sjoon/projects/brain_connectivity_classifier/data/raw/PIOP1_gstroop.csv
2026-01-20 22:04:23,777 - __main__ - INFO -   Output dir: /home/sjoon/projects/brain_connectivity_classifier/data/results/full_connectivity_analysis
2026-01-20 22:04:23,777 - __main__ - INFO -   Diagonal strategy: random
2026-01-20 22:04:23,777 - __main__ - INFO -   N folds: 5
2026-01-20 22:04:23,778 - __main__ - INFO -   Tune hyperparams: False
2026-01-20 22:04:23,778 - __main__ - INFO -   Test on task: False
2026-01-20 22:04:23,778 - __main__ - INFO -   N jobs: -1
2026-01-20 22:04:23,778 - __main__ - INFO -   Optuna N jobs: 32
2026-01-20 22:04:23,778 - __main__ - INFO - ================================================================================

2026-01-20 22:04:23,778 - __main__ - INFO - 
================================================================================
2026-01-20 22:04:23,779 - __main__ - INFO - TRAINING FULL CONNECTIVITY - ONE-VS-REST
2026-01-20 22:04:23,779 - __main__ - INFO - ================================================================================

2026-01-20 22:04:23,779 - __main__ - INFO - Loading resting-state data...
2026-01-20 22:04:36,487 - __main__ - INFO - 
Clipping off-diagonal values to [-0.999, 0.999]
2026-01-20 22:04:36,521 - __main__ - INFO - Data: 224 subjects, 232 regions
2026-01-20 22:04:36,522 - __main__ - INFO - Diagonal strategy: random
2026-01-20 22:04:36,524 - __main__ - INFO - 
Using hyperparameters for CV: C=1.000000, lbfgs, max_iter=1000
2026-01-20 22:04:36,524 - __main__ - INFO - 
================================================================================
2026-01-20 22:04:36,524 - __main__ - INFO - CROSS-VALIDATION (5 folds)
2026-01-20 22:04:36,524 - __main__ - INFO - ================================================================================
2026-01-20 22:04:36,547 - __main__ - INFO - 
================================================================================
2026-01-20 22:04:36,547 - __main__ - INFO - Fold 1/5
2026-01-20 22:04:36,548 - __main__ - INFO - ================================================================================
2026-01-20 22:04:37,643 - __main__ - INFO -   Random imputation seeds: train=1042, test=2042
2026-01-20 22:04:37,643 - __main__ - INFO - 
Applying diagonal imputation: random with seed 1042
2026-01-20 22:04:38,497 - __main__ - INFO -   Original diagonal: [1.0000, 1.0000], mean=1.0000
2026-01-20 22:04:38,499 - __main__ - INFO -   Subject 0: off-diag range [-0.7353, 0.9086] → imputing diagonal in this range
2026-01-20 22:04:38,500 - __main__ - INFO -   Subject 1: off-diag range [-0.8006, 0.9038] → imputing diagonal in this range
2026-01-20 22:04:38,500 - __main__ - INFO -   Subject 2: off-diag range [-0.7696, 0.8982] → imputing diagonal in this range
2026-01-20 22:04:38,501 - __main__ - INFO -   Subject 3: off-diag range [-0.8307, 0.9186] → imputing diagonal in this range
2026-01-20 22:04:38,501 - __main__ - INFO -   Subject 4: off-diag range [-0.8202, 0.9204] → imputing diagonal in this range
2026-01-20 22:04:38,502 - __main__ - INFO -   Subject 5: off-diag range [-0.8497, 0.9443] → imputing diagonal in this range
2026-01-20 22:04:38,502 - __main__ - INFO -   Subject 6: off-diag range [-0.7281, 0.9364] → imputing diagonal in this range
2026-01-20 22:04:38,503 - __main__ - INFO -   Subject 7: off-diag range [-0.7407, 0.9210] → imputing diagonal in this range
2026-01-20 22:04:38,504 - __main__ - INFO -   Subject 8: off-diag range [-0.6895, 0.9073] → imputing diagonal in this range
2026-01-20 22:04:38,504 - __main__ - INFO -   Subject 9: off-diag range [-0.7300, 0.9279] → imputing diagonal in this range
2026-01-20 22:04:38,505 - __main__ - INFO -   Subject 10: off-diag range [-0.7998, 0.9247] → imputing diagonal in this range
2026-01-20 22:04:38,506 - __main__ - INFO -   Subject 11: off-diag range [-0.7622, 0.9452] → imputing diagonal in this range
2026-01-20 22:04:38,506 - __main__ - INFO -   Subject 12: off-diag range [-0.7522, 0.9103] → imputing diagonal in this range
2026-01-20 22:04:38,507 - __main__ - INFO -   Subject 13: off-diag range [-0.7809, 0.9288] → imputing diagonal in this range
2026-01-20 22:04:38,507 - __main__ - INFO -   Subject 14: off-diag range [-0.7297, 0.9172] → imputing diagonal in this range
2026-01-20 22:04:38,507 - __main__ - INFO -   Subject 15: off-diag range [-0.7760, 0.9289] → imputing diagonal in this range
2026-01-20 22:04:38,508 - __main__ - INFO -   Subject 16: off-diag range [-0.7742, 0.9160] → imputing diagonal in this range
2026-01-20 22:04:38,509 - __main__ - INFO -   Subject 17: off-diag range [-0.8482, 0.9173] → imputing diagonal in this range
2026-01-20 22:04:38,509 - __main__ - INFO -   Subject 18: off-diag range [-0.7403, 0.9384] → imputing diagonal in this range
2026-01-20 22:04:38,509 - __main__ - INFO -   Subject 19: off-diag range [-0.7915, 0.9200] → imputing diagonal in this range
2026-01-20 22:04:38,510 - __main__ - INFO -   Subject 20: off-diag range [-0.7360, 0.9122] → imputing diagonal in this range
2026-01-20 22:04:38,510 - __main__ - INFO -   Subject 21: off-diag range [-0.8614, 0.9345] → imputing diagonal in this range
2026-01-20 22:04:38,511 - __main__ - INFO -   Subject 22: off-diag range [-0.8189, 0.9413] → imputing diagonal in this range
2026-01-20 22:04:38,511 - __main__ - INFO -   Subject 23: off-diag range [-0.7923, 0.9313] → imputing diagonal in this range
2026-01-20 22:04:38,512 - __main__ - INFO -   Subject 24: off-diag range [-0.7696, 0.9574] → imputing diagonal in this range
2026-01-20 22:04:38,512 - __main__ - INFO -   Subject 25: off-diag range [-0.7710, 0.9520] → imputing diagonal in this range
2026-01-20 22:04:38,513 - __main__ - INFO -   Subject 26: off-diag range [-0.8107, 0.9454] → imputing diagonal in this range
2026-01-20 22:04:38,513 - __main__ - INFO -   Subject 27: off-diag range [-0.7123, 0.9427] → imputing diagonal in this range
2026-01-20 22:04:38,514 - __main__ - INFO -   Subject 28: off-diag range [-0.7801, 0.9106] → imputing diagonal in this range
2026-01-20 22:04:38,514 - __main__ - INFO -   Subject 29: off-diag range [-0.7903, 0.9175] → imputing diagonal in this range
2026-01-20 22:04:38,515 - __main__ - INFO -   Subject 30: off-diag range [-0.8461, 0.9476] → imputing diagonal in this range
2026-01-20 22:04:38,515 - __main__ - INFO -   Subject 31: off-diag range [-0.8210, 0.9449] → imputing diagonal in this range
2026-01-20 22:04:38,516 - __main__ - INFO -   Subject 32: off-diag range [-0.7832, 0.9492] → imputing diagonal in this range
2026-01-20 22:04:38,516 - __main__ - INFO -   Subject 33: off-diag range [-0.8218, 0.9574] → imputing diagonal in this range
2026-01-20 22:04:38,517 - __main__ - INFO -   Subject 34: off-diag range [-0.8637, 0.9525] → imputing diagonal in this range
2026-01-20 22:04:38,517 - __main__ - INFO -   Subject 35: off-diag range [-0.7770, 0.9197] → imputing diagonal in this range
2026-01-20 22:04:38,518 - __main__ - INFO -   Subject 36: off-diag range [-0.7625, 0.9105] → imputing diagonal in this range
2026-01-20 22:04:38,518 - __main__ - INFO -   Subject 37: off-diag range [-0.7501, 0.9157] → imputing diagonal in this range
2026-01-20 22:04:38,519 - __main__ - INFO -   Subject 38: off-diag range [-0.8482, 0.9581] → imputing diagonal in this range
2026-01-20 22:04:38,519 - __main__ - INFO -   Subject 39: off-diag range [-0.7203, 0.8705] → imputing diagonal in this range
2026-01-20 22:04:38,520 - __main__ - INFO -   Subject 40: off-diag range [-0.8163, 0.9250] → imputing diagonal in this range
2026-01-20 22:04:38,521 - __main__ - INFO -   Subject 41: off-diag range [-0.8060, 0.9162] → imputing diagonal in this range
2026-01-20 22:04:38,522 - __main__ - INFO -   Subject 42: off-diag range [-0.7552, 0.9566] → imputing diagonal in this range
2026-01-20 22:04:38,522 - __main__ - INFO -   Subject 43: off-diag range [-0.7998, 0.9229] → imputing diagonal in this range
2026-01-20 22:04:38,523 - __main__ - INFO -   Subject 44: off-diag range [-0.7347, 0.9213] → imputing diagonal in this range
2026-01-20 22:04:38,523 - __main__ - INFO -   Subject 45: off-diag range [-0.8239, 0.9461] → imputing diagonal in this range
2026-01-20 22:04:38,524 - __main__ - INFO -   Subject 46: off-diag range [-0.7781, 0.9343] → imputing diagonal in this range
2026-01-20 22:04:38,525 - __main__ - INFO -   Subject 47: off-diag range [-0.8349, 0.9247] → imputing diagonal in this range
2026-01-20 22:04:38,525 - __main__ - INFO -   Subject 48: off-diag range [-0.7486, 0.9115] → imputing diagonal in this range
2026-01-20 22:04:38,525 - __main__ - INFO -   Subject 49: off-diag range [-0.7354, 0.8869] → imputing diagonal in this range
2026-01-20 22:04:38,526 - __main__ - INFO -   Subject 50: off-diag range [-0.7360, 0.9466] → imputing diagonal in this range
2026-01-20 22:04:38,526 - __main__ - INFO -   Subject 51: off-diag range [-0.8490, 0.9308] → imputing diagonal in this range
2026-01-20 22:04:38,527 - __main__ - INFO -   Subject 52: off-diag range [-0.7757, 0.9211] → imputing diagonal in this range
2026-01-20 22:04:38,527 - __main__ - INFO -   Subject 53: off-diag range [-0.7979, 0.9099] → imputing diagonal in this range
2026-01-20 22:04:38,528 - __main__ - INFO -   Subject 54: off-diag range [-0.8850, 0.9395] → imputing diagonal in this range
2026-01-20 22:04:38,528 - __main__ - INFO -   Subject 55: off-diag range [-0.8193, 0.8993] → imputing diagonal in this range
2026-01-20 22:04:38,529 - __main__ - INFO -   Subject 56: off-diag range [-0.8151, 0.9495] → imputing diagonal in this range
2026-01-20 22:04:38,529 - __main__ - INFO -   Subject 57: off-diag range [-0.7677, 0.9345] → imputing diagonal in this range
2026-01-20 22:04:38,530 - __main__ - INFO -   Subject 58: off-diag range [-0.7491, 0.8858] → imputing diagonal in this range
2026-01-20 22:04:38,530 - __main__ - INFO -   Subject 59: off-diag range [-0.7589, 0.9024] → imputing diagonal in this range
2026-01-20 22:04:38,530 - __main__ - INFO -   Subject 60: off-diag range [-0.7878, 0.9073] → imputing diagonal in this range
2026-01-20 22:04:38,531 - __main__ - INFO -   Subject 61: off-diag range [-0.7714, 0.9176] → imputing diagonal in this range
2026-01-20 22:04:38,531 - __main__ - INFO -   Subject 62: off-diag range [-0.8000, 0.9114] → imputing diagonal in this range
2026-01-20 22:04:38,532 - __main__ - INFO -   Subject 63: off-diag range [-0.7837, 0.9332] → imputing diagonal in this range
2026-01-20 22:04:38,532 - __main__ - INFO -   Subject 64: off-diag range [-0.8549, 0.9451] → imputing diagonal in this range
2026-01-20 22:04:38,533 - __main__ - INFO -   Subject 65: off-diag range [-0.7129, 0.8857] → imputing diagonal in this range
2026-01-20 22:04:38,533 - __main__ - INFO -   Subject 66: off-diag range [-0.7549, 0.9428] → imputing diagonal in this range
2026-01-20 22:04:38,534 - __main__ - INFO -   Subject 67: off-diag range [-0.8177, 0.9464] → imputing diagonal in this range
2026-01-20 22:04:38,535 - __main__ - INFO -   Subject 68: off-diag range [-0.7368, 0.9132] → imputing diagonal in this range
2026-01-20 22:04:38,535 - __main__ - INFO -   Subject 69: off-diag range [-0.7406, 0.9548] → imputing diagonal in this range
2026-01-20 22:04:38,536 - __main__ - INFO -   Subject 70: off-diag range [-0.7566, 0.8881] → imputing diagonal in this range
2026-01-20 22:04:38,536 - __main__ - INFO -   Subject 71: off-diag range [-0.7664, 0.9178] → imputing diagonal in this range
2026-01-20 22:04:38,537 - __main__ - INFO -   Subject 72: off-diag range [-0.7453, 0.8901] → imputing diagonal in this range
2026-01-20 22:04:38,537 - __main__ - INFO -   Subject 73: off-diag range [-0.7737, 0.9674] → imputing diagonal in this range
2026-01-20 22:04:38,538 - __main__ - INFO -   Subject 74: off-diag range [-0.7874, 0.9253] → imputing diagonal in this range
2026-01-20 22:04:38,539 - __main__ - INFO -   Subject 75: off-diag range [-0.7457, 0.9450] → imputing diagonal in this range
2026-01-20 22:04:38,539 - __main__ - INFO -   Subject 76: off-diag range [-0.8094, 0.9254] → imputing diagonal in this range
2026-01-20 22:04:38,540 - __main__ - INFO -   Subject 77: off-diag range [-0.7315, 0.9438] → imputing diagonal in this range
2026-01-20 22:04:38,540 - __main__ - INFO -   Subject 78: off-diag range [-0.7488, 0.9017] → imputing diagonal in this range
2026-01-20 22:04:38,541 - __main__ - INFO -   Subject 79: off-diag range [-0.8177, 0.8958] → imputing diagonal in this range
2026-01-20 22:04:38,541 - __main__ - INFO -   Subject 80: off-diag range [-0.7803, 0.9126] → imputing diagonal in this range
2026-01-20 22:04:38,542 - __main__ - INFO -   Subject 81: off-diag range [-0.7896, 0.8886] → imputing diagonal in this range
2026-01-20 22:04:38,542 - __main__ - INFO -   Subject 82: off-diag range [-0.7777, 0.9137] → imputing diagonal in this range
2026-01-20 22:04:38,543 - __main__ - INFO -   Subject 83: off-diag range [-0.7501, 0.9154] → imputing diagonal in this range
2026-01-20 22:04:38,543 - __main__ - INFO -   Subject 84: off-diag range [-0.7465, 0.9285] → imputing diagonal in this range
2026-01-20 22:04:38,544 - __main__ - INFO -   Subject 85: off-diag range [-0.7913, 0.8715] → imputing diagonal in this range
2026-01-20 22:04:38,544 - __main__ - INFO -   Subject 86: off-diag range [-0.7248, 0.9352] → imputing diagonal in this range
2026-01-20 22:04:38,545 - __main__ - INFO -   Subject 87: off-diag range [-0.7893, 0.9034] → imputing diagonal in this range
2026-01-20 22:04:38,546 - __main__ - INFO -   Subject 88: off-diag range [-0.7851, 0.9054] → imputing diagonal in this range
2026-01-20 22:04:38,546 - __main__ - INFO -   Subject 89: off-diag range [-0.7307, 0.9240] → imputing diagonal in this range
2026-01-20 22:04:38,546 - __main__ - INFO -   Subject 90: off-diag range [-0.8476, 0.9206] → imputing diagonal in this range
2026-01-20 22:04:38,547 - __main__ - INFO -   Subject 91: off-diag range [-0.8394, 0.9048] → imputing diagonal in this range
2026-01-20 22:04:38,547 - __main__ - INFO -   Subject 92: off-diag range [-0.7968, 0.9160] → imputing diagonal in this range
2026-01-20 22:04:38,548 - __main__ - INFO -   Subject 93: off-diag range [-0.7252, 0.9252] → imputing diagonal in this range
2026-01-20 22:04:38,548 - __main__ - INFO -   Subject 94: off-diag range [-0.8078, 0.9040] → imputing diagonal in this range
2026-01-20 22:04:38,549 - __main__ - INFO -   Subject 95: off-diag range [-0.7305, 0.9574] → imputing diagonal in this range
2026-01-20 22:04:38,549 - __main__ - INFO -   Subject 96: off-diag range [-0.7656, 0.9190] → imputing diagonal in this range
2026-01-20 22:04:38,550 - __main__ - INFO -   Subject 97: off-diag range [-0.8225, 0.9402] → imputing diagonal in this range
2026-01-20 22:04:38,550 - __main__ - INFO -   Subject 98: off-diag range [-0.8068, 0.9211] → imputing diagonal in this range
2026-01-20 22:04:38,551 - __main__ - INFO -   Subject 99: off-diag range [-0.7526, 0.9042] → imputing diagonal in this range
2026-01-20 22:04:38,551 - __main__ - INFO -   Subject 100: off-diag range [-0.7488, 0.9496] → imputing diagonal in this range
2026-01-20 22:04:38,551 - __main__ - INFO -   Subject 101: off-diag range [-0.7699, 0.9334] → imputing diagonal in this range
2026-01-20 22:04:38,552 - __main__ - INFO -   Subject 102: off-diag range [-0.7963, 0.9470] → imputing diagonal in this range
2026-01-20 22:04:38,552 - __main__ - INFO -   Subject 103: off-diag range [-0.7439, 0.9118] → imputing diagonal in this range
2026-01-20 22:04:38,553 - __main__ - INFO -   Subject 104: off-diag range [-0.7138, 0.9177] → imputing diagonal in this range
2026-01-20 22:04:38,553 - __main__ - INFO -   Subject 105: off-diag range [-0.8104, 0.9546] → imputing diagonal in this range
2026-01-20 22:04:38,554 - __main__ - INFO -   Subject 106: off-diag range [-0.7467, 0.9475] → imputing diagonal in this range
2026-01-20 22:04:38,554 - __main__ - INFO -   Subject 107: off-diag range [-0.7231, 0.9423] → imputing diagonal in this range
2026-01-20 22:04:38,555 - __main__ - INFO -   Subject 108: off-diag range [-0.8638, 0.9536] → imputing diagonal in this range
2026-01-20 22:04:38,555 - __main__ - INFO -   Subject 109: off-diag range [-0.7717, 0.9331] → imputing diagonal in this range
2026-01-20 22:04:38,556 - __main__ - INFO -   Subject 110: off-diag range [-0.8309, 0.9407] → imputing diagonal in this range
2026-01-20 22:04:38,556 - __main__ - INFO -   Subject 111: off-diag range [-0.8484, 0.9379] → imputing diagonal in this range
2026-01-20 22:04:38,557 - __main__ - INFO -   Subject 112: off-diag range [-0.8284, 0.9410] → imputing diagonal in this range
2026-01-20 22:04:38,557 - __main__ - INFO -   Subject 113: off-diag range [-0.7552, 0.9335] → imputing diagonal in this range
2026-01-20 22:04:38,558 - __main__ - INFO -   Subject 114: off-diag range [-0.7506, 0.9546] → imputing diagonal in this range
2026-01-20 22:04:38,558 - __main__ - INFO -   Subject 115: off-diag range [-0.7996, 0.9151] → imputing diagonal in this range
2026-01-20 22:04:38,559 - __main__ - INFO -   Subject 116: off-diag range [-0.7587, 0.9329] → imputing diagonal in this range
2026-01-20 22:04:38,559 - __main__ - INFO -   Subject 117: off-diag range [-0.8204, 0.9181] → imputing diagonal in this range
2026-01-20 22:04:38,560 - __main__ - INFO -   Subject 118: off-diag range [-0.8162, 0.9293] → imputing diagonal in this range
2026-01-20 22:04:38,560 - __main__ - INFO -   Subject 119: off-diag range [-0.6834, 0.9424] → imputing diagonal in this range
2026-01-20 22:04:38,560 - __main__ - INFO -   Subject 120: off-diag range [-0.8019, 0.9371] → imputing diagonal in this range
2026-01-20 22:04:38,561 - __main__ - INFO -   Subject 121: off-diag range [-0.8054, 0.9214] → imputing diagonal in this range
2026-01-20 22:04:38,561 - __main__ - INFO -   Subject 122: off-diag range [-0.8216, 0.9321] → imputing diagonal in this range
2026-01-20 22:04:38,562 - __main__ - INFO -   Subject 123: off-diag range [-0.8138, 0.8918] → imputing diagonal in this range
2026-01-20 22:04:38,562 - __main__ - INFO -   Subject 124: off-diag range [-0.7529, 0.9158] → imputing diagonal in this range
2026-01-20 22:04:38,563 - __main__ - INFO -   Subject 125: off-diag range [-0.7765, 0.9580] → imputing diagonal in this range
2026-01-20 22:04:38,563 - __main__ - INFO -   Subject 126: off-diag range [-0.6276, 0.8795] → imputing diagonal in this range
2026-01-20 22:04:38,564 - __main__ - INFO -   Subject 127: off-diag range [-0.8128, 0.9252] → imputing diagonal in this range
2026-01-20 22:04:38,564 - __main__ - INFO -   Subject 128: off-diag range [-0.7462, 0.9156] → imputing diagonal in this range
2026-01-20 22:04:38,565 - __main__ - INFO -   Subject 129: off-diag range [-0.8058, 0.9538] → imputing diagonal in this range
2026-01-20 22:04:38,565 - __main__ - INFO -   Subject 130: off-diag range [-0.7950, 0.9481] → imputing diagonal in this range
2026-01-20 22:04:38,566 - __main__ - INFO -   Subject 131: off-diag range [-0.8202, 0.9370] → imputing diagonal in this range
2026-01-20 22:04:38,566 - __main__ - INFO -   Subject 132: off-diag range [-0.7685, 0.8994] → imputing diagonal in this range
2026-01-20 22:04:38,567 - __main__ - INFO -   Subject 133: off-diag range [-0.7744, 0.9091] → imputing diagonal in this range
2026-01-20 22:04:38,567 - __main__ - INFO -   Subject 134: off-diag range [-0.7984, 0.9123] → imputing diagonal in this range
2026-01-20 22:04:38,567 - __main__ - INFO -   Subject 135: off-diag range [-0.7344, 0.9426] → imputing diagonal in this range
2026-01-20 22:04:38,568 - __main__ - INFO -   Subject 136: off-diag range [-0.7432, 0.9314] → imputing diagonal in this range
2026-01-20 22:04:38,568 - __main__ - INFO -   Subject 137: off-diag range [-0.7711, 0.9252] → imputing diagonal in this range
2026-01-20 22:04:38,569 - __main__ - INFO -   Subject 138: off-diag range [-0.7793, 0.9118] → imputing diagonal in this range
2026-01-20 22:04:38,569 - __main__ - INFO -   Subject 139: off-diag range [-0.7699, 0.9458] → imputing diagonal in this range
2026-01-20 22:04:38,570 - __main__ - INFO -   Subject 140: off-diag range [-0.7652, 0.9412] → imputing diagonal in this range
2026-01-20 22:04:38,570 - __main__ - INFO -   Subject 141: off-diag range [-0.8218, 0.9336] → imputing diagonal in this range
2026-01-20 22:04:38,571 - __main__ - INFO -   Subject 142: off-diag range [-0.7979, 0.9475] → imputing diagonal in this range
2026-01-20 22:04:38,571 - __main__ - INFO -   Subject 143: off-diag range [-0.6881, 0.9280] → imputing diagonal in this range
2026-01-20 22:04:38,572 - __main__ - INFO -   Subject 144: off-diag range [-0.8028, 0.9130] → imputing diagonal in this range
2026-01-20 22:04:38,572 - __main__ - INFO -   Subject 145: off-diag range [-0.6996, 0.9117] → imputing diagonal in this range
2026-01-20 22:04:38,572 - __main__ - INFO -   Subject 146: off-diag range [-0.7374, 0.9157] → imputing diagonal in this range
2026-01-20 22:04:38,573 - __main__ - INFO -   Subject 147: off-diag range [-0.7331, 0.9605] → imputing diagonal in this range
2026-01-20 22:04:38,573 - __main__ - INFO -   Subject 148: off-diag range [-0.7700, 0.9242] → imputing diagonal in this range
2026-01-20 22:04:38,574 - __main__ - INFO -   Subject 149: off-diag range [-0.7587, 0.9212] → imputing diagonal in this range
2026-01-20 22:04:38,574 - __main__ - INFO -   Subject 150: off-diag range [-0.8453, 0.9231] → imputing diagonal in this range
2026-01-20 22:04:38,575 - __main__ - INFO -   Subject 151: off-diag range [-0.7935, 0.9194] → imputing diagonal in this range
2026-01-20 22:04:38,575 - __main__ - INFO -   Subject 152: off-diag range [-0.7508, 0.9533] → imputing diagonal in this range
2026-01-20 22:04:38,576 - __main__ - INFO -   Subject 153: off-diag range [-0.7880, 0.9443] → imputing diagonal in this range
2026-01-20 22:04:38,576 - __main__ - INFO -   Subject 154: off-diag range [-0.7445, 0.9238] → imputing diagonal in this range
2026-01-20 22:04:38,577 - __main__ - INFO -   Subject 155: off-diag range [-0.7911, 0.9140] → imputing diagonal in this range
2026-01-20 22:04:38,577 - __main__ - INFO -   Subject 156: off-diag range [-0.7972, 0.9026] → imputing diagonal in this range
2026-01-20 22:04:38,578 - __main__ - INFO -   Subject 157: off-diag range [-0.7442, 0.9046] → imputing diagonal in this range
2026-01-20 22:04:38,578 - __main__ - INFO -   Subject 158: off-diag range [-0.8061, 0.9373] → imputing diagonal in this range
2026-01-20 22:04:38,578 - __main__ - INFO -   Subject 159: off-diag range [-0.8126, 0.9303] → imputing diagonal in this range
2026-01-20 22:04:38,579 - __main__ - INFO -   Subject 160: off-diag range [-0.7420, 0.9065] → imputing diagonal in this range
2026-01-20 22:04:38,579 - __main__ - INFO -   Subject 161: off-diag range [-0.7523, 0.9254] → imputing diagonal in this range
2026-01-20 22:04:38,580 - __main__ - INFO -   Subject 162: off-diag range [-0.7866, 0.9444] → imputing diagonal in this range
2026-01-20 22:04:38,580 - __main__ - INFO -   Subject 163: off-diag range [-0.7516, 0.9077] → imputing diagonal in this range
2026-01-20 22:04:38,581 - __main__ - INFO -   Subject 164: off-diag range [-0.7354, 0.9371] → imputing diagonal in this range
2026-01-20 22:04:38,581 - __main__ - INFO -   Subject 165: off-diag range [-0.7257, 0.9222] → imputing diagonal in this range
2026-01-20 22:04:38,582 - __main__ - INFO -   Subject 166: off-diag range [-0.7612, 0.9583] → imputing diagonal in this range
2026-01-20 22:04:38,582 - __main__ - INFO -   Subject 167: off-diag range [-0.8376, 0.9221] → imputing diagonal in this range
2026-01-20 22:04:38,583 - __main__ - INFO -   Subject 168: off-diag range [-0.8370, 0.9325] → imputing diagonal in this range
2026-01-20 22:04:38,583 - __main__ - INFO -   Subject 169: off-diag range [-0.7546, 0.9526] → imputing diagonal in this range
2026-01-20 22:04:38,583 - __main__ - INFO -   Subject 170: off-diag range [-0.7652, 0.9147] → imputing diagonal in this range
2026-01-20 22:04:38,584 - __main__ - INFO -   Subject 171: off-diag range [-0.8125, 0.9218] → imputing diagonal in this range
2026-01-20 22:04:38,585 - __main__ - INFO -   Subject 172: off-diag range [-0.7773, 0.8802] → imputing diagonal in this range
2026-01-20 22:04:38,585 - __main__ - INFO -   Subject 173: off-diag range [-0.7532, 0.9227] → imputing diagonal in this range
2026-01-20 22:04:38,586 - __main__ - INFO -   Subject 174: off-diag range [-0.7394, 0.9428] → imputing diagonal in this range
2026-01-20 22:04:38,586 - __main__ - INFO -   Subject 175: off-diag range [-0.7952, 0.9241] → imputing diagonal in this range
2026-01-20 22:04:38,587 - __main__ - INFO -   Subject 176: off-diag range [-0.8042, 0.8891] → imputing diagonal in this range
2026-01-20 22:04:38,587 - __main__ - INFO -   Subject 177: off-diag range [-0.7760, 0.9225] → imputing diagonal in this range
2026-01-20 22:04:38,587 - __main__ - INFO -   Subject 178: off-diag range [-0.7783, 0.9233] → imputing diagonal in this range
2026-01-20 22:04:38,588 - __main__ - INFO -   New diagonal: [-0.8648, 0.9632], mean=0.0744
2026-01-20 22:04:38,595 - __main__ - INFO - 
Applying diagonal imputation: random with seed 2042
2026-01-20 22:04:38,880 - __main__ - INFO -   Original diagonal: [1.0000, 1.0000], mean=1.0000
2026-01-20 22:04:38,881 - __main__ - INFO -   Subject 0: off-diag range [-0.7905, 0.9096] → imputing diagonal in this range
2026-01-20 22:04:38,882 - __main__ - INFO -   Subject 1: off-diag range [-0.7590, 0.9384] → imputing diagonal in this range
2026-01-20 22:04:38,882 - __main__ - INFO -   Subject 2: off-diag range [-0.8152, 0.9031] → imputing diagonal in this range
2026-01-20 22:04:38,883 - __main__ - INFO -   Subject 3: off-diag range [-0.7977, 0.9230] → imputing diagonal in this range
2026-01-20 22:04:38,883 - __main__ - INFO -   Subject 4: off-diag range [-0.8066, 0.9556] → imputing diagonal in this range
2026-01-20 22:04:38,884 - __main__ - INFO -   Subject 5: off-diag range [-0.8499, 0.8974] → imputing diagonal in this range
2026-01-20 22:04:38,884 - __main__ - INFO -   Subject 6: off-diag range [-0.7468, 0.9392] → imputing diagonal in this range
2026-01-20 22:04:38,885 - __main__ - INFO -   Subject 7: off-diag range [-0.7612, 0.9538] → imputing diagonal in this range
2026-01-20 22:04:38,885 - __main__ - INFO -   Subject 8: off-diag range [-0.6401, 0.9578] → imputing diagonal in this range
2026-01-20 22:04:38,886 - __main__ - INFO -   Subject 9: off-diag range [-0.7424, 0.9480] → imputing diagonal in this range
2026-01-20 22:04:38,886 - __main__ - INFO -   Subject 10: off-diag range [-0.7434, 0.9202] → imputing diagonal in this range
2026-01-20 22:04:38,887 - __main__ - INFO -   Subject 11: off-diag range [-0.7237, 0.8829] → imputing diagonal in this range
2026-01-20 22:04:38,887 - __main__ - INFO -   Subject 12: off-diag range [-0.7875, 0.9318] → imputing diagonal in this range
2026-01-20 22:04:38,888 - __main__ - INFO -   Subject 13: off-diag range [-0.8119, 0.8930] → imputing diagonal in this range
2026-01-20 22:04:38,888 - __main__ - INFO -   Subject 14: off-diag range [-0.8294, 0.9371] → imputing diagonal in this range
2026-01-20 22:04:38,888 - __main__ - INFO -   Subject 15: off-diag range [-0.7776, 0.9438] → imputing diagonal in this range
2026-01-20 22:04:38,889 - __main__ - INFO -   Subject 16: off-diag range [-0.8392, 0.9237] → imputing diagonal in this range
2026-01-20 22:04:38,889 - __main__ - INFO -   Subject 17: off-diag range [-0.8045, 0.9146] → imputing diagonal in this range
2026-01-20 22:04:38,890 - __main__ - INFO -   Subject 18: off-diag range [-0.7000, 0.9373] → imputing diagonal in this range
2026-01-20 22:04:38,890 - __main__ - INFO -   Subject 19: off-diag range [-0.7564, 0.9151] → imputing diagonal in this range
2026-01-20 22:04:38,891 - __main__ - INFO -   Subject 20: off-diag range [-0.8076, 0.9407] → imputing diagonal in this range
2026-01-20 22:04:38,891 - __main__ - INFO -   Subject 21: off-diag range [-0.6997, 0.9096] → imputing diagonal in this range
2026-01-20 22:04:38,892 - __main__ - INFO -   Subject 22: off-diag range [-0.7374, 0.9289] → imputing diagonal in this range
2026-01-20 22:04:38,892 - __main__ - INFO -   Subject 23: off-diag range [-0.8436, 0.9347] → imputing diagonal in this range
2026-01-20 22:04:38,893 - __main__ - INFO -   Subject 24: off-diag range [-0.8027, 0.9437] → imputing diagonal in this range
2026-01-20 22:04:38,893 - __main__ - INFO -   Subject 25: off-diag range [-0.7812, 0.9061] → imputing diagonal in this range
2026-01-20 22:04:38,894 - __main__ - INFO -   Subject 26: off-diag range [-0.7478, 0.9361] → imputing diagonal in this range
2026-01-20 22:04:38,894 - __main__ - INFO -   Subject 27: off-diag range [-0.7148, 0.9250] → imputing diagonal in this range
2026-01-20 22:04:38,895 - __main__ - INFO -   Subject 28: off-diag range [-0.8214, 0.9487] → imputing diagonal in this range
2026-01-20 22:04:38,895 - __main__ - INFO -   Subject 29: off-diag range [-0.8249, 0.9303] → imputing diagonal in this range
2026-01-20 22:04:38,896 - __main__ - INFO -   Subject 30: off-diag range [-0.7751, 0.9238] → imputing diagonal in this range
2026-01-20 22:04:38,896 - __main__ - INFO -   Subject 31: off-diag range [-0.7097, 0.9333] → imputing diagonal in this range
2026-01-20 22:04:38,897 - __main__ - INFO -   Subject 32: off-diag range [-0.7743, 0.9335] → imputing diagonal in this range
2026-01-20 22:04:38,897 - __main__ - INFO -   Subject 33: off-diag range [-0.7830, 0.9491] → imputing diagonal in this range
2026-01-20 22:04:38,898 - __main__ - INFO -   Subject 34: off-diag range [-0.7646, 0.9402] → imputing diagonal in this range
2026-01-20 22:04:38,898 - __main__ - INFO -   Subject 35: off-diag range [-0.7535, 0.9520] → imputing diagonal in this range
2026-01-20 22:04:38,899 - __main__ - INFO -   Subject 36: off-diag range [-0.7672, 0.9081] → imputing diagonal in this range
2026-01-20 22:04:38,899 - __main__ - INFO -   Subject 37: off-diag range [-0.7983, 0.9307] → imputing diagonal in this range
2026-01-20 22:04:38,900 - __main__ - INFO -   Subject 38: off-diag range [-0.8267, 0.9191] → imputing diagonal in this range
2026-01-20 22:04:38,900 - __main__ - INFO -   Subject 39: off-diag range [-0.7736, 0.9331] → imputing diagonal in this range
2026-01-20 22:04:38,901 - __main__ - INFO -   Subject 40: off-diag range [-0.7944, 0.9221] → imputing diagonal in this range
2026-01-20 22:04:38,901 - __main__ - INFO -   Subject 41: off-diag range [-0.7407, 0.9392] → imputing diagonal in this range
2026-01-20 22:04:38,902 - __main__ - INFO -   Subject 42: off-diag range [-0.7930, 0.9364] → imputing diagonal in this range
2026-01-20 22:04:38,902 - __main__ - INFO -   Subject 43: off-diag range [-0.7884, 0.9269] → imputing diagonal in this range
2026-01-20 22:04:38,903 - __main__ - INFO -   Subject 44: off-diag range [-0.7434, 0.9542] → imputing diagonal in this range
2026-01-20 22:04:38,903 - __main__ - INFO -   New diagonal: [-0.8498, 0.9546], mean=0.0804
2026-01-20 22:04:38,905 - __main__ - INFO - 
Applying Fisher Z-transformation...
2026-01-20 22:04:41,142 - __main__ - INFO -   Range: [-1.3984, 2.0494], mean=0.0207, std=0.2937
2026-01-20 22:04:41,151 - __main__ - INFO - 
Applying Fisher Z-transformation...
2026-01-20 22:04:41,485 - __main__ - INFO -   Range: [-1.2559, 1.9185], mean=0.0212, std=0.2945
2026-01-20 22:04:41,486 - __main__ - INFO -   Train: 179 subjects
2026-01-20 22:04:41,486 - __main__ - INFO -   Test:  45 subjects
2026-01-20 22:26:15,461 - __main__ - INFO - ================================================================================
2026-01-20 22:26:15,461 - __main__ - INFO - CONFIGURATION
2026-01-20 22:26:15,461 - __main__ - INFO - ================================================================================
2026-01-20 22:26:15,461 - __main__ - INFO -   Rest data: /home/sjoon/projects/brain_connectivity_classifier/data/raw/PIOP2_restingstate.csv
2026-01-20 22:26:15,461 - __main__ - INFO -   Task data: /home/sjoon/projects/brain_connectivity_classifier/data/raw/PIOP1_gstroop.csv
2026-01-20 22:26:15,461 - __main__ - INFO -   Output dir: /home/sjoon/projects/brain_connectivity_classifier/data/results/full_connectivity_analysis
2026-01-20 22:26:15,461 - __main__ - INFO -   Diagonal strategy: random
2026-01-20 22:26:15,461 - __main__ - INFO -   N folds: 3
2026-01-20 22:26:15,462 - __main__ - INFO -   Tune hyperparams: False
2026-01-20 22:26:15,462 - __main__ - INFO -   Test on task: True
2026-01-20 22:26:15,462 - __main__ - INFO -   N jobs: -1
2026-01-20 22:26:15,462 - __main__ - INFO -   Optuna N jobs: 1
2026-01-20 22:26:15,462 - __main__ - INFO - ================================================================================

2026-01-20 22:26:15,462 - __main__ - INFO - 
================================================================================
2026-01-20 22:26:15,462 - __main__ - INFO - TRAINING FULL CONNECTIVITY - ONE-VS-REST
2026-01-20 22:26:15,462 - __main__ - INFO - ================================================================================

2026-01-20 22:26:15,462 - __main__ - INFO - Loading resting-state data...
2026-01-20 22:26:26,586 - __main__ - INFO - 
Clipping off-diagonal values to [-0.999, 0.999]
2026-01-20 22:26:26,613 - __main__ - INFO - Data: 224 subjects, 232 regions
2026-01-20 22:26:26,613 - __main__ - INFO - Diagonal strategy: random
2026-01-20 22:26:26,613 - __main__ - INFO - 
Using hyperparameters for CV: C=1.000000, lbfgs, max_iter=1000
2026-01-20 22:26:26,613 - __main__ - INFO - 
================================================================================
2026-01-20 22:26:26,614 - __main__ - INFO - CROSS-VALIDATION (3 folds)
2026-01-20 22:26:26,614 - __main__ - INFO - ================================================================================
2026-01-20 22:26:26,630 - __main__ - INFO - 
================================================================================
2026-01-20 22:26:26,630 - __main__ - INFO - Fold 1/3
2026-01-20 22:26:26,630 - __main__ - INFO - ================================================================================
2026-01-20 22:26:28,278 - __main__ - INFO -   Random imputation seeds: train=1042, test=2042
2026-01-20 22:26:28,278 - __main__ - INFO - 
Applying diagonal imputation: random with seed 1042
2026-01-20 22:26:28,731 - __main__ - INFO -   Original diagonal: [1.0000, 1.0000], mean=1.0000
2026-01-20 22:26:28,732 - __main__ - INFO -   Subject 0: off-diag range [-0.7353, 0.9086] → imputing diagonal in this range
2026-01-20 22:26:28,733 - __main__ - INFO -   Subject 1: off-diag range [-0.7696, 0.8982] → imputing diagonal in this range
2026-01-20 22:26:28,734 - __main__ - INFO -   Subject 2: off-diag range [-0.7905, 0.9096] → imputing diagonal in this range
2026-01-20 22:26:28,734 - __main__ - INFO -   Subject 3: off-diag range [-0.8202, 0.9204] → imputing diagonal in this range
2026-01-20 22:26:28,735 - __main__ - INFO -   Subject 4: off-diag range [-0.8497, 0.9443] → imputing diagonal in this range
2026-01-20 22:26:28,735 - __main__ - INFO -   Subject 5: off-diag range [-0.7590, 0.9384] → imputing diagonal in this range
2026-01-20 22:26:28,736 - __main__ - INFO -   Subject 6: off-diag range [-0.7407, 0.9210] → imputing diagonal in this range
2026-01-20 22:26:28,737 - __main__ - INFO -   Subject 7: off-diag range [-0.7300, 0.9279] → imputing diagonal in this range
2026-01-20 22:26:28,737 - __main__ - INFO -   Subject 8: off-diag range [-0.7998, 0.9247] → imputing diagonal in this range
2026-01-20 22:26:28,738 - __main__ - INFO -   Subject 9: off-diag range [-0.7622, 0.9452] → imputing diagonal in this range
2026-01-20 22:26:28,738 - __main__ - INFO -   Subject 10: off-diag range [-0.7522, 0.9103] → imputing diagonal in this range
2026-01-20 22:26:28,739 - __main__ - INFO -   Subject 11: off-diag range [-0.7297, 0.9172] → imputing diagonal in this range
2026-01-20 22:26:28,740 - __main__ - INFO -   Subject 12: off-diag range [-0.7977, 0.9230] → imputing diagonal in this range
2026-01-20 22:26:28,740 - __main__ - INFO -   Subject 13: off-diag range [-0.7742, 0.9160] → imputing diagonal in this range
2026-01-20 22:26:28,741 - __main__ - INFO -   Subject 14: off-diag range [-0.8482, 0.9173] → imputing diagonal in this range
2026-01-20 22:26:28,741 - __main__ - INFO -   Subject 15: off-diag range [-0.8066, 0.9556] → imputing diagonal in this range
2026-01-20 22:26:28,742 - __main__ - INFO -   Subject 16: off-diag range [-0.7915, 0.9200] → imputing diagonal in this range
2026-01-20 22:26:28,742 - __main__ - INFO -   Subject 17: off-diag range [-0.8614, 0.9345] → imputing diagonal in this range
2026-01-20 22:26:28,743 - __main__ - INFO -   Subject 18: off-diag range [-0.8189, 0.9413] → imputing diagonal in this range
2026-01-20 22:26:28,743 - __main__ - INFO -   Subject 19: off-diag range [-0.7923, 0.9313] → imputing diagonal in this range
2026-01-20 22:26:28,744 - __main__ - INFO -   Subject 20: off-diag range [-0.7696, 0.9574] → imputing diagonal in this range
2026-01-20 22:26:28,744 - __main__ - INFO -   Subject 21: off-diag range [-0.8107, 0.9454] → imputing diagonal in this range
2026-01-20 22:26:28,744 - __main__ - INFO -   Subject 22: off-diag range [-0.7468, 0.9392] → imputing diagonal in this range
2026-01-20 22:26:28,745 - __main__ - INFO -   Subject 23: off-diag range [-0.7801, 0.9106] → imputing diagonal in this range
2026-01-20 22:26:28,746 - __main__ - INFO -   Subject 24: off-diag range [-0.7903, 0.9175] → imputing diagonal in this range
2026-01-20 22:26:28,746 - __main__ - INFO -   Subject 25: off-diag range [-0.7612, 0.9538] → imputing diagonal in this range
2026-01-20 22:26:28,747 - __main__ - INFO -   Subject 26: off-diag range [-0.8210, 0.9449] → imputing diagonal in this range
2026-01-20 22:26:28,747 - __main__ - INFO -   Subject 27: off-diag range [-0.8218, 0.9574] → imputing diagonal in this range
2026-01-20 22:26:28,748 - __main__ - INFO -   Subject 28: off-diag range [-0.8637, 0.9525] → imputing diagonal in this range
2026-01-20 22:26:28,748 - __main__ - INFO -   Subject 29: off-diag range [-0.7770, 0.9197] → imputing diagonal in this range
2026-01-20 22:26:28,749 - __main__ - INFO -   Subject 30: off-diag range [-0.7625, 0.9105] → imputing diagonal in this range
2026-01-20 22:26:28,749 - __main__ - INFO -   Subject 31: off-diag range [-0.8482, 0.9581] → imputing diagonal in this range
2026-01-20 22:26:28,750 - __main__ - INFO -   Subject 32: off-diag range [-0.7424, 0.9480] → imputing diagonal in this range
2026-01-20 22:26:28,750 - __main__ - INFO -   Subject 33: off-diag range [-0.8163, 0.9250] → imputing diagonal in this range
2026-01-20 22:26:28,751 - __main__ - INFO -   Subject 34: off-diag range [-0.8060, 0.9162] → imputing diagonal in this range
2026-01-20 22:26:28,751 - __main__ - INFO -   Subject 35: off-diag range [-0.7434, 0.9202] → imputing diagonal in this range
2026-01-20 22:26:28,752 - __main__ - INFO -   Subject 36: off-diag range [-0.7998, 0.9229] → imputing diagonal in this range
2026-01-20 22:26:28,752 - __main__ - INFO -   Subject 37: off-diag range [-0.8239, 0.9461] → imputing diagonal in this range
2026-01-20 22:26:28,753 - __main__ - INFO -   Subject 38: off-diag range [-0.7781, 0.9343] → imputing diagonal in this range
2026-01-20 22:26:28,753 - __main__ - INFO -   Subject 39: off-diag range [-0.8349, 0.9247] → imputing diagonal in this range
2026-01-20 22:26:28,754 - __main__ - INFO -   Subject 40: off-diag range [-0.7486, 0.9115] → imputing diagonal in this range
2026-01-20 22:26:28,754 - __main__ - INFO -   Subject 41: off-diag range [-0.7360, 0.9466] → imputing diagonal in this range
2026-01-20 22:26:28,755 - __main__ - INFO -   Subject 42: off-diag range [-0.7875, 0.9318] → imputing diagonal in this range
2026-01-20 22:26:28,755 - __main__ - INFO -   Subject 43: off-diag range [-0.7757, 0.9211] → imputing diagonal in this range
2026-01-20 22:26:28,756 - __main__ - INFO -   Subject 44: off-diag range [-0.7979, 0.9099] → imputing diagonal in this range
2026-01-20 22:26:28,756 - __main__ - INFO -   Subject 45: off-diag range [-0.8119, 0.8930] → imputing diagonal in this range
2026-01-20 22:26:28,756 - __main__ - INFO -   Subject 46: off-diag range [-0.8193, 0.8993] → imputing diagonal in this range
2026-01-20 22:26:28,757 - __main__ - INFO -   Subject 47: off-diag range [-0.7677, 0.9345] → imputing diagonal in this range
2026-01-20 22:26:28,757 - __main__ - INFO -   Subject 48: off-diag range [-0.7491, 0.8858] → imputing diagonal in this range
2026-01-20 22:26:28,758 - __main__ - INFO -   Subject 49: off-diag range [-0.7589, 0.9024] → imputing diagonal in this range
2026-01-20 22:26:28,758 - __main__ - INFO -   Subject 50: off-diag range [-0.7878, 0.9073] → imputing diagonal in this range
2026-01-20 22:26:28,759 - __main__ - INFO -   Subject 51: off-diag range [-0.8000, 0.9114] → imputing diagonal in this range
2026-01-20 22:26:28,759 - __main__ - INFO -   Subject 52: off-diag range [-0.7776, 0.9438] → imputing diagonal in this range
2026-01-20 22:26:28,760 - __main__ - INFO -   Subject 53: off-diag range [-0.8549, 0.9451] → imputing diagonal in this range
2026-01-20 22:26:28,760 - __main__ - INFO -   Subject 54: off-diag range [-0.7129, 0.8857] → imputing diagonal in this range
2026-01-20 22:26:28,761 - __main__ - INFO -   Subject 55: off-diag range [-0.8392, 0.9237] → imputing diagonal in this range
2026-01-20 22:26:28,761 - __main__ - INFO -   Subject 56: off-diag range [-0.8177, 0.9464] → imputing diagonal in this range
2026-01-20 22:26:28,761 - __main__ - INFO -   Subject 57: off-diag range [-0.7406, 0.9548] → imputing diagonal in this range
2026-01-20 22:26:28,762 - __main__ - INFO -   Subject 58: off-diag range [-0.7566, 0.8881] → imputing diagonal in this range
2026-01-20 22:26:28,762 - __main__ - INFO -   Subject 59: off-diag range [-0.7664, 0.9178] → imputing diagonal in this range
2026-01-20 22:26:28,763 - __main__ - INFO -   Subject 60: off-diag range [-0.7453, 0.8901] → imputing diagonal in this range
2026-01-20 22:26:28,763 - __main__ - INFO -   Subject 61: off-diag range [-0.7874, 0.9253] → imputing diagonal in this range
2026-01-20 22:26:28,764 - __main__ - INFO -   Subject 62: off-diag range [-0.7000, 0.9373] → imputing diagonal in this range
2026-01-20 22:26:28,764 - __main__ - INFO -   Subject 63: off-diag range [-0.8094, 0.9254] → imputing diagonal in this range
2026-01-20 22:26:28,765 - __main__ - INFO -   Subject 64: off-diag range [-0.7315, 0.9438] → imputing diagonal in this range
2026-01-20 22:26:28,765 - __main__ - INFO -   Subject 65: off-diag range [-0.7564, 0.9151] → imputing diagonal in this range
2026-01-20 22:26:28,766 - __main__ - INFO -   Subject 66: off-diag range [-0.8177, 0.8958] → imputing diagonal in this range
2026-01-20 22:26:28,766 - __main__ - INFO -   Subject 67: off-diag range [-0.7896, 0.8886] → imputing diagonal in this range
2026-01-20 22:26:28,767 - __main__ - INFO -   Subject 68: off-diag range [-0.7777, 0.9137] → imputing diagonal in this range
2026-01-20 22:26:28,767 - __main__ - INFO -   Subject 69: off-diag range [-0.7501, 0.9154] → imputing diagonal in this range
2026-01-20 22:26:28,768 - __main__ - INFO -   Subject 70: off-diag range [-0.7465, 0.9285] → imputing diagonal in this range
2026-01-20 22:26:28,768 - __main__ - INFO -   Subject 71: off-diag range [-0.7248, 0.9352] → imputing diagonal in this range
2026-01-20 22:26:28,769 - __main__ - INFO -   Subject 72: off-diag range [-0.6997, 0.9096] → imputing diagonal in this range
2026-01-20 22:26:28,769 - __main__ - INFO -   Subject 73: off-diag range [-0.7851, 0.9054] → imputing diagonal in this range
2026-01-20 22:26:28,770 - __main__ - INFO -   Subject 74: off-diag range [-0.7307, 0.9240] → imputing diagonal in this range
2026-01-20 22:26:28,770 - __main__ - INFO -   Subject 75: off-diag range [-0.7374, 0.9289] → imputing diagonal in this range
2026-01-20 22:26:28,771 - __main__ - INFO -   Subject 76: off-diag range [-0.8394, 0.9048] → imputing diagonal in this range
2026-01-20 22:26:28,771 - __main__ - INFO -   Subject 77: off-diag range [-0.7252, 0.9252] → imputing diagonal in this range
2026-01-20 22:26:28,771 - __main__ - INFO -   Subject 78: off-diag range [-0.8078, 0.9040] → imputing diagonal in this range
2026-01-20 22:26:28,772 - __main__ - INFO -   Subject 79: off-diag range [-0.7305, 0.9574] → imputing diagonal in this range
2026-01-20 22:26:28,772 - __main__ - INFO -   Subject 80: off-diag range [-0.7656, 0.9190] → imputing diagonal in this range
2026-01-20 22:26:28,773 - __main__ - INFO -   Subject 81: off-diag range [-0.8068, 0.9211] → imputing diagonal in this range
2026-01-20 22:26:28,773 - __main__ - INFO -   Subject 82: off-diag range [-0.8027, 0.9437] → imputing diagonal in this range
2026-01-20 22:26:28,774 - __main__ - INFO -   Subject 83: off-diag range [-0.7488, 0.9496] → imputing diagonal in this range
2026-01-20 22:26:28,774 - __main__ - INFO -   Subject 84: off-diag range [-0.7699, 0.9334] → imputing diagonal in this range
2026-01-20 22:26:28,775 - __main__ - INFO -   Subject 85: off-diag range [-0.7812, 0.9061] → imputing diagonal in this range
2026-01-20 22:26:28,775 - __main__ - INFO -   Subject 86: off-diag range [-0.7439, 0.9118] → imputing diagonal in this range
2026-01-20 22:26:28,776 - __main__ - INFO -   Subject 87: off-diag range [-0.8104, 0.9546] → imputing diagonal in this range
2026-01-20 22:26:28,776 - __main__ - INFO -   Subject 88: off-diag range [-0.7467, 0.9475] → imputing diagonal in this range
2026-01-20 22:26:28,777 - __main__ - INFO -   Subject 89: off-diag range [-0.7231, 0.9423] → imputing diagonal in this range
2026-01-20 22:26:28,777 - __main__ - INFO -   Subject 90: off-diag range [-0.8638, 0.9536] → imputing diagonal in this range
2026-01-20 22:26:28,777 - __main__ - INFO -   Subject 91: off-diag range [-0.8309, 0.9407] → imputing diagonal in this range
2026-01-20 22:26:28,778 - __main__ - INFO -   Subject 92: off-diag range [-0.7148, 0.9250] → imputing diagonal in this range
2026-01-20 22:26:28,778 - __main__ - INFO -   Subject 93: off-diag range [-0.8284, 0.9410] → imputing diagonal in this range
2026-01-20 22:26:28,779 - __main__ - INFO -   Subject 94: off-diag range [-0.7552, 0.9335] → imputing diagonal in this range
2026-01-20 22:26:28,779 - __main__ - INFO -   Subject 95: off-diag range [-0.8214, 0.9487] → imputing diagonal in this range
2026-01-20 22:26:28,780 - __main__ - INFO -   Subject 96: off-diag range [-0.7996, 0.9151] → imputing diagonal in this range
2026-01-20 22:26:28,780 - __main__ - INFO -   Subject 97: off-diag range [-0.8204, 0.9181] → imputing diagonal in this range
2026-01-20 22:26:28,781 - __main__ - INFO -   Subject 98: off-diag range [-0.8162, 0.9293] → imputing diagonal in this range
2026-01-20 22:26:28,781 - __main__ - INFO -   Subject 99: off-diag range [-0.6834, 0.9424] → imputing diagonal in this range
2026-01-20 22:26:28,782 - __main__ - INFO -   Subject 100: off-diag range [-0.8019, 0.9371] → imputing diagonal in this range
2026-01-20 22:26:28,782 - __main__ - INFO -   Subject 101: off-diag range [-0.8216, 0.9321] → imputing diagonal in this range
2026-01-20 22:26:28,782 - __main__ - INFO -   Subject 102: off-diag range [-0.7751, 0.9238] → imputing diagonal in this range
2026-01-20 22:26:28,783 - __main__ - INFO -   Subject 103: off-diag range [-0.7529, 0.9158] → imputing diagonal in this range
2026-01-20 22:26:28,783 - __main__ - INFO -   Subject 104: off-diag range [-0.7765, 0.9580] → imputing diagonal in this range
2026-01-20 22:26:28,784 - __main__ - INFO -   Subject 105: off-diag range [-0.7097, 0.9333] → imputing diagonal in this range
2026-01-20 22:26:28,784 - __main__ - INFO -   Subject 106: off-diag range [-0.8128, 0.9252] → imputing diagonal in this range
2026-01-20 22:26:28,785 - __main__ - INFO -   Subject 107: off-diag range [-0.8058, 0.9538] → imputing diagonal in this range
2026-01-20 22:26:28,785 - __main__ - INFO -   Subject 108: off-diag range [-0.7950, 0.9481] → imputing diagonal in this range
2026-01-20 22:26:28,786 - __main__ - INFO -   Subject 109: off-diag range [-0.8202, 0.9370] → imputing diagonal in this range
2026-01-20 22:26:28,786 - __main__ - INFO -   Subject 110: off-diag range [-0.7685, 0.8994] → imputing diagonal in this range
2026-01-20 22:26:28,787 - __main__ - INFO -   Subject 111: off-diag range [-0.7984, 0.9123] → imputing diagonal in this range
2026-01-20 22:26:28,787 - __main__ - INFO -   Subject 112: off-diag range [-0.7830, 0.9491] → imputing diagonal in this range
2026-01-20 22:26:28,787 - __main__ - INFO -   Subject 113: off-diag range [-0.7432, 0.9314] → imputing diagonal in this range
2026-01-20 22:26:28,788 - __main__ - INFO -   Subject 114: off-diag range [-0.7711, 0.9252] → imputing diagonal in this range
2026-01-20 22:26:28,788 - __main__ - INFO -   Subject 115: off-diag range [-0.7646, 0.9402] → imputing diagonal in this range
2026-01-20 22:26:28,789 - __main__ - INFO -   Subject 116: off-diag range [-0.7699, 0.9458] → imputing diagonal in this range
2026-01-20 22:26:28,789 - __main__ - INFO -   Subject 117: off-diag range [-0.8218, 0.9336] → imputing diagonal in this range
2026-01-20 22:26:28,790 - __main__ - INFO -   Subject 118: off-diag range [-0.7979, 0.9475] → imputing diagonal in this range
2026-01-20 22:26:28,790 - __main__ - INFO -   Subject 119: off-diag range [-0.6881, 0.9280] → imputing diagonal in this range
2026-01-20 22:26:28,791 - __main__ - INFO -   Subject 120: off-diag range [-0.8028, 0.9130] → imputing diagonal in this range
2026-01-20 22:26:28,791 - __main__ - INFO -   Subject 121: off-diag range [-0.7374, 0.9157] → imputing diagonal in this range
2026-01-20 22:26:28,791 - __main__ - INFO -   Subject 122: off-diag range [-0.7672, 0.9081] → imputing diagonal in this range
2026-01-20 22:26:28,792 - __main__ - INFO -   Subject 123: off-diag range [-0.7700, 0.9242] → imputing diagonal in this range
2026-01-20 22:26:28,792 - __main__ - INFO -   Subject 124: off-diag range [-0.7587, 0.9212] → imputing diagonal in this range
2026-01-20 22:26:28,793 - __main__ - INFO -   Subject 125: off-diag range [-0.7983, 0.9307] → imputing diagonal in this range
2026-01-20 22:26:28,793 - __main__ - INFO -   Subject 126: off-diag range [-0.7935, 0.9194] → imputing diagonal in this range
2026-01-20 22:26:28,794 - __main__ - INFO -   Subject 127: off-diag range [-0.7880, 0.9443] → imputing diagonal in this range
2026-01-20 22:26:28,794 - __main__ - INFO -   Subject 128: off-diag range [-0.7445, 0.9238] → imputing diagonal in this range
2026-01-20 22:26:28,795 - __main__ - INFO -   Subject 129: off-diag range [-0.7911, 0.9140] → imputing diagonal in this range
2026-01-20 22:26:28,795 - __main__ - INFO -   Subject 130: off-diag range [-0.7972, 0.9026] → imputing diagonal in this range
2026-01-20 22:26:28,796 - __main__ - INFO -   Subject 131: off-diag range [-0.8061, 0.9373] → imputing diagonal in this range
2026-01-20 22:26:28,796 - __main__ - INFO -   Subject 132: off-diag range [-0.7736, 0.9331] → imputing diagonal in this range
2026-01-20 22:26:28,797 - __main__ - INFO -   Subject 133: off-diag range [-0.7420, 0.9065] → imputing diagonal in this range
2026-01-20 22:26:28,797 - __main__ - INFO -   Subject 134: off-diag range [-0.7523, 0.9254] → imputing diagonal in this range
2026-01-20 22:26:28,798 - __main__ - INFO -   Subject 135: off-diag range [-0.7944, 0.9221] → imputing diagonal in this range
2026-01-20 22:26:28,798 - __main__ - INFO -   Subject 136: off-diag range [-0.7516, 0.9077] → imputing diagonal in this range
2026-01-20 22:26:28,799 - __main__ - INFO -   Subject 137: off-diag range [-0.7257, 0.9222] → imputing diagonal in this range
2026-01-20 22:26:28,799 - __main__ - INFO -   Subject 138: off-diag range [-0.7612, 0.9583] → imputing diagonal in this range
2026-01-20 22:26:28,800 - __main__ - INFO -   Subject 139: off-diag range [-0.8376, 0.9221] → imputing diagonal in this range
2026-01-20 22:26:28,800 - __main__ - INFO -   Subject 140: off-diag range [-0.8370, 0.9325] → imputing diagonal in this range
2026-01-20 22:26:28,801 - __main__ - INFO -   Subject 141: off-diag range [-0.7652, 0.9147] → imputing diagonal in this range
2026-01-20 22:26:28,801 - __main__ - INFO -   Subject 142: off-diag range [-0.7930, 0.9364] → imputing diagonal in this range
2026-01-20 22:26:28,802 - __main__ - INFO -   Subject 143: off-diag range [-0.7773, 0.8802] → imputing diagonal in this range
2026-01-20 22:26:28,802 - __main__ - INFO -   Subject 144: off-diag range [-0.7532, 0.9227] → imputing diagonal in this range
2026-01-20 22:26:28,803 - __main__ - INFO -   Subject 145: off-diag range [-0.7884, 0.9269] → imputing diagonal in this range
2026-01-20 22:26:28,803 - __main__ - INFO -   Subject 146: off-diag range [-0.7952, 0.9241] → imputing diagonal in this range
2026-01-20 22:26:28,804 - __main__ - INFO -   Subject 147: off-diag range [-0.7760, 0.9225] → imputing diagonal in this range
2026-01-20 22:26:28,804 - __main__ - INFO -   Subject 148: off-diag range [-0.7783, 0.9233] → imputing diagonal in this range
2026-01-20 22:26:28,805 - __main__ - INFO -   New diagonal: [-0.8636, 0.9579], mean=0.0738
2026-01-20 22:26:28,813 - __main__ - INFO - 
Applying diagonal imputation: random with seed 2042
2026-01-20 22:26:29,006 - __main__ - INFO -   Original diagonal: [1.0000, 1.0000], mean=1.0000
2026-01-20 22:26:29,006 - __main__ - INFO -   Subject 0: off-diag range [-0.8006, 0.9038] → imputing diagonal in this range
2026-01-20 22:26:29,007 - __main__ - INFO -   Subject 1: off-diag range [-0.8307, 0.9186] → imputing diagonal in this range
2026-01-20 22:26:29,008 - __main__ - INFO -   Subject 2: off-diag range [-0.7281, 0.9364] → imputing diagonal in this range
2026-01-20 22:26:29,008 - __main__ - INFO -   Subject 3: off-diag range [-0.6895, 0.9073] → imputing diagonal in this range
2026-01-20 22:26:29,009 - __main__ - INFO -   Subject 4: off-diag range [-0.8152, 0.9031] → imputing diagonal in this range
2026-01-20 22:26:29,009 - __main__ - INFO -   Subject 5: off-diag range [-0.7809, 0.9288] → imputing diagonal in this range
2026-01-20 22:26:29,010 - __main__ - INFO -   Subject 6: off-diag range [-0.7760, 0.9289] → imputing diagonal in this range
2026-01-20 22:26:29,010 - __main__ - INFO -   Subject 7: off-diag range [-0.7403, 0.9384] → imputing diagonal in this range
2026-01-20 22:26:29,011 - __main__ - INFO -   Subject 8: off-diag range [-0.7360, 0.9122] → imputing diagonal in this range
2026-01-20 22:26:29,011 - __main__ - INFO -   Subject 9: off-diag range [-0.8499, 0.8974] → imputing diagonal in this range
2026-01-20 22:26:29,014 - __main__ - INFO -   Subject 10: off-diag range [-0.7710, 0.9520] → imputing diagonal in this range
2026-01-20 22:26:29,015 - __main__ - INFO -   Subject 11: off-diag range [-0.7123, 0.9427] → imputing diagonal in this range
2026-01-20 22:26:29,015 - __main__ - INFO -   Subject 12: off-diag range [-0.8461, 0.9476] → imputing diagonal in this range
2026-01-20 22:26:29,016 - __main__ - INFO -   Subject 13: off-diag range [-0.7832, 0.9492] → imputing diagonal in this range
2026-01-20 22:26:29,016 - __main__ - INFO -   Subject 14: off-diag range [-0.6401, 0.9578] → imputing diagonal in this range
2026-01-20 22:26:29,017 - __main__ - INFO -   Subject 15: off-diag range [-0.7501, 0.9157] → imputing diagonal in this range
2026-01-20 22:26:29,017 - __main__ - INFO -   Subject 16: off-diag range [-0.7203, 0.8705] → imputing diagonal in this range
2026-01-20 22:26:29,018 - __main__ - INFO -   Subject 17: off-diag range [-0.7552, 0.9566] → imputing diagonal in this range
2026-01-20 22:26:29,018 - __main__ - INFO -   Subject 18: off-diag range [-0.7347, 0.9213] → imputing diagonal in this range
2026-01-20 22:26:29,018 - __main__ - INFO -   Subject 19: off-diag range [-0.7237, 0.8829] → imputing diagonal in this range
2026-01-20 22:26:29,019 - __main__ - INFO -   Subject 20: off-diag range [-0.7354, 0.8869] → imputing diagonal in this range
2026-01-20 22:26:29,019 - __main__ - INFO -   Subject 21: off-diag range [-0.8490, 0.9308] → imputing diagonal in this range
2026-01-20 22:26:29,020 - __main__ - INFO -   Subject 22: off-diag range [-0.8850, 0.9395] → imputing diagonal in this range
2026-01-20 22:26:29,021 - __main__ - INFO -   Subject 23: off-diag range [-0.8151, 0.9495] → imputing diagonal in this range
2026-01-20 22:26:29,021 - __main__ - INFO -   Subject 24: off-diag range [-0.8294, 0.9371] → imputing diagonal in this range
2026-01-20 22:26:29,022 - __main__ - INFO -   Subject 25: off-diag range [-0.7714, 0.9176] → imputing diagonal in this range
2026-01-20 22:26:29,022 - __main__ - INFO -   Subject 26: off-diag range [-0.7837, 0.9332] → imputing diagonal in this range
2026-01-20 22:26:29,022 - __main__ - INFO -   Subject 27: off-diag range [-0.7549, 0.9428] → imputing diagonal in this range
2026-01-20 22:26:29,023 - __main__ - INFO -   Subject 28: off-diag range [-0.7368, 0.9132] → imputing diagonal in this range
2026-01-20 22:26:29,023 - __main__ - INFO -   Subject 29: off-diag range [-0.8045, 0.9146] → imputing diagonal in this range
2026-01-20 22:26:29,024 - __main__ - INFO -   Subject 30: off-diag range [-0.7737, 0.9674] → imputing diagonal in this range
2026-01-20 22:26:29,024 - __main__ - INFO -   Subject 31: off-diag range [-0.7457, 0.9450] → imputing diagonal in this range
2026-01-20 22:26:29,025 - __main__ - INFO -   Subject 32: off-diag range [-0.7488, 0.9017] → imputing diagonal in this range
2026-01-20 22:26:29,025 - __main__ - INFO -   Subject 33: off-diag range [-0.7803, 0.9126] → imputing diagonal in this range
2026-01-20 22:26:29,026 - __main__ - INFO -   Subject 34: off-diag range [-0.8076, 0.9407] → imputing diagonal in this range
2026-01-20 22:26:29,026 - __main__ - INFO -   Subject 35: off-diag range [-0.7913, 0.8715] → imputing diagonal in this range
2026-01-20 22:26:29,027 - __main__ - INFO -   Subject 36: off-diag range [-0.7893, 0.9034] → imputing diagonal in this range
2026-01-20 22:26:29,027 - __main__ - INFO -   Subject 37: off-diag range [-0.8476, 0.9206] → imputing diagonal in this range
2026-01-20 22:26:29,028 - __main__ - INFO -   Subject 38: off-diag range [-0.7968, 0.9160] → imputing diagonal in this range
2026-01-20 22:26:29,028 - __main__ - INFO -   Subject 39: off-diag range [-0.8436, 0.9347] → imputing diagonal in this range
2026-01-20 22:26:29,029 - __main__ - INFO -   Subject 40: off-diag range [-0.8225, 0.9402] → imputing diagonal in this range
2026-01-20 22:26:29,029 - __main__ - INFO -   Subject 41: off-diag range [-0.7526, 0.9042] → imputing diagonal in this range
2026-01-20 22:26:29,030 - __main__ - INFO -   Subject 42: off-diag range [-0.7963, 0.9470] → imputing diagonal in this range
2026-01-20 22:26:29,030 - __main__ - INFO -   Subject 43: off-diag range [-0.7138, 0.9177] → imputing diagonal in this range
2026-01-20 22:26:29,031 - __main__ - INFO -   Subject 44: off-diag range [-0.7478, 0.9361] → imputing diagonal in this range
2026-01-20 22:26:29,031 - __main__ - INFO -   Subject 45: off-diag range [-0.7717, 0.9331] → imputing diagonal in this range
2026-01-20 22:26:29,032 - __main__ - INFO -   Subject 46: off-diag range [-0.8484, 0.9379] → imputing diagonal in this range
2026-01-20 22:26:29,032 - __main__ - INFO -   Subject 47: off-diag range [-0.7506, 0.9546] → imputing diagonal in this range
2026-01-20 22:26:29,033 - __main__ - INFO -   Subject 48: off-diag range [-0.7587, 0.9329] → imputing diagonal in this range
2026-01-20 22:26:29,034 - __main__ - INFO -   Subject 49: off-diag range [-0.8249, 0.9303] → imputing diagonal in this range
2026-01-20 22:26:29,034 - __main__ - INFO -   Subject 50: off-diag range [-0.8054, 0.9214] → imputing diagonal in this range
2026-01-20 22:26:29,035 - __main__ - INFO -   Subject 51: off-diag range [-0.8138, 0.8918] → imputing diagonal in this range
2026-01-20 22:26:29,035 - __main__ - INFO -   Subject 52: off-diag range [-0.6276, 0.8795] → imputing diagonal in this range
2026-01-20 22:26:29,035 - __main__ - INFO -   Subject 53: off-diag range [-0.7462, 0.9156] → imputing diagonal in this range
2026-01-20 22:26:29,036 - __main__ - INFO -   Subject 54: off-diag range [-0.7743, 0.9335] → imputing diagonal in this range
2026-01-20 22:26:29,036 - __main__ - INFO -   Subject 55: off-diag range [-0.7744, 0.9091] → imputing diagonal in this range
2026-01-20 22:26:29,037 - __main__ - INFO -   Subject 56: off-diag range [-0.7344, 0.9426] → imputing diagonal in this range
2026-01-20 22:26:29,038 - __main__ - INFO -   Subject 57: off-diag range [-0.7793, 0.9118] → imputing diagonal in this range
2026-01-20 22:26:29,038 - __main__ - INFO -   Subject 58: off-diag range [-0.7652, 0.9412] → imputing diagonal in this range
2026-01-20 22:26:29,039 - __main__ - INFO -   Subject 59: off-diag range [-0.7535, 0.9520] → imputing diagonal in this range
2026-01-20 22:26:29,039 - __main__ - INFO -   Subject 60: off-diag range [-0.6996, 0.9117] → imputing diagonal in this range
2026-01-20 22:26:29,040 - __main__ - INFO -   Subject 61: off-diag range [-0.7331, 0.9605] → imputing diagonal in this range
2026-01-20 22:26:29,041 - __main__ - INFO -   Subject 62: off-diag range [-0.8453, 0.9231] → imputing diagonal in this range
2026-01-20 22:26:29,041 - __main__ - INFO -   Subject 63: off-diag range [-0.7508, 0.9533] → imputing diagonal in this range
2026-01-20 22:26:29,041 - __main__ - INFO -   Subject 64: off-diag range [-0.8267, 0.9191] → imputing diagonal in this range
2026-01-20 22:26:29,042 - __main__ - INFO -   Subject 65: off-diag range [-0.7442, 0.9046] → imputing diagonal in this range
2026-01-20 22:26:29,042 - __main__ - INFO -   Subject 66: off-diag range [-0.8126, 0.9303] → imputing diagonal in this range
2026-01-20 22:26:29,043 - __main__ - INFO -   Subject 67: off-diag range [-0.7866, 0.9444] → imputing diagonal in this range
2026-01-20 22:26:29,043 - __main__ - INFO -   Subject 68: off-diag range [-0.7354, 0.9371] → imputing diagonal in this range
2026-01-20 22:26:29,045 - __main__ - INFO -   Subject 69: off-diag range [-0.7407, 0.9392] → imputing diagonal in this range
2026-01-20 22:26:29,046 - __main__ - INFO -   Subject 70: off-diag range [-0.7546, 0.9526] → imputing diagonal in this range
2026-01-20 22:26:29,046 - __main__ - INFO -   Subject 71: off-diag range [-0.8125, 0.9218] → imputing diagonal in this range
2026-01-20 22:26:29,047 - __main__ - INFO -   Subject 72: off-diag range [-0.7394, 0.9428] → imputing diagonal in this range
2026-01-20 22:26:29,047 - __main__ - INFO -   Subject 73: off-diag range [-0.8042, 0.8891] → imputing diagonal in this range
2026-01-20 22:26:29,048 - __main__ - INFO -   Subject 74: off-diag range [-0.7434, 0.9542] → imputing diagonal in this range
2026-01-20 22:26:29,048 - __main__ - INFO -   New diagonal: [-0.8708, 0.9585], mean=0.0804
2026-01-20 22:26:29,052 - __main__ - INFO - 
Applying Fisher Z-transformation...
2026-01-20 22:26:31,287 - __main__ - INFO -   Range: [-1.3082, 1.9245], mean=0.0204, std=0.2931
2026-01-20 22:26:31,293 - __main__ - INFO - 
Applying Fisher Z-transformation...
2026-01-20 22:26:32,199 - __main__ - INFO -   Range: [-1.3984, 2.0494], mean=0.0216, std=0.2953
2026-01-20 22:26:32,199 - __main__ - INFO -   Train: 149 subjects
2026-01-20 22:26:32,200 - __main__ - INFO -   Test:  75 subjects
2026-01-20 22:26:32,200 - __main__ - INFO -   Scaling: Train (34568, 232), Test (17400, 232)
2026-01-20 22:26:33,348 - __main__ - INFO -   Train mean=0.0000, Test mean=0.0042
2026-01-20 22:26:33,349 - __main__ - INFO -   Training 232 OvR classifiers...
2026-01-20 22:26:58,523 - __main__ - INFO - ================================================================================
2026-01-20 22:26:58,523 - __main__ - INFO - CONFIGURATION
2026-01-20 22:26:58,523 - __main__ - INFO - ================================================================================
2026-01-20 22:26:58,523 - __main__ - INFO -   Rest data: /home/sjoon/projects/brain_connectivity_classifier/data/raw/PIOP2_restingstate.csv
2026-01-20 22:26:58,523 - __main__ - INFO -   Task data: /home/sjoon/projects/brain_connectivity_classifier/data/raw/PIOP1_gstroop.csv
2026-01-20 22:26:58,524 - __main__ - INFO -   Output dir: /home/sjoon/projects/brain_connectivity_classifier/data/results/full_connectivity_analysis
2026-01-20 22:26:58,524 - __main__ - INFO -   Diagonal strategy: random
2026-01-20 22:26:58,524 - __main__ - INFO -   N folds: 5
2026-01-20 22:26:58,524 - __main__ - INFO -   Tune hyperparams: False
2026-01-20 22:26:58,525 - __main__ - INFO -   Test on task: True
2026-01-20 22:26:58,525 - __main__ - INFO -   N jobs: -1
2026-01-20 22:26:58,526 - __main__ - INFO -   Optuna N jobs: 1
2026-01-20 22:26:58,526 - __main__ - INFO - ================================================================================

2026-01-20 22:26:58,526 - __main__ - INFO - 
================================================================================
2026-01-20 22:26:58,526 - __main__ - INFO - TRAINING FULL CONNECTIVITY - ONE-VS-REST
2026-01-20 22:26:58,526 - __main__ - INFO - ================================================================================

2026-01-20 22:26:58,527 - __main__ - INFO - Loading resting-state data...
2026-01-20 22:27:06,852 - __main__ - INFO - 
Clipping off-diagonal values to [-0.999, 0.999]
2026-01-20 22:27:06,876 - __main__ - INFO - Data: 224 subjects, 232 regions
2026-01-20 22:27:06,876 - __main__ - INFO - Diagonal strategy: random
2026-01-20 22:27:06,877 - __main__ - INFO - 
Using hyperparameters for CV: C=1.000000, lbfgs, max_iter=1000
2026-01-20 22:27:06,877 - __main__ - INFO - 
================================================================================
2026-01-20 22:27:06,877 - __main__ - INFO - CROSS-VALIDATION (5 folds)
2026-01-20 22:27:06,877 - __main__ - INFO - ================================================================================
2026-01-20 22:27:06,893 - __main__ - INFO - 
================================================================================
2026-01-20 22:27:06,893 - __main__ - INFO - Fold 1/5
2026-01-20 22:27:06,893 - __main__ - INFO - ================================================================================
2026-01-20 22:27:07,636 - __main__ - INFO -   Random imputation seeds: train=1042, test=2042
2026-01-20 22:27:07,637 - __main__ - INFO - 
Applying diagonal imputation: random with seed 1042
2026-01-20 22:27:08,132 - __main__ - INFO -   Original diagonal: [1.0000, 1.0000], mean=1.0000
2026-01-20 22:27:08,133 - __main__ - INFO -   Subject 0: off-diag range [-0.7353, 0.9086] → imputing diagonal in this range
2026-01-20 22:27:08,134 - __main__ - INFO -   Subject 1: off-diag range [-0.8006, 0.9038] → imputing diagonal in this range
2026-01-20 22:27:08,134 - __main__ - INFO -   Subject 2: off-diag range [-0.7696, 0.8982] → imputing diagonal in this range
2026-01-20 22:27:08,135 - __main__ - INFO -   Subject 3: off-diag range [-0.8307, 0.9186] → imputing diagonal in this range
2026-01-20 22:27:08,135 - __main__ - INFO -   Subject 4: off-diag range [-0.8202, 0.9204] → imputing diagonal in this range
2026-01-20 22:27:08,136 - __main__ - INFO -   Subject 5: off-diag range [-0.8497, 0.9443] → imputing diagonal in this range
2026-01-20 22:27:08,136 - __main__ - INFO -   Subject 6: off-diag range [-0.7281, 0.9364] → imputing diagonal in this range
2026-01-20 22:27:08,136 - __main__ - INFO -   Subject 7: off-diag range [-0.7407, 0.9210] → imputing diagonal in this range
2026-01-20 22:27:08,137 - __main__ - INFO -   Subject 8: off-diag range [-0.6895, 0.9073] → imputing diagonal in this range
2026-01-20 22:27:08,138 - __main__ - INFO -   Subject 9: off-diag range [-0.7300, 0.9279] → imputing diagonal in this range
2026-01-20 22:27:08,138 - __main__ - INFO -   Subject 10: off-diag range [-0.7998, 0.9247] → imputing diagonal in this range
2026-01-20 22:27:08,139 - __main__ - INFO -   Subject 11: off-diag range [-0.7622, 0.9452] → imputing diagonal in this range
2026-01-20 22:27:08,139 - __main__ - INFO -   Subject 12: off-diag range [-0.7522, 0.9103] → imputing diagonal in this range
2026-01-20 22:27:08,140 - __main__ - INFO -   Subject 13: off-diag range [-0.7809, 0.9288] → imputing diagonal in this range
2026-01-20 22:27:08,140 - __main__ - INFO -   Subject 14: off-diag range [-0.7297, 0.9172] → imputing diagonal in this range
2026-01-20 22:27:08,141 - __main__ - INFO -   Subject 15: off-diag range [-0.7760, 0.9289] → imputing diagonal in this range
2026-01-20 22:27:08,141 - __main__ - INFO -   Subject 16: off-diag range [-0.7742, 0.9160] → imputing diagonal in this range
2026-01-20 22:27:08,142 - __main__ - INFO -   Subject 17: off-diag range [-0.8482, 0.9173] → imputing diagonal in this range
2026-01-20 22:27:08,142 - __main__ - INFO -   Subject 18: off-diag range [-0.7403, 0.9384] → imputing diagonal in this range
2026-01-20 22:27:08,143 - __main__ - INFO -   Subject 19: off-diag range [-0.7915, 0.9200] → imputing diagonal in this range
2026-01-20 22:27:08,143 - __main__ - INFO -   Subject 20: off-diag range [-0.7360, 0.9122] → imputing diagonal in this range
2026-01-20 22:27:08,143 - __main__ - INFO -   Subject 21: off-diag range [-0.8614, 0.9345] → imputing diagonal in this range
2026-01-20 22:27:08,144 - __main__ - INFO -   Subject 22: off-diag range [-0.8189, 0.9413] → imputing diagonal in this range
2026-01-20 22:27:08,145 - __main__ - INFO -   Subject 23: off-diag range [-0.7923, 0.9313] → imputing diagonal in this range
2026-01-20 22:27:08,145 - __main__ - INFO -   Subject 24: off-diag range [-0.7696, 0.9574] → imputing diagonal in this range
2026-01-20 22:27:08,146 - __main__ - INFO -   Subject 25: off-diag range [-0.7710, 0.9520] → imputing diagonal in this range
2026-01-20 22:27:08,146 - __main__ - INFO -   Subject 26: off-diag range [-0.8107, 0.9454] → imputing diagonal in this range
2026-01-20 22:27:08,146 - __main__ - INFO -   Subject 27: off-diag range [-0.7123, 0.9427] → imputing diagonal in this range
2026-01-20 22:27:08,147 - __main__ - INFO -   Subject 28: off-diag range [-0.7801, 0.9106] → imputing diagonal in this range
2026-01-20 22:27:08,147 - __main__ - INFO -   Subject 29: off-diag range [-0.7903, 0.9175] → imputing diagonal in this range
2026-01-20 22:27:08,148 - __main__ - INFO -   Subject 30: off-diag range [-0.8461, 0.9476] → imputing diagonal in this range
2026-01-20 22:27:08,148 - __main__ - INFO -   Subject 31: off-diag range [-0.8210, 0.9449] → imputing diagonal in this range
2026-01-20 22:27:08,149 - __main__ - INFO -   Subject 32: off-diag range [-0.7832, 0.9492] → imputing diagonal in this range
2026-01-20 22:27:08,150 - __main__ - INFO -   Subject 33: off-diag range [-0.8218, 0.9574] → imputing diagonal in this range
2026-01-20 22:27:08,150 - __main__ - INFO -   Subject 34: off-diag range [-0.8637, 0.9525] → imputing diagonal in this range
2026-01-20 22:27:08,151 - __main__ - INFO -   Subject 35: off-diag range [-0.7770, 0.9197] → imputing diagonal in this range
2026-01-20 22:27:08,151 - __main__ - INFO -   Subject 36: off-diag range [-0.7625, 0.9105] → imputing diagonal in this range
2026-01-20 22:27:08,152 - __main__ - INFO -   Subject 37: off-diag range [-0.7501, 0.9157] → imputing diagonal in this range
2026-01-20 22:27:08,152 - __main__ - INFO -   Subject 38: off-diag range [-0.8482, 0.9581] → imputing diagonal in this range
2026-01-20 22:27:08,153 - __main__ - INFO -   Subject 39: off-diag range [-0.7203, 0.8705] → imputing diagonal in this range
2026-01-20 22:27:08,153 - __main__ - INFO -   Subject 40: off-diag range [-0.8163, 0.9250] → imputing diagonal in this range
2026-01-20 22:27:08,154 - __main__ - INFO -   Subject 41: off-diag range [-0.8060, 0.9162] → imputing diagonal in this range
2026-01-20 22:27:08,154 - __main__ - INFO -   Subject 42: off-diag range [-0.7552, 0.9566] → imputing diagonal in this range
2026-01-20 22:27:08,155 - __main__ - INFO -   Subject 43: off-diag range [-0.7998, 0.9229] → imputing diagonal in this range
2026-01-20 22:27:08,155 - __main__ - INFO -   Subject 44: off-diag range [-0.7347, 0.9213] → imputing diagonal in this range
2026-01-20 22:27:08,155 - __main__ - INFO -   Subject 45: off-diag range [-0.8239, 0.9461] → imputing diagonal in this range
2026-01-20 22:27:08,156 - __main__ - INFO -   Subject 46: off-diag range [-0.7781, 0.9343] → imputing diagonal in this range
2026-01-20 22:27:08,157 - __main__ - INFO -   Subject 47: off-diag range [-0.8349, 0.9247] → imputing diagonal in this range
2026-01-20 22:27:08,157 - __main__ - INFO -   Subject 48: off-diag range [-0.7486, 0.9115] → imputing diagonal in this range
2026-01-20 22:27:08,158 - __main__ - INFO -   Subject 49: off-diag range [-0.7354, 0.8869] → imputing diagonal in this range
2026-01-20 22:27:08,158 - __main__ - INFO -   Subject 50: off-diag range [-0.7360, 0.9466] → imputing diagonal in this range
2026-01-20 22:27:08,159 - __main__ - INFO -   Subject 51: off-diag range [-0.8490, 0.9308] → imputing diagonal in this range
2026-01-20 22:27:08,159 - __main__ - INFO -   Subject 52: off-diag range [-0.7757, 0.9211] → imputing diagonal in this range
2026-01-20 22:27:08,159 - __main__ - INFO -   Subject 53: off-diag range [-0.7979, 0.9099] → imputing diagonal in this range
2026-01-20 22:27:08,160 - __main__ - INFO -   Subject 54: off-diag range [-0.8850, 0.9395] → imputing diagonal in this range
2026-01-20 22:27:08,161 - __main__ - INFO -   Subject 55: off-diag range [-0.8193, 0.8993] → imputing diagonal in this range
2026-01-20 22:27:08,161 - __main__ - INFO -   Subject 56: off-diag range [-0.8151, 0.9495] → imputing diagonal in this range
2026-01-20 22:27:08,161 - __main__ - INFO -   Subject 57: off-diag range [-0.7677, 0.9345] → imputing diagonal in this range
2026-01-20 22:27:08,162 - __main__ - INFO -   Subject 58: off-diag range [-0.7491, 0.8858] → imputing diagonal in this range
2026-01-20 22:27:08,162 - __main__ - INFO -   Subject 59: off-diag range [-0.7589, 0.9024] → imputing diagonal in this range
2026-01-20 22:27:08,163 - __main__ - INFO -   Subject 60: off-diag range [-0.7878, 0.9073] → imputing diagonal in this range
2026-01-20 22:27:08,163 - __main__ - INFO -   Subject 61: off-diag range [-0.7714, 0.9176] → imputing diagonal in this range
2026-01-20 22:27:08,164 - __main__ - INFO -   Subject 62: off-diag range [-0.8000, 0.9114] → imputing diagonal in this range
2026-01-20 22:27:08,165 - __main__ - INFO -   Subject 63: off-diag range [-0.7837, 0.9332] → imputing diagonal in this range
2026-01-20 22:27:08,165 - __main__ - INFO -   Subject 64: off-diag range [-0.8549, 0.9451] → imputing diagonal in this range
2026-01-20 22:27:08,166 - __main__ - INFO -   Subject 65: off-diag range [-0.7129, 0.8857] → imputing diagonal in this range
2026-01-20 22:27:08,166 - __main__ - INFO -   Subject 66: off-diag range [-0.7549, 0.9428] → imputing diagonal in this range
2026-01-20 22:27:08,167 - __main__ - INFO -   Subject 67: off-diag range [-0.8177, 0.9464] → imputing diagonal in this range
2026-01-20 22:27:08,167 - __main__ - INFO -   Subject 68: off-diag range [-0.7368, 0.9132] → imputing diagonal in this range
2026-01-20 22:27:08,168 - __main__ - INFO -   Subject 69: off-diag range [-0.7406, 0.9548] → imputing diagonal in this range
2026-01-20 22:27:08,168 - __main__ - INFO -   Subject 70: off-diag range [-0.7566, 0.8881] → imputing diagonal in this range
2026-01-20 22:27:08,169 - __main__ - INFO -   Subject 71: off-diag range [-0.7664, 0.9178] → imputing diagonal in this range
2026-01-20 22:27:08,169 - __main__ - INFO -   Subject 72: off-diag range [-0.7453, 0.8901] → imputing diagonal in this range
2026-01-20 22:27:08,170 - __main__ - INFO -   Subject 73: off-diag range [-0.7737, 0.9674] → imputing diagonal in this range
2026-01-20 22:27:08,170 - __main__ - INFO -   Subject 74: off-diag range [-0.7874, 0.9253] → imputing diagonal in this range
2026-01-20 22:27:08,171 - __main__ - INFO -   Subject 75: off-diag range [-0.7457, 0.9450] → imputing diagonal in this range
2026-01-20 22:27:08,171 - __main__ - INFO -   Subject 76: off-diag range [-0.8094, 0.9254] → imputing diagonal in this range
2026-01-20 22:27:08,172 - __main__ - INFO -   Subject 77: off-diag range [-0.7315, 0.9438] → imputing diagonal in this range
2026-01-20 22:27:08,172 - __main__ - INFO -   Subject 78: off-diag range [-0.7488, 0.9017] → imputing diagonal in this range
2026-01-20 22:27:08,173 - __main__ - INFO -   Subject 79: off-diag range [-0.8177, 0.8958] → imputing diagonal in this range
2026-01-20 22:27:08,173 - __main__ - INFO -   Subject 80: off-diag range [-0.7803, 0.9126] → imputing diagonal in this range
2026-01-20 22:27:08,173 - __main__ - INFO -   Subject 81: off-diag range [-0.7896, 0.8886] → imputing diagonal in this range
2026-01-20 22:27:08,174 - __main__ - INFO -   Subject 82: off-diag range [-0.7777, 0.9137] → imputing diagonal in this range
2026-01-20 22:27:08,174 - __main__ - INFO -   Subject 83: off-diag range [-0.7501, 0.9154] → imputing diagonal in this range
2026-01-20 22:27:08,175 - __main__ - INFO -   Subject 84: off-diag range [-0.7465, 0.9285] → imputing diagonal in this range
2026-01-20 22:27:08,175 - __main__ - INFO -   Subject 85: off-diag range [-0.7913, 0.8715] → imputing diagonal in this range
2026-01-20 22:27:08,176 - __main__ - INFO -   Subject 86: off-diag range [-0.7248, 0.9352] → imputing diagonal in this range
2026-01-20 22:27:08,176 - __main__ - INFO -   Subject 87: off-diag range [-0.7893, 0.9034] → imputing diagonal in this range
2026-01-20 22:27:08,177 - __main__ - INFO -   Subject 88: off-diag range [-0.7851, 0.9054] → imputing diagonal in this range
2026-01-20 22:27:08,177 - __main__ - INFO -   Subject 89: off-diag range [-0.7307, 0.9240] → imputing diagonal in this range
2026-01-20 22:27:08,178 - __main__ - INFO -   Subject 90: off-diag range [-0.8476, 0.9206] → imputing diagonal in this range
2026-01-20 22:27:08,178 - __main__ - INFO -   Subject 91: off-diag range [-0.8394, 0.9048] → imputing diagonal in this range
2026-01-20 22:27:08,179 - __main__ - INFO -   Subject 92: off-diag range [-0.7968, 0.9160] → imputing diagonal in this range
2026-01-20 22:27:08,179 - __main__ - INFO -   Subject 93: off-diag range [-0.7252, 0.9252] → imputing diagonal in this range
2026-01-20 22:27:08,180 - __main__ - INFO -   Subject 94: off-diag range [-0.8078, 0.9040] → imputing diagonal in this range
2026-01-20 22:27:08,180 - __main__ - INFO -   Subject 95: off-diag range [-0.7305, 0.9574] → imputing diagonal in this range
2026-01-20 22:27:08,181 - __main__ - INFO -   Subject 96: off-diag range [-0.7656, 0.9190] → imputing diagonal in this range
2026-01-20 22:27:08,181 - __main__ - INFO -   Subject 97: off-diag range [-0.8225, 0.9402] → imputing diagonal in this range
2026-01-20 22:27:08,181 - __main__ - INFO -   Subject 98: off-diag range [-0.8068, 0.9211] → imputing diagonal in this range
2026-01-20 22:27:08,182 - __main__ - INFO -   Subject 99: off-diag range [-0.7526, 0.9042] → imputing diagonal in this range
2026-01-20 22:27:08,182 - __main__ - INFO -   Subject 100: off-diag range [-0.7488, 0.9496] → imputing diagonal in this range
2026-01-20 22:27:08,183 - __main__ - INFO -   Subject 101: off-diag range [-0.7699, 0.9334] → imputing diagonal in this range
2026-01-20 22:27:08,183 - __main__ - INFO -   Subject 102: off-diag range [-0.7963, 0.9470] → imputing diagonal in this range
2026-01-20 22:27:08,184 - __main__ - INFO -   Subject 103: off-diag range [-0.7439, 0.9118] → imputing diagonal in this range
2026-01-20 22:27:08,185 - __main__ - INFO -   Subject 104: off-diag range [-0.7138, 0.9177] → imputing diagonal in this range
2026-01-20 22:27:08,185 - __main__ - INFO -   Subject 105: off-diag range [-0.8104, 0.9546] → imputing diagonal in this range
2026-01-20 22:27:08,186 - __main__ - INFO -   Subject 106: off-diag range [-0.7467, 0.9475] → imputing diagonal in this range
2026-01-20 22:27:08,186 - __main__ - INFO -   Subject 107: off-diag range [-0.7231, 0.9423] → imputing diagonal in this range
2026-01-20 22:27:08,187 - __main__ - INFO -   Subject 108: off-diag range [-0.8638, 0.9536] → imputing diagonal in this range
2026-01-20 22:27:08,187 - __main__ - INFO -   Subject 109: off-diag range [-0.7717, 0.9331] → imputing diagonal in this range
2026-01-20 22:27:08,188 - __main__ - INFO -   Subject 110: off-diag range [-0.8309, 0.9407] → imputing diagonal in this range
2026-01-20 22:27:08,188 - __main__ - INFO -   Subject 111: off-diag range [-0.8484, 0.9379] → imputing diagonal in this range
2026-01-20 22:27:08,189 - __main__ - INFO -   Subject 112: off-diag range [-0.8284, 0.9410] → imputing diagonal in this range
2026-01-20 22:27:08,189 - __main__ - INFO -   Subject 113: off-diag range [-0.7552, 0.9335] → imputing diagonal in this range
2026-01-20 22:27:08,190 - __main__ - INFO -   Subject 114: off-diag range [-0.7506, 0.9546] → imputing diagonal in this range
2026-01-20 22:27:08,190 - __main__ - INFO -   Subject 115: off-diag range [-0.7996, 0.9151] → imputing diagonal in this range
2026-01-20 22:27:08,191 - __main__ - INFO -   Subject 116: off-diag range [-0.7587, 0.9329] → imputing diagonal in this range
2026-01-20 22:27:08,191 - __main__ - INFO -   Subject 117: off-diag range [-0.8204, 0.9181] → imputing diagonal in this range
2026-01-20 22:27:08,192 - __main__ - INFO -   Subject 118: off-diag range [-0.8162, 0.9293] → imputing diagonal in this range
2026-01-20 22:27:08,192 - __main__ - INFO -   Subject 119: off-diag range [-0.6834, 0.9424] → imputing diagonal in this range
2026-01-20 22:27:08,193 - __main__ - INFO -   Subject 120: off-diag range [-0.8019, 0.9371] → imputing diagonal in this range
2026-01-20 22:27:08,193 - __main__ - INFO -   Subject 121: off-diag range [-0.8054, 0.9214] → imputing diagonal in this range
2026-01-20 22:27:08,194 - __main__ - INFO -   Subject 122: off-diag range [-0.8216, 0.9321] → imputing diagonal in this range
2026-01-20 22:27:08,194 - __main__ - INFO -   Subject 123: off-diag range [-0.8138, 0.8918] → imputing diagonal in this range
2026-01-20 22:27:08,194 - __main__ - INFO -   Subject 124: off-diag range [-0.7529, 0.9158] → imputing diagonal in this range
2026-01-20 22:27:08,195 - __main__ - INFO -   Subject 125: off-diag range [-0.7765, 0.9580] → imputing diagonal in this range
2026-01-20 22:27:08,195 - __main__ - INFO -   Subject 126: off-diag range [-0.6276, 0.8795] → imputing diagonal in this range
2026-01-20 22:27:08,196 - __main__ - INFO -   Subject 127: off-diag range [-0.8128, 0.9252] → imputing diagonal in this range
2026-01-20 22:27:08,196 - __main__ - INFO -   Subject 128: off-diag range [-0.7462, 0.9156] → imputing diagonal in this range
2026-01-20 22:27:08,197 - __main__ - INFO -   Subject 129: off-diag range [-0.8058, 0.9538] → imputing diagonal in this range
2026-01-20 22:27:08,197 - __main__ - INFO -   Subject 130: off-diag range [-0.7950, 0.9481] → imputing diagonal in this range
2026-01-20 22:27:08,198 - __main__ - INFO -   Subject 131: off-diag range [-0.8202, 0.9370] → imputing diagonal in this range
2026-01-20 22:27:08,198 - __main__ - INFO -   Subject 132: off-diag range [-0.7685, 0.8994] → imputing diagonal in this range
2026-01-20 22:27:08,199 - __main__ - INFO -   Subject 133: off-diag range [-0.7744, 0.9091] → imputing diagonal in this range
2026-01-20 22:27:08,199 - __main__ - INFO -   Subject 134: off-diag range [-0.7984, 0.9123] → imputing diagonal in this range
2026-01-20 22:27:08,200 - __main__ - INFO -   Subject 135: off-diag range [-0.7344, 0.9426] → imputing diagonal in this range
2026-01-20 22:27:08,201 - __main__ - INFO -   Subject 136: off-diag range [-0.7432, 0.9314] → imputing diagonal in this range
2026-01-20 22:27:08,201 - __main__ - INFO -   Subject 137: off-diag range [-0.7711, 0.9252] → imputing diagonal in this range
2026-01-20 22:27:08,201 - __main__ - INFO -   Subject 138: off-diag range [-0.7793, 0.9118] → imputing diagonal in this range
2026-01-20 22:27:08,202 - __main__ - INFO -   Subject 139: off-diag range [-0.7699, 0.9458] → imputing diagonal in this range
2026-01-20 22:27:08,202 - __main__ - INFO -   Subject 140: off-diag range [-0.7652, 0.9412] → imputing diagonal in this range
2026-01-20 22:27:08,203 - __main__ - INFO -   Subject 141: off-diag range [-0.8218, 0.9336] → imputing diagonal in this range
2026-01-20 22:27:08,204 - __main__ - INFO -   Subject 142: off-diag range [-0.7979, 0.9475] → imputing diagonal in this range
2026-01-20 22:27:08,204 - __main__ - INFO -   Subject 143: off-diag range [-0.6881, 0.9280] → imputing diagonal in this range
2026-01-20 22:27:08,205 - __main__ - INFO -   Subject 144: off-diag range [-0.8028, 0.9130] → imputing diagonal in this range
2026-01-20 22:27:08,205 - __main__ - INFO -   Subject 145: off-diag range [-0.6996, 0.9117] → imputing diagonal in this range
2026-01-20 22:27:08,206 - __main__ - INFO -   Subject 146: off-diag range [-0.7374, 0.9157] → imputing diagonal in this range
2026-01-20 22:27:08,206 - __main__ - INFO -   Subject 147: off-diag range [-0.7331, 0.9605] → imputing diagonal in this range
2026-01-20 22:27:08,207 - __main__ - INFO -   Subject 148: off-diag range [-0.7700, 0.9242] → imputing diagonal in this range
2026-01-20 22:27:08,207 - __main__ - INFO -   Subject 149: off-diag range [-0.7587, 0.9212] → imputing diagonal in this range
2026-01-20 22:27:08,208 - __main__ - INFO -   Subject 150: off-diag range [-0.8453, 0.9231] → imputing diagonal in this range
2026-01-20 22:27:08,209 - __main__ - INFO -   Subject 151: off-diag range [-0.7935, 0.9194] → imputing diagonal in this range
2026-01-20 22:27:08,209 - __main__ - INFO -   Subject 152: off-diag range [-0.7508, 0.9533] → imputing diagonal in this range
2026-01-20 22:27:08,210 - __main__ - INFO -   Subject 153: off-diag range [-0.7880, 0.9443] → imputing diagonal in this range
2026-01-20 22:27:08,210 - __main__ - INFO -   Subject 154: off-diag range [-0.7445, 0.9238] → imputing diagonal in this range
2026-01-20 22:27:08,210 - __main__ - INFO -   Subject 155: off-diag range [-0.7911, 0.9140] → imputing diagonal in this range
2026-01-20 22:27:08,211 - __main__ - INFO -   Subject 156: off-diag range [-0.7972, 0.9026] → imputing diagonal in this range
2026-01-20 22:27:08,211 - __main__ - INFO -   Subject 157: off-diag range [-0.7442, 0.9046] → imputing diagonal in this range
2026-01-20 22:27:08,212 - __main__ - INFO -   Subject 158: off-diag range [-0.8061, 0.9373] → imputing diagonal in this range
2026-01-20 22:27:08,212 - __main__ - INFO -   Subject 159: off-diag range [-0.8126, 0.9303] → imputing diagonal in this range
2026-01-20 22:27:08,213 - __main__ - INFO -   Subject 160: off-diag range [-0.7420, 0.9065] → imputing diagonal in this range
2026-01-20 22:27:08,213 - __main__ - INFO -   Subject 161: off-diag range [-0.7523, 0.9254] → imputing diagonal in this range
2026-01-20 22:27:08,214 - __main__ - INFO -   Subject 162: off-diag range [-0.7866, 0.9444] → imputing diagonal in this range
2026-01-20 22:27:08,214 - __main__ - INFO -   Subject 163: off-diag range [-0.7516, 0.9077] → imputing diagonal in this range
2026-01-20 22:27:08,215 - __main__ - INFO -   Subject 164: off-diag range [-0.7354, 0.9371] → imputing diagonal in this range
2026-01-20 22:27:08,215 - __main__ - INFO -   Subject 165: off-diag range [-0.7257, 0.9222] → imputing diagonal in this range
2026-01-20 22:27:08,216 - __main__ - INFO -   Subject 166: off-diag range [-0.7612, 0.9583] → imputing diagonal in this range
2026-01-20 22:27:08,216 - __main__ - INFO -   Subject 167: off-diag range [-0.8376, 0.9221] → imputing diagonal in this range
2026-01-20 22:27:08,217 - __main__ - INFO -   Subject 168: off-diag range [-0.8370, 0.9325] → imputing diagonal in this range
2026-01-20 22:27:08,217 - __main__ - INFO -   Subject 169: off-diag range [-0.7546, 0.9526] → imputing diagonal in this range
2026-01-20 22:27:08,218 - __main__ - INFO -   Subject 170: off-diag range [-0.7652, 0.9147] → imputing diagonal in this range
2026-01-20 22:27:08,218 - __main__ - INFO -   Subject 171: off-diag range [-0.8125, 0.9218] → imputing diagonal in this range
2026-01-20 22:27:08,219 - __main__ - INFO -   Subject 172: off-diag range [-0.7773, 0.8802] → imputing diagonal in this range
2026-01-20 22:27:08,219 - __main__ - INFO -   Subject 173: off-diag range [-0.7532, 0.9227] → imputing diagonal in this range
2026-01-20 22:27:08,220 - __main__ - INFO -   Subject 174: off-diag range [-0.7394, 0.9428] → imputing diagonal in this range
2026-01-20 22:27:08,220 - __main__ - INFO -   Subject 175: off-diag range [-0.7952, 0.9241] → imputing diagonal in this range
2026-01-20 22:27:08,221 - __main__ - INFO -   Subject 176: off-diag range [-0.8042, 0.8891] → imputing diagonal in this range
2026-01-20 22:27:08,221 - __main__ - INFO -   Subject 177: off-diag range [-0.7760, 0.9225] → imputing diagonal in this range
2026-01-20 22:27:08,222 - __main__ - INFO -   Subject 178: off-diag range [-0.7783, 0.9233] → imputing diagonal in this range
2026-01-20 22:27:08,223 - __main__ - INFO -   New diagonal: [-0.8648, 0.9632], mean=0.0744
2026-01-20 22:27:08,229 - __main__ - INFO - 
Applying diagonal imputation: random with seed 2042
2026-01-20 22:27:08,278 - __main__ - INFO -   Original diagonal: [1.0000, 1.0000], mean=1.0000
2026-01-20 22:27:08,278 - __main__ - INFO -   Subject 0: off-diag range [-0.7905, 0.9096] → imputing diagonal in this range
2026-01-20 22:27:08,279 - __main__ - INFO -   Subject 1: off-diag range [-0.7590, 0.9384] → imputing diagonal in this range
2026-01-20 22:27:08,280 - __main__ - INFO -   Subject 2: off-diag range [-0.8152, 0.9031] → imputing diagonal in this range
2026-01-20 22:27:08,280 - __main__ - INFO -   Subject 3: off-diag range [-0.7977, 0.9230] → imputing diagonal in this range
2026-01-20 22:27:08,281 - __main__ - INFO -   Subject 4: off-diag range [-0.8066, 0.9556] → imputing diagonal in this range
2026-01-20 22:27:08,281 - __main__ - INFO -   Subject 5: off-diag range [-0.8499, 0.8974] → imputing diagonal in this range
2026-01-20 22:27:08,282 - __main__ - INFO -   Subject 6: off-diag range [-0.7468, 0.9392] → imputing diagonal in this range
2026-01-20 22:27:08,282 - __main__ - INFO -   Subject 7: off-diag range [-0.7612, 0.9538] → imputing diagonal in this range
2026-01-20 22:27:08,283 - __main__ - INFO -   Subject 8: off-diag range [-0.6401, 0.9578] → imputing diagonal in this range
2026-01-20 22:27:08,283 - __main__ - INFO -   Subject 9: off-diag range [-0.7424, 0.9480] → imputing diagonal in this range
2026-01-20 22:27:08,284 - __main__ - INFO -   Subject 10: off-diag range [-0.7434, 0.9202] → imputing diagonal in this range
2026-01-20 22:27:08,284 - __main__ - INFO -   Subject 11: off-diag range [-0.7237, 0.8829] → imputing diagonal in this range
2026-01-20 22:27:08,285 - __main__ - INFO -   Subject 12: off-diag range [-0.7875, 0.9318] → imputing diagonal in this range
2026-01-20 22:27:08,285 - __main__ - INFO -   Subject 13: off-diag range [-0.8119, 0.8930] → imputing diagonal in this range
2026-01-20 22:27:08,286 - __main__ - INFO -   Subject 14: off-diag range [-0.8294, 0.9371] → imputing diagonal in this range
2026-01-20 22:27:08,286 - __main__ - INFO -   Subject 15: off-diag range [-0.7776, 0.9438] → imputing diagonal in this range
2026-01-20 22:27:08,287 - __main__ - INFO -   Subject 16: off-diag range [-0.8392, 0.9237] → imputing diagonal in this range
2026-01-20 22:27:08,287 - __main__ - INFO -   Subject 17: off-diag range [-0.8045, 0.9146] → imputing diagonal in this range
2026-01-20 22:27:08,288 - __main__ - INFO -   Subject 18: off-diag range [-0.7000, 0.9373] → imputing diagonal in this range
2026-01-20 22:27:08,289 - __main__ - INFO -   Subject 19: off-diag range [-0.7564, 0.9151] → imputing diagonal in this range
2026-01-20 22:27:08,289 - __main__ - INFO -   Subject 20: off-diag range [-0.8076, 0.9407] → imputing diagonal in this range
2026-01-20 22:27:08,289 - __main__ - INFO -   Subject 21: off-diag range [-0.6997, 0.9096] → imputing diagonal in this range
2026-01-20 22:27:08,290 - __main__ - INFO -   Subject 22: off-diag range [-0.7374, 0.9289] → imputing diagonal in this range
2026-01-20 22:27:08,291 - __main__ - INFO -   Subject 23: off-diag range [-0.8436, 0.9347] → imputing diagonal in this range
2026-01-20 22:27:08,291 - __main__ - INFO -   Subject 24: off-diag range [-0.8027, 0.9437] → imputing diagonal in this range
2026-01-20 22:27:08,292 - __main__ - INFO -   Subject 25: off-diag range [-0.7812, 0.9061] → imputing diagonal in this range
2026-01-20 22:27:08,292 - __main__ - INFO -   Subject 26: off-diag range [-0.7478, 0.9361] → imputing diagonal in this range
2026-01-20 22:27:08,293 - __main__ - INFO -   Subject 27: off-diag range [-0.7148, 0.9250] → imputing diagonal in this range
2026-01-20 22:27:08,293 - __main__ - INFO -   Subject 28: off-diag range [-0.8214, 0.9487] → imputing diagonal in this range
2026-01-20 22:27:08,294 - __main__ - INFO -   Subject 29: off-diag range [-0.8249, 0.9303] → imputing diagonal in this range
2026-01-20 22:27:08,294 - __main__ - INFO -   Subject 30: off-diag range [-0.7751, 0.9238] → imputing diagonal in this range
2026-01-20 22:27:08,295 - __main__ - INFO -   Subject 31: off-diag range [-0.7097, 0.9333] → imputing diagonal in this range
2026-01-20 22:27:08,295 - __main__ - INFO -   Subject 32: off-diag range [-0.7743, 0.9335] → imputing diagonal in this range
2026-01-20 22:27:08,296 - __main__ - INFO -   Subject 33: off-diag range [-0.7830, 0.9491] → imputing diagonal in this range
2026-01-20 22:27:08,296 - __main__ - INFO -   Subject 34: off-diag range [-0.7646, 0.9402] → imputing diagonal in this range
2026-01-20 22:27:08,297 - __main__ - INFO -   Subject 35: off-diag range [-0.7535, 0.9520] → imputing diagonal in this range
2026-01-20 22:27:08,298 - __main__ - INFO -   Subject 36: off-diag range [-0.7672, 0.9081] → imputing diagonal in this range
2026-01-20 22:27:08,298 - __main__ - INFO -   Subject 37: off-diag range [-0.7983, 0.9307] → imputing diagonal in this range
2026-01-20 22:27:08,299 - __main__ - INFO -   Subject 38: off-diag range [-0.8267, 0.9191] → imputing diagonal in this range
2026-01-20 22:27:08,299 - __main__ - INFO -   Subject 39: off-diag range [-0.7736, 0.9331] → imputing diagonal in this range
2026-01-20 22:27:08,300 - __main__ - INFO -   Subject 40: off-diag range [-0.7944, 0.9221] → imputing diagonal in this range
2026-01-20 22:27:08,300 - __main__ - INFO -   Subject 41: off-diag range [-0.7407, 0.9392] → imputing diagonal in this range
2026-01-20 22:27:08,301 - __main__ - INFO -   Subject 42: off-diag range [-0.7930, 0.9364] → imputing diagonal in this range
2026-01-20 22:27:08,301 - __main__ - INFO -   Subject 43: off-diag range [-0.7884, 0.9269] → imputing diagonal in this range
2026-01-20 22:27:08,302 - __main__ - INFO -   Subject 44: off-diag range [-0.7434, 0.9542] → imputing diagonal in this range
2026-01-20 22:27:08,302 - __main__ - INFO -   New diagonal: [-0.8498, 0.9546], mean=0.0804
2026-01-20 22:27:08,304 - __main__ - INFO - 
Applying Fisher Z-transformation...
2026-01-20 22:27:09,340 - __main__ - INFO -   Range: [-1.3984, 2.0494], mean=0.0207, std=0.2937
2026-01-20 22:27:09,347 - __main__ - INFO - 
Applying Fisher Z-transformation...
2026-01-20 22:27:09,560 - __main__ - INFO -   Range: [-1.2559, 1.9185], mean=0.0212, std=0.2945
2026-01-20 22:27:09,561 - __main__ - INFO -   Train: 179 subjects
2026-01-20 22:27:09,561 - __main__ - INFO -   Test:  45 subjects
2026-01-20 22:27:09,561 - __main__ - INFO -   Scaling: Train (41528, 232), Test (10440, 232)
2026-01-20 22:27:10,240 - __main__ - INFO -   Train mean=-0.0000, Test mean=0.0021
2026-01-20 22:27:10,240 - __main__ - INFO -   Training 232 OvR classifiers...
2026-01-20 22:27:41,174 - __main__ - INFO - ================================================================================
2026-01-20 22:27:41,174 - __main__ - INFO - CONFIGURATION
2026-01-20 22:27:41,175 - __main__ - INFO - ================================================================================
2026-01-20 22:27:41,175 - __main__ - INFO -   Rest data: /home/sjoon/projects/brain_connectivity_classifier/data/raw/PIOP2_restingstate.csv
2026-01-20 22:27:41,175 - __main__ - INFO -   Task data: /home/sjoon/projects/brain_connectivity_classifier/data/raw/PIOP1_gstroop.csv
2026-01-20 22:27:41,175 - __main__ - INFO -   Output dir: /home/sjoon/projects/brain_connectivity_classifier/data/results/full_connectivity_analysis
2026-01-20 22:27:41,175 - __main__ - INFO -   Diagonal strategy: random
2026-01-20 22:27:41,175 - __main__ - INFO -   N folds: 3
2026-01-20 22:27:41,176 - __main__ - INFO -   Tune hyperparams: False
2026-01-20 22:27:41,176 - __main__ - INFO -   Test on task: True
2026-01-20 22:27:41,177 - __main__ - INFO -   N jobs: -1
2026-01-20 22:27:41,177 - __main__ - INFO -   Optuna N jobs: 1
2026-01-20 22:27:41,177 - __main__ - INFO - ================================================================================

2026-01-20 22:27:41,177 - __main__ - INFO - 
================================================================================
2026-01-20 22:27:41,177 - __main__ - INFO - TRAINING FULL CONNECTIVITY - ONE-VS-REST
2026-01-20 22:27:41,177 - __main__ - INFO - ================================================================================

2026-01-20 22:27:41,178 - __main__ - INFO - Loading resting-state data...
2026-01-20 22:27:51,028 - __main__ - INFO - 
Clipping off-diagonal values to [-0.999, 0.999]
2026-01-20 22:27:51,055 - __main__ - INFO - Data: 224 subjects, 232 regions
2026-01-20 22:27:51,056 - __main__ - INFO - Diagonal strategy: random
2026-01-20 22:27:51,056 - __main__ - INFO - 
Using hyperparameters for CV: C=1.000000, lbfgs, max_iter=1000
2026-01-20 22:27:51,056 - __main__ - INFO - 
================================================================================
2026-01-20 22:27:51,056 - __main__ - INFO - CROSS-VALIDATION (3 folds)
2026-01-20 22:27:51,056 - __main__ - INFO - ================================================================================
2026-01-20 22:27:51,075 - __main__ - INFO - 
================================================================================
2026-01-20 22:27:51,075 - __main__ - INFO - Fold 1/3
2026-01-20 22:27:51,075 - __main__ - INFO - ================================================================================
2026-01-20 22:27:51,968 - __main__ - INFO -   Random imputation seeds: train=1042, test=2042
2026-01-20 22:27:51,968 - __main__ - INFO - 
Applying diagonal imputation: random with seed 1042
2026-01-20 22:27:52,478 - __main__ - INFO -   Original diagonal: [1.0000, 1.0000], mean=1.0000
2026-01-20 22:27:52,479 - __main__ - INFO -   Subject 0: off-diag range [-0.7353, 0.9086] → imputing diagonal in this range
2026-01-20 22:27:52,480 - __main__ - INFO -   Subject 1: off-diag range [-0.7696, 0.8982] → imputing diagonal in this range
2026-01-20 22:27:52,481 - __main__ - INFO -   Subject 2: off-diag range [-0.7905, 0.9096] → imputing diagonal in this range
2026-01-20 22:27:52,481 - __main__ - INFO -   Subject 3: off-diag range [-0.8202, 0.9204] → imputing diagonal in this range
2026-01-20 22:27:52,482 - __main__ - INFO -   Subject 4: off-diag range [-0.8497, 0.9443] → imputing diagonal in this range
2026-01-20 22:27:52,482 - __main__ - INFO -   Subject 5: off-diag range [-0.7590, 0.9384] → imputing diagonal in this range
2026-01-20 22:27:52,483 - __main__ - INFO -   Subject 6: off-diag range [-0.7407, 0.9210] → imputing diagonal in this range
2026-01-20 22:27:52,483 - __main__ - INFO -   Subject 7: off-diag range [-0.7300, 0.9279] → imputing diagonal in this range
2026-01-20 22:27:52,484 - __main__ - INFO -   Subject 8: off-diag range [-0.7998, 0.9247] → imputing diagonal in this range
2026-01-20 22:27:52,484 - __main__ - INFO -   Subject 9: off-diag range [-0.7622, 0.9452] → imputing diagonal in this range
2026-01-20 22:27:52,485 - __main__ - INFO -   Subject 10: off-diag range [-0.7522, 0.9103] → imputing diagonal in this range
2026-01-20 22:27:52,485 - __main__ - INFO -   Subject 11: off-diag range [-0.7297, 0.9172] → imputing diagonal in this range
2026-01-20 22:27:52,486 - __main__ - INFO -   Subject 12: off-diag range [-0.7977, 0.9230] → imputing diagonal in this range
2026-01-20 22:27:52,486 - __main__ - INFO -   Subject 13: off-diag range [-0.7742, 0.9160] → imputing diagonal in this range
2026-01-20 22:27:52,487 - __main__ - INFO -   Subject 14: off-diag range [-0.8482, 0.9173] → imputing diagonal in this range
2026-01-20 22:27:52,487 - __main__ - INFO -   Subject 15: off-diag range [-0.8066, 0.9556] → imputing diagonal in this range
2026-01-20 22:27:52,488 - __main__ - INFO -   Subject 16: off-diag range [-0.7915, 0.9200] → imputing diagonal in this range
2026-01-20 22:27:52,488 - __main__ - INFO -   Subject 17: off-diag range [-0.8614, 0.9345] → imputing diagonal in this range
2026-01-20 22:27:52,489 - __main__ - INFO -   Subject 18: off-diag range [-0.8189, 0.9413] → imputing diagonal in this range
2026-01-20 22:27:52,489 - __main__ - INFO -   Subject 19: off-diag range [-0.7923, 0.9313] → imputing diagonal in this range
2026-01-20 22:27:52,490 - __main__ - INFO -   Subject 20: off-diag range [-0.7696, 0.9574] → imputing diagonal in this range
2026-01-20 22:27:52,490 - __main__ - INFO -   Subject 21: off-diag range [-0.8107, 0.9454] → imputing diagonal in this range
2026-01-20 22:27:52,491 - __main__ - INFO -   Subject 22: off-diag range [-0.7468, 0.9392] → imputing diagonal in this range
2026-01-20 22:27:52,491 - __main__ - INFO -   Subject 23: off-diag range [-0.7801, 0.9106] → imputing diagonal in this range
2026-01-20 22:27:52,492 - __main__ - INFO -   Subject 24: off-diag range [-0.7903, 0.9175] → imputing diagonal in this range
2026-01-20 22:27:52,492 - __main__ - INFO -   Subject 25: off-diag range [-0.7612, 0.9538] → imputing diagonal in this range
2026-01-20 22:27:52,493 - __main__ - INFO -   Subject 26: off-diag range [-0.8210, 0.9449] → imputing diagonal in this range
2026-01-20 22:27:52,493 - __main__ - INFO -   Subject 27: off-diag range [-0.8218, 0.9574] → imputing diagonal in this range
2026-01-20 22:27:52,494 - __main__ - INFO -   Subject 28: off-diag range [-0.8637, 0.9525] → imputing diagonal in this range
2026-01-20 22:27:52,494 - __main__ - INFO -   Subject 29: off-diag range [-0.7770, 0.9197] → imputing diagonal in this range
2026-01-20 22:27:52,495 - __main__ - INFO -   Subject 30: off-diag range [-0.7625, 0.9105] → imputing diagonal in this range
2026-01-20 22:27:52,495 - __main__ - INFO -   Subject 31: off-diag range [-0.8482, 0.9581] → imputing diagonal in this range
2026-01-20 22:27:52,496 - __main__ - INFO -   Subject 32: off-diag range [-0.7424, 0.9480] → imputing diagonal in this range
2026-01-20 22:27:52,496 - __main__ - INFO -   Subject 33: off-diag range [-0.8163, 0.9250] → imputing diagonal in this range
2026-01-20 22:27:52,497 - __main__ - INFO -   Subject 34: off-diag range [-0.8060, 0.9162] → imputing diagonal in this range
2026-01-20 22:27:52,497 - __main__ - INFO -   Subject 35: off-diag range [-0.7434, 0.9202] → imputing diagonal in this range
2026-01-20 22:27:52,498 - __main__ - INFO -   Subject 36: off-diag range [-0.7998, 0.9229] → imputing diagonal in this range
2026-01-20 22:27:52,498 - __main__ - INFO -   Subject 37: off-diag range [-0.8239, 0.9461] → imputing diagonal in this range
2026-01-20 22:27:52,499 - __main__ - INFO -   Subject 38: off-diag range [-0.7781, 0.9343] → imputing diagonal in this range
2026-01-20 22:27:52,499 - __main__ - INFO -   Subject 39: off-diag range [-0.8349, 0.9247] → imputing diagonal in this range
2026-01-20 22:27:52,500 - __main__ - INFO -   Subject 40: off-diag range [-0.7486, 0.9115] → imputing diagonal in this range
2026-01-20 22:27:52,500 - __main__ - INFO -   Subject 41: off-diag range [-0.7360, 0.9466] → imputing diagonal in this range
2026-01-20 22:27:52,501 - __main__ - INFO -   Subject 42: off-diag range [-0.7875, 0.9318] → imputing diagonal in this range
2026-01-20 22:27:52,501 - __main__ - INFO -   Subject 43: off-diag range [-0.7757, 0.9211] → imputing diagonal in this range
2026-01-20 22:27:52,502 - __main__ - INFO -   Subject 44: off-diag range [-0.7979, 0.9099] → imputing diagonal in this range
2026-01-20 22:27:52,502 - __main__ - INFO -   Subject 45: off-diag range [-0.8119, 0.8930] → imputing diagonal in this range
2026-01-20 22:27:52,502 - __main__ - INFO -   Subject 46: off-diag range [-0.8193, 0.8993] → imputing diagonal in this range
2026-01-20 22:27:52,503 - __main__ - INFO -   Subject 47: off-diag range [-0.7677, 0.9345] → imputing diagonal in this range
2026-01-20 22:27:52,503 - __main__ - INFO -   Subject 48: off-diag range [-0.7491, 0.8858] → imputing diagonal in this range
2026-01-20 22:27:52,504 - __main__ - INFO -   Subject 49: off-diag range [-0.7589, 0.9024] → imputing diagonal in this range
2026-01-20 22:27:52,505 - __main__ - INFO -   Subject 50: off-diag range [-0.7878, 0.9073] → imputing diagonal in this range
2026-01-20 22:27:52,505 - __main__ - INFO -   Subject 51: off-diag range [-0.8000, 0.9114] → imputing diagonal in this range
2026-01-20 22:27:52,506 - __main__ - INFO -   Subject 52: off-diag range [-0.7776, 0.9438] → imputing diagonal in this range
2026-01-20 22:27:52,506 - __main__ - INFO -   Subject 53: off-diag range [-0.8549, 0.9451] → imputing diagonal in this range
2026-01-20 22:27:52,507 - __main__ - INFO -   Subject 54: off-diag range [-0.7129, 0.8857] → imputing diagonal in this range
2026-01-20 22:27:52,507 - __main__ - INFO -   Subject 55: off-diag range [-0.8392, 0.9237] → imputing diagonal in this range
2026-01-20 22:27:52,508 - __main__ - INFO -   Subject 56: off-diag range [-0.8177, 0.9464] → imputing diagonal in this range
2026-01-20 22:27:52,508 - __main__ - INFO -   Subject 57: off-diag range [-0.7406, 0.9548] → imputing diagonal in this range
2026-01-20 22:27:52,509 - __main__ - INFO -   Subject 58: off-diag range [-0.7566, 0.8881] → imputing diagonal in this range
2026-01-20 22:27:52,509 - __main__ - INFO -   Subject 59: off-diag range [-0.7664, 0.9178] → imputing diagonal in this range
2026-01-20 22:27:52,510 - __main__ - INFO -   Subject 60: off-diag range [-0.7453, 0.8901] → imputing diagonal in this range
2026-01-20 22:27:52,510 - __main__ - INFO -   Subject 61: off-diag range [-0.7874, 0.9253] → imputing diagonal in this range
2026-01-20 22:27:52,511 - __main__ - INFO -   Subject 62: off-diag range [-0.7000, 0.9373] → imputing diagonal in this range
2026-01-20 22:27:52,511 - __main__ - INFO -   Subject 63: off-diag range [-0.8094, 0.9254] → imputing diagonal in this range
2026-01-20 22:27:52,512 - __main__ - INFO -   Subject 64: off-diag range [-0.7315, 0.9438] → imputing diagonal in this range
2026-01-20 22:27:52,512 - __main__ - INFO -   Subject 65: off-diag range [-0.7564, 0.9151] → imputing diagonal in this range
2026-01-20 22:27:52,513 - __main__ - INFO -   Subject 66: off-diag range [-0.8177, 0.8958] → imputing diagonal in this range
2026-01-20 22:27:52,513 - __main__ - INFO -   Subject 67: off-diag range [-0.7896, 0.8886] → imputing diagonal in this range
2026-01-20 22:27:52,514 - __main__ - INFO -   Subject 68: off-diag range [-0.7777, 0.9137] → imputing diagonal in this range
2026-01-20 22:27:52,514 - __main__ - INFO -   Subject 69: off-diag range [-0.7501, 0.9154] → imputing diagonal in this range
2026-01-20 22:27:52,515 - __main__ - INFO -   Subject 70: off-diag range [-0.7465, 0.9285] → imputing diagonal in this range
2026-01-20 22:27:52,515 - __main__ - INFO -   Subject 71: off-diag range [-0.7248, 0.9352] → imputing diagonal in this range
2026-01-20 22:27:52,516 - __main__ - INFO -   Subject 72: off-diag range [-0.6997, 0.9096] → imputing diagonal in this range
2026-01-20 22:27:52,516 - __main__ - INFO -   Subject 73: off-diag range [-0.7851, 0.9054] → imputing diagonal in this range
2026-01-20 22:27:52,517 - __main__ - INFO -   Subject 74: off-diag range [-0.7307, 0.9240] → imputing diagonal in this range
2026-01-20 22:27:52,517 - __main__ - INFO -   Subject 75: off-diag range [-0.7374, 0.9289] → imputing diagonal in this range
2026-01-20 22:27:52,518 - __main__ - INFO -   Subject 76: off-diag range [-0.8394, 0.9048] → imputing diagonal in this range
2026-01-20 22:27:52,518 - __main__ - INFO -   Subject 77: off-diag range [-0.7252, 0.9252] → imputing diagonal in this range
2026-01-20 22:27:52,519 - __main__ - INFO -   Subject 78: off-diag range [-0.8078, 0.9040] → imputing diagonal in this range
2026-01-20 22:27:52,519 - __main__ - INFO -   Subject 79: off-diag range [-0.7305, 0.9574] → imputing diagonal in this range
2026-01-20 22:27:52,519 - __main__ - INFO -   Subject 80: off-diag range [-0.7656, 0.9190] → imputing diagonal in this range
2026-01-20 22:27:52,520 - __main__ - INFO -   Subject 81: off-diag range [-0.8068, 0.9211] → imputing diagonal in this range
2026-01-20 22:27:52,521 - __main__ - INFO -   Subject 82: off-diag range [-0.8027, 0.9437] → imputing diagonal in this range
2026-01-20 22:27:52,521 - __main__ - INFO -   Subject 83: off-diag range [-0.7488, 0.9496] → imputing diagonal in this range
2026-01-20 22:27:52,522 - __main__ - INFO -   Subject 84: off-diag range [-0.7699, 0.9334] → imputing diagonal in this range
2026-01-20 22:27:52,522 - __main__ - INFO -   Subject 85: off-diag range [-0.7812, 0.9061] → imputing diagonal in this range
2026-01-20 22:27:52,523 - __main__ - INFO -   Subject 86: off-diag range [-0.7439, 0.9118] → imputing diagonal in this range
2026-01-20 22:27:52,523 - __main__ - INFO -   Subject 87: off-diag range [-0.8104, 0.9546] → imputing diagonal in this range
2026-01-20 22:27:52,524 - __main__ - INFO -   Subject 88: off-diag range [-0.7467, 0.9475] → imputing diagonal in this range
2026-01-20 22:27:52,524 - __main__ - INFO -   Subject 89: off-diag range [-0.7231, 0.9423] → imputing diagonal in this range
2026-01-20 22:27:52,525 - __main__ - INFO -   Subject 90: off-diag range [-0.8638, 0.9536] → imputing diagonal in this range
2026-01-20 22:27:52,525 - __main__ - INFO -   Subject 91: off-diag range [-0.8309, 0.9407] → imputing diagonal in this range
2026-01-20 22:27:52,526 - __main__ - INFO -   Subject 92: off-diag range [-0.7148, 0.9250] → imputing diagonal in this range
2026-01-20 22:27:52,526 - __main__ - INFO -   Subject 93: off-diag range [-0.8284, 0.9410] → imputing diagonal in this range
2026-01-20 22:27:52,527 - __main__ - INFO -   Subject 94: off-diag range [-0.7552, 0.9335] → imputing diagonal in this range
2026-01-20 22:27:52,527 - __main__ - INFO -   Subject 95: off-diag range [-0.8214, 0.9487] → imputing diagonal in this range
2026-01-20 22:27:52,528 - __main__ - INFO -   Subject 96: off-diag range [-0.7996, 0.9151] → imputing diagonal in this range
2026-01-20 22:27:52,528 - __main__ - INFO -   Subject 97: off-diag range [-0.8204, 0.9181] → imputing diagonal in this range
2026-01-20 22:27:52,529 - __main__ - INFO -   Subject 98: off-diag range [-0.8162, 0.9293] → imputing diagonal in this range
2026-01-20 22:27:52,529 - __main__ - INFO -   Subject 99: off-diag range [-0.6834, 0.9424] → imputing diagonal in this range
2026-01-20 22:27:52,530 - __main__ - INFO -   Subject 100: off-diag range [-0.8019, 0.9371] → imputing diagonal in this range
2026-01-20 22:27:52,530 - __main__ - INFO -   Subject 101: off-diag range [-0.8216, 0.9321] → imputing diagonal in this range
2026-01-20 22:27:52,531 - __main__ - INFO -   Subject 102: off-diag range [-0.7751, 0.9238] → imputing diagonal in this range
2026-01-20 22:27:52,531 - __main__ - INFO -   Subject 103: off-diag range [-0.7529, 0.9158] → imputing diagonal in this range
2026-01-20 22:27:52,531 - __main__ - INFO -   Subject 104: off-diag range [-0.7765, 0.9580] → imputing diagonal in this range
2026-01-20 22:27:52,532 - __main__ - INFO -   Subject 105: off-diag range [-0.7097, 0.9333] → imputing diagonal in this range
2026-01-20 22:27:52,532 - __main__ - INFO -   Subject 106: off-diag range [-0.8128, 0.9252] → imputing diagonal in this range
2026-01-20 22:27:52,533 - __main__ - INFO -   Subject 107: off-diag range [-0.8058, 0.9538] → imputing diagonal in this range
2026-01-20 22:27:52,533 - __main__ - INFO -   Subject 108: off-diag range [-0.7950, 0.9481] → imputing diagonal in this range
2026-01-20 22:27:52,534 - __main__ - INFO -   Subject 109: off-diag range [-0.8202, 0.9370] → imputing diagonal in this range
2026-01-20 22:27:52,535 - __main__ - INFO -   Subject 110: off-diag range [-0.7685, 0.8994] → imputing diagonal in this range
2026-01-20 22:27:52,535 - __main__ - INFO -   Subject 111: off-diag range [-0.7984, 0.9123] → imputing diagonal in this range
2026-01-20 22:27:52,535 - __main__ - INFO -   Subject 112: off-diag range [-0.7830, 0.9491] → imputing diagonal in this range
2026-01-20 22:27:52,536 - __main__ - INFO -   Subject 113: off-diag range [-0.7432, 0.9314] → imputing diagonal in this range
2026-01-20 22:27:52,537 - __main__ - INFO -   Subject 114: off-diag range [-0.7711, 0.9252] → imputing diagonal in this range
2026-01-20 22:27:52,537 - __main__ - INFO -   Subject 115: off-diag range [-0.7646, 0.9402] → imputing diagonal in this range
2026-01-20 22:27:52,538 - __main__ - INFO -   Subject 116: off-diag range [-0.7699, 0.9458] → imputing diagonal in this range
2026-01-20 22:27:52,538 - __main__ - INFO -   Subject 117: off-diag range [-0.8218, 0.9336] → imputing diagonal in this range
2026-01-20 22:27:52,539 - __main__ - INFO -   Subject 118: off-diag range [-0.7979, 0.9475] → imputing diagonal in this range
2026-01-20 22:27:52,539 - __main__ - INFO -   Subject 119: off-diag range [-0.6881, 0.9280] → imputing diagonal in this range
2026-01-20 22:27:52,540 - __main__ - INFO -   Subject 120: off-diag range [-0.8028, 0.9130] → imputing diagonal in this range
2026-01-20 22:27:52,540 - __main__ - INFO -   Subject 121: off-diag range [-0.7374, 0.9157] → imputing diagonal in this range
2026-01-20 22:27:52,541 - __main__ - INFO -   Subject 122: off-diag range [-0.7672, 0.9081] → imputing diagonal in this range
2026-01-20 22:27:52,541 - __main__ - INFO -   Subject 123: off-diag range [-0.7700, 0.9242] → imputing diagonal in this range
2026-01-20 22:27:52,542 - __main__ - INFO -   Subject 124: off-diag range [-0.7587, 0.9212] → imputing diagonal in this range
2026-01-20 22:27:52,543 - __main__ - INFO -   Subject 125: off-diag range [-0.7983, 0.9307] → imputing diagonal in this range
2026-01-20 22:27:52,543 - __main__ - INFO -   Subject 126: off-diag range [-0.7935, 0.9194] → imputing diagonal in this range
2026-01-20 22:27:52,544 - __main__ - INFO -   Subject 127: off-diag range [-0.7880, 0.9443] → imputing diagonal in this range
2026-01-20 22:27:52,545 - __main__ - INFO -   Subject 128: off-diag range [-0.7445, 0.9238] → imputing diagonal in this range
2026-01-20 22:27:52,545 - __main__ - INFO -   Subject 129: off-diag range [-0.7911, 0.9140] → imputing diagonal in this range
2026-01-20 22:27:52,546 - __main__ - INFO -   Subject 130: off-diag range [-0.7972, 0.9026] → imputing diagonal in this range
2026-01-20 22:27:52,546 - __main__ - INFO -   Subject 131: off-diag range [-0.8061, 0.9373] → imputing diagonal in this range
2026-01-20 22:27:52,547 - __main__ - INFO -   Subject 132: off-diag range [-0.7736, 0.9331] → imputing diagonal in this range
2026-01-20 22:27:52,547 - __main__ - INFO -   Subject 133: off-diag range [-0.7420, 0.9065] → imputing diagonal in this range
2026-01-20 22:27:52,547 - __main__ - INFO -   Subject 134: off-diag range [-0.7523, 0.9254] → imputing diagonal in this range
2026-01-20 22:27:52,548 - __main__ - INFO -   Subject 135: off-diag range [-0.7944, 0.9221] → imputing diagonal in this range
2026-01-20 22:27:52,548 - __main__ - INFO -   Subject 136: off-diag range [-0.7516, 0.9077] → imputing diagonal in this range
2026-01-20 22:27:52,549 - __main__ - INFO -   Subject 137: off-diag range [-0.7257, 0.9222] → imputing diagonal in this range
2026-01-20 22:27:52,549 - __main__ - INFO -   Subject 138: off-diag range [-0.7612, 0.9583] → imputing diagonal in this range
2026-01-20 22:27:52,550 - __main__ - INFO -   Subject 139: off-diag range [-0.8376, 0.9221] → imputing diagonal in this range
2026-01-20 22:27:52,550 - __main__ - INFO -   Subject 140: off-diag range [-0.8370, 0.9325] → imputing diagonal in this range
2026-01-20 22:27:52,551 - __main__ - INFO -   Subject 141: off-diag range [-0.7652, 0.9147] → imputing diagonal in this range
2026-01-20 22:27:52,551 - __main__ - INFO -   Subject 142: off-diag range [-0.7930, 0.9364] → imputing diagonal in this range
2026-01-20 22:27:52,552 - __main__ - INFO -   Subject 143: off-diag range [-0.7773, 0.8802] → imputing diagonal in this range
2026-01-20 22:27:52,552 - __main__ - INFO -   Subject 144: off-diag range [-0.7532, 0.9227] → imputing diagonal in this range
2026-01-20 22:27:52,552 - __main__ - INFO -   Subject 145: off-diag range [-0.7884, 0.9269] → imputing diagonal in this range
2026-01-20 22:27:52,553 - __main__ - INFO -   Subject 146: off-diag range [-0.7952, 0.9241] → imputing diagonal in this range
2026-01-20 22:27:52,554 - __main__ - INFO -   Subject 147: off-diag range [-0.7760, 0.9225] → imputing diagonal in this range
2026-01-20 22:27:52,554 - __main__ - INFO -   Subject 148: off-diag range [-0.7783, 0.9233] → imputing diagonal in this range
2026-01-20 22:27:52,555 - __main__ - INFO -   New diagonal: [-0.8636, 0.9579], mean=0.0738
2026-01-20 22:27:52,560 - __main__ - INFO - 
Applying diagonal imputation: random with seed 2042
2026-01-20 22:27:52,919 - __main__ - INFO -   Original diagonal: [1.0000, 1.0000], mean=1.0000
2026-01-20 22:27:52,919 - __main__ - INFO -   Subject 0: off-diag range [-0.8006, 0.9038] → imputing diagonal in this range
2026-01-20 22:27:52,920 - __main__ - INFO -   Subject 1: off-diag range [-0.8307, 0.9186] → imputing diagonal in this range
2026-01-20 22:27:52,921 - __main__ - INFO -   Subject 2: off-diag range [-0.7281, 0.9364] → imputing diagonal in this range
2026-01-20 22:27:52,922 - __main__ - INFO -   Subject 3: off-diag range [-0.6895, 0.9073] → imputing diagonal in this range
2026-01-20 22:27:52,922 - __main__ - INFO -   Subject 4: off-diag range [-0.8152, 0.9031] → imputing diagonal in this range
2026-01-20 22:27:52,923 - __main__ - INFO -   Subject 5: off-diag range [-0.7809, 0.9288] → imputing diagonal in this range
2026-01-20 22:27:52,923 - __main__ - INFO -   Subject 6: off-diag range [-0.7760, 0.9289] → imputing diagonal in this range
2026-01-20 22:27:52,924 - __main__ - INFO -   Subject 7: off-diag range [-0.7403, 0.9384] → imputing diagonal in this range
2026-01-20 22:27:52,925 - __main__ - INFO -   Subject 8: off-diag range [-0.7360, 0.9122] → imputing diagonal in this range
2026-01-20 22:27:52,925 - __main__ - INFO -   Subject 9: off-diag range [-0.8499, 0.8974] → imputing diagonal in this range
2026-01-20 22:27:52,926 - __main__ - INFO -   Subject 10: off-diag range [-0.7710, 0.9520] → imputing diagonal in this range
2026-01-20 22:27:52,926 - __main__ - INFO -   Subject 11: off-diag range [-0.7123, 0.9427] → imputing diagonal in this range
2026-01-20 22:27:52,927 - __main__ - INFO -   Subject 12: off-diag range [-0.8461, 0.9476] → imputing diagonal in this range
2026-01-20 22:27:52,928 - __main__ - INFO -   Subject 13: off-diag range [-0.7832, 0.9492] → imputing diagonal in this range
2026-01-20 22:27:52,928 - __main__ - INFO -   Subject 14: off-diag range [-0.6401, 0.9578] → imputing diagonal in this range
2026-01-20 22:27:52,929 - __main__ - INFO -   Subject 15: off-diag range [-0.7501, 0.9157] → imputing diagonal in this range
2026-01-20 22:27:52,929 - __main__ - INFO -   Subject 16: off-diag range [-0.7203, 0.8705] → imputing diagonal in this range
2026-01-20 22:27:52,930 - __main__ - INFO -   Subject 17: off-diag range [-0.7552, 0.9566] → imputing diagonal in this range
2026-01-20 22:27:52,931 - __main__ - INFO -   Subject 18: off-diag range [-0.7347, 0.9213] → imputing diagonal in this range
2026-01-20 22:27:52,931 - __main__ - INFO -   Subject 19: off-diag range [-0.7237, 0.8829] → imputing diagonal in this range
2026-01-20 22:27:52,932 - __main__ - INFO -   Subject 20: off-diag range [-0.7354, 0.8869] → imputing diagonal in this range
2026-01-20 22:27:52,932 - __main__ - INFO -   Subject 21: off-diag range [-0.8490, 0.9308] → imputing diagonal in this range
2026-01-20 22:27:52,933 - __main__ - INFO -   Subject 22: off-diag range [-0.8850, 0.9395] → imputing diagonal in this range
2026-01-20 22:27:52,933 - __main__ - INFO -   Subject 23: off-diag range [-0.8151, 0.9495] → imputing diagonal in this range
2026-01-20 22:27:52,934 - __main__ - INFO -   Subject 24: off-diag range [-0.8294, 0.9371] → imputing diagonal in this range
2026-01-20 22:27:52,935 - __main__ - INFO -   Subject 25: off-diag range [-0.7714, 0.9176] → imputing diagonal in this range
2026-01-20 22:27:52,935 - __main__ - INFO -   Subject 26: off-diag range [-0.7837, 0.9332] → imputing diagonal in this range
2026-01-20 22:27:52,936 - __main__ - INFO -   Subject 27: off-diag range [-0.7549, 0.9428] → imputing diagonal in this range
2026-01-20 22:27:52,937 - __main__ - INFO -   Subject 28: off-diag range [-0.7368, 0.9132] → imputing diagonal in this range
2026-01-20 22:27:52,937 - __main__ - INFO -   Subject 29: off-diag range [-0.8045, 0.9146] → imputing diagonal in this range
2026-01-20 22:27:52,938 - __main__ - INFO -   Subject 30: off-diag range [-0.7737, 0.9674] → imputing diagonal in this range
2026-01-20 22:27:52,939 - __main__ - INFO -   Subject 31: off-diag range [-0.7457, 0.9450] → imputing diagonal in this range
2026-01-20 22:27:52,939 - __main__ - INFO -   Subject 32: off-diag range [-0.7488, 0.9017] → imputing diagonal in this range
2026-01-20 22:27:52,940 - __main__ - INFO -   Subject 33: off-diag range [-0.7803, 0.9126] → imputing diagonal in this range
2026-01-20 22:27:52,940 - __main__ - INFO -   Subject 34: off-diag range [-0.8076, 0.9407] → imputing diagonal in this range
2026-01-20 22:27:52,941 - __main__ - INFO -   Subject 35: off-diag range [-0.7913, 0.8715] → imputing diagonal in this range
2026-01-20 22:27:52,941 - __main__ - INFO -   Subject 36: off-diag range [-0.7893, 0.9034] → imputing diagonal in this range
2026-01-20 22:27:52,942 - __main__ - INFO -   Subject 37: off-diag range [-0.8476, 0.9206] → imputing diagonal in this range
2026-01-20 22:27:52,943 - __main__ - INFO -   Subject 38: off-diag range [-0.7968, 0.9160] → imputing diagonal in this range
2026-01-20 22:27:52,943 - __main__ - INFO -   Subject 39: off-diag range [-0.8436, 0.9347] → imputing diagonal in this range
2026-01-20 22:27:52,944 - __main__ - INFO -   Subject 40: off-diag range [-0.8225, 0.9402] → imputing diagonal in this range
2026-01-20 22:27:52,944 - __main__ - INFO -   Subject 41: off-diag range [-0.7526, 0.9042] → imputing diagonal in this range
2026-01-20 22:27:52,945 - __main__ - INFO -   Subject 42: off-diag range [-0.7963, 0.9470] → imputing diagonal in this range
2026-01-20 22:27:52,945 - __main__ - INFO -   Subject 43: off-diag range [-0.7138, 0.9177] → imputing diagonal in this range
2026-01-20 22:27:52,946 - __main__ - INFO -   Subject 44: off-diag range [-0.7478, 0.9361] → imputing diagonal in this range
2026-01-20 22:27:52,946 - __main__ - INFO -   Subject 45: off-diag range [-0.7717, 0.9331] → imputing diagonal in this range
2026-01-20 22:27:52,947 - __main__ - INFO -   Subject 46: off-diag range [-0.8484, 0.9379] → imputing diagonal in this range
2026-01-20 22:27:52,947 - __main__ - INFO -   Subject 47: off-diag range [-0.7506, 0.9546] → imputing diagonal in this range
2026-01-20 22:27:52,948 - __main__ - INFO -   Subject 48: off-diag range [-0.7587, 0.9329] → imputing diagonal in this range
2026-01-20 22:27:52,948 - __main__ - INFO -   Subject 49: off-diag range [-0.8249, 0.9303] → imputing diagonal in this range
2026-01-20 22:27:52,949 - __main__ - INFO -   Subject 50: off-diag range [-0.8054, 0.9214] → imputing diagonal in this range
2026-01-20 22:27:52,949 - __main__ - INFO -   Subject 51: off-diag range [-0.8138, 0.8918] → imputing diagonal in this range
2026-01-20 22:27:52,950 - __main__ - INFO -   Subject 52: off-diag range [-0.6276, 0.8795] → imputing diagonal in this range
2026-01-20 22:27:52,950 - __main__ - INFO -   Subject 53: off-diag range [-0.7462, 0.9156] → imputing diagonal in this range
2026-01-20 22:27:52,951 - __main__ - INFO -   Subject 54: off-diag range [-0.7743, 0.9335] → imputing diagonal in this range
2026-01-20 22:27:52,951 - __main__ - INFO -   Subject 55: off-diag range [-0.7744, 0.9091] → imputing diagonal in this range
2026-01-20 22:27:52,952 - __main__ - INFO -   Subject 56: off-diag range [-0.7344, 0.9426] → imputing diagonal in this range
2026-01-20 22:27:52,952 - __main__ - INFO -   Subject 57: off-diag range [-0.7793, 0.9118] → imputing diagonal in this range
2026-01-20 22:27:52,953 - __main__ - INFO -   Subject 58: off-diag range [-0.7652, 0.9412] → imputing diagonal in this range
2026-01-20 22:27:52,954 - __main__ - INFO -   Subject 59: off-diag range [-0.7535, 0.9520] → imputing diagonal in this range
2026-01-20 22:27:52,954 - __main__ - INFO -   Subject 60: off-diag range [-0.6996, 0.9117] → imputing diagonal in this range
2026-01-20 22:27:52,955 - __main__ - INFO -   Subject 61: off-diag range [-0.7331, 0.9605] → imputing diagonal in this range
2026-01-20 22:27:52,955 - __main__ - INFO -   Subject 62: off-diag range [-0.8453, 0.9231] → imputing diagonal in this range
2026-01-20 22:27:52,956 - __main__ - INFO -   Subject 63: off-diag range [-0.7508, 0.9533] → imputing diagonal in this range
2026-01-20 22:27:52,957 - __main__ - INFO -   Subject 64: off-diag range [-0.8267, 0.9191] → imputing diagonal in this range
2026-01-20 22:27:52,957 - __main__ - INFO -   Subject 65: off-diag range [-0.7442, 0.9046] → imputing diagonal in this range
2026-01-20 22:27:52,958 - __main__ - INFO -   Subject 66: off-diag range [-0.8126, 0.9303] → imputing diagonal in this range
2026-01-20 22:27:52,958 - __main__ - INFO -   Subject 67: off-diag range [-0.7866, 0.9444] → imputing diagonal in this range
2026-01-20 22:27:52,959 - __main__ - INFO -   Subject 68: off-diag range [-0.7354, 0.9371] → imputing diagonal in this range
2026-01-20 22:27:52,959 - __main__ - INFO -   Subject 69: off-diag range [-0.7407, 0.9392] → imputing diagonal in this range
2026-01-20 22:27:52,960 - __main__ - INFO -   Subject 70: off-diag range [-0.7546, 0.9526] → imputing diagonal in this range
2026-01-20 22:27:52,960 - __main__ - INFO -   Subject 71: off-diag range [-0.8125, 0.9218] → imputing diagonal in this range
2026-01-20 22:27:52,961 - __main__ - INFO -   Subject 72: off-diag range [-0.7394, 0.9428] → imputing diagonal in this range
2026-01-20 22:27:52,961 - __main__ - INFO -   Subject 73: off-diag range [-0.8042, 0.8891] → imputing diagonal in this range
2026-01-20 22:27:52,962 - __main__ - INFO -   Subject 74: off-diag range [-0.7434, 0.9542] → imputing diagonal in this range
2026-01-20 22:27:52,963 - __main__ - INFO -   New diagonal: [-0.8708, 0.9585], mean=0.0804
2026-01-20 22:27:52,966 - __main__ - INFO - 
Applying Fisher Z-transformation...
2026-01-20 22:27:54,443 - __main__ - INFO -   Range: [-1.3082, 1.9245], mean=0.0204, std=0.2931
2026-01-20 22:27:54,449 - __main__ - INFO - 
Applying Fisher Z-transformation...
2026-01-20 22:27:55,579 - __main__ - INFO -   Range: [-1.3984, 2.0494], mean=0.0216, std=0.2953
2026-01-20 22:27:55,579 - __main__ - INFO -   Train: 149 subjects
2026-01-20 22:27:55,580 - __main__ - INFO -   Test:  75 subjects
2026-01-20 22:27:55,580 - __main__ - INFO -   Scaling: Train (34568, 232), Test (17400, 232)
2026-01-20 22:27:56,531 - __main__ - INFO -   Train mean=0.0000, Test mean=0.0042
2026-01-20 22:27:56,531 - __main__ - INFO -   Training 232 OvR classifiers...
2026-01-20 22:29:09,397 - __main__ - INFO - ================================================================================
2026-01-20 22:29:09,397 - __main__ - INFO - CONFIGURATION
2026-01-20 22:29:09,397 - __main__ - INFO - ================================================================================
2026-01-20 22:29:09,397 - __main__ - INFO -   Rest data: /home/sjoon/projects/brain_connectivity_classifier/data/raw/PIOP2_restingstate.csv
2026-01-20 22:29:09,397 - __main__ - INFO -   Task data: /home/sjoon/projects/brain_connectivity_classifier/data/raw/PIOP1_gstroop.csv
2026-01-20 22:29:09,397 - __main__ - INFO -   Output dir: /home/sjoon/projects/brain_connectivity_classifier/data/results/full_connectivity_analysis
2026-01-20 22:29:09,398 - __main__ - INFO -   Diagonal strategy: random
2026-01-20 22:29:09,398 - __main__ - INFO -   N folds: 3
2026-01-20 22:29:09,398 - __main__ - INFO -   Tune hyperparams: False
2026-01-20 22:29:09,398 - __main__ - INFO -   Test on task: True
2026-01-20 22:29:09,398 - __main__ - INFO -   N jobs: -1
2026-01-20 22:29:09,399 - __main__ - INFO -   Optuna N jobs: 1
2026-01-20 22:29:09,399 - __main__ - INFO - ================================================================================

2026-01-20 22:29:09,399 - __main__ - INFO - 
================================================================================
2026-01-20 22:29:09,399 - __main__ - INFO - TRAINING FULL CONNECTIVITY - ONE-VS-REST
2026-01-20 22:29:09,399 - __main__ - INFO - ================================================================================

2026-01-20 22:29:09,400 - __main__ - INFO - Loading resting-state data...
2026-01-20 22:29:11,353 - __main__ - INFO - 
SAMPLING MODE: First 20/224 subjects
2026-01-20 22:29:11,353 - __main__ - INFO - Selected: sub-0001_P2, sub-0002_P2, sub-0003_P2, sub-0004_P2, sub-0005_P2, sub-0006_P2, sub-0007_P2, sub-0008_P2, sub-0009_P2, sub-0011_P2... (+10 more)
2026-01-20 22:29:11,853 - __main__ - INFO - 
Clipping off-diagonal values to [-0.999, 0.999]
2026-01-20 22:29:11,857 - __main__ - INFO - Data: 20 subjects, 232 regions
2026-01-20 22:29:11,857 - __main__ - INFO - Diagonal strategy: random
2026-01-20 22:29:11,858 - __main__ - INFO - 
Using hyperparameters for CV: C=1.000000, lbfgs, max_iter=1000
2026-01-20 22:29:11,858 - __main__ - INFO - 
================================================================================
2026-01-20 22:29:11,858 - __main__ - INFO - CROSS-VALIDATION (3 folds)
2026-01-20 22:29:11,858 - __main__ - INFO - ================================================================================
2026-01-20 22:29:11,860 - __main__ - INFO - 
================================================================================
2026-01-20 22:29:11,860 - __main__ - INFO - Fold 1/3
2026-01-20 22:29:11,860 - __main__ - INFO - ================================================================================
2026-01-20 22:29:11,862 - __main__ - INFO -   Random imputation seeds: train=1042, test=2042
2026-01-20 22:29:11,862 - __main__ - INFO - 
Applying diagonal imputation: random with seed 1042
2026-01-20 22:29:11,863 - __main__ - INFO -   Original diagonal: [1.0000, 1.0000], mean=1.0000
2026-01-20 22:29:11,863 - __main__ - INFO -   Subject 0: off-diag range [-0.7353, 0.9086] → imputing diagonal in this range
2026-01-20 22:29:11,864 - __main__ - INFO -   Subject 1: off-diag range [-0.7696, 0.8982] → imputing diagonal in this range
2026-01-20 22:29:11,864 - __main__ - INFO -   Subject 2: off-diag range [-0.7905, 0.9096] → imputing diagonal in this range
2026-01-20 22:29:11,864 - __main__ - INFO -   Subject 3: off-diag range [-0.8202, 0.9204] → imputing diagonal in this range
2026-01-20 22:29:11,865 - __main__ - INFO -   Subject 4: off-diag range [-0.8497, 0.9443] → imputing diagonal in this range
2026-01-20 22:29:11,865 - __main__ - INFO -   Subject 5: off-diag range [-0.7590, 0.9384] → imputing diagonal in this range
2026-01-20 22:29:11,866 - __main__ - INFO -   Subject 6: off-diag range [-0.7407, 0.9210] → imputing diagonal in this range
2026-01-20 22:29:11,866 - __main__ - INFO -   Subject 7: off-diag range [-0.7300, 0.9279] → imputing diagonal in this range
2026-01-20 22:29:11,867 - __main__ - INFO -   Subject 8: off-diag range [-0.7998, 0.9247] → imputing diagonal in this range
2026-01-20 22:29:11,867 - __main__ - INFO -   Subject 9: off-diag range [-0.7622, 0.9452] → imputing diagonal in this range
2026-01-20 22:29:11,868 - __main__ - INFO -   Subject 10: off-diag range [-0.7522, 0.9103] → imputing diagonal in this range
2026-01-20 22:29:11,868 - __main__ - INFO -   Subject 11: off-diag range [-0.7297, 0.9172] → imputing diagonal in this range
2026-01-20 22:29:11,869 - __main__ - INFO -   Subject 12: off-diag range [-0.7977, 0.9230] → imputing diagonal in this range
2026-01-20 22:29:11,869 - __main__ - INFO -   New diagonal: [-0.8280, 0.9442], mean=0.0779
2026-01-20 22:29:11,869 - __main__ - INFO - 
Applying diagonal imputation: random with seed 2042
2026-01-20 22:29:11,869 - __main__ - INFO -   Original diagonal: [1.0000, 1.0000], mean=1.0000
2026-01-20 22:29:11,870 - __main__ - INFO -   Subject 0: off-diag range [-0.8006, 0.9038] → imputing diagonal in this range
2026-01-20 22:29:11,870 - __main__ - INFO -   Subject 1: off-diag range [-0.8307, 0.9186] → imputing diagonal in this range
2026-01-20 22:29:11,871 - __main__ - INFO -   Subject 2: off-diag range [-0.7281, 0.9364] → imputing diagonal in this range
2026-01-20 22:29:11,871 - __main__ - INFO -   Subject 3: off-diag range [-0.6895, 0.9073] → imputing diagonal in this range
2026-01-20 22:29:11,872 - __main__ - INFO -   Subject 4: off-diag range [-0.8152, 0.9031] → imputing diagonal in this range
2026-01-20 22:29:11,872 - __main__ - INFO -   Subject 5: off-diag range [-0.7809, 0.9288] → imputing diagonal in this range
2026-01-20 22:29:11,873 - __main__ - INFO -   Subject 6: off-diag range [-0.7760, 0.9289] → imputing diagonal in this range
2026-01-20 22:29:11,873 - __main__ - INFO -   New diagonal: [-0.8296, 0.9277], mean=0.0848
2026-01-20 22:29:11,873 - __main__ - INFO - 
Applying Fisher Z-transformation...
2026-01-20 22:29:11,886 - __main__ - INFO -   Range: [-1.2551, 1.7849], mean=0.0189, std=0.2937
2026-01-20 22:29:11,886 - __main__ - INFO - 
Applying Fisher Z-transformation...
2026-01-20 22:29:11,893 - __main__ - INFO -   Range: [-1.1903, 1.7076], mean=0.0213, std=0.2920
2026-01-20 22:29:11,894 - __main__ - INFO -   Train: 13 subjects
2026-01-20 22:29:11,894 - __main__ - INFO -   Test:  7 subjects
2026-01-20 22:29:11,894 - __main__ - INFO -   Scaling: Train (3016, 232), Test (1624, 232)
2026-01-20 22:29:11,898 - __main__ - INFO -   Train mean=0.0000, Test mean=0.0105
2026-01-20 22:29:11,898 - __main__ - INFO -   Training 232 OvR classifiers...
2026-01-20 22:30:13,345 - __main__ - INFO - ================================================================================
2026-01-20 22:30:13,345 - __main__ - INFO - CONFIGURATION
2026-01-20 22:30:13,345 - __main__ - INFO - ================================================================================
2026-01-20 22:30:13,345 - __main__ - INFO -   Rest data: /home/sjoon/projects/brain_connectivity_classifier/data/raw/PIOP2_restingstate.csv
2026-01-20 22:30:13,345 - __main__ - INFO -   Task data: /home/sjoon/projects/brain_connectivity_classifier/data/raw/PIOP1_gstroop.csv
2026-01-20 22:30:13,346 - __main__ - INFO -   Output dir: /home/sjoon/projects/brain_connectivity_classifier/data/results/full_connectivity_analysis
2026-01-20 22:30:13,346 - __main__ - INFO -   Diagonal strategy: random
2026-01-20 22:30:13,346 - __main__ - INFO -   N folds: 3
2026-01-20 22:30:13,346 - __main__ - INFO -   Tune hyperparams: False
2026-01-20 22:30:13,346 - __main__ - INFO -   Test on task: True
2026-01-20 22:30:13,347 - __main__ - INFO -   N jobs: -1
2026-01-20 22:30:13,347 - __main__ - INFO -   Optuna N jobs: 32
2026-01-20 22:30:13,347 - __main__ - INFO - ================================================================================

2026-01-20 22:30:13,347 - __main__ - INFO - 
================================================================================
2026-01-20 22:30:13,348 - __main__ - INFO - TRAINING FULL CONNECTIVITY - ONE-VS-REST
2026-01-20 22:30:13,348 - __main__ - INFO - ================================================================================

2026-01-20 22:30:13,348 - __main__ - INFO - Loading resting-state data...
2026-01-20 22:30:15,483 - __main__ - INFO - 
SAMPLING MODE: First 10/224 subjects
2026-01-20 22:30:15,484 - __main__ - INFO - Selected: sub-0001_P2, sub-0002_P2, sub-0003_P2, sub-0004_P2, sub-0005_P2, sub-0006_P2, sub-0007_P2, sub-0008_P2, sub-0009_P2, sub-0011_P2
2026-01-20 22:30:15,626 - __main__ - INFO - 
Clipping off-diagonal values to [-0.999, 0.999]
2026-01-20 22:30:15,629 - __main__ - INFO - Data: 10 subjects, 232 regions
2026-01-20 22:30:15,629 - __main__ - INFO - Diagonal strategy: random
2026-01-20 22:30:15,629 - __main__ - INFO - 
Using hyperparameters for CV: C=1.000000, lbfgs, max_iter=1000
2026-01-20 22:30:15,629 - __main__ - INFO - 
================================================================================
2026-01-20 22:30:15,629 - __main__ - INFO - CROSS-VALIDATION (3 folds)
2026-01-20 22:30:15,629 - __main__ - INFO - ================================================================================
2026-01-20 22:30:15,631 - __main__ - INFO - 
================================================================================
2026-01-20 22:30:15,631 - __main__ - INFO - Fold 1/3
2026-01-20 22:30:15,631 - __main__ - INFO - ================================================================================
2026-01-20 22:30:15,632 - __main__ - INFO -   Random imputation seeds: train=1042, test=2042
2026-01-20 22:30:15,632 - __main__ - INFO - 
Applying diagonal imputation: random with seed 1042
2026-01-20 22:30:15,632 - __main__ - INFO -   Original diagonal: [1.0000, 1.0000], mean=1.0000
2026-01-20 22:30:15,633 - __main__ - INFO -   Subject 0: off-diag range [-0.8006, 0.9038] → imputing diagonal in this range
2026-01-20 22:30:15,633 - __main__ - INFO -   Subject 1: off-diag range [-0.7696, 0.8982] → imputing diagonal in this range
2026-01-20 22:30:15,634 - __main__ - INFO -   Subject 2: off-diag range [-0.8307, 0.9186] → imputing diagonal in this range
2026-01-20 22:30:15,634 - __main__ - INFO -   Subject 3: off-diag range [-0.8202, 0.9204] → imputing diagonal in this range
2026-01-20 22:30:15,635 - __main__ - INFO -   Subject 4: off-diag range [-0.7281, 0.9364] → imputing diagonal in this range
2026-01-20 22:30:15,635 - __main__ - INFO -   Subject 5: off-diag range [-0.7590, 0.9384] → imputing diagonal in this range
2026-01-20 22:30:15,636 - __main__ - INFO -   New diagonal: [-0.8248, 0.9370], mean=0.0765
2026-01-20 22:30:15,636 - __main__ - INFO - 
Applying diagonal imputation: random with seed 2042
2026-01-20 22:30:15,636 - __main__ - INFO -   Original diagonal: [1.0000, 1.0000], mean=1.0000
2026-01-20 22:30:15,636 - __main__ - INFO -   Subject 0: off-diag range [-0.7353, 0.9086] → imputing diagonal in this range
2026-01-20 22:30:15,637 - __main__ - INFO -   Subject 1: off-diag range [-0.7905, 0.9096] → imputing diagonal in this range
2026-01-20 22:30:15,638 - __main__ - INFO -   Subject 2: off-diag range [-0.8497, 0.9443] → imputing diagonal in this range
2026-01-20 22:30:15,638 - __main__ - INFO -   Subject 3: off-diag range [-0.7407, 0.9210] → imputing diagonal in this range
2026-01-20 22:30:15,639 - __main__ - INFO -   New diagonal: [-0.8454, 0.9312], mean=0.0746
2026-01-20 22:30:15,639 - __main__ - INFO - 
Applying Fisher Z-transformation...
2026-01-20 22:30:15,645 - __main__ - INFO -   Range: [-1.1903, 1.7241], mean=0.0232, std=0.2822
2026-01-20 22:30:15,645 - __main__ - INFO - 
Applying Fisher Z-transformation...
2026-01-20 22:30:15,649 - __main__ - INFO -   Range: [-1.2551, 1.7766], mean=0.0200, std=0.3130
2026-01-20 22:30:15,649 - __main__ - INFO -   Train: 6 subjects
2026-01-20 22:30:15,650 - __main__ - INFO -   Test:  4 subjects
2026-01-20 22:30:15,650 - __main__ - INFO -   Scaling: Train (1392, 232), Test (928, 232)
2026-01-20 22:30:15,653 - __main__ - INFO -   Train mean=-0.0000, Test mean=-0.0133
2026-01-20 22:30:15,653 - __main__ - INFO -   Training 232 OvR classifiers...
2026-01-20 22:30:24,005 - __main__ - INFO -   ✓ Fold 1: Acc=0.5022, Time=8.22s
2026-01-20 22:30:24,005 - __main__ - INFO - 
================================================================================
2026-01-20 22:30:24,005 - __main__ - INFO - Fold 2/3
2026-01-20 22:30:24,006 - __main__ - INFO - ================================================================================
2026-01-20 22:30:24,007 - __main__ - INFO -   Random imputation seeds: train=2042, test=3042
2026-01-20 22:30:24,007 - __main__ - INFO - 
Applying diagonal imputation: random with seed 2042
2026-01-20 22:30:24,007 - __main__ - INFO -   Original diagonal: [1.0000, 1.0000], mean=1.0000
2026-01-20 22:30:24,008 - __main__ - INFO -   Subject 0: off-diag range [-0.7353, 0.9086] → imputing diagonal in this range
2026-01-20 22:30:24,009 - __main__ - INFO -   Subject 1: off-diag range [-0.8006, 0.9038] → imputing diagonal in this range
2026-01-20 22:30:24,009 - __main__ - INFO -   Subject 2: off-diag range [-0.7905, 0.9096] → imputing diagonal in this range
2026-01-20 22:30:24,009 - __main__ - INFO -   Subject 3: off-diag range [-0.8307, 0.9186] → imputing diagonal in this range
2026-01-20 22:30:24,010 - __main__ - INFO -   Subject 4: off-diag range [-0.8497, 0.9443] → imputing diagonal in this range
2026-01-20 22:30:24,010 - __main__ - INFO -   Subject 5: off-diag range [-0.7281, 0.9364] → imputing diagonal in this range
2026-01-20 22:30:24,011 - __main__ - INFO -   Subject 6: off-diag range [-0.7407, 0.9210] → imputing diagonal in this range
2026-01-20 22:30:24,011 - __main__ - INFO -   New diagonal: [-0.8408, 0.9433], mean=0.0824
2026-01-20 22:30:24,011 - __main__ - INFO - 
Applying diagonal imputation: random with seed 3042
2026-01-20 22:30:24,011 - __main__ - INFO -   Original diagonal: [1.0000, 1.0000], mean=1.0000
2026-01-20 22:30:24,012 - __main__ - INFO -   Subject 0: off-diag range [-0.7696, 0.8982] → imputing diagonal in this range
2026-01-20 22:30:24,013 - __main__ - INFO -   Subject 1: off-diag range [-0.8202, 0.9204] → imputing diagonal in this range
2026-01-20 22:30:24,013 - __main__ - INFO -   Subject 2: off-diag range [-0.7590, 0.9384] → imputing diagonal in this range
2026-01-20 22:30:24,014 - __main__ - INFO -   New diagonal: [-0.8176, 0.9334], mean=0.0864
2026-01-20 22:30:24,014 - __main__ - INFO - 
Applying Fisher Z-transformation...
2026-01-20 22:30:24,021 - __main__ - INFO -   Range: [-1.2551, 1.7766], mean=0.0223, std=0.3016
2026-01-20 22:30:24,021 - __main__ - INFO - 
Applying Fisher Z-transformation...
2026-01-20 22:30:24,024 - __main__ - INFO -   Range: [-1.1575, 1.7241], mean=0.0212, std=0.2788
2026-01-20 22:30:24,024 - __main__ - INFO -   Train: 7 subjects
2026-01-20 22:30:24,025 - __main__ - INFO -   Test:  3 subjects
2026-01-20 22:30:24,025 - __main__ - INFO -   Scaling: Train (1624, 232), Test (696, 232)
2026-01-20 22:30:24,027 - __main__ - INFO -   Train mean=-0.0000, Test mean=-0.0040
2026-01-20 22:30:24,027 - __main__ - INFO -   Training 232 OvR classifiers...
2026-01-20 22:30:33,688 - __main__ - INFO -   ✓ Fold 2: Acc=0.4986, Time=9.55s
2026-01-20 22:30:33,688 - __main__ - INFO - 
================================================================================
2026-01-20 22:30:33,688 - __main__ - INFO - Fold 3/3
2026-01-20 22:30:33,688 - __main__ - INFO - ================================================================================
2026-01-20 22:30:33,694 - __main__ - INFO -   Random imputation seeds: train=3042, test=4042
2026-01-20 22:30:33,694 - __main__ - INFO - 
Applying diagonal imputation: random with seed 3042
2026-01-20 22:30:33,695 - __main__ - INFO -   Original diagonal: [1.0000, 1.0000], mean=1.0000
2026-01-20 22:30:33,695 - __main__ - INFO -   Subject 0: off-diag range [-0.7353, 0.9086] → imputing diagonal in this range
2026-01-20 22:30:33,696 - __main__ - INFO -   Subject 1: off-diag range [-0.7696, 0.8982] → imputing diagonal in this range
2026-01-20 22:30:33,697 - __main__ - INFO -   Subject 2: off-diag range [-0.7905, 0.9096] → imputing diagonal in this range
2026-01-20 22:30:33,697 - __main__ - INFO -   Subject 3: off-diag range [-0.8202, 0.9204] → imputing diagonal in this range
2026-01-20 22:30:33,697 - __main__ - INFO -   Subject 4: off-diag range [-0.8497, 0.9443] → imputing diagonal in this range
2026-01-20 22:30:33,698 - __main__ - INFO -   Subject 5: off-diag range [-0.7590, 0.9384] → imputing diagonal in this range
2026-01-20 22:30:33,698 - __main__ - INFO -   Subject 6: off-diag range [-0.7407, 0.9210] → imputing diagonal in this range
2026-01-20 22:30:33,699 - __main__ - INFO -   New diagonal: [-0.8322, 0.9375], mean=0.0931
2026-01-20 22:30:33,699 - __main__ - INFO - 
Applying diagonal imputation: random with seed 4042
2026-01-20 22:30:33,699 - __main__ - INFO -   Original diagonal: [1.0000, 1.0000], mean=1.0000
2026-01-20 22:30:33,700 - __main__ - INFO -   Subject 0: off-diag range [-0.8006, 0.9038] → imputing diagonal in this range
2026-01-20 22:30:33,700 - __main__ - INFO -   Subject 1: off-diag range [-0.8307, 0.9186] → imputing diagonal in this range
2026-01-20 22:30:33,701 - __main__ - INFO -   Subject 2: off-diag range [-0.7281, 0.9364] → imputing diagonal in this range
2026-01-20 22:30:33,701 - __main__ - INFO -   New diagonal: [-0.8291, 0.9258], mean=0.0602
2026-01-20 22:30:33,701 - __main__ - INFO - 
Applying Fisher Z-transformation...
2026-01-20 22:30:33,710 - __main__ - INFO -   Range: [-1.2551, 1.7766], mean=0.0206, std=0.2988
2026-01-20 22:30:33,710 - __main__ - INFO - 
Applying Fisher Z-transformation...
2026-01-20 22:30:33,713 - __main__ - INFO -   Range: [-1.1903, 1.7076], mean=0.0251, std=0.2857
2026-01-20 22:30:33,714 - __main__ - INFO -   Train: 7 subjects
2026-01-20 22:30:33,714 - __main__ - INFO -   Test:  3 subjects
2026-01-20 22:30:33,714 - __main__ - INFO -   Scaling: Train (1624, 232), Test (696, 232)
2026-01-20 22:30:33,718 - __main__ - INFO -   Train mean=-0.0000, Test mean=0.0179
2026-01-20 22:30:33,718 - __main__ - INFO -   Training 232 OvR classifiers...
2026-01-20 22:30:42,807 - __main__ - INFO -   ✓ Fold 3: Acc=0.5201, Time=8.96s
2026-01-20 22:30:42,808 - __main__ - INFO - 
================================================================================
2026-01-20 22:30:42,808 - __main__ - INFO - Cross-validation completed in 27.18s
2026-01-20 22:30:42,808 - __main__ - INFO - ================================================================================
2026-01-20 22:30:43,279 - __main__ - INFO - 
================================================================================
2026-01-20 22:30:43,280 - __main__ - INFO - CROSS-VALIDATION RESULTS
2026-01-20 22:30:43,280 - __main__ - INFO - ================================================================================
2026-01-20 22:30:43,280 - __main__ - INFO -   Overall Accuracy: 0.5065
2026-01-20 22:30:43,280 - __main__ - INFO -   Top-3 Accuracy:   0.6849
2026-01-20 22:30:43,280 - __main__ - INFO -   Top-5 Accuracy:   0.7440
2026-01-20 22:30:43,280 - __main__ - INFO -   Top-10 Accuracy:  0.8267
2026-01-20 22:30:43,280 - __main__ - INFO - ================================================================================
2026-01-20 22:30:43,280 - __main__ - INFO - 
Saving cross-validation results...
2026-01-20 22:30:43,306 - __main__ - INFO -   Saved to: /home/sjoon/projects/brain_connectivity_classifier/data/results/full_connectivity_analysis/one_vs_rest
2026-01-20 22:30:43,306 - __main__ - INFO - 
================================================================================
2026-01-20 22:30:43,307 - __main__ - INFO - TESTING ON TASK DATA (GENDER STROOP)
2026-01-20 22:30:43,307 - __main__ - INFO - ================================================================================
2026-01-20 22:30:43,307 - __main__ - INFO - Training 232 OvR classifiers on ALL rest data
2026-01-20 22:30:43,307 - __main__ - INFO - Hyperparameters: C=1.0000, lbfgs, max_iter=1000
2026-01-20 22:30:43,307 - __main__ - INFO - Diagonal strategy: random

2026-01-20 22:30:43,307 - __main__ - INFO - Loading task data...
2026-01-20 22:30:45,509 - __main__ - INFO - 
SAMPLING MODE: First 10/200 subjects
2026-01-20 22:30:45,509 - __main__ - INFO - Selected: sub-0001, sub-0002, sub-0003, sub-0004, sub-0005, sub-0006, sub-0007, sub-0008, sub-0009, sub-0010
2026-01-20 22:30:45,515 - __main__ - INFO -   Task: 10 subjects
2026-01-20 22:30:45,648 - __main__ - INFO - 
Clipping task data off-diagonal values to [-0.999, 0.999]
2026-01-20 22:30:45,649 - __main__ - INFO - 
================================================================================
2026-01-20 22:30:45,649 - __main__ - INFO - PROCESSING REST DATA (TRAINING)
2026-01-20 22:30:45,649 - __main__ - INFO - ================================================================================
2026-01-20 22:30:45,650 - __main__ - INFO - Using RANDOM diagonal imputation with fixed seed for rest data
2026-01-20 22:30:45,650 - __main__ - INFO - 
Applying diagonal imputation: random with seed 42
2026-01-20 22:30:45,650 - __main__ - INFO -   Original diagonal: [1.0000, 1.0000], mean=1.0000
2026-01-20 22:30:45,651 - __main__ - INFO -   Subject 0: off-diag range [-0.7353, 0.9086] → imputing diagonal in this range
2026-01-20 22:30:45,651 - __main__ - INFO -   Subject 1: off-diag range [-0.8006, 0.9038] → imputing diagonal in this range
2026-01-20 22:30:45,652 - __main__ - INFO -   Subject 2: off-diag range [-0.7696, 0.8982] → imputing diagonal in this range
2026-01-20 22:30:45,652 - __main__ - INFO -   Subject 3: off-diag range [-0.7905, 0.9096] → imputing diagonal in this range
2026-01-20 22:30:45,653 - __main__ - INFO -   Subject 4: off-diag range [-0.8307, 0.9186] → imputing diagonal in this range
2026-01-20 22:30:45,653 - __main__ - INFO -   Subject 5: off-diag range [-0.8202, 0.9204] → imputing diagonal in this range
2026-01-20 22:30:45,654 - __main__ - INFO -   Subject 6: off-diag range [-0.8497, 0.9443] → imputing diagonal in this range
2026-01-20 22:30:45,654 - __main__ - INFO -   Subject 7: off-diag range [-0.7281, 0.9364] → imputing diagonal in this range
2026-01-20 22:30:45,654 - __main__ - INFO -   Subject 8: off-diag range [-0.7590, 0.9384] → imputing diagonal in this range
2026-01-20 22:30:45,655 - __main__ - INFO -   Subject 9: off-diag range [-0.7407, 0.9210] → imputing diagonal in this range
2026-01-20 22:30:45,655 - __main__ - INFO -   New diagonal: [-0.8420, 0.9422], mean=0.0689
2026-01-20 22:30:45,655 - __main__ - INFO - 
Applying Fisher Z-transformation...
2026-01-20 22:30:45,666 - __main__ - INFO -   Range: [-1.2551, 1.7766], mean=0.0219, std=0.2950
2026-01-20 22:30:45,666 - __main__ - INFO - 
================================================================================
2026-01-20 22:30:45,666 - __main__ - INFO - PROCESSING TASK DATA (TESTING)
2026-01-20 22:30:45,667 - __main__ - INFO - ================================================================================
2026-01-20 22:30:45,667 - __main__ - INFO - Using RANDOM diagonal imputation with different seed for task data
2026-01-20 22:30:45,667 - __main__ - INFO - 
Applying diagonal imputation: random with seed 10041
2026-01-20 22:30:45,667 - __main__ - INFO -   Original diagonal: [1.0000, 1.0000], mean=1.0000
2026-01-20 22:30:45,668 - __main__ - INFO -   Subject 0: off-diag range [-0.7403, 0.9542] → imputing diagonal in this range
2026-01-20 22:30:45,668 - __main__ - INFO -   Subject 1: off-diag range [-0.7729, 0.8846] → imputing diagonal in this range
2026-01-20 22:30:45,669 - __main__ - INFO -   Subject 2: off-diag range [-0.7152, 0.9194] → imputing diagonal in this range
2026-01-20 22:30:45,669 - __main__ - INFO -   Subject 3: off-diag range [-0.7820, 0.9219] → imputing diagonal in this range
2026-01-20 22:30:45,670 - __main__ - INFO -   Subject 4: off-diag range [-0.8531, 0.9196] → imputing diagonal in this range
2026-01-20 22:30:45,670 - __main__ - INFO -   Subject 5: off-diag range [-0.7233, 0.8957] → imputing diagonal in this range
2026-01-20 22:30:45,671 - __main__ - INFO -   Subject 6: off-diag range [-0.7891, 0.9278] → imputing diagonal in this range
2026-01-20 22:30:45,671 - __main__ - INFO -   Subject 7: off-diag range [-0.7332, 0.9420] → imputing diagonal in this range
2026-01-20 22:30:45,672 - __main__ - INFO -   Subject 8: off-diag range [-0.7034, 0.9024] → imputing diagonal in this range
2026-01-20 22:30:45,672 - __main__ - INFO -   Subject 9: off-diag range [-0.7517, 0.9251] → imputing diagonal in this range
2026-01-20 22:30:45,673 - __main__ - INFO -   New diagonal: [-0.8482, 0.9431], mean=0.0701
2026-01-20 22:30:45,673 - __main__ - INFO - 
Applying Fisher Z-transformation...
2026-01-20 22:30:45,684 - __main__ - INFO -   Range: [-1.2673, 1.8768], mean=0.0222, std=0.2787
2026-01-20 22:30:45,684 - __main__ - INFO - 
================================================================================
2026-01-20 22:30:45,684 - __main__ - INFO - SCALING DATA
2026-01-20 22:30:45,684 - __main__ - INFO - ================================================================================
2026-01-20 22:30:45,684 - __main__ - INFO - Fitting scaler on rest data: (2320, 232)
2026-01-20 22:30:45,684 - __main__ - INFO - Transforming task data: (2320, 232)
2026-01-20 22:30:45,689 - __main__ - INFO -   Rest scaled: mean=-0.0000, std=1.0000
2026-01-20 22:30:45,689 - __main__ - INFO -   Task scaled: mean=0.0003, std=0.9489
2026-01-20 22:30:45,689 - __main__ - INFO - 
================================================================================
2026-01-20 22:30:45,689 - __main__ - INFO - TRAINING FINAL OVR MODELS ON REST DATA
2026-01-20 22:30:45,690 - __main__ - INFO - ================================================================================
2026-01-20 22:30:45,690 - __main__ - INFO -   Training 232 OvR classifiers...
2026-01-20 22:36:27,516 - __main__ - INFO - ================================================================================
2026-01-20 22:36:27,516 - __main__ - INFO - CONFIGURATION
2026-01-20 22:36:27,516 - __main__ - INFO - ================================================================================
2026-01-20 22:36:27,516 - __main__ - INFO -   Rest data: /home/sjoon/projects/brain_connectivity_classifier/data/raw/PIOP2_restingstate.csv
2026-01-20 22:36:27,516 - __main__ - INFO -   Task data: /home/sjoon/projects/brain_connectivity_classifier/data/raw/PIOP1_gstroop.csv
2026-01-20 22:36:27,516 - __main__ - INFO -   Output dir: /home/sjoon/projects/brain_connectivity_classifier/data/results/full_connectivity_analysis
2026-01-20 22:36:27,516 - __main__ - INFO -   Diagonal strategy: random
2026-01-20 22:36:27,517 - __main__ - INFO -   N folds: 3
2026-01-20 22:36:27,517 - __main__ - INFO -   Tune hyperparams: False
2026-01-20 22:36:27,517 - __main__ - INFO -   Test on task: True
2026-01-20 22:36:27,517 - __main__ - INFO -   N jobs: -1
2026-01-20 22:36:27,517 - __main__ - INFO -   Optuna N jobs: 32
2026-01-20 22:36:27,517 - __main__ - INFO - ================================================================================

2026-01-20 22:36:27,517 - __main__ - INFO - 
================================================================================
2026-01-20 22:36:27,517 - __main__ - INFO - TRAINING FULL CONNECTIVITY - ONE-VS-REST
2026-01-20 22:36:27,518 - __main__ - INFO - ================================================================================

2026-01-20 22:36:27,518 - __main__ - INFO - Loading resting-state data...
2026-01-20 22:37:51,335 - __main__ - INFO - ================================================================================
2026-01-20 22:37:51,336 - __main__ - INFO - CONFIGURATION
2026-01-20 22:37:51,336 - __main__ - INFO - ================================================================================
2026-01-20 22:37:51,336 - __main__ - INFO -   Rest data: /home/sjoon/projects/brain_connectivity_classifier/data/raw/PIOP2_restingstate.csv
2026-01-20 22:37:51,336 - __main__ - INFO -   Task data: /home/sjoon/projects/brain_connectivity_classifier/data/raw/PIOP1_gstroop.csv
2026-01-20 22:37:51,336 - __main__ - INFO -   Output dir: /home/sjoon/projects/brain_connectivity_classifier/data/results/full_connectivity_analysis
2026-01-20 22:37:51,337 - __main__ - INFO -   Diagonal strategy: random
2026-01-20 22:37:51,337 - __main__ - INFO -   N folds: 3
2026-01-20 22:37:51,337 - __main__ - INFO -   Tune hyperparams: False
2026-01-20 22:37:51,338 - __main__ - INFO -   Test on task: True
2026-01-20 22:37:51,338 - __main__ - INFO -   N jobs: -1
2026-01-20 22:37:51,339 - __main__ - INFO -   Optuna N jobs: 32
2026-01-20 22:37:51,339 - __main__ - INFO - ================================================================================

2026-01-20 22:37:51,339 - __main__ - INFO - 
================================================================================
2026-01-20 22:37:51,339 - __main__ - INFO - TRAINING FULL CONNECTIVITY - ONE-VS-REST
2026-01-20 22:37:51,339 - __main__ - INFO - ================================================================================

2026-01-20 22:37:51,340 - __main__ - INFO - Loading resting-state data...
2026-01-20 22:37:54,010 - __main__ - INFO - 
SAMPLING MODE: First 10/224 subjects
2026-01-20 22:37:54,010 - __main__ - INFO - Selected: sub-0001_P2, sub-0002_P2, sub-0003_P2, sub-0004_P2, sub-0005_P2, sub-0006_P2, sub-0007_P2, sub-0008_P2, sub-0009_P2, sub-0011_P2
2026-01-20 22:37:54,151 - __main__ - INFO - 
Clipping off-diagonal values to [-0.999, 0.999]
2026-01-20 22:37:54,153 - __main__ - INFO - Data: 10 subjects, 232 regions
2026-01-20 22:37:54,153 - __main__ - INFO - Diagonal strategy: random
2026-01-20 22:37:54,154 - __main__ - INFO - 
Using hyperparameters for CV: C=1.000000, lbfgs, max_iter=100
2026-01-20 22:37:54,154 - __main__ - INFO - 
================================================================================
2026-01-20 22:37:54,154 - __main__ - INFO - CROSS-VALIDATION (3 folds)
2026-01-20 22:37:54,154 - __main__ - INFO - ================================================================================
2026-01-20 22:37:54,155 - __main__ - INFO - 
================================================================================
2026-01-20 22:37:54,155 - __main__ - INFO - Fold 1/3
2026-01-20 22:37:54,155 - __main__ - INFO - ================================================================================
2026-01-20 22:37:54,156 - __main__ - INFO -   Random imputation seeds: train=1042, test=2042
2026-01-20 22:37:54,156 - __main__ - INFO - 
Applying diagonal imputation: random with seed 1042
2026-01-20 22:37:54,157 - __main__ - INFO -   Original diagonal: [1.0000, 1.0000], mean=1.0000
2026-01-20 22:37:54,157 - __main__ - INFO -   Subject 0: off-diag range [-0.8006, 0.9038] → imputing diagonal in this range
2026-01-20 22:37:54,158 - __main__ - INFO -   Subject 1: off-diag range [-0.7696, 0.8982] → imputing diagonal in this range
2026-01-20 22:37:54,158 - __main__ - INFO -   Subject 2: off-diag range [-0.8307, 0.9186] → imputing diagonal in this range
2026-01-20 22:37:54,159 - __main__ - INFO -   Subject 3: off-diag range [-0.8202, 0.9204] → imputing diagonal in this range
2026-01-20 22:37:54,159 - __main__ - INFO -   Subject 4: off-diag range [-0.7281, 0.9364] → imputing diagonal in this range
2026-01-20 22:37:54,160 - __main__ - INFO -   Subject 5: off-diag range [-0.7590, 0.9384] → imputing diagonal in this range
2026-01-20 22:37:54,160 - __main__ - INFO -   New diagonal: [-0.8248, 0.9370], mean=0.0765
2026-01-20 22:37:54,160 - __main__ - INFO - 
Applying diagonal imputation: random with seed 2042
2026-01-20 22:37:54,160 - __main__ - INFO -   Original diagonal: [1.0000, 1.0000], mean=1.0000
2026-01-20 22:37:54,161 - __main__ - INFO -   Subject 0: off-diag range [-0.7353, 0.9086] → imputing diagonal in this range
2026-01-20 22:37:54,162 - __main__ - INFO -   Subject 1: off-diag range [-0.7905, 0.9096] → imputing diagonal in this range
2026-01-20 22:37:54,162 - __main__ - INFO -   Subject 2: off-diag range [-0.8497, 0.9443] → imputing diagonal in this range
2026-01-20 22:37:54,162 - __main__ - INFO -   Subject 3: off-diag range [-0.7407, 0.9210] → imputing diagonal in this range
2026-01-20 22:37:54,163 - __main__ - INFO -   New diagonal: [-0.8454, 0.9312], mean=0.0746
2026-01-20 22:37:54,163 - __main__ - INFO - 
Applying Fisher Z-transformation...
2026-01-20 22:37:54,169 - __main__ - INFO -   Range: [-1.1903, 1.7241], mean=0.0232, std=0.2822
2026-01-20 22:37:54,169 - __main__ - INFO - 
Applying Fisher Z-transformation...
2026-01-20 22:37:54,174 - __main__ - INFO -   Range: [-1.2551, 1.7766], mean=0.0200, std=0.3130
2026-01-20 22:37:54,174 - __main__ - INFO -   Train: 6 subjects
2026-01-20 22:37:54,174 - __main__ - INFO -   Test:  4 subjects
2026-01-20 22:37:54,174 - __main__ - INFO -   Scaling: Train (1392, 232), Test (928, 232)
2026-01-20 22:37:54,177 - __main__ - INFO -   Train mean=-0.0000, Test mean=-0.0133
2026-01-20 22:37:54,177 - __main__ - INFO -   Training 232 OvR classifiers...
2026-01-20 22:38:02,413 - __main__ - INFO -   ✓ Fold 1: Acc=0.5022, Time=8.11s
2026-01-20 22:38:02,413 - __main__ - INFO - 
================================================================================
2026-01-20 22:38:02,413 - __main__ - INFO - Fold 2/3
2026-01-20 22:38:02,414 - __main__ - INFO - ================================================================================
2026-01-20 22:38:02,415 - __main__ - INFO -   Random imputation seeds: train=2042, test=3042
2026-01-20 22:38:02,415 - __main__ - INFO - 
Applying diagonal imputation: random with seed 2042
2026-01-20 22:38:02,415 - __main__ - INFO -   Original diagonal: [1.0000, 1.0000], mean=1.0000
2026-01-20 22:38:02,416 - __main__ - INFO -   Subject 0: off-diag range [-0.7353, 0.9086] → imputing diagonal in this range
2026-01-20 22:38:02,416 - __main__ - INFO -   Subject 1: off-diag range [-0.8006, 0.9038] → imputing diagonal in this range
2026-01-20 22:38:02,417 - __main__ - INFO -   Subject 2: off-diag range [-0.7905, 0.9096] → imputing diagonal in this range
2026-01-20 22:38:02,417 - __main__ - INFO -   Subject 3: off-diag range [-0.8307, 0.9186] → imputing diagonal in this range
2026-01-20 22:38:02,418 - __main__ - INFO -   Subject 4: off-diag range [-0.8497, 0.9443] → imputing diagonal in this range
2026-01-20 22:38:02,418 - __main__ - INFO -   Subject 5: off-diag range [-0.7281, 0.9364] → imputing diagonal in this range
2026-01-20 22:38:02,419 - __main__ - INFO -   Subject 6: off-diag range [-0.7407, 0.9210] → imputing diagonal in this range
2026-01-20 22:38:02,419 - __main__ - INFO -   New diagonal: [-0.8408, 0.9433], mean=0.0824
2026-01-20 22:38:02,419 - __main__ - INFO - 
Applying diagonal imputation: random with seed 3042
2026-01-20 22:38:02,419 - __main__ - INFO -   Original diagonal: [1.0000, 1.0000], mean=1.0000
2026-01-20 22:38:02,420 - __main__ - INFO -   Subject 0: off-diag range [-0.7696, 0.8982] → imputing diagonal in this range
2026-01-20 22:38:02,421 - __main__ - INFO -   Subject 1: off-diag range [-0.8202, 0.9204] → imputing diagonal in this range
2026-01-20 22:38:02,421 - __main__ - INFO -   Subject 2: off-diag range [-0.7590, 0.9384] → imputing diagonal in this range
2026-01-20 22:38:02,422 - __main__ - INFO -   New diagonal: [-0.8176, 0.9334], mean=0.0864
2026-01-20 22:38:02,422 - __main__ - INFO - 
Applying Fisher Z-transformation...
2026-01-20 22:38:02,429 - __main__ - INFO -   Range: [-1.2551, 1.7766], mean=0.0223, std=0.3016
2026-01-20 22:38:02,429 - __main__ - INFO - 
Applying Fisher Z-transformation...
2026-01-20 22:38:02,433 - __main__ - INFO -   Range: [-1.1575, 1.7241], mean=0.0212, std=0.2788
2026-01-20 22:38:02,433 - __main__ - INFO -   Train: 7 subjects
2026-01-20 22:38:02,470 - __main__ - INFO -   Test:  3 subjects
2026-01-20 22:38:02,470 - __main__ - INFO -   Scaling: Train (1624, 232), Test (696, 232)
2026-01-20 22:38:02,473 - __main__ - INFO -   Train mean=-0.0000, Test mean=-0.0040
2026-01-20 22:38:02,473 - __main__ - INFO -   Training 232 OvR classifiers...
2026-01-20 22:38:12,506 - __main__ - INFO -   ✓ Fold 2: Acc=0.4986, Time=9.90s
2026-01-20 22:38:12,506 - __main__ - INFO - 
================================================================================
2026-01-20 22:38:12,507 - __main__ - INFO - Fold 3/3
2026-01-20 22:38:12,507 - __main__ - INFO - ================================================================================
2026-01-20 22:38:12,512 - __main__ - INFO -   Random imputation seeds: train=3042, test=4042
2026-01-20 22:38:12,512 - __main__ - INFO - 
Applying diagonal imputation: random with seed 3042
2026-01-20 22:38:12,512 - __main__ - INFO -   Original diagonal: [1.0000, 1.0000], mean=1.0000
2026-01-20 22:38:12,513 - __main__ - INFO -   Subject 0: off-diag range [-0.7353, 0.9086] → imputing diagonal in this range
2026-01-20 22:38:12,514 - __main__ - INFO -   Subject 1: off-diag range [-0.7696, 0.8982] → imputing diagonal in this range
2026-01-20 22:38:12,515 - __main__ - INFO -   Subject 2: off-diag range [-0.7905, 0.9096] → imputing diagonal in this range
2026-01-20 22:38:12,515 - __main__ - INFO -   Subject 3: off-diag range [-0.8202, 0.9204] → imputing diagonal in this range
2026-01-20 22:38:12,516 - __main__ - INFO -   Subject 4: off-diag range [-0.8497, 0.9443] → imputing diagonal in this range
2026-01-20 22:38:12,516 - __main__ - INFO -   Subject 5: off-diag range [-0.7590, 0.9384] → imputing diagonal in this range
2026-01-20 22:38:12,517 - __main__ - INFO -   Subject 6: off-diag range [-0.7407, 0.9210] → imputing diagonal in this range
2026-01-20 22:38:12,517 - __main__ - INFO -   New diagonal: [-0.8322, 0.9375], mean=0.0931
2026-01-20 22:38:12,517 - __main__ - INFO - 
Applying diagonal imputation: random with seed 4042
2026-01-20 22:38:12,518 - __main__ - INFO -   Original diagonal: [1.0000, 1.0000], mean=1.0000
2026-01-20 22:38:12,518 - __main__ - INFO -   Subject 0: off-diag range [-0.8006, 0.9038] → imputing diagonal in this range
2026-01-20 22:38:12,519 - __main__ - INFO -   Subject 1: off-diag range [-0.8307, 0.9186] → imputing diagonal in this range
2026-01-20 22:38:12,520 - __main__ - INFO -   Subject 2: off-diag range [-0.7281, 0.9364] → imputing diagonal in this range
2026-01-20 22:38:12,520 - __main__ - INFO -   New diagonal: [-0.8291, 0.9258], mean=0.0602
2026-01-20 22:38:12,520 - __main__ - INFO - 
Applying Fisher Z-transformation...
2026-01-20 22:38:12,529 - __main__ - INFO -   Range: [-1.2551, 1.7766], mean=0.0206, std=0.2988
2026-01-20 22:38:12,529 - __main__ - INFO - 
Applying Fisher Z-transformation...
2026-01-20 22:38:12,532 - __main__ - INFO -   Range: [-1.1903, 1.7076], mean=0.0251, std=0.2857
2026-01-20 22:38:12,533 - __main__ - INFO -   Train: 7 subjects
2026-01-20 22:38:12,533 - __main__ - INFO -   Test:  3 subjects
2026-01-20 22:38:12,533 - __main__ - INFO -   Scaling: Train (1624, 232), Test (696, 232)
2026-01-20 22:38:12,536 - __main__ - INFO -   Train mean=-0.0000, Test mean=0.0179
2026-01-20 22:38:12,536 - __main__ - INFO -   Training 232 OvR classifiers...
2026-01-20 22:38:22,300 - __main__ - INFO -   ✓ Fold 3: Acc=0.5201, Time=9.64s
2026-01-20 22:38:22,300 - __main__ - INFO - 
================================================================================
2026-01-20 22:38:22,301 - __main__ - INFO - Cross-validation completed in 28.15s
2026-01-20 22:38:22,301 - __main__ - INFO - ================================================================================
2026-01-20 22:38:22,679 - __main__ - INFO - 
================================================================================
2026-01-20 22:38:22,679 - __main__ - INFO - CROSS-VALIDATION RESULTS
2026-01-20 22:38:22,679 - __main__ - INFO - ================================================================================
2026-01-20 22:38:22,680 - __main__ - INFO -   Overall Accuracy: 0.5065
2026-01-20 22:38:22,680 - __main__ - INFO -   Top-3 Accuracy:   0.6849
2026-01-20 22:38:22,680 - __main__ - INFO -   Top-5 Accuracy:   0.7440
2026-01-20 22:38:22,680 - __main__ - INFO -   Top-10 Accuracy:  0.8267
2026-01-20 22:38:22,680 - __main__ - INFO - ================================================================================
2026-01-20 22:38:22,680 - __main__ - INFO - 
Saving cross-validation results...
2026-01-20 22:38:22,702 - __main__ - INFO -   Saved to: /home/sjoon/projects/brain_connectivity_classifier/data/results/full_connectivity_analysis/one_vs_rest
2026-01-20 22:38:22,702 - __main__ - INFO - 
================================================================================
2026-01-20 22:38:22,702 - __main__ - INFO - TESTING ON TASK DATA (GENDER STROOP)
2026-01-20 22:38:22,702 - __main__ - INFO - ================================================================================
2026-01-20 22:38:22,702 - __main__ - INFO - Training 232 OvR classifiers on ALL rest data
2026-01-20 22:38:22,702 - __main__ - INFO - Hyperparameters: C=1.0000, lbfgs, max_iter=100
2026-01-20 22:38:22,702 - __main__ - INFO - Diagonal strategy: random

2026-01-20 22:38:22,703 - __main__ - INFO - Loading task data...
2026-01-20 22:38:24,633 - __main__ - INFO - 
SAMPLING MODE: First 10/200 subjects
2026-01-20 22:38:24,633 - __main__ - INFO - Selected: sub-0001, sub-0002, sub-0003, sub-0004, sub-0005, sub-0006, sub-0007, sub-0008, sub-0009, sub-0010
2026-01-20 22:38:24,634 - __main__ - INFO -   Task: 10 subjects
2026-01-20 22:38:24,762 - __main__ - INFO - 
Clipping task data off-diagonal values to [-0.999, 0.999]
2026-01-20 22:38:24,763 - __main__ - INFO - 
================================================================================
2026-01-20 22:38:24,764 - __main__ - INFO - PROCESSING REST DATA (TRAINING)
2026-01-20 22:38:24,764 - __main__ - INFO - ================================================================================
2026-01-20 22:38:24,764 - __main__ - INFO - Using RANDOM diagonal imputation with fixed seed for rest data
2026-01-20 22:38:24,764 - __main__ - INFO - 
Applying diagonal imputation: random with seed 42
2026-01-20 22:38:24,765 - __main__ - INFO -   Original diagonal: [1.0000, 1.0000], mean=1.0000
2026-01-20 22:38:24,765 - __main__ - INFO -   Subject 0: off-diag range [-0.7353, 0.9086] → imputing diagonal in this range
2026-01-20 22:38:24,766 - __main__ - INFO -   Subject 1: off-diag range [-0.8006, 0.9038] → imputing diagonal in this range
2026-01-20 22:38:24,767 - __main__ - INFO -   Subject 2: off-diag range [-0.7696, 0.8982] → imputing diagonal in this range
2026-01-20 22:38:24,767 - __main__ - INFO -   Subject 3: off-diag range [-0.7905, 0.9096] → imputing diagonal in this range
2026-01-20 22:38:24,767 - __main__ - INFO -   Subject 4: off-diag range [-0.8307, 0.9186] → imputing diagonal in this range
2026-01-20 22:38:24,768 - __main__ - INFO -   Subject 5: off-diag range [-0.8202, 0.9204] → imputing diagonal in this range
2026-01-20 22:38:24,768 - __main__ - INFO -   Subject 6: off-diag range [-0.8497, 0.9443] → imputing diagonal in this range
2026-01-20 22:38:24,769 - __main__ - INFO -   Subject 7: off-diag range [-0.7281, 0.9364] → imputing diagonal in this range
2026-01-20 22:38:24,769 - __main__ - INFO -   Subject 8: off-diag range [-0.7590, 0.9384] → imputing diagonal in this range
2026-01-20 22:38:24,770 - __main__ - INFO -   Subject 9: off-diag range [-0.7407, 0.9210] → imputing diagonal in this range
2026-01-20 22:38:24,770 - __main__ - INFO -   New diagonal: [-0.8420, 0.9422], mean=0.0689
2026-01-20 22:38:24,770 - __main__ - INFO - 
Applying Fisher Z-transformation...
2026-01-20 22:38:24,781 - __main__ - INFO -   Range: [-1.2551, 1.7766], mean=0.0219, std=0.2950
2026-01-20 22:38:24,781 - __main__ - INFO - 
================================================================================
2026-01-20 22:38:24,781 - __main__ - INFO - PROCESSING TASK DATA (TESTING)
2026-01-20 22:38:24,781 - __main__ - INFO - ================================================================================
2026-01-20 22:38:24,781 - __main__ - INFO - Using RANDOM diagonal imputation with different seed for task data
2026-01-20 22:38:24,782 - __main__ - INFO - 
Applying diagonal imputation: random with seed 10041
2026-01-20 22:38:24,782 - __main__ - INFO -   Original diagonal: [1.0000, 1.0000], mean=1.0000
2026-01-20 22:38:24,782 - __main__ - INFO -   Subject 0: off-diag range [-0.7403, 0.9542] → imputing diagonal in this range
2026-01-20 22:38:24,783 - __main__ - INFO -   Subject 1: off-diag range [-0.7729, 0.8846] → imputing diagonal in this range
2026-01-20 22:38:24,784 - __main__ - INFO -   Subject 2: off-diag range [-0.7152, 0.9194] → imputing diagonal in this range
2026-01-20 22:38:24,784 - __main__ - INFO -   Subject 3: off-diag range [-0.7820, 0.9219] → imputing diagonal in this range
2026-01-20 22:38:24,785 - __main__ - INFO -   Subject 4: off-diag range [-0.8531, 0.9196] → imputing diagonal in this range
2026-01-20 22:38:24,785 - __main__ - INFO -   Subject 5: off-diag range [-0.7233, 0.8957] → imputing diagonal in this range
2026-01-20 22:38:24,785 - __main__ - INFO -   Subject 6: off-diag range [-0.7891, 0.9278] → imputing diagonal in this range
2026-01-20 22:38:24,786 - __main__ - INFO -   Subject 7: off-diag range [-0.7332, 0.9420] → imputing diagonal in this range
2026-01-20 22:38:24,786 - __main__ - INFO -   Subject 8: off-diag range [-0.7034, 0.9024] → imputing diagonal in this range
2026-01-20 22:38:24,787 - __main__ - INFO -   Subject 9: off-diag range [-0.7517, 0.9251] → imputing diagonal in this range
2026-01-20 22:38:24,787 - __main__ - INFO -   New diagonal: [-0.8482, 0.9431], mean=0.0701
2026-01-20 22:38:24,787 - __main__ - INFO - 
Applying Fisher Z-transformation...
2026-01-20 22:38:24,798 - __main__ - INFO -   Range: [-1.2673, 1.8768], mean=0.0222, std=0.2787
2026-01-20 22:38:24,798 - __main__ - INFO - 
================================================================================
2026-01-20 22:38:24,799 - __main__ - INFO - SCALING DATA
2026-01-20 22:38:24,799 - __main__ - INFO - ================================================================================
2026-01-20 22:38:24,799 - __main__ - INFO - Fitting scaler on rest data: (2320, 232)
2026-01-20 22:38:24,799 - __main__ - INFO - Transforming task data: (2320, 232)
2026-01-20 22:38:24,803 - __main__ - INFO -   Rest scaled: mean=-0.0000, std=1.0000
2026-01-20 22:38:24,803 - __main__ - INFO -   Task scaled: mean=0.0003, std=0.9489
2026-01-20 22:38:24,803 - __main__ - INFO - 
================================================================================
2026-01-20 22:38:24,803 - __main__ - INFO - TRAINING FINAL OVR MODELS ON REST DATA
2026-01-20 22:38:24,804 - __main__ - INFO - ================================================================================
2026-01-20 22:38:24,804 - __main__ - INFO -   Training 232 OvR classifiers...
2026-01-20 22:45:01,771 - __main__ - INFO -   ✓ Trained 232 classifiers in 396.97s
2026-01-20 22:45:01,771 - __main__ - INFO - 
================================================================================
2026-01-20 22:45:01,772 - __main__ - INFO - EVALUATING ON REST DATA (TRAINING SET)
2026-01-20 22:45:01,772 - __main__ - INFO - ================================================================================
2026-01-20 22:45:12,476 - __main__ - INFO -   Rest Accuracy: 1.0000
2026-01-20 22:45:12,476 - __main__ - INFO -   Rest Top-3: 1.0000
2026-01-20 22:45:12,476 - __main__ - INFO -   Rest Top-5: 1.0000
2026-01-20 22:45:12,476 - __main__ - INFO -   Rest Top-10: 1.0000
2026-01-20 22:45:12,477 - __main__ - INFO - 
================================================================================
2026-01-20 22:45:12,477 - __main__ - INFO - EVALUATING ON TASK DATA (TEST SET)
2026-01-20 22:45:12,477 - __main__ - INFO - ================================================================================
2026-01-20 22:45:26,487 - __main__ - INFO -   Task Accuracy: 0.5147
2026-01-20 22:45:26,487 - __main__ - INFO -   Task Top-3: 0.6698
2026-01-20 22:45:26,487 - __main__ - INFO -   Task Top-5: 0.7375
2026-01-20 22:45:26,487 - __main__ - INFO -   Task Top-10: 0.8030
2026-01-20 22:45:26,487 - __main__ - INFO - 
================================================================================
2026-01-20 22:45:26,487 - __main__ - INFO - SAVING TASK TESTING RESULTS
2026-01-20 22:45:26,487 - __main__ - INFO - ================================================================================
2026-01-20 22:45:26,508 - __main__ - INFO -   Saved to: /home/sjoon/projects/brain_connectivity_classifier/data/results/full_connectivity_analysis/task_testing_one_vs_rest
2026-01-20 22:45:26,508 - __main__ - INFO - 
================================================================================
2026-01-20 22:45:26,508 - __main__ - INFO - TASK TESTING SUMMARY
2026-01-20 22:45:26,508 - __main__ - INFO - ================================================================================
2026-01-20 22:45:26,508 - __main__ - INFO -   Rest Training Accuracy: 1.0000
2026-01-20 22:45:26,508 - __main__ - INFO -   Task Testing Accuracy:  0.5147
2026-01-20 22:45:26,508 - __main__ - INFO -   Accuracy Drop:          0.4853
2026-01-20 22:45:26,509 - __main__ - INFO - ================================================================================

2026-01-20 22:45:26,512 - __main__ - INFO - 
================================================================================
2026-01-20 22:45:26,512 - __main__ - INFO - ✓ TRAINING COMPLETED SUCCESSFULLY
2026-01-20 22:45:26,512 - __main__ - INFO - ================================================================================
2026-01-20 22:45:26,512 - __main__ - INFO -   CV Accuracy: 0.5065
2026-01-20 22:45:26,512 - __main__ - INFO -   Task Accuracy: 0.5147
2026-01-20 22:45:26,513 - __main__ - INFO -   Accuracy Drop: 0.4853
2026-01-20 22:45:26,513 - __main__ - INFO -   Results saved to: /home/sjoon/projects/brain_connectivity_classifier/data/results/full_connectivity_analysis/one_vs_rest
2026-01-20 22:45:26,513 - __main__ - INFO - ================================================================================

2026-01-21 00:04:52,223 - __main__ - INFO - ================================================================================
2026-01-21 00:04:52,223 - __main__ - INFO - CONFIGURATION
2026-01-21 00:04:52,223 - __main__ - INFO - ================================================================================
2026-01-21 00:04:52,223 - __main__ - INFO -   Rest data: /home/sjoon/projects/brain_connectivity_classifier/data/raw/PIOP2_restingstate.csv
2026-01-21 00:04:52,223 - __main__ - INFO -   Task data: /home/sjoon/projects/brain_connectivity_classifier/data/raw/PIOP1_gstroop.csv
2026-01-21 00:04:52,223 - __main__ - INFO -   Output dir: /home/sjoon/projects/brain_connectivity_classifier/data/results/full_connectivity_analysis
2026-01-21 00:04:52,223 - __main__ - INFO -   Diagonal strategy: random
2026-01-21 00:04:52,224 - __main__ - INFO -   N folds: 3
2026-01-21 00:04:52,224 - __main__ - INFO -   Tune hyperparams: False
2026-01-21 00:04:52,224 - __main__ - INFO -   Test on task: True
2026-01-21 00:04:52,224 - __main__ - INFO -   N jobs: -1
2026-01-21 00:04:52,224 - __main__ - INFO -   Optuna N jobs: 32
2026-01-21 00:04:52,225 - __main__ - INFO - ================================================================================

2026-01-21 00:04:52,225 - __main__ - INFO - 
================================================================================
2026-01-21 00:04:52,225 - __main__ - INFO - TRAINING FULL CONNECTIVITY - ONE-VS-REST
2026-01-21 00:04:52,225 - __main__ - INFO - ================================================================================

2026-01-21 00:04:52,225 - __main__ - INFO - Loading resting-state data...
2026-01-21 00:04:57,324 - __main__ - INFO - 
Clipping off-diagonal values to [-0.999, 0.999]
2026-01-21 00:04:57,348 - __main__ - INFO - Data: 224 subjects, 232 regions
2026-01-21 00:04:57,349 - __main__ - INFO - Diagonal strategy: random
2026-01-21 00:04:57,349 - __main__ - INFO - 
Using hyperparameters for CV: C=1.000000, lbfgs, max_iter=1000
2026-01-21 00:04:57,349 - __main__ - INFO - 
================================================================================
2026-01-21 00:04:57,349 - __main__ - INFO - CROSS-VALIDATION (3 folds)
2026-01-21 00:04:57,350 - __main__ - INFO - ================================================================================
2026-01-21 00:04:57,365 - __main__ - INFO - 
================================================================================
2026-01-21 00:04:57,365 - __main__ - INFO - Fold 1/3
2026-01-21 00:04:57,365 - __main__ - INFO - ================================================================================
2026-01-21 00:04:57,402 - __main__ - INFO -   Random imputation seeds: train=1042, test=2042
2026-01-21 00:04:57,402 - __main__ - INFO - 
Applying diagonal imputation: random with seed 1042
2026-01-21 00:04:57,410 - __main__ - INFO -   Original diagonal: [1.0000, 1.0000], mean=1.0000
2026-01-21 00:04:57,410 - __main__ - INFO -   Subject 0: off-diag range [-0.7353, 0.9086] → imputing diagonal in this range
2026-01-21 00:04:57,411 - __main__ - INFO -   Subject 1: off-diag range [-0.7696, 0.8982] → imputing diagonal in this range
2026-01-21 00:04:57,411 - __main__ - INFO -   Subject 2: off-diag range [-0.7905, 0.9096] → imputing diagonal in this range
2026-01-21 00:04:57,412 - __main__ - INFO -   Subject 3: off-diag range [-0.8202, 0.9204] → imputing diagonal in this range
2026-01-21 00:04:57,412 - __main__ - INFO -   Subject 4: off-diag range [-0.8497, 0.9443] → imputing diagonal in this range
2026-01-21 00:04:57,413 - __main__ - INFO -   Subject 5: off-diag range [-0.7590, 0.9384] → imputing diagonal in this range
2026-01-21 00:04:57,413 - __main__ - INFO -   Subject 6: off-diag range [-0.7407, 0.9210] → imputing diagonal in this range
2026-01-21 00:04:57,414 - __main__ - INFO -   Subject 7: off-diag range [-0.7300, 0.9279] → imputing diagonal in this range
2026-01-21 00:04:57,414 - __main__ - INFO -   Subject 8: off-diag range [-0.7998, 0.9247] → imputing diagonal in this range
2026-01-21 00:04:57,415 - __main__ - INFO -   Subject 9: off-diag range [-0.7622, 0.9452] → imputing diagonal in this range
2026-01-21 00:04:57,415 - __main__ - INFO -   Subject 10: off-diag range [-0.7522, 0.9103] → imputing diagonal in this range
2026-01-21 00:04:57,416 - __main__ - INFO -   Subject 11: off-diag range [-0.7297, 0.9172] → imputing diagonal in this range
2026-01-21 00:04:57,416 - __main__ - INFO -   Subject 12: off-diag range [-0.7977, 0.9230] → imputing diagonal in this range
2026-01-21 00:04:57,417 - __main__ - INFO -   Subject 13: off-diag range [-0.7742, 0.9160] → imputing diagonal in this range
2026-01-21 00:04:57,417 - __main__ - INFO -   Subject 14: off-diag range [-0.8482, 0.9173] → imputing diagonal in this range
2026-01-21 00:04:57,418 - __main__ - INFO -   Subject 15: off-diag range [-0.8066, 0.9556] → imputing diagonal in this range
2026-01-21 00:04:57,418 - __main__ - INFO -   Subject 16: off-diag range [-0.7915, 0.9200] → imputing diagonal in this range
2026-01-21 00:04:57,418 - __main__ - INFO -   Subject 17: off-diag range [-0.8614, 0.9345] → imputing diagonal in this range
2026-01-21 00:04:57,419 - __main__ - INFO -   Subject 18: off-diag range [-0.8189, 0.9413] → imputing diagonal in this range
2026-01-21 00:04:57,419 - __main__ - INFO -   Subject 19: off-diag range [-0.7923, 0.9313] → imputing diagonal in this range
2026-01-21 00:04:57,420 - __main__ - INFO -   Subject 20: off-diag range [-0.7696, 0.9574] → imputing diagonal in this range
2026-01-21 00:04:57,420 - __main__ - INFO -   Subject 21: off-diag range [-0.8107, 0.9454] → imputing diagonal in this range
2026-01-21 00:04:57,421 - __main__ - INFO -   Subject 22: off-diag range [-0.7468, 0.9392] → imputing diagonal in this range
2026-01-21 00:04:57,421 - __main__ - INFO -   Subject 23: off-diag range [-0.7801, 0.9106] → imputing diagonal in this range
2026-01-21 00:04:57,421 - __main__ - INFO -   Subject 24: off-diag range [-0.7903, 0.9175] → imputing diagonal in this range
2026-01-21 00:04:57,422 - __main__ - INFO -   Subject 25: off-diag range [-0.7612, 0.9538] → imputing diagonal in this range
2026-01-21 00:04:57,422 - __main__ - INFO -   Subject 26: off-diag range [-0.8210, 0.9449] → imputing diagonal in this range
2026-01-21 00:04:57,423 - __main__ - INFO -   Subject 27: off-diag range [-0.8218, 0.9574] → imputing diagonal in this range
2026-01-21 00:04:57,423 - __main__ - INFO -   Subject 28: off-diag range [-0.8637, 0.9525] → imputing diagonal in this range
2026-01-21 00:04:57,424 - __main__ - INFO -   Subject 29: off-diag range [-0.7770, 0.9197] → imputing diagonal in this range
2026-01-21 00:04:57,424 - __main__ - INFO -   Subject 30: off-diag range [-0.7625, 0.9105] → imputing diagonal in this range
2026-01-21 00:04:57,425 - __main__ - INFO -   Subject 31: off-diag range [-0.8482, 0.9581] → imputing diagonal in this range
2026-01-21 00:04:57,425 - __main__ - INFO -   Subject 32: off-diag range [-0.7424, 0.9480] → imputing diagonal in this range
2026-01-21 00:04:57,425 - __main__ - INFO -   Subject 33: off-diag range [-0.8163, 0.9250] → imputing diagonal in this range
2026-01-21 00:04:57,426 - __main__ - INFO -   Subject 34: off-diag range [-0.8060, 0.9162] → imputing diagonal in this range
2026-01-21 00:04:57,426 - __main__ - INFO -   Subject 35: off-diag range [-0.7434, 0.9202] → imputing diagonal in this range
2026-01-21 00:04:57,427 - __main__ - INFO -   Subject 36: off-diag range [-0.7998, 0.9229] → imputing diagonal in this range
2026-01-21 00:04:57,427 - __main__ - INFO -   Subject 37: off-diag range [-0.8239, 0.9461] → imputing diagonal in this range
2026-01-21 00:04:57,428 - __main__ - INFO -   Subject 38: off-diag range [-0.7781, 0.9343] → imputing diagonal in this range
2026-01-21 00:04:57,428 - __main__ - INFO -   Subject 39: off-diag range [-0.8349, 0.9247] → imputing diagonal in this range
2026-01-21 00:04:57,429 - __main__ - INFO -   Subject 40: off-diag range [-0.7486, 0.9115] → imputing diagonal in this range
2026-01-21 00:04:57,429 - __main__ - INFO -   Subject 41: off-diag range [-0.7360, 0.9466] → imputing diagonal in this range
2026-01-21 00:04:57,430 - __main__ - INFO -   Subject 42: off-diag range [-0.7875, 0.9318] → imputing diagonal in this range
2026-01-21 00:04:57,430 - __main__ - INFO -   Subject 43: off-diag range [-0.7757, 0.9211] → imputing diagonal in this range
2026-01-21 00:04:57,431 - __main__ - INFO -   Subject 44: off-diag range [-0.7979, 0.9099] → imputing diagonal in this range
2026-01-21 00:04:57,431 - __main__ - INFO -   Subject 45: off-diag range [-0.8119, 0.8930] → imputing diagonal in this range
2026-01-21 00:04:57,431 - __main__ - INFO -   Subject 46: off-diag range [-0.8193, 0.8993] → imputing diagonal in this range
2026-01-21 00:04:57,432 - __main__ - INFO -   Subject 47: off-diag range [-0.7677, 0.9345] → imputing diagonal in this range
2026-01-21 00:04:57,432 - __main__ - INFO -   Subject 48: off-diag range [-0.7491, 0.8858] → imputing diagonal in this range
2026-01-21 00:04:57,433 - __main__ - INFO -   Subject 49: off-diag range [-0.7589, 0.9024] → imputing diagonal in this range
2026-01-21 00:04:57,433 - __main__ - INFO -   Subject 50: off-diag range [-0.7878, 0.9073] → imputing diagonal in this range
2026-01-21 00:04:57,434 - __main__ - INFO -   Subject 51: off-diag range [-0.8000, 0.9114] → imputing diagonal in this range
2026-01-21 00:04:57,434 - __main__ - INFO -   Subject 52: off-diag range [-0.7776, 0.9438] → imputing diagonal in this range
2026-01-21 00:04:57,435 - __main__ - INFO -   Subject 53: off-diag range [-0.8549, 0.9451] → imputing diagonal in this range
2026-01-21 00:04:57,435 - __main__ - INFO -   Subject 54: off-diag range [-0.7129, 0.8857] → imputing diagonal in this range
2026-01-21 00:04:57,436 - __main__ - INFO -   Subject 55: off-diag range [-0.8392, 0.9237] → imputing diagonal in this range
2026-01-21 00:04:57,436 - __main__ - INFO -   Subject 56: off-diag range [-0.8177, 0.9464] → imputing diagonal in this range
2026-01-21 00:04:57,437 - __main__ - INFO -   Subject 57: off-diag range [-0.7406, 0.9548] → imputing diagonal in this range
2026-01-21 00:04:57,437 - __main__ - INFO -   Subject 58: off-diag range [-0.7566, 0.8881] → imputing diagonal in this range
2026-01-21 00:04:57,437 - __main__ - INFO -   Subject 59: off-diag range [-0.7664, 0.9178] → imputing diagonal in this range
2026-01-21 00:04:57,438 - __main__ - INFO -   Subject 60: off-diag range [-0.7453, 0.8901] → imputing diagonal in this range
2026-01-21 00:04:57,438 - __main__ - INFO -   Subject 61: off-diag range [-0.7874, 0.9253] → imputing diagonal in this range
2026-01-21 00:04:57,439 - __main__ - INFO -   Subject 62: off-diag range [-0.7000, 0.9373] → imputing diagonal in this range
2026-01-21 00:04:57,439 - __main__ - INFO -   Subject 63: off-diag range [-0.8094, 0.9254] → imputing diagonal in this range
2026-01-21 00:04:57,440 - __main__ - INFO -   Subject 64: off-diag range [-0.7315, 0.9438] → imputing diagonal in this range
2026-01-21 00:04:57,440 - __main__ - INFO -   Subject 65: off-diag range [-0.7564, 0.9151] → imputing diagonal in this range
2026-01-21 00:04:57,441 - __main__ - INFO -   Subject 66: off-diag range [-0.8177, 0.8958] → imputing diagonal in this range
2026-01-21 00:04:57,441 - __main__ - INFO -   Subject 67: off-diag range [-0.7896, 0.8886] → imputing diagonal in this range
2026-01-21 00:04:57,442 - __main__ - INFO -   Subject 68: off-diag range [-0.7777, 0.9137] → imputing diagonal in this range
2026-01-21 00:04:57,442 - __main__ - INFO -   Subject 69: off-diag range [-0.7501, 0.9154] → imputing diagonal in this range
2026-01-21 00:04:57,442 - __main__ - INFO -   Subject 70: off-diag range [-0.7465, 0.9285] → imputing diagonal in this range
2026-01-21 00:04:57,443 - __main__ - INFO -   Subject 71: off-diag range [-0.7248, 0.9352] → imputing diagonal in this range
2026-01-21 00:04:57,443 - __main__ - INFO -   Subject 72: off-diag range [-0.6997, 0.9096] → imputing diagonal in this range
2026-01-21 00:04:57,444 - __main__ - INFO -   Subject 73: off-diag range [-0.7851, 0.9054] → imputing diagonal in this range
2026-01-21 00:04:57,444 - __main__ - INFO -   Subject 74: off-diag range [-0.7307, 0.9240] → imputing diagonal in this range
2026-01-21 00:04:57,445 - __main__ - INFO -   Subject 75: off-diag range [-0.7374, 0.9289] → imputing diagonal in this range
2026-01-21 00:04:57,445 - __main__ - INFO -   Subject 76: off-diag range [-0.8394, 0.9048] → imputing diagonal in this range
2026-01-21 00:04:57,446 - __main__ - INFO -   Subject 77: off-diag range [-0.7252, 0.9252] → imputing diagonal in this range
2026-01-21 00:04:57,446 - __main__ - INFO -   Subject 78: off-diag range [-0.8078, 0.9040] → imputing diagonal in this range
2026-01-21 00:04:57,447 - __main__ - INFO -   Subject 79: off-diag range [-0.7305, 0.9574] → imputing diagonal in this range
2026-01-21 00:04:57,447 - __main__ - INFO -   Subject 80: off-diag range [-0.7656, 0.9190] → imputing diagonal in this range
2026-01-21 00:04:57,447 - __main__ - INFO -   Subject 81: off-diag range [-0.8068, 0.9211] → imputing diagonal in this range
2026-01-21 00:04:57,448 - __main__ - INFO -   Subject 82: off-diag range [-0.8027, 0.9437] → imputing diagonal in this range
2026-01-21 00:04:57,448 - __main__ - INFO -   Subject 83: off-diag range [-0.7488, 0.9496] → imputing diagonal in this range
2026-01-21 00:04:57,449 - __main__ - INFO -   Subject 84: off-diag range [-0.7699, 0.9334] → imputing diagonal in this range
2026-01-21 00:04:57,449 - __main__ - INFO -   Subject 85: off-diag range [-0.7812, 0.9061] → imputing diagonal in this range
2026-01-21 00:04:57,450 - __main__ - INFO -   Subject 86: off-diag range [-0.7439, 0.9118] → imputing diagonal in this range
2026-01-21 00:04:57,450 - __main__ - INFO -   Subject 87: off-diag range [-0.8104, 0.9546] → imputing diagonal in this range
2026-01-21 00:04:57,451 - __main__ - INFO -   Subject 88: off-diag range [-0.7467, 0.9475] → imputing diagonal in this range
2026-01-21 00:04:57,451 - __main__ - INFO -   Subject 89: off-diag range [-0.7231, 0.9423] → imputing diagonal in this range
2026-01-21 00:04:57,452 - __main__ - INFO -   Subject 90: off-diag range [-0.8638, 0.9536] → imputing diagonal in this range
2026-01-21 00:04:57,452 - __main__ - INFO -   Subject 91: off-diag range [-0.8309, 0.9407] → imputing diagonal in this range
2026-01-21 00:04:57,453 - __main__ - INFO -   Subject 92: off-diag range [-0.7148, 0.9250] → imputing diagonal in this range
2026-01-21 00:04:57,453 - __main__ - INFO -   Subject 93: off-diag range [-0.8284, 0.9410] → imputing diagonal in this range
2026-01-21 00:04:57,454 - __main__ - INFO -   Subject 94: off-diag range [-0.7552, 0.9335] → imputing diagonal in this range
2026-01-21 00:04:57,454 - __main__ - INFO -   Subject 95: off-diag range [-0.8214, 0.9487] → imputing diagonal in this range
2026-01-21 00:04:57,455 - __main__ - INFO -   Subject 96: off-diag range [-0.7996, 0.9151] → imputing diagonal in this range
2026-01-21 00:04:57,455 - __main__ - INFO -   Subject 97: off-diag range [-0.8204, 0.9181] → imputing diagonal in this range
2026-01-21 00:04:57,456 - __main__ - INFO -   Subject 98: off-diag range [-0.8162, 0.9293] → imputing diagonal in this range
2026-01-21 00:04:57,456 - __main__ - INFO -   Subject 99: off-diag range [-0.6834, 0.9424] → imputing diagonal in this range
2026-01-21 00:04:57,457 - __main__ - INFO -   Subject 100: off-diag range [-0.8019, 0.9371] → imputing diagonal in this range
2026-01-21 00:04:57,457 - __main__ - INFO -   Subject 101: off-diag range [-0.8216, 0.9321] → imputing diagonal in this range
2026-01-21 00:04:57,458 - __main__ - INFO -   Subject 102: off-diag range [-0.7751, 0.9238] → imputing diagonal in this range
2026-01-21 00:04:57,458 - __main__ - INFO -   Subject 103: off-diag range [-0.7529, 0.9158] → imputing diagonal in this range
2026-01-21 00:04:57,459 - __main__ - INFO -   Subject 104: off-diag range [-0.7765, 0.9580] → imputing diagonal in this range
2026-01-21 00:04:57,459 - __main__ - INFO -   Subject 105: off-diag range [-0.7097, 0.9333] → imputing diagonal in this range
2026-01-21 00:04:57,459 - __main__ - INFO -   Subject 106: off-diag range [-0.8128, 0.9252] → imputing diagonal in this range
2026-01-21 00:04:57,460 - __main__ - INFO -   Subject 107: off-diag range [-0.8058, 0.9538] → imputing diagonal in this range
2026-01-21 00:04:57,460 - __main__ - INFO -   Subject 108: off-diag range [-0.7950, 0.9481] → imputing diagonal in this range
2026-01-21 00:04:57,461 - __main__ - INFO -   Subject 109: off-diag range [-0.8202, 0.9370] → imputing diagonal in this range
2026-01-21 00:04:57,461 - __main__ - INFO -   Subject 110: off-diag range [-0.7685, 0.8994] → imputing diagonal in this range
2026-01-21 00:04:57,462 - __main__ - INFO -   Subject 111: off-diag range [-0.7984, 0.9123] → imputing diagonal in this range
2026-01-21 00:04:57,462 - __main__ - INFO -   Subject 112: off-diag range [-0.7830, 0.9491] → imputing diagonal in this range
2026-01-21 00:04:57,463 - __main__ - INFO -   Subject 113: off-diag range [-0.7432, 0.9314] → imputing diagonal in this range
2026-01-21 00:04:57,463 - __main__ - INFO -   Subject 114: off-diag range [-0.7711, 0.9252] → imputing diagonal in this range
2026-01-21 00:04:57,464 - __main__ - INFO -   Subject 115: off-diag range [-0.7646, 0.9402] → imputing diagonal in this range
2026-01-21 00:04:57,464 - __main__ - INFO -   Subject 116: off-diag range [-0.7699, 0.9458] → imputing diagonal in this range
2026-01-21 00:04:57,465 - __main__ - INFO -   Subject 117: off-diag range [-0.8218, 0.9336] → imputing diagonal in this range
2026-01-21 00:04:57,465 - __main__ - INFO -   Subject 118: off-diag range [-0.7979, 0.9475] → imputing diagonal in this range
2026-01-21 00:04:57,465 - __main__ - INFO -   Subject 119: off-diag range [-0.6881, 0.9280] → imputing diagonal in this range
2026-01-21 00:04:57,466 - __main__ - INFO -   Subject 120: off-diag range [-0.8028, 0.9130] → imputing diagonal in this range
2026-01-21 00:04:57,466 - __main__ - INFO -   Subject 121: off-diag range [-0.7374, 0.9157] → imputing diagonal in this range
2026-01-21 00:04:57,467 - __main__ - INFO -   Subject 122: off-diag range [-0.7672, 0.9081] → imputing diagonal in this range
2026-01-21 00:04:57,467 - __main__ - INFO -   Subject 123: off-diag range [-0.7700, 0.9242] → imputing diagonal in this range
2026-01-21 00:04:57,468 - __main__ - INFO -   Subject 124: off-diag range [-0.7587, 0.9212] → imputing diagonal in this range
2026-01-21 00:04:57,468 - __main__ - INFO -   Subject 125: off-diag range [-0.7983, 0.9307] → imputing diagonal in this range
2026-01-21 00:04:57,469 - __main__ - INFO -   Subject 126: off-diag range [-0.7935, 0.9194] → imputing diagonal in this range
2026-01-21 00:04:57,469 - __main__ - INFO -   Subject 127: off-diag range [-0.7880, 0.9443] → imputing diagonal in this range
2026-01-21 00:04:57,470 - __main__ - INFO -   Subject 128: off-diag range [-0.7445, 0.9238] → imputing diagonal in this range
2026-01-21 00:04:57,470 - __main__ - INFO -   Subject 129: off-diag range [-0.7911, 0.9140] → imputing diagonal in this range
2026-01-21 00:04:57,471 - __main__ - INFO -   Subject 130: off-diag range [-0.7972, 0.9026] → imputing diagonal in this range
2026-01-21 00:04:57,471 - __main__ - INFO -   Subject 131: off-diag range [-0.8061, 0.9373] → imputing diagonal in this range
2026-01-21 00:04:57,472 - __main__ - INFO -   Subject 132: off-diag range [-0.7736, 0.9331] → imputing diagonal in this range
2026-01-21 00:04:57,472 - __main__ - INFO -   Subject 133: off-diag range [-0.7420, 0.9065] → imputing diagonal in this range
2026-01-21 00:04:57,472 - __main__ - INFO -   Subject 134: off-diag range [-0.7523, 0.9254] → imputing diagonal in this range
2026-01-21 00:04:57,473 - __main__ - INFO -   Subject 135: off-diag range [-0.7944, 0.9221] → imputing diagonal in this range
2026-01-21 00:04:57,473 - __main__ - INFO -   Subject 136: off-diag range [-0.7516, 0.9077] → imputing diagonal in this range
2026-01-21 00:04:57,474 - __main__ - INFO -   Subject 137: off-diag range [-0.7257, 0.9222] → imputing diagonal in this range
2026-01-21 00:04:57,474 - __main__ - INFO -   Subject 138: off-diag range [-0.7612, 0.9583] → imputing diagonal in this range
2026-01-21 00:04:57,475 - __main__ - INFO -   Subject 139: off-diag range [-0.8376, 0.9221] → imputing diagonal in this range
2026-01-21 00:04:57,475 - __main__ - INFO -   Subject 140: off-diag range [-0.8370, 0.9325] → imputing diagonal in this range
2026-01-21 00:04:57,476 - __main__ - INFO -   Subject 141: off-diag range [-0.7652, 0.9147] → imputing diagonal in this range
2026-01-21 00:04:57,476 - __main__ - INFO -   Subject 142: off-diag range [-0.7930, 0.9364] → imputing diagonal in this range
2026-01-21 00:04:57,477 - __main__ - INFO -   Subject 143: off-diag range [-0.7773, 0.8802] → imputing diagonal in this range
2026-01-21 00:04:57,477 - __main__ - INFO -   Subject 144: off-diag range [-0.7532, 0.9227] → imputing diagonal in this range
2026-01-21 00:04:57,478 - __main__ - INFO -   Subject 145: off-diag range [-0.7884, 0.9269] → imputing diagonal in this range
2026-01-21 00:04:57,478 - __main__ - INFO -   Subject 146: off-diag range [-0.7952, 0.9241] → imputing diagonal in this range
2026-01-21 00:04:57,478 - __main__ - INFO -   Subject 147: off-diag range [-0.7760, 0.9225] → imputing diagonal in this range
2026-01-21 00:04:57,479 - __main__ - INFO -   Subject 148: off-diag range [-0.7783, 0.9233] → imputing diagonal in this range
2026-01-21 00:04:57,480 - __main__ - INFO -   New diagonal: [-0.8636, 0.9579], mean=0.0738
2026-01-21 00:04:57,480 - __main__ - INFO - 
Applying diagonal imputation: random with seed 2042
2026-01-21 00:04:57,484 - __main__ - INFO -   Original diagonal: [1.0000, 1.0000], mean=1.0000
2026-01-21 00:04:57,485 - __main__ - INFO -   Subject 0: off-diag range [-0.8006, 0.9038] → imputing diagonal in this range
2026-01-21 00:04:57,485 - __main__ - INFO -   Subject 1: off-diag range [-0.8307, 0.9186] → imputing diagonal in this range
2026-01-21 00:04:57,486 - __main__ - INFO -   Subject 2: off-diag range [-0.7281, 0.9364] → imputing diagonal in this range
2026-01-21 00:04:57,486 - __main__ - INFO -   Subject 3: off-diag range [-0.6895, 0.9073] → imputing diagonal in this range
2026-01-21 00:04:57,487 - __main__ - INFO -   Subject 4: off-diag range [-0.8152, 0.9031] → imputing diagonal in this range
2026-01-21 00:04:57,487 - __main__ - INFO -   Subject 5: off-diag range [-0.7809, 0.9288] → imputing diagonal in this range
2026-01-21 00:04:57,488 - __main__ - INFO -   Subject 6: off-diag range [-0.7760, 0.9289] → imputing diagonal in this range
2026-01-21 00:04:57,488 - __main__ - INFO -   Subject 7: off-diag range [-0.7403, 0.9384] → imputing diagonal in this range
2026-01-21 00:04:57,489 - __main__ - INFO -   Subject 8: off-diag range [-0.7360, 0.9122] → imputing diagonal in this range
2026-01-21 00:04:57,489 - __main__ - INFO -   Subject 9: off-diag range [-0.8499, 0.8974] → imputing diagonal in this range
2026-01-21 00:04:57,490 - __main__ - INFO -   Subject 10: off-diag range [-0.7710, 0.9520] → imputing diagonal in this range
2026-01-21 00:04:57,490 - __main__ - INFO -   Subject 11: off-diag range [-0.7123, 0.9427] → imputing diagonal in this range
2026-01-21 00:04:57,491 - __main__ - INFO -   Subject 12: off-diag range [-0.8461, 0.9476] → imputing diagonal in this range
2026-01-21 00:04:57,491 - __main__ - INFO -   Subject 13: off-diag range [-0.7832, 0.9492] → imputing diagonal in this range
2026-01-21 00:04:57,491 - __main__ - INFO -   Subject 14: off-diag range [-0.6401, 0.9578] → imputing diagonal in this range
2026-01-21 00:04:57,492 - __main__ - INFO -   Subject 15: off-diag range [-0.7501, 0.9157] → imputing diagonal in this range
2026-01-21 00:04:57,492 - __main__ - INFO -   Subject 16: off-diag range [-0.7203, 0.8705] → imputing diagonal in this range
2026-01-21 00:04:57,493 - __main__ - INFO -   Subject 17: off-diag range [-0.7552, 0.9566] → imputing diagonal in this range
2026-01-21 00:04:57,493 - __main__ - INFO -   Subject 18: off-diag range [-0.7347, 0.9213] → imputing diagonal in this range
2026-01-21 00:04:57,494 - __main__ - INFO -   Subject 19: off-diag range [-0.7237, 0.8829] → imputing diagonal in this range
2026-01-21 00:04:57,494 - __main__ - INFO -   Subject 20: off-diag range [-0.7354, 0.8869] → imputing diagonal in this range
2026-01-21 00:04:57,495 - __main__ - INFO -   Subject 21: off-diag range [-0.8490, 0.9308] → imputing diagonal in this range
2026-01-21 00:04:57,495 - __main__ - INFO -   Subject 22: off-diag range [-0.8850, 0.9395] → imputing diagonal in this range
2026-01-21 00:04:57,496 - __main__ - INFO -   Subject 23: off-diag range [-0.8151, 0.9495] → imputing diagonal in this range
2026-01-21 00:04:57,496 - __main__ - INFO -   Subject 24: off-diag range [-0.8294, 0.9371] → imputing diagonal in this range
2026-01-21 00:04:57,497 - __main__ - INFO -   Subject 25: off-diag range [-0.7714, 0.9176] → imputing diagonal in this range
2026-01-21 00:04:57,497 - __main__ - INFO -   Subject 26: off-diag range [-0.7837, 0.9332] → imputing diagonal in this range
2026-01-21 00:04:57,497 - __main__ - INFO -   Subject 27: off-diag range [-0.7549, 0.9428] → imputing diagonal in this range
2026-01-21 00:04:57,498 - __main__ - INFO -   Subject 28: off-diag range [-0.7368, 0.9132] → imputing diagonal in this range
2026-01-21 00:04:57,498 - __main__ - INFO -   Subject 29: off-diag range [-0.8045, 0.9146] → imputing diagonal in this range
2026-01-21 00:04:57,499 - __main__ - INFO -   Subject 30: off-diag range [-0.7737, 0.9674] → imputing diagonal in this range
2026-01-21 00:04:57,499 - __main__ - INFO -   Subject 31: off-diag range [-0.7457, 0.9450] → imputing diagonal in this range
2026-01-21 00:04:57,500 - __main__ - INFO -   Subject 32: off-diag range [-0.7488, 0.9017] → imputing diagonal in this range
2026-01-21 00:04:57,500 - __main__ - INFO -   Subject 33: off-diag range [-0.7803, 0.9126] → imputing diagonal in this range
2026-01-21 00:04:57,501 - __main__ - INFO -   Subject 34: off-diag range [-0.8076, 0.9407] → imputing diagonal in this range
2026-01-21 00:04:57,501 - __main__ - INFO -   Subject 35: off-diag range [-0.7913, 0.8715] → imputing diagonal in this range
2026-01-21 00:04:57,502 - __main__ - INFO -   Subject 36: off-diag range [-0.7893, 0.9034] → imputing diagonal in this range
2026-01-21 00:04:57,502 - __main__ - INFO -   Subject 37: off-diag range [-0.8476, 0.9206] → imputing diagonal in this range
2026-01-21 00:04:57,502 - __main__ - INFO -   Subject 38: off-diag range [-0.7968, 0.9160] → imputing diagonal in this range
2026-01-21 00:04:57,503 - __main__ - INFO -   Subject 39: off-diag range [-0.8436, 0.9347] → imputing diagonal in this range
2026-01-21 00:04:57,503 - __main__ - INFO -   Subject 40: off-diag range [-0.8225, 0.9402] → imputing diagonal in this range
2026-01-21 00:04:57,504 - __main__ - INFO -   Subject 41: off-diag range [-0.7526, 0.9042] → imputing diagonal in this range
2026-01-21 00:04:57,504 - __main__ - INFO -   Subject 42: off-diag range [-0.7963, 0.9470] → imputing diagonal in this range
2026-01-21 00:04:57,505 - __main__ - INFO -   Subject 43: off-diag range [-0.7138, 0.9177] → imputing diagonal in this range
2026-01-21 00:04:57,505 - __main__ - INFO -   Subject 44: off-diag range [-0.7478, 0.9361] → imputing diagonal in this range
2026-01-21 00:04:57,506 - __main__ - INFO -   Subject 45: off-diag range [-0.7717, 0.9331] → imputing diagonal in this range
2026-01-21 00:04:57,506 - __main__ - INFO -   Subject 46: off-diag range [-0.8484, 0.9379] → imputing diagonal in this range
2026-01-21 00:04:57,507 - __main__ - INFO -   Subject 47: off-diag range [-0.7506, 0.9546] → imputing diagonal in this range
2026-01-21 00:04:57,507 - __main__ - INFO -   Subject 48: off-diag range [-0.7587, 0.9329] → imputing diagonal in this range
2026-01-21 00:04:57,508 - __main__ - INFO -   Subject 49: off-diag range [-0.8249, 0.9303] → imputing diagonal in this range
2026-01-21 00:04:57,508 - __main__ - INFO -   Subject 50: off-diag range [-0.8054, 0.9214] → imputing diagonal in this range
2026-01-21 00:04:57,509 - __main__ - INFO -   Subject 51: off-diag range [-0.8138, 0.8918] → imputing diagonal in this range
2026-01-21 00:04:57,509 - __main__ - INFO -   Subject 52: off-diag range [-0.6276, 0.8795] → imputing diagonal in this range
2026-01-21 00:04:57,510 - __main__ - INFO -   Subject 53: off-diag range [-0.7462, 0.9156] → imputing diagonal in this range
2026-01-21 00:04:57,510 - __main__ - INFO -   Subject 54: off-diag range [-0.7743, 0.9335] → imputing diagonal in this range
2026-01-21 00:04:57,511 - __main__ - INFO -   Subject 55: off-diag range [-0.7744, 0.9091] → imputing diagonal in this range
2026-01-21 00:04:57,511 - __main__ - INFO -   Subject 56: off-diag range [-0.7344, 0.9426] → imputing diagonal in this range
2026-01-21 00:04:57,512 - __main__ - INFO -   Subject 57: off-diag range [-0.7793, 0.9118] → imputing diagonal in this range
2026-01-21 00:04:57,512 - __main__ - INFO -   Subject 58: off-diag range [-0.7652, 0.9412] → imputing diagonal in this range
2026-01-21 00:04:57,513 - __main__ - INFO -   Subject 59: off-diag range [-0.7535, 0.9520] → imputing diagonal in this range
2026-01-21 00:04:57,513 - __main__ - INFO -   Subject 60: off-diag range [-0.6996, 0.9117] → imputing diagonal in this range
2026-01-21 00:04:57,514 - __main__ - INFO -   Subject 61: off-diag range [-0.7331, 0.9605] → imputing diagonal in this range
2026-01-21 00:04:57,514 - __main__ - INFO -   Subject 62: off-diag range [-0.8453, 0.9231] → imputing diagonal in this range
2026-01-21 00:04:57,515 - __main__ - INFO -   Subject 63: off-diag range [-0.7508, 0.9533] → imputing diagonal in this range
2026-01-21 00:04:57,515 - __main__ - INFO -   Subject 64: off-diag range [-0.8267, 0.9191] → imputing diagonal in this range
2026-01-21 00:04:57,516 - __main__ - INFO -   Subject 65: off-diag range [-0.7442, 0.9046] → imputing diagonal in this range
2026-01-21 00:04:57,516 - __main__ - INFO -   Subject 66: off-diag range [-0.8126, 0.9303] → imputing diagonal in this range
2026-01-21 00:04:57,517 - __main__ - INFO -   Subject 67: off-diag range [-0.7866, 0.9444] → imputing diagonal in this range
2026-01-21 00:04:57,517 - __main__ - INFO -   Subject 68: off-diag range [-0.7354, 0.9371] → imputing diagonal in this range
2026-01-21 00:04:57,517 - __main__ - INFO -   Subject 69: off-diag range [-0.7407, 0.9392] → imputing diagonal in this range
2026-01-21 00:04:57,518 - __main__ - INFO -   Subject 70: off-diag range [-0.7546, 0.9526] → imputing diagonal in this range
2026-01-21 00:04:57,518 - __main__ - INFO -   Subject 71: off-diag range [-0.8125, 0.9218] → imputing diagonal in this range
2026-01-21 00:04:57,519 - __main__ - INFO -   Subject 72: off-diag range [-0.7394, 0.9428] → imputing diagonal in this range
2026-01-21 00:04:57,519 - __main__ - INFO -   Subject 73: off-diag range [-0.8042, 0.8891] → imputing diagonal in this range
2026-01-21 00:04:57,520 - __main__ - INFO -   Subject 74: off-diag range [-0.7434, 0.9542] → imputing diagonal in this range
2026-01-21 00:04:57,520 - __main__ - INFO -   New diagonal: [-0.8708, 0.9585], mean=0.0804
2026-01-21 00:04:57,521 - __main__ - INFO - 
Applying Fisher Z-transformation...
2026-01-21 00:04:57,698 - __main__ - INFO -   Range: [-1.3082, 1.9245], mean=0.0204, std=0.2931
2026-01-21 00:04:57,699 - __main__ - INFO - 
Applying Fisher Z-transformation...
2026-01-21 00:04:57,785 - __main__ - INFO -   Range: [-1.3984, 2.0494], mean=0.0216, std=0.2953
2026-01-21 00:04:57,786 - __main__ - INFO -   Train: 149 subjects
2026-01-21 00:04:57,786 - __main__ - INFO -   Test:  75 subjects
2026-01-21 00:04:57,786 - __main__ - INFO -   Scaling: Train (34568, 232), Test (17400, 232)
2026-01-21 00:04:57,854 - __main__ - INFO -   Train mean=0.0000, Test mean=0.0042
2026-01-21 00:04:57,854 - __main__ - INFO -   Training 232 OvR classifiers...
2026-01-21 00:10:48,982 - __main__ - INFO - ================================================================================
2026-01-21 00:10:48,983 - __main__ - INFO - CONFIGURATION
2026-01-21 00:10:48,983 - __main__ - INFO - ================================================================================
2026-01-21 00:10:48,983 - __main__ - INFO -   Rest data: /home/sjoon/projects/brain_connectivity_classifier/data/raw/PIOP2_restingstate.csv
2026-01-21 00:10:48,983 - __main__ - INFO -   Task data: /home/sjoon/projects/brain_connectivity_classifier/data/raw/PIOP1_gstroop.csv
2026-01-21 00:10:48,983 - __main__ - INFO -   Output dir: /home/sjoon/projects/brain_connectivity_classifier/data/results/full_connectivity_analysis
2026-01-21 00:10:48,983 - __main__ - INFO -   Diagonal strategy: random
2026-01-21 00:10:48,984 - __main__ - INFO -   N folds: 3
2026-01-21 00:10:48,984 - __main__ - INFO -   Tune hyperparams: False
2026-01-21 00:10:48,984 - __main__ - INFO -   Test on task: True
2026-01-21 00:10:48,985 - __main__ - INFO -   N jobs: -1
2026-01-21 00:10:48,985 - __main__ - INFO -   Optuna N jobs: 32
2026-01-21 00:10:48,985 - __main__ - INFO - ================================================================================

2026-01-21 00:10:48,985 - __main__ - INFO - 
================================================================================
2026-01-21 00:10:48,985 - __main__ - INFO - TRAINING FULL CONNECTIVITY - ONE-VS-REST
2026-01-21 00:10:48,986 - __main__ - INFO - ================================================================================

2026-01-21 00:10:48,986 - __main__ - INFO - Loading resting-state data...
2026-01-21 00:10:53,468 - __main__ - INFO - 
Clipping off-diagonal values to [-0.999, 0.999]
2026-01-21 00:10:53,492 - __main__ - INFO - Data: 224 subjects, 232 regions
2026-01-21 00:10:53,492 - __main__ - INFO - Diagonal strategy: random
2026-01-21 00:10:53,493 - __main__ - INFO - 
Using hyperparameters for CV: C=1.000000, lbfgs, max_iter=1000
2026-01-21 00:10:53,493 - __main__ - INFO - 
================================================================================
2026-01-21 00:10:53,493 - __main__ - INFO - CROSS-VALIDATION (3 folds)
2026-01-21 00:10:53,493 - __main__ - INFO - ================================================================================
2026-01-21 00:10:53,509 - __main__ - INFO - 
================================================================================
2026-01-21 00:10:53,509 - __main__ - INFO - Fold 1/3
2026-01-21 00:10:53,509 - __main__ - INFO - ================================================================================
2026-01-21 00:10:53,546 - __main__ - INFO -   Random imputation seeds: train=1042, test=2042
2026-01-21 00:10:53,547 - __main__ - INFO - 
Applying diagonal imputation: random with seed 1042
2026-01-21 00:10:53,554 - __main__ - INFO -   Original diagonal: [1.0000, 1.0000], mean=1.0000
2026-01-21 00:10:53,611 - __main__ - INFO -   New diagonal: [-0.8636, 0.9579], mean=0.0738
2026-01-21 00:10:53,612 - __main__ - INFO - 
Applying diagonal imputation: random with seed 2042
2026-01-21 00:10:53,617 - __main__ - INFO -   Original diagonal: [1.0000, 1.0000], mean=1.0000
2026-01-21 00:10:53,645 - __main__ - INFO -   New diagonal: [-0.8708, 0.9585], mean=0.0804
2026-01-21 00:10:53,646 - __main__ - INFO - 
Applying Fisher Z-transformation...
2026-01-21 00:10:53,821 - __main__ - INFO -   Range: [-1.3082, 1.9245], mean=0.0204, std=0.2931
2026-01-21 00:10:53,822 - __main__ - INFO - 
Applying Fisher Z-transformation...
2026-01-21 00:10:53,908 - __main__ - INFO -   Range: [-1.3984, 2.0494], mean=0.0216, std=0.2953
2026-01-21 00:10:53,909 - __main__ - INFO -   Train: 149 subjects
2026-01-21 00:10:53,909 - __main__ - INFO -   Test:  75 subjects
2026-01-21 00:10:53,909 - __main__ - INFO -   Scaling: Train (34568, 232), Test (17400, 232)
2026-01-21 00:10:53,976 - __main__ - INFO -   Train mean=0.0000, Test mean=0.0042
2026-01-21 00:10:53,977 - __main__ - INFO -   Training 232 OvR classifiers...
2026-01-21 00:52:33,379 - __main__ - INFO -   ✓ Fold 1: Acc=0.6959, Time=2469.39s
2026-01-21 00:52:33,383 - __main__ - INFO - 
================================================================================
2026-01-21 00:52:33,383 - __main__ - INFO - Fold 2/3
2026-01-21 00:52:33,383 - __main__ - INFO - ================================================================================
2026-01-21 00:52:35,720 - __main__ - INFO -   Random imputation seeds: train=2042, test=3042
2026-01-21 00:52:35,720 - __main__ - INFO - 
Applying diagonal imputation: random with seed 2042
2026-01-21 00:52:36,733 - __main__ - INFO -   Original diagonal: [1.0000, 1.0000], mean=1.0000
2026-01-21 00:52:36,827 - __main__ - INFO -   New diagonal: [-0.8848, 0.9673], mean=0.0779
2026-01-21 00:52:36,829 - __main__ - INFO - 
Applying diagonal imputation: random with seed 3042
2026-01-21 00:52:36,838 - __main__ - INFO -   Original diagonal: [1.0000, 1.0000], mean=1.0000
2026-01-21 00:52:36,868 - __main__ - INFO -   New diagonal: [-0.8569, 0.9499], mean=0.0811
2026-01-21 00:52:36,868 - __main__ - INFO - 
Applying Fisher Z-transformation...
2026-01-21 00:52:39,995 - __main__ - INFO -   Range: [-1.3984, 2.0494], mean=0.0206, std=0.2932
2026-01-21 00:52:39,995 - __main__ - INFO - 
Applying Fisher Z-transformation...
2026-01-21 00:52:40,632 - __main__ - INFO -   Range: [-1.3082, 1.9245], mean=0.0212, std=0.2952
2026-01-21 00:52:40,633 - __main__ - INFO -   Train: 149 subjects
2026-01-21 00:52:40,633 - __main__ - INFO -   Test:  75 subjects
2026-01-21 00:52:40,633 - __main__ - INFO -   Scaling: Train (34568, 232), Test (17400, 232)
2026-01-21 00:52:40,825 - __main__ - INFO -   Train mean=0.0000, Test mean=0.0016
2026-01-21 00:52:40,825 - __main__ - INFO -   Training 232 OvR classifiers...
2026-01-21 01:20:43,776 - __main__ - INFO -   ✓ Fold 2: Acc=0.6666, Time=1652.15s
2026-01-21 01:20:43,779 - __main__ - INFO - 
================================================================================
2026-01-21 01:20:43,779 - __main__ - INFO - Fold 3/3
2026-01-21 01:20:43,779 - __main__ - INFO - ================================================================================
2026-01-21 01:20:45,243 - __main__ - INFO -   Random imputation seeds: train=3042, test=4042
2026-01-21 01:20:45,243 - __main__ - INFO - 
Applying diagonal imputation: random with seed 3042
2026-01-21 01:20:46,386 - __main__ - INFO -   Original diagonal: [1.0000, 1.0000], mean=1.0000
2026-01-21 01:20:46,461 - __main__ - INFO -   New diagonal: [-0.8780, 0.9662], mean=0.0814
2026-01-21 01:20:46,462 - __main__ - INFO - 
Applying diagonal imputation: random with seed 4042
2026-01-21 01:20:46,473 - __main__ - INFO -   Original diagonal: [1.0000, 1.0000], mean=1.0000
2026-01-21 01:20:46,504 - __main__ - INFO -   New diagonal: [-0.8583, 0.9546], mean=0.0779
2026-01-21 01:20:46,504 - __main__ - INFO - 
Applying Fisher Z-transformation...
2026-01-21 01:20:49,861 - __main__ - INFO -   Range: [-1.3984, 2.0494], mean=0.0214, std=0.2952
2026-01-21 01:20:49,862 - __main__ - INFO - 
Applying Fisher Z-transformation...
2026-01-21 01:20:50,300 - __main__ - INFO -   Range: [-1.2988, 1.9220], mean=0.0197, std=0.2911
2026-01-21 01:20:50,301 - __main__ - INFO -   Train: 150 subjects
2026-01-21 01:20:50,301 - __main__ - INFO -   Test:  74 subjects
2026-01-21 01:20:50,301 - __main__ - INFO -   Scaling: Train (34800, 232), Test (17168, 232)
2026-01-21 01:20:52,474 - __main__ - INFO -   Train mean=0.0000, Test mean=-0.0057
2026-01-21 01:20:52,474 - __main__ - INFO -   Training 232 OvR classifiers...
2026-01-21 02:03:39,777 - __main__ - INFO -   ✓ Fold 3: Acc=0.6782, Time=2537.70s
2026-01-21 02:03:39,778 - __main__ - INFO - 
================================================================================
2026-01-21 02:03:39,778 - __main__ - INFO - Cross-validation completed in 6766.28s
2026-01-21 02:03:39,779 - __main__ - INFO - ================================================================================
2026-01-21 02:03:43,103 - __main__ - INFO - 
================================================================================
2026-01-21 02:03:43,103 - __main__ - INFO - CROSS-VALIDATION RESULTS
2026-01-21 02:03:43,103 - __main__ - INFO - ================================================================================
2026-01-21 02:03:43,103 - __main__ - INFO -   Overall Accuracy: 0.6802
2026-01-21 02:03:43,103 - __main__ - INFO -   Top-3 Accuracy:   0.8050
2026-01-21 02:03:43,103 - __main__ - INFO -   Top-5 Accuracy:   0.8526
2026-01-21 02:03:43,104 - __main__ - INFO -   Top-10 Accuracy:  0.9061
2026-01-21 02:03:43,104 - __main__ - INFO - ================================================================================
2026-01-21 02:03:43,104 - __main__ - INFO - 
Saving cross-validation results...
2026-01-21 02:03:43,421 - __main__ - INFO -   Saved to: /home/sjoon/projects/brain_connectivity_classifier/data/results/full_connectivity_analysis/one_vs_rest
2026-01-21 02:03:43,421 - __main__ - INFO - 
================================================================================
2026-01-21 02:03:43,421 - __main__ - INFO - TESTING ON TASK DATA (GENDER STROOP)
2026-01-21 02:03:43,422 - __main__ - INFO - ================================================================================
2026-01-21 02:03:43,422 - __main__ - INFO - Training 232 OvR classifiers on ALL rest data
2026-01-21 02:03:43,422 - __main__ - INFO - Hyperparameters: C=1.0000, lbfgs, max_iter=1000
2026-01-21 02:03:43,422 - __main__ - INFO - Diagonal strategy: random

2026-01-21 02:03:43,422 - __main__ - INFO - Loading task data...
2026-01-21 02:03:45,635 - __main__ - INFO -   Task: 200 subjects
2026-01-21 02:03:48,013 - __main__ - INFO - 
Clipping task data off-diagonal values to [-0.999, 0.999]
2026-01-21 02:03:48,051 - __main__ - INFO - 
================================================================================
2026-01-21 02:03:48,051 - __main__ - INFO - PROCESSING REST DATA (TRAINING)
2026-01-21 02:03:48,051 - __main__ - INFO - ================================================================================
2026-01-21 02:03:48,755 - __main__ - INFO - Using RANDOM diagonal imputation with fixed seed for rest data
2026-01-21 02:03:48,755 - __main__ - INFO - 
Applying diagonal imputation: random with seed 42
2026-01-21 02:03:50,197 - __main__ - INFO -   Original diagonal: [1.0000, 1.0000], mean=1.0000
2026-01-21 02:03:50,306 - __main__ - INFO -   New diagonal: [-0.8829, 0.9635], mean=0.0757
2026-01-21 02:03:50,307 - __main__ - INFO - 
Applying Fisher Z-transformation...
2026-01-21 02:03:55,962 - __main__ - INFO -   Range: [-1.3984, 2.0494], mean=0.0208, std=0.2938
2026-01-21 02:03:55,963 - __main__ - INFO - 
================================================================================
2026-01-21 02:03:55,963 - __main__ - INFO - PROCESSING TASK DATA (TESTING)
2026-01-21 02:03:55,964 - __main__ - INFO - ================================================================================
2026-01-21 02:03:57,610 - __main__ - INFO - Using RANDOM diagonal imputation with different seed for task data
2026-01-21 02:03:57,610 - __main__ - INFO - 
Applying diagonal imputation: random with seed 10041
2026-01-21 02:03:57,622 - __main__ - INFO -   Original diagonal: [1.0000, 1.0000], mean=1.0000
2026-01-21 02:03:57,699 - __main__ - INFO -   New diagonal: [-0.8699, 0.9610], mean=0.0783
2026-01-21 02:03:57,700 - __main__ - INFO - 
Applying Fisher Z-transformation...
2026-01-21 02:03:57,933 - __main__ - INFO -   Range: [-1.3363, 1.9912], mean=0.0194, std=0.2780
2026-01-21 02:03:57,934 - __main__ - INFO - 
================================================================================
2026-01-21 02:03:57,934 - __main__ - INFO - SCALING DATA
2026-01-21 02:03:57,934 - __main__ - INFO - ================================================================================
2026-01-21 02:03:57,935 - __main__ - INFO - Fitting scaler on rest data: (51968, 232)
2026-01-21 02:03:57,935 - __main__ - INFO - Transforming task data: (46400, 232)
2026-01-21 02:03:58,417 - __main__ - INFO -   Rest scaled: mean=0.0000, std=1.0000
2026-01-21 02:03:58,683 - __main__ - INFO -   Task scaled: mean=-0.0058, std=0.9485
2026-01-21 02:03:58,683 - __main__ - INFO - 
================================================================================
2026-01-21 02:03:58,683 - __main__ - INFO - TRAINING FINAL OVR MODELS ON REST DATA
2026-01-21 02:03:58,683 - __main__ - INFO - ================================================================================
2026-01-21 02:03:58,683 - __main__ - INFO -   Training 232 OvR classifiers...
2026-01-21 03:03:46,871 - __main__ - INFO -   ✓ Trained 232 classifiers in 3588.19s
2026-01-21 03:03:46,872 - __main__ - INFO - 
================================================================================
2026-01-21 03:03:46,872 - __main__ - INFO - EVALUATING ON REST DATA (TRAINING SET)
2026-01-21 03:03:46,872 - __main__ - INFO - ================================================================================
2026-01-21 03:04:32,165 - __main__ - INFO -   Rest Accuracy: 0.8685
2026-01-21 03:04:32,166 - __main__ - INFO -   Rest Top-3: 0.9289
2026-01-21 03:04:32,166 - __main__ - INFO -   Rest Top-5: 0.9510
2026-01-21 03:04:32,166 - __main__ - INFO -   Rest Top-10: 0.9729
2026-01-21 03:04:32,166 - __main__ - INFO - 
================================================================================
2026-01-21 03:04:32,166 - __main__ - INFO - EVALUATING ON TASK DATA (TEST SET)
2026-01-21 03:04:32,166 - __main__ - INFO - ================================================================================
2026-01-21 03:05:18,782 - __main__ - INFO -   Task Accuracy: 0.6711
2026-01-21 03:05:18,782 - __main__ - INFO -   Task Top-3: 0.7861
2026-01-21 03:05:18,782 - __main__ - INFO -   Task Top-5: 0.8323
2026-01-21 03:05:18,782 - __main__ - INFO -   Task Top-10: 0.8864
2026-01-21 03:05:18,782 - __main__ - INFO - 
================================================================================
2026-01-21 03:05:18,782 - __main__ - INFO - SAVING TASK TESTING RESULTS
2026-01-21 03:05:18,782 - __main__ - INFO - ================================================================================
2026-01-21 03:05:19,694 - __main__ - INFO -   Saved to: /home/sjoon/projects/brain_connectivity_classifier/data/results/full_connectivity_analysis/task_testing_one_vs_rest
2026-01-21 03:05:19,694 - __main__ - INFO - 
================================================================================
2026-01-21 03:05:19,694 - __main__ - INFO - TASK TESTING SUMMARY
2026-01-21 03:05:19,695 - __main__ - INFO - ================================================================================
2026-01-21 03:05:19,695 - __main__ - INFO -   Rest Training Accuracy: 0.8685
2026-01-21 03:05:19,695 - __main__ - INFO -   Task Testing Accuracy:  0.6711
2026-01-21 03:05:19,695 - __main__ - INFO -   Accuracy Drop:          0.1973
2026-01-21 03:05:19,695 - __main__ - INFO - ================================================================================

2026-01-21 03:05:19,725 - __main__ - INFO - 
================================================================================
2026-01-21 03:05:19,725 - __main__ - INFO - ✓ TRAINING COMPLETED SUCCESSFULLY
2026-01-21 03:05:19,725 - __main__ - INFO - ================================================================================
2026-01-21 03:05:19,725 - __main__ - INFO -   CV Accuracy: 0.6802
2026-01-21 03:05:19,725 - __main__ - INFO -   Task Accuracy: 0.6711
2026-01-21 03:05:19,726 - __main__ - INFO -   Accuracy Drop: 0.1973
2026-01-21 03:05:19,726 - __main__ - INFO -   Results saved to: /home/sjoon/projects/brain_connectivity_classifier/data/results/full_connectivity_analysis/one_vs_rest
2026-01-21 03:05:19,726 - __main__ - INFO - ================================================================================

2026-01-21 04:41:40,498 - __main__ - INFO - ================================================================================
2026-01-21 04:41:40,498 - __main__ - INFO - CONFIGURATION
2026-01-21 04:41:40,498 - __main__ - INFO - ================================================================================
2026-01-21 04:41:40,498 - __main__ - INFO -   Rest data: /home/sjoon/projects/brain_connectivity_classifier/data/raw/PIOP2_restingstate.csv
2026-01-21 04:41:40,498 - __main__ - INFO -   Task data: /home/sjoon/projects/brain_connectivity_classifier/data/raw/PIOP1_gstroop.csv
2026-01-21 04:41:40,499 - __main__ - INFO -   Output dir: /home/sjoon/projects/brain_connectivity_classifier/data/results/full_connectivity_analysis
2026-01-21 04:41:40,499 - __main__ - INFO -   Diagonal strategy: region_mean
2026-01-21 04:41:40,499 - __main__ - INFO -   N folds: 3
2026-01-21 04:41:40,499 - __main__ - INFO -   Tune hyperparams: False
2026-01-21 04:41:40,500 - __main__ - INFO -   Test on task: True
2026-01-21 04:41:40,500 - __main__ - INFO -   N jobs: -1
2026-01-21 04:41:40,500 - __main__ - INFO -   Optuna N jobs: 32
2026-01-21 04:41:40,500 - __main__ - INFO - ================================================================================

2026-01-21 04:41:40,500 - __main__ - INFO - 
================================================================================
2026-01-21 04:41:40,501 - __main__ - INFO - TRAINING FULL CONNECTIVITY - ONE-VS-REST
2026-01-21 04:41:40,501 - __main__ - INFO - ================================================================================

2026-01-21 04:41:40,501 - __main__ - INFO - Loading resting-state data...
2026-01-21 04:41:47,964 - __main__ - INFO - 
Clipping off-diagonal values to [-0.999, 0.999]
2026-01-21 04:41:48,005 - __main__ - INFO - Data: 224 subjects, 232 regions
2026-01-21 04:41:48,005 - __main__ - INFO - Diagonal strategy: region_mean
2026-01-21 04:41:48,005 - __main__ - INFO - 
Applying diagonal imputation: region_mean
2026-01-21 04:41:49,513 - __main__ - INFO -   Original diagonal: [1.0000, 1.0000], mean=1.0000
2026-01-21 04:41:49,857 - __main__ - INFO -   New diagonal: [-0.1471, 0.2325], mean=0.0165
2026-01-21 04:41:49,858 - __main__ - INFO - 
Applying Fisher Z-transformation...
2026-01-21 04:41:53,123 - __main__ - INFO -   Range: [-1.3984, 2.0494], mean=0.0204, std=0.2909
2026-01-21 04:41:53,126 - __main__ - INFO - 
Using hyperparameters for CV: C=1.000000, lbfgs, max_iter=1000
2026-01-21 04:41:53,126 - __main__ - INFO - 
================================================================================
2026-01-21 04:41:53,126 - __main__ - INFO - CROSS-VALIDATION (3 folds)
2026-01-21 04:41:53,127 - __main__ - INFO - ================================================================================
2026-01-21 04:41:53,148 - __main__ - INFO - 
================================================================================
2026-01-21 04:41:53,148 - __main__ - INFO - Fold 1/3
2026-01-21 04:41:53,148 - __main__ - INFO - ================================================================================
2026-01-21 04:41:53,178 - __main__ - INFO -   Train: 149 subjects
2026-01-21 04:41:53,182 - __main__ - INFO -   Test:  75 subjects
2026-01-21 04:41:53,182 - __main__ - INFO -   Scaling: Train (34568, 232), Test (17400, 232)
2026-01-21 04:41:53,258 - __main__ - INFO -   Train mean=0.0000, Test mean=0.0041
2026-01-21 04:41:53,258 - __main__ - INFO -   Training 232 OvR classifiers...
2026-01-21 05:07:45,575 - __main__ - INFO -   ✓ Fold 1: Acc=0.9255, Time=1529.51s
2026-01-21 05:07:45,578 - __main__ - INFO - 
================================================================================
2026-01-21 05:07:45,578 - __main__ - INFO - Fold 2/3
2026-01-21 05:07:45,579 - __main__ - INFO - ================================================================================
2026-01-21 05:07:45,696 - __main__ - INFO -   Train: 149 subjects
2026-01-21 05:07:45,700 - __main__ - INFO -   Test:  75 subjects
2026-01-21 05:07:45,700 - __main__ - INFO -   Scaling: Train (34568, 232), Test (17400, 232)
2026-01-21 05:07:45,890 - __main__ - INFO -   Train mean=0.0000, Test mean=0.0016
2026-01-21 05:07:45,891 - __main__ - INFO -   Training 232 OvR classifiers...
2026-01-21 05:33:19,171 - __main__ - INFO -   ✓ Fold 2: Acc=0.9148, Time=1502.68s
2026-01-21 05:33:19,274 - __main__ - INFO - 
================================================================================
2026-01-21 05:33:19,274 - __main__ - INFO - Fold 3/3
2026-01-21 05:33:19,274 - __main__ - INFO - ================================================================================
2026-01-21 05:33:20,693 - __main__ - INFO -   Train: 150 subjects
2026-01-21 05:33:20,697 - __main__ - INFO -   Test:  74 subjects
2026-01-21 05:33:20,697 - __main__ - INFO -   Scaling: Train (34800, 232), Test (17168, 232)
2026-01-21 05:33:23,467 - __main__ - INFO -   Train mean=0.0000, Test mean=-0.0057
2026-01-21 05:33:23,467 - __main__ - INFO -   Training 232 OvR classifiers...
2026-01-21 05:56:41,532 - __main__ - INFO - ================================================================================
2026-01-21 05:56:41,532 - __main__ - INFO - CONFIGURATION
2026-01-21 05:56:41,532 - __main__ - INFO - ================================================================================
2026-01-21 05:56:41,533 - __main__ - INFO -   Rest data: /home/sjoon/projects/brain_connectivity_classifier/data/raw/PIOP2_restingstate.csv
2026-01-21 05:56:41,533 - __main__ - INFO -   Task data: /home/sjoon/projects/brain_connectivity_classifier/data/raw/PIOP1_gstroop.csv
2026-01-21 05:56:41,533 - __main__ - INFO -   Output dir: /home/sjoon/projects/brain_connectivity_classifier/data/results/full_connectivity_analysis
2026-01-21 05:56:41,533 - __main__ - INFO -   Diagonal strategy: region_mean
2026-01-21 05:56:41,533 - __main__ - INFO -   N folds: 3
2026-01-21 05:56:41,534 - __main__ - INFO -   Tune hyperparams: False
2026-01-21 05:56:41,534 - __main__ - INFO -   Test on task: True
2026-01-21 05:56:41,534 - __main__ - INFO -   N jobs: -1
2026-01-21 05:56:41,534 - __main__ - INFO -   Optuna N jobs: 32
2026-01-21 05:56:41,534 - __main__ - INFO - ================================================================================

2026-01-21 05:56:41,535 - __main__ - INFO - 
================================================================================
2026-01-21 05:56:41,535 - __main__ - INFO - TRAINING FULL CONNECTIVITY - ONE-VS-REST
2026-01-21 05:56:41,535 - __main__ - INFO - ================================================================================

2026-01-21 05:56:41,535 - __main__ - INFO - Loading resting-state data...
2026-01-21 05:56:43,351 - __main__ - INFO - 
SAMPLING MODE: First 10/224 subjects
2026-01-21 05:56:43,351 - __main__ - INFO - Selected: sub-0001_P2, sub-0002_P2, sub-0003_P2, sub-0004_P2, sub-0005_P2, sub-0006_P2, sub-0007_P2, sub-0008_P2, sub-0009_P2, sub-0011_P2
2026-01-21 05:56:43,489 - __main__ - INFO - 
Clipping off-diagonal values to [-0.999, 0.999]
2026-01-21 05:56:43,491 - __main__ - INFO - Data: 10 subjects, 232 regions
2026-01-21 05:56:43,491 - __main__ - INFO - Diagonal strategy: region_mean
2026-01-21 05:56:43,492 - __main__ - INFO - 
Applying diagonal imputation: region_mean
2026-01-21 05:56:43,493 - __main__ - INFO -   Original diagonal: [1.0000, 1.0000], mean=1.0000
2026-01-21 05:56:43,508 - __main__ - INFO -   New diagonal: [-0.1080, 0.1518], mean=0.0174
2026-01-21 05:56:43,508 - __main__ - INFO - 
Applying Fisher Z-transformation...
2026-01-21 05:56:43,520 - __main__ - INFO -   Range: [-1.2551, 1.7766], mean=0.0215, std=0.2921
2026-01-21 05:56:43,520 - __main__ - INFO - 
Using hyperparameters for CV: C=1.000000, lbfgs, max_iter=100
2026-01-21 05:56:43,521 - __main__ - INFO - 
================================================================================
2026-01-21 05:56:43,521 - __main__ - INFO - CROSS-VALIDATION (3 folds)
2026-01-21 05:56:43,521 - __main__ - INFO - ================================================================================
2026-01-21 05:56:43,522 - __main__ - INFO - 
================================================================================
2026-01-21 05:56:43,522 - __main__ - INFO - Fold 1/3
2026-01-21 05:56:43,522 - __main__ - INFO - ================================================================================
2026-01-21 05:56:43,523 - __main__ - INFO -   Train: 6 subjects
2026-01-21 05:56:43,523 - __main__ - INFO -   Test:  4 subjects
2026-01-21 05:56:43,524 - __main__ - INFO -   Scaling: Train (1392, 232), Test (928, 232)
2026-01-21 05:56:43,526 - __main__ - INFO -   Train mean=-0.0000, Test mean=-0.0137
2026-01-21 05:56:43,526 - __main__ - INFO -   Training 232 OvR classifiers...
2026-01-21 05:56:51,593 - __main__ - INFO -   ✓ Fold 1: Train Acc=1.0000, Val Acc=0.6940, Time=7.86s
2026-01-21 05:56:51,593 - __main__ - INFO - 
================================================================================
2026-01-21 05:56:51,593 - __main__ - INFO - Fold 2/3
2026-01-21 05:56:51,594 - __main__ - INFO - ================================================================================
2026-01-21 05:56:51,595 - __main__ - INFO -   Train: 7 subjects
2026-01-21 05:56:51,596 - __main__ - INFO -   Test:  3 subjects
2026-01-21 05:56:51,596 - __main__ - INFO -   Scaling: Train (1624, 232), Test (696, 232)
2026-01-21 05:56:51,599 - __main__ - INFO -   Train mean=-0.0000, Test mean=-0.0042
2026-01-21 05:56:51,599 - __main__ - INFO -   Training 232 OvR classifiers...
2026-01-21 05:57:00,265 - __main__ - INFO -   ✓ Fold 2: Train Acc=1.0000, Val Acc=0.6882, Time=8.47s
2026-01-21 05:57:00,265 - __main__ - INFO - 
================================================================================
2026-01-21 05:57:00,265 - __main__ - INFO - Fold 3/3
2026-01-21 05:57:00,265 - __main__ - INFO - ================================================================================
2026-01-21 05:57:00,269 - __main__ - INFO -   Train: 7 subjects
2026-01-21 05:57:00,269 - __main__ - INFO -   Test:  3 subjects
2026-01-21 05:57:00,269 - __main__ - INFO -   Scaling: Train (1624, 232), Test (696, 232)
2026-01-21 05:57:00,273 - __main__ - INFO -   Train mean=-0.0000, Test mean=0.0189
2026-01-21 05:57:00,273 - __main__ - INFO -   Training 232 OvR classifiers...
2026-01-21 05:57:08,762 - __main__ - INFO -   ✓ Fold 3: Train Acc=1.0000, Val Acc=0.6681, Time=8.30s
2026-01-21 05:57:08,762 - __main__ - INFO - 
================================================================================
2026-01-21 05:57:08,762 - __main__ - INFO - Cross-validation completed in 25.24s
2026-01-21 05:57:08,762 - __main__ - INFO - ================================================================================
2026-01-21 05:57:08,763 - __main__ - INFO - 
Mean Train Accuracy: 1.0000
2026-01-21 05:57:08,763 - __main__ - INFO - Mean Validation Accuracy: 0.6834
2026-01-21 05:57:08,764 - __main__ - INFO - Generalization Gap (Train - Val): 0.3166
2026-01-21 05:57:09,145 - __main__ - INFO - 
================================================================================
2026-01-21 05:57:09,145 - __main__ - INFO - CROSS-VALIDATION RESULTS
2026-01-21 05:57:09,145 - __main__ - INFO - ================================================================================
2026-01-21 05:57:09,145 - __main__ - INFO -   Overall Accuracy: 0.6845
2026-01-21 05:57:09,146 - __main__ - INFO -   Top-3 Accuracy:   0.8414
2026-01-21 05:57:09,146 - __main__ - INFO -   Top-5 Accuracy:   0.8849
2026-01-21 05:57:09,146 - __main__ - INFO -   Top-10 Accuracy:  0.9315
2026-01-21 05:57:09,146 - __main__ - INFO - ================================================================================
2026-01-21 05:57:09,146 - __main__ - INFO - 
Saving cross-validation results...
2026-01-21 05:57:09,171 - __main__ - INFO -   Saved to: /home/sjoon/projects/brain_connectivity_classifier/data/results/full_connectivity_analysis/one_vs_rest
2026-01-21 05:57:09,171 - __main__ - INFO - 
================================================================================
2026-01-21 05:57:09,171 - __main__ - INFO - TESTING ON TASK DATA (GENDER STROOP)
2026-01-21 05:57:09,171 - __main__ - INFO - ================================================================================
2026-01-21 05:57:09,171 - __main__ - INFO - Training 232 OvR classifiers on ALL rest data
2026-01-21 05:57:09,172 - __main__ - INFO - Hyperparameters: C=1.0000, lbfgs, max_iter=100
2026-01-21 05:57:09,172 - __main__ - INFO - Diagonal strategy: region_mean

2026-01-21 05:57:09,172 - __main__ - INFO - Loading task data...
2026-01-21 05:57:10,898 - __main__ - INFO - 
SAMPLING MODE: First 10/200 subjects
2026-01-21 05:57:10,898 - __main__ - INFO - Selected: sub-0001, sub-0002, sub-0003, sub-0004, sub-0005, sub-0006, sub-0007, sub-0008, sub-0009, sub-0010
2026-01-21 05:57:10,899 - __main__ - INFO -   Task: 10 subjects
2026-01-21 05:57:11,028 - __main__ - INFO - 
Clipping task data off-diagonal values to [-0.999, 0.999]
2026-01-21 05:57:11,029 - __main__ - INFO - 
================================================================================
2026-01-21 05:57:11,029 - __main__ - INFO - PROCESSING REST DATA (TRAINING)
2026-01-21 05:57:11,029 - __main__ - INFO - ================================================================================
2026-01-21 05:57:11,031 - __main__ - INFO - Using REGION_MEAN diagonal imputation for rest data
2026-01-21 05:57:11,031 - __main__ - INFO - 
Applying diagonal imputation: region_mean
2026-01-21 05:57:11,031 - __main__ - INFO -   Original diagonal: [1.0000, 1.0000], mean=1.0000
2026-01-21 05:57:11,047 - __main__ - INFO -   New diagonal: [-0.1080, 0.1518], mean=0.0174
2026-01-21 05:57:11,047 - __main__ - INFO - 
Applying Fisher Z-transformation...
2026-01-21 05:57:11,058 - __main__ - INFO -   Range: [-1.2551, 1.7766], mean=0.0215, std=0.2921
2026-01-21 05:57:11,058 - __main__ - INFO - 
================================================================================
2026-01-21 05:57:11,058 - __main__ - INFO - PROCESSING TASK DATA (TESTING)
2026-01-21 05:57:11,059 - __main__ - INFO - ================================================================================
2026-01-21 05:57:11,059 - __main__ - INFO - Using REGION_MEAN diagonal imputation for task data
2026-01-21 05:57:11,059 - __main__ - INFO - 
Applying diagonal imputation: region_mean
2026-01-21 05:57:11,060 - __main__ - INFO -   Original diagonal: [1.0000, 1.0000], mean=1.0000
2026-01-21 05:57:11,075 - __main__ - INFO -   New diagonal: [-0.1153, 0.1494], mean=0.0185
2026-01-21 05:57:11,075 - __main__ - INFO - 
Applying Fisher Z-transformation...
2026-01-21 05:57:11,085 - __main__ - INFO -   Range: [-1.2673, 1.8768], mean=0.0218, std=0.2756
2026-01-21 05:57:11,086 - __main__ - INFO - 
================================================================================
2026-01-21 05:57:11,086 - __main__ - INFO - SCALING DATA
2026-01-21 05:57:11,086 - __main__ - INFO - ================================================================================
2026-01-21 05:57:11,086 - __main__ - INFO - Fitting scaler on rest data: (2320, 232)
2026-01-21 05:57:11,086 - __main__ - INFO - Transforming task data: (2320, 232)
2026-01-21 05:57:11,090 - __main__ - INFO -   Rest scaled: mean=-0.0000, std=1.0000
2026-01-21 05:57:11,091 - __main__ - INFO -   Task scaled: mean=0.0003, std=0.9481
2026-01-21 05:57:11,091 - __main__ - INFO - 
================================================================================
2026-01-21 05:57:11,091 - __main__ - INFO - TRAINING FINAL OVR MODELS ON REST DATA
2026-01-21 05:57:11,091 - __main__ - INFO - ================================================================================
2026-01-21 05:57:11,091 - __main__ - INFO -   Training 232 OvR classifiers...
2026-01-21 06:02:41,372 - __main__ - INFO -   ✓ Trained 232 classifiers in 330.28s
2026-01-21 06:02:41,372 - __main__ - INFO - 
================================================================================
2026-01-21 06:02:41,373 - __main__ - INFO - EVALUATING ON REST DATA (TRAINING SET)
2026-01-21 06:02:41,373 - __main__ - INFO - ================================================================================
2026-01-21 06:02:47,810 - __main__ - INFO -   Rest Accuracy: 1.0000
2026-01-21 06:02:47,810 - __main__ - INFO -   Rest Top-3: 1.0000
2026-01-21 06:02:47,810 - __main__ - INFO -   Rest Top-5: 1.0000
2026-01-21 06:02:47,810 - __main__ - INFO -   Rest Top-10: 1.0000
2026-01-21 06:02:47,810 - __main__ - INFO - 
================================================================================
2026-01-21 06:02:47,810 - __main__ - INFO - EVALUATING ON TASK DATA (TEST SET)
2026-01-21 06:02:47,811 - __main__ - INFO - ================================================================================
2026-01-21 06:02:58,157 - __main__ - INFO -   Task Accuracy: 0.6776
2026-01-21 06:02:58,157 - __main__ - INFO -   Task Top-3: 0.8392
2026-01-21 06:02:58,157 - __main__ - INFO -   Task Top-5: 0.8888
2026-01-21 06:02:58,157 - __main__ - INFO -   Task Top-10: 0.9319
2026-01-21 06:02:58,157 - __main__ - INFO - 
================================================================================
2026-01-21 06:02:58,157 - __main__ - INFO - SAVING TASK TESTING RESULTS
2026-01-21 06:02:58,157 - __main__ - INFO - ================================================================================
2026-01-21 06:02:58,193 - __main__ - INFO -   Saved to: /home/sjoon/projects/brain_connectivity_classifier/data/results/full_connectivity_analysis/task_testing_one_vs_rest
2026-01-21 06:02:58,193 - __main__ - INFO - 
================================================================================
2026-01-21 06:02:58,193 - __main__ - INFO - TASK TESTING SUMMARY
2026-01-21 06:02:58,193 - __main__ - INFO - ================================================================================
2026-01-21 06:02:58,193 - __main__ - INFO -   Rest Training Accuracy: 1.0000
2026-01-21 06:02:58,194 - __main__ - INFO -   Task Testing Accuracy:  0.6776
2026-01-21 06:02:58,194 - __main__ - INFO -   Accuracy Drop:          0.3224
2026-01-21 06:02:58,194 - __main__ - INFO - ================================================================================

2026-01-21 06:02:58,199 - __main__ - INFO - 
================================================================================
2026-01-21 06:02:58,199 - __main__ - INFO - ✓ TRAINING COMPLETED SUCCESSFULLY
2026-01-21 06:02:58,199 - __main__ - INFO - ================================================================================
2026-01-21 06:02:58,199 - __main__ - INFO -   CV Accuracy: 0.6845
2026-01-21 06:02:58,200 - __main__ - INFO -   Task Accuracy: 0.6776
2026-01-21 06:02:58,200 - __main__ - INFO -   Accuracy Drop: 0.3224
2026-01-21 06:02:58,200 - __main__ - INFO -   Results saved to: /home/sjoon/projects/brain_connectivity_classifier/data/results/full_connectivity_analysis/one_vs_rest
2026-01-21 06:02:58,200 - __main__ - INFO - ================================================================================

2026-01-21 13:59:51,643 - __main__ - INFO - ================================================================================
2026-01-21 13:59:51,643 - __main__ - INFO - CONFIGURATION
2026-01-21 13:59:51,643 - __main__ - INFO - ================================================================================
2026-01-21 13:59:51,643 - __main__ - INFO -   Rest data: /home/sjoon/projects/brain_connectivity_classifier/data/raw/PIOP2_restingstate.csv
2026-01-21 13:59:51,643 - __main__ - INFO -   Task data: /home/sjoon/projects/brain_connectivity_classifier/data/raw/PIOP1_gstroop.csv
2026-01-21 13:59:51,643 - __main__ - INFO -   Output dir: /home/sjoon/projects/brain_connectivity_classifier/data/results/full_connectivity_analysis
2026-01-21 13:59:51,643 - __main__ - INFO -   Diagonal strategy: random
2026-01-21 13:59:51,643 - __main__ - INFO -   N folds: 5
2026-01-21 13:59:51,643 - __main__ - INFO -   Tune hyperparams: True
2026-01-21 13:59:51,643 - __main__ - INFO -   Test on task: True
2026-01-21 13:59:51,643 - __main__ - INFO -   N jobs: -1
2026-01-21 13:59:51,643 - __main__ - INFO -   Optuna N jobs: 1
2026-01-21 13:59:51,643 - __main__ - INFO - ================================================================================

2026-01-21 13:59:51,643 - __main__ - INFO - 
================================================================================
2026-01-21 13:59:51,643 - __main__ - INFO - TRAINING FULL CONNECTIVITY - ONE-VS-REST
2026-01-21 13:59:51,643 - __main__ - INFO - ================================================================================

2026-01-21 13:59:51,644 - __main__ - INFO - Loading resting-state data...
2026-01-21 13:59:55,737 - __main__ - INFO - 
Clipping off-diagonal values to [-0.999, 0.999]
2026-01-21 13:59:55,760 - __main__ - INFO - Data: 224 subjects, 232 regions
2026-01-21 13:59:55,761 - __main__ - INFO - Diagonal strategy: random
2026-01-21 13:59:55,761 - __main__ - INFO - 
================================================================================
2026-01-21 13:59:55,761 - __main__ - INFO - HYPERPARAMETER TUNING FOR CROSS-VALIDATION
2026-01-21 13:59:55,761 - __main__ - INFO - ================================================================================
2026-01-21 13:59:55,761 - __main__ - INFO - 
GLOBAL HYPERPARAMETER OPTIMIZATION (OvR)
2026-01-21 13:59:55,761 - __main__ - INFO -   50 trials, each training 232 classifiers
2026-01-21 13:59:55,814 - __main__ - INFO - 
Applying diagonal imputation: random with seed 42
2026-01-21 13:59:55,825 - __main__ - INFO -   Original diagonal: [1.0000, 1.0000], mean=1.0000
2026-01-21 13:59:55,889 - __main__ - INFO -   New diagonal: [-0.8603, 0.9635], mean=0.0765
2026-01-21 13:59:55,890 - __main__ - INFO - 
Applying diagonal imputation: random with seed 1042
2026-01-21 13:59:55,893 - __main__ - INFO -   Original diagonal: [1.0000, 1.0000], mean=1.0000
2026-01-21 13:59:55,909 - __main__ - INFO -   New diagonal: [-0.8847, 0.9561], mean=0.0741
2026-01-21 13:59:55,910 - __main__ - INFO - 
Applying Fisher Z-transformation...
2026-01-21 13:59:56,121 - __main__ - INFO -   Range: [-1.3082, 2.0494], mean=0.0208, std=0.2942
2026-01-21 13:59:56,122 - __main__ - INFO - 
Applying Fisher Z-transformation...
2026-01-21 13:59:56,172 - __main__ - INFO -   Range: [-1.3984, 1.9208], mean=0.0207, std=0.2923
2026-01-21 14:02:04,072 - __main__ - INFO -     Trial 1: C=0.0315 lbfgs -> 0.7544 (New Best)
2026-01-21 14:02:04,139 - __main__ - INFO - 
Applying diagonal imputation: random with seed 1042
2026-01-21 14:02:04,151 - __main__ - INFO -   Original diagonal: [1.0000, 1.0000], mean=1.0000
2026-01-21 14:02:04,218 - __main__ - INFO -   New diagonal: [-0.8607, 0.9645], mean=0.0755
2026-01-21 14:02:04,219 - __main__ - INFO - 
Applying diagonal imputation: random with seed 2042
2026-01-21 14:02:04,221 - __main__ - INFO -   Original diagonal: [1.0000, 1.0000], mean=1.0000
2026-01-21 14:02:04,237 - __main__ - INFO -   New diagonal: [-0.8834, 0.9546], mean=0.0768
2026-01-21 14:02:04,238 - __main__ - INFO - 
Applying Fisher Z-transformation...
2026-01-21 14:02:04,449 - __main__ - INFO -   Range: [-1.3082, 2.0494], mean=0.0210, std=0.2935
2026-01-21 14:02:04,449 - __main__ - INFO - 
Applying Fisher Z-transformation...
2026-01-21 14:02:04,499 - __main__ - INFO -   Range: [-1.3984, 1.9185], mean=0.0200, std=0.2950
2026-01-21 14:03:49,084 - __main__ - INFO - 
Applying diagonal imputation: random with seed 2042
2026-01-21 14:03:49,096 - __main__ - INFO -   Original diagonal: [1.0000, 1.0000], mean=1.0000
2026-01-21 14:03:49,162 - __main__ - INFO -   New diagonal: [-0.8637, 0.9576], mean=0.0772
2026-01-21 14:03:49,162 - __main__ - INFO - 
Applying diagonal imputation: random with seed 3042
2026-01-21 14:03:49,164 - __main__ - INFO -   Original diagonal: [1.0000, 1.0000], mean=1.0000
2026-01-21 14:03:49,181 - __main__ - INFO -   New diagonal: [-0.8671, 0.9503], mean=0.0878
2026-01-21 14:03:49,181 - __main__ - INFO - 
Applying Fisher Z-transformation...
2026-01-21 14:03:49,390 - __main__ - INFO -   Range: [-1.3077, 1.9520], mean=0.0206, std=0.2938
2026-01-21 14:03:49,391 - __main__ - INFO - 
Applying Fisher Z-transformation...
2026-01-21 14:03:49,437 - __main__ - INFO -   Range: [-1.3984, 2.0494], mean=0.0216, std=0.2941
2026-01-21 14:05:16,529 - __main__ - INFO - 
Applying diagonal imputation: random with seed 3042
2026-01-21 14:05:16,547 - __main__ - INFO -   Original diagonal: [1.0000, 1.0000], mean=1.0000
2026-01-21 14:05:16,613 - __main__ - INFO -   New diagonal: [-0.8805, 0.9571], mean=0.0810
2026-01-21 14:05:16,613 - __main__ - INFO - 
Applying diagonal imputation: random with seed 4042
2026-01-21 14:05:16,615 - __main__ - INFO -   Original diagonal: [1.0000, 1.0000], mean=1.0000
2026-01-21 14:05:16,631 - __main__ - INFO -   New diagonal: [-0.8457, 0.9564], mean=0.0821
2026-01-21 14:05:16,631 - __main__ - INFO - 
Applying Fisher Z-transformation...
2026-01-21 14:05:16,844 - __main__ - INFO -   Range: [-1.3984, 1.9520], mean=0.0208, std=0.2942
2026-01-21 14:05:16,845 - __main__ - INFO - 
Applying Fisher Z-transformation...
2026-01-21 14:05:16,893 - __main__ - INFO -   Range: [-1.2551, 2.0494], mean=0.0208, std=0.2924
2026-01-21 14:06:49,296 - __main__ - INFO - 
Applying diagonal imputation: random with seed 4042
2026-01-21 14:06:49,312 - __main__ - INFO -   Original diagonal: [1.0000, 1.0000], mean=1.0000
2026-01-21 14:06:49,377 - __main__ - INFO -   New diagonal: [-0.8613, 0.9571], mean=0.0829
2026-01-21 14:06:49,377 - __main__ - INFO - 
Applying diagonal imputation: random with seed 5042
2026-01-21 14:06:49,379 - __main__ - INFO -   Original diagonal: [1.0000, 1.0000], mean=1.0000
2026-01-21 14:06:49,395 - __main__ - INFO -   New diagonal: [-0.8454, 0.9491], mean=0.0599
2026-01-21 14:06:49,395 - __main__ - INFO - 
Applying Fisher Z-transformation...
2026-01-21 14:06:49,606 - __main__ - INFO -   Range: [-1.3984, 2.0494], mean=0.0206, std=0.2926
2026-01-21 14:06:49,607 - __main__ - INFO - 
Applying Fisher Z-transformation...
2026-01-21 14:06:49,655 - __main__ - INFO -   Range: [-1.2559, 1.8527], mean=0.0215, std=0.2989
2026-01-21 14:32:51,201 - __main__ - INFO - ================================================================================
2026-01-21 14:32:51,201 - __main__ - INFO - CONFIGURATION
2026-01-21 14:32:51,201 - __main__ - INFO - ================================================================================
2026-01-21 14:32:51,201 - __main__ - INFO -   Rest data: /home/sjoon/projects/brain_connectivity_classifier/data/raw/PIOP2_restingstate.csv
2026-01-21 14:32:51,201 - __main__ - INFO -   Task data: /home/sjoon/projects/brain_connectivity_classifier/data/raw/PIOP1_gstroop.csv
2026-01-21 14:32:51,201 - __main__ - INFO -   Output dir: /home/sjoon/projects/brain_connectivity_classifier/data/results/full_connectivity_analysis
2026-01-21 14:32:51,201 - __main__ - INFO -   Diagonal strategy: random
2026-01-21 14:32:51,201 - __main__ - INFO -   N folds: 5
2026-01-21 14:32:51,201 - __main__ - INFO -   Tune hyperparams: True
2026-01-21 14:32:51,201 - __main__ - INFO -   Test on task: True
2026-01-21 14:32:51,201 - __main__ - INFO -   N jobs: -1
2026-01-21 14:32:51,201 - __main__ - INFO -   Optuna N jobs: 1
2026-01-21 14:32:51,201 - __main__ - INFO - ================================================================================

2026-01-21 14:32:51,201 - __main__ - INFO - 
================================================================================
2026-01-21 14:32:51,201 - __main__ - INFO - TRAINING FULL CONNECTIVITY - ONE-VS-REST
2026-01-21 14:32:51,201 - __main__ - INFO - ================================================================================

2026-01-21 14:32:51,201 - __main__ - INFO - Loading resting-state data...
2026-01-21 14:32:55,943 - __main__ - INFO - 
Clipping off-diagonal values to [-0.999, 0.999]
2026-01-21 14:32:55,967 - __main__ - INFO - Data: 224 subjects, 232 regions
2026-01-21 14:32:55,967 - __main__ - INFO - Diagonal strategy: random
2026-01-21 14:32:55,968 - __main__ - INFO - 
================================================================================
2026-01-21 14:32:55,968 - __main__ - INFO - HYPERPARAMETER TUNING FOR CROSS-VALIDATION
2026-01-21 14:32:55,968 - __main__ - INFO - ================================================================================
2026-01-21 14:32:55,968 - __main__ - INFO - 
GLOBAL HYPERPARAMETER OPTIMIZATION (OvR)
2026-01-21 14:32:55,968 - __main__ - INFO -   100 trials, each training 232 classifiers
2026-01-21 14:32:55,968 - __main__ - INFO -   Search space: AGGRESSIVE (C: 0.00001-1000, multiple solvers, L1+L2, class weighting)
2026-01-21 14:32:56,026 - __main__ - INFO - 
Applying diagonal imputation: random with seed 42
2026-01-21 14:32:56,038 - __main__ - INFO -   Original diagonal: [1.0000, 1.0000], mean=1.0000
2026-01-21 14:32:56,102 - __main__ - INFO -   New diagonal: [-0.8603, 0.9635], mean=0.0765
2026-01-21 14:32:56,102 - __main__ - INFO - 
Applying diagonal imputation: random with seed 1042
2026-01-21 14:32:56,106 - __main__ - INFO -   Original diagonal: [1.0000, 1.0000], mean=1.0000
2026-01-21 14:32:56,122 - __main__ - INFO -   New diagonal: [-0.8847, 0.9561], mean=0.0741
2026-01-21 14:32:56,123 - __main__ - INFO - 
Applying Fisher Z-transformation...
2026-01-21 14:32:56,330 - __main__ - INFO -   Range: [-1.3082, 2.0494], mean=0.0208, std=0.2942
2026-01-21 14:32:56,331 - __main__ - INFO - 
Applying Fisher Z-transformation...
2026-01-21 14:32:56,380 - __main__ - INFO -   Range: [-1.3984, 1.9208], mean=0.0207, std=0.2923
2026-01-21 14:37:34,864 - __main__ - INFO -     Trial 1/100: C=0.009916, lbfgs, penalty=l2, class_wt=balanced, tol=0.000159 → 0.6482 ⭐ New Best!
2026-01-21 14:37:34,964 - __main__ - INFO - 
Applying diagonal imputation: random with seed 1042
2026-01-21 14:37:34,975 - __main__ - INFO -   Original diagonal: [1.0000, 1.0000], mean=1.0000
2026-01-21 14:37:35,040 - __main__ - INFO -   New diagonal: [-0.8607, 0.9645], mean=0.0755
2026-01-21 14:37:35,041 - __main__ - INFO - 
Applying diagonal imputation: random with seed 2042
2026-01-21 14:37:35,043 - __main__ - INFO -   Original diagonal: [1.0000, 1.0000], mean=1.0000
2026-01-21 14:37:35,060 - __main__ - INFO -   New diagonal: [-0.8834, 0.9546], mean=0.0768
2026-01-21 14:37:35,060 - __main__ - INFO - 
Applying Fisher Z-transformation...
2026-01-21 14:37:35,266 - __main__ - INFO -   Range: [-1.3082, 2.0494], mean=0.0210, std=0.2935
2026-01-21 14:37:35,267 - __main__ - INFO - 
Applying Fisher Z-transformation...
2026-01-21 14:37:35,313 - __main__ - INFO -   Range: [-1.3984, 1.9185], mean=0.0200, std=0.2950
2026-01-21 14:41:08,720 - __main__ - INFO -     Trial 2/100: C=4.619347, newton-cg, penalty=l2, class_wt=balanced, tol=0.000112 → 0.5703
2026-01-21 14:41:08,807 - __main__ - INFO - 
Applying diagonal imputation: random with seed 2042
2026-01-21 14:41:08,826 - __main__ - INFO -   Original diagonal: [1.0000, 1.0000], mean=1.0000
2026-01-21 14:41:08,900 - __main__ - INFO -   New diagonal: [-0.8637, 0.9576], mean=0.0772
2026-01-21 14:41:08,901 - __main__ - INFO - 
Applying diagonal imputation: random with seed 3042
2026-01-21 14:41:08,904 - __main__ - INFO -   Original diagonal: [1.0000, 1.0000], mean=1.0000
2026-01-21 14:41:08,922 - __main__ - INFO -   New diagonal: [-0.8671, 0.9503], mean=0.0878
2026-01-21 14:41:08,922 - __main__ - INFO - 
Applying Fisher Z-transformation...
2026-01-21 14:41:09,174 - __main__ - INFO -   Range: [-1.3077, 1.9520], mean=0.0206, std=0.2938
2026-01-21 14:41:09,175 - __main__ - INFO - 
Applying Fisher Z-transformation...
2026-01-21 14:41:09,228 - __main__ - INFO -   Range: [-1.3984, 2.0494], mean=0.0216, std=0.2941
2026-01-21 14:43:48,792 - __main__ - INFO -     Trial 3/100: C=0.028547, newton-cg, penalty=l2, class_wt=balanced, tol=0.000025 → 0.6279
2026-01-21 14:43:48,871 - __main__ - INFO - 
Applying diagonal imputation: random with seed 3042
2026-01-21 14:43:48,881 - __main__ - INFO -   Original diagonal: [1.0000, 1.0000], mean=1.0000
2026-01-21 14:43:48,947 - __main__ - INFO -   New diagonal: [-0.8805, 0.9571], mean=0.0810
2026-01-21 14:43:48,947 - __main__ - INFO - 
Applying diagonal imputation: random with seed 4042
2026-01-21 14:43:48,949 - __main__ - INFO -   Original diagonal: [1.0000, 1.0000], mean=1.0000
2026-01-21 14:43:48,965 - __main__ - INFO -   New diagonal: [-0.8457, 0.9564], mean=0.0821
2026-01-21 14:43:48,965 - __main__ - INFO - 
Applying Fisher Z-transformation...
2026-01-21 14:43:49,169 - __main__ - INFO -   Range: [-1.3984, 1.9520], mean=0.0208, std=0.2942
2026-01-21 14:43:49,169 - __main__ - INFO - 
Applying Fisher Z-transformation...
2026-01-21 14:43:49,216 - __main__ - INFO -   Range: [-1.2551, 2.0494], mean=0.0208, std=0.2924
2026-01-21 14:52:11,716 - __main__ - INFO -     Trial 4/100: C=0.129980, liblinear, penalty=l2, class_wt=None, tol=0.000016 → 0.7437 ⭐ New Best!
2026-01-21 14:52:11,776 - __main__ - INFO - 
Applying diagonal imputation: random with seed 4042
2026-01-21 14:52:11,787 - __main__ - INFO -   Original diagonal: [1.0000, 1.0000], mean=1.0000
2026-01-21 14:52:11,852 - __main__ - INFO -   New diagonal: [-0.8613, 0.9571], mean=0.0829
2026-01-21 14:52:11,853 - __main__ - INFO - 
Applying diagonal imputation: random with seed 5042
2026-01-21 14:52:11,854 - __main__ - INFO -   Original diagonal: [1.0000, 1.0000], mean=1.0000
2026-01-21 14:52:11,870 - __main__ - INFO -   New diagonal: [-0.8454, 0.9491], mean=0.0599
2026-01-21 14:52:11,870 - __main__ - INFO - 
Applying Fisher Z-transformation...
2026-01-21 14:52:12,075 - __main__ - INFO -   Range: [-1.3984, 2.0494], mean=0.0206, std=0.2926
2026-01-21 14:52:12,076 - __main__ - INFO - 
Applying Fisher Z-transformation...
2026-01-21 14:52:12,122 - __main__ - INFO -   Range: [-1.2559, 1.8527], mean=0.0215, std=0.2989
2026-01-21 15:06:22,530 - __main__ - INFO -     Trial 5/100: C=2.977585, liblinear, penalty=l2, class_wt=balanced, tol=0.000124 → 0.5676
2026-01-21 15:06:22,593 - __main__ - INFO - 
Applying diagonal imputation: random with seed 5042
2026-01-21 15:06:22,604 - __main__ - INFO -   Original diagonal: [1.0000, 1.0000], mean=1.0000
2026-01-21 15:06:22,669 - __main__ - INFO -   New diagonal: [-0.8591, 0.9669], mean=0.0676
2026-01-21 15:06:22,669 - __main__ - INFO - 
Applying diagonal imputation: random with seed 6042
2026-01-21 15:06:22,671 - __main__ - INFO -   Original diagonal: [1.0000, 1.0000], mean=1.0000
2026-01-21 15:06:22,687 - __main__ - INFO -   New diagonal: [-0.8816, 0.9540], mean=0.0808
2026-01-21 15:06:22,687 - __main__ - INFO - 
Applying Fisher Z-transformation...
2026-01-21 15:06:22,892 - __main__ - INFO -   Range: [-1.3082, 2.0494], mean=0.0207, std=0.2937
2026-01-21 15:06:22,893 - __main__ - INFO - 
Applying Fisher Z-transformation...
2026-01-21 15:06:22,939 - __main__ - INFO -   Range: [-1.3984, 1.8931], mean=0.0210, std=0.2945
2026-01-21 15:08:31,465 - __main__ - INFO -     Trial 6/100: C=0.000301, lbfgs, penalty=l2, class_wt=None, tol=0.000025 → 0.5523
2026-01-21 15:08:31,592 - __main__ - INFO - 
Applying diagonal imputation: random with seed 6042
2026-01-21 15:08:31,612 - __main__ - INFO -   Original diagonal: [1.0000, 1.0000], mean=1.0000
2026-01-21 15:08:31,687 - __main__ - INFO -   New diagonal: [-0.8777, 0.9599], mean=0.0763
2026-01-21 15:08:31,688 - __main__ - INFO - 
Applying diagonal imputation: random with seed 7042
2026-01-21 15:08:31,692 - __main__ - INFO -   Original diagonal: [1.0000, 1.0000], mean=1.0000
2026-01-21 15:08:31,711 - __main__ - INFO -   New diagonal: [-0.8599, 0.9554], mean=0.0658
2026-01-21 15:08:31,711 - __main__ - INFO - 
Applying Fisher Z-transformation...
2026-01-21 15:08:31,964 - __main__ - INFO -   Range: [-1.3984, 2.0494], mean=0.0210, std=0.2925
2026-01-21 15:08:31,965 - __main__ - INFO - 
Applying Fisher Z-transformation...
2026-01-21 15:08:32,022 - __main__ - INFO -   Range: [-1.3082, 1.9208], mean=0.0200, std=0.2989
2026-01-21 15:13:21,944 - __main__ - INFO -     Trial 7/100: C=0.000023, sag, penalty=l2, class_wt=balanced, tol=0.000019 → 0.5857
2026-01-21 15:13:22,021 - __main__ - INFO - 
Applying diagonal imputation: random with seed 7042
2026-01-21 15:13:22,040 - __main__ - INFO -   Original diagonal: [1.0000, 1.0000], mean=1.0000
2026-01-21 15:13:22,112 - __main__ - INFO -   New diagonal: [-0.8819, 0.9643], mean=0.0700
2026-01-21 15:13:22,112 - __main__ - INFO - 
Applying diagonal imputation: random with seed 8042
2026-01-21 15:13:22,115 - __main__ - INFO -   Original diagonal: [1.0000, 1.0000], mean=1.0000
2026-01-21 15:13:22,132 - __main__ - INFO -   New diagonal: [-0.8638, 0.9482], mean=0.0717
2026-01-21 15:13:22,132 - __main__ - INFO - 
Applying Fisher Z-transformation...
2026-01-21 15:13:22,380 - __main__ - INFO -   Range: [-1.3984, 2.0494], mean=0.0203, std=0.2949
2026-01-21 15:13:22,381 - __main__ - INFO - 
Applying Fisher Z-transformation...
2026-01-21 15:13:22,433 - __main__ - INFO -   Range: [-1.3082, 1.8697], mean=0.0227, std=0.2895
2026-01-21 15:16:10,081 - __main__ - INFO -     Trial 8/100: C=26.156272, newton-cg, penalty=l2, class_wt=None, tol=0.000287 → 0.6673
2026-01-21 15:16:10,170 - __main__ - INFO - 
Applying diagonal imputation: random with seed 8042
2026-01-21 15:16:10,195 - __main__ - INFO -   Original diagonal: [1.0000, 1.0000], mean=1.0000
2026-01-21 15:16:10,271 - __main__ - INFO -   New diagonal: [-0.8771, 0.9672], mean=0.0737
2026-01-21 15:16:10,272 - __main__ - INFO - 
Applying diagonal imputation: random with seed 9042
2026-01-21 15:16:10,275 - __main__ - INFO -   Original diagonal: [1.0000, 1.0000], mean=1.0000
2026-01-21 15:16:10,293 - __main__ - INFO -   New diagonal: [-0.8182, 0.9569], mean=0.0793
2026-01-21 15:16:10,293 - __main__ - INFO - 
Applying Fisher Z-transformation...
2026-01-21 15:16:10,543 - __main__ - INFO -   Range: [-1.3984, 2.0494], mean=0.0204, std=0.2942
2026-01-21 15:16:10,543 - __main__ - INFO - 
Applying Fisher Z-transformation...
2026-01-21 15:16:10,595 - __main__ - INFO -   Range: [-1.1831, 1.9137], mean=0.0224, std=0.2925
2026-01-21 23:38:37,267 - __main__ - INFO - ================================================================================
2026-01-21 23:38:37,267 - __main__ - INFO - CONFIGURATION
2026-01-21 23:38:37,267 - __main__ - INFO - ================================================================================
2026-01-21 23:38:37,267 - __main__ - INFO -   Rest data: /home/sjoon/projects/brain_connectivity_classifier/data/raw/PIOP2_restingstate.csv
2026-01-21 23:38:37,267 - __main__ - INFO -   Task data: /home/sjoon/projects/brain_connectivity_classifier/data/raw/PIOP1_gstroop.csv
2026-01-21 23:38:37,268 - __main__ - INFO -   Output dir: /home/sjoon/projects/brain_connectivity_classifier/data/results/full_connectivity_analysis
2026-01-21 23:38:37,268 - __main__ - INFO -   Diagonal strategy: random
2026-01-21 23:38:37,268 - __main__ - INFO -   N folds: 5
2026-01-21 23:38:37,268 - __main__ - INFO -   Tune hyperparams: True
2026-01-21 23:38:37,268 - __main__ - INFO -   Test on task: True
2026-01-21 23:38:37,268 - __main__ - INFO -   N jobs: -1
2026-01-21 23:38:37,268 - __main__ - INFO -   Optuna N jobs: 1
2026-01-21 23:38:37,268 - __main__ - INFO - ================================================================================

2026-01-21 23:38:37,268 - __main__ - INFO - 
================================================================================
2026-01-21 23:38:37,268 - __main__ - INFO - TRAINING FULL CONNECTIVITY - ONE-VS-REST
2026-01-21 23:38:37,268 - __main__ - INFO - ================================================================================

2026-01-21 23:38:37,268 - __main__ - INFO - Loading resting-state data...
2026-01-21 23:38:41,657 - __main__ - INFO - 
Clipping off-diagonal values to [-0.999, 0.999]
2026-01-21 23:38:41,694 - __main__ - INFO - Data: 224 subjects, 232 regions
2026-01-21 23:38:41,694 - __main__ - INFO - Diagonal strategy: random
2026-01-21 23:38:41,695 - __main__ - INFO - 
================================================================================
2026-01-21 23:38:41,695 - __main__ - INFO - HYPERPARAMETER TUNING FOR CROSS-VALIDATION
2026-01-21 23:38:41,695 - __main__ - INFO - ================================================================================
2026-01-21 23:38:41,695 - __main__ - INFO - 
GLOBAL HYPERPARAMETER OPTIMIZATION (OvR)
2026-01-21 23:38:41,695 - __main__ - INFO -   10 trials, each training 232 classifiers
2026-01-21 23:38:41,695 - __main__ - INFO -   Search space: AGGRESSIVE (C: 0.00001-1000, multiple solvers, L1+L2, class weighting)
2026-01-21 23:38:41,767 - __main__ - INFO - 
Applying diagonal imputation: random with seed 42
2026-01-21 23:38:41,857 - __main__ - INFO - 
Applying diagonal imputation: random with seed 1042
2026-01-21 23:38:41,878 - __main__ - INFO - 
Applying Fisher Z-transformation...
2026-01-21 23:38:42,125 - __main__ - INFO -   Range: [-1.3082, 2.0494], mean=0.0208, std=0.2942
2026-01-21 23:38:42,126 - __main__ - INFO - 
Applying Fisher Z-transformation...
2026-01-21 23:38:42,178 - __main__ - INFO -   Range: [-1.3984, 1.9208], mean=0.0207, std=0.2923
2026-01-21 23:38:42,293 - __main__ - ERROR - 
❌ ERROR: train_ovr_classifiers() missing 1 required positional argument: 'class_weight'
Traceback (most recent call last):
  File "/home/sjoon/projects/brain_connectivity_classifier/scripts/full_connectivity/02_train_FC_ovr.py", line 1070, in main
    results = train_full_connectivity_ovr(args, logger, optuna_n_jobs)
              ^^^^^^^^^^^^^^^^^^^^^^^^^^^^^^^^^^^^^^^^^^^^^^^^^^^^^^^^
  File "/home/sjoon/projects/brain_connectivity_classifier/scripts/full_connectivity/02_train_FC_ovr.py", line 811, in train_full_connectivity_ovr
    best_params = optimize_hyperparameters_ovr_global(
                  ^^^^^^^^^^^^^^^^^^^^^^^^^^^^^^^^^^^^
  File "/home/sjoon/projects/brain_connectivity_classifier/scripts/full_connectivity/02_train_FC_ovr.py", line 465, in optimize_hyperparameters_ovr_global
    study.optimize(objective, n_trials=n_trials, show_progress_bar=False, n_jobs=optuna_n_jobs)
  File "/home/sjoon/projects/brain_connectivity_classifier/masterthesis_venv2/lib/python3.11/site-packages/optuna/study/study.py", line 490, in optimize
    _optimize(
  File "/home/sjoon/projects/brain_connectivity_classifier/masterthesis_venv2/lib/python3.11/site-packages/optuna/study/_optimize.py", line 67, in _optimize
    _optimize_sequential(
  File "/home/sjoon/projects/brain_connectivity_classifier/masterthesis_venv2/lib/python3.11/site-packages/optuna/study/_optimize.py", line 164, in _optimize_sequential
    frozen_trial_id = _run_trial(study, func, catch)
                      ^^^^^^^^^^^^^^^^^^^^^^^^^^^^^^
  File "/home/sjoon/projects/brain_connectivity_classifier/masterthesis_venv2/lib/python3.11/site-packages/optuna/study/_optimize.py", line 262, in _run_trial
    raise func_err
  File "/home/sjoon/projects/brain_connectivity_classifier/masterthesis_venv2/lib/python3.11/site-packages/optuna/study/_optimize.py", line 205, in _run_trial
    value_or_values = func(trial)
                      ^^^^^^^^^^^
  File "/home/sjoon/projects/brain_connectivity_classifier/scripts/full_connectivity/02_train_FC_ovr.py", line 423, in objective
    models = train_ovr_classifiers(
             ^^^^^^^^^^^^^^^^^^^^^^
TypeError: train_ovr_classifiers() missing 1 required positional argument: 'class_weight'
2026-01-21 23:40:57,085 - __main__ - INFO - ================================================================================
2026-01-21 23:40:57,085 - __main__ - INFO - CONFIGURATION
2026-01-21 23:40:57,086 - __main__ - INFO - ================================================================================
2026-01-21 23:40:57,086 - __main__ - INFO -   Rest data: /home/sjoon/projects/brain_connectivity_classifier/data/raw/PIOP2_restingstate.csv
2026-01-21 23:40:57,086 - __main__ - INFO -   Task data: /home/sjoon/projects/brain_connectivity_classifier/data/raw/PIOP1_gstroop.csv
2026-01-21 23:40:57,086 - __main__ - INFO -   Output dir: /home/sjoon/projects/brain_connectivity_classifier/data/results/full_connectivity_analysis
2026-01-21 23:40:57,086 - __main__ - INFO -   Diagonal strategy: random
2026-01-21 23:40:57,086 - __main__ - INFO -   N folds: 5
2026-01-21 23:40:57,086 - __main__ - INFO -   Tune hyperparams: True
2026-01-21 23:40:57,086 - __main__ - INFO -   Test on task: True
2026-01-21 23:40:57,086 - __main__ - INFO -   N jobs: -1
2026-01-21 23:40:57,086 - __main__ - INFO -   Optuna N jobs: 1
2026-01-21 23:40:57,086 - __main__ - INFO - ================================================================================

2026-01-21 23:40:57,086 - __main__ - INFO - 
================================================================================
2026-01-21 23:40:57,086 - __main__ - INFO - TRAINING FULL CONNECTIVITY - ONE-VS-REST
2026-01-21 23:40:57,086 - __main__ - INFO - ================================================================================

2026-01-21 23:40:57,086 - __main__ - INFO - Loading resting-state data...
2026-01-21 23:41:01,299 - __main__ - INFO - 
Clipping off-diagonal values to [-0.999, 0.999]
2026-01-21 23:41:01,323 - __main__ - INFO - Data: 224 subjects, 232 regions
2026-01-21 23:41:01,323 - __main__ - INFO - Diagonal strategy: random
2026-01-21 23:41:01,324 - __main__ - INFO - 
================================================================================
2026-01-21 23:41:01,324 - __main__ - INFO - HYPERPARAMETER TUNING FOR CROSS-VALIDATION
2026-01-21 23:41:01,324 - __main__ - INFO - ================================================================================
2026-01-21 23:41:01,324 - __main__ - INFO - 
GLOBAL HYPERPARAMETER OPTIMIZATION (OvR)
2026-01-21 23:41:01,324 - __main__ - INFO -   10 trials, each training 232 classifiers
2026-01-21 23:41:01,324 - __main__ - INFO -   Search space: AGGRESSIVE (C: 0.00001-1000, multiple solvers, L1+L2, class weighting)
2026-01-21 23:41:01,377 - __main__ - INFO - 
Applying diagonal imputation: random with seed 42
2026-01-21 23:41:01,453 - __main__ - INFO - 
Applying diagonal imputation: random with seed 1042
2026-01-21 23:41:01,473 - __main__ - INFO - 
Applying Fisher Z-transformation...
2026-01-21 23:41:01,681 - __main__ - INFO -   Range: [-1.3082, 2.0494], mean=0.0208, std=0.2942
2026-01-21 23:41:01,682 - __main__ - INFO - 
Applying Fisher Z-transformation...
2026-01-21 23:41:01,730 - __main__ - INFO -   Range: [-1.3984, 1.9208], mean=0.0207, std=0.2923
2026-01-21 23:41:52,921 - __main__ - INFO -     Trial 1/10: C=0.132929, newton-cg, penalty=l2, → 0.7101 ⭐ New Best!
2026-01-21 23:41:52,992 - __main__ - INFO - 
Applying diagonal imputation: random with seed 1042
2026-01-21 23:41:53,075 - __main__ - INFO - 
Applying diagonal imputation: random with seed 2042
2026-01-21 23:41:53,093 - __main__ - INFO - 
Applying Fisher Z-transformation...
2026-01-21 23:41:53,301 - __main__ - INFO -   Range: [-1.3082, 2.0494], mean=0.0210, std=0.2935
2026-01-21 23:41:53,302 - __main__ - INFO - 
Applying Fisher Z-transformation...
2026-01-21 23:41:53,348 - __main__ - INFO -   Range: [-1.3984, 1.9185], mean=0.0200, std=0.2950
2026-01-21 23:43:22,715 - __main__ - INFO -     Trial 2/10: C=0.029375, sag, penalty=l2, → 0.7449 ⭐ New Best!
2026-01-21 23:43:22,778 - __main__ - INFO - 
Applying diagonal imputation: random with seed 2042
2026-01-21 23:43:22,854 - __main__ - INFO - 
Applying diagonal imputation: random with seed 3042
2026-01-21 23:43:22,872 - __main__ - INFO - 
Applying Fisher Z-transformation...
2026-01-21 23:43:23,078 - __main__ - INFO -   Range: [-1.3077, 1.9520], mean=0.0206, std=0.2938
2026-01-21 23:43:23,079 - __main__ - INFO - 
Applying Fisher Z-transformation...
2026-01-21 23:43:23,126 - __main__ - INFO -   Range: [-1.3984, 2.0494], mean=0.0216, std=0.2941
2026-01-21 23:44:15,180 - __main__ - INFO -     Trial 3/10: C=0.011528, newton-cg, penalty=l2, → 0.6981
2026-01-21 23:44:15,251 - __main__ - INFO - 
Applying diagonal imputation: random with seed 3042
2026-01-21 23:44:15,337 - __main__ - INFO - 
Applying diagonal imputation: random with seed 4042
2026-01-21 23:44:15,356 - __main__ - INFO - 
Applying Fisher Z-transformation...
2026-01-21 23:44:15,569 - __main__ - INFO -   Range: [-1.3984, 1.9520], mean=0.0208, std=0.2942
2026-01-21 23:44:15,570 - __main__ - INFO - 
Applying Fisher Z-transformation...
2026-01-21 23:44:15,617 - __main__ - INFO -   Range: [-1.2551, 2.0494], mean=0.0208, std=0.2924
2026-01-21 23:46:35,416 - __main__ - INFO -     Trial 4/10: C=0.035499, sag, penalty=l2, → 0.7361
2026-01-21 23:46:35,497 - __main__ - INFO - 
Applying diagonal imputation: random with seed 4042
2026-01-21 23:46:35,574 - __main__ - INFO - 
Applying diagonal imputation: random with seed 5042
2026-01-21 23:46:35,593 - __main__ - INFO - 
Applying Fisher Z-transformation...
2026-01-21 23:46:35,797 - __main__ - INFO -   Range: [-1.3984, 2.0494], mean=0.0206, std=0.2926
2026-01-21 23:46:35,798 - __main__ - INFO - 
Applying Fisher Z-transformation...
2026-01-21 23:46:35,845 - __main__ - INFO -   Range: [-1.2559, 1.8527], mean=0.0215, std=0.2989
2026-01-21 23:48:41,376 - __main__ - INFO -     Trial 5/10: C=0.684792, sag, penalty=l2, → 0.7451 ⭐ New Best!
2026-01-21 23:48:41,478 - __main__ - INFO - 
Applying diagonal imputation: random with seed 5042
2026-01-21 23:48:41,556 - __main__ - INFO - 
Applying diagonal imputation: random with seed 6042
2026-01-21 23:48:41,575 - __main__ - INFO - 
Applying Fisher Z-transformation...
2026-01-21 23:48:41,779 - __main__ - INFO -   Range: [-1.3082, 2.0494], mean=0.0207, std=0.2937
2026-01-21 23:48:41,780 - __main__ - INFO - 
Applying Fisher Z-transformation...
2026-01-21 23:48:41,827 - __main__ - INFO -   Range: [-1.3984, 1.8931], mean=0.0210, std=0.2945
2026-01-21 23:53:09,406 - __main__ - INFO -     Trial 6/10: C=2.267399, sag, penalty=l2, → 0.7305
2026-01-21 23:53:09,467 - __main__ - INFO - 
Applying diagonal imputation: random with seed 6042
2026-01-21 23:53:09,543 - __main__ - INFO - 
Applying diagonal imputation: random with seed 7042
2026-01-21 23:53:09,562 - __main__ - INFO - 
Applying Fisher Z-transformation...
2026-01-21 23:53:09,767 - __main__ - INFO -   Range: [-1.3984, 2.0494], mean=0.0210, std=0.2925
2026-01-21 23:53:09,768 - __main__ - INFO - 
Applying Fisher Z-transformation...
2026-01-21 23:53:09,815 - __main__ - INFO -   Range: [-1.3082, 1.9208], mean=0.0200, std=0.2989
2026-01-21 23:53:47,980 - __main__ - INFO -     Trial 7/10: C=0.664714, newton-cg, penalty=l2, → 0.7335
2026-01-21 23:53:48,048 - __main__ - INFO - 
Applying diagonal imputation: random with seed 7042
2026-01-21 23:53:48,134 - __main__ - INFO - 
Applying diagonal imputation: random with seed 8042
2026-01-21 23:53:48,152 - __main__ - INFO - 
Applying Fisher Z-transformation...
2026-01-21 23:53:48,361 - __main__ - INFO -   Range: [-1.3984, 2.0494], mean=0.0203, std=0.2949
2026-01-21 23:53:48,362 - __main__ - INFO - 
Applying Fisher Z-transformation...
2026-01-21 23:53:48,408 - __main__ - INFO -   Range: [-1.3082, 1.8697], mean=0.0227, std=0.2895
2026-01-21 23:54:30,926 - __main__ - INFO -     Trial 8/10: C=2.661902, newton-cg, penalty=l2, → 0.6816
2026-01-21 23:54:30,996 - __main__ - INFO - 
Applying diagonal imputation: random with seed 8042
2026-01-21 23:54:31,083 - __main__ - INFO - 
Applying diagonal imputation: random with seed 9042
2026-01-21 23:54:31,101 - __main__ - INFO - 
Applying Fisher Z-transformation...
2026-01-21 23:54:31,316 - __main__ - INFO -   Range: [-1.3984, 2.0494], mean=0.0204, std=0.2942
2026-01-21 23:54:31,317 - __main__ - INFO - 
Applying Fisher Z-transformation...
2026-01-21 23:54:31,364 - __main__ - INFO -   Range: [-1.1831, 1.9137], mean=0.0224, std=0.2925
2026-01-21 23:55:15,458 - __main__ - INFO -     Trial 9/10: C=0.023234, newton-cg, penalty=l2, → 0.6976
2026-01-21 23:55:15,528 - __main__ - INFO - 
Applying diagonal imputation: random with seed 9042
2026-01-21 23:55:15,613 - __main__ - INFO - 
Applying diagonal imputation: random with seed 10042
2026-01-21 23:55:15,632 - __main__ - INFO - 
Applying Fisher Z-transformation...
2026-01-21 23:55:15,846 - __main__ - INFO -   Range: [-1.3984, 2.0494], mean=0.0209, std=0.2932
2026-01-21 23:55:15,847 - __main__ - INFO - 
Applying Fisher Z-transformation...
2026-01-21 23:55:15,894 - __main__ - INFO -   Range: [-1.2988, 1.9245], mean=0.0205, std=0.2962
2026-01-21 23:58:34,139 - __main__ - INFO -     Trial 10/10: C=0.971778, sag, penalty=l2, → 0.7339
2026-01-21 23:58:34,143 - __main__ - INFO - 
  ⭐ BEST HYPERPARAMETERS:
2026-01-21 23:58:34,143 - __main__ - ERROR - 
❌ ERROR: 'class_weight'
Traceback (most recent call last):
  File "/home/sjoon/projects/brain_connectivity_classifier/scripts/full_connectivity/02_train_FC_ovr.py", line 1069, in main
    results = train_full_connectivity_ovr(args, logger, optuna_n_jobs)
              ^^^^^^^^^^^^^^^^^^^^^^^^^^^^^^^^^^^^^^^^^^^^^^^^^^^^^^^^
  File "/home/sjoon/projects/brain_connectivity_classifier/scripts/full_connectivity/02_train_FC_ovr.py", line 810, in train_full_connectivity_ovr
    best_params = optimize_hyperparameters_ovr_global(
                  ^^^^^^^^^^^^^^^^^^^^^^^^^^^^^^^^^^^^
  File "/home/sjoon/projects/brain_connectivity_classifier/scripts/full_connectivity/02_train_FC_ovr.py", line 474, in optimize_hyperparameters_ovr_global
    f"class_weight={best_params['class_weight']}, "
                    ~~~~~~~~~~~^^^^^^^^^^^^^^^^
KeyError: 'class_weight'
2026-01-22 00:08:46,149 - __main__ - INFO - ================================================================================
2026-01-22 00:08:46,149 - __main__ - INFO - CONFIGURATION
2026-01-22 00:08:46,149 - __main__ - INFO - ================================================================================
2026-01-22 00:08:46,149 - __main__ - INFO -   Rest data: /home/sjoon/projects/brain_connectivity_classifier/data/raw/PIOP2_restingstate.csv
2026-01-22 00:08:46,149 - __main__ - INFO -   Task data: /home/sjoon/projects/brain_connectivity_classifier/data/raw/PIOP1_gstroop.csv
2026-01-22 00:08:46,149 - __main__ - INFO -   Output dir: /home/sjoon/projects/brain_connectivity_classifier/data/results/full_connectivity_analysis
2026-01-22 00:08:46,149 - __main__ - INFO -   Diagonal strategy: random
2026-01-22 00:08:46,149 - __main__ - INFO -   N folds: 5
2026-01-22 00:08:46,149 - __main__ - INFO -   Tune hyperparams: True
2026-01-22 00:08:46,149 - __main__ - INFO -   Test on task: True
2026-01-22 00:08:46,149 - __main__ - INFO -   N jobs: -1
2026-01-22 00:08:46,149 - __main__ - INFO -   Optuna N jobs: 1
2026-01-22 00:08:46,149 - __main__ - INFO - ================================================================================

2026-01-22 00:08:46,149 - __main__ - INFO - 
================================================================================
2026-01-22 00:08:46,149 - __main__ - INFO - TRAINING FULL CONNECTIVITY - ONE-VS-REST
2026-01-22 00:08:46,149 - __main__ - INFO - ================================================================================

2026-01-22 00:08:46,149 - __main__ - INFO - Loading resting-state data...
2026-01-22 00:08:50,363 - __main__ - INFO - 
Clipping off-diagonal values to [-0.999, 0.999]
2026-01-22 00:08:50,386 - __main__ - INFO - Data: 224 subjects, 232 regions
2026-01-22 00:08:50,386 - __main__ - INFO - Diagonal strategy: random
2026-01-22 00:08:50,386 - __main__ - INFO - 
================================================================================
2026-01-22 00:08:50,386 - __main__ - INFO - HYPERPARAMETER TUNING FOR CROSS-VALIDATION
2026-01-22 00:08:50,386 - __main__ - INFO - ================================================================================
2026-01-22 00:08:50,386 - __main__ - INFO - 
GLOBAL HYPERPARAMETER OPTIMIZATION (OvR)
2026-01-22 00:08:50,386 - __main__ - INFO -   10 trials, each training 232 classifiers
2026-01-22 00:08:50,386 - __main__ - INFO -   Search space: AGGRESSIVE (C: 0.00001-1000, multiple solvers, L1+L2, class weighting)
2026-01-22 00:09:34,056 - __main__ - INFO -     Trial 1/10: C=0.132929, newton-cg, penalty=l2, → 0.7101 ⭐ New Best!
2026-01-22 00:11:03,996 - __main__ - INFO -     Trial 2/10: C=0.029375, sag, penalty=l2, → 0.7449 ⭐ New Best!
2026-01-22 00:11:54,719 - __main__ - INFO -     Trial 3/10: C=0.011528, newton-cg, penalty=l2, → 0.6981
2026-01-22 00:14:16,012 - __main__ - INFO -     Trial 4/10: C=0.035499, sag, penalty=l2, → 0.7361
2026-01-22 00:16:20,299 - __main__ - INFO -     Trial 5/10: C=0.684792, sag, penalty=l2, → 0.7451 ⭐ New Best!
2026-01-22 00:20:47,732 - __main__ - INFO -     Trial 6/10: C=2.267399, sag, penalty=l2, → 0.7305
2026-01-22 00:21:20,695 - __main__ - INFO -     Trial 7/10: C=0.664714, newton-cg, penalty=l2, → 0.7335
2026-01-22 00:22:16,081 - __main__ - INFO -     Trial 8/10: C=2.661902, newton-cg, penalty=l2, → 0.6816
2026-01-22 00:23:02,133 - __main__ - INFO -     Trial 9/10: C=0.023234, newton-cg, penalty=l2, → 0.6976
2026-01-22 00:26:20,646 - __main__ - INFO -     Trial 10/10: C=0.971778, sag, penalty=l2, → 0.7339
2026-01-22 00:26:20,650 - __main__ - INFO - 
  ⭐ BEST HYPERPARAMETERS:
2026-01-22 00:26:20,651 - __main__ - INFO -      C=0.684792, sag, penalty=l2, tol=0.028581, max_iter=1366
2026-01-22 00:26:20,651 - __main__ - INFO -      Validation Accuracy: 0.7451
2026-01-22 00:26:20,651 - __main__ - INFO -      Optimization Time: 1050.3s
2026-01-22 00:26:20,651 - __main__ - ERROR - 
❌ ERROR: 'class_weight'
Traceback (most recent call last):
  File "/home/sjoon/projects/brain_connectivity_classifier/scripts/full_connectivity/02_train_FC_ovr.py", line 1068, in main
    results = train_full_connectivity_ovr(args, logger, optuna_n_jobs)
              ^^^^^^^^^^^^^^^^^^^^^^^^^^^^^^^^^^^^^^^^^^^^^^^^^^^^^^^^
  File "/home/sjoon/projects/brain_connectivity_classifier/scripts/full_connectivity/02_train_FC_ovr.py", line 828, in train_full_connectivity_ovr
    class_weight = best_params['class_weight']
                   ~~~~~~~~~~~^^^^^^^^^^^^^^^^
KeyError: 'class_weight'
2026-01-22 00:28:30,186 - __main__ - INFO - ================================================================================
2026-01-22 00:28:30,187 - __main__ - INFO - CONFIGURATION
2026-01-22 00:28:30,187 - __main__ - INFO - ================================================================================
2026-01-22 00:28:30,187 - __main__ - INFO -   Rest data: /home/sjoon/projects/brain_connectivity_classifier/data/raw/PIOP2_restingstate.csv
2026-01-22 00:28:30,187 - __main__ - INFO -   Task data: /home/sjoon/projects/brain_connectivity_classifier/data/raw/PIOP1_gstroop.csv
2026-01-22 00:28:30,187 - __main__ - INFO -   Output dir: /home/sjoon/projects/brain_connectivity_classifier/data/results/full_connectivity_analysis
2026-01-22 00:28:30,187 - __main__ - INFO -   Diagonal strategy: random
2026-01-22 00:28:30,187 - __main__ - INFO -   N folds: 5
2026-01-22 00:28:30,187 - __main__ - INFO -   Tune hyperparams: True
2026-01-22 00:28:30,187 - __main__ - INFO -   Test on task: True
2026-01-22 00:28:30,187 - __main__ - INFO -   N jobs: -1
2026-01-22 00:28:30,187 - __main__ - INFO -   Optuna N jobs: 1
2026-01-22 00:28:30,187 - __main__ - INFO - ================================================================================

2026-01-22 00:28:30,187 - __main__ - INFO - 
================================================================================
2026-01-22 00:28:30,187 - __main__ - INFO - TRAINING FULL CONNECTIVITY - ONE-VS-REST
2026-01-22 00:28:30,187 - __main__ - INFO - ================================================================================

2026-01-22 00:28:30,187 - __main__ - INFO - Loading resting-state data...
2026-01-22 00:28:34,373 - __main__ - INFO - 
Clipping off-diagonal values to [-0.999, 0.999]
2026-01-22 00:28:34,396 - __main__ - INFO - Data: 224 subjects, 232 regions
2026-01-22 00:28:34,396 - __main__ - INFO - Diagonal strategy: random
2026-01-22 00:28:34,397 - __main__ - INFO - 
================================================================================
2026-01-22 00:28:34,397 - __main__ - INFO - HYPERPARAMETER TUNING FOR CROSS-VALIDATION
2026-01-22 00:28:34,397 - __main__ - INFO - ================================================================================
2026-01-22 00:28:34,397 - __main__ - INFO - 
GLOBAL HYPERPARAMETER OPTIMIZATION (OvR)
2026-01-22 00:28:34,397 - __main__ - INFO -   10 trials, each training 232 classifiers
2026-01-22 00:28:34,397 - __main__ - INFO -   Search space: AGGRESSIVE (C: 0.00001-1000, multiple solvers, L1+L2, class weighting)
2026-01-22 00:29:05,287 - __main__ - INFO - ================================================================================
2026-01-22 00:29:05,288 - __main__ - INFO - CONFIGURATION
2026-01-22 00:29:05,288 - __main__ - INFO - ================================================================================
2026-01-22 00:29:05,288 - __main__ - INFO -   Rest data: /home/sjoon/projects/brain_connectivity_classifier/data/raw/PIOP2_restingstate.csv
2026-01-22 00:29:05,288 - __main__ - INFO -   Task data: /home/sjoon/projects/brain_connectivity_classifier/data/raw/PIOP1_gstroop.csv
2026-01-22 00:29:05,288 - __main__ - INFO -   Output dir: /home/sjoon/projects/brain_connectivity_classifier/data/results/full_connectivity_analysis
2026-01-22 00:29:05,288 - __main__ - INFO -   Diagonal strategy: random
2026-01-22 00:29:05,288 - __main__ - INFO -   N folds: 3
2026-01-22 00:29:05,288 - __main__ - INFO -   Tune hyperparams: True
2026-01-22 00:29:05,288 - __main__ - INFO -   Test on task: True
2026-01-22 00:29:05,288 - __main__ - INFO -   N jobs: -1
2026-01-22 00:29:05,288 - __main__ - INFO -   Optuna N jobs: 1
2026-01-22 00:29:05,288 - __main__ - INFO - ================================================================================

2026-01-22 00:29:05,288 - __main__ - INFO - 
================================================================================
2026-01-22 00:29:05,288 - __main__ - INFO - TRAINING FULL CONNECTIVITY - ONE-VS-REST
2026-01-22 00:29:05,288 - __main__ - INFO - ================================================================================

2026-01-22 00:29:05,288 - __main__ - INFO - Loading resting-state data...
2026-01-22 00:29:09,517 - __main__ - INFO - 
Clipping off-diagonal values to [-0.999, 0.999]
2026-01-22 00:29:09,541 - __main__ - INFO - Data: 224 subjects, 232 regions
2026-01-22 00:29:09,541 - __main__ - INFO - Diagonal strategy: random
2026-01-22 00:29:09,541 - __main__ - INFO - 
================================================================================
2026-01-22 00:29:09,541 - __main__ - INFO - HYPERPARAMETER TUNING FOR CROSS-VALIDATION
2026-01-22 00:29:09,541 - __main__ - INFO - ================================================================================
2026-01-22 00:29:09,541 - __main__ - INFO - 
GLOBAL HYPERPARAMETER OPTIMIZATION (OvR)
2026-01-22 00:29:09,541 - __main__ - INFO -   10 trials, each training 232 classifiers
2026-01-22 00:29:09,541 - __main__ - INFO -   Search space: AGGRESSIVE (C: 0.00001-1000, multiple solvers, L1+L2, class weighting)
2026-01-22 00:29:52,568 - __main__ - INFO -     Trial 1/10: C=0.132929, newton-cg, penalty=l2, → 0.7101 ⭐ New Best!
2026-01-22 00:31:22,484 - __main__ - INFO -     Trial 2/10: C=0.029375, sag, penalty=l2, → 0.7449 ⭐ New Best!
2026-01-22 00:32:06,012 - __main__ - INFO -     Trial 3/10: C=0.011528, newton-cg, penalty=l2, → 0.6981
2026-01-22 00:34:27,008 - __main__ - INFO -     Trial 4/10: C=0.035499, sag, penalty=l2, → 0.7361
2026-01-22 00:36:31,703 - __main__ - INFO -     Trial 5/10: C=0.684792, sag, penalty=l2, → 0.7451 ⭐ New Best!
2026-01-22 00:40:58,549 - __main__ - INFO -     Trial 6/10: C=2.267399, sag, penalty=l2, → 0.7305
2026-01-22 00:41:29,710 - __main__ - INFO -     Trial 7/10: C=0.664714, newton-cg, penalty=l2, → 0.7335
2026-01-22 00:42:12,086 - __main__ - INFO -     Trial 8/10: C=2.661902, newton-cg, penalty=l2, → 0.6816
2026-01-22 00:42:53,465 - __main__ - INFO -     Trial 9/10: C=0.023234, newton-cg, penalty=l2, → 0.6976
2026-01-22 00:46:13,279 - __main__ - INFO -     Trial 10/10: C=0.971778, sag, penalty=l2, → 0.7339
2026-01-22 00:46:13,284 - __main__ - INFO - 
  ⭐ BEST HYPERPARAMETERS:
2026-01-22 00:46:13,284 - __main__ - INFO -      C=0.684792, sag, penalty=l2, tol=0.028581, max_iter=1366
2026-01-22 00:46:13,284 - __main__ - INFO -      Validation Accuracy: 0.7451
2026-01-22 00:46:13,284 - __main__ - INFO -      Optimization Time: 1023.7s
2026-01-22 00:46:13,284 - __main__ - ERROR - 
❌ ERROR: 'class_weight'
Traceback (most recent call last):
  File "/home/sjoon/projects/brain_connectivity_classifier/scripts/full_connectivity/02_train_FC_ovr.py", line 1065, in main
    results = train_full_connectivity_ovr(args, logger, optuna_n_jobs)
              ^^^^^^^^^^^^^^^^^^^^^^^^^^^^^^^^^^^^^^^^^^^^^^^^^^^^^^^^
  File "/home/sjoon/projects/brain_connectivity_classifier/scripts/full_connectivity/02_train_FC_ovr.py", line 825, in train_full_connectivity_ovr
    class_weight = best_params['class_weight']
                   ~~~~~~~~~~~^^^^^^^^^^^^^^^^
KeyError: 'class_weight'
2026-01-22 00:54:28,575 - __main__ - INFO - ================================================================================
2026-01-22 00:54:28,575 - __main__ - INFO - CONFIGURATION
2026-01-22 00:54:28,575 - __main__ - INFO - ================================================================================
2026-01-22 00:54:28,575 - __main__ - INFO -   Rest data: /home/sjoon/projects/brain_connectivity_classifier/data/raw/PIOP2_restingstate.csv
2026-01-22 00:54:28,575 - __main__ - INFO -   Task data: /home/sjoon/projects/brain_connectivity_classifier/data/raw/PIOP1_gstroop.csv
2026-01-22 00:54:28,575 - __main__ - INFO -   Output dir: /home/sjoon/projects/brain_connectivity_classifier/data/results/full_connectivity_analysis
2026-01-22 00:54:28,575 - __main__ - INFO -   Diagonal strategy: random
2026-01-22 00:54:28,575 - __main__ - INFO -   N folds: 3
2026-01-22 00:54:28,575 - __main__ - INFO -   Tune hyperparams: True
2026-01-22 00:54:28,576 - __main__ - INFO -   Test on task: True
2026-01-22 00:54:28,576 - __main__ - INFO -   N jobs: -1
2026-01-22 00:54:28,576 - __main__ - INFO -   Optuna N jobs: 1
2026-01-22 00:54:28,576 - __main__ - INFO - ================================================================================

2026-01-22 00:54:28,576 - __main__ - INFO - 
================================================================================
2026-01-22 00:54:28,576 - __main__ - INFO - TRAINING FULL CONNECTIVITY - ONE-VS-REST
2026-01-22 00:54:28,576 - __main__ - INFO - ================================================================================

2026-01-22 00:54:28,576 - __main__ - INFO - Loading resting-state data...
2026-01-22 00:54:32,748 - __main__ - INFO - 
Clipping off-diagonal values to [-0.999, 0.999]
2026-01-22 00:54:32,771 - __main__ - INFO - Data: 224 subjects, 232 regions
2026-01-22 00:54:32,771 - __main__ - INFO - Diagonal strategy: random
2026-01-22 00:54:32,772 - __main__ - INFO - 
================================================================================
2026-01-22 00:54:32,772 - __main__ - INFO - HYPERPARAMETER TUNING FOR CROSS-VALIDATION
2026-01-22 00:54:32,772 - __main__ - INFO - ================================================================================
2026-01-22 00:54:32,772 - __main__ - INFO - 
GLOBAL HYPERPARAMETER OPTIMIZATION (OvR)
2026-01-22 00:54:32,772 - __main__ - INFO -   10 trials, each training 232 classifiers
2026-01-22 00:54:32,772 - __main__ - INFO -   Search space:  (C: 0.00001-1000, multiple solvers, L1+L2, class weighting)
2026-01-22 00:55:16,690 - __main__ - INFO -     Trial 1/10: C=0.013293, newton-cg, penalty=l2, → 0.7223 ⭐ New Best!
2026-01-22 00:56:28,636 - __main__ - INFO -     Trial 2/10: C=0.002938, sag, penalty=l2, → 0.6860
2026-01-22 00:57:11,857 - __main__ - INFO -     Trial 3/10: C=0.001153, newton-cg, penalty=l2, → 0.7113
2026-01-22 00:59:07,255 - __main__ - INFO -     Trial 4/10: C=0.003550, sag, penalty=l2, → 0.6950
2026-01-22 01:01:06,191 - __main__ - INFO -     Trial 5/10: C=0.068479, sag, penalty=l2, → 0.7487 ⭐ New Best!
2026-01-22 01:04:50,008 - __main__ - INFO -     Trial 6/10: C=0.226740, sag, penalty=l2, → 0.7363
2026-01-22 01:05:20,205 - __main__ - INFO -     Trial 7/10: C=0.066471, newton-cg, penalty=l2, → 0.7336
2026-01-22 01:06:01,794 - __main__ - INFO -     Trial 8/10: C=0.266190, newton-cg, penalty=l2, → 0.6828
2026-01-22 01:06:55,300 - __main__ - INFO -     Trial 9/10: C=0.002323, newton-cg, penalty=l2, → 0.7313
2026-01-22 01:09:43,860 - __main__ - INFO -     Trial 10/10: C=0.097178, sag, penalty=l2, → 0.7395
2026-01-22 01:09:43,865 - __main__ - INFO - 
  ⭐ BEST HYPERPARAMETERS:
2026-01-22 01:09:43,865 - __main__ - INFO -      C=0.068479, sag, penalty=l2, tol=0.028581, max_iter=1366
2026-01-22 01:09:43,865 - __main__ - INFO -      Validation Accuracy: 0.7487
2026-01-22 01:09:43,865 - __main__ - INFO -      Optimization Time: 911.1s
2026-01-22 01:09:43,865 - __main__ - INFO - 
Using hyperparameters for CV:
2026-01-22 01:09:43,865 - __main__ - INFO -   C=0.068479, sag, penalty=l2
2026-01-22 01:09:43,865 - __main__ - INFO -   tol=0.028581, max_iter=1366
2026-01-22 01:09:43,865 - __main__ - INFO - 
================================================================================
2026-01-22 01:09:43,865 - __main__ - INFO - CROSS-VALIDATION (3 folds)
2026-01-22 01:09:43,865 - __main__ - INFO - ================================================================================
2026-01-22 01:09:43,879 - __main__ - INFO - 
================================================================================
2026-01-22 01:09:43,879 - __main__ - INFO - Fold 1/3
2026-01-22 01:09:43,879 - __main__ - INFO - ================================================================================
2026-01-22 01:09:43,921 - __main__ - INFO -   Random imputation seeds: train=1042, test=2042
2026-01-22 01:09:44,239 - __main__ - INFO -   Train: 149 subjects
2026-01-22 01:09:44,239 - __main__ - INFO -   Test:  75 subjects
2026-01-22 01:09:44,239 - __main__ - INFO -   Scaling: Train (34568, 232), Test (17400, 232)
2026-01-22 01:09:44,311 - __main__ - INFO -   Train mean=0.0000, Test mean=0.0042
2026-01-22 01:09:44,312 - __main__ - INFO -   Training 232 OvR classifiers...
2026-01-22 01:09:44,312 - __main__ - INFO -     C=0.068479, sag, penalty=l2, tol=0.028581
2026-01-22 01:11:30,582 - __main__ - INFO -   ✓ Fold 1: Train Acc=0.8433, Val Acc=0.7478, Time=103.91s
2026-01-22 01:11:30,584 - __main__ - INFO - 
================================================================================
2026-01-22 01:11:30,584 - __main__ - INFO - Fold 2/3
2026-01-22 01:11:30,584 - __main__ - INFO - ================================================================================
2026-01-22 01:11:30,623 - __main__ - INFO -   Random imputation seeds: train=2042, test=3042
2026-01-22 01:11:30,942 - __main__ - INFO -   Train: 149 subjects
2026-01-22 01:11:30,942 - __main__ - INFO -   Test:  75 subjects
2026-01-22 01:11:30,942 - __main__ - INFO -   Scaling: Train (34568, 232), Test (17400, 232)
2026-01-22 01:11:31,010 - __main__ - INFO -   Train mean=0.0000, Test mean=0.0016
2026-01-22 01:11:31,010 - __main__ - INFO -   Training 232 OvR classifiers...
2026-01-22 01:11:31,010 - __main__ - INFO -     C=0.068479, sag, penalty=l2, tol=0.028581
2026-01-22 01:13:18,220 - __main__ - INFO -   ✓ Fold 2: Train Acc=0.8456, Val Acc=0.7301, Time=104.73s
2026-01-22 01:13:18,223 - __main__ - INFO - 
================================================================================
2026-01-22 01:13:18,223 - __main__ - INFO - Fold 3/3
2026-01-22 01:13:18,223 - __main__ - INFO - ================================================================================
2026-01-22 01:13:18,263 - __main__ - INFO -   Random imputation seeds: train=3042, test=4042
2026-01-22 01:13:18,576 - __main__ - INFO -   Train: 150 subjects
2026-01-22 01:13:18,576 - __main__ - INFO -   Test:  74 subjects
2026-01-22 01:13:18,576 - __main__ - INFO -   Scaling: Train (34800, 232), Test (17168, 232)
2026-01-22 01:13:18,646 - __main__ - INFO -   Train mean=0.0000, Test mean=-0.0057
2026-01-22 01:13:18,646 - __main__ - INFO -   Training 232 OvR classifiers...
2026-01-22 01:13:18,647 - __main__ - INFO -     C=0.068479, sag, penalty=l2, tol=0.028581
2026-01-22 01:15:04,583 - __main__ - INFO -   ✓ Fold 3: Train Acc=0.8401, Val Acc=0.7395, Time=103.45s
2026-01-22 01:15:04,586 - __main__ - INFO - 
================================================================================
2026-01-22 01:15:04,586 - __main__ - INFO - Cross-validation completed in 320.72s
2026-01-22 01:15:04,586 - __main__ - INFO - ================================================================================
2026-01-22 01:15:04,586 - __main__ - INFO - 
Mean Train Accuracy: 0.8430
2026-01-22 01:15:04,586 - __main__ - INFO - Mean Validation Accuracy: 0.7391
2026-01-22 01:15:04,586 - __main__ - INFO - Generalization Gap (Train - Val): 0.1038
2026-01-22 01:15:05,921 - __main__ - INFO - 
================================================================================
2026-01-22 01:15:05,921 - __main__ - INFO - CROSS-VALIDATION RESULTS
2026-01-22 01:15:05,921 - __main__ - INFO - ================================================================================
2026-01-22 01:15:05,921 - __main__ - INFO -   Overall Accuracy: 0.7391
2026-01-22 01:15:05,921 - __main__ - INFO -   Top-3 Accuracy:   0.8434
2026-01-22 01:15:05,921 - __main__ - INFO -   Top-5 Accuracy:   0.8846
2026-01-22 01:15:05,921 - __main__ - INFO -   Top-10 Accuracy:  0.9309
2026-01-22 01:15:05,922 - __main__ - INFO - ================================================================================
2026-01-22 01:15:05,922 - __main__ - INFO - 
Saving cross-validation results...
2026-01-22 01:15:06,102 - __main__ - INFO -   Saved to: /home/sjoon/projects/brain_connectivity_classifier/data/results/full_connectivity_analysis/one_vs_rest
2026-01-22 01:15:06,102 - __main__ - INFO - 
================================================================================
2026-01-22 01:15:06,102 - __main__ - INFO - HYPERPARAMETER TUNING FOR TASK TESTING
2026-01-22 01:15:06,102 - __main__ - INFO - ================================================================================
2026-01-22 01:15:06,102 - __main__ - INFO - 
GLOBAL HYPERPARAMETER OPTIMIZATION (OvR)
2026-01-22 01:15:06,103 - __main__ - INFO -   100 trials, each training 232 classifiers
2026-01-22 01:15:06,103 - __main__ - INFO -   Search space:  (C: 0.00001-1000, multiple solvers, L1+L2, class weighting)
2026-01-22 01:15:51,442 - __main__ - INFO -     Trial 1/100: C=0.013293, newton-cg, penalty=l2, → 0.7223 ⭐ New Best!
2026-01-22 01:17:02,843 - __main__ - INFO -     Trial 2/100: C=0.002938, sag, penalty=l2, → 0.6860
2026-01-22 01:17:48,708 - __main__ - INFO -     Trial 3/100: C=0.001153, newton-cg, penalty=l2, → 0.7113
2026-01-22 01:19:47,895 - __main__ - INFO -     Trial 4/100: C=0.003550, sag, penalty=l2, → 0.6950
2026-01-22 01:21:46,927 - __main__ - INFO -     Trial 5/100: C=0.068479, sag, penalty=l2, → 0.7487 ⭐ New Best!
2026-01-22 01:25:30,523 - __main__ - INFO -     Trial 6/100: C=0.226740, sag, penalty=l2, → 0.7363
2026-01-22 01:26:00,767 - __main__ - INFO -     Trial 7/100: C=0.066471, newton-cg, penalty=l2, → 0.7336
2026-01-22 01:26:44,735 - __main__ - INFO -     Trial 8/100: C=0.266190, newton-cg, penalty=l2, → 0.6828
2026-01-22 01:27:25,487 - __main__ - INFO -     Trial 9/100: C=0.002323, newton-cg, penalty=l2, → 0.7313
2026-01-22 01:30:15,250 - __main__ - INFO -     Trial 10/100: C=0.097178, sag, penalty=l2, → 0.7395
2026-01-22 01:31:54,634 - __main__ - INFO -     Trial 11/100: C=0.736315, sag, penalty=l2, → 0.7509 ⭐ New Best!
2026-01-22 01:33:35,492 - __main__ - INFO -     Trial 12/100: C=0.787100, sag, penalty=l2, → 0.7419
2026-01-22 01:35:27,570 - __main__ - INFO -     Trial 13/100: C=0.020190, sag, penalty=l2, → 0.7579 ⭐ New Best!
2026-01-22 01:36:58,096 - __main__ - INFO -     Trial 14/100: C=0.014472, sag, penalty=l2, → 0.7397
2026-01-22 01:38:03,084 - __main__ - INFO -     Trial 15/100: C=0.019113, sag, penalty=l2, → 0.7377
2026-01-22 01:39:49,327 - __main__ - INFO -     Trial 16/100: C=0.814703, sag, penalty=l2, → 0.7516
2026-01-22 01:41:35,461 - __main__ - INFO -     Trial 17/100: C=0.035653, sag, penalty=l2, → 0.7511
2026-01-22 01:42:49,038 - __main__ - INFO -     Trial 18/100: C=0.005819, sag, penalty=l2, → 0.7268
2026-01-22 01:45:08,992 - __main__ - INFO -     Trial 19/100: C=0.247810, sag, penalty=l2, → 0.7490
2026-01-22 01:46:47,538 - __main__ - INFO -     Trial 20/100: C=0.006601, sag, penalty=l2, → 0.7300
2026-01-22 01:48:06,148 - __main__ - INFO -     Trial 21/100: C=0.028940, sag, penalty=l2, → 0.7424
2026-01-22 01:49:53,298 - __main__ - INFO -     Trial 22/100: C=0.042193, sag, penalty=l2, → 0.7475
2026-01-22 01:51:42,227 - __main__ - INFO -     Trial 23/100: C=0.131398, sag, penalty=l2, → 0.7553
2026-01-22 01:53:53,573 - __main__ - INFO -     Trial 24/100: C=0.410950, sag, penalty=l2, → 0.7496
2026-01-22 01:55:36,815 - __main__ - INFO -     Trial 25/100: C=0.163848, sag, penalty=l2, → 0.7566
2026-01-22 01:57:31,504 - __main__ - INFO -     Trial 26/100: C=0.123381, sag, penalty=l2, → 0.7444
2026-01-22 01:58:11,790 - __main__ - INFO -     Trial 27/100: C=0.132828, newton-cg, penalty=l2, → 0.6752
2026-01-22 01:59:30,484 - __main__ - INFO -     Trial 28/100: C=0.158394, sag, penalty=l2, → 0.7472
2026-01-22 02:00:59,574 - __main__ - INFO -     Trial 29/100: C=0.419465, sag, penalty=l2, → 0.7541
2026-01-22 02:01:41,601 - __main__ - INFO -     Trial 30/100: C=0.057793, newton-cg, penalty=l2, → 0.6842
2026-01-22 02:03:23,365 - __main__ - INFO -     Trial 31/100: C=0.019906, sag, penalty=l2, → 0.7436
2026-01-22 02:04:51,674 - __main__ - INFO -     Trial 32/100: C=0.427724, sag, penalty=l2, → 0.7450
2026-01-22 02:06:21,598 - __main__ - INFO -     Trial 33/100: C=0.433121, sag, penalty=l2, → 0.7468
2026-01-22 02:07:59,875 - __main__ - INFO -     Trial 34/100: C=0.087552, sag, penalty=l2, → 0.7395
2026-01-22 02:09:22,673 - __main__ - INFO -     Trial 35/100: C=0.009086, sag, penalty=l2, → 0.7333
2026-01-22 02:10:39,678 - __main__ - INFO -     Trial 36/100: C=0.185657, sag, penalty=l2, → 0.7647 ⭐ New Best!
2026-01-22 02:11:54,816 - __main__ - INFO -     Trial 37/100: C=0.198228, sag, penalty=l2, → 0.7520
2026-01-22 02:12:27,982 - __main__ - INFO -     Trial 38/100: C=0.041861, newton-cg, penalty=l2, → 0.7247
2026-01-22 02:14:39,070 - __main__ - INFO -     Trial 39/100: C=0.088789, sag, penalty=l2, → 0.7402
2026-01-22 02:15:23,993 - __main__ - INFO -     Trial 40/100: C=0.275583, newton-cg, penalty=l2, → 0.6754
2026-01-22 02:17:16,350 - __main__ - INFO -     Trial 41/100: C=0.057972, sag, penalty=l2, → 0.7562
2026-01-22 02:20:35,068 - __main__ - INFO -     Trial 42/100: C=0.057686, sag, penalty=l2, → 0.7414
2026-01-22 02:22:37,116 - __main__ - INFO -     Trial 43/100: C=0.026133, sag, penalty=l2, → 0.7383
2026-01-22 02:24:41,201 - __main__ - INFO -     Trial 44/100: C=0.168930, sag, penalty=l2, → 0.7396
2026-01-22 02:26:10,139 - __main__ - INFO -     Trial 45/100: C=0.001066, sag, penalty=l2, → 0.5970
2026-01-22 02:28:33,551 - __main__ - INFO -     Trial 46/100: C=0.113396, sag, penalty=l2, → 0.7500
2026-01-22 02:31:17,099 - __main__ - INFO -     Trial 47/100: C=0.079179, sag, penalty=l2, → 0.7415
2026-01-22 02:34:07,131 - __main__ - INFO -     Trial 48/100: C=0.055929, sag, penalty=l2, → 0.7554
2026-01-22 02:35:04,648 - __main__ - INFO -     Trial 49/100: C=0.011838, newton-cg, penalty=l2, → 0.7533
2026-01-22 02:37:48,582 - __main__ - INFO -     Trial 50/100: C=0.046926, sag, penalty=l2, → 0.7444
2026-01-22 02:39:34,277 - __main__ - INFO -     Trial 51/100: C=0.022178, sag, penalty=l2, → 0.7456
2026-01-22 02:40:42,450 - __main__ - INFO -     Trial 52/100: C=0.066777, sag, penalty=l2, → 0.7305
2026-01-22 02:42:16,762 - __main__ - INFO -     Trial 53/100: C=0.325495, sag, penalty=l2, → 0.7516
2026-01-22 02:44:19,939 - __main__ - INFO -     Trial 54/100: C=0.155314, sag, penalty=l2, → 0.7412
2026-01-22 02:46:35,618 - __main__ - INFO -     Trial 55/100: C=0.587041, sag, penalty=l2, → 0.7396
2026-01-22 02:48:32,290 - __main__ - INFO -     Trial 56/100: C=0.034198, sag, penalty=l2, → 0.7493
2026-01-22 02:49:48,499 - __main__ - INFO -     Trial 57/100: C=0.002132, sag, penalty=l2, → 0.6762
2026-01-22 02:51:20,548 - __main__ - INFO -     Trial 58/100: C=0.107243, sag, penalty=l2, → 0.7517
2026-01-22 02:53:30,588 - __main__ - INFO -     Trial 59/100: C=0.013724, sag, penalty=l2, → 0.7375
2026-01-22 02:55:21,215 - __main__ - INFO -     Trial 60/100: C=0.203894, sag, penalty=l2, → 0.7455
2026-01-22 02:56:04,713 - __main__ - INFO -     Trial 61/100: C=0.049868, newton-cg, penalty=l2, → 0.6908
2026-01-22 02:57:23,654 - __main__ - INFO -     Trial 62/100: C=0.326872, sag, penalty=l2, → 0.7511
2026-01-22 02:58:43,231 - __main__ - INFO -     Trial 63/100: C=0.074136, sag, penalty=l2, → 0.7588
2026-01-22 02:59:55,031 - __main__ - INFO -     Trial 64/100: C=0.077206, sag, penalty=l2, → 0.7501
2026-01-22 03:01:02,772 - __main__ - INFO -     Trial 65/100: C=0.118988, sag, penalty=l2, → 0.7416
2026-01-22 03:02:23,818 - __main__ - INFO -     Trial 66/100: C=0.138170, sag, penalty=l2, → 0.7425
2026-01-22 03:04:08,282 - __main__ - INFO -     Trial 67/100: C=0.064390, sag, penalty=l2, → 0.7552
2026-01-22 03:05:49,912 - __main__ - INFO -     Trial 68/100: C=0.028881, sag, penalty=l2, → 0.7448
2026-01-22 03:07:50,733 - __main__ - INFO -     Trial 69/100: C=0.038901, sag, penalty=l2, → 0.7340
2026-01-22 03:09:14,982 - __main__ - INFO -     Trial 70/100: C=0.208388, sag, penalty=l2, → 0.7424
2026-01-22 03:11:18,105 - __main__ - INFO -     Trial 71/100: C=0.017426, sag, penalty=l2, → 0.7527
2026-01-22 03:13:05,766 - __main__ - INFO -     Trial 72/100: C=0.062152, sag, penalty=l2, → 0.7513
2026-01-22 03:14:44,893 - __main__ - INFO -     Trial 73/100: C=0.096672, sag, penalty=l2, → 0.7466
2026-01-22 03:16:37,946 - __main__ - INFO -     Trial 74/100: C=0.056561, sag, penalty=l2, → 0.7503
2026-01-22 03:18:10,101 - __main__ - INFO -     Trial 75/100: C=0.070686, sag, penalty=l2, → 0.7421
2026-01-22 03:19:50,654 - __main__ - INFO -     Trial 76/100: C=0.174612, sag, penalty=l2, → 0.7468
2026-01-22 03:20:22,976 - __main__ - INFO -     Trial 77/100: C=0.025018, newton-cg, penalty=l2, → 0.7333
2026-01-22 03:22:30,691 - __main__ - INFO -     Trial 78/100: C=0.047127, sag, penalty=l2, → 0.7489
2026-01-22 03:23:58,713 - __main__ - INFO -     Trial 79/100: C=0.099263, sag, penalty=l2, → 0.7425
2026-01-22 03:26:01,037 - __main__ - INFO -     Trial 80/100: C=0.033754, sag, penalty=l2, → 0.7553
2026-01-22 03:28:17,848 - __main__ - INFO -     Trial 81/100: C=0.032114, sag, penalty=l2, → 0.7453
2026-01-22 03:29:37,148 - __main__ - INFO -     Trial 82/100: C=0.016481, sag, penalty=l2, → 0.7443
2026-01-22 03:31:28,800 - __main__ - INFO -     Trial 83/100: C=0.136743, sag, penalty=l2, → 0.7492
2026-01-22 03:33:13,936 - __main__ - INFO -     Trial 84/100: C=0.010611, sag, penalty=l2, → 0.7374
2026-01-22 03:36:25,351 - __main__ - INFO -     Trial 85/100: C=0.085976, sag, penalty=l2, → 0.7409
2026-01-22 03:37:34,513 - __main__ - INFO -     Trial 86/100: C=0.050855, sag, penalty=l2, → 0.7434
2026-01-22 03:39:17,452 - __main__ - INFO -     Trial 87/100: C=0.022187, sag, penalty=l2, → 0.7452
2026-01-22 03:40:01,443 - __main__ - INFO -     Trial 88/100: C=0.042305, newton-cg, penalty=l2, → 0.6852
2026-01-22 03:43:08,314 - __main__ - INFO -     Trial 89/100: C=0.247941, sag, penalty=l2, → 0.7331
2026-01-22 03:45:01,759 - __main__ - INFO -     Trial 90/100: C=0.068902, sag, penalty=l2, → 0.7390
2026-01-22 03:47:58,230 - __main__ - INFO - ================================================================================
2026-01-22 03:47:58,231 - __main__ - INFO - CONFIGURATION
2026-01-22 03:47:58,231 - __main__ - INFO - ================================================================================
2026-01-22 03:47:58,231 - __main__ - INFO -   Rest data: /home/sjoon/projects/brain_connectivity_classifier/data/raw/PIOP2_restingstate.csv
2026-01-22 03:47:58,231 - __main__ - INFO -   Task data: /home/sjoon/projects/brain_connectivity_classifier/data/raw/PIOP1_gstroop.csv
2026-01-22 03:47:58,231 - __main__ - INFO -   Output dir: /home/sjoon/projects/brain_connectivity_classifier/data/results/full_connectivity_analysis
2026-01-22 03:47:58,231 - __main__ - INFO -   Diagonal strategy: random
2026-01-22 03:47:58,231 - __main__ - INFO -   N folds: 5
2026-01-22 03:47:58,231 - __main__ - INFO -   Tune hyperparams: True
2026-01-22 03:47:58,231 - __main__ - INFO -   Test on task: True
2026-01-22 03:47:58,231 - __main__ - INFO -   N jobs: -1
2026-01-22 03:47:58,231 - __main__ - INFO -   Optuna N jobs: 1
2026-01-22 03:47:58,231 - __main__ - INFO - ================================================================================

2026-01-22 03:47:58,231 - __main__ - INFO - 
================================================================================
2026-01-22 03:47:58,231 - __main__ - INFO - TRAINING FULL CONNECTIVITY - ONE-VS-REST
2026-01-22 03:47:58,231 - __main__ - INFO - ================================================================================

2026-01-22 03:47:58,232 - __main__ - INFO - Loading resting-state data...
2026-01-22 03:48:02,509 - __main__ - INFO - 
Clipping off-diagonal values to [-0.999, 0.999]
2026-01-22 03:48:02,533 - __main__ - INFO - Data: 224 subjects, 232 regions
2026-01-22 03:48:02,533 - __main__ - INFO - Diagonal strategy: random
2026-01-22 03:48:02,533 - __main__ - INFO - 
================================================================================
2026-01-22 03:48:02,533 - __main__ - INFO - CROSS-VALIDATION (5 folds)
2026-01-22 03:48:02,533 - __main__ - INFO - ================================================================================
2026-01-22 03:48:02,548 - __main__ - INFO - 
================================================================================
2026-01-22 03:48:02,548 - __main__ - INFO - Fold 1/5
2026-01-22 03:48:02,548 - __main__ - INFO - ================================================================================
2026-01-22 03:48:02,559 - __main__ - INFO -   Train: 179 subjects
2026-01-22 03:48:02,559 - __main__ - INFO -   Test:  45 subjects
2026-01-22 03:48:02,596 - __main__ - INFO -   Random imputation seeds: train=1042, test=2042
2026-01-22 03:48:02,913 - __main__ - INFO - 
  Hyperparameter optimization for Fold 1
2026-01-22 03:48:02,914 - __main__ - INFO -     50 trials, each training 232 classifiers
2026-01-22 03:49:30,779 - __main__ - INFO -       Trial 1/50: C=0.055147, sag → 0.7489 ⭐ New Best!
2026-01-22 03:52:06,157 - __main__ - INFO -       Trial 2/50: C=0.101183, sag → 0.7390
2026-01-22 03:53:43,669 - __main__ - INFO -       Trial 3/50: C=0.023407, sag → 0.7414
2026-01-22 03:54:57,309 - __main__ - INFO -       Trial 4/50: C=0.136078, sag → 0.7496 ⭐ New Best!
2026-01-22 03:57:37,467 - __main__ - INFO -       Trial 5/50: C=0.190572, sag → 0.7449
2026-01-22 03:59:22,158 - __main__ - INFO -       Trial 6/50: C=0.032865, sag → 0.7496
2026-01-22 04:01:02,032 - __main__ - INFO -       Trial 7/50: C=0.064422, sag → 0.7362
2026-01-22 04:02:58,310 - __main__ - INFO -       Trial 8/50: C=0.029180, sag → 0.7511 ⭐ New Best!
2026-01-22 04:05:21,083 - __main__ - INFO -       Trial 9/50: C=0.068772, sag → 0.7367
2026-01-22 04:08:07,491 - __main__ - INFO -       Trial 10/50: C=0.080504, sag → 0.7401
2026-01-22 04:10:06,955 - __main__ - INFO -       Trial 11/50: C=0.035092, sag → 0.7373
2026-01-22 04:11:24,428 - __main__ - INFO -       Trial 12/50: C=0.163748, sag → 0.7476
2026-01-22 04:12:54,188 - __main__ - INFO -       Trial 13/50: C=0.266050, sag → 0.7498
2026-01-22 04:15:06,600 - __main__ - INFO -       Trial 14/50: C=0.296605, sag → 0.7426
2026-01-22 04:16:33,416 - __main__ - INFO -       Trial 15/50: C=0.264049, sag → 0.7386
2026-01-22 04:18:34,364 - __main__ - INFO -       Trial 16/50: C=0.038315, sag → 0.7502
2026-01-22 04:20:30,350 - __main__ - INFO -       Trial 17/50: C=0.020367, sag → 0.7352
2026-01-22 04:22:28,218 - __main__ - INFO -       Trial 18/50: C=0.043868, sag → 0.7256
2026-01-22 04:28:57,359 - __main__ - INFO - ================================================================================
2026-01-22 04:28:57,359 - __main__ - INFO - CONFIGURATION
2026-01-22 04:28:57,359 - __main__ - INFO - ================================================================================
2026-01-22 04:28:57,359 - __main__ - INFO -   Rest data: /home/sjoon/projects/brain_connectivity_classifier/data/raw/PIOP2_restingstate.csv
2026-01-22 04:28:57,359 - __main__ - INFO -   Task data: /home/sjoon/projects/brain_connectivity_classifier/data/raw/PIOP1_gstroop.csv
2026-01-22 04:28:57,359 - __main__ - INFO -   Output dir: /home/sjoon/projects/brain_connectivity_classifier/data/results/full_connectivity_analysis
2026-01-22 04:28:57,359 - __main__ - INFO -   Diagonal strategy: random
2026-01-22 04:28:57,359 - __main__ - INFO -   N folds: 3
2026-01-22 04:28:57,359 - __main__ - INFO -   Tune hyperparams: True
2026-01-22 04:28:57,359 - __main__ - INFO -   Test on task: True
2026-01-22 04:28:57,359 - __main__ - INFO -   N jobs: -1
2026-01-22 04:28:57,359 - __main__ - INFO -   Optuna N jobs: 1
2026-01-22 04:28:57,359 - __main__ - INFO -   class_weight: 'balanced' (fixed for all OvR classifiers)
2026-01-22 04:28:57,359 - __main__ - INFO - ================================================================================

2026-01-22 04:28:57,359 - __main__ - INFO - 
================================================================================
2026-01-22 04:28:57,359 - __main__ - INFO - TRAINING FULL CONNECTIVITY - ONE-VS-REST
2026-01-22 04:28:57,359 - __main__ - INFO - ================================================================================

2026-01-22 04:28:57,359 - __main__ - INFO - NOTE: class_weight='balanced' is now fixed for all OvR binary classifiers
2026-01-22 04:28:57,360 - __main__ - INFO - Loading resting-state data...
2026-01-22 04:29:01,585 - __main__ - INFO - 
Clipping off-diagonal values to [-0.999, 0.999]
2026-01-22 04:29:01,609 - __main__ - INFO - Data: 224 subjects, 232 regions
2026-01-22 04:29:01,609 - __main__ - INFO - Diagonal strategy: random
2026-01-22 04:29:01,609 - __main__ - INFO - 
================================================================================
2026-01-22 04:29:01,609 - __main__ - INFO - CROSS-VALIDATION (3 folds)
2026-01-22 04:29:01,609 - __main__ - INFO - ================================================================================
2026-01-22 04:29:01,624 - __main__ - INFO - 
================================================================================
2026-01-22 04:29:01,624 - __main__ - INFO - Fold 1/3
2026-01-22 04:29:01,624 - __main__ - INFO - ================================================================================
2026-01-22 04:29:01,635 - __main__ - INFO -   Train: 149 subjects
2026-01-22 04:29:01,635 - __main__ - INFO -   Test:  75 subjects
2026-01-22 04:29:01,672 - __main__ - INFO -   Random imputation seeds: train=1042, test=2042
2026-01-22 04:29:01,989 - __main__ - INFO - 
  Hyperparameter optimization for Fold 1
2026-01-22 04:29:01,989 - __main__ - INFO -     15 trials, each training 232 classifiers
2026-01-22 05:06:44,467 - __main__ - INFO - ================================================================================
2026-01-22 05:06:44,467 - __main__ - INFO - CONFIGURATION
2026-01-22 05:06:44,467 - __main__ - INFO - ================================================================================
2026-01-22 05:06:44,467 - __main__ - INFO -   Rest data: /home/sjoon/projects/brain_connectivity_classifier/data/raw/PIOP2_restingstate.csv
2026-01-22 05:06:44,467 - __main__ - INFO -   Task data: /home/sjoon/projects/brain_connectivity_classifier/data/raw/PIOP1_gstroop.csv
2026-01-22 05:06:44,467 - __main__ - INFO -   Output dir: /home/sjoon/projects/brain_connectivity_classifier/data/results/full_connectivity_analysis
2026-01-22 05:06:44,467 - __main__ - INFO -   Diagonal strategy: random
2026-01-22 05:06:44,467 - __main__ - INFO -   N folds: 3
2026-01-22 05:06:44,467 - __main__ - INFO -   Tune hyperparams: True
2026-01-22 05:06:44,467 - __main__ - INFO -   Test on task: True
2026-01-22 05:06:44,467 - __main__ - INFO -   N jobs: -1
2026-01-22 05:06:44,467 - __main__ - INFO -   Optuna N jobs: 1
2026-01-22 05:06:44,467 - __main__ - INFO -   class_weight: 'balanced' (fixed for all OvR classifiers)
2026-01-22 05:06:44,467 - __main__ - INFO - ================================================================================

2026-01-22 05:06:44,467 - __main__ - INFO - 
================================================================================
2026-01-22 05:06:44,467 - __main__ - INFO - TRAINING FULL CONNECTIVITY - ONE-VS-REST
2026-01-22 05:06:44,467 - __main__ - INFO - ================================================================================

2026-01-22 05:06:44,467 - __main__ - INFO - NOTE: class_weight='balanced' is now fixed for all OvR binary classifiers
2026-01-22 05:06:44,468 - __main__ - INFO - Loading resting-state data...
2026-01-22 05:06:48,657 - __main__ - INFO - 
Clipping off-diagonal values to [-0.999, 0.999]
2026-01-22 05:06:48,680 - __main__ - INFO - Data: 224 subjects, 232 regions
2026-01-22 05:06:48,680 - __main__ - INFO - Diagonal strategy: random
2026-01-22 05:06:48,680 - __main__ - INFO - 
================================================================================
2026-01-22 05:06:48,680 - __main__ - INFO - CROSS-VALIDATION (3 folds)
2026-01-22 05:06:48,680 - __main__ - INFO - ================================================================================
2026-01-22 05:06:48,695 - __main__ - INFO - 
================================================================================
2026-01-22 05:06:48,695 - __main__ - INFO - Fold 1/3
2026-01-22 05:06:48,695 - __main__ - INFO - ================================================================================
2026-01-22 05:06:48,706 - __main__ - INFO -   Train: 149 subjects
2026-01-22 05:06:48,706 - __main__ - INFO -   Test:  75 subjects
2026-01-22 05:06:48,744 - __main__ - INFO -   Random imputation seeds: train=1042, test=2042
2026-01-22 05:06:49,060 - __main__ - INFO - 
  Hyperparameter optimization for Fold 1
2026-01-22 05:06:49,060 - __main__ - INFO -     15 trials, each training 232 classifiers
2026-01-22 05:30:04,398 - __main__ - INFO - ================================================================================
2026-01-22 05:30:04,398 - __main__ - INFO - CONFIGURATION
2026-01-22 05:30:04,399 - __main__ - INFO - ================================================================================
2026-01-22 05:30:04,399 - __main__ - INFO -   Rest data: /home/sjoon/projects/brain_connectivity_classifier/data/raw/PIOP2_restingstate.csv
2026-01-22 05:30:04,399 - __main__ - INFO -   Task data: /home/sjoon/projects/brain_connectivity_classifier/data/raw/PIOP1_gstroop.csv
2026-01-22 05:30:04,399 - __main__ - INFO -   Output dir: /home/sjoon/projects/brain_connectivity_classifier/data/results/full_connectivity_analysis
2026-01-22 05:30:04,399 - __main__ - INFO -   Diagonal strategy: random
2026-01-22 05:30:04,399 - __main__ - INFO -   N folds: 3
2026-01-22 05:30:04,399 - __main__ - INFO -   Tune hyperparams: True
2026-01-22 05:30:04,399 - __main__ - INFO -   Test on task: True
2026-01-22 05:30:04,399 - __main__ - INFO -   N jobs: -1
2026-01-22 05:30:04,399 - __main__ - INFO -   Optuna N jobs: 1
2026-01-22 05:30:04,399 - __main__ - INFO -   class_weight: 'balanced' (fixed for all OvR classifiers)
2026-01-22 05:30:04,399 - __main__ - INFO - ================================================================================

2026-01-22 05:30:04,399 - __main__ - INFO - 
================================================================================
2026-01-22 05:30:04,399 - __main__ - INFO - TRAINING FULL CONNECTIVITY - ONE-VS-REST
2026-01-22 05:30:04,399 - __main__ - INFO - ================================================================================

2026-01-22 05:30:04,399 - __main__ - INFO - NOTE: class_weight='balanced' is now fixed for all OvR binary classifiers
2026-01-22 05:30:04,399 - __main__ - INFO - Loading resting-state data...
2026-01-22 05:30:08,568 - __main__ - INFO - 
Clipping off-diagonal values to [-0.999, 0.999]
2026-01-22 05:30:08,591 - __main__ - INFO - Data: 224 subjects, 232 regions
2026-01-22 05:30:08,591 - __main__ - INFO - Diagonal strategy: random
2026-01-22 05:30:08,591 - __main__ - INFO - 
================================================================================
2026-01-22 05:30:08,591 - __main__ - INFO - CROSS-VALIDATION (3 folds)
2026-01-22 05:30:08,591 - __main__ - INFO - ================================================================================
2026-01-22 05:30:08,606 - __main__ - INFO - 
================================================================================
2026-01-22 05:30:08,606 - __main__ - INFO - Fold 1/3
2026-01-22 05:30:08,606 - __main__ - INFO - ================================================================================
2026-01-22 05:30:08,616 - __main__ - INFO -   Train: 149 subjects
2026-01-22 05:30:08,616 - __main__ - INFO -   Test:  75 subjects
2026-01-22 05:30:08,655 - __main__ - INFO -   Random imputation seeds: train=1042, test=2042
2026-01-22 05:30:08,973 - __main__ - INFO - 
  Hyperparameter optimization for Fold 1
2026-01-22 05:30:08,973 - __main__ - INFO -     15 trials, each training 232 classifiers
2026-01-22 11:01:31,047 - __main__ - INFO -       Trial 1/15: C=0.031489, sag → 0.2418 ⭐ New Best!
2026-01-22 11:31:37,348 - __main__ - INFO - ================================================================================
2026-01-22 11:31:37,349 - __main__ - INFO - CONFIGURATION
2026-01-22 11:31:37,349 - __main__ - INFO - ================================================================================
2026-01-22 11:31:37,349 - __main__ - INFO -   Rest data: /home/sjoon/projects/brain_connectivity_classifier/data/raw/PIOP2_restingstate.csv
2026-01-22 11:31:37,349 - __main__ - INFO -   Task data: /home/sjoon/projects/brain_connectivity_classifier/data/raw/PIOP1_gstroop.csv
2026-01-22 11:31:37,349 - __main__ - INFO -   Output dir: /home/sjoon/projects/brain_connectivity_classifier/data/results/full_connectivity_analysis
2026-01-22 11:31:37,349 - __main__ - INFO -   Diagonal strategy: random
2026-01-22 11:31:37,349 - __main__ - INFO -   N folds: 3
2026-01-22 11:31:37,349 - __main__ - INFO -   Tune hyperparams: True
2026-01-22 11:31:37,349 - __main__ - INFO -   Test on task: True
2026-01-22 11:31:37,349 - __main__ - INFO -   N jobs: -1
2026-01-22 11:31:37,349 - __main__ - INFO -   Optuna N jobs: 1
2026-01-22 11:31:37,349 - __main__ - INFO - ================================================================================

2026-01-22 11:31:37,349 - __main__ - INFO - 
================================================================================
2026-01-22 11:31:37,349 - __main__ - INFO - TRAINING FULL CONNECTIVITY - ONE-VS-REST
2026-01-22 11:31:37,349 - __main__ - INFO - ================================================================================

2026-01-22 11:31:37,349 - __main__ - INFO - Loading resting-state data...
2026-01-22 11:31:41,586 - __main__ - INFO - 
Clipping off-diagonal values to [-0.999, 0.999]
2026-01-22 11:31:41,609 - __main__ - INFO - Data: 224 subjects, 232 regions
2026-01-22 11:31:41,610 - __main__ - INFO - Diagonal strategy: random
2026-01-22 11:31:41,610 - __main__ - INFO - 
================================================================================
2026-01-22 11:31:41,610 - __main__ - INFO - CROSS-VALIDATION (3 folds)
2026-01-22 11:31:41,610 - __main__ - INFO - ================================================================================
2026-01-22 11:31:41,624 - __main__ - INFO - 
================================================================================
2026-01-22 11:31:41,625 - __main__ - INFO - Fold 1/3
2026-01-22 11:31:41,625 - __main__ - INFO - ================================================================================
2026-01-22 11:31:41,635 - __main__ - INFO -   Train: 149 subjects
2026-01-22 11:31:41,635 - __main__ - INFO -   Test:  75 subjects
2026-01-22 11:31:41,673 - __main__ - INFO -   Random imputation seeds: train=1042, test=2042
2026-01-22 11:31:41,989 - __main__ - INFO - 
  Hyperparameter optimization for Fold 1
2026-01-22 11:31:41,989 - __main__ - INFO -     15 trials, each training 232 classifiers
2026-01-22 11:35:45,859 - __main__ - INFO -       Trial 1/15: C=0.007459, sag → 0.7330 ⭐ New Best!
2026-01-22 11:37:16,449 - __main__ - INFO -       Trial 2/15: C=0.000603, saga → 0.5924
2026-01-22 11:39:28,137 - __main__ - INFO -       Trial 3/15: C=0.000127, sag → 0.3915
2026-01-22 11:42:05,297 - __main__ - INFO -       Trial 4/15: C=0.000826, saga → 0.6257
2026-01-22 11:47:18,735 - __main__ - INFO -       Trial 5/15: C=0.114621, saga → 0.7375 ⭐ New Best!
2026-01-22 12:15:48,983 - __main__ - INFO -       Trial 6/15: C=0.843101, saga → 0.6963
2026-01-22 12:16:40,703 - __main__ - INFO -       Trial 7/15: C=0.109075, sag → 0.7218
2026-01-22 12:21:15,152 - __main__ - INFO -       Trial 8/15: C=1.101506, sag → 0.7175
2026-01-22 12:24:02,695 - __main__ - INFO -       Trial 9/15: C=0.000408, sag → 0.5501
2026-01-22 12:25:03,747 - __main__ - INFO - ================================================================================
2026-01-22 12:25:03,747 - __main__ - INFO - CONFIGURATION
2026-01-22 12:25:03,747 - __main__ - INFO - ================================================================================
2026-01-22 12:25:03,747 - __main__ - INFO -   Rest data: /home/sjoon/projects/brain_connectivity_classifier/data/raw/PIOP2_restingstate.csv
2026-01-22 12:25:03,747 - __main__ - INFO -   Task data: /home/sjoon/projects/brain_connectivity_classifier/data/raw/PIOP1_gstroop.csv
2026-01-22 12:25:03,747 - __main__ - INFO -   Output dir: /home/sjoon/projects/brain_connectivity_classifier/data/results/full_connectivity_analysis
2026-01-22 12:25:03,747 - __main__ - INFO -   Diagonal strategy: random
2026-01-22 12:25:03,747 - __main__ - INFO -   N folds: 3
2026-01-22 12:25:03,747 - __main__ - INFO -   Tune hyperparams: True
2026-01-22 12:25:03,747 - __main__ - INFO -   Test on task: True
2026-01-22 12:25:03,748 - __main__ - INFO -   N jobs: -1
2026-01-22 12:25:03,748 - __main__ - INFO -   Optuna N jobs: 1
2026-01-22 12:25:03,748 - __main__ - INFO - ================================================================================

2026-01-22 12:25:03,748 - __main__ - INFO - 
================================================================================
2026-01-22 12:25:03,748 - __main__ - INFO - TRAINING FULL CONNECTIVITY - ONE-VS-REST
2026-01-22 12:25:03,748 - __main__ - INFO - ================================================================================

2026-01-22 12:25:03,748 - __main__ - INFO - Loading resting-state data...
2026-01-22 12:25:08,125 - __main__ - INFO - 
Clipping off-diagonal values to [-0.999, 0.999]
2026-01-22 12:25:08,166 - __main__ - INFO - Data: 224 subjects, 232 regions
2026-01-22 12:25:08,166 - __main__ - INFO - Diagonal strategy: random
2026-01-22 12:25:08,166 - __main__ - INFO - 
================================================================================
2026-01-22 12:25:08,167 - __main__ - INFO - CROSS-VALIDATION (3 folds)
2026-01-22 12:25:08,167 - __main__ - INFO - ================================================================================
2026-01-22 12:25:08,182 - __main__ - INFO - 
================================================================================
2026-01-22 12:25:08,182 - __main__ - INFO - Fold 1/3
2026-01-22 12:25:08,182 - __main__ - INFO - ================================================================================
2026-01-22 12:25:08,193 - __main__ - INFO -   Train: 149 subjects
2026-01-22 12:25:08,193 - __main__ - INFO -   Test:  75 subjects
2026-01-22 12:25:08,245 - __main__ - INFO -   Random imputation seeds: train=1042, test=2042
2026-01-22 12:25:08,584 - __main__ - INFO - 
  Hyperparameter optimization for Fold 1
2026-01-22 12:25:08,584 - __main__ - INFO -     15 trials, each training 232 classifiers
2026-01-22 12:26:26,467 - __main__ - INFO -       Trial 1/15: C=0.010254, sag → 0.7286 ⭐ New Best!
2026-01-22 12:30:57,519 - __main__ - INFO -       Trial 2/15: C=0.041282, sag → 0.7431 ⭐ New Best!
2026-01-22 12:32:44,400 - __main__ - INFO -       Trial 3/15: C=0.001435, sag → 0.6295
2026-01-22 12:33:35,866 - __main__ - INFO -       Trial 4/15: C=0.081483, sag → 0.7355
2026-01-22 12:40:49,514 - __main__ - INFO -       Trial 5/15: C=0.176497, sag → 0.7116
2026-01-22 12:42:47,540 - __main__ - INFO -       Trial 6/15: C=0.003126, sag → 0.6915
2026-01-22 12:44:23,883 - __main__ - INFO -       Trial 7/15: C=0.014649, sag → 0.7132
2026-01-22 12:47:08,579 - __main__ - INFO -       Trial 8/15: C=0.002380, sag → 0.6907
2026-01-22 12:50:26,923 - __main__ - INFO -       Trial 9/15: C=0.017018, sag → 0.7445 ⭐ New Best!
2026-01-22 12:54:45,813 - __main__ - INFO -       Trial 10/15: C=0.024429, sag → 0.7421
2026-01-22 13:00:18,898 - __main__ - INFO -       Trial 11/15: C=0.355545, sag → 0.7122
2026-01-22 13:05:06,576 - __main__ - INFO -       Trial 12/15: C=0.042070, sag → 0.7394
2026-01-22 13:08:50,145 - __main__ - INFO -       Trial 13/15: C=0.006632, sag → 0.7226
2026-01-22 13:13:21,128 - __main__ - INFO -       Trial 14/15: C=0.054621, sag → 0.7353
2026-01-22 13:16:27,318 - __main__ - INFO -       Trial 15/15: C=0.122308, sag → 0.7276
2026-01-22 13:16:27,321 - __main__ - INFO - 
    ⭐ BEST HYPERPARAMETERS (Fold 1):
2026-01-22 13:16:27,321 - __main__ - INFO -        C=0.017018, solver=sag, tol=0.002508, max_iter=1200
2026-01-22 13:16:27,321 - __main__ - INFO -        Validation Accuracy: 0.7445
2026-01-22 13:16:27,321 - __main__ - INFO -        Optimization Time: 3078.7s
2026-01-22 13:16:27,321 - __main__ - INFO - 
  Using hyperparameters for this fold:
2026-01-22 13:16:27,321 - __main__ - INFO -     C=0.017018, solver=sag, penalty=l2, tol=0.002508, max_iter=1200
2026-01-22 13:16:27,321 - __main__ - INFO -   Scaling: Train (34568, 232), Test (17400, 232)
2026-01-22 13:16:27,417 - __main__ - INFO -   Train mean=0.0000, Test mean=0.0042
2026-01-22 13:16:27,417 - __main__ - INFO -   Training 232 OvR classifiers...
2026-01-22 13:16:27,417 - __main__ - INFO -     C=0.017018, sag, penalty=l2, tol=0.002508
2026-01-22 13:21:37,398 - __main__ - INFO -   ✓ Fold 1: Train Acc=0.8298, Val Acc=0.7510, Time=306.38s
2026-01-22 13:21:37,404 - __main__ - INFO - 
================================================================================
2026-01-22 13:21:37,404 - __main__ - INFO - Fold 2/3
2026-01-22 13:21:37,404 - __main__ - INFO - ================================================================================
2026-01-22 13:21:37,423 - __main__ - INFO -   Train: 149 subjects
2026-01-22 13:21:37,423 - __main__ - INFO -   Test:  75 subjects
2026-01-22 13:21:37,484 - __main__ - INFO -   Random imputation seeds: train=2042, test=3042
2026-01-22 13:21:37,808 - __main__ - INFO - 
  Hyperparameter optimization for Fold 2
2026-01-22 13:21:37,808 - __main__ - INFO -     15 trials, each training 232 classifiers
2026-01-22 13:22:55,755 - __main__ - INFO -       Trial 1/15: C=0.041443, sag → 0.7408 ⭐ New Best!
2026-01-22 13:23:55,667 - __main__ - INFO -       Trial 2/15: C=0.001655, sag → 0.6399
2026-01-22 13:25:28,711 - __main__ - INFO -       Trial 3/15: C=0.015608, sag → 0.7392
2026-01-22 13:28:14,183 - __main__ - INFO -       Trial 4/15: C=0.002200, sag → 0.6884
2026-01-22 13:33:45,758 - __main__ - INFO -       Trial 5/15: C=0.005639, sag → 0.7218
2026-01-22 13:34:40,676 - __main__ - INFO -       Trial 6/15: C=0.007403, sag → 0.7174
2026-01-22 13:36:32,651 - __main__ - INFO -       Trial 7/15: C=0.274909, sag → 0.7364
2026-01-22 13:40:41,391 - __main__ - INFO -       Trial 8/15: C=0.001200, sag → 0.6520
2026-01-22 13:41:51,023 - __main__ - INFO -       Trial 9/15: C=0.081803, sag → 0.7417 ⭐ New Best!
2026-01-22 13:42:34,051 - __main__ - INFO -       Trial 10/15: C=0.001082, sag → 0.5905
2026-01-22 13:46:39,563 - __main__ - INFO -       Trial 11/15: C=0.138694, sag → 0.7210
2026-01-22 13:48:01,587 - __main__ - INFO -       Trial 12/15: C=0.063547, sag → 0.7223
2026-01-22 13:48:52,080 - __main__ - INFO -       Trial 13/15: C=0.041731, sag → 0.7351
2026-01-22 13:52:04,152 - __main__ - INFO -       Trial 14/15: C=0.453704, sag → 0.7352
2026-01-22 13:53:21,035 - __main__ - INFO -       Trial 15/15: C=0.081523, sag → 0.7487 ⭐ New Best!
2026-01-22 13:53:21,044 - __main__ - INFO - 
    ⭐ BEST HYPERPARAMETERS (Fold 2):
2026-01-22 13:53:21,044 - __main__ - INFO -        C=0.081523, solver=sag, tol=0.039805, max_iter=1191
2026-01-22 13:53:21,044 - __main__ - INFO -        Validation Accuracy: 0.7487
2026-01-22 13:53:21,045 - __main__ - INFO -        Optimization Time: 1903.2s
2026-01-22 13:53:21,045 - __main__ - INFO - 
  Using hyperparameters for this fold:
2026-01-22 13:53:21,045 - __main__ - INFO -     C=0.081523, solver=sag, penalty=l2, tol=0.039805, max_iter=1191
2026-01-22 13:53:21,045 - __main__ - INFO -   Scaling: Train (34568, 232), Test (17400, 232)
2026-01-22 13:53:21,218 - __main__ - INFO -   Train mean=0.0000, Test mean=0.0016
2026-01-22 13:53:21,218 - __main__ - INFO -   Training 232 OvR classifiers...
2026-01-22 13:53:21,218 - __main__ - INFO -     C=0.081523, sag, penalty=l2, tol=0.039805
2026-01-22 13:55:04,448 - __main__ - INFO -   ✓ Fold 2: Train Acc=0.8354, Val Acc=0.7301, Time=99.02s
2026-01-22 13:55:04,450 - __main__ - INFO - 
================================================================================
2026-01-22 13:55:04,450 - __main__ - INFO - Fold 3/3
2026-01-22 13:55:04,451 - __main__ - INFO - ================================================================================
2026-01-22 13:55:04,462 - __main__ - INFO -   Train: 150 subjects
2026-01-22 13:55:04,462 - __main__ - INFO -   Test:  74 subjects
2026-01-22 13:55:04,693 - __main__ - INFO -   Random imputation seeds: train=3042, test=4042
2026-01-22 13:55:05,988 - __main__ - INFO - 
  Hyperparameter optimization for Fold 3
2026-01-22 13:55:05,988 - __main__ - INFO -     15 trials, each training 232 classifiers
2026-01-22 13:59:26,321 - __main__ - INFO -       Trial 1/15: C=0.001110, sag → 0.6461 ⭐ New Best!
2026-01-22 14:01:26,246 - __main__ - INFO -       Trial 2/15: C=0.010323, sag → 0.7286 ⭐ New Best!
2026-01-22 14:13:28,750 - __main__ - INFO -       Trial 3/15: C=0.327748, sag → 0.7155
2026-01-22 14:27:09,293 - __main__ - INFO -       Trial 4/15: C=0.298038, sag → 0.7134
2026-01-22 14:33:03,920 - __main__ - INFO -       Trial 5/15: C=0.488350, sag → 0.7220
2026-01-22 14:43:42,045 - __main__ - INFO -       Trial 6/15: C=0.375557, sag → 0.7009
2026-01-22 14:49:19,114 - __main__ - INFO -       Trial 7/15: C=0.004282, sag → 0.7372 ⭐ New Best!
2026-01-22 14:50:14,339 - __main__ - INFO -       Trial 8/15: C=0.315033, sag → 0.7407 ⭐ New Best!
2026-01-22 14:54:06,751 - __main__ - INFO -       Trial 9/15: C=0.001750, sag → 0.6705
2026-01-22 14:55:33,716 - __main__ - INFO -       Trial 10/15: C=0.002293, sag → 0.6477
2026-01-22 14:56:26,847 - __main__ - INFO -       Trial 11/15: C=0.056369, sag → 0.7369
2026-01-22 14:57:14,942 - __main__ - INFO -       Trial 12/15: C=0.009576, sag → 0.7131
2026-01-22 14:58:37,045 - __main__ - INFO -       Trial 13/15: C=0.067284, sag → 0.7297
2026-01-22 14:59:49,512 - __main__ - INFO -       Trial 14/15: C=0.005388, sag → 0.7009
2026-01-22 15:02:22,943 - __main__ - INFO -       Trial 15/15: C=0.039353, sag → 0.7425 ⭐ New Best!
2026-01-22 15:02:22,948 - __main__ - INFO - 
    ⭐ BEST HYPERPARAMETERS (Fold 3):
2026-01-22 15:02:22,948 - __main__ - INFO -        C=0.039353, solver=sag, tol=0.008437, max_iter=1322
2026-01-22 15:02:22,948 - __main__ - INFO -        Validation Accuracy: 0.7425
2026-01-22 15:02:22,948 - __main__ - INFO -        Optimization Time: 4037.0s
2026-01-22 15:02:22,948 - __main__ - INFO - 
  Using hyperparameters for this fold:
2026-01-22 15:02:22,948 - __main__ - INFO -     C=0.039353, solver=sag, penalty=l2, tol=0.008437, max_iter=1322
2026-01-22 15:02:22,948 - __main__ - INFO -   Scaling: Train (34800, 232), Test (17168, 232)
2026-01-22 15:02:23,090 - __main__ - INFO -   Train mean=0.0000, Test mean=-0.0057
2026-01-22 15:02:23,091 - __main__ - INFO -   Training 232 OvR classifiers...
2026-01-22 15:02:23,091 - __main__ - INFO -     C=0.039353, sag, penalty=l2, tol=0.008437
2026-01-22 15:05:38,183 - __main__ - INFO -   ✓ Fold 3: Train Acc=0.8481, Val Acc=0.7389, Time=192.41s
2026-01-22 15:05:38,188 - __main__ - INFO - 
================================================================================
2026-01-22 15:05:38,188 - __main__ - INFO - Cross-validation completed in 9630.02s
2026-01-22 15:05:38,188 - __main__ - INFO - Best Fold: 1 with Val Accuracy: 0.7510
2026-01-22 15:05:38,188 - __main__ - INFO - 
Mean Train Accuracy: 0.8378
2026-01-22 15:05:38,188 - __main__ - INFO - Mean Validation Accuracy: 0.7400
2026-01-22 15:05:38,188 - __main__ - INFO - Generalization Gap: 0.0978
2026-01-22 15:05:39,640 - __main__ - INFO - 
================================================================================
2026-01-22 15:05:39,640 - __main__ - INFO - CROSS-VALIDATION RESULTS
2026-01-22 15:05:39,640 - __main__ - INFO - ================================================================================
2026-01-22 15:05:39,640 - __main__ - INFO -   Overall Accuracy: 0.7400
2026-01-22 15:05:39,640 - __main__ - INFO -   Top-3 Accuracy:   0.8446
2026-01-22 15:05:39,640 - __main__ - INFO -   Top-5 Accuracy:   0.8883
2026-01-22 15:05:39,640 - __main__ - INFO -   Top-10 Accuracy:  0.9344
2026-01-22 15:05:39,818 - __main__ - INFO -   Saved to: /home/sjoon/projects/brain_connectivity_classifier/data/results/full_connectivity_analysis/one_vs_rest
2026-01-22 15:05:39,818 - __main__ - INFO - 
================================================================================
2026-01-22 15:05:39,818 - __main__ - INFO - TESTING ON TASK DATA (GENDER STROOP)
2026-01-22 15:05:39,818 - __main__ - INFO - ================================================================================
2026-01-22 15:05:39,818 - __main__ - INFO - Training 232 OvR classifiers on ALL rest data
2026-01-22 15:05:39,818 - __main__ - INFO - Hyperparameters (from best CV fold if --tune_hyperparams enabled, otherwise defaults):
2026-01-22 15:05:39,818 - __main__ - INFO -   C=0.017018, solver=sag, penalty=l2, tol=0.002508, max_iter=1200
2026-01-22 15:05:39,818 - __main__ - INFO - Diagonal strategy: random

2026-01-22 15:05:39,818 - __main__ - INFO - Loading task data...
2026-01-22 15:05:41,677 - __main__ - INFO -   Task: 200 subjects
2026-01-22 15:05:43,817 - __main__ - INFO - 
Clipping task data off-diagonal values to [-0.999, 0.999]
2026-01-22 15:05:43,846 - __main__ - INFO - 
================================================================================
2026-01-22 15:05:43,846 - __main__ - INFO - PROCESSING REST DATA (TRAINING)
2026-01-22 15:05:43,846 - __main__ - INFO - ================================================================================
2026-01-22 15:05:43,869 - __main__ - INFO - Using RANDOM diagonal imputation with fixed seed for rest data
2026-01-22 15:05:44,231 - __main__ - INFO - 
================================================================================
2026-01-22 15:05:44,231 - __main__ - INFO - PROCESSING TASK DATA (TESTING)
2026-01-22 15:05:44,231 - __main__ - INFO - ================================================================================
2026-01-22 15:05:44,250 - __main__ - INFO - Using RANDOM diagonal imputation with different seed for task data
2026-01-22 15:05:44,572 - __main__ - INFO - 
================================================================================
2026-01-22 15:05:44,572 - __main__ - INFO - SCALING DATA
2026-01-22 15:05:44,572 - __main__ - INFO - ================================================================================
2026-01-22 15:05:44,743 - __main__ - INFO - 
================================================================================
2026-01-22 15:05:44,743 - __main__ - INFO - TRAINING FINAL OVR MODELS ON REST DATA
2026-01-22 15:05:44,743 - __main__ - INFO - ================================================================================
2026-01-22 15:05:44,743 - __main__ - INFO -   Training 232 OvR classifiers...
2026-01-22 15:05:44,743 - __main__ - INFO -     C=0.017018, sag, penalty=l2, tol=0.002508
2026-01-22 15:14:36,284 - __main__ - INFO -   ✓ Trained 232 classifiers in 531.54s
2026-01-22 15:14:36,285 - __main__ - INFO - 
================================================================================
2026-01-22 15:14:36,286 - __main__ - INFO - EVALUATING ON REST DATA (TRAINING SET)
2026-01-22 15:14:36,286 - __main__ - INFO - ================================================================================
2026-01-22 15:14:40,058 - __main__ - INFO -   Rest Accuracy: 0.8263
2026-01-22 15:14:40,059 - __main__ - INFO -   Rest Top-3: 0.9027
2026-01-22 15:14:40,059 - __main__ - INFO -   Rest Top-5: 0.9333
2026-01-22 15:14:40,059 - __main__ - INFO -   Rest Top-10: 0.9641
2026-01-22 15:14:40,059 - __main__ - INFO - 
================================================================================
2026-01-22 15:14:40,059 - __main__ - INFO - EVALUATING ON TASK DATA (TEST SET)
2026-01-22 15:14:40,059 - __main__ - INFO - ================================================================================
2026-01-22 15:14:45,065 - __main__ - INFO -   Task Accuracy: 0.7155
2026-01-22 15:14:45,065 - __main__ - INFO -   Task Top-3: 0.8212
2026-01-22 15:14:45,065 - __main__ - INFO -   Task Top-5: 0.8675
2026-01-22 15:14:45,065 - __main__ - INFO -   Task Top-10: 0.9198
2026-01-22 15:14:45,311 - __main__ - INFO -   Saved to: /home/sjoon/projects/brain_connectivity_classifier/data/results/full_connectivity_analysis/task_testing_one_vs_rest
2026-01-22 15:14:45,311 - __main__ - INFO - 
================================================================================
2026-01-22 15:14:45,311 - __main__ - INFO - TASK TESTING SUMMARY
2026-01-22 15:14:45,311 - __main__ - INFO - ================================================================================
2026-01-22 15:14:45,311 - __main__ - INFO -   Rest Training Accuracy: 0.8263
2026-01-22 15:14:45,311 - __main__ - INFO -   Task Testing Accuracy:  0.7155
2026-01-22 15:14:45,311 - __main__ - INFO -   Accuracy Drop:          0.1108
2026-01-22 15:14:45,311 - __main__ - INFO - ================================================================================

2026-01-22 15:14:45,336 - __main__ - INFO - 
================================================================================
2026-01-22 15:14:45,337 - __main__ - INFO - ✓ TRAINING COMPLETED SUCCESSFULLY
2026-01-22 15:14:45,337 - __main__ - INFO - ================================================================================
2026-01-22 15:14:45,337 - __main__ - INFO -   CV Accuracy: 0.7400
2026-01-22 15:14:45,337 - __main__ - INFO -   Task Accuracy: 0.7155
2026-01-22 15:14:45,337 - __main__ - INFO -   Accuracy Drop: 0.1108
2026-01-22 15:14:45,337 - __main__ - INFO -   Results saved to: /home/sjoon/projects/brain_connectivity_classifier/data/results/full_connectivity_analysis/one_vs_rest
2026-01-22 15:14:45,337 - __main__ - INFO - ================================================================================

2026-01-22 16:09:56,846 - __main__ - INFO - ================================================================================
2026-01-22 16:09:56,846 - __main__ - INFO - CONFIGURATION
2026-01-22 16:09:56,846 - __main__ - INFO - ================================================================================
2026-01-22 16:09:56,847 - __main__ - INFO -   Rest data: /home/sjoon/projects/brain_connectivity_classifier/data/raw/PIOP2_restingstate.csv
2026-01-22 16:09:56,847 - __main__ - INFO -   Task data: /home/sjoon/projects/brain_connectivity_classifier/data/raw/PIOP1_gstroop.csv
2026-01-22 16:09:56,847 - __main__ - INFO -   Output dir: /home/sjoon/projects/brain_connectivity_classifier/data/results/full_connectivity_analysis
2026-01-22 16:09:56,847 - __main__ - INFO -   Diagonal strategy: random
2026-01-22 16:09:56,847 - __main__ - INFO -   N folds: 3
2026-01-22 16:09:56,847 - __main__ - INFO -   Tune hyperparams: True
2026-01-22 16:09:56,847 - __main__ - INFO -   Test on task: True
2026-01-22 16:09:56,847 - __main__ - INFO -   N jobs: -1
2026-01-22 16:09:56,847 - __main__ - INFO -   Optuna N jobs: 1
2026-01-22 16:09:56,847 - __main__ - INFO - ================================================================================

2026-01-22 16:09:56,847 - __main__ - INFO - 
================================================================================
2026-01-22 16:09:56,847 - __main__ - INFO - TRAINING FULL CONNECTIVITY - ONE-VS-REST
2026-01-22 16:09:56,847 - __main__ - INFO - ================================================================================

2026-01-22 16:09:56,848 - __main__ - INFO - Loading resting-state data...
2026-01-22 16:10:02,536 - __main__ - INFO - 
Clipping off-diagonal values to [-0.999, 0.999]
2026-01-22 16:10:02,568 - __main__ - INFO - Data: 224 subjects, 232 regions
2026-01-22 16:10:02,568 - __main__ - INFO - Diagonal strategy: random
2026-01-22 16:10:02,568 - __main__ - INFO - 
================================================================================
2026-01-22 16:10:02,568 - __main__ - INFO - CROSS-VALIDATION (3 folds)
2026-01-22 16:10:02,568 - __main__ - INFO - ================================================================================
2026-01-22 16:10:02,588 - __main__ - INFO - 
================================================================================
2026-01-22 16:10:02,588 - __main__ - INFO - Fold 1/3
2026-01-22 16:10:02,588 - __main__ - INFO - ================================================================================
2026-01-22 16:10:02,602 - __main__ - INFO -   Train: 149 subjects
2026-01-22 16:10:02,602 - __main__ - INFO -   Test:  75 subjects
2026-01-22 16:10:02,645 - __main__ - INFO -   Random imputation seeds: train=1042, test=2042
2026-01-22 16:10:03,068 - __main__ - INFO - 
  Hyperparameter optimization for Fold 1
2026-01-22 16:10:03,068 - __main__ - INFO -     15 trials, each training 232 classifiers
2026-01-22 16:12:16,402 - __main__ - INFO -       Trial 1/15: C=0.017874, sag → 0.7389 ⭐ New Best!
2026-01-22 16:16:35,154 - __main__ - INFO - ================================================================================
2026-01-22 16:16:35,154 - __main__ - INFO - CONFIGURATION
2026-01-22 16:16:35,154 - __main__ - INFO - ================================================================================
2026-01-22 16:16:35,154 - __main__ - INFO -   Rest data: /home/sjoon/projects/brain_connectivity_classifier/data/raw/PIOP2_restingstate.csv
2026-01-22 16:16:35,154 - __main__ - INFO -   Task data: /home/sjoon/projects/brain_connectivity_classifier/data/raw/PIOP1_gstroop.csv
2026-01-22 16:16:35,154 - __main__ - INFO -   Output dir: /home/sjoon/projects/brain_connectivity_classifier/data/results/full_connectivity_analysis
2026-01-22 16:16:35,154 - __main__ - INFO -   Diagonal strategy: random
2026-01-22 16:16:35,154 - __main__ - INFO -   N folds: 3
2026-01-22 16:16:35,154 - __main__ - INFO -   Tune hyperparams: True
2026-01-22 16:16:35,155 - __main__ - INFO -   Test on task: True
2026-01-22 16:16:35,155 - __main__ - INFO -   N jobs: -1
2026-01-22 16:16:35,155 - __main__ - INFO -   Optuna N jobs: 1
2026-01-22 16:16:35,155 - __main__ - INFO - ================================================================================

2026-01-22 16:16:35,155 - __main__ - INFO - 
================================================================================
2026-01-22 16:16:35,155 - __main__ - INFO - TRAINING FULL CONNECTIVITY - ONE-VS-REST
2026-01-22 16:16:35,155 - __main__ - INFO - ================================================================================

2026-01-22 16:16:35,155 - __main__ - INFO - Loading resting-state data...
2026-01-22 16:16:40,743 - __main__ - INFO - 
Clipping off-diagonal values to [-0.999, 0.999]
2026-01-22 16:16:40,774 - __main__ - INFO - Data: 224 subjects, 232 regions
2026-01-22 16:16:40,774 - __main__ - INFO - Diagonal strategy: random
2026-01-22 16:16:40,775 - __main__ - INFO - 
================================================================================
2026-01-22 16:16:40,775 - __main__ - INFO - CROSS-VALIDATION (3 folds)
2026-01-22 16:16:40,775 - __main__ - INFO - ================================================================================
2026-01-22 16:16:40,790 - __main__ - INFO - 
================================================================================
2026-01-22 16:16:40,790 - __main__ - INFO - Fold 1/3
2026-01-22 16:16:40,790 - __main__ - INFO - ================================================================================
2026-01-22 16:16:40,804 - __main__ - INFO -   Train: 149 subjects
2026-01-22 16:16:40,804 - __main__ - INFO -   Test:  75 subjects
2026-01-22 16:16:40,849 - __main__ - INFO -   Random imputation seeds: train=1042, test=2042
2026-01-22 16:16:41,275 - __main__ - INFO - 
  Hyperparameter optimization for Fold 1
2026-01-22 16:16:41,275 - __main__ - INFO -     40 trials, each training 232 classifiers
2026-01-22 16:22:17,389 - __main__ - INFO -       Trial 1/40: C=0.017874, sag → 0.7435 ⭐ New Best!
2026-01-22 16:23:09,077 - __main__ - INFO - ================================================================================
2026-01-22 16:23:09,077 - __main__ - INFO - CONFIGURATION
2026-01-22 16:23:09,077 - __main__ - INFO - ================================================================================
2026-01-22 16:23:09,077 - __main__ - INFO -   Rest data: /home/sjoon/projects/brain_connectivity_classifier/data/raw/PIOP2_restingstate.csv
2026-01-22 16:23:09,077 - __main__ - INFO -   Task data: /home/sjoon/projects/brain_connectivity_classifier/data/raw/PIOP1_gstroop.csv
2026-01-22 16:23:09,078 - __main__ - INFO -   Output dir: /home/sjoon/projects/brain_connectivity_classifier/data/results/full_connectivity_analysis
2026-01-22 16:23:09,078 - __main__ - INFO -   Diagonal strategy: random
2026-01-22 16:23:09,078 - __main__ - INFO -   N folds: 3
2026-01-22 16:23:09,079 - __main__ - INFO -   Tune hyperparams: False
2026-01-22 16:23:09,079 - __main__ - INFO -   Test on task: True
2026-01-22 16:23:09,079 - __main__ - INFO -   N jobs: -1
2026-01-22 16:23:09,079 - __main__ - INFO -   Optuna N jobs: 32
2026-01-22 16:23:09,079 - __main__ - INFO - ================================================================================

2026-01-22 16:23:09,079 - __main__ - INFO - 
================================================================================
2026-01-22 16:23:09,080 - __main__ - INFO - TRAINING FULL CONNECTIVITY - ONE-VS-REST
2026-01-22 16:23:09,080 - __main__ - INFO - ================================================================================

2026-01-22 16:23:09,081 - __main__ - INFO - Loading resting-state data...
2026-01-22 16:23:16,361 - __main__ - INFO - 
Clipping off-diagonal values to [-0.999, 0.999]
2026-01-22 16:23:16,408 - __main__ - INFO - Data: 224 subjects, 232 regions
2026-01-22 16:23:16,408 - __main__ - INFO - Diagonal strategy: random
2026-01-22 16:23:16,408 - __main__ - INFO - 
================================================================================
2026-01-22 16:23:16,408 - __main__ - INFO - CROSS-VALIDATION (3 folds)
2026-01-22 16:23:16,408 - __main__ - INFO - ================================================================================
2026-01-22 16:23:16,427 - __main__ - INFO - 
================================================================================
2026-01-22 16:23:16,427 - __main__ - INFO - Fold 1/3
2026-01-22 16:23:16,427 - __main__ - INFO - ================================================================================
2026-01-22 16:23:16,439 - __main__ - INFO -   Train: 149 subjects
2026-01-22 16:23:16,439 - __main__ - INFO -   Test:  75 subjects
2026-01-22 16:23:18,006 - __main__ - INFO -   Random imputation seeds: train=1042, test=2042
2026-01-22 16:23:20,763 - __main__ - INFO - 
  Using hyperparameters for this fold:
2026-01-22 16:23:20,763 - __main__ - INFO -     C=0.050000, solver=lbfgs, penalty=l2, tol=0.000100, max_iter=1200
2026-01-22 16:23:39,194 - __main__ - INFO -       Trial 2/40: C=0.006092, sag → 0.7047
2026-01-22 16:27:33,875 - __main__ - INFO -       Trial 3/40: C=0.084838, sag → 0.7348
2026-01-22 16:33:35,551 - __main__ - INFO -       Trial 4/40: C=0.021727, saga → 0.7559 ⭐ New Best!
2026-01-22 16:39:42,563 - __main__ - INFO -       Trial 5/40: C=0.023585, sag → 0.7302
2026-01-22 16:39:58,960 - __main__ - INFO -       Trial 6/40: C=0.039481, lbfgs → 0.1862
2026-01-22 16:42:17,917 - __main__ - INFO - ================================================================================
2026-01-22 16:42:17,917 - __main__ - INFO - CONFIGURATION
2026-01-22 16:42:17,917 - __main__ - INFO - ================================================================================
2026-01-22 16:42:17,917 - __main__ - INFO -   Rest data: /home/sjoon/projects/brain_connectivity_classifier/data/raw/PIOP2_restingstate.csv
2026-01-22 16:42:17,917 - __main__ - INFO -   Task data: /home/sjoon/projects/brain_connectivity_classifier/data/raw/PIOP1_gstroop.csv
2026-01-22 16:42:17,917 - __main__ - INFO -   Output dir: /home/sjoon/projects/brain_connectivity_classifier/data/results/full_connectivity_analysis
2026-01-22 16:42:17,917 - __main__ - INFO -   Diagonal strategy: random
2026-01-22 16:42:17,917 - __main__ - INFO -   N folds: 3
2026-01-22 16:42:17,917 - __main__ - INFO -   Tune hyperparams: True
2026-01-22 16:42:17,917 - __main__ - INFO -   Test on task: True
2026-01-22 16:42:17,917 - __main__ - INFO -   N jobs: -1
2026-01-22 16:42:17,918 - __main__ - INFO -   Optuna N jobs: 1
2026-01-22 16:42:17,918 - __main__ - INFO - ================================================================================

2026-01-22 16:42:17,918 - __main__ - INFO - 
================================================================================
2026-01-22 16:42:17,918 - __main__ - INFO - TRAINING FULL CONNECTIVITY - ONE-VS-REST
2026-01-22 16:42:17,918 - __main__ - INFO - ================================================================================

2026-01-22 16:42:17,918 - __main__ - INFO - Loading resting-state data...
2026-01-22 16:42:22,189 - __main__ - INFO - 
Clipping off-diagonal values to [-0.999, 0.999]
2026-01-22 16:42:22,216 - __main__ - INFO - Data: 224 subjects, 232 regions
2026-01-22 16:42:22,216 - __main__ - INFO - Diagonal strategy: random
2026-01-22 16:42:22,216 - __main__ - INFO - 
================================================================================
2026-01-22 16:42:22,216 - __main__ - INFO - CROSS-VALIDATION (3 folds)
2026-01-22 16:42:22,216 - __main__ - INFO - ================================================================================
2026-01-22 16:42:22,231 - __main__ - INFO - 
================================================================================
2026-01-22 16:42:22,231 - __main__ - INFO - Fold 1/3
2026-01-22 16:42:22,231 - __main__ - INFO - ================================================================================
2026-01-22 16:42:22,242 - __main__ - INFO -   Train: 149 subjects
2026-01-22 16:42:22,242 - __main__ - INFO -   Test:  75 subjects
2026-01-22 16:42:22,286 - __main__ - INFO -   Random imputation seeds: train=1042, test=2042
2026-01-22 16:42:22,610 - __main__ - INFO - 
  Hyperparameter optimization for Fold 1
2026-01-22 16:42:22,610 - __main__ - INFO -     15 trials, each training 232 classifiers
2026-01-22 16:46:17,795 - __main__ - INFO -       Trial 1/15: C=0.017874, sag → 0.7435 ⭐ New Best!
2026-01-22 16:47:15,390 - __main__ - INFO -       Trial 2/15: C=0.006092, sag → 0.7047
2026-01-22 16:49:59,158 - __main__ - INFO -       Trial 3/15: C=0.084838, sag → 0.7348
2026-01-22 16:54:09,466 - __main__ - INFO -       Trial 4/15: C=0.021727, saga → 0.7559 ⭐ New Best!
                                                                                                                                                                                                                                                                                                                                                                                                                                                                                                                                                                                                                                                                                                                                                                                                                                                                2026-01-22 16:58:28,923 - __main__ - INFO -       Trial 5/15: C=0.023585, sag → 0.7302
2026-01-22 16:58:47,759 - __main__ - INFO -       Trial 6/15: C=0.039481, lbfgs → 0.1862
2026-01-22 17:02:12,114 - __main__ - INFO -       Trial 7/15: C=0.014090, saga → 0.7454
2026-01-22 17:04:39,859 - __main__ - INFO -       Trial 8/15: C=0.005620, sag → 0.7230
2026-01-22 17:06:30,771 - __main__ - INFO -       Trial 9/15: C=0.032102, saga → 0.7625 ⭐ New Best!
2026-01-22 17:10:22,860 - __main__ - INFO -       Trial 10/15: C=0.038207, sag → 0.7386
2026-01-22 17:13:30,892 - __main__ - INFO -       Trial 11/15: C=0.124466, saga → 0.7480
2026-01-22 17:20:12,872 - __main__ - INFO -       Trial 12/15: C=0.056933, saga → 0.7503
2026-01-22 17:22:24,357 - __main__ - INFO -       Trial 13/15: C=0.013314, saga → 0.7501
2026-01-22 17:23:51,410 - __main__ - INFO -       Trial 14/15: C=0.009620, saga → 0.7589
2026-01-22 17:24:07,617 - __main__ - INFO -       Trial 15/15: C=0.008618, lbfgs → 0.1149
2026-01-22 17:24:07,620 - __main__ - INFO - 
    ⭐ BEST HYPERPARAMETERS (Fold 1):
2026-01-22 17:24:07,620 - __main__ - INFO -        C=0.032102, solver=saga, tol=0.033135, max_iter=1416
2026-01-22 17:24:07,620 - __main__ - INFO -        Validation Accuracy: 0.7625
2026-01-22 17:24:07,620 - __main__ - INFO -        Optimization Time: 2505.0s
2026-01-22 17:24:07,620 - __main__ - INFO - 
  Using hyperparameters for this fold:
2026-01-22 17:24:07,620 - __main__ - INFO -     C=0.032102, solver=saga, penalty=l2, tol=0.033135, max_iter=1416
2026-01-22 17:24:07,620 - __main__ - INFO -   Scaling: Train (34568, 232), Test (17400, 232)
2026-01-22 17:24:09,384 - __main__ - INFO -   Train mean=0.0000, Test mean=0.0042
2026-01-22 17:24:09,384 - __main__ - INFO -   Training 232 OvR classifiers...
2026-01-22 17:24:09,384 - __main__ - INFO -     C=0.032102, saga, penalty=l2, tol=0.033135
2026-01-22 17:26:03,791 - __main__ - INFO -   ✓ Fold 1: Train Acc=0.8208, Val Acc=0.7661, Time=111.10s
2026-01-22 17:26:03,794 - __main__ - INFO - 
================================================================================
2026-01-22 17:26:03,794 - __main__ - INFO - Fold 2/3
2026-01-22 17:26:03,794 - __main__ - INFO - ================================================================================
2026-01-22 17:26:03,805 - __main__ - INFO -   Train: 149 subjects
2026-01-22 17:26:03,805 - __main__ - INFO -   Test:  75 subjects
2026-01-22 17:26:03,968 - __main__ - INFO -   Random imputation seeds: train=2042, test=3042
2026-01-22 17:26:04,618 - __main__ - INFO - 
  Hyperparameter optimization for Fold 2
2026-01-22 17:26:04,618 - __main__ - INFO -     15 trials, each training 232 classifiers
2026-01-22 17:28:26,027 - __main__ - INFO -       Trial 1/15: C=0.038387, saga → 0.7592 ⭐ New Best!
2026-01-22 17:32:43,193 - __main__ - INFO -       Trial 2/15: C=0.022495, saga → 0.7648 ⭐ New Best!
2026-01-22 17:33:01,637 - __main__ - INFO -       Trial 3/15: C=0.012886, lbfgs → 0.0503
2026-01-22 17:45:34,984 - __main__ - INFO -       Trial 4/15: C=0.108122, saga → 0.7493
2026-01-22 17:47:15,468 - __main__ - INFO -       Trial 5/15: C=0.055694, saga → 0.7435
2026-01-22 17:47:56,584 - __main__ - INFO -       Trial 6/15: C=0.027364, lbfgs → 0.7372
2026-01-22 17:48:14,907 - __main__ - INFO -       Trial 7/15: C=0.030574, lbfgs → 0.3559
2026-01-22 17:49:47,172 - __main__ - INFO -       Trial 8/15: C=0.053543, saga → 0.7497
2026-01-22 17:50:31,652 - __main__ - INFO -       Trial 9/15: C=0.047889, lbfgs → 0.7364
2026-01-22 17:51:12,927 - __main__ - INFO -       Trial 10/15: C=0.088059, lbfgs → 0.7511
2026-01-22 17:54:24,579 - __main__ - INFO -       Trial 11/15: C=0.005370, sag → 0.7049
2026-01-22 17:57:26,408 - __main__ - INFO -       Trial 12/15: C=0.017676, saga → 0.7486
2026-01-22 17:59:21,940 - __main__ - INFO -       Trial 13/15: C=0.011120, saga → 0.7546
2026-01-22 18:02:36,468 - __main__ - INFO -       Trial 14/15: C=0.024282, sag → 0.7422
2026-01-22 18:04:20,770 - __main__ - INFO -       Trial 15/15: C=0.007788, saga → 0.7603
2026-01-22 18:04:20,772 - __main__ - INFO - 
    ⭐ BEST HYPERPARAMETERS (Fold 2):
2026-01-22 18:04:20,773 - __main__ - INFO -        C=0.022495, solver=saga, tol=0.004316, max_iter=961
2026-01-22 18:04:20,773 - __main__ - INFO -        Validation Accuracy: 0.7648
2026-01-22 18:04:20,773 - __main__ - INFO -        Optimization Time: 2296.2s
2026-01-22 18:04:20,773 - __main__ - INFO - 
  Using hyperparameters for this fold:
2026-01-22 18:04:20,773 - __main__ - INFO -     C=0.022495, solver=saga, penalty=l2, tol=0.004316, max_iter=961
2026-01-22 18:04:20,773 - __main__ - INFO -   Scaling: Train (34568, 232), Test (17400, 232)
2026-01-22 18:04:20,909 - __main__ - INFO -   Train mean=0.0000, Test mean=0.0016
2026-01-22 18:04:20,909 - __main__ - INFO -   Training 232 OvR classifiers...
2026-01-22 18:04:20,909 - __main__ - INFO -     C=0.022495, saga, penalty=l2, tol=0.004316
2026-01-22 18:09:44,988 - __main__ - INFO -   ✓ Fold 2: Train Acc=0.8359, Val Acc=0.7491, Time=321.67s
2026-01-22 18:09:44,991 - __main__ - INFO - 
================================================================================
2026-01-22 18:09:44,991 - __main__ - INFO - Fold 3/3
2026-01-22 18:09:44,991 - __main__ - INFO - ================================================================================
2026-01-22 18:09:45,002 - __main__ - INFO -   Train: 150 subjects
2026-01-22 18:09:45,002 - __main__ - INFO -   Test:  74 subjects
2026-01-22 18:09:45,982 - __main__ - INFO -   Random imputation seeds: train=3042, test=4042
2026-01-22 18:09:47,462 - __main__ - INFO - 
  Hyperparameter optimization for Fold 3
2026-01-22 18:09:47,462 - __main__ - INFO -     15 trials, each training 232 classifiers
2026-01-22 18:12:18,588 - __main__ - INFO -       Trial 1/15: C=0.005293, sag → 0.7111 ⭐ New Best!
2026-01-22 18:21:25,053 - __main__ - INFO -       Trial 2/15: C=0.119042, sag → 0.7277 ⭐ New Best!
2026-01-22 18:22:08,920 - __main__ - INFO -       Trial 3/15: C=0.148077, lbfgs → 0.7394 ⭐ New Best!
2026-01-22 18:22:22,151 - __main__ - INFO -       Trial 4/15: C=0.011084, lbfgs → 0.1349
2026-01-22 18:24:06,474 - __main__ - INFO -       Trial 5/15: C=0.006793, sag → 0.7243
2026-01-22 18:24:26,624 - __main__ - INFO -       Trial 6/15: C=0.006998, lbfgs → 0.3565
2026-01-22 18:28:09,408 - __main__ - INFO -       Trial 7/15: C=0.016419, sag → 0.7534 ⭐ New Best!
2026-01-22 18:28:46,694 - __main__ - INFO -       Trial 8/15: C=0.059153, lbfgs → 0.6455
2026-01-22 18:37:10,652 - __main__ - INFO -       Trial 9/15: C=0.104472, sag → 0.7290
2026-01-22 18:41:50,232 - __main__ - INFO -       Trial 10/15: C=0.024126, sag → 0.7404
2026-01-22 18:46:39,428 - __main__ - INFO -       Trial 11/15: C=0.021912, saga → 0.7585 ⭐ New Best!
2026-01-22 18:51:47,066 - __main__ - INFO -       Trial 12/15: C=0.021381, saga → 0.7540
2026-01-22 18:58:17,449 - __main__ - INFO -       Trial 13/15: C=0.034384, saga → 0.7470
2026-01-22 19:02:16,568 - __main__ - INFO -       Trial 14/15: C=0.037028, saga → 0.7556
2026-01-22 19:04:42,153 - __main__ - INFO -       Trial 15/15: C=0.045729, saga → 0.7631 ⭐ New Best!
2026-01-22 19:04:42,156 - __main__ - INFO - 
    ⭐ BEST HYPERPARAMETERS (Fold 3):
2026-01-22 19:04:42,156 - __main__ - INFO -        C=0.045729, solver=saga, tol=0.022863, max_iter=1283
2026-01-22 19:04:42,156 - __main__ - INFO -        Validation Accuracy: 0.7631
2026-01-22 19:04:42,156 - __main__ - INFO -        Optimization Time: 3294.7s
2026-01-22 19:04:42,157 - __main__ - INFO - 
  Using hyperparameters for this fold:
2026-01-22 19:04:42,157 - __main__ - INFO -     C=0.045729, solver=saga, penalty=l2, tol=0.022863, max_iter=1283
2026-01-22 19:04:42,157 - __main__ - INFO -   Scaling: Train (34800, 232), Test (17168, 232)
2026-01-22 19:04:42,317 - __main__ - INFO -   Train mean=0.0000, Test mean=-0.0057
2026-01-22 19:04:42,317 - __main__ - INFO -   Training 232 OvR classifiers...
2026-01-22 19:04:42,318 - __main__ - INFO -     C=0.045729, saga, penalty=l2, tol=0.022863
2026-01-22 19:07:43,831 - __main__ - INFO -   ✓ Fold 3: Train Acc=0.8286, Val Acc=0.7581, Time=178.24s
2026-01-22 19:07:43,834 - __main__ - INFO - 
================================================================================
2026-01-22 19:07:43,834 - __main__ - INFO - Cross-validation completed in 8721.62s
2026-01-22 19:07:43,834 - __main__ - INFO - Best Fold: 1 with Val Accuracy: 0.7661
2026-01-22 19:07:43,834 - __main__ - INFO - 
Mean Train Accuracy: 0.8284
2026-01-22 19:07:43,834 - __main__ - INFO - Mean Validation Accuracy: 0.7578
2026-01-22 19:07:43,834 - __main__ - INFO - Generalization Gap: 0.0706
2026-01-22 19:07:45,279 - __main__ - INFO - 
================================================================================
2026-01-22 19:07:45,279 - __main__ - INFO - CROSS-VALIDATION RESULTS
2026-01-22 19:07:45,279 - __main__ - INFO - ================================================================================
2026-01-22 19:07:45,279 - __main__ - INFO -   Overall Accuracy: 0.7578
2026-01-22 19:07:45,279 - __main__ - INFO -   Top-3 Accuracy:   0.8427
2026-01-22 19:07:45,279 - __main__ - INFO -   Top-5 Accuracy:   0.8780
2026-01-22 19:07:45,279 - __main__ - INFO -   Top-10 Accuracy:  0.9202
2026-01-22 19:07:45,393 - __main__ - INFO -   Saved to: /home/sjoon/projects/brain_connectivity_classifier/data/results/full_connectivity_analysis/one_vs_rest
2026-01-22 19:07:45,393 - __main__ - INFO - 
================================================================================
2026-01-22 19:07:45,393 - __main__ - INFO - TESTING ON TASK DATA (GENDER STROOP)
2026-01-22 19:07:45,393 - __main__ - INFO - ================================================================================
2026-01-22 19:07:45,393 - __main__ - INFO - Training 232 OvR classifiers on ALL rest data
2026-01-22 19:07:45,393 - __main__ - INFO - Hyperparameters (from best CV fold if --tune_hyperparams enabled, otherwise defaults):
2026-01-22 19:07:45,393 - __main__ - INFO -   C=0.032102, solver=saga, penalty=l2, tol=0.033135, max_iter=1416
2026-01-22 19:07:45,393 - __main__ - INFO - Diagonal strategy: random

2026-01-22 19:07:45,393 - __main__ - INFO - Loading task data...
2026-01-22 19:07:47,483 - __main__ - INFO -   Task: 200 subjects
2026-01-22 19:07:49,980 - __main__ - INFO - 
Clipping task data off-diagonal values to [-0.999, 0.999]
2026-01-22 19:07:50,024 - __main__ - INFO - 
================================================================================
2026-01-22 19:07:50,025 - __main__ - INFO - PROCESSING REST DATA (TRAINING)
2026-01-22 19:07:50,025 - __main__ - INFO - ================================================================================
2026-01-22 19:07:50,072 - __main__ - INFO - Using RANDOM diagonal imputation with fixed seed for rest data
2026-01-22 19:07:50,448 - __main__ - INFO - 
================================================================================
2026-01-22 19:07:50,448 - __main__ - INFO - PROCESSING TASK DATA (TESTING)
2026-01-22 19:07:50,448 - __main__ - INFO - ================================================================================
2026-01-22 19:07:50,476 - __main__ - INFO - Using RANDOM diagonal imputation with different seed for task data
2026-01-22 19:07:50,806 - __main__ - INFO - 
================================================================================
2026-01-22 19:07:50,806 - __main__ - INFO - SCALING DATA
2026-01-22 19:07:50,806 - __main__ - INFO - ================================================================================
2026-01-22 19:07:50,997 - __main__ - INFO - 
================================================================================
2026-01-22 19:07:50,997 - __main__ - INFO - TRAINING FINAL OVR MODELS ON REST DATA
2026-01-22 19:07:50,997 - __main__ - INFO - ================================================================================
2026-01-22 19:07:50,998 - __main__ - INFO -   Training 232 OvR classifiers...
2026-01-22 19:07:50,998 - __main__ - INFO -     C=0.032102, saga, penalty=l2, tol=0.033135
2026-01-22 19:10:52,372 - __main__ - INFO -   ✓ Trained 232 classifiers in 181.37s
2026-01-22 19:10:52,373 - __main__ - INFO - 
================================================================================
2026-01-22 19:10:52,373 - __main__ - INFO - EVALUATING ON REST DATA (TRAINING SET)
2026-01-22 19:10:52,373 - __main__ - INFO - ================================================================================
2026-01-22 19:10:57,307 - __main__ - INFO -   Rest Accuracy: 0.8174
2026-01-22 19:10:57,307 - __main__ - INFO -   Rest Top-3: 0.8844
2026-01-22 19:10:57,307 - __main__ - INFO -   Rest Top-5: 0.9112
2026-01-22 19:10:57,307 - __main__ - INFO -   Rest Top-10: 0.9425
2026-01-22 19:10:57,307 - __main__ - INFO - 
================================================================================
2026-01-22 19:10:57,307 - __main__ - INFO - EVALUATING ON TASK DATA (TEST SET)
2026-01-22 19:10:57,307 - __main__ - INFO - ================================================================================
2026-01-22 19:11:02,813 - __main__ - INFO -   Task Accuracy: 0.7333
2026-01-22 19:11:02,813 - __main__ - INFO -   Task Top-3: 0.8158
2026-01-22 19:11:02,813 - __main__ - INFO -   Task Top-5: 0.8521
2026-01-22 19:11:02,813 - __main__ - INFO -   Task Top-10: 0.8969
2026-01-22 19:11:02,951 - __main__ - INFO -   Saved to: /home/sjoon/projects/brain_connectivity_classifier/data/results/full_connectivity_analysis/task_testing_one_vs_rest
2026-01-22 19:11:02,951 - __main__ - INFO - 
================================================================================
2026-01-22 19:11:02,951 - __main__ - INFO - TASK TESTING SUMMARY
2026-01-22 19:11:02,951 - __main__ - INFO - ================================================================================
2026-01-22 19:11:02,951 - __main__ - INFO -   Rest Training Accuracy: 0.8174
2026-01-22 19:11:02,951 - __main__ - INFO -   Task Testing Accuracy:  0.7333
2026-01-22 19:11:02,951 - __main__ - INFO -   Accuracy Drop:          0.0842
2026-01-22 19:11:02,951 - __main__ - INFO - ================================================================================

2026-01-22 19:11:02,976 - __main__ - INFO - 
================================================================================
2026-01-22 19:11:02,976 - __main__ - INFO - ✓ TRAINING COMPLETED SUCCESSFULLY
2026-01-22 19:11:02,976 - __main__ - INFO - ================================================================================
2026-01-22 19:11:02,976 - __main__ - INFO -   CV Accuracy: 0.7578
2026-01-22 19:11:02,976 - __main__ - INFO -   Task Accuracy: 0.7333
2026-01-22 19:11:02,976 - __main__ - INFO -   Accuracy Drop: 0.0842
2026-01-22 19:11:02,976 - __main__ - INFO -   Results saved to: /home/sjoon/projects/brain_connectivity_classifier/data/results/full_connectivity_analysis/one_vs_rest
2026-01-22 19:11:02,976 - __main__ - INFO - ================================================================================

2026-01-22 19:38:46,299 - __main__ - INFO - ================================================================================
2026-01-22 19:38:46,299 - __main__ - INFO - CONFIGURATION
2026-01-22 19:38:46,299 - __main__ - INFO - ================================================================================
2026-01-22 19:38:46,299 - __main__ - INFO -   Rest data: /home/sjoon/projects/brain_connectivity_classifier/data/raw/PIOP2_restingstate.csv
2026-01-22 19:38:46,299 - __main__ - INFO -   Task data: /home/sjoon/projects/brain_connectivity_classifier/data/raw/PIOP1_gstroop.csv
2026-01-22 19:38:46,299 - __main__ - INFO -   Output dir: /home/sjoon/projects/brain_connectivity_classifier/data/results/full_connectivity_analysis
2026-01-22 19:38:46,300 - __main__ - INFO -   Diagonal strategy: random
2026-01-22 19:38:46,300 - __main__ - INFO -   N folds: 3
2026-01-22 19:38:46,300 - __main__ - INFO -   Tune hyperparams: True
2026-01-22 19:38:46,300 - __main__ - INFO -   Test on task: True
2026-01-22 19:38:46,300 - __main__ - INFO -   N jobs: -1
2026-01-22 19:38:46,300 - __main__ - INFO -   Optuna N jobs: 1
2026-01-22 19:38:46,300 - __main__ - INFO - ================================================================================

2026-01-22 19:38:46,300 - __main__ - INFO - 
================================================================================
2026-01-22 19:38:46,300 - __main__ - INFO - TRAINING FULL CONNECTIVITY - ONE-VS-REST
2026-01-22 19:38:46,300 - __main__ - INFO - ================================================================================

2026-01-22 19:38:46,300 - __main__ - INFO - Loading resting-state data...
2026-01-22 19:38:52,057 - __main__ - INFO - 
Clipping off-diagonal values to [-0.999, 0.999]
2026-01-22 19:38:52,088 - __main__ - INFO - Data: 224 subjects, 232 regions
2026-01-22 19:38:52,088 - __main__ - INFO - Diagonal strategy: random
2026-01-22 19:38:52,088 - __main__ - INFO - 
================================================================================
2026-01-22 19:38:52,088 - __main__ - INFO - CROSS-VALIDATION (3 folds)
2026-01-22 19:38:52,088 - __main__ - INFO - ================================================================================
2026-01-22 19:38:52,105 - __main__ - INFO - 
================================================================================
2026-01-22 19:38:52,105 - __main__ - INFO - Fold 1/3
2026-01-22 19:38:52,105 - __main__ - INFO - ================================================================================
2026-01-22 19:38:52,120 - __main__ - INFO -   Train: 149 subjects
2026-01-22 19:38:52,120 - __main__ - INFO -   Test:  75 subjects
2026-01-22 19:38:52,166 - __main__ - INFO -   Random imputation seeds: train=1042, test=2042
2026-01-22 19:38:52,586 - __main__ - INFO - 
  Hyperparameter optimization for Fold 1
2026-01-22 19:38:52,586 - __main__ - INFO -     15 trials, each training 232 classifiers
2026-01-22 19:44:33,368 - __main__ - INFO -       Trial 1/15: C=0.011844, sag → 0.7402 ⭐ New Best!
2026-01-22 19:45:54,395 - __main__ - INFO -       Trial 2/15: C=0.005715, sag → 0.7010
2026-01-22 19:49:11,906 - __main__ - INFO -       Trial 3/15: C=0.033995, sag → 0.7408 ⭐ New Best!
2026-01-22 19:54:32,759 - __main__ - INFO -       Trial 4/15: C=0.013518, saga → 0.7560 ⭐ New Best!
2026-01-22 20:00:55,384 - __main__ - INFO -       Trial 5/15: C=0.014290, sag → 0.7286
2026-01-22 20:01:11,843 - __main__ - INFO -       Trial 6/15: C=0.020254, lbfgs → 0.1861
2026-01-22 20:04:56,480 - __main__ - INFO -       Trial 7/15: C=0.010083, saga → 0.7409
2026-01-22 20:07:49,224 - __main__ - INFO -       Trial 8/15: C=0.005412, sag → 0.7217
2026-01-22 20:09:48,378 - __main__ - INFO -       Trial 9/15: C=0.017607, saga → 0.7621 ⭐ New Best!
2026-01-22 20:13:38,954 - __main__ - INFO -       Trial 10/15: C=0.019809, sag → 0.7389
2026-01-22 20:16:51,072 - __main__ - INFO -       Trial 11/15: C=0.044066, saga → 0.7494
2026-01-22 20:24:07,345 - __main__ - INFO -       Trial 12/15: C=0.025950, saga → 0.7546
2026-01-22 20:26:29,936 - __main__ - INFO -       Trial 13/15: C=0.009703, saga → 0.7490
2026-01-22 20:28:05,534 - __main__ - INFO -       Trial 14/15: C=0.007787, saga → 0.7556
2026-01-22 20:28:38,446 - __main__ - INFO -       Trial 15/15: C=0.017489, lbfgs → 0.6843
2026-01-22 20:28:38,448 - __main__ - INFO - 
    ⭐ BEST HYPERPARAMETERS (Fold 1):
2026-01-22 20:28:38,448 - __main__ - INFO -        C=0.017607, solver=saga, tol=0.033135, max_iter=1416
2026-01-22 20:28:38,448 - __main__ - INFO -        Validation Accuracy: 0.7621
2026-01-22 20:28:38,448 - __main__ - INFO -        Optimization Time: 2985.9s
2026-01-22 20:28:38,448 - __main__ - INFO - 
  Using hyperparameters for this fold:
2026-01-22 20:28:38,448 - __main__ - INFO -     C=0.017607, solver=saga, penalty=l2, tol=0.033135, max_iter=1416
2026-01-22 20:28:38,448 - __main__ - INFO -   Scaling: Train (34568, 232), Test (17400, 232)
2026-01-22 20:28:38,540 - __main__ - INFO -   Train mean=0.0000, Test mean=0.0042
2026-01-22 20:28:38,540 - __main__ - INFO -   Training 232 OvR classifiers...
2026-01-22 20:28:38,540 - __main__ - INFO -     C=0.017607, saga, penalty=l2, tol=0.033135
2026-01-22 20:31:02,420 - __main__ - INFO -   ✓ Fold 1: Train Acc=0.8146, Val Acc=0.7665, Time=141.42s
2026-01-22 20:31:02,422 - __main__ - INFO - 
================================================================================
2026-01-22 20:31:02,422 - __main__ - INFO - Fold 2/3
2026-01-22 20:31:02,422 - __main__ - INFO - ================================================================================
2026-01-22 20:31:02,437 - __main__ - INFO -   Train: 149 subjects
2026-01-22 20:31:02,437 - __main__ - INFO -   Test:  75 subjects
2026-01-22 20:31:02,481 - __main__ - INFO -   Random imputation seeds: train=2042, test=3042
2026-01-22 20:31:02,905 - __main__ - INFO - 
  Hyperparameter optimization for Fold 2
2026-01-22 20:31:02,906 - __main__ - INFO -     15 trials, each training 232 classifiers
2026-01-22 20:33:57,062 - __main__ - INFO -       Trial 1/15: C=0.019873, saga → 0.7593 ⭐ New Best!
2026-01-22 20:39:24,928 - __main__ - INFO -       Trial 2/15: C=0.013839, saga → 0.7659 ⭐ New Best!
2026-01-22 20:39:40,601 - __main__ - INFO -       Trial 3/15: C=0.009491, lbfgs → 0.0499
2026-01-22 20:51:42,249 - __main__ - INFO -       Trial 4/15: C=0.040061, saga → 0.7596
2026-01-22 20:53:37,999 - __main__ - INFO -       Trial 5/15: C=0.025567, saga → 0.7445
2026-01-22 20:54:19,923 - __main__ - INFO -       Trial 6/15: C=0.015803, lbfgs → 0.7342
2026-01-22 20:54:39,884 - __main__ - INFO -       Trial 7/15: C=0.017035, lbfgs → 0.3549
2026-01-22 20:56:29,394 - __main__ - INFO -       Trial 8/15: C=0.024894, saga → 0.7471
2026-01-22 20:57:12,713 - __main__ - INFO -       Trial 9/15: C=0.023082, lbfgs → 0.7326
2026-01-22 20:57:53,699 - __main__ - INFO -       Trial 10/15: C=0.034864, lbfgs → 0.7511
2026-01-22 21:02:10,660 - __main__ - INFO -       Trial 11/15: C=0.005247, sag → 0.7040
2026-01-22 21:10:32,914 - __main__ - INFO -       Trial 12/15: C=0.049363, saga → 0.7414
2026-01-22 21:16:43,518 - __main__ - INFO -       Trial 13/15: C=0.008928, saga → 0.7494
2026-01-22 21:19:38,050 - __main__ - INFO -       Trial 14/15: C=0.012200, sag → 0.7339
2026-01-22 21:37:13,817 - __main__ - INFO -       Trial 15/15: C=0.047900, saga → 0.7545
2026-01-22 21:37:13,819 - __main__ - INFO - 
    ⭐ BEST HYPERPARAMETERS (Fold 2):
2026-01-22 21:37:13,819 - __main__ - INFO -        C=0.013839, solver=saga, tol=0.004316, max_iter=961
2026-01-22 21:37:13,819 - __main__ - INFO -        Validation Accuracy: 0.7659
2026-01-22 21:37:13,819 - __main__ - INFO -        Optimization Time: 3970.9s
2026-01-22 21:37:13,819 - __main__ - INFO - 
  Using hyperparameters for this fold:
2026-01-22 21:37:13,819 - __main__ - INFO -     C=0.013839, solver=saga, penalty=l2, tol=0.004316, max_iter=961
2026-01-22 21:37:13,819 - __main__ - INFO -   Scaling: Train (34568, 232), Test (17400, 232)
2026-01-22 21:37:13,903 - __main__ - INFO -   Train mean=0.0000, Test mean=0.0016
2026-01-22 21:37:13,903 - __main__ - INFO -   Training 232 OvR classifiers...
2026-01-22 21:37:13,903 - __main__ - INFO -     C=0.013839, saga, penalty=l2, tol=0.004316
2026-01-22 21:44:00,038 - __main__ - INFO -   ✓ Fold 2: Train Acc=0.8256, Val Acc=0.7498, Time=403.85s
2026-01-22 21:44:00,040 - __main__ - INFO - 
================================================================================
2026-01-22 21:44:00,040 - __main__ - INFO - Fold 3/3
2026-01-22 21:44:00,040 - __main__ - INFO - ================================================================================
2026-01-22 21:44:00,054 - __main__ - INFO -   Train: 150 subjects
2026-01-22 21:44:00,054 - __main__ - INFO -   Test:  74 subjects
2026-01-22 21:44:00,098 - __main__ - INFO -   Random imputation seeds: train=3042, test=4042
2026-01-22 21:44:00,526 - __main__ - INFO - 
  Hyperparameter optimization for Fold 3
2026-01-22 21:44:00,526 - __main__ - INFO -     15 trials, each training 232 classifiers
2026-01-22 21:46:56,998 - __main__ - INFO -       Trial 1/15: C=0.005197, sag → 0.7105 ⭐ New Best!
2026-01-22 21:54:16,260 - __main__ - INFO -       Trial 2/15: C=0.042757, sag → 0.7405 ⭐ New Best!
2026-01-22 21:54:58,867 - __main__ - INFO -       Trial 3/15: C=0.049565, lbfgs → 0.7417 ⭐ New Best!
2026-01-22 21:55:12,555 - __main__ - INFO -       Trial 4/15: C=0.008571, lbfgs → 0.1348
2026-01-22 21:57:19,717 - __main__ - INFO -       Trial 5/15: C=0.006153, sag → 0.7204
2026-01-22 21:57:40,621 - __main__ - INFO -       Trial 6/15: C=0.006278, lbfgs → 0.3638
2026-01-22 22:01:31,828 - __main__ - INFO -       Trial 7/15: C=0.011183, sag → 0.7494 ⭐ New Best!
2026-01-22 22:02:05,598 - __main__ - INFO -       Trial 8/15: C=0.026631, lbfgs → 0.6358
2026-01-22 22:09:13,317 - __main__ - INFO -       Trial 9/15: C=0.039140, sag → 0.7424
2026-01-22 22:15:11,478 - __main__ - INFO -       Trial 10/15: C=0.014511, sag → 0.7428
2026-01-22 22:20:31,424 - __main__ - INFO -       Trial 11/15: C=0.013596, saga → 0.7555 ⭐ New Best!
2026-01-22 22:26:16,460 - __main__ - INFO -       Trial 12/15: C=0.013372, saga → 0.7553
2026-01-22 22:33:06,157 - __main__ - INFO -       Trial 13/15: C=0.018445, saga → 0.7490
2026-01-22 22:37:17,702 - __main__ - INFO -       Trial 14/15: C=0.019393, saga → 0.7560 ⭐ New Best!
2026-01-22 22:39:54,026 - __main__ - INFO -       Trial 15/15: C=0.022372, saga → 0.7635 ⭐ New Best!
2026-01-22 22:39:54,028 - __main__ - INFO - 
    ⭐ BEST HYPERPARAMETERS (Fold 3):
2026-01-22 22:39:54,028 - __main__ - INFO -        C=0.022372, solver=saga, tol=0.022863, max_iter=1283
2026-01-22 22:39:54,028 - __main__ - INFO -        Validation Accuracy: 0.7635
2026-01-22 22:39:54,028 - __main__ - INFO -        Optimization Time: 3353.5s
2026-01-22 22:39:54,029 - __main__ - INFO - 
  Using hyperparameters for this fold:
2026-01-22 22:39:54,029 - __main__ - INFO -     C=0.022372, solver=saga, penalty=l2, tol=0.022863, max_iter=1283
2026-01-22 22:39:54,029 - __main__ - INFO -   Scaling: Train (34800, 232), Test (17168, 232)
2026-01-22 22:39:54,116 - __main__ - INFO -   Train mean=0.0000, Test mean=-0.0057
2026-01-22 22:39:54,116 - __main__ - INFO -   Training 232 OvR classifiers...
2026-01-22 22:39:54,116 - __main__ - INFO -     C=0.022372, saga, penalty=l2, tol=0.022863
2026-01-22 22:43:05,640 - __main__ - INFO -   ✓ Fold 3: Train Acc=0.8213, Val Acc=0.7593, Time=189.37s
2026-01-22 22:43:05,642 - __main__ - INFO - 
================================================================================
2026-01-22 22:43:05,642 - __main__ - INFO - Cross-validation completed in 11053.55s
2026-01-22 22:43:05,642 - __main__ - INFO - Best Fold: 1 with Val Accuracy: 0.7665
2026-01-22 22:43:05,642 - __main__ - INFO - 
Mean Train Accuracy: 0.8205
2026-01-22 22:43:05,642 - __main__ - INFO - Mean Validation Accuracy: 0.7585
2026-01-22 22:43:05,642 - __main__ - INFO - Generalization Gap: 0.0620
2026-01-22 22:43:07,674 - __main__ - INFO - 
================================================================================
2026-01-22 22:43:07,674 - __main__ - INFO - CROSS-VALIDATION RESULTS
2026-01-22 22:43:07,674 - __main__ - INFO - ================================================================================
2026-01-22 22:43:07,674 - __main__ - INFO -   Overall Accuracy: 0.7585
2026-01-22 22:43:07,674 - __main__ - INFO -   Top-3 Accuracy:   0.8431
2026-01-22 22:43:07,674 - __main__ - INFO -   Top-5 Accuracy:   0.8797
2026-01-22 22:43:07,674 - __main__ - INFO -   Top-10 Accuracy:  0.9229
2026-01-22 22:43:07,791 - __main__ - INFO -   Saved to: /home/sjoon/projects/brain_connectivity_classifier/data/results/full_connectivity_analysis/one_vs_rest
2026-01-22 22:43:07,791 - __main__ - INFO - 
================================================================================
2026-01-22 22:43:07,791 - __main__ - INFO - TESTING ON TASK DATA (GENDER STROOP)
2026-01-22 22:43:07,791 - __main__ - INFO - ================================================================================
2026-01-22 22:43:07,791 - __main__ - INFO - Training 232 OvR classifiers on ALL rest data
2026-01-22 22:43:07,791 - __main__ - INFO - Hyperparameters (from best CV fold if --tune_hyperparams enabled, otherwise defaults):
2026-01-22 22:43:07,791 - __main__ - INFO -   C=0.017607, solver=saga, penalty=l2, tol=0.033135, max_iter=1416
2026-01-22 22:43:07,792 - __main__ - INFO - Diagonal strategy: random

2026-01-22 22:43:07,792 - __main__ - INFO - Loading task data...
2026-01-22 22:43:09,825 - __main__ - INFO -   Task: 200 subjects
2026-01-22 22:43:12,878 - __main__ - INFO - 
Clipping task data off-diagonal values to [-0.999, 0.999]
2026-01-22 22:43:12,904 - __main__ - INFO - 
================================================================================
2026-01-22 22:43:12,904 - __main__ - INFO - PROCESSING REST DATA (TRAINING)
2026-01-22 22:43:12,904 - __main__ - INFO - ================================================================================
2026-01-22 22:43:12,918 - __main__ - INFO - Using RANDOM diagonal imputation with fixed seed for rest data
2026-01-22 22:43:13,340 - __main__ - INFO - 
================================================================================
2026-01-22 22:43:13,340 - __main__ - INFO - PROCESSING TASK DATA (TESTING)
2026-01-22 22:43:13,340 - __main__ - INFO - ================================================================================
2026-01-22 22:43:13,353 - __main__ - INFO - Using RANDOM diagonal imputation with different seed for task data
2026-01-22 22:43:13,726 - __main__ - INFO - 
================================================================================
2026-01-22 22:43:13,726 - __main__ - INFO - SCALING DATA
2026-01-22 22:43:13,726 - __main__ - INFO - ================================================================================
2026-01-22 22:43:13,850 - __main__ - INFO - 
================================================================================
2026-01-22 22:43:13,850 - __main__ - INFO - TRAINING FINAL OVR MODELS ON REST DATA
2026-01-22 22:43:13,850 - __main__ - INFO - ================================================================================
2026-01-22 22:43:13,850 - __main__ - INFO -   Training 232 OvR classifiers...
2026-01-22 22:43:13,850 - __main__ - INFO -     C=0.017607, saga, penalty=l2, tol=0.033135
2026-01-22 22:46:30,006 - __main__ - INFO -   ✓ Trained 232 classifiers in 196.16s
2026-01-22 22:46:30,006 - __main__ - INFO - 
================================================================================
2026-01-22 22:46:30,007 - __main__ - INFO - EVALUATING ON REST DATA (TRAINING SET)
2026-01-22 22:46:30,007 - __main__ - INFO - ================================================================================
2026-01-22 22:46:33,605 - __main__ - INFO -   Rest Accuracy: 0.8121
2026-01-22 22:46:33,605 - __main__ - INFO -   Rest Top-3: 0.8813
2026-01-22 22:46:33,605 - __main__ - INFO -   Rest Top-5: 0.9094
2026-01-22 22:46:33,605 - __main__ - INFO -   Rest Top-10: 0.9422
2026-01-22 22:46:33,605 - __main__ - INFO - 
================================================================================
2026-01-22 22:46:33,605 - __main__ - INFO - EVALUATING ON TASK DATA (TEST SET)
2026-01-22 22:46:33,605 - __main__ - INFO - ================================================================================
2026-01-22 22:46:37,372 - __main__ - INFO -   Task Accuracy: 0.7332
2026-01-22 22:46:37,372 - __main__ - INFO -   Task Top-3: 0.8165
2026-01-22 22:46:37,372 - __main__ - INFO -   Task Top-5: 0.8534
2026-01-22 22:46:37,372 - __main__ - INFO -   Task Top-10: 0.8992
2026-01-22 22:46:37,514 - __main__ - INFO -   Saved to: /home/sjoon/projects/brain_connectivity_classifier/data/results/full_connectivity_analysis/task_testing_one_vs_rest
2026-01-22 22:46:37,514 - __main__ - INFO - 
================================================================================
2026-01-22 22:46:37,514 - __main__ - INFO - TASK TESTING SUMMARY
2026-01-22 22:46:37,514 - __main__ - INFO - ================================================================================
2026-01-22 22:46:37,514 - __main__ - INFO -   Rest Training Accuracy: 0.8121
2026-01-22 22:46:37,514 - __main__ - INFO -   Task Testing Accuracy:  0.7332
2026-01-22 22:46:37,514 - __main__ - INFO -   Accuracy Drop:          0.0789
2026-01-22 22:46:37,514 - __main__ - INFO - ================================================================================

2026-01-22 22:46:37,522 - __main__ - INFO - 
================================================================================
2026-01-22 22:46:37,522 - __main__ - INFO - ✓ TRAINING COMPLETED SUCCESSFULLY
2026-01-22 22:46:37,522 - __main__ - INFO - ================================================================================
2026-01-22 22:46:37,522 - __main__ - INFO -   CV Accuracy: 0.7585
2026-01-22 22:46:37,522 - __main__ - INFO -   Task Accuracy: 0.7332
2026-01-22 22:46:37,522 - __main__ - INFO -   Accuracy Drop: 0.0789
2026-01-22 22:46:37,522 - __main__ - INFO -   Results saved to: /home/sjoon/projects/brain_connectivity_classifier/data/results/full_connectivity_analysis/one_vs_rest
2026-01-22 22:46:37,522 - __main__ - INFO - ================================================================================

2026-01-23 14:30:22,382 - __main__ - INFO - ================================================================================
2026-01-23 14:30:22,383 - __main__ - INFO - CONFIGURATION
2026-01-23 14:30:22,383 - __main__ - INFO - ================================================================================
2026-01-23 14:30:22,383 - __main__ - INFO -   Rest data: /home/sjoon/projects/brain_connectivity_classifier/data/raw/PIOP2_restingstate.csv
2026-01-23 14:30:22,383 - __main__ - INFO -   Task data: /home/sjoon/projects/brain_connectivity_classifier/data/raw/PIOP1_gstroop.csv
2026-01-23 14:30:22,383 - __main__ - INFO -   Output dir: /home/sjoon/projects/brain_connectivity_classifier/data/results/full_connectivity_analysis
2026-01-23 14:30:22,383 - __main__ - INFO -   Diagonal strategy: random
2026-01-23 14:30:22,383 - __main__ - INFO -   N folds: 3
2026-01-23 14:30:22,383 - __main__ - INFO -   Tune hyperparams: True
2026-01-23 14:30:22,383 - __main__ - INFO -   Test on task: True
2026-01-23 14:30:22,383 - __main__ - INFO -   N jobs: -1
2026-01-23 14:30:22,383 - __main__ - INFO -   Optuna N jobs: 1
2026-01-23 14:30:22,383 - __main__ - INFO - ================================================================================

2026-01-23 14:30:22,383 - __main__ - INFO - 
================================================================================
2026-01-23 14:30:22,383 - __main__ - INFO - TRAINING FULL CONNECTIVITY - ONE-VS-REST
2026-01-23 14:30:22,383 - __main__ - INFO - ================================================================================

2026-01-23 14:30:22,384 - __main__ - INFO - Loading resting-state data...
2026-01-23 14:30:26,527 - __main__ - INFO - 
Clipping off-diagonal values to [-0.999, 0.999]
2026-01-23 14:30:26,551 - __main__ - INFO - Data: 224 subjects, 232 regions
2026-01-23 14:30:26,551 - __main__ - INFO - Diagonal strategy: random
2026-01-23 14:30:26,551 - __main__ - INFO - 
================================================================================
2026-01-23 14:30:26,551 - __main__ - INFO - CROSS-VALIDATION (3 folds)
2026-01-23 14:30:26,551 - __main__ - INFO - ================================================================================
2026-01-23 14:30:26,565 - __main__ - INFO - 
================================================================================
2026-01-23 14:30:26,565 - __main__ - INFO - Fold 1/3
2026-01-23 14:30:26,565 - __main__ - INFO - ================================================================================
2026-01-23 14:30:26,576 - __main__ - INFO -   Train: 149 subjects
2026-01-23 14:30:26,576 - __main__ - INFO -   Test:  75 subjects
2026-01-23 14:30:26,611 - __main__ - INFO -   Random imputation seeds: train=1042, test=2042
2026-01-23 14:30:26,928 - __main__ - INFO - 
  Hyperparameter optimization for Fold 1
2026-01-23 14:30:26,928 - __main__ - INFO -     15 trials, each training 232 classifiers
2026-01-23 14:35:22,426 - __main__ - INFO -       Trial 1/15: C=0.009782, sag → 0.7371 ⭐ New Best!
2026-01-23 14:37:24,972 - __main__ - INFO -       Trial 2/15: C=0.006612, saga → 0.7559 ⭐ New Best!
2026-01-23 14:37:52,510 - __main__ - INFO - ================================================================================
2026-01-23 14:37:52,510 - __main__ - INFO - CONFIGURATION
2026-01-23 14:37:52,510 - __main__ - INFO - ================================================================================
2026-01-23 14:37:52,510 - __main__ - INFO -   Rest data: /home/sjoon/projects/brain_connectivity_classifier/data/raw/PIOP2_restingstate.csv
2026-01-23 14:37:52,510 - __main__ - INFO -   Task data: /home/sjoon/projects/brain_connectivity_classifier/data/raw/PIOP1_gstroop.csv
2026-01-23 14:37:52,510 - __main__ - INFO -   Output dir: /home/sjoon/projects/brain_connectivity_classifier/data/results/full_connectivity_analysis
2026-01-23 14:37:52,510 - __main__ - INFO -   Diagonal strategy: random
2026-01-23 14:37:52,510 - __main__ - INFO -   N folds: 3
2026-01-23 14:37:52,510 - __main__ - INFO -   Tune hyperparams: True
2026-01-23 14:37:52,510 - __main__ - INFO -   Test on task: True
2026-01-23 14:37:52,510 - __main__ - INFO -   N jobs: 8
2026-01-23 14:37:52,510 - __main__ - INFO -   Optuna N jobs: 1
2026-01-23 14:37:52,510 - __main__ - INFO - ================================================================================

2026-01-23 14:37:52,510 - __main__ - INFO - 
================================================================================
2026-01-23 14:37:52,510 - __main__ - INFO - TRAINING FULL CONNECTIVITY - ONE-VS-REST
2026-01-23 14:37:52,510 - __main__ - INFO - ================================================================================

2026-01-23 14:37:52,511 - __main__ - INFO - Loading resting-state data...
2026-01-23 14:37:56,853 - __main__ - INFO - 
Clipping off-diagonal values to [-0.999, 0.999]
2026-01-23 14:37:56,891 - __main__ - INFO - Data: 224 subjects, 232 regions
2026-01-23 14:37:56,891 - __main__ - INFO - Diagonal strategy: random
2026-01-23 14:37:56,891 - __main__ - INFO - 
================================================================================
2026-01-23 14:37:56,891 - __main__ - INFO - CROSS-VALIDATION (3 folds)
2026-01-23 14:37:56,891 - __main__ - INFO - ================================================================================
2026-01-23 14:37:56,907 - __main__ - INFO - 
================================================================================
2026-01-23 14:37:56,907 - __main__ - INFO - Fold 1/3
2026-01-23 14:37:56,907 - __main__ - INFO - ================================================================================
2026-01-23 14:37:56,918 - __main__ - INFO -   Train: 149 subjects
2026-01-23 14:37:56,918 - __main__ - INFO -   Test:  75 subjects
2026-01-23 14:37:56,977 - __main__ - INFO -   Random imputation seeds: train=1042, test=2042
2026-01-23 14:37:57,341 - __main__ - INFO - 
  Hyperparameter optimization for Fold 1
2026-01-23 14:37:57,341 - __main__ - INFO -     15 trials, each training 232 classifiers
2026-01-23 14:40:28,803 - __main__ - INFO -       Trial 1/15: C=0.009782, sag → 0.7316 ⭐ New Best!
2026-01-23 14:41:41,334 - __main__ - INFO -       Trial 2/15: C=0.006612, saga → 0.7549 ⭐ New Best!
2026-01-23 14:44:00,207 - __main__ - INFO -       Trial 3/15: C=0.005188, sag → 0.7174
2026-01-23 14:46:03,697 - __main__ - INFO -       Trial 4/15: C=0.006945, saga → 0.7540
2026-01-23 14:48:05,662 - __main__ - INFO -       Trial 5/15: C=0.014965, saga → 0.7484
2026-01-23 14:51:50,785 - __main__ - INFO -       Trial 6/15: C=0.020415, saga → 0.7539
2026-01-23 14:52:45,014 - __main__ - INFO -       Trial 7/15: C=0.014850, sag → 0.7066
2026-01-23 14:54:31,037 - __main__ - INFO -       Trial 8/15: C=0.021283, sag → 0.7467
2026-01-23 14:56:32,044 - __main__ - INFO -       Trial 9/15: C=0.006222, sag → 0.7246
2026-01-23 14:59:41,080 - __main__ - INFO -       Trial 10/15: C=0.016387, saga → 0.7593 ⭐ New Best!
2026-01-23 15:01:15,597 - __main__ - INFO -       Trial 11/15: C=0.028063, saga → 0.7519
2026-01-23 15:02:36,776 - __main__ - INFO -       Trial 12/15: C=0.009749, saga → 0.7555
2026-01-23 15:03:47,647 - __main__ - INFO -       Trial 13/15: C=0.009568, saga → 0.7486
2026-01-23 15:04:49,626 - __main__ - INFO -       Trial 14/15: C=0.011132, saga → 0.7583
2026-01-23 15:05:51,200 - __main__ - INFO -       Trial 15/15: C=0.012662, saga → 0.7487
2026-01-23 15:05:51,203 - __main__ - INFO - 
    ⭐ BEST HYPERPARAMETERS (Fold 1):
2026-01-23 15:05:51,203 - __main__ - INFO -        C=0.016387, solver=saga, tol=0.008699, max_iter=865
2026-01-23 15:05:51,203 - __main__ - INFO -        Validation Accuracy: 0.7593
2026-01-23 15:05:51,203 - __main__ - INFO -        Optimization Time: 1673.9s
2026-01-23 15:05:51,204 - __main__ - INFO - 
  Using hyperparameters for this fold:
2026-01-23 15:05:51,204 - __main__ - INFO -     C=0.016387, solver=saga, penalty=l2, tol=0.008699, max_iter=865
2026-01-23 15:05:51,204 - __main__ - INFO -   Scaling: Train (34568, 232), Test (17400, 232)
2026-01-23 15:05:51,348 - __main__ - INFO -   Train mean=0.0000, Test mean=0.0042
2026-01-23 15:05:51,349 - __main__ - INFO -   Training 232 OvR classifiers...
2026-01-23 15:05:51,349 - __main__ - INFO -     C=0.016387, saga, penalty=l2, tol=0.008699
2026-01-23 15:09:43,499 - __main__ - INFO -   ✓ Fold 1: Train Acc=0.8239, Val Acc=0.7666, Time=229.41s
2026-01-23 15:09:43,502 - __main__ - INFO - 
================================================================================
2026-01-23 15:09:43,502 - __main__ - INFO - Fold 2/3
2026-01-23 15:09:43,502 - __main__ - INFO - ================================================================================
2026-01-23 15:09:43,514 - __main__ - INFO -   Train: 149 subjects
2026-01-23 15:09:43,514 - __main__ - INFO -   Test:  75 subjects
2026-01-23 15:09:43,573 - __main__ - INFO -   Random imputation seeds: train=2042, test=3042
2026-01-23 15:09:43,932 - __main__ - INFO - 
  Hyperparameter optimization for Fold 2
2026-01-23 15:09:43,933 - __main__ - INFO -     15 trials, each training 232 classifiers
2026-01-23 15:12:26,354 - __main__ - INFO -       Trial 1/15: C=0.014632, saga → 0.7593 ⭐ New Best!
2026-01-23 15:14:56,728 - __main__ - INFO -       Trial 2/15: C=0.018643, sag → 0.7503
2026-01-23 15:17:31,556 - __main__ - INFO -       Trial 3/15: C=0.015047, sag → 0.7431
2026-01-23 15:19:24,542 - __main__ - INFO -       Trial 4/15: C=0.008905, saga → 0.7648 ⭐ New Best!
2026-01-23 15:20:47,361 - __main__ - INFO -       Trial 5/15: C=0.016136, saga → 0.7422
2026-01-23 15:21:38,610 - __main__ - INFO -       Trial 6/15: C=0.019855, sag → 0.7368
2026-01-23 15:24:49,364 - __main__ - INFO -       Trial 7/15: C=0.012242, saga → 0.7603
2026-01-23 15:26:25,862 - __main__ - INFO -       Trial 8/15: C=0.005641, sag → 0.6881
2026-01-23 15:28:34,770 - __main__ - INFO -       Trial 9/15: C=0.029455, saga → 0.7603
2026-01-23 15:29:55,615 - __main__ - INFO -       Trial 10/15: C=0.007091, saga → 0.7635
2026-01-23 15:32:05,433 - __main__ - INFO -       Trial 11/15: C=0.009420, saga → 0.7480
2026-01-23 15:33:20,713 - __main__ - INFO -       Trial 12/15: C=0.007110, saga → 0.7447
2026-01-23 15:34:37,463 - __main__ - INFO -       Trial 13/15: C=0.007911, saga → 0.7524
2026-01-23 15:35:36,288 - __main__ - INFO -       Trial 14/15: C=0.005729, saga → 0.7503
2026-01-23 15:37:14,792 - __main__ - INFO -       Trial 15/15: C=0.009907, saga → 0.7621
2026-01-23 15:37:14,794 - __main__ - INFO - 
    ⭐ BEST HYPERPARAMETERS (Fold 2):
2026-01-23 15:37:14,794 - __main__ - INFO -        C=0.008905, solver=saga, tol=0.018850, max_iter=1366
2026-01-23 15:37:14,795 - __main__ - INFO -        Validation Accuracy: 0.7648
2026-01-23 15:37:14,795 - __main__ - INFO -        Optimization Time: 1650.9s
2026-01-23 15:37:14,795 - __main__ - INFO - 
  Using hyperparameters for this fold:
2026-01-23 15:37:14,795 - __main__ - INFO -     C=0.008905, solver=saga, penalty=l2, tol=0.018850, max_iter=1366
2026-01-23 15:37:14,795 - __main__ - INFO -   Scaling: Train (34568, 232), Test (17400, 232)
2026-01-23 15:37:14,928 - __main__ - INFO -   Train mean=0.0000, Test mean=0.0016
2026-01-23 15:37:14,928 - __main__ - INFO -   Training 232 OvR classifiers...
2026-01-23 15:37:14,928 - __main__ - INFO -     C=0.008905, saga, penalty=l2, tol=0.018850
2026-01-23 15:39:33,567 - __main__ - INFO -   ✓ Fold 2: Train Acc=0.8107, Val Acc=0.7494, Time=135.96s
2026-01-23 15:39:33,570 - __main__ - INFO - 
================================================================================
2026-01-23 15:39:33,570 - __main__ - INFO - Fold 3/3
2026-01-23 15:39:33,570 - __main__ - INFO - ================================================================================
2026-01-23 15:39:33,581 - __main__ - INFO -   Train: 150 subjects
2026-01-23 15:39:33,581 - __main__ - INFO -   Test:  74 subjects
2026-01-23 15:39:33,645 - __main__ - INFO -   Random imputation seeds: train=3042, test=4042
2026-01-23 15:39:34,013 - __main__ - INFO - 
  Hyperparameter optimization for Fold 3
2026-01-23 15:39:34,013 - __main__ - INFO -     15 trials, each training 232 classifiers
2026-01-23 15:40:32,293 - __main__ - INFO -       Trial 1/15: C=0.005152, sag → 0.6968 ⭐ New Best!
2026-01-23 15:41:37,372 - __main__ - INFO -       Trial 2/15: C=0.012560, saga → 0.7601 ⭐ New Best!
2026-01-23 15:43:52,636 - __main__ - INFO -       Trial 3/15: C=0.011873, saga → 0.7614 ⭐ New Best!
2026-01-23 15:44:53,727 - __main__ - INFO -       Trial 4/15: C=0.027624, sag → 0.7408
2026-01-23 15:47:27,567 - __main__ - INFO -       Trial 5/15: C=0.005301, sag → 0.7221
2026-01-23 15:48:49,797 - __main__ - INFO -       Trial 6/15: C=0.015573, sag → 0.7204
2026-01-23 15:51:00,943 - __main__ - INFO -       Trial 7/15: C=0.005969, sag → 0.7296
2026-01-23 15:53:37,188 - __main__ - INFO -       Trial 8/15: C=0.015913, saga → 0.7611
2026-01-23 15:55:57,233 - __main__ - INFO -       Trial 9/15: C=0.019513, saga → 0.7612
2026-01-23 15:56:56,533 - __main__ - INFO -       Trial 10/15: C=0.016152, sag → 0.7267
2026-01-23 15:58:31,562 - __main__ - INFO -       Trial 11/15: C=0.008811, saga → 0.7527
2026-01-23 16:01:08,173 - __main__ - INFO -       Trial 12/15: C=0.025160, saga → 0.7573
2026-01-23 16:03:24,767 - __main__ - INFO -       Trial 13/15: C=0.009481, saga → 0.7463
2026-01-23 16:06:41,516 - __main__ - INFO -       Trial 14/15: C=0.020984, saga → 0.7562
2026-01-23 16:08:32,856 - __main__ - INFO -       Trial 15/15: C=0.010282, saga → 0.7615 ⭐ New Best!
2026-01-23 16:08:32,860 - __main__ - INFO - 
    ⭐ BEST HYPERPARAMETERS (Fold 3):
2026-01-23 16:08:32,860 - __main__ - INFO -        C=0.010282, solver=saga, tol=0.021255, max_iter=383
2026-01-23 16:08:32,860 - __main__ - INFO -        Validation Accuracy: 0.7615
2026-01-23 16:08:32,860 - __main__ - INFO -        Optimization Time: 1738.8s
2026-01-23 16:08:32,860 - __main__ - INFO - 
  Using hyperparameters for this fold:
2026-01-23 16:08:32,860 - __main__ - INFO -     C=0.010282, solver=saga, penalty=l2, tol=0.021255, max_iter=383
2026-01-23 16:08:32,860 - __main__ - INFO -   Scaling: Train (34800, 232), Test (17168, 232)
2026-01-23 16:08:32,997 - __main__ - INFO -   Train mean=0.0000, Test mean=-0.0057
2026-01-23 16:08:32,998 - __main__ - INFO -   Training 232 OvR classifiers...
2026-01-23 16:08:32,998 - __main__ - INFO -     C=0.010282, saga, penalty=l2, tol=0.021255
2026-01-23 16:10:50,079 - __main__ - INFO -   ✓ Fold 3: Train Acc=0.8100, Val Acc=0.7577, Time=134.40s
2026-01-23 16:10:50,082 - __main__ - INFO - 
================================================================================
2026-01-23 16:10:50,082 - __main__ - INFO - Cross-validation completed in 5573.19s
2026-01-23 16:10:50,082 - __main__ - INFO - Best Fold: 1 with Val Accuracy: 0.7666
2026-01-23 16:10:50,082 - __main__ - INFO - 
Mean Train Accuracy: 0.8148
2026-01-23 16:10:50,082 - __main__ - INFO - Mean Validation Accuracy: 0.7579
2026-01-23 16:10:50,082 - __main__ - INFO - Generalization Gap: 0.0569
2026-01-23 16:10:51,480 - __main__ - INFO - 
================================================================================
2026-01-23 16:10:51,480 - __main__ - INFO - CROSS-VALIDATION RESULTS
2026-01-23 16:10:51,480 - __main__ - INFO - ================================================================================
2026-01-23 16:10:51,480 - __main__ - INFO -   Overall Accuracy: 0.7579
2026-01-23 16:10:51,480 - __main__ - INFO -   Top-3 Accuracy:   0.8428
2026-01-23 16:10:51,480 - __main__ - INFO -   Top-5 Accuracy:   0.8791
2026-01-23 16:10:51,480 - __main__ - INFO -   Top-10 Accuracy:  0.9248
2026-01-23 16:10:51,589 - __main__ - INFO -   Saved to: /home/sjoon/projects/brain_connectivity_classifier/data/results/full_connectivity_analysis/one_vs_rest
2026-01-23 16:10:51,589 - __main__ - INFO - 
================================================================================
2026-01-23 16:10:51,589 - __main__ - INFO - TESTING ON TASK DATA (GENDER STROOP)
2026-01-23 16:10:51,589 - __main__ - INFO - ================================================================================
2026-01-23 16:10:51,589 - __main__ - INFO - Training 232 OvR classifiers on ALL rest data
2026-01-23 16:10:51,589 - __main__ - INFO - Hyperparameters (from best CV fold if --tune_hyperparams enabled, otherwise defaults):
2026-01-23 16:10:51,589 - __main__ - INFO -   C=0.016387, solver=saga, penalty=l2, tol=0.008699, max_iter=865
2026-01-23 16:10:51,589 - __main__ - INFO - Diagonal strategy: random

2026-01-23 16:10:51,589 - __main__ - INFO - Loading task data...
2026-01-23 16:10:53,385 - __main__ - INFO -   Task: 200 subjects
2026-01-23 16:10:55,629 - __main__ - INFO - 
Clipping task data off-diagonal values to [-0.999, 0.999]
2026-01-23 16:10:55,658 - __main__ - INFO - 
================================================================================
2026-01-23 16:10:55,659 - __main__ - INFO - PROCESSING REST DATA (TRAINING)
2026-01-23 16:10:55,659 - __main__ - INFO - ================================================================================
2026-01-23 16:10:55,683 - __main__ - INFO - Using RANDOM diagonal imputation with fixed seed for rest data
2026-01-23 16:10:56,049 - __main__ - INFO - 
================================================================================
2026-01-23 16:10:56,049 - __main__ - INFO - PROCESSING TASK DATA (TESTING)
2026-01-23 16:10:56,049 - __main__ - INFO - ================================================================================
2026-01-23 16:10:56,078 - __main__ - INFO - Using RANDOM diagonal imputation with different seed for task data
2026-01-23 16:10:56,398 - __main__ - INFO - 
================================================================================
2026-01-23 16:10:56,398 - __main__ - INFO - SCALING DATA
2026-01-23 16:10:56,398 - __main__ - INFO - ================================================================================
2026-01-23 16:10:56,587 - __main__ - INFO - 
================================================================================
2026-01-23 16:10:56,587 - __main__ - INFO - TRAINING FINAL OVR MODELS ON REST DATA
2026-01-23 16:10:56,587 - __main__ - INFO - ================================================================================
2026-01-23 16:10:56,587 - __main__ - INFO -   Training 232 OvR classifiers...
2026-01-23 16:10:56,587 - __main__ - INFO -     C=0.016387, saga, penalty=l2, tol=0.008699
2026-01-23 16:16:32,020 - __main__ - INFO -   ✓ Trained 232 classifiers in 335.43s
2026-01-23 16:16:32,021 - __main__ - INFO - 
================================================================================
2026-01-23 16:16:32,021 - __main__ - INFO - EVALUATING ON REST DATA (TRAINING SET)
2026-01-23 16:16:32,021 - __main__ - INFO - ================================================================================
2026-01-23 16:16:36,092 - __main__ - INFO -   Rest Accuracy: 0.8207
2026-01-23 16:16:36,092 - __main__ - INFO -   Rest Top-3: 0.8914
2026-01-23 16:16:36,092 - __main__ - INFO -   Rest Top-5: 0.9194
2026-01-23 16:16:36,092 - __main__ - INFO -   Rest Top-10: 0.9520
2026-01-23 16:16:36,092 - __main__ - INFO - 
================================================================================
2026-01-23 16:16:36,092 - __main__ - INFO - EVALUATING ON TASK DATA (TEST SET)
2026-01-23 16:16:36,092 - __main__ - INFO - ================================================================================
2026-01-23 16:16:40,285 - __main__ - INFO -   Task Accuracy: 0.7326
2026-01-23 16:16:40,285 - __main__ - INFO -   Task Top-3: 0.8209
2026-01-23 16:16:40,285 - __main__ - INFO -   Task Top-5: 0.8604
2026-01-23 16:16:40,285 - __main__ - INFO -   Task Top-10: 0.9076
2026-01-23 16:16:40,409 - __main__ - INFO -   Saved to: /home/sjoon/projects/brain_connectivity_classifier/data/results/full_connectivity_analysis/task_testing_one_vs_rest
2026-01-23 16:16:40,409 - __main__ - INFO - 
================================================================================
2026-01-23 16:16:40,409 - __main__ - INFO - TASK TESTING SUMMARY
2026-01-23 16:16:40,409 - __main__ - INFO - ================================================================================
2026-01-23 16:16:40,409 - __main__ - INFO -   Rest Training Accuracy: 0.8207
2026-01-23 16:16:40,409 - __main__ - INFO -   Task Testing Accuracy:  0.7326
2026-01-23 16:16:40,409 - __main__ - INFO -   Accuracy Drop:          0.0881
2026-01-23 16:16:40,409 - __main__ - INFO - ================================================================================

2026-01-23 16:16:40,423 - __main__ - INFO - 
================================================================================
2026-01-23 16:16:40,423 - __main__ - INFO - ✓ TRAINING COMPLETED SUCCESSFULLY
2026-01-23 16:16:40,423 - __main__ - INFO - ================================================================================
2026-01-23 16:16:40,423 - __main__ - INFO -   CV Accuracy: 0.7579
2026-01-23 16:16:40,423 - __main__ - INFO -   Task Accuracy: 0.7326
2026-01-23 16:16:40,423 - __main__ - INFO -   Accuracy Drop: 0.0881
2026-01-23 16:16:40,423 - __main__ - INFO -   Results saved to: /home/sjoon/projects/brain_connectivity_classifier/data/results/full_connectivity_analysis/one_vs_rest
2026-01-23 16:16:40,423 - __main__ - INFO - ================================================================================

2026-01-23 17:13:25,829 - __main__ - INFO - ================================================================================
2026-01-23 17:13:25,829 - __main__ - INFO - CONFIGURATION
2026-01-23 17:13:25,829 - __main__ - INFO - ================================================================================
2026-01-23 17:13:25,829 - __main__ - INFO -   Rest data: /home/sjoon/projects/brain_connectivity_classifier/data/raw/PIOP2_restingstate.csv
2026-01-23 17:13:25,829 - __main__ - INFO -   Task data: /home/sjoon/projects/brain_connectivity_classifier/data/raw/PIOP1_gstroop.csv
2026-01-23 17:13:25,829 - __main__ - INFO -   Output dir: /home/sjoon/projects/brain_connectivity_classifier/data/results/full_connectivity_analysis
2026-01-23 17:13:25,829 - __main__ - INFO -   Diagonal strategy: random
2026-01-23 17:13:25,829 - __main__ - INFO -   N folds: 5
2026-01-23 17:13:25,829 - __main__ - INFO -   Tune hyperparams: True
2026-01-23 17:13:25,829 - __main__ - INFO -   Test on task: True
2026-01-23 17:13:25,829 - __main__ - INFO -   N jobs: 8
2026-01-23 17:13:25,829 - __main__ - INFO -   Optuna N jobs: 1
2026-01-23 17:13:25,829 - __main__ - INFO - ================================================================================

2026-01-23 17:13:25,830 - __main__ - INFO - 
================================================================================
2026-01-23 17:13:25,830 - __main__ - INFO - TRAINING FULL CONNECTIVITY - ONE-VS-REST
2026-01-23 17:13:25,830 - __main__ - INFO - ================================================================================

2026-01-23 17:13:25,830 - __main__ - INFO - Loading resting-state data...
2026-01-23 17:13:31,511 - __main__ - INFO - 
Clipping off-diagonal values to [-0.999, 0.999]
2026-01-23 17:13:31,542 - __main__ - INFO - Data: 224 subjects, 232 regions
2026-01-23 17:13:31,542 - __main__ - INFO - Diagonal strategy: random
2026-01-23 17:13:31,543 - __main__ - INFO - 
================================================================================
2026-01-23 17:13:31,543 - __main__ - INFO - CROSS-VALIDATION (5 folds)
2026-01-23 17:13:31,543 - __main__ - INFO - ================================================================================
2026-01-23 17:13:31,560 - __main__ - INFO - 
================================================================================
2026-01-23 17:13:31,560 - __main__ - INFO - Fold 1/5
2026-01-23 17:13:31,560 - __main__ - INFO - ================================================================================
2026-01-23 17:13:31,574 - __main__ - INFO -   Train: 179 subjects
2026-01-23 17:13:31,574 - __main__ - INFO -   Test:  45 subjects
2026-01-23 17:13:31,618 - __main__ - INFO -   Random imputation seeds: train=1042, test=2042
2026-01-23 17:13:32,044 - __main__ - INFO - 
  Hyperparameter optimization for Fold 1
2026-01-23 17:13:32,044 - __main__ - INFO -     40 trials, each training 232 classifiers
2026-01-23 17:25:24,611 - __main__ - INFO -       Trial 1/40: C=0.004328, sag → 0.7460 ⭐ New Best!
2026-01-23 17:28:09,123 - __main__ - INFO -       Trial 2/40: C=0.001841, saga → 0.7233
2026-01-23 17:35:46,621 - __main__ - INFO -       Trial 3/40: C=0.001084, sag → 0.6613
2026-01-23 17:47:39,243 - __main__ - INFO -       Trial 4/40: C=0.002049, saga → 0.7196
2026-01-23 17:56:27,028 - __main__ - INFO -       Trial 5/40: C=0.010953, saga → 0.7646 ⭐ New Best!
2026-01-23 18:38:48,585 - __main__ - INFO -       Trial 6/40: C=0.021577, saga → 0.7603
2026-01-23 18:40:06,111 - __main__ - INFO -       Trial 7/40: C=0.010770, sag → 0.7271
2026-01-23 18:47:10,522 - __main__ - INFO -       Trial 8/40: C=0.023629, sag → 0.7567
2026-01-23 18:55:30,007 - __main__ - INFO -       Trial 9/40: C=0.001612, sag → 0.6800
2026-01-23 19:20:38,668 - __main__ - INFO -       Trial 10/40: C=0.013354, saga → 0.7550
2026-01-23 19:26:55,778 - __main__ - INFO -       Trial 11/40: C=0.042042, saga → 0.7511
2026-01-23 19:56:43,119 - __main__ - INFO -       Trial 12/40: C=0.005398, saga → 0.7421
2026-01-23 20:05:47,226 - __main__ - INFO -       Trial 13/40: C=0.021447, saga → 0.7647 ⭐ New Best!
2026-01-23 20:12:54,433 - __main__ - INFO -       Trial 14/40: C=0.009904, saga → 0.7654 ⭐ New Best!
2026-01-23 20:19:19,276 - __main__ - INFO -       Trial 15/40: C=0.044164, saga → 0.7534
2026-01-23 20:22:15,625 - __main__ - INFO -       Trial 16/40: C=0.021130, saga → 0.7687 ⭐ New Best!
2026-01-23 20:23:38,510 - __main__ - INFO -       Trial 17/40: C=0.003724, saga → 0.7451
2026-01-23 20:25:47,170 - __main__ - INFO -       Trial 18/40: C=0.007587, saga → 0.7459
2026-01-23 20:28:37,022 - __main__ - INFO -       Trial 19/40: C=0.015146, saga → 0.7638
2026-01-23 20:36:16,278 - __main__ - INFO -       Trial 20/40: C=0.030804, saga → 0.7615
2026-01-23 20:47:38,023 - __main__ - INFO -       Trial 21/40: C=0.007177, saga → 0.7525
2026-01-23 20:54:37,517 - __main__ - INFO -       Trial 22/40: C=0.019328, saga → 0.7640
2026-01-23 21:10:14,377 - __main__ - INFO -       Trial 23/40: C=0.025083, saga → 0.7641
2026-01-23 21:12:37,542 - __main__ - INFO -       Trial 24/40: C=0.015872, saga → 0.7545
2026-01-23 21:21:58,830 - __main__ - INFO -       Trial 25/40: C=0.033302, saga → 0.7562
2026-01-23 21:26:11,435 - __main__ - INFO -       Trial 26/40: C=0.009733, saga → 0.7548
2026-01-23 21:29:08,899 - __main__ - INFO -       Trial 27/40: C=0.030142, sag → 0.7367
2026-01-23 21:35:08,786 - __main__ - INFO -       Trial 28/40: C=0.017570, saga → 0.7645
2026-01-23 21:36:54,748 - __main__ - INFO -       Trial 29/40: C=0.008847, saga → 0.7620
2026-01-23 21:44:30,169 - __main__ - INFO -       Trial 30/40: C=0.004686, sag → 0.7359
2026-01-23 22:00:07,628 - __main__ - INFO -       Trial 31/40: C=0.012677, saga → 0.7482
2026-01-23 22:07:27,023 - __main__ - INFO -       Trial 32/40: C=0.011878, saga → 0.7522
2026-01-23 22:16:39,666 - __main__ - INFO -       Trial 33/40: C=0.005899, saga → 0.7432
2026-01-23 22:23:30,809 - __main__ - INFO -       Trial 34/40: C=0.003583, saga → 0.7421
2026-01-23 22:26:52,948 - __main__ - INFO -       Trial 35/40: C=0.008953, saga → 0.7671
2026-01-23 22:29:20,337 - __main__ - INFO -       Trial 36/40: C=0.002859, saga → 0.7484
2026-01-23 22:32:49,551 - __main__ - INFO -       Trial 37/40: C=0.008649, saga → 0.7486
2026-01-23 22:35:00,435 - __main__ - INFO -       Trial 38/40: C=0.006348, sag → 0.7166
2026-01-23 22:36:26,676 - __main__ - INFO -       Trial 39/40: C=0.019539, saga → 0.7587
2026-01-23 22:38:20,638 - __main__ - INFO -       Trial 40/40: C=0.024865, sag → 0.7451
2026-01-23 22:38:20,641 - __main__ - INFO - 
    ⭐ BEST HYPERPARAMETERS (Fold 1):
2026-01-23 22:38:20,641 - __main__ - INFO -        C=0.021130, solver=saga, tol=0.023358, max_iter=532
2026-01-23 22:38:20,641 - __main__ - INFO -        Validation Accuracy: 0.7687
2026-01-23 22:38:20,641 - __main__ - INFO -        Optimization Time: 19488.6s
2026-01-23 22:38:20,641 - __main__ - INFO - 
  Using hyperparameters for this fold:
2026-01-23 22:38:20,641 - __main__ - INFO -     C=0.021130, solver=saga, penalty=l2, tol=0.023358, max_iter=532
2026-01-23 22:38:20,641 - __main__ - INFO -   Scaling: Train (41528, 232), Test (10440, 232)
2026-01-23 22:38:20,741 - __main__ - INFO -   Train mean=-0.0000, Test mean=0.0021
2026-01-23 22:38:20,742 - __main__ - INFO -   Training 232 OvR classifiers...
2026-01-23 22:38:20,742 - __main__ - INFO -     C=0.021130, saga, penalty=l2, tol=0.023358
2026-01-23 22:41:54,253 - __main__ - INFO -   ✓ Fold 1: Train Acc=0.8209, Val Acc=0.7623, Time=210.99s
2026-01-23 22:41:54,255 - __main__ - INFO - 
================================================================================
2026-01-23 22:41:54,255 - __main__ - INFO - Fold 2/5
2026-01-23 22:41:54,255 - __main__ - INFO - ================================================================================
2026-01-23 22:41:54,268 - __main__ - INFO -   Train: 179 subjects
2026-01-23 22:41:54,268 - __main__ - INFO -   Test:  45 subjects
2026-01-23 22:41:54,312 - __main__ - INFO -   Random imputation seeds: train=2042, test=3042
2026-01-23 22:41:54,738 - __main__ - INFO - 
  Hyperparameter optimization for Fold 2
2026-01-23 22:41:54,738 - __main__ - INFO -     40 trials, each training 232 classifiers
2026-01-23 23:00:05,950 - __main__ - INFO -       Trial 1/40: C=0.010427, saga → 0.7329 ⭐ New Best!
2026-01-23 23:15:16,752 - __main__ - INFO -       Trial 2/40: C=0.017696, sag → 0.7476 ⭐ New Best!
2026-01-23 23:33:22,867 - __main__ - INFO -       Trial 3/40: C=0.011084, sag → 0.7599 ⭐ New Best!
2026-01-23 23:40:44,072 - __main__ - INFO -       Trial 4/40: C=0.003526, saga → 0.7423
2026-01-23 23:44:15,728 - __main__ - INFO -       Trial 5/40: C=0.012911, saga → 0.7530
2026-01-23 23:45:47,856 - __main__ - INFO -       Trial 6/40: C=0.020304, sag → 0.7349
2026-01-24 00:10:43,309 - __main__ - INFO -       Trial 7/40: C=0.007065, saga → 0.7372
2026-01-24 00:16:51,937 - __main__ - INFO -       Trial 8/40: C=0.001301, sag → 0.6624
2026-01-24 00:26:52,717 - __main__ - INFO -       Trial 9/40: C=0.048037, saga → 0.7561
2026-01-24 00:29:55,939 - __main__ - INFO -       Trial 10/40: C=0.002144, saga → 0.7264
2026-01-24 00:44:13,046 - __main__ - INFO -       Trial 11/40: C=0.004960, sag → 0.7356
2026-01-24 00:52:29,292 - __main__ - INFO -       Trial 12/40: C=0.048923, sag → 0.7312
2026-01-24 00:59:17,697 - __main__ - INFO -       Trial 13/40: C=0.046127, saga → 0.7628 ⭐ New Best!
2026-01-24 01:01:37,119 - __main__ - INFO -       Trial 14/40: C=0.028652, sag → 0.7233
2026-01-24 01:07:31,562 - __main__ - INFO -       Trial 15/40: C=0.028545, saga → 0.7602
2026-01-24 01:14:01,845 - __main__ - INFO -       Trial 16/40: C=0.029596, saga → 0.7535
2026-01-24 01:16:59,215 - __main__ - INFO -       Trial 17/40: C=0.030290, saga → 0.7626
2026-01-24 01:18:34,072 - __main__ - INFO -       Trial 18/40: C=0.049004, saga → 0.7634 ⭐ New Best!
2026-01-24 01:19:58,099 - __main__ - INFO -       Trial 19/40: C=0.019331, saga → 0.7545
2026-01-24 01:22:23,780 - __main__ - INFO -       Trial 20/40: C=0.047532, saga → 0.7641 ⭐ New Best!
2026-01-24 01:24:11,472 - __main__ - INFO -       Trial 21/40: C=0.006797, saga → 0.7458
2026-01-24 01:25:40,633 - __main__ - INFO -       Trial 22/40: C=0.042457, saga → 0.7575
2026-01-24 01:29:36,783 - __main__ - INFO -       Trial 23/40: C=0.036641, saga → 0.7543
2026-01-24 01:31:33,992 - __main__ - INFO -       Trial 24/40: C=0.020452, saga → 0.7617
2026-01-24 01:35:34,102 - __main__ - INFO -       Trial 25/40: C=0.034080, saga → 0.7577
2026-01-24 01:37:43,960 - __main__ - INFO -       Trial 26/40: C=0.049296, saga → 0.7686 ⭐ New Best!
2026-01-24 01:39:26,754 - __main__ - INFO -       Trial 27/40: C=0.022983, saga → 0.7571
2026-01-24 01:41:43,768 - __main__ - INFO -       Trial 28/40: C=0.014370, saga → 0.7674
2026-01-24 01:44:01,106 - __main__ - INFO -       Trial 29/40: C=0.013927, saga → 0.7625
2026-01-24 01:46:10,741 - __main__ - INFO -       Trial 30/40: C=0.003614, saga → 0.7452
2026-01-24 01:49:40,023 - __main__ - INFO -       Trial 31/40: C=0.009027, saga → 0.7635
2026-01-24 01:51:28,508 - __main__ - INFO -       Trial 32/40: C=0.008953, saga → 0.7668
2026-01-24 01:53:21,702 - __main__ - INFO -       Trial 33/40: C=0.009120, saga → 0.7541
2026-01-24 01:55:05,998 - __main__ - INFO -       Trial 34/40: C=0.014189, saga → 0.7543
2026-01-24 01:56:49,356 - __main__ - INFO -       Trial 35/40: C=0.005794, saga → 0.7541
2026-01-24 02:03:13,669 - __main__ - INFO -       Trial 36/40: C=0.015906, saga → 0.7514
2026-01-24 02:17:07,121 - __main__ - INFO -       Trial 37/40: C=0.010145, saga → 0.7420
2026-01-24 02:18:31,746 - __main__ - INFO -       Trial 38/40: C=0.023191, sag → 0.7487
2026-01-24 02:20:35,777 - __main__ - INFO -       Trial 39/40: C=0.003745, saga → 0.7591
2026-01-24 02:47:22,488 - __main__ - INFO -       Trial 40/40: C=0.011092, saga → 0.7490
2026-01-24 02:47:22,492 - __main__ - INFO - 
    ⭐ BEST HYPERPARAMETERS (Fold 2):
2026-01-24 02:47:22,492 - __main__ - INFO -        C=0.049296, solver=saga, tol=0.047585, max_iter=832
2026-01-24 02:47:22,492 - __main__ - INFO -        Validation Accuracy: 0.7686
2026-01-24 02:47:22,492 - __main__ - INFO -        Optimization Time: 14727.8s
2026-01-24 02:47:22,492 - __main__ - INFO - 
  Using hyperparameters for this fold:
2026-01-24 02:47:22,492 - __main__ - INFO -     C=0.049296, solver=saga, penalty=l2, tol=0.047585, max_iter=832
2026-01-24 02:47:22,492 - __main__ - INFO -   Scaling: Train (41528, 232), Test (10440, 232)
2026-01-24 02:47:22,593 - __main__ - INFO -   Train mean=0.0000, Test mean=0.0136
2026-01-24 02:47:22,594 - __main__ - INFO -   Training 232 OvR classifiers...
2026-01-24 02:47:22,594 - __main__ - INFO -     C=0.049296, saga, penalty=l2, tol=0.047585
2026-01-24 02:49:56,949 - __main__ - INFO -   ✓ Fold 2: Train Acc=0.8190, Val Acc=0.7620, Time=151.86s
2026-01-24 02:49:56,952 - __main__ - INFO - 
================================================================================
2026-01-24 02:49:56,952 - __main__ - INFO - Fold 3/5
2026-01-24 02:49:56,952 - __main__ - INFO - ================================================================================
2026-01-24 02:49:56,966 - __main__ - INFO -   Train: 179 subjects
2026-01-24 02:49:56,966 - __main__ - INFO -   Test:  45 subjects
2026-01-24 02:49:57,007 - __main__ - INFO -   Random imputation seeds: train=3042, test=4042
2026-01-24 02:49:57,433 - __main__ - INFO - 
  Hyperparameter optimization for Fold 3
2026-01-24 02:49:57,433 - __main__ - INFO -     40 trials, each training 232 classifiers
2026-01-24 02:51:12,764 - __main__ - INFO -       Trial 1/40: C=0.001068, sag → 0.5909 ⭐ New Best!
2026-01-24 02:52:49,946 - __main__ - INFO -       Trial 2/40: C=0.007471, saga → 0.7596 ⭐ New Best!
2026-01-24 03:04:31,137 - __main__ - INFO -       Trial 3/40: C=0.006607, saga → 0.7437
2026-01-24 03:06:53,675 - __main__ - INFO -       Trial 4/40: C=0.041757, sag → 0.7369
2026-01-24 03:15:30,879 - __main__ - INFO -       Trial 5/40: C=0.001136, sag → 0.6754
2026-01-24 03:18:40,708 - __main__ - INFO -       Trial 6/40: C=0.011947, sag → 0.7294
2026-01-24 03:27:43,223 - __main__ - INFO -       Trial 7/40: C=0.001472, sag → 0.6873
2026-01-24 03:43:46,814 - __main__ - INFO -       Trial 8/40: C=0.012524, saga → 0.7658 ⭐ New Best!
2026-01-24 03:54:57,469 - __main__ - INFO -       Trial 9/40: C=0.019550, saga → 0.7557
2026-01-24 03:56:51,432 - __main__ - INFO -       Trial 10/40: C=0.012938, sag → 0.7354
2026-01-24 04:10:29,249 - __main__ - INFO -       Trial 11/40: C=0.003231, saga → 0.7245
2026-01-24 04:14:31,878 - __main__ - INFO -       Trial 12/40: C=0.005001, saga → 0.7517
2026-01-24 04:19:20,071 - __main__ - INFO -       Trial 13/40: C=0.026105, saga → 0.7578
2026-01-24 04:32:49,004 - __main__ - INFO -       Trial 14/40: C=0.002727, saga → 0.7253
2026-01-24 04:34:18,574 - __main__ - INFO -       Trial 15/40: C=0.012259, saga → 0.7609
2026-01-24 05:15:25,865 - __main__ - INFO -       Trial 16/40: C=0.012625, saga → 0.7638
2026-01-24 06:02:29,523 - __main__ - INFO -       Trial 17/40: C=0.023209, saga → 0.7457
2026-01-24 06:34:23,255 - __main__ - INFO -       Trial 18/40: C=0.035110, saga → 0.7627
2026-01-24 06:41:41,104 - __main__ - INFO -       Trial 19/40: C=0.008719, saga → 0.7554
2026-01-24 07:23:37,053 - __main__ - INFO -       Trial 20/40: C=0.016398, saga → 0.7583
2026-01-24 07:38:06,202 - __main__ - INFO -       Trial 21/40: C=0.005481, saga → 0.7557
2026-01-24 08:17:22,547 - __main__ - INFO -       Trial 22/40: C=0.048610, saga → 0.7531
2026-01-24 08:49:51,490 - __main__ - INFO -       Trial 23/40: C=0.032117, saga → 0.7547
2026-01-24 09:16:32,892 - __main__ - INFO -       Trial 24/40: C=0.032422, saga → 0.7499
2026-01-24 09:53:01,274 - __main__ - INFO -       Trial 25/40: C=0.016214, saga → 0.7632
2026-01-24 10:28:10,518 - __main__ - INFO -       Trial 26/40: C=0.015375, saga → 0.7516
2026-01-24 10:40:23,017 - __main__ - INFO -       Trial 27/40: C=0.009486, saga → 0.7426
2026-01-24 11:19:04,102 - __main__ - INFO -       Trial 28/40: C=0.022745, saga → 0.7585
2026-01-24 11:43:17,818 - __main__ - INFO -       Trial 29/40: C=0.003888, saga → 0.7471
2026-01-24 11:48:32,482 - __main__ - INFO -       Trial 30/40: C=0.009751, sag → 0.7360
2026-01-24 12:31:54,158 - __main__ - INFO -       Trial 31/40: C=0.017180, saga → 0.7526
2026-01-24 12:59:06,550 - __main__ - INFO -       Trial 32/40: C=0.031920, saga → 0.7605
2026-01-24 13:28:59,110 - __main__ - INFO -       Trial 33/40: C=0.014752, saga → 0.7563
2026-01-24 13:41:18,849 - __main__ - INFO -       Trial 34/40: C=0.007125, saga → 0.7547
2026-01-24 14:03:12,845 - __main__ - INFO -       Trial 35/40: C=0.010445, saga → 0.7561
2026-01-24 14:44:02,639 - __main__ - INFO -       Trial 36/40: C=0.021019, saga → 0.7543
2026-01-24 14:58:39,230 - __main__ - INFO -       Trial 37/40: C=0.039001, sag → 0.7423
2026-01-24 15:17:15,765 - __main__ - INFO -       Trial 38/40: C=0.029494, saga → 0.7595
2026-01-24 15:24:31,327 - __main__ - INFO -       Trial 39/40: C=0.007873, sag → 0.7374
2026-01-24 15:45:20,048 - __main__ - INFO -       Trial 40/40: C=0.006153, saga → 0.7544
2026-01-24 15:45:20,051 - __main__ - INFO - 
    ⭐ BEST HYPERPARAMETERS (Fold 3):
2026-01-24 15:45:20,051 - __main__ - INFO -        C=0.012524, solver=saga, tol=0.000862, max_iter=1296
2026-01-24 15:45:20,051 - __main__ - INFO -        Validation Accuracy: 0.7658
2026-01-24 15:45:20,051 - __main__ - INFO -        Optimization Time: 46522.6s
2026-01-24 15:45:20,051 - __main__ - INFO - 
  Using hyperparameters for this fold:
2026-01-24 15:45:20,051 - __main__ - INFO -     C=0.012524, solver=saga, penalty=l2, tol=0.000862, max_iter=1296
2026-01-24 15:45:20,051 - __main__ - INFO -   Scaling: Train (41528, 232), Test (10440, 232)
2026-01-24 15:45:20,151 - __main__ - INFO -   Train mean=0.0000, Test mean=-0.0086
2026-01-24 15:45:20,151 - __main__ - INFO -   Training 232 OvR classifiers...
2026-01-24 15:45:20,152 - __main__ - INFO -     C=0.012524, saga, penalty=l2, tol=0.000862
2026-01-24 16:04:19,672 - __main__ - INFO -   ✓ Fold 3: Train Acc=0.8222, Val Acc=0.7516, Time=1137.01s
2026-01-24 16:04:19,673 - __main__ - INFO - 
================================================================================
2026-01-24 16:04:19,674 - __main__ - INFO - Fold 4/5
2026-01-24 16:04:19,674 - __main__ - INFO - ================================================================================
2026-01-24 16:04:19,688 - __main__ - INFO -   Train: 179 subjects
2026-01-24 16:04:19,688 - __main__ - INFO -   Test:  45 subjects
2026-01-24 16:04:19,729 - __main__ - INFO -   Random imputation seeds: train=4042, test=5042
2026-01-24 16:04:20,155 - __main__ - INFO - 
  Hyperparameter optimization for Fold 4
2026-01-24 16:04:20,155 - __main__ - INFO -     40 trials, each training 232 classifiers
2026-01-24 16:17:32,332 - __main__ - INFO -       Trial 1/40: C=0.023112, sag → 0.7341 ⭐ New Best!
2026-01-24 16:19:26,060 - __main__ - INFO -       Trial 2/40: C=0.001070, sag → 0.5894
2026-01-24 16:25:27,527 - __main__ - INFO -       Trial 3/40: C=0.003301, sag → 0.7202
2026-01-24 16:29:46,773 - __main__ - INFO -       Trial 4/40: C=0.003795, sag → 0.7074
2026-01-24 16:51:01,889 - __main__ - INFO -       Trial 5/40: C=0.002281, saga → 0.7108
2026-01-24 16:53:55,853 - __main__ - INFO -       Trial 6/40: C=0.001819, sag → 0.6791
2026-01-24 17:12:33,207 - __main__ - INFO -       Trial 7/40: C=0.019513, sag → 0.7393 ⭐ New Best!
2026-01-24 17:17:19,929 - __main__ - INFO -       Trial 8/40: C=0.035330, sag → 0.7508 ⭐ New Best!
2026-01-24 17:25:08,471 - __main__ - INFO -       Trial 9/40: C=0.026218, saga → 0.7595 ⭐ New Best!
2026-01-24 17:32:09,779 - __main__ - INFO -       Trial 10/40: C=0.001577, saga → 0.6955
2026-01-24 17:34:10,470 - __main__ - INFO -       Trial 11/40: C=0.009241, saga → 0.7636 ⭐ New Best!
2026-01-24 17:35:35,872 - __main__ - INFO -       Trial 12/40: C=0.010021, saga → 0.7607
2026-01-24 17:37:11,394 - __main__ - INFO -       Trial 13/40: C=0.010237, saga → 0.7551
2026-01-24 17:38:33,837 - __main__ - INFO -       Trial 14/40: C=0.007832, saga → 0.7523
2026-01-24 17:40:42,331 - __main__ - INFO -       Trial 15/40: C=0.012856, saga → 0.7700 ⭐ New Best!
2026-01-24 17:42:58,444 - __main__ - INFO -       Trial 16/40: C=0.014607, saga → 0.7572
2026-01-24 17:45:15,476 - __main__ - INFO -       Trial 17/40: C=0.005329, saga → 0.7441
2026-01-24 18:02:41,577 - __main__ - INFO -       Trial 18/40: C=0.013104, saga → 0.7581
2026-01-24 18:08:23,542 - __main__ - INFO -       Trial 19/40: C=0.044394, saga → 0.7772 ⭐ New Best!
2026-01-24 18:13:31,127 - __main__ - INFO -       Trial 20/40: C=0.041218, saga → 0.7574
2026-01-24 18:19:17,392 - __main__ - INFO -       Trial 21/40: C=0.036026, saga → 0.7560
2026-01-24 18:21:03,714 - __main__ - INFO -       Trial 22/40: C=0.006433, saga → 0.7579
2026-01-24 18:23:02,945 - __main__ - INFO -       Trial 23/40: C=0.017758, saga → 0.7623
2026-01-24 18:25:13,313 - __main__ - INFO -       Trial 24/40: C=0.005310, saga → 0.7597
2026-01-24 18:30:54,313 - __main__ - INFO -       Trial 25/40: C=0.027698, saga → 0.7589
2026-01-24 18:32:41,734 - __main__ - INFO -       Trial 26/40: C=0.010066, saga → 0.7663
2026-01-24 18:34:30,887 - __main__ - INFO -       Trial 27/40: C=0.045505, saga → 0.7585
2026-01-24 18:37:19,321 - __main__ - INFO -       Trial 28/40: C=0.012412, saga → 0.7633
2026-01-24 18:43:19,896 - __main__ - INFO -       Trial 29/40: C=0.018027, saga → 0.7557
2026-01-24 18:54:55,075 - __main__ - INFO -       Trial 30/40: C=0.023960, saga → 0.7574
2026-01-24 18:57:27,526 - __main__ - INFO -       Trial 31/40: C=0.004302, saga → 0.7337
2026-01-24 18:59:16,412 - __main__ - INFO -       Trial 32/40: C=0.009481, saga → 0.7626
2026-01-24 19:01:28,351 - __main__ - INFO -       Trial 33/40: C=0.007409, saga → 0.7605
2026-01-24 19:03:14,493 - __main__ - INFO -       Trial 34/40: C=0.002927, saga → 0.7472
2026-01-24 19:05:25,063 - __main__ - INFO -       Trial 35/40: C=0.015321, sag → 0.7294
2026-01-24 19:07:08,566 - __main__ - INFO -       Trial 36/40: C=0.011310, saga → 0.7591
2026-01-24 19:18:01,317 - __main__ - INFO -       Trial 37/40: C=0.008113, sag → 0.7455
2026-01-24 19:20:29,737 - __main__ - INFO -       Trial 38/40: C=0.006321, saga → 0.7583
2026-01-24 19:23:46,230 - __main__ - INFO -       Trial 39/40: C=0.029946, sag → 0.7355
2026-01-24 19:25:35,244 - __main__ - INFO -       Trial 40/40: C=0.004527, saga → 0.7549
2026-01-24 19:25:35,246 - __main__ - INFO - 
    ⭐ BEST HYPERPARAMETERS (Fold 4):
2026-01-24 19:25:35,247 - __main__ - INFO -        C=0.044394, solver=saga, tol=0.010334, max_iter=1641
2026-01-24 19:25:35,247 - __main__ - INFO -        Validation Accuracy: 0.7772
2026-01-24 19:25:35,247 - __main__ - INFO -        Optimization Time: 12075.1s
2026-01-24 19:25:35,247 - __main__ - INFO - 
  Using hyperparameters for this fold:
2026-01-24 19:25:35,247 - __main__ - INFO -     C=0.044394, solver=saga, penalty=l2, tol=0.010334, max_iter=1641
2026-01-24 19:25:35,247 - __main__ - INFO -   Scaling: Train (41528, 232), Test (10440, 232)
2026-01-24 19:25:35,346 - __main__ - INFO -   Train mean=0.0000, Test mean=-0.0026
2026-01-24 19:25:35,347 - __main__ - INFO -   Training 232 OvR classifiers...
2026-01-24 19:25:35,347 - __main__ - INFO -     C=0.044394, saga, penalty=l2, tol=0.010334
2026-01-24 19:32:34,116 - __main__ - INFO -   ✓ Fold 4: Train Acc=0.8346, Val Acc=0.7740, Time=416.23s
2026-01-24 19:32:34,117 - __main__ - INFO - 
================================================================================
2026-01-24 19:32:34,117 - __main__ - INFO - Fold 5/5
2026-01-24 19:32:34,117 - __main__ - INFO - ================================================================================
2026-01-24 19:32:34,131 - __main__ - INFO -   Train: 180 subjects
2026-01-24 19:32:34,131 - __main__ - INFO -   Test:  44 subjects
2026-01-24 19:32:34,172 - __main__ - INFO -   Random imputation seeds: train=5042, test=6042
2026-01-24 19:32:34,600 - __main__ - INFO - 
  Hyperparameter optimization for Fold 5
2026-01-24 19:32:34,600 - __main__ - INFO -     40 trials, each training 232 classifiers
2026-01-24 19:34:47,555 - __main__ - INFO -       Trial 1/40: C=0.026447, sag → 0.7498 ⭐ New Best!
2026-01-24 19:43:47,342 - __main__ - INFO -       Trial 2/40: C=0.011773, sag → 0.7530 ⭐ New Best!
2026-01-24 19:45:42,416 - __main__ - INFO -       Trial 3/40: C=0.005594, saga → 0.7518
2026-01-24 20:01:22,680 - __main__ - INFO -       Trial 4/40: C=0.006599, sag → 0.7451
2026-01-24 20:08:48,669 - __main__ - INFO -       Trial 5/40: C=0.031912, sag → 0.7534 ⭐ New Best!
2026-01-24 20:12:40,868 - __main__ - INFO -       Trial 6/40: C=0.008114, sag → 0.7371
2026-01-24 20:25:44,402 - __main__ - INFO -       Trial 7/40: C=0.030666, saga → 0.7499
2026-01-24 20:27:43,480 - __main__ - INFO -       Trial 8/40: C=0.004454, saga → 0.7566 ⭐ New Best!
2026-01-24 20:39:54,437 - __main__ - INFO -       Trial 9/40: C=0.047195, sag → 0.7445
2026-01-24 20:42:39,198 - __main__ - INFO -       Trial 10/40: C=0.012913, sag → 0.7332
2026-01-24 20:43:47,833 - __main__ - INFO -       Trial 11/40: C=0.001617, saga → 0.7371
2026-01-24 20:47:23,028 - __main__ - INFO -       Trial 12/40: C=0.002779, saga → 0.7378
2026-01-24 21:05:42,593 - __main__ - INFO -       Trial 13/40: C=0.003437, saga → 0.7386
2026-01-24 21:10:19,088 - __main__ - INFO -       Trial 14/40: C=0.001274, saga → 0.6950
2026-01-24 21:13:20,854 - __main__ - INFO -       Trial 15/40: C=0.016741, sag → 0.7306
2026-01-24 21:14:34,568 - __main__ - INFO -       Trial 16/40: C=0.003557, saga → 0.7458
2026-01-24 21:21:27,021 - __main__ - INFO -       Trial 17/40: C=0.002257, saga → 0.7093
2026-01-24 21:32:51,947 - __main__ - INFO -       Trial 18/40: C=0.004948, sag → 0.7465
2026-01-24 21:37:57,136 - __main__ - INFO -       Trial 19/40: C=0.022216, saga → 0.7555
2026-01-24 21:41:43,421 - __main__ - INFO -       Trial 20/40: C=0.009567, saga → 0.7590 ⭐ New Best!
2026-01-24 21:44:01,607 - __main__ - INFO -       Trial 21/40: C=0.009072, saga → 0.7614 ⭐ New Best!
2026-01-24 21:46:17,483 - __main__ - INFO -       Trial 22/40: C=0.008582, saga → 0.7578
2026-01-24 21:48:07,695 - __main__ - INFO -       Trial 23/40: C=0.009343, saga → 0.7567
2026-01-24 21:49:57,328 - __main__ - INFO -       Trial 24/40: C=0.015305, saga → 0.7591
2026-01-24 21:51:35,955 - __main__ - INFO -       Trial 25/40: C=0.017574, saga → 0.7581
2026-01-24 21:54:42,607 - __main__ - INFO -       Trial 26/40: C=0.011773, saga → 0.7589
2026-01-24 21:56:38,864 - __main__ - INFO -       Trial 27/40: C=0.015788, saga → 0.7656 ⭐ New Best!
2026-01-24 21:58:30,279 - __main__ - INFO -       Trial 28/40: C=0.018879, saga → 0.7529
2026-01-24 22:00:49,182 - __main__ - INFO -       Trial 29/40: C=0.043728, saga → 0.7571
2026-01-24 22:03:00,893 - __main__ - INFO -       Trial 30/40: C=0.013878, saga → 0.7660 ⭐ New Best!
2026-01-24 22:06:20,853 - __main__ - INFO -       Trial 31/40: C=0.023465, saga → 0.7665 ⭐ New Best!
2026-01-24 22:09:30,090 - __main__ - INFO -       Trial 32/40: C=0.025242, saga → 0.7575
2026-01-24 22:11:48,471 - __main__ - INFO -       Trial 33/40: C=0.012901, saga → 0.7659
2026-01-24 22:13:56,576 - __main__ - INFO -       Trial 34/40: C=0.013473, saga → 0.7701 ⭐ New Best!
2026-01-24 22:19:09,235 - __main__ - INFO -       Trial 35/40: C=0.021599, saga → 0.7614
2026-01-24 22:20:37,032 - __main__ - INFO -       Trial 36/40: C=0.034995, saga → 0.7621
2026-01-24 22:23:55,244 - __main__ - INFO -       Trial 37/40: C=0.012932, saga → 0.7431
2026-01-24 22:25:48,634 - __main__ - INFO -       Trial 38/40: C=0.007133, saga → 0.7562
2026-01-24 22:29:01,805 - __main__ - INFO -       Trial 39/40: C=0.027727, saga → 0.7644
2026-01-24 22:33:31,132 - __main__ - INFO -       Trial 40/40: C=0.037441, sag → 0.7474
2026-01-24 22:33:31,135 - __main__ - INFO - 
    ⭐ BEST HYPERPARAMETERS (Fold 5):
2026-01-24 22:33:31,135 - __main__ - INFO -        C=0.013473, solver=saga, tol=0.037252, max_iter=424
2026-01-24 22:33:31,135 - __main__ - INFO -        Validation Accuracy: 0.7701
2026-01-24 22:33:31,135 - __main__ - INFO -        Optimization Time: 10856.5s
2026-01-24 22:33:31,135 - __main__ - INFO - 
  Using hyperparameters for this fold:
2026-01-24 22:33:31,135 - __main__ - INFO -     C=0.013473, solver=saga, penalty=l2, tol=0.037252, max_iter=424
2026-01-24 22:33:31,135 - __main__ - INFO -   Scaling: Train (41760, 232), Test (10208, 232)
2026-01-24 22:33:31,235 - __main__ - INFO -   Train mean=-0.0000, Test mean=-0.0044
2026-01-24 22:33:31,236 - __main__ - INFO -   Training 232 OvR classifiers...
2026-01-24 22:33:31,236 - __main__ - INFO -     C=0.013473, saga, penalty=l2, tol=0.037252
2026-01-24 22:36:04,158 - __main__ - INFO -   ✓ Fold 5: Train Acc=0.8132, Val Acc=0.7622, Time=150.39s
2026-01-24 22:36:04,159 - __main__ - INFO - 
================================================================================
2026-01-24 22:36:04,159 - __main__ - INFO - Cross-validation completed in 105752.62s
2026-01-24 22:36:04,159 - __main__ - INFO - Best Fold: 4 with Val Accuracy: 0.7740
2026-01-24 22:36:04,159 - __main__ - INFO - 
Mean Train Accuracy: 0.8220
2026-01-24 22:36:04,159 - __main__ - INFO - Mean Validation Accuracy: 0.7624
2026-01-24 22:36:04,159 - __main__ - INFO - Generalization Gap: 0.0596
2026-01-24 22:36:06,205 - __main__ - INFO - 
================================================================================
2026-01-24 22:36:06,205 - __main__ - INFO - CROSS-VALIDATION RESULTS
2026-01-24 22:36:06,205 - __main__ - INFO - ================================================================================
2026-01-24 22:36:06,205 - __main__ - INFO -   Overall Accuracy: 0.7624
2026-01-24 22:36:06,205 - __main__ - INFO -   Top-3 Accuracy:   0.8457
2026-01-24 22:36:06,205 - __main__ - INFO -   Top-5 Accuracy:   0.8820
2026-01-24 22:36:06,205 - __main__ - INFO -   Top-10 Accuracy:  0.9233
2026-01-24 22:36:06,302 - __main__ - INFO -   Saved to: /home/sjoon/projects/brain_connectivity_classifier/data/results/full_connectivity_analysis/one_vs_rest
2026-01-24 22:36:06,302 - __main__ - INFO - 
================================================================================
2026-01-24 22:36:06,302 - __main__ - INFO - TESTING ON TASK DATA (GENDER STROOP)
2026-01-24 22:36:06,302 - __main__ - INFO - ================================================================================
2026-01-24 22:36:06,302 - __main__ - INFO - Training 232 OvR classifiers on ALL rest data
2026-01-24 22:36:06,302 - __main__ - INFO - Hyperparameters (from best CV fold if --tune_hyperparams enabled, otherwise defaults):
2026-01-24 22:36:06,302 - __main__ - INFO -   C=0.044394, solver=saga, penalty=l2, tol=0.010334, max_iter=1641
2026-01-24 22:36:06,302 - __main__ - INFO - Diagonal strategy: random

2026-01-24 22:36:06,302 - __main__ - INFO - Loading task data...
2026-01-24 22:36:08,338 - __main__ - INFO -   Task: 200 subjects
2026-01-24 22:36:11,260 - __main__ - INFO - 
Clipping task data off-diagonal values to [-0.999, 0.999]
2026-01-24 22:36:11,286 - __main__ - INFO - 
================================================================================
2026-01-24 22:36:11,286 - __main__ - INFO - PROCESSING REST DATA (TRAINING)
2026-01-24 22:36:11,286 - __main__ - INFO - ================================================================================
2026-01-24 22:36:11,300 - __main__ - INFO - Using RANDOM diagonal imputation with fixed seed for rest data
2026-01-24 22:36:11,729 - __main__ - INFO - 
================================================================================
2026-01-24 22:36:11,729 - __main__ - INFO - PROCESSING TASK DATA (TESTING)
2026-01-24 22:36:11,729 - __main__ - INFO - ================================================================================
2026-01-24 22:36:11,741 - __main__ - INFO - Using RANDOM diagonal imputation with different seed for task data
2026-01-24 22:36:12,118 - __main__ - INFO - 
================================================================================
2026-01-24 22:36:12,119 - __main__ - INFO - SCALING DATA
2026-01-24 22:36:12,119 - __main__ - INFO - ================================================================================
2026-01-24 22:36:12,244 - __main__ - INFO - 
================================================================================
2026-01-24 22:36:12,245 - __main__ - INFO - TRAINING FINAL OVR MODELS ON REST DATA
2026-01-24 22:36:12,245 - __main__ - INFO - ================================================================================
2026-01-24 22:36:12,245 - __main__ - INFO -   Training 232 OvR classifiers...
2026-01-24 22:36:12,245 - __main__ - INFO -     C=0.044394, saga, penalty=l2, tol=0.010334
2026-01-24 22:44:28,212 - __main__ - INFO -   ✓ Trained 232 classifiers in 495.97s
2026-01-24 22:44:28,213 - __main__ - INFO - 
================================================================================
2026-01-24 22:44:28,213 - __main__ - INFO - EVALUATING ON REST DATA (TRAINING SET)
2026-01-24 22:44:28,213 - __main__ - INFO - ================================================================================
2026-01-24 22:44:31,857 - __main__ - INFO -   Rest Accuracy: 0.8316
2026-01-24 22:44:31,858 - __main__ - INFO -   Rest Top-3: 0.8976
2026-01-24 22:44:31,858 - __main__ - INFO -   Rest Top-5: 0.9230
2026-01-24 22:44:31,858 - __main__ - INFO -   Rest Top-10: 0.9537
2026-01-24 22:44:31,858 - __main__ - INFO - 
================================================================================
2026-01-24 22:44:31,858 - __main__ - INFO - EVALUATING ON TASK DATA (TEST SET)
2026-01-24 22:44:31,858 - __main__ - INFO - ================================================================================
2026-01-24 22:44:36,056 - __main__ - INFO -   Task Accuracy: 0.7304
2026-01-24 22:44:36,056 - __main__ - INFO -   Task Top-3: 0.8186
2026-01-24 22:44:36,056 - __main__ - INFO -   Task Top-5: 0.8563
2026-01-24 22:44:36,056 - __main__ - INFO -   Task Top-10: 0.9020
2026-01-24 22:44:36,175 - __main__ - INFO -   Saved to: /home/sjoon/projects/brain_connectivity_classifier/data/results/full_connectivity_analysis/task_testing_one_vs_rest
2026-01-24 22:44:36,176 - __main__ - INFO - 
================================================================================
2026-01-24 22:44:36,176 - __main__ - INFO - TASK TESTING SUMMARY
2026-01-24 22:44:36,176 - __main__ - INFO - ================================================================================
2026-01-24 22:44:36,176 - __main__ - INFO -   Rest Training Accuracy: 0.8316
2026-01-24 22:44:36,176 - __main__ - INFO -   Task Testing Accuracy:  0.7304
2026-01-24 22:44:36,176 - __main__ - INFO -   Accuracy Drop:          0.1012
2026-01-24 22:44:36,176 - __main__ - INFO - ================================================================================

2026-01-24 22:44:36,183 - __main__ - INFO - 
================================================================================
2026-01-24 22:44:36,183 - __main__ - INFO - ✓ TRAINING COMPLETED SUCCESSFULLY
2026-01-24 22:44:36,183 - __main__ - INFO - ================================================================================
2026-01-24 22:44:36,183 - __main__ - INFO -   CV Accuracy: 0.7624
2026-01-24 22:44:36,183 - __main__ - INFO -   Task Accuracy: 0.7304
2026-01-24 22:44:36,183 - __main__ - INFO -   Accuracy Drop: 0.1012
2026-01-24 22:44:36,183 - __main__ - INFO -   Results saved to: /home/sjoon/projects/brain_connectivity_classifier/data/results/full_connectivity_analysis/one_vs_rest
2026-01-24 22:44:36,183 - __main__ - INFO - ================================================================================

