2025-12-13 08:45:07,102 - __main__ - INFO - ================================================================================
2025-12-13 08:45:07,102 - __main__ - INFO - HEMISPHERE-SPECIFIC CLASSIFICATION (ONE-VS-REST)
2025-12-13 08:45:07,102 - __main__ - INFO - Preprocessing: Diagonal imputation + Fisher Z → StandardScaler
2025-12-13 08:45:07,102 - __main__ - INFO - Model: One-vs-Rest (OvR) - N binary classifiers
2025-12-13 08:45:07,103 - __main__ - INFO - Optuna: Runs on scaled full dataset
2025-12-13 08:45:07,103 - __main__ - INFO - CV: Independent scaling per fold
2025-12-13 08:45:07,103 - __main__ - INFO - Task Testing: Enabled (train on rest, test on task)
2025-12-13 08:45:07,103 - __main__ - INFO - ================================================================================
2025-12-13 08:45:07,103 - __main__ - WARNING - 
⚠️  TESTING MODE: 10 subjects only

2025-12-13 08:45:07,103 - __main__ - INFO - 
================================================================================
2025-12-13 08:45:07,103 - __main__ - INFO - TRAINING LEFT HEMISPHERE (ONE-VS-REST)
2025-12-13 08:45:07,103 - __main__ - INFO - ================================================================================

2025-12-13 08:45:07,104 - __main__ - INFO - Loading hemisphere-specific data...
2025-12-13 08:45:07,104 - src.hemisphere.hemisphere_utils - INFO - Loading left hemisphere data from: /home/sjoon/projects/brain_connectivity_classifier/data/processed/hemispheres/LH_PIOP2_Restingstate.csv
2025-12-13 08:45:07,377 - src.hemisphere.hemisphere_utils - INFO -   Subjects: 224
2025-12-13 08:45:07,377 - src.hemisphere.hemisphere_utils - INFO -   Connections: 6670
2025-12-13 08:45:07,381 - src.hemisphere.hemisphere_utils - INFO - Extracting region info from: /home/sjoon/projects/brain_connectivity_classifier/data/processed/hemispheres/LH_PIOP2_Restingstate.csv
2025-12-13 08:45:07,718 - src.hemisphere.hemisphere_utils - INFO - Extracted 116 regions for left hemisphere
2025-12-13 08:45:07,718 - src.hemisphere.hemisphere_utils - INFO -   Regions: 116
2025-12-13 08:45:07,718 - src.hemisphere.hemisphere_utils - INFO - Converting to full connectivity matrices...
2025-12-13 08:45:07,736 - src.hemisphere.hemisphere_utils - INFO -   Matrix shape: (224, 116, 116)
2025-12-13 08:45:07,759 - src.hemisphere.hemisphere_utils - INFO - Connectivity validation completed
2025-12-13 08:45:07,759 - src.hemisphere.hemisphere_utils - INFO - Successfully loaded left hemisphere data
2025-12-13 08:45:07,760 - __main__ - INFO - 
============================================================
2025-12-13 08:45:07,760 - __main__ - INFO - SAMPLING MODE ACTIVATED
2025-12-13 08:45:07,760 - __main__ - INFO - ============================================================
2025-12-13 08:45:07,760 - __main__ - INFO - Selecting first 10 subjects out of 224 available
2025-12-13 08:45:07,760 - __main__ - INFO - Selected subjects: sub-0001_P2, sub-0002_P2, sub-0003_P2, sub-0004_P2, sub-0005_P2, sub-0006_P2, sub-0007_P2, sub-0008_P2, sub-0009_P2, sub-0011_P2
2025-12-13 08:45:07,760 - __main__ - INFO - Sampled connectivity shape: (10, 116, 116)
2025-12-13 08:45:07,760 - __main__ - INFO - Sampled subjects: 10
2025-12-13 08:45:07,760 - __main__ - INFO - ============================================================

2025-12-13 08:45:07,760 - __main__ - WARNING - ⚠️  TESTING MODE: Using first 10 subjects only
2025-12-13 08:45:07,760 - __main__ - INFO - Data loaded:
2025-12-13 08:45:07,760 - __main__ - INFO -   Subjects: 10
2025-12-13 08:45:07,760 - __main__ - INFO -   Regions: 116
2025-12-13 08:45:07,760 - __main__ - INFO -   Connectivity shape: (10, 116, 116)
2025-12-13 08:45:07,760 - __main__ - INFO - 
================================================================================
2025-12-13 08:45:07,760 - __main__ - INFO - PREPROCESSING (BEFORE CROSS-VALIDATION)
2025-12-13 08:45:07,760 - __main__ - INFO - ================================================================================
2025-12-13 08:45:07,760 - __main__ - INFO - 
Applying diagonal imputation (strategy: region_mean)...
2025-12-13 08:45:07,760 - __main__ - INFO -   Original diagonal range: [1.0000, 1.0000]
2025-12-13 08:45:07,760 - __main__ - INFO -   Original diagonal mean: 1.0000
2025-12-13 08:45:07,765 - __main__ - INFO -   Replaced diagonal with row means
2025-12-13 08:45:07,766 - __main__ - INFO -   New diagonal range: [-0.1180, 0.1810]
2025-12-13 08:45:07,766 - __main__ - INFO -   New diagonal mean: 0.0315
2025-12-13 08:45:07,766 - __main__ - INFO - 
Applying Fisher Z-transformation...
2025-12-13 08:45:07,768 - __main__ - INFO -   Value range after Fisher Z: [-1.0284, 1.4364]
2025-12-13 08:45:07,768 - __main__ - INFO -   Mean: 0.0366, Std: 0.2931
2025-12-13 08:45:07,768 - __main__ - INFO - 
Preparing classification data (flattening to features)...
2025-12-13 08:45:07,768 - src.hemisphere.hemisphere_utils - INFO -   Removing diagonal values (self-connections) before classification
2025-12-13 08:45:07,768 - src.hemisphere.hemisphere_utils - INFO -   Original diagonal values (first subject, first 5 regions): [np.float64(-0.008901612424537042), np.float64(0.027939234799402014), np.float64(0.009805427197523572), np.float64(-0.0315809333362432), np.float64(-0.008620041552882787)]
2025-12-13 08:45:07,768 - src.hemisphere.hemisphere_utils - INFO -   After removal (should be all zeros): [np.float64(0.0), np.float64(0.0), np.float64(0.0), np.float64(0.0), np.float64(0.0)]
2025-12-13 08:45:07,770 - src.hemisphere.hemisphere_utils - INFO -   ✅ Diagonal removal verified - no features constant at 1.0
2025-12-13 08:45:07,770 - src.hemisphere.hemisphere_utils - INFO - Prepared classification data:
2025-12-13 08:45:07,770 - src.hemisphere.hemisphere_utils - INFO -   Features (X): (1160, 116)
2025-12-13 08:45:07,770 - src.hemisphere.hemisphere_utils - INFO -   Labels (y): (1160,)
2025-12-13 08:45:07,770 - src.hemisphere.hemisphere_utils - INFO -   Groups: (1160,)
2025-12-13 08:45:07,770 - src.hemisphere.hemisphere_utils - INFO -   Unique labels: 116
2025-12-13 08:45:07,771 - src.hemisphere.hemisphere_utils - INFO -   Unique subjects: 10
2025-12-13 08:45:07,771 - src.hemisphere.hemisphere_utils - INFO -   Feature range: [-1.028, 1.436]
2025-12-13 08:45:07,771 - src.hemisphere.hemisphere_utils - INFO -   Feature mean: 0.036, std: 0.293
2025-12-13 08:45:07,771 - __main__ - INFO - Classification data prepared:
2025-12-13 08:45:07,771 - __main__ - INFO -   Samples (X): (1160, 116)
2025-12-13 08:45:07,771 - __main__ - INFO -   Labels (y): (1160,)
2025-12-13 08:45:07,771 - __main__ - INFO -   Classes: 116
2025-12-13 08:45:07,771 - __main__ - INFO - 
✓ Preprocessing completed
2025-12-13 08:45:07,771 - __main__ - INFO - ================================================================================
2025-12-13 08:45:07,771 - __main__ - INFO - 
Scaling full dataset for Optuna optimization...
2025-12-13 08:45:07,772 - __main__ - INFO -   Scaled data - mean: -0.0000, std: 1.0000
2025-12-13 08:45:07,772 - __main__ - INFO - 
================================================================================
2025-12-13 08:45:07,772 - __main__ - INFO - HYPERPARAMETER OPTIMIZATION WITH OPTUNA (ONE-VS-REST)
2025-12-13 08:45:07,772 - __main__ - INFO - ================================================================================
2025-12-13 08:45:07,772 - __main__ - INFO - Running Optuna on SCALED full dataset
2025-12-13 08:45:07,772 - __main__ - INFO -   Trials: 3
2025-12-13 08:45:07,772 - __main__ - INFO -   Samples: 1160
2025-12-13 08:45:07,772 - __main__ - INFO -   Features: 116
2025-12-13 08:45:07,773 - __main__ - INFO -   Classes: 116
2025-12-13 08:45:07,773 - __main__ - INFO -   NOTE: Data already scaled, using simple train/val split
2025-12-13 08:45:07,773 - __main__ - INFO - 
Starting Optuna optimization...
2025-12-13 08:45:38,820 - __main__ - INFO - 
Optuna optimization completed in 31.05s
2025-12-13 08:45:38,820 - __main__ - INFO - 
✓ Best hyperparameters found:
2025-12-13 08:45:38,821 - __main__ - INFO -   • C: 2.136833
2025-12-13 08:45:38,821 - __main__ - INFO -   • max_iter: 200
2025-12-13 08:45:38,821 - __main__ - INFO -   • solver: saga
2025-12-13 08:45:38,821 - __main__ - INFO -   • Best validation score: 0.9052
2025-12-13 08:45:38,821 - __main__ - INFO - 
Top 5 trials:
2025-12-13 08:45:38,826 - __main__ - INFO -   1. Trial 2: score=0.9052, C=2.1368, solver=saga, max_iter=200
2025-12-13 08:45:38,826 - __main__ - INFO -   2. Trial 0: score=0.6293, C=0.0315, solver=lbfgs, max_iter=200
2025-12-13 08:45:38,826 - __main__ - INFO -   3. Trial 1: score=0.2586, C=0.0017, solver=saga, max_iter=200
2025-12-13 08:45:38,826 - __main__ - INFO - ================================================================================

2025-12-13 08:45:38,827 - __main__ - INFO - 
================================================================================
2025-12-13 08:45:38,827 - __main__ - INFO - CROSS-VALIDATION WITH FOLD-WISE SCALING (ONE-VS-REST)
2025-12-13 08:45:38,827 - __main__ - INFO - ================================================================================
2025-12-13 08:45:38,827 - __main__ - INFO - Using hyperparameters: C=2.136833, solver=saga, max_iter=200
2025-12-13 08:45:38,827 - __main__ - INFO - Running 5-fold GroupKFold cross-validation...
2025-12-13 08:45:38,827 - __main__ - INFO - Note: StandardScaler fit independently on each fold's training data

2025-12-13 08:45:38,827 - __main__ - INFO - Fold 1/5
2025-12-13 08:45:38,827 - __main__ - INFO -   Train samples: 928, Test samples: 232
2025-12-13 08:45:38,828 - __main__ - INFO -   Train subjects: 8, Test subjects: 2
2025-12-13 08:45:38,828 - __main__ - INFO -   Preprocessing fold data (StandardScaler only)...
2025-12-13 08:45:38,828 - __main__ - INFO -   Input shapes - Train: (928, 116), Test: (232, 116)
2025-12-13 08:45:38,829 - __main__ - INFO -   Scaled shapes - Train: (928, 116), Test: (232, 116)
2025-12-13 08:45:38,829 - __main__ - INFO -   Training OvR with C=2.136833, solver=saga...
2025-12-13 08:45:40,026 - __main__ - INFO -   Predicting on test set...
2025-12-13 08:45:40,030 - __main__ - INFO -   Fold accuracy: 0.7716
2025-12-13 08:45:40,030 - __main__ - INFO -   Fold balanced accuracy: 0.7716
2025-12-13 08:45:40,030 - __main__ - INFO -   Fold time: 1.20s

2025-12-13 08:45:40,030 - __main__ - INFO - Fold 2/5
2025-12-13 08:45:40,030 - __main__ - INFO -   Train samples: 928, Test samples: 232
2025-12-13 08:45:40,031 - __main__ - INFO -   Train subjects: 8, Test subjects: 2
2025-12-13 08:45:40,031 - __main__ - INFO -   Preprocessing fold data (StandardScaler only)...
2025-12-13 08:45:40,031 - __main__ - INFO -   Input shapes - Train: (928, 116), Test: (232, 116)
2025-12-13 08:45:40,033 - __main__ - INFO -   Scaled shapes - Train: (928, 116), Test: (232, 116)
2025-12-13 08:45:40,033 - __main__ - INFO -   Training OvR with C=2.136833, solver=saga...
2025-12-13 08:45:41,204 - __main__ - INFO -   Predicting on test set...
2025-12-13 08:45:41,208 - __main__ - INFO -   Fold accuracy: 0.6767
2025-12-13 08:45:41,208 - __main__ - INFO -   Fold balanced accuracy: 0.6767
2025-12-13 08:45:41,208 - __main__ - INFO -   Fold time: 1.18s

2025-12-13 08:45:41,208 - __main__ - INFO - Fold 3/5
2025-12-13 08:45:41,208 - __main__ - INFO -   Train samples: 928, Test samples: 232
2025-12-13 08:45:41,209 - __main__ - INFO -   Train subjects: 8, Test subjects: 2
2025-12-13 08:45:41,209 - __main__ - INFO -   Preprocessing fold data (StandardScaler only)...
2025-12-13 08:45:41,209 - __main__ - INFO -   Input shapes - Train: (928, 116), Test: (232, 116)
2025-12-13 08:45:41,211 - __main__ - INFO -   Scaled shapes - Train: (928, 116), Test: (232, 116)
2025-12-13 08:45:41,211 - __main__ - INFO -   Training OvR with C=2.136833, solver=saga...
2025-12-13 08:45:42,176 - __main__ - INFO -   Predicting on test set...
2025-12-13 08:45:42,179 - __main__ - INFO -   Fold accuracy: 0.7500
2025-12-13 08:45:42,179 - __main__ - INFO -   Fold balanced accuracy: 0.7500
2025-12-13 08:45:42,179 - __main__ - INFO -   Fold time: 0.97s

2025-12-13 08:45:42,180 - __main__ - INFO - Fold 4/5
2025-12-13 08:45:42,180 - __main__ - INFO -   Train samples: 928, Test samples: 232
2025-12-13 08:45:42,180 - __main__ - INFO -   Train subjects: 8, Test subjects: 2
2025-12-13 08:45:42,180 - __main__ - INFO -   Preprocessing fold data (StandardScaler only)...
2025-12-13 08:45:42,180 - __main__ - INFO -   Input shapes - Train: (928, 116), Test: (232, 116)
2025-12-13 08:45:42,181 - __main__ - INFO -   Scaled shapes - Train: (928, 116), Test: (232, 116)
2025-12-13 08:45:42,181 - __main__ - INFO -   Training OvR with C=2.136833, solver=saga...
2025-12-13 08:45:43,220 - __main__ - INFO -   Predicting on test set...
2025-12-13 08:45:43,223 - __main__ - INFO -   Fold accuracy: 0.7845
2025-12-13 08:45:43,223 - __main__ - INFO -   Fold balanced accuracy: 0.7845
2025-12-13 08:45:43,223 - __main__ - INFO -   Fold time: 1.04s

2025-12-13 08:45:43,223 - __main__ - INFO - Fold 5/5
2025-12-13 08:45:43,223 - __main__ - INFO -   Train samples: 928, Test samples: 232
2025-12-13 08:45:43,224 - __main__ - INFO -   Train subjects: 8, Test subjects: 2
2025-12-13 08:45:43,224 - __main__ - INFO -   Preprocessing fold data (StandardScaler only)...
2025-12-13 08:45:43,224 - __main__ - INFO -   Input shapes - Train: (928, 116), Test: (232, 116)
2025-12-13 08:45:43,225 - __main__ - INFO -   Scaled shapes - Train: (928, 116), Test: (232, 116)
2025-12-13 08:45:43,225 - __main__ - INFO -   Training OvR with C=2.136833, solver=saga...
2025-12-13 08:45:44,148 - __main__ - INFO -   Predicting on test set...
2025-12-13 08:45:44,153 - __main__ - INFO -   Fold accuracy: 0.7716
2025-12-13 08:45:44,153 - __main__ - INFO -   Fold balanced accuracy: 0.7716
2025-12-13 08:45:44,153 - __main__ - INFO -   Fold time: 0.93s

2025-12-13 08:45:44,153 - __main__ - INFO - Cross-validation completed in 5.33s

2025-12-13 08:45:44,157 - __main__ - INFO - Computing overall metrics...
2025-12-13 08:45:44,157 - src.evaluation.hemisphere_metrics - INFO - Computing classification metrics...
2025-12-13 08:45:44,177 - src.evaluation.hemisphere_metrics - INFO -   Accuracy: 0.7509
2025-12-13 08:45:44,177 - src.evaluation.hemisphere_metrics - INFO -   Balanced Accuracy: 0.7509
2025-12-13 08:45:44,177 - src.evaluation.hemisphere_metrics - INFO -   F1 Score: 0.7706
2025-12-13 08:45:44,177 - __main__ - INFO - 
OVERALL RESULTS (LEFT HEMISPHERE - ONE-VS-REST):
2025-12-13 08:45:44,177 - __main__ - INFO -   Mean CV Accuracy: 0.7509
2025-12-13 08:45:44,177 - __main__ - INFO -   Mean CV Balanced Accuracy: 0.7509
2025-12-13 08:45:44,177 - __main__ - INFO -   Top-5 Accuracy: 0.9362068965517242
2025-12-13 08:45:44,177 - __main__ - INFO - 
  Hyperparameters (from Optuna):
2025-12-13 08:45:44,177 - __main__ - INFO -     C: 2.136833, solver: saga, max_iter: 200
2025-12-13 08:45:44,177 - __main__ - INFO -     Optuna validation score: 0.9052
2025-12-13 08:45:44,177 - __main__ - INFO - 
Computing per-region metrics...
2025-12-13 08:45:44,177 - src.evaluation.hemisphere_metrics - INFO - Computing per-region metrics...
2025-12-13 08:45:44,177 - src.evaluation.hemisphere_metrics - INFO -   Computing metrics for 116 regions
2025-12-13 08:45:44,183 - src.evaluation.hemisphere_metrics - INFO -   Mean per-region accuracy: 0.7509
2025-12-13 08:45:44,183 - src.evaluation.hemisphere_metrics - INFO -   Std per-region accuracy: 0.2141
2025-12-13 08:45:44,183 - src.evaluation.hemisphere_metrics - INFO -   Min per-region accuracy: 0.0000
2025-12-13 08:45:44,183 - src.evaluation.hemisphere_metrics - INFO -   Max per-region accuracy: 1.0000
2025-12-13 08:45:44,183 - __main__ - INFO - Computing network-level metrics...
2025-12-13 08:45:44,183 - src.evaluation.hemisphere_metrics - INFO - Computing network-level metrics...
2025-12-13 08:45:44,184 - src.evaluation.hemisphere_metrics - INFO -   Computing metrics for 18 networks
2025-12-13 08:45:44,211 - src.evaluation.hemisphere_metrics - INFO -   Mean network accuracy: 0.7492
2025-12-13 08:45:44,211 - src.evaluation.hemisphere_metrics - INFO -   Best network: DefaultB (accuracy=0.8692)
2025-12-13 08:45:44,212 - src.evaluation.hemisphere_metrics - INFO -   Worst network: TempPar (accuracy=0.5000)
2025-12-13 08:45:44,212 - __main__ - INFO - Creating confusion matrix...
2025-12-13 08:45:44,212 - src.evaluation.hemisphere_metrics - INFO - Creating confusion matrix...
2025-12-13 08:45:44,212 - src.evaluation.hemisphere_metrics - INFO -   Confusion matrix shape: (116, 116)
2025-12-13 08:45:44,212 - src.evaluation.hemisphere_metrics - INFO -   Total predictions: 1160
2025-12-13 08:45:44,212 - src.evaluation.hemisphere_metrics - INFO -   Correct predictions (diagonal): 871
2025-12-13 08:45:44,212 - __main__ - INFO - 
Saving results...
2025-12-13 08:45:44,235 - __main__ - INFO - 
Generating visualizations...
2025-12-13 08:45:44,235 - src.visualization.hemisphere_viz - INFO - Plotting confusion matrix: (116, 116)
2025-12-13 08:45:44,270 - src.visualization.hemisphere_viz - INFO -   Added 17 network boundaries
2025-12-13 08:45:45,230 - src.visualization.hemisphere_viz - INFO -   Saved: /home/sjoon/projects/brain_connectivity_classifier/data/results/hemisphere_analysis/left_hemisphere/ovr/confusion_matrix.png
2025-12-13 08:45:45,230 - src.visualization.hemisphere_viz - INFO - Plotting per-region accuracy for 116 regions
2025-12-13 08:45:46,156 - src.visualization.hemisphere_viz - INFO -   Saved: /home/sjoon/projects/brain_connectivity_classifier/data/results/hemisphere_analysis/left_hemisphere/ovr/per_region_accuracy.png
2025-12-13 08:45:46,156 - src.visualization.hemisphere_viz - INFO - Plotting network accuracy for 18 networks
2025-12-13 08:45:46,569 - src.visualization.hemisphere_viz - INFO -   Saved: /home/sjoon/projects/brain_connectivity_classifier/data/results/hemisphere_analysis/left_hemisphere/ovr/network_accuracy.png
2025-12-13 08:45:46,570 - __main__ - INFO - All results saved to: /home/sjoon/projects/brain_connectivity_classifier/data/results/hemisphere_analysis/left_hemisphere/ovr
2025-12-13 08:45:46,570 - __main__ - INFO - 
================================================================================
2025-12-13 08:45:46,570 - __main__ - INFO - TESTING ON TASK DATA (GENDER STROOP) - ONE-VS-REST
2025-12-13 08:45:46,570 - __main__ - INFO - ================================================================================
2025-12-13 08:45:46,570 - __main__ - INFO - Training final OvR model on ALL resting-state data
2025-12-13 08:45:46,570 - __main__ - INFO - Then testing on task data to measure generalization

2025-12-13 08:45:46,570 - __main__ - INFO - Step 1: Loading resting-state data (TRAINING)...
2025-12-13 08:45:46,570 - src.hemisphere.hemisphere_utils - INFO - Loading left hemisphere data from: /home/sjoon/projects/brain_connectivity_classifier/data/processed/hemispheres/LH_PIOP2_Restingstate.csv
2025-12-13 08:45:46,826 - src.hemisphere.hemisphere_utils - INFO -   Subjects: 224
2025-12-13 08:45:46,826 - src.hemisphere.hemisphere_utils - INFO -   Connections: 6670
2025-12-13 08:45:46,830 - src.hemisphere.hemisphere_utils - INFO - Extracting region info from: /home/sjoon/projects/brain_connectivity_classifier/data/processed/hemispheres/LH_PIOP2_Restingstate.csv
2025-12-13 08:45:47,232 - src.hemisphere.hemisphere_utils - INFO - Extracted 116 regions for left hemisphere
2025-12-13 08:45:47,232 - src.hemisphere.hemisphere_utils - INFO -   Regions: 116
2025-12-13 08:45:47,232 - src.hemisphere.hemisphere_utils - INFO - Converting to full connectivity matrices...
2025-12-13 08:45:47,249 - src.hemisphere.hemisphere_utils - INFO -   Matrix shape: (224, 116, 116)
2025-12-13 08:45:47,271 - src.hemisphere.hemisphere_utils - INFO - Connectivity validation completed
2025-12-13 08:45:47,271 - src.hemisphere.hemisphere_utils - INFO - Successfully loaded left hemisphere data
2025-12-13 08:45:47,273 - __main__ - INFO - 
============================================================
2025-12-13 08:45:47,273 - __main__ - INFO - SAMPLING MODE ACTIVATED
2025-12-13 08:45:47,273 - __main__ - INFO - ============================================================
2025-12-13 08:45:47,273 - __main__ - INFO - Selecting first 10 subjects out of 224 available
2025-12-13 08:45:47,273 - __main__ - INFO - Selected subjects: sub-0001_P2, sub-0002_P2, sub-0003_P2, sub-0004_P2, sub-0005_P2, sub-0006_P2, sub-0007_P2, sub-0008_P2, sub-0009_P2, sub-0011_P2
2025-12-13 08:45:47,273 - __main__ - INFO - Sampled connectivity shape: (10, 116, 116)
2025-12-13 08:45:47,273 - __main__ - INFO - Sampled subjects: 10
2025-12-13 08:45:47,273 - __main__ - INFO - ============================================================

2025-12-13 08:45:47,273 - __main__ - INFO -   Rest data: 10 subjects, 116 regions
2025-12-13 08:45:47,273 - __main__ - INFO - 
Applying diagonal imputation (strategy: region_mean)...
2025-12-13 08:45:47,273 - __main__ - INFO -   Original diagonal range: [1.0000, 1.0000]
2025-12-13 08:45:47,273 - __main__ - INFO -   Original diagonal mean: 1.0000
2025-12-13 08:45:47,278 - __main__ - INFO -   Replaced diagonal with row means
2025-12-13 08:45:47,278 - __main__ - INFO -   New diagonal range: [-0.1180, 0.1810]
2025-12-13 08:45:47,278 - __main__ - INFO -   New diagonal mean: 0.0315
2025-12-13 08:45:47,278 - __main__ - INFO - 
Applying Fisher Z-transformation...
2025-12-13 08:45:47,280 - __main__ - INFO -   Value range after Fisher Z: [-1.0284, 1.4364]
2025-12-13 08:45:47,281 - __main__ - INFO -   Mean: 0.0366, Std: 0.2931
2025-12-13 08:45:47,281 - src.hemisphere.hemisphere_utils - INFO -   Removing diagonal values (self-connections) before classification
2025-12-13 08:45:47,281 - src.hemisphere.hemisphere_utils - INFO -   Original diagonal values (first subject, first 5 regions): [np.float64(-0.008901612424537042), np.float64(0.027939234799402014), np.float64(0.009805427197523572), np.float64(-0.0315809333362432), np.float64(-0.008620041552882787)]
2025-12-13 08:45:47,281 - src.hemisphere.hemisphere_utils - INFO -   After removal (should be all zeros): [np.float64(0.0), np.float64(0.0), np.float64(0.0), np.float64(0.0), np.float64(0.0)]
2025-12-13 08:45:47,282 - src.hemisphere.hemisphere_utils - INFO -   ✅ Diagonal removal verified - no features constant at 1.0
2025-12-13 08:45:47,282 - src.hemisphere.hemisphere_utils - INFO - Prepared classification data:
2025-12-13 08:45:47,283 - src.hemisphere.hemisphere_utils - INFO -   Features (X): (1160, 116)
2025-12-13 08:45:47,283 - src.hemisphere.hemisphere_utils - INFO -   Labels (y): (1160,)
2025-12-13 08:45:47,283 - src.hemisphere.hemisphere_utils - INFO -   Groups: (1160,)
2025-12-13 08:45:47,283 - src.hemisphere.hemisphere_utils - INFO -   Unique labels: 116
2025-12-13 08:45:47,283 - src.hemisphere.hemisphere_utils - INFO -   Unique subjects: 10
2025-12-13 08:45:47,283 - src.hemisphere.hemisphere_utils - INFO -   Feature range: [-1.028, 1.436]
2025-12-13 08:45:47,283 - src.hemisphere.hemisphere_utils - INFO -   Feature mean: 0.036, std: 0.293
2025-12-13 08:45:47,283 - __main__ - INFO -   Rest features: (1160, 116)
2025-12-13 08:45:47,283 - __main__ - INFO - 
Step 2: Loading task data (TESTING)...
2025-12-13 08:45:47,284 - src.hemisphere.hemisphere_utils - INFO - Loading left hemisphere data from: /home/sjoon/projects/brain_connectivity_classifier/data/processed/hemispheres/LH_PIOP1_Gstroop.csv
2025-12-13 08:45:47,523 - src.hemisphere.hemisphere_utils - INFO -   Subjects: 200
2025-12-13 08:45:47,523 - src.hemisphere.hemisphere_utils - INFO -   Connections: 6670
2025-12-13 08:45:47,526 - src.hemisphere.hemisphere_utils - INFO - Extracting region info from: /home/sjoon/projects/brain_connectivity_classifier/data/processed/hemispheres/LH_PIOP1_Gstroop.csv
2025-12-13 08:45:47,871 - src.hemisphere.hemisphere_utils - INFO - Extracted 116 regions for left hemisphere
2025-12-13 08:45:47,871 - src.hemisphere.hemisphere_utils - INFO -   Regions: 116
2025-12-13 08:45:47,871 - src.hemisphere.hemisphere_utils - INFO - Converting to full connectivity matrices...
2025-12-13 08:45:47,888 - src.hemisphere.hemisphere_utils - INFO -   Matrix shape: (200, 116, 116)
2025-12-13 08:45:47,907 - src.hemisphere.hemisphere_utils - INFO - Connectivity validation completed
2025-12-13 08:45:47,908 - src.hemisphere.hemisphere_utils - INFO - Successfully loaded left hemisphere data
2025-12-13 08:45:47,908 - __main__ - INFO - 
============================================================
2025-12-13 08:45:47,908 - __main__ - INFO - SAMPLING MODE ACTIVATED
2025-12-13 08:45:47,908 - __main__ - INFO - ============================================================
2025-12-13 08:45:47,908 - __main__ - INFO - Selecting first 10 subjects out of 200 available
2025-12-13 08:45:47,908 - __main__ - INFO - Selected subjects: sub-0001, sub-0002, sub-0003, sub-0004, sub-0005, sub-0006, sub-0007, sub-0008, sub-0009, sub-0010
2025-12-13 08:45:47,908 - __main__ - INFO - Sampled connectivity shape: (10, 116, 116)
2025-12-13 08:45:47,908 - __main__ - INFO - Sampled subjects: 10
2025-12-13 08:45:47,908 - __main__ - INFO - ============================================================

2025-12-13 08:45:47,908 - __main__ - INFO -   Task data: 10 subjects, 116 regions
2025-12-13 08:45:47,908 - __main__ - INFO - 
Applying diagonal imputation (strategy: region_mean)...
2025-12-13 08:45:47,908 - __main__ - INFO -   Original diagonal range: [1.0000, 1.0000]
2025-12-13 08:45:47,908 - __main__ - INFO -   Original diagonal mean: 1.0000
2025-12-13 08:45:47,913 - __main__ - INFO -   Replaced diagonal with row means
2025-12-13 08:45:47,913 - __main__ - INFO -   New diagonal range: [-0.1041, 0.1667]
2025-12-13 08:45:47,913 - __main__ - INFO -   New diagonal mean: 0.0336
2025-12-13 08:45:47,913 - __main__ - INFO - 
Applying Fisher Z-transformation...
2025-12-13 08:45:47,916 - __main__ - INFO -   Value range after Fisher Z: [-1.2080, 1.5482]
2025-12-13 08:45:47,916 - __main__ - INFO -   Mean: 0.0382, Std: 0.2807
2025-12-13 08:45:47,916 - src.hemisphere.hemisphere_utils - INFO -   Removing diagonal values (self-connections) before classification
2025-12-13 08:45:47,916 - src.hemisphere.hemisphere_utils - INFO -   Original diagonal values (first subject, first 5 regions): [np.float64(0.03756400419430058), np.float64(-0.006281433432417364), np.float64(-0.04253120820455031), np.float64(0.021136027062215127), np.float64(0.022268923864492588)]
2025-12-13 08:45:47,916 - src.hemisphere.hemisphere_utils - INFO -   After removal (should be all zeros): [np.float64(0.0), np.float64(0.0), np.float64(0.0), np.float64(0.0), np.float64(0.0)]
2025-12-13 08:45:47,918 - src.hemisphere.hemisphere_utils - INFO -   ✅ Diagonal removal verified - no features constant at 1.0
2025-12-13 08:45:47,918 - src.hemisphere.hemisphere_utils - INFO - Prepared classification data:
2025-12-13 08:45:47,918 - src.hemisphere.hemisphere_utils - INFO -   Features (X): (1160, 116)
2025-12-13 08:45:47,918 - src.hemisphere.hemisphere_utils - INFO -   Labels (y): (1160,)
2025-12-13 08:45:47,918 - src.hemisphere.hemisphere_utils - INFO -   Groups: (1160,)
2025-12-13 08:45:47,918 - src.hemisphere.hemisphere_utils - INFO -   Unique labels: 116
2025-12-13 08:45:47,919 - src.hemisphere.hemisphere_utils - INFO -   Unique subjects: 10
2025-12-13 08:45:47,919 - src.hemisphere.hemisphere_utils - INFO -   Feature range: [-1.208, 1.548]
2025-12-13 08:45:47,919 - src.hemisphere.hemisphere_utils - INFO -   Feature mean: 0.038, std: 0.281
2025-12-13 08:45:47,919 - __main__ - INFO -   Task features: (1160, 116)
2025-12-13 08:45:47,919 - __main__ - INFO - 
Step 3: Training final OvR model on ALL resting-state data...
2025-12-13 08:45:47,920 - __main__ - INFO -   Scaled rest data: mean=-0.0000, std=1.0000
2025-12-13 08:45:49,165 - __main__ - INFO -   OvR model trained in 1.24s
2025-12-13 08:45:49,175 - __main__ - INFO -   Rest data accuracy (training set): 1.0000
2025-12-13 08:45:49,175 - __main__ - INFO - 
Step 4: Testing on task data...
2025-12-13 08:45:49,176 - __main__ - INFO -   Scaled task data: mean=0.0032, std=0.9642
2025-12-13 08:45:49,183 - __main__ - INFO - 
Step 5: Computing task metrics...
2025-12-13 08:45:49,183 - src.evaluation.hemisphere_metrics - INFO - Computing classification metrics...
2025-12-13 08:45:49,196 - src.evaluation.hemisphere_metrics - INFO -   Accuracy: 0.6767
2025-12-13 08:45:49,196 - src.evaluation.hemisphere_metrics - INFO -   Balanced Accuracy: 0.6767
2025-12-13 08:45:49,196 - src.evaluation.hemisphere_metrics - INFO -   F1 Score: 0.6990
2025-12-13 08:45:49,196 - src.evaluation.hemisphere_metrics - INFO - Computing per-region metrics...
2025-12-13 08:45:49,196 - src.evaluation.hemisphere_metrics - INFO -   Computing metrics for 116 regions
2025-12-13 08:45:49,200 - src.evaluation.hemisphere_metrics - INFO -   Mean per-region accuracy: 0.6767
2025-12-13 08:45:49,200 - src.evaluation.hemisphere_metrics - INFO -   Std per-region accuracy: 0.2192
2025-12-13 08:45:49,201 - src.evaluation.hemisphere_metrics - INFO -   Min per-region accuracy: 0.0000
2025-12-13 08:45:49,201 - src.evaluation.hemisphere_metrics - INFO -   Max per-region accuracy: 1.0000
2025-12-13 08:45:49,201 - src.evaluation.hemisphere_metrics - INFO - Computing network-level metrics...
2025-12-13 08:45:49,201 - src.evaluation.hemisphere_metrics - INFO -   Computing metrics for 18 networks
2025-12-13 08:45:49,251 - src.evaluation.hemisphere_metrics - INFO -   Mean network accuracy: 0.6922
2025-12-13 08:45:49,252 - src.evaluation.hemisphere_metrics - INFO -   Best network: DorsAttnB (accuracy=0.8800)
2025-12-13 08:45:49,252 - src.evaluation.hemisphere_metrics - INFO -   Worst network: Subcortical (accuracy=0.4625)
2025-12-13 08:45:49,252 - src.evaluation.hemisphere_metrics - INFO - Creating confusion matrix...
2025-12-13 08:45:49,252 - src.evaluation.hemisphere_metrics - INFO -   Confusion matrix shape: (116, 116)
2025-12-13 08:45:49,253 - src.evaluation.hemisphere_metrics - INFO -   Total predictions: 1160
2025-12-13 08:45:49,253 - src.evaluation.hemisphere_metrics - INFO -   Correct predictions (diagonal): 785
2025-12-13 08:45:49,258 - __main__ - INFO - 
Saving task testing results to: /home/sjoon/projects/brain_connectivity_classifier/data/results/hemisphere_analysis/left_hemisphere/task_testing
2025-12-13 08:45:49,280 - __main__ - INFO - 
Generating task testing visualizations...
2025-12-13 08:45:49,280 - src.visualization.hemisphere_viz - INFO - Plotting confusion matrix: (116, 116)
2025-12-13 08:45:49,305 - src.visualization.hemisphere_viz - INFO -   Added 17 network boundaries
2025-12-13 08:45:50,352 - src.visualization.hemisphere_viz - INFO -   Saved: /home/sjoon/projects/brain_connectivity_classifier/data/results/hemisphere_analysis/left_hemisphere/task_testing/task_confusion_matrix.png
2025-12-13 08:45:50,353 - src.visualization.hemisphere_viz - INFO - Plotting per-region accuracy for 116 regions
2025-12-13 08:45:51,231 - src.visualization.hemisphere_viz - INFO -   Saved: /home/sjoon/projects/brain_connectivity_classifier/data/results/hemisphere_analysis/left_hemisphere/task_testing/task_per_region_accuracy.png
2025-12-13 08:45:51,231 - src.visualization.hemisphere_viz - INFO - Plotting network accuracy for 18 networks
2025-12-13 08:45:51,664 - src.visualization.hemisphere_viz - INFO -   Saved: /home/sjoon/projects/brain_connectivity_classifier/data/results/hemisphere_analysis/left_hemisphere/task_testing/task_network_accuracy.png
2025-12-13 08:45:51,665 - __main__ - INFO - 
================================================================================
2025-12-13 08:45:51,665 - __main__ - INFO - TASK TESTING RESULTS (ONE-VS-REST)
2025-12-13 08:45:51,665 - __main__ - INFO - ================================================================================
2025-12-13 08:45:51,665 - __main__ - INFO - Rest (training) accuracy: 1.0000
2025-12-13 08:45:51,665 - __main__ - INFO - Task (testing) accuracy:  0.6767
2025-12-13 08:45:51,665 - __main__ - INFO - Accuracy drop:            0.3233 (32.3%)
2025-12-13 08:45:51,665 - __main__ - INFO - Task top-5 accuracy:      0.9017
2025-12-13 08:45:51,665 - __main__ - INFO - 
Best task network: DorsAttnA (0.8800)
2025-12-13 08:45:51,665 - __main__ - INFO - Worst task network: Subcortical (0.4625)
2025-12-13 08:45:51,666 - __main__ - INFO - ================================================================================

2025-12-13 08:45:51,667 - __main__ - INFO - 
================================================================================
2025-12-13 08:45:51,667 - __main__ - INFO - TRAINING RIGHT HEMISPHERE (ONE-VS-REST)
2025-12-13 08:45:51,667 - __main__ - INFO - ================================================================================

2025-12-13 08:45:51,668 - __main__ - INFO - Loading hemisphere-specific data...
2025-12-13 08:45:51,669 - src.hemisphere.hemisphere_utils - INFO - Loading right hemisphere data from: /home/sjoon/projects/brain_connectivity_classifier/data/processed/hemispheres/RH_PIOP2_Restingstate.csv
2025-12-13 08:45:51,981 - src.hemisphere.hemisphere_utils - INFO -   Subjects: 224
2025-12-13 08:45:51,981 - src.hemisphere.hemisphere_utils - INFO -   Connections: 6670
2025-12-13 08:45:51,989 - src.hemisphere.hemisphere_utils - INFO - Extracting region info from: /home/sjoon/projects/brain_connectivity_classifier/data/processed/hemispheres/RH_PIOP2_Restingstate.csv
2025-12-13 08:45:52,603 - src.hemisphere.hemisphere_utils - INFO - Extracted 116 regions for right hemisphere
2025-12-13 08:45:52,603 - src.hemisphere.hemisphere_utils - INFO -   Regions: 116
2025-12-13 08:45:52,603 - src.hemisphere.hemisphere_utils - INFO - Converting to full connectivity matrices...
2025-12-13 08:45:52,621 - src.hemisphere.hemisphere_utils - INFO -   Matrix shape: (224, 116, 116)
2025-12-13 08:45:52,643 - src.hemisphere.hemisphere_utils - INFO - Connectivity validation completed
2025-12-13 08:45:52,643 - src.hemisphere.hemisphere_utils - INFO - Successfully loaded right hemisphere data
2025-12-13 08:45:52,645 - __main__ - INFO - 
============================================================
2025-12-13 08:45:52,645 - __main__ - INFO - SAMPLING MODE ACTIVATED
2025-12-13 08:45:52,645 - __main__ - INFO - ============================================================
2025-12-13 08:45:52,645 - __main__ - INFO - Selecting first 10 subjects out of 224 available
2025-12-13 08:45:52,645 - __main__ - INFO - Selected subjects: sub-0001_P2, sub-0002_P2, sub-0003_P2, sub-0004_P2, sub-0005_P2, sub-0006_P2, sub-0007_P2, sub-0008_P2, sub-0009_P2, sub-0011_P2
2025-12-13 08:45:52,645 - __main__ - INFO - Sampled connectivity shape: (10, 116, 116)
2025-12-13 08:45:52,645 - __main__ - INFO - Sampled subjects: 10
2025-12-13 08:45:52,645 - __main__ - INFO - ============================================================

2025-12-13 08:45:52,645 - __main__ - WARNING - ⚠️  TESTING MODE: Using first 10 subjects only
2025-12-13 08:45:52,645 - __main__ - INFO - Data loaded:
2025-12-13 08:45:52,645 - __main__ - INFO -   Subjects: 10
2025-12-13 08:45:52,645 - __main__ - INFO -   Regions: 116
2025-12-13 08:45:52,645 - __main__ - INFO -   Connectivity shape: (10, 116, 116)
2025-12-13 08:45:52,645 - __main__ - INFO - 
================================================================================
2025-12-13 08:45:52,645 - __main__ - INFO - PREPROCESSING (BEFORE CROSS-VALIDATION)
2025-12-13 08:45:52,645 - __main__ - INFO - ================================================================================
2025-12-13 08:45:52,645 - __main__ - INFO - 
Applying diagonal imputation (strategy: region_mean)...
2025-12-13 08:45:52,646 - __main__ - INFO -   Original diagonal range: [1.0000, 1.0000]
2025-12-13 08:45:52,646 - __main__ - INFO -   Original diagonal mean: 1.0000
2025-12-13 08:45:52,651 - __main__ - INFO -   Replaced diagonal with row means
2025-12-13 08:45:52,651 - __main__ - INFO -   New diagonal range: [-0.0992, 0.1526]
2025-12-13 08:45:52,651 - __main__ - INFO -   New diagonal mean: 0.0281
2025-12-13 08:45:52,651 - __main__ - INFO - 
Applying Fisher Z-transformation...
2025-12-13 08:45:52,654 - __main__ - INFO -   Value range after Fisher Z: [-1.2551, 1.5356]
2025-12-13 08:45:52,654 - __main__ - INFO -   Mean: 0.0335, Std: 0.2966
2025-12-13 08:45:52,654 - __main__ - INFO - 
Preparing classification data (flattening to features)...
2025-12-13 08:45:52,654 - src.hemisphere.hemisphere_utils - INFO -   Removing diagonal values (self-connections) before classification
2025-12-13 08:45:52,654 - src.hemisphere.hemisphere_utils - INFO -   Original diagonal values (first subject, first 5 regions): [np.float64(0.021650803605147817), np.float64(0.04820149683505135), np.float64(0.045209753583810956), np.float64(0.028132438097084676), np.float64(0.017311009921030476)]
2025-12-13 08:45:52,654 - src.hemisphere.hemisphere_utils - INFO -   After removal (should be all zeros): [np.float64(0.0), np.float64(0.0), np.float64(0.0), np.float64(0.0), np.float64(0.0)]
2025-12-13 08:45:52,656 - src.hemisphere.hemisphere_utils - INFO -   ✅ Diagonal removal verified - no features constant at 1.0
2025-12-13 08:45:52,656 - src.hemisphere.hemisphere_utils - INFO - Prepared classification data:
2025-12-13 08:45:52,656 - src.hemisphere.hemisphere_utils - INFO -   Features (X): (1160, 116)
2025-12-13 08:45:52,656 - src.hemisphere.hemisphere_utils - INFO -   Labels (y): (1160,)
2025-12-13 08:45:52,656 - src.hemisphere.hemisphere_utils - INFO -   Groups: (1160,)
2025-12-13 08:45:52,656 - src.hemisphere.hemisphere_utils - INFO -   Unique labels: 116
2025-12-13 08:45:52,656 - src.hemisphere.hemisphere_utils - INFO -   Unique subjects: 10
2025-12-13 08:45:52,656 - src.hemisphere.hemisphere_utils - INFO -   Feature range: [-1.255, 1.536]
2025-12-13 08:45:52,656 - src.hemisphere.hemisphere_utils - INFO -   Feature mean: 0.033, std: 0.297
2025-12-13 08:45:52,656 - __main__ - INFO - Classification data prepared:
2025-12-13 08:45:52,656 - __main__ - INFO -   Samples (X): (1160, 116)
2025-12-13 08:45:52,656 - __main__ - INFO -   Labels (y): (1160,)
2025-12-13 08:45:52,656 - __main__ - INFO -   Classes: 116
2025-12-13 08:45:52,656 - __main__ - INFO - 
✓ Preprocessing completed
2025-12-13 08:45:52,656 - __main__ - INFO - ================================================================================
2025-12-13 08:45:52,657 - __main__ - INFO - 
Scaling full dataset for Optuna optimization...
2025-12-13 08:45:52,658 - __main__ - INFO -   Scaled data - mean: -0.0000, std: 1.0000
2025-12-13 08:45:52,658 - __main__ - INFO - 
================================================================================
2025-12-13 08:45:52,658 - __main__ - INFO - HYPERPARAMETER OPTIMIZATION WITH OPTUNA (ONE-VS-REST)
2025-12-13 08:45:52,658 - __main__ - INFO - ================================================================================
2025-12-13 08:45:52,658 - __main__ - INFO - Running Optuna on SCALED full dataset
2025-12-13 08:45:52,658 - __main__ - INFO -   Trials: 3
2025-12-13 08:45:52,658 - __main__ - INFO -   Samples: 1160
2025-12-13 08:45:52,658 - __main__ - INFO -   Features: 116
2025-12-13 08:45:52,658 - __main__ - INFO -   Classes: 116
2025-12-13 08:45:52,658 - __main__ - INFO -   NOTE: Data already scaled, using simple train/val split
2025-12-13 08:45:52,658 - __main__ - INFO - 
Starting Optuna optimization...
2025-12-13 08:46:23,907 - __main__ - INFO - 
Optuna optimization completed in 31.25s
2025-12-13 08:46:23,907 - __main__ - INFO - 
✓ Best hyperparameters found:
2025-12-13 08:46:23,907 - __main__ - INFO -   • C: 2.136833
2025-12-13 08:46:23,907 - __main__ - INFO -   • max_iter: 200
2025-12-13 08:46:23,907 - __main__ - INFO -   • solver: saga
2025-12-13 08:46:23,907 - __main__ - INFO -   • Best validation score: 0.9224
2025-12-13 08:46:23,907 - __main__ - INFO - 
Top 5 trials:
2025-12-13 08:46:23,910 - __main__ - INFO -   1. Trial 2: score=0.9224, C=2.1368, solver=saga, max_iter=200
2025-12-13 08:46:23,910 - __main__ - INFO -   2. Trial 0: score=0.6552, C=0.0315, solver=lbfgs, max_iter=200
2025-12-13 08:46:23,910 - __main__ - INFO -   3. Trial 1: score=0.2759, C=0.0017, solver=saga, max_iter=200
2025-12-13 08:46:23,910 - __main__ - INFO - ================================================================================

2025-12-13 08:46:23,911 - __main__ - INFO - 
================================================================================
2025-12-13 08:46:23,911 - __main__ - INFO - CROSS-VALIDATION WITH FOLD-WISE SCALING (ONE-VS-REST)
2025-12-13 08:46:23,911 - __main__ - INFO - ================================================================================
2025-12-13 08:46:23,911 - __main__ - INFO - Using hyperparameters: C=2.136833, solver=saga, max_iter=200
2025-12-13 08:46:23,911 - __main__ - INFO - Running 5-fold GroupKFold cross-validation...
2025-12-13 08:46:23,911 - __main__ - INFO - Note: StandardScaler fit independently on each fold's training data

2025-12-13 08:46:23,911 - __main__ - INFO - Fold 1/5
2025-12-13 08:46:23,911 - __main__ - INFO -   Train samples: 928, Test samples: 232
2025-12-13 08:46:23,911 - __main__ - INFO -   Train subjects: 8, Test subjects: 2
2025-12-13 08:46:23,911 - __main__ - INFO -   Preprocessing fold data (StandardScaler only)...
2025-12-13 08:46:23,911 - __main__ - INFO -   Input shapes - Train: (928, 116), Test: (232, 116)
2025-12-13 08:46:23,913 - __main__ - INFO -   Scaled shapes - Train: (928, 116), Test: (232, 116)
2025-12-13 08:46:23,913 - __main__ - INFO -   Training OvR with C=2.136833, solver=saga...
2025-12-13 08:46:25,019 - __main__ - INFO -   Predicting on test set...
2025-12-13 08:46:25,026 - __main__ - INFO -   Fold accuracy: 0.8664
2025-12-13 08:46:25,026 - __main__ - INFO -   Fold balanced accuracy: 0.8664
2025-12-13 08:46:25,026 - __main__ - INFO -   Fold time: 1.11s

2025-12-13 08:46:25,026 - __main__ - INFO - Fold 2/5
2025-12-13 08:46:25,026 - __main__ - INFO -   Train samples: 928, Test samples: 232
2025-12-13 08:46:25,027 - __main__ - INFO -   Train subjects: 8, Test subjects: 2
2025-12-13 08:46:25,027 - __main__ - INFO -   Preprocessing fold data (StandardScaler only)...
2025-12-13 08:46:25,027 - __main__ - INFO -   Input shapes - Train: (928, 116), Test: (232, 116)
2025-12-13 08:46:25,029 - __main__ - INFO -   Scaled shapes - Train: (928, 116), Test: (232, 116)
2025-12-13 08:46:25,029 - __main__ - INFO -   Training OvR with C=2.136833, solver=saga...
2025-12-13 08:46:26,112 - __main__ - INFO -   Predicting on test set...
2025-12-13 08:46:26,115 - __main__ - INFO -   Fold accuracy: 0.7069
2025-12-13 08:46:26,115 - __main__ - INFO -   Fold balanced accuracy: 0.7069
2025-12-13 08:46:26,116 - __main__ - INFO -   Fold time: 1.09s

2025-12-13 08:46:26,116 - __main__ - INFO - Fold 3/5
2025-12-13 08:46:26,116 - __main__ - INFO -   Train samples: 928, Test samples: 232
2025-12-13 08:46:26,116 - __main__ - INFO -   Train subjects: 8, Test subjects: 2
2025-12-13 08:46:26,116 - __main__ - INFO -   Preprocessing fold data (StandardScaler only)...
2025-12-13 08:46:26,116 - __main__ - INFO -   Input shapes - Train: (928, 116), Test: (232, 116)
2025-12-13 08:46:26,117 - __main__ - INFO -   Scaled shapes - Train: (928, 116), Test: (232, 116)
2025-12-13 08:46:26,118 - __main__ - INFO -   Training OvR with C=2.136833, solver=saga...
2025-12-13 08:46:27,039 - __main__ - INFO -   Predicting on test set...
2025-12-13 08:46:27,042 - __main__ - INFO -   Fold accuracy: 0.7457
2025-12-13 08:46:27,043 - __main__ - INFO -   Fold balanced accuracy: 0.7457
2025-12-13 08:46:27,043 - __main__ - INFO -   Fold time: 0.93s

2025-12-13 08:46:27,043 - __main__ - INFO - Fold 4/5
2025-12-13 08:46:27,043 - __main__ - INFO -   Train samples: 928, Test samples: 232
2025-12-13 08:46:27,043 - __main__ - INFO -   Train subjects: 8, Test subjects: 2
2025-12-13 08:46:27,043 - __main__ - INFO -   Preprocessing fold data (StandardScaler only)...
2025-12-13 08:46:27,043 - __main__ - INFO -   Input shapes - Train: (928, 116), Test: (232, 116)
2025-12-13 08:46:27,044 - __main__ - INFO -   Scaled shapes - Train: (928, 116), Test: (232, 116)
2025-12-13 08:46:27,044 - __main__ - INFO -   Training OvR with C=2.136833, solver=saga...
2025-12-13 08:46:28,016 - __main__ - INFO -   Predicting on test set...
2025-12-13 08:46:28,020 - __main__ - INFO -   Fold accuracy: 0.7284
2025-12-13 08:46:28,020 - __main__ - INFO -   Fold balanced accuracy: 0.7284
2025-12-13 08:46:28,020 - __main__ - INFO -   Fold time: 0.98s

2025-12-13 08:46:28,021 - __main__ - INFO - Fold 5/5
2025-12-13 08:46:28,021 - __main__ - INFO -   Train samples: 928, Test samples: 232
2025-12-13 08:46:28,022 - __main__ - INFO -   Train subjects: 8, Test subjects: 2
2025-12-13 08:46:28,022 - __main__ - INFO -   Preprocessing fold data (StandardScaler only)...
2025-12-13 08:46:28,022 - __main__ - INFO -   Input shapes - Train: (928, 116), Test: (232, 116)
2025-12-13 08:46:28,023 - __main__ - INFO -   Scaled shapes - Train: (928, 116), Test: (232, 116)
2025-12-13 08:46:28,023 - __main__ - INFO -   Training OvR with C=2.136833, solver=saga...
2025-12-13 08:46:29,041 - __main__ - INFO -   Predicting on test set...
2025-12-13 08:46:29,043 - __main__ - INFO -   Fold accuracy: 0.7888
2025-12-13 08:46:29,043 - __main__ - INFO -   Fold balanced accuracy: 0.7888
2025-12-13 08:46:29,044 - __main__ - INFO -   Fold time: 1.02s

2025-12-13 08:46:29,044 - __main__ - INFO - Cross-validation completed in 5.13s

2025-12-13 08:46:29,044 - __main__ - INFO - Computing overall metrics...
2025-12-13 08:46:29,044 - src.evaluation.hemisphere_metrics - INFO - Computing classification metrics...
2025-12-13 08:46:29,059 - src.evaluation.hemisphere_metrics - INFO -   Accuracy: 0.7672
2025-12-13 08:46:29,059 - src.evaluation.hemisphere_metrics - INFO -   Balanced Accuracy: 0.7672
2025-12-13 08:46:29,059 - src.evaluation.hemisphere_metrics - INFO -   F1 Score: 0.7873
2025-12-13 08:46:29,059 - __main__ - INFO - 
OVERALL RESULTS (RIGHT HEMISPHERE - ONE-VS-REST):
2025-12-13 08:46:29,059 - __main__ - INFO -   Mean CV Accuracy: 0.7672
2025-12-13 08:46:29,060 - __main__ - INFO -   Mean CV Balanced Accuracy: 0.7672
2025-12-13 08:46:29,060 - __main__ - INFO -   Top-5 Accuracy: 0.9318965517241379
2025-12-13 08:46:29,060 - __main__ - INFO - 
  Hyperparameters (from Optuna):
2025-12-13 08:46:29,060 - __main__ - INFO -     C: 2.136833, solver: saga, max_iter: 200
2025-12-13 08:46:29,060 - __main__ - INFO -     Optuna validation score: 0.9224
2025-12-13 08:46:29,060 - __main__ - INFO - 
Computing per-region metrics...
2025-12-13 08:46:29,060 - src.evaluation.hemisphere_metrics - INFO - Computing per-region metrics...
2025-12-13 08:46:29,060 - src.evaluation.hemisphere_metrics - INFO -   Computing metrics for 116 regions
2025-12-13 08:46:29,064 - src.evaluation.hemisphere_metrics - INFO -   Mean per-region accuracy: 0.7672
2025-12-13 08:46:29,064 - src.evaluation.hemisphere_metrics - INFO -   Std per-region accuracy: 0.2034
2025-12-13 08:46:29,064 - src.evaluation.hemisphere_metrics - INFO -   Min per-region accuracy: 0.1000
2025-12-13 08:46:29,064 - src.evaluation.hemisphere_metrics - INFO -   Max per-region accuracy: 1.0000
2025-12-13 08:46:29,064 - __main__ - INFO - Computing network-level metrics...
2025-12-13 08:46:29,064 - src.evaluation.hemisphere_metrics - INFO - Computing network-level metrics...
2025-12-13 08:46:29,065 - src.evaluation.hemisphere_metrics - INFO -   Computing metrics for 18 networks
2025-12-13 08:46:29,092 - src.evaluation.hemisphere_metrics - INFO -   Mean network accuracy: 0.7948
2025-12-13 08:46:29,093 - src.evaluation.hemisphere_metrics - INFO -   Best network: DorsAttnA (accuracy=0.9500)
2025-12-13 08:46:29,093 - src.evaluation.hemisphere_metrics - INFO -   Worst network: Subcortical (accuracy=0.4875)
2025-12-13 08:46:29,093 - __main__ - INFO - Creating confusion matrix...
2025-12-13 08:46:29,093 - src.evaluation.hemisphere_metrics - INFO - Creating confusion matrix...
2025-12-13 08:46:29,093 - src.evaluation.hemisphere_metrics - INFO -   Confusion matrix shape: (116, 116)
2025-12-13 08:46:29,093 - src.evaluation.hemisphere_metrics - INFO -   Total predictions: 1160
2025-12-13 08:46:29,093 - src.evaluation.hemisphere_metrics - INFO -   Correct predictions (diagonal): 890
2025-12-13 08:46:29,093 - __main__ - INFO - 
Saving results...
2025-12-13 08:46:29,112 - __main__ - INFO - 
Generating visualizations...
2025-12-13 08:46:29,112 - src.visualization.hemisphere_viz - INFO - Plotting confusion matrix: (116, 116)
2025-12-13 08:46:29,136 - src.visualization.hemisphere_viz - INFO -   Added 17 network boundaries
2025-12-13 08:46:30,064 - src.visualization.hemisphere_viz - INFO -   Saved: /home/sjoon/projects/brain_connectivity_classifier/data/results/hemisphere_analysis/right_hemisphere/ovr/confusion_matrix.png
2025-12-13 08:46:30,065 - src.visualization.hemisphere_viz - INFO - Plotting per-region accuracy for 116 regions
2025-12-13 08:46:30,903 - src.visualization.hemisphere_viz - INFO -   Saved: /home/sjoon/projects/brain_connectivity_classifier/data/results/hemisphere_analysis/right_hemisphere/ovr/per_region_accuracy.png
2025-12-13 08:46:30,903 - src.visualization.hemisphere_viz - INFO - Plotting network accuracy for 18 networks
2025-12-13 08:46:31,316 - src.visualization.hemisphere_viz - INFO -   Saved: /home/sjoon/projects/brain_connectivity_classifier/data/results/hemisphere_analysis/right_hemisphere/ovr/network_accuracy.png
2025-12-13 08:46:31,316 - __main__ - INFO - All results saved to: /home/sjoon/projects/brain_connectivity_classifier/data/results/hemisphere_analysis/right_hemisphere/ovr
2025-12-13 08:46:31,316 - __main__ - INFO - 
================================================================================
2025-12-13 08:46:31,316 - __main__ - INFO - TESTING ON TASK DATA (GENDER STROOP) - ONE-VS-REST
2025-12-13 08:46:31,316 - __main__ - INFO - ================================================================================
2025-12-13 08:46:31,316 - __main__ - INFO - Training final OvR model on ALL resting-state data
2025-12-13 08:46:31,316 - __main__ - INFO - Then testing on task data to measure generalization

2025-12-13 08:46:31,316 - __main__ - INFO - Step 1: Loading resting-state data (TRAINING)...
2025-12-13 08:46:31,316 - src.hemisphere.hemisphere_utils - INFO - Loading right hemisphere data from: /home/sjoon/projects/brain_connectivity_classifier/data/processed/hemispheres/RH_PIOP2_Restingstate.csv
2025-12-13 08:46:31,569 - src.hemisphere.hemisphere_utils - INFO -   Subjects: 224
2025-12-13 08:46:31,569 - src.hemisphere.hemisphere_utils - INFO -   Connections: 6670
2025-12-13 08:46:31,572 - src.hemisphere.hemisphere_utils - INFO - Extracting region info from: /home/sjoon/projects/brain_connectivity_classifier/data/processed/hemispheres/RH_PIOP2_Restingstate.csv
2025-12-13 08:46:32,017 - src.hemisphere.hemisphere_utils - INFO - Extracted 116 regions for right hemisphere
2025-12-13 08:46:32,017 - src.hemisphere.hemisphere_utils - INFO -   Regions: 116
2025-12-13 08:46:32,017 - src.hemisphere.hemisphere_utils - INFO - Converting to full connectivity matrices...
2025-12-13 08:46:32,035 - src.hemisphere.hemisphere_utils - INFO -   Matrix shape: (224, 116, 116)
2025-12-13 08:46:32,056 - src.hemisphere.hemisphere_utils - INFO - Connectivity validation completed
2025-12-13 08:46:32,056 - src.hemisphere.hemisphere_utils - INFO - Successfully loaded right hemisphere data
2025-12-13 08:46:32,056 - __main__ - INFO - 
============================================================
2025-12-13 08:46:32,056 - __main__ - INFO - SAMPLING MODE ACTIVATED
2025-12-13 08:46:32,056 - __main__ - INFO - ============================================================
2025-12-13 08:46:32,056 - __main__ - INFO - Selecting first 10 subjects out of 224 available
2025-12-13 08:46:32,056 - __main__ - INFO - Selected subjects: sub-0001_P2, sub-0002_P2, sub-0003_P2, sub-0004_P2, sub-0005_P2, sub-0006_P2, sub-0007_P2, sub-0008_P2, sub-0009_P2, sub-0011_P2
2025-12-13 08:46:32,056 - __main__ - INFO - Sampled connectivity shape: (10, 116, 116)
2025-12-13 08:46:32,056 - __main__ - INFO - Sampled subjects: 10
2025-12-13 08:46:32,056 - __main__ - INFO - ============================================================

2025-12-13 08:46:32,056 - __main__ - INFO -   Rest data: 10 subjects, 116 regions
2025-12-13 08:46:32,056 - __main__ - INFO - 
Applying diagonal imputation (strategy: region_mean)...
2025-12-13 08:46:32,056 - __main__ - INFO -   Original diagonal range: [1.0000, 1.0000]
2025-12-13 08:46:32,056 - __main__ - INFO -   Original diagonal mean: 1.0000
2025-12-13 08:46:32,061 - __main__ - INFO -   Replaced diagonal with row means
2025-12-13 08:46:32,061 - __main__ - INFO -   New diagonal range: [-0.0992, 0.1526]
2025-12-13 08:46:32,061 - __main__ - INFO -   New diagonal mean: 0.0281
2025-12-13 08:46:32,061 - __main__ - INFO - 
Applying Fisher Z-transformation...
2025-12-13 08:46:32,064 - __main__ - INFO -   Value range after Fisher Z: [-1.2551, 1.5356]
2025-12-13 08:46:32,064 - __main__ - INFO -   Mean: 0.0335, Std: 0.2966
2025-12-13 08:46:32,064 - src.hemisphere.hemisphere_utils - INFO -   Removing diagonal values (self-connections) before classification
2025-12-13 08:46:32,064 - src.hemisphere.hemisphere_utils - INFO -   Original diagonal values (first subject, first 5 regions): [np.float64(0.021650803605147817), np.float64(0.04820149683505135), np.float64(0.045209753583810956), np.float64(0.028132438097084676), np.float64(0.017311009921030476)]
2025-12-13 08:46:32,064 - src.hemisphere.hemisphere_utils - INFO -   After removal (should be all zeros): [np.float64(0.0), np.float64(0.0), np.float64(0.0), np.float64(0.0), np.float64(0.0)]
2025-12-13 08:46:32,066 - src.hemisphere.hemisphere_utils - INFO -   ✅ Diagonal removal verified - no features constant at 1.0
2025-12-13 08:46:32,066 - src.hemisphere.hemisphere_utils - INFO - Prepared classification data:
2025-12-13 08:46:32,066 - src.hemisphere.hemisphere_utils - INFO -   Features (X): (1160, 116)
2025-12-13 08:46:32,066 - src.hemisphere.hemisphere_utils - INFO -   Labels (y): (1160,)
2025-12-13 08:46:32,066 - src.hemisphere.hemisphere_utils - INFO -   Groups: (1160,)
2025-12-13 08:46:32,066 - src.hemisphere.hemisphere_utils - INFO -   Unique labels: 116
2025-12-13 08:46:32,066 - src.hemisphere.hemisphere_utils - INFO -   Unique subjects: 10
2025-12-13 08:46:32,066 - src.hemisphere.hemisphere_utils - INFO -   Feature range: [-1.255, 1.536]
2025-12-13 08:46:32,067 - src.hemisphere.hemisphere_utils - INFO -   Feature mean: 0.033, std: 0.297
2025-12-13 08:46:32,067 - __main__ - INFO -   Rest features: (1160, 116)
2025-12-13 08:46:32,067 - __main__ - INFO - 
Step 2: Loading task data (TESTING)...
2025-12-13 08:46:32,068 - src.hemisphere.hemisphere_utils - INFO - Loading right hemisphere data from: /home/sjoon/projects/brain_connectivity_classifier/data/processed/hemispheres/RH_PIOP1_Gstroop.csv
2025-12-13 08:46:32,296 - src.hemisphere.hemisphere_utils - INFO -   Subjects: 200
2025-12-13 08:46:32,297 - src.hemisphere.hemisphere_utils - INFO -   Connections: 6670
2025-12-13 08:46:32,300 - src.hemisphere.hemisphere_utils - INFO - Extracting region info from: /home/sjoon/projects/brain_connectivity_classifier/data/processed/hemispheres/RH_PIOP1_Gstroop.csv
2025-12-13 08:46:32,650 - src.hemisphere.hemisphere_utils - INFO - Extracted 116 regions for right hemisphere
2025-12-13 08:46:32,651 - src.hemisphere.hemisphere_utils - INFO -   Regions: 116
2025-12-13 08:46:32,651 - src.hemisphere.hemisphere_utils - INFO - Converting to full connectivity matrices...
2025-12-13 08:46:32,667 - src.hemisphere.hemisphere_utils - INFO -   Matrix shape: (200, 116, 116)
2025-12-13 08:46:32,686 - src.hemisphere.hemisphere_utils - INFO - Connectivity validation completed
2025-12-13 08:46:32,687 - src.hemisphere.hemisphere_utils - INFO - Successfully loaded right hemisphere data
2025-12-13 08:46:32,687 - __main__ - INFO - 
============================================================
2025-12-13 08:46:32,687 - __main__ - INFO - SAMPLING MODE ACTIVATED
2025-12-13 08:46:32,687 - __main__ - INFO - ============================================================
2025-12-13 08:46:32,687 - __main__ - INFO - Selecting first 10 subjects out of 200 available
2025-12-13 08:46:32,687 - __main__ - INFO - Selected subjects: sub-0001, sub-0002, sub-0003, sub-0004, sub-0005, sub-0006, sub-0007, sub-0008, sub-0009, sub-0010
2025-12-13 08:46:32,687 - __main__ - INFO - Sampled connectivity shape: (10, 116, 116)
2025-12-13 08:46:32,687 - __main__ - INFO - Sampled subjects: 10
2025-12-13 08:46:32,687 - __main__ - INFO - ============================================================

2025-12-13 08:46:32,687 - __main__ - INFO -   Task data: 10 subjects, 116 regions
2025-12-13 08:46:32,687 - __main__ - INFO - 
Applying diagonal imputation (strategy: region_mean)...
2025-12-13 08:46:32,687 - __main__ - INFO -   Original diagonal range: [1.0000, 1.0000]
2025-12-13 08:46:32,687 - __main__ - INFO -   Original diagonal mean: 1.0000
2025-12-13 08:46:32,692 - __main__ - INFO -   Replaced diagonal with row means
2025-12-13 08:46:32,692 - __main__ - INFO -   New diagonal range: [-0.1361, 0.1837]
2025-12-13 08:46:32,692 - __main__ - INFO -   New diagonal mean: 0.0305
2025-12-13 08:46:32,692 - __main__ - INFO - 
Applying Fisher Z-transformation...
2025-12-13 08:46:32,695 - __main__ - INFO -   Value range after Fisher Z: [-1.1664, 1.4786]
2025-12-13 08:46:32,695 - __main__ - INFO -   Mean: 0.0350, Std: 0.2814
2025-12-13 08:46:32,695 - src.hemisphere.hemisphere_utils - INFO -   Removing diagonal values (self-connections) before classification
2025-12-13 08:46:32,695 - src.hemisphere.hemisphere_utils - INFO -   Original diagonal values (first subject, first 5 regions): [np.float64(0.06085067104828221), np.float64(0.07529497501560747), np.float64(0.010610299455312966), np.float64(0.0009005334298231078), np.float64(0.03764381102152011)]
2025-12-13 08:46:32,695 - src.hemisphere.hemisphere_utils - INFO -   After removal (should be all zeros): [np.float64(0.0), np.float64(0.0), np.float64(0.0), np.float64(0.0), np.float64(0.0)]
2025-12-13 08:46:32,697 - src.hemisphere.hemisphere_utils - INFO -   ✅ Diagonal removal verified - no features constant at 1.0
2025-12-13 08:46:32,697 - src.hemisphere.hemisphere_utils - INFO - Prepared classification data:
2025-12-13 08:46:32,697 - src.hemisphere.hemisphere_utils - INFO -   Features (X): (1160, 116)
2025-12-13 08:46:32,697 - src.hemisphere.hemisphere_utils - INFO -   Labels (y): (1160,)
2025-12-13 08:46:32,697 - src.hemisphere.hemisphere_utils - INFO -   Groups: (1160,)
2025-12-13 08:46:32,697 - src.hemisphere.hemisphere_utils - INFO -   Unique labels: 116
2025-12-13 08:46:32,697 - src.hemisphere.hemisphere_utils - INFO -   Unique subjects: 10
2025-12-13 08:46:32,697 - src.hemisphere.hemisphere_utils - INFO -   Feature range: [-1.166, 1.479]
2025-12-13 08:46:32,697 - src.hemisphere.hemisphere_utils - INFO -   Feature mean: 0.035, std: 0.281
2025-12-13 08:46:32,697 - __main__ - INFO -   Task features: (1160, 116)
2025-12-13 08:46:32,697 - __main__ - INFO - 
Step 3: Training final OvR model on ALL resting-state data...
2025-12-13 08:46:32,699 - __main__ - INFO -   Scaled rest data: mean=-0.0000, std=1.0000
2025-12-13 08:46:33,988 - __main__ - INFO -   OvR model trained in 1.29s
2025-12-13 08:46:33,995 - __main__ - INFO -   Rest data accuracy (training set): 1.0000
2025-12-13 08:46:33,995 - __main__ - INFO - 
Step 4: Testing on task data...
2025-12-13 08:46:33,996 - __main__ - INFO -   Scaled task data: mean=0.0059, std=0.9523
2025-12-13 08:46:34,019 - __main__ - INFO - 
Step 5: Computing task metrics...
2025-12-13 08:46:34,019 - src.evaluation.hemisphere_metrics - INFO - Computing classification metrics...
2025-12-13 08:46:34,045 - src.evaluation.hemisphere_metrics - INFO -   Accuracy: 0.6991
2025-12-13 08:46:34,045 - src.evaluation.hemisphere_metrics - INFO -   Balanced Accuracy: 0.6991
2025-12-13 08:46:34,045 - src.evaluation.hemisphere_metrics - INFO -   F1 Score: 0.7240
2025-12-13 08:46:34,045 - src.evaluation.hemisphere_metrics - INFO - Computing per-region metrics...
2025-12-13 08:46:34,045 - src.evaluation.hemisphere_metrics - INFO -   Computing metrics for 116 regions
2025-12-13 08:46:34,055 - src.evaluation.hemisphere_metrics - INFO -   Mean per-region accuracy: 0.6991
2025-12-13 08:46:34,055 - src.evaluation.hemisphere_metrics - INFO -   Std per-region accuracy: 0.2282
2025-12-13 08:46:34,055 - src.evaluation.hemisphere_metrics - INFO -   Min per-region accuracy: 0.0000
2025-12-13 08:46:34,055 - src.evaluation.hemisphere_metrics - INFO -   Max per-region accuracy: 1.0000
2025-12-13 08:46:34,055 - src.evaluation.hemisphere_metrics - INFO - Computing network-level metrics...
2025-12-13 08:46:34,056 - src.evaluation.hemisphere_metrics - INFO -   Computing metrics for 18 networks
2025-12-13 08:46:34,084 - src.evaluation.hemisphere_metrics - INFO -   Mean network accuracy: 0.7247
2025-12-13 08:46:34,084 - src.evaluation.hemisphere_metrics - INFO -   Best network: VisCent (accuracy=0.9333)
2025-12-13 08:46:34,085 - src.evaluation.hemisphere_metrics - INFO -   Worst network: Subcortical (accuracy=0.4625)
2025-12-13 08:46:34,085 - src.evaluation.hemisphere_metrics - INFO - Creating confusion matrix...
2025-12-13 08:46:34,085 - src.evaluation.hemisphere_metrics - INFO -   Confusion matrix shape: (116, 116)
2025-12-13 08:46:34,085 - src.evaluation.hemisphere_metrics - INFO -   Total predictions: 1160
2025-12-13 08:46:34,085 - src.evaluation.hemisphere_metrics - INFO -   Correct predictions (diagonal): 811
2025-12-13 08:46:34,086 - __main__ - INFO - 
Saving task testing results to: /home/sjoon/projects/brain_connectivity_classifier/data/results/hemisphere_analysis/right_hemisphere/task_testing
2025-12-13 08:46:34,106 - __main__ - INFO - 
Generating task testing visualizations...
2025-12-13 08:46:34,106 - src.visualization.hemisphere_viz - INFO - Plotting confusion matrix: (116, 116)
2025-12-13 08:46:34,127 - src.visualization.hemisphere_viz - INFO -   Added 17 network boundaries
2025-12-13 08:46:35,093 - src.visualization.hemisphere_viz - INFO -   Saved: /home/sjoon/projects/brain_connectivity_classifier/data/results/hemisphere_analysis/right_hemisphere/task_testing/task_confusion_matrix.png
2025-12-13 08:46:35,093 - src.visualization.hemisphere_viz - INFO - Plotting per-region accuracy for 116 regions
2025-12-13 08:46:35,909 - src.visualization.hemisphere_viz - INFO -   Saved: /home/sjoon/projects/brain_connectivity_classifier/data/results/hemisphere_analysis/right_hemisphere/task_testing/task_per_region_accuracy.png
2025-12-13 08:46:35,910 - src.visualization.hemisphere_viz - INFO - Plotting network accuracy for 18 networks
2025-12-13 08:46:36,309 - src.visualization.hemisphere_viz - INFO -   Saved: /home/sjoon/projects/brain_connectivity_classifier/data/results/hemisphere_analysis/right_hemisphere/task_testing/task_network_accuracy.png
2025-12-13 08:46:36,309 - __main__ - INFO - 
================================================================================
2025-12-13 08:46:36,309 - __main__ - INFO - TASK TESTING RESULTS (ONE-VS-REST)
2025-12-13 08:46:36,309 - __main__ - INFO - ================================================================================
2025-12-13 08:46:36,309 - __main__ - INFO - Rest (training) accuracy: 1.0000
2025-12-13 08:46:36,309 - __main__ - INFO - Task (testing) accuracy:  0.6991
2025-12-13 08:46:36,309 - __main__ - INFO - Accuracy drop:            0.3009 (30.1%)
2025-12-13 08:46:36,309 - __main__ - INFO - Task top-5 accuracy:      0.9155
2025-12-13 08:46:36,309 - __main__ - INFO - 
Best task network: VisCent (0.9333)
2025-12-13 08:46:36,310 - __main__ - INFO - Worst task network: Subcortical (0.4625)
2025-12-13 08:46:36,310 - __main__ - INFO - ================================================================================

2025-12-13 08:46:36,310 - __main__ - INFO - 
================================================================================
2025-12-13 08:46:36,310 - __main__ - INFO - COMPARING HEMISPHERES (ONE-VS-REST)
2025-12-13 08:46:36,310 - __main__ - INFO - ================================================================================

2025-12-13 08:46:36,311 - __main__ - INFO - Left: 0.7509, Right: 0.7672, Diff: 0.0164
2025-12-13 08:46:36,311 - __main__ - INFO - Paired t-test: t=-0.6682, p=0.5406
2025-12-13 08:46:36,311 - __main__ - INFO - 
Task Testing (OvR):
2025-12-13 08:46:36,311 - __main__ - INFO -   Left task accuracy: 0.6767
2025-12-13 08:46:36,311 - __main__ - INFO -   Right task accuracy: 0.6991
2025-12-13 08:46:36,311 - __main__ - INFO -   Left accuracy drop: 0.3233
2025-12-13 08:46:36,311 - __main__ - INFO -   Right accuracy drop: 0.3009
2025-12-13 08:46:36,313 - __main__ - INFO - Comparison saved to: /home/sjoon/projects/brain_connectivity_classifier/data/results/hemisphere_analysis/comparison_ovr
2025-12-13 08:46:36,313 - __main__ - INFO - 
================================================================================
2025-12-13 08:46:36,313 - __main__ - INFO - TRAINING COMPLETED SUCCESSFULLY (ONE-VS-REST)
2025-12-13 08:46:36,313 - __main__ - INFO - ================================================================================
2025-12-13 08:48:01,173 - __main__ - INFO - ================================================================================
2025-12-13 08:48:01,173 - __main__ - INFO - HEMISPHERE-SPECIFIC CLASSIFICATION (ONE-VS-REST)
2025-12-13 08:48:01,173 - __main__ - INFO - Preprocessing: Diagonal imputation + Fisher Z → StandardScaler
2025-12-13 08:48:01,173 - __main__ - INFO - Model: One-vs-Rest (OvR) - N binary classifiers
2025-12-13 08:48:01,173 - __main__ - INFO - Optuna: Runs on scaled full dataset
2025-12-13 08:48:01,173 - __main__ - INFO - CV: Independent scaling per fold
2025-12-13 08:48:01,173 - __main__ - INFO - Task Testing: Enabled (train on rest, test on task)
2025-12-13 08:48:01,173 - __main__ - INFO - ================================================================================
2025-12-13 08:48:01,173 - __main__ - INFO - 
================================================================================
2025-12-13 08:48:01,173 - __main__ - INFO - TRAINING LEFT HEMISPHERE (ONE-VS-REST)
2025-12-13 08:48:01,173 - __main__ - INFO - ================================================================================

2025-12-13 08:48:01,173 - __main__ - INFO - Loading hemisphere-specific data...
2025-12-13 08:48:01,174 - src.hemisphere.hemisphere_utils - INFO - Loading left hemisphere data from: /home/sjoon/projects/brain_connectivity_classifier/data/processed/hemispheres/LH_PIOP2_Restingstate.csv
2025-12-13 08:48:01,447 - src.hemisphere.hemisphere_utils - INFO -   Subjects: 224
2025-12-13 08:48:01,448 - src.hemisphere.hemisphere_utils - INFO -   Connections: 6670
2025-12-13 08:48:01,452 - src.hemisphere.hemisphere_utils - INFO - Extracting region info from: /home/sjoon/projects/brain_connectivity_classifier/data/processed/hemispheres/LH_PIOP2_Restingstate.csv
2025-12-13 08:48:01,795 - src.hemisphere.hemisphere_utils - INFO - Extracted 116 regions for left hemisphere
2025-12-13 08:48:01,795 - src.hemisphere.hemisphere_utils - INFO -   Regions: 116
2025-12-13 08:48:01,795 - src.hemisphere.hemisphere_utils - INFO - Converting to full connectivity matrices...
2025-12-13 08:48:01,813 - src.hemisphere.hemisphere_utils - INFO -   Matrix shape: (224, 116, 116)
2025-12-13 08:48:01,837 - src.hemisphere.hemisphere_utils - INFO - Connectivity validation completed
2025-12-13 08:48:01,838 - src.hemisphere.hemisphere_utils - INFO - Successfully loaded left hemisphere data
2025-12-13 08:48:01,838 - __main__ - INFO - Data loaded:
2025-12-13 08:48:01,838 - __main__ - INFO -   Subjects: 224
2025-12-13 08:48:01,838 - __main__ - INFO -   Regions: 116
2025-12-13 08:48:01,838 - __main__ - INFO -   Connectivity shape: (224, 116, 116)
2025-12-13 08:48:01,838 - __main__ - INFO - 
================================================================================
2025-12-13 08:48:01,838 - __main__ - INFO - PREPROCESSING (BEFORE CROSS-VALIDATION)
2025-12-13 08:48:01,838 - __main__ - INFO - ================================================================================
2025-12-13 08:48:01,838 - __main__ - INFO - 
Applying diagonal imputation (strategy: region_mean)...
2025-12-13 08:48:01,841 - __main__ - INFO -   Original diagonal range: [1.0000, 1.0000]
2025-12-13 08:48:01,842 - __main__ - INFO -   Original diagonal mean: 1.0000
2025-12-13 08:48:01,955 - __main__ - INFO -   Replaced diagonal with row means
2025-12-13 08:48:01,955 - __main__ - INFO -   New diagonal range: [-0.1899, 0.2207]
2025-12-13 08:48:01,955 - __main__ - INFO -   New diagonal mean: 0.0284
2025-12-13 08:48:01,955 - __main__ - INFO - 
Applying Fisher Z-transformation...
2025-12-13 08:48:02,011 - __main__ - INFO -   Value range after Fisher Z: [-1.2500, 1.8154]
2025-12-13 08:48:02,018 - __main__ - INFO -   Mean: 0.0332, Std: 0.2914
2025-12-13 08:48:02,019 - __main__ - INFO - 
Preparing classification data (flattening to features)...
2025-12-13 08:48:02,019 - src.hemisphere.hemisphere_utils - INFO -   Removing diagonal values (self-connections) before classification
2025-12-13 08:48:02,019 - src.hemisphere.hemisphere_utils - INFO -   Original diagonal values (first subject, first 5 regions): [np.float64(-0.008901612424537042), np.float64(0.027939234799402014), np.float64(0.009805427197523572), np.float64(-0.0315809333362432), np.float64(-0.008620041552882787)]
2025-12-13 08:48:02,021 - src.hemisphere.hemisphere_utils - INFO -   After removal (should be all zeros): [np.float64(0.0), np.float64(0.0), np.float64(0.0), np.float64(0.0), np.float64(0.0)]
2025-12-13 08:48:02,050 - src.hemisphere.hemisphere_utils - INFO -   ✅ Diagonal removal verified - no features constant at 1.0
2025-12-13 08:48:02,050 - src.hemisphere.hemisphere_utils - INFO - Prepared classification data:
2025-12-13 08:48:02,050 - src.hemisphere.hemisphere_utils - INFO -   Features (X): (25984, 116)
2025-12-13 08:48:02,050 - src.hemisphere.hemisphere_utils - INFO -   Labels (y): (25984,)
2025-12-13 08:48:02,050 - src.hemisphere.hemisphere_utils - INFO -   Groups: (25984,)
2025-12-13 08:48:02,050 - src.hemisphere.hemisphere_utils - INFO -   Unique labels: 116
2025-12-13 08:48:02,055 - src.hemisphere.hemisphere_utils - INFO -   Unique subjects: 224
2025-12-13 08:48:02,056 - src.hemisphere.hemisphere_utils - INFO -   Feature range: [-1.250, 1.815]
2025-12-13 08:48:02,061 - src.hemisphere.hemisphere_utils - INFO -   Feature mean: 0.033, std: 0.291
2025-12-13 08:48:02,061 - __main__ - INFO - Classification data prepared:
2025-12-13 08:48:02,061 - __main__ - INFO -   Samples (X): (25984, 116)
2025-12-13 08:48:02,061 - __main__ - INFO -   Labels (y): (25984,)
2025-12-13 08:48:02,061 - __main__ - INFO -   Classes: 116
2025-12-13 08:48:02,061 - __main__ - INFO - 
✓ Preprocessing completed
2025-12-13 08:48:02,062 - __main__ - INFO - ================================================================================
2025-12-13 08:48:02,062 - __main__ - INFO - 
Scaling full dataset for Optuna optimization...
2025-12-13 08:48:02,083 - __main__ - INFO -   Scaled data - mean: -0.0000, std: 1.0000
2025-12-13 08:48:02,083 - __main__ - INFO - 
================================================================================
2025-12-13 08:48:02,083 - __main__ - INFO - HYPERPARAMETER OPTIMIZATION WITH OPTUNA (ONE-VS-REST)
2025-12-13 08:48:02,083 - __main__ - INFO - ================================================================================
2025-12-13 08:48:02,083 - __main__ - INFO - Running Optuna on SCALED full dataset
2025-12-13 08:48:02,083 - __main__ - INFO -   Trials: 50
2025-12-13 08:48:02,083 - __main__ - INFO -   Samples: 25984
2025-12-13 08:48:02,083 - __main__ - INFO -   Features: 116
2025-12-13 08:48:02,084 - __main__ - INFO -   Classes: 116
2025-12-13 08:48:02,084 - __main__ - INFO -   NOTE: Data already scaled, using simple train/val split
2025-12-13 08:48:02,084 - __main__ - INFO - 
Starting Optuna optimization...
2025-12-13 09:37:20,863 - __main__ - INFO - ================================================================================
2025-12-13 09:37:20,863 - __main__ - INFO - HEMISPHERE-SPECIFIC CLASSIFICATION (ONE-VS-REST)
2025-12-13 09:37:20,863 - __main__ - INFO - Preprocessing: Diagonal imputation + Fisher Z → StandardScaler
2025-12-13 09:37:20,863 - __main__ - INFO - Model: One-vs-Rest (OvR) - N binary classifiers
2025-12-13 09:37:20,863 - __main__ - INFO - Optuna: Runs on scaled full dataset
2025-12-13 09:37:20,863 - __main__ - INFO - CV: Independent scaling per fold
2025-12-13 09:37:20,863 - __main__ - INFO - Task Testing: Enabled (train on rest, test on task)
2025-12-13 09:37:20,863 - __main__ - INFO - ================================================================================
2025-12-13 09:37:20,863 - __main__ - INFO - 
================================================================================
2025-12-13 09:37:20,863 - __main__ - INFO - TRAINING LEFT HEMISPHERE (ONE-VS-REST)
2025-12-13 09:37:20,863 - __main__ - INFO - ================================================================================

2025-12-13 09:37:20,863 - __main__ - INFO - Loading hemisphere-specific data...
2025-12-13 09:37:20,864 - src.hemisphere.hemisphere_utils - INFO - Loading left hemisphere data from: /home/sjoon/projects/brain_connectivity_classifier/data/processed/hemispheres/LH_PIOP2_Restingstate.csv
2025-12-13 09:37:21,135 - src.hemisphere.hemisphere_utils - INFO -   Subjects: 224
2025-12-13 09:37:21,135 - src.hemisphere.hemisphere_utils - INFO -   Connections: 6670
2025-12-13 09:37:21,139 - src.hemisphere.hemisphere_utils - INFO - Extracting region info from: /home/sjoon/projects/brain_connectivity_classifier/data/processed/hemispheres/LH_PIOP2_Restingstate.csv
2025-12-13 09:37:21,483 - src.hemisphere.hemisphere_utils - INFO - Extracted 116 regions for left hemisphere
2025-12-13 09:37:21,483 - src.hemisphere.hemisphere_utils - INFO -   Regions: 116
2025-12-13 09:37:21,483 - src.hemisphere.hemisphere_utils - INFO - Converting to full connectivity matrices...
2025-12-13 09:37:21,500 - src.hemisphere.hemisphere_utils - INFO -   Matrix shape: (224, 116, 116)
2025-12-13 09:37:21,524 - src.hemisphere.hemisphere_utils - INFO - Connectivity validation completed
2025-12-13 09:37:21,524 - src.hemisphere.hemisphere_utils - INFO - Successfully loaded left hemisphere data
2025-12-13 09:37:21,525 - __main__ - INFO - Data loaded:
2025-12-13 09:37:21,525 - __main__ - INFO -   Subjects: 224
2025-12-13 09:37:21,525 - __main__ - INFO -   Regions: 116
2025-12-13 09:37:21,525 - __main__ - INFO -   Connectivity shape: (224, 116, 116)
2025-12-13 09:37:21,525 - __main__ - INFO - 
================================================================================
2025-12-13 09:37:21,525 - __main__ - INFO - PREPROCESSING (BEFORE CROSS-VALIDATION)
2025-12-13 09:37:21,525 - __main__ - INFO - ================================================================================
2025-12-13 09:37:21,525 - __main__ - INFO - 
Applying diagonal imputation (strategy: region_mean)...
2025-12-13 09:37:21,529 - __main__ - INFO -   Original diagonal range: [1.0000, 1.0000]
2025-12-13 09:37:21,529 - __main__ - INFO -   Original diagonal mean: 1.0000
2025-12-13 09:37:21,643 - __main__ - INFO -   Replaced diagonal with row means
2025-12-13 09:37:21,643 - __main__ - INFO -   New diagonal range: [-0.1899, 0.2207]
2025-12-13 09:37:21,643 - __main__ - INFO -   New diagonal mean: 0.0284
2025-12-13 09:37:21,643 - __main__ - INFO - 
Applying Fisher Z-transformation...
2025-12-13 09:37:21,699 - __main__ - INFO -   Value range after Fisher Z: [-1.2500, 1.8154]
2025-12-13 09:37:21,706 - __main__ - INFO -   Mean: 0.0332, Std: 0.2914
2025-12-13 09:37:21,707 - __main__ - INFO - 
Preparing classification data (flattening to features)...
2025-12-13 09:37:21,707 - src.hemisphere.hemisphere_utils - INFO -   Removing diagonal values (self-connections) before classification
2025-12-13 09:37:21,707 - src.hemisphere.hemisphere_utils - INFO -   Original diagonal values (first subject, first 5 regions): [np.float64(-0.008901612424537042), np.float64(0.027939234799402014), np.float64(0.009805427197523572), np.float64(-0.0315809333362432), np.float64(-0.008620041552882787)]
2025-12-13 09:37:21,710 - src.hemisphere.hemisphere_utils - INFO -   After removal (should be all zeros): [np.float64(0.0), np.float64(0.0), np.float64(0.0), np.float64(0.0), np.float64(0.0)]
2025-12-13 09:37:21,738 - src.hemisphere.hemisphere_utils - INFO -   ✅ Diagonal removal verified - no features constant at 1.0
2025-12-13 09:37:21,738 - src.hemisphere.hemisphere_utils - INFO - Prepared classification data:
2025-12-13 09:37:21,738 - src.hemisphere.hemisphere_utils - INFO -   Features (X): (25984, 116)
2025-12-13 09:37:21,738 - src.hemisphere.hemisphere_utils - INFO -   Labels (y): (25984,)
2025-12-13 09:37:21,738 - src.hemisphere.hemisphere_utils - INFO -   Groups: (25984,)
2025-12-13 09:37:21,738 - src.hemisphere.hemisphere_utils - INFO -   Unique labels: 116
2025-12-13 09:37:21,744 - src.hemisphere.hemisphere_utils - INFO -   Unique subjects: 224
2025-12-13 09:37:21,744 - src.hemisphere.hemisphere_utils - INFO -   Feature range: [-1.250, 1.815]
2025-12-13 09:37:21,749 - src.hemisphere.hemisphere_utils - INFO -   Feature mean: 0.033, std: 0.291
2025-12-13 09:37:21,750 - __main__ - INFO - Classification data prepared:
2025-12-13 09:37:21,750 - __main__ - INFO -   Samples (X): (25984, 116)
2025-12-13 09:37:21,750 - __main__ - INFO -   Labels (y): (25984,)
2025-12-13 09:37:21,750 - __main__ - INFO -   Classes: 116
2025-12-13 09:37:21,750 - __main__ - INFO - 
✓ Preprocessing completed
2025-12-13 09:37:21,750 - __main__ - INFO - ================================================================================
2025-12-13 09:37:21,750 - __main__ - INFO - 
Scaling full dataset for Optuna optimization...
2025-12-13 09:37:21,771 - __main__ - INFO -   Scaled data - mean: -0.0000, std: 1.0000
2025-12-13 09:37:21,771 - __main__ - INFO - 
================================================================================
2025-12-13 09:37:21,771 - __main__ - INFO - HYPERPARAMETER OPTIMIZATION WITH OPTUNA (ONE-VS-REST)
2025-12-13 09:37:21,771 - __main__ - INFO - ================================================================================
2025-12-13 09:37:21,771 - __main__ - INFO - Running Optuna on SCALED full dataset
2025-12-13 09:37:21,771 - __main__ - INFO -   Trials: 50
2025-12-13 09:37:21,771 - __main__ - INFO -   Samples: 25984
2025-12-13 09:37:21,771 - __main__ - INFO -   Features: 116
2025-12-13 09:37:21,771 - __main__ - INFO -   Classes: 116
2025-12-13 09:37:21,772 - __main__ - INFO -   NOTE: Data already scaled, using simple train/val split
2025-12-13 09:37:21,772 - __main__ - INFO - 
Starting Optuna optimization...
2025-12-13 09:41:40,361 - __main__ - INFO - ================================================================================
2025-12-13 09:41:40,361 - __main__ - INFO - HEMISPHERE-SPECIFIC CLASSIFICATION (ONE-VS-REST)
2025-12-13 09:41:40,361 - __main__ - INFO - Preprocessing: Diagonal imputation + Fisher Z → StandardScaler
2025-12-13 09:41:40,361 - __main__ - INFO - Model: One-vs-Rest (OvR) - N binary classifiers
2025-12-13 09:41:40,361 - __main__ - INFO - Optuna: Runs on scaled full dataset
2025-12-13 09:41:40,361 - __main__ - INFO - CV: Independent scaling per fold
2025-12-13 09:41:40,361 - __main__ - INFO - Task Testing: Enabled (train on rest, test on task)
2025-12-13 09:41:40,361 - __main__ - INFO - ================================================================================
2025-12-13 09:41:40,361 - __main__ - INFO - 
================================================================================
2025-12-13 09:41:40,361 - __main__ - INFO - TRAINING LEFT HEMISPHERE (ONE-VS-REST)
2025-12-13 09:41:40,361 - __main__ - INFO - ================================================================================

2025-12-13 09:41:40,362 - __main__ - INFO - Loading hemisphere-specific data...
2025-12-13 09:41:40,362 - src.hemisphere.hemisphere_utils - INFO - Loading left hemisphere data from: /home/sjoon/projects/brain_connectivity_classifier/data/processed/hemispheres/LH_PIOP2_Restingstate.csv
2025-12-13 09:41:40,634 - src.hemisphere.hemisphere_utils - INFO -   Subjects: 224
2025-12-13 09:41:40,634 - src.hemisphere.hemisphere_utils - INFO -   Connections: 6670
2025-12-13 09:41:40,638 - src.hemisphere.hemisphere_utils - INFO - Extracting region info from: /home/sjoon/projects/brain_connectivity_classifier/data/processed/hemispheres/LH_PIOP2_Restingstate.csv
2025-12-13 09:41:40,980 - src.hemisphere.hemisphere_utils - INFO - Extracted 116 regions for left hemisphere
2025-12-13 09:41:40,980 - src.hemisphere.hemisphere_utils - INFO -   Regions: 116
2025-12-13 09:41:40,980 - src.hemisphere.hemisphere_utils - INFO - Converting to full connectivity matrices...
2025-12-13 09:41:40,998 - src.hemisphere.hemisphere_utils - INFO -   Matrix shape: (224, 116, 116)
2025-12-13 09:41:41,022 - src.hemisphere.hemisphere_utils - INFO - Connectivity validation completed
2025-12-13 09:41:41,022 - src.hemisphere.hemisphere_utils - INFO - Successfully loaded left hemisphere data
2025-12-13 09:41:41,023 - __main__ - INFO - Data loaded:
2025-12-13 09:41:41,023 - __main__ - INFO -   Subjects: 224
2025-12-13 09:41:41,023 - __main__ - INFO -   Regions: 116
2025-12-13 09:41:41,023 - __main__ - INFO -   Connectivity shape: (224, 116, 116)
2025-12-13 09:41:41,023 - __main__ - INFO - 
================================================================================
2025-12-13 09:41:41,023 - __main__ - INFO - PREPROCESSING (BEFORE CROSS-VALIDATION)
2025-12-13 09:41:41,023 - __main__ - INFO - ================================================================================
2025-12-13 09:41:41,023 - __main__ - INFO - 
Applying diagonal imputation (strategy: region_mean)...
2025-12-13 09:41:41,027 - __main__ - INFO -   Original diagonal range: [1.0000, 1.0000]
2025-12-13 09:41:41,027 - __main__ - INFO -   Original diagonal mean: 1.0000
2025-12-13 09:41:41,139 - __main__ - INFO -   Replaced diagonal with row means
2025-12-13 09:41:41,139 - __main__ - INFO -   New diagonal range: [-0.1899, 0.2207]
2025-12-13 09:41:41,140 - __main__ - INFO -   New diagonal mean: 0.0284
2025-12-13 09:41:41,140 - __main__ - INFO - 
Applying Fisher Z-transformation...
2025-12-13 09:41:41,195 - __main__ - INFO -   Value range after Fisher Z: [-1.2500, 1.8154]
2025-12-13 09:41:41,201 - __main__ - INFO -   Mean: 0.0332, Std: 0.2914
2025-12-13 09:41:41,201 - __main__ - INFO - 
Preparing classification data (flattening to features)...
2025-12-13 09:41:41,201 - src.hemisphere.hemisphere_utils - INFO -   Removing diagonal values (self-connections) before classification
2025-12-13 09:41:41,202 - src.hemisphere.hemisphere_utils - INFO -   Original diagonal values (first subject, first 5 regions): [np.float64(-0.008901612424537042), np.float64(0.027939234799402014), np.float64(0.009805427197523572), np.float64(-0.0315809333362432), np.float64(-0.008620041552882787)]
2025-12-13 09:41:41,205 - src.hemisphere.hemisphere_utils - INFO -   After removal (should be all zeros): [np.float64(0.0), np.float64(0.0), np.float64(0.0), np.float64(0.0), np.float64(0.0)]
2025-12-13 09:41:41,233 - src.hemisphere.hemisphere_utils - INFO -   ✅ Diagonal removal verified - no features constant at 1.0
2025-12-13 09:41:41,233 - src.hemisphere.hemisphere_utils - INFO - Prepared classification data:
2025-12-13 09:41:41,233 - src.hemisphere.hemisphere_utils - INFO -   Features (X): (25984, 116)
2025-12-13 09:41:41,233 - src.hemisphere.hemisphere_utils - INFO -   Labels (y): (25984,)
2025-12-13 09:41:41,233 - src.hemisphere.hemisphere_utils - INFO -   Groups: (25984,)
2025-12-13 09:41:41,234 - src.hemisphere.hemisphere_utils - INFO -   Unique labels: 116
2025-12-13 09:41:41,239 - src.hemisphere.hemisphere_utils - INFO -   Unique subjects: 224
2025-12-13 09:41:41,240 - src.hemisphere.hemisphere_utils - INFO -   Feature range: [-1.250, 1.815]
2025-12-13 09:41:41,245 - src.hemisphere.hemisphere_utils - INFO -   Feature mean: 0.033, std: 0.291
2025-12-13 09:41:41,246 - __main__ - INFO - Classification data prepared:
2025-12-13 09:41:41,246 - __main__ - INFO -   Samples (X): (25984, 116)
2025-12-13 09:41:41,246 - __main__ - INFO -   Labels (y): (25984,)
2025-12-13 09:41:41,246 - __main__ - INFO -   Classes: 116
2025-12-13 09:41:41,246 - __main__ - INFO - 
✓ Preprocessing completed
2025-12-13 09:41:41,246 - __main__ - INFO - ================================================================================
2025-12-13 09:41:41,246 - __main__ - INFO - 
Scaling full dataset for Optuna optimization...
2025-12-13 09:41:41,267 - __main__ - INFO -   Scaled data - mean: -0.0000, std: 1.0000
2025-12-13 09:41:41,267 - __main__ - INFO - 
================================================================================
2025-12-13 09:41:41,267 - __main__ - INFO - HYPERPARAMETER OPTIMIZATION WITH OPTUNA (ONE-VS-REST)
2025-12-13 09:41:41,267 - __main__ - INFO - ================================================================================
2025-12-13 09:41:41,267 - __main__ - INFO - Running Optuna on SCALED full dataset
2025-12-13 09:41:41,267 - __main__ - INFO -   Trials: 50
2025-12-13 09:41:41,267 - __main__ - INFO -   Samples: 25984
2025-12-13 09:41:41,268 - __main__ - INFO -   Features: 116
2025-12-13 09:41:41,268 - __main__ - INFO -   Classes: 116
2025-12-13 09:41:41,268 - __main__ - INFO -   NOTE: Data already scaled, using simple train/val split
2025-12-13 09:41:41,268 - __main__ - INFO - 
Starting Optuna optimization...
2025-12-13 10:09:41,392 - __main__ - INFO - 
Optuna optimization completed in 1680.12s
2025-12-13 10:09:41,392 - __main__ - INFO - 
✓ Best hyperparameters found:
2025-12-13 10:09:41,392 - __main__ - INFO -   • C: 0.246377
2025-12-13 10:09:41,393 - __main__ - INFO -   • max_iter: 200
2025-12-13 10:09:41,393 - __main__ - INFO -   • solver: saga
2025-12-13 10:09:41,393 - __main__ - INFO -   • Best validation score: 0.9404
2025-12-13 10:09:41,393 - __main__ - INFO - 
Top 5 trials:
2025-12-13 10:09:41,398 - __main__ - INFO -   1. Trial 9: score=0.9404, C=0.2464, solver=saga, max_iter=200
2025-12-13 10:09:41,398 - __main__ - INFO -   2. Trial 21: score=0.9404, C=0.4504, solver=lbfgs, max_iter=1000
2025-12-13 10:09:41,398 - __main__ - INFO -   3. Trial 33: score=0.9404, C=0.5290, solver=lbfgs, max_iter=1000
2025-12-13 10:09:41,398 - __main__ - INFO -   4. Trial 42: score=0.9404, C=0.4494, solver=lbfgs, max_iter=1000
2025-12-13 10:09:41,398 - __main__ - INFO -   5. Trial 26: score=0.9402, C=0.3764, solver=lbfgs, max_iter=1000
2025-12-13 10:09:41,398 - __main__ - INFO - ================================================================================

2025-12-13 10:09:41,398 - __main__ - INFO - 
================================================================================
2025-12-13 10:09:41,399 - __main__ - INFO - CROSS-VALIDATION WITH FOLD-WISE SCALING (ONE-VS-REST)
2025-12-13 10:09:41,399 - __main__ - INFO - ================================================================================
2025-12-13 10:09:41,399 - __main__ - INFO - Using hyperparameters: C=0.246377, solver=saga, max_iter=200
2025-12-13 10:09:41,399 - __main__ - INFO - Running 5-fold GroupKFold cross-validation...
2025-12-13 10:09:41,399 - __main__ - INFO - Note: StandardScaler fit independently on each fold's training data

2025-12-13 10:09:41,406 - __main__ - INFO - Fold 1/5
2025-12-13 10:09:41,406 - __main__ - INFO -   Train samples: 20764, Test samples: 5220
2025-12-13 10:09:41,412 - __main__ - INFO -   Train subjects: 179, Test subjects: 45
2025-12-13 10:09:41,412 - __main__ - INFO -   Preprocessing fold data (StandardScaler only)...
2025-12-13 10:09:41,413 - __main__ - INFO -   Input shapes - Train: (20764, 116), Test: (5220, 116)
2025-12-13 10:09:41,430 - __main__ - INFO -   Scaled shapes - Train: (20764, 116), Test: (5220, 116)
2025-12-13 10:09:41,430 - __main__ - INFO -   Training OvR with C=0.246377, solver=saga...
2025-12-13 10:09:57,193 - __main__ - INFO -   Predicting on test set...
2025-12-13 10:09:58,561 - __main__ - INFO -   Fold accuracy: 0.9192
2025-12-13 10:09:58,561 - __main__ - INFO -   Fold balanced accuracy: 0.9192
2025-12-13 10:09:58,561 - __main__ - INFO -   Fold time: 17.16s

2025-12-13 10:09:58,562 - __main__ - INFO - Fold 2/5
2025-12-13 10:09:58,562 - __main__ - INFO -   Train samples: 20764, Test samples: 5220
2025-12-13 10:09:58,567 - __main__ - INFO -   Train subjects: 179, Test subjects: 45
2025-12-13 10:09:58,567 - __main__ - INFO -   Preprocessing fold data (StandardScaler only)...
2025-12-13 10:09:58,567 - __main__ - INFO -   Input shapes - Train: (20764, 116), Test: (5220, 116)
2025-12-13 10:09:58,584 - __main__ - INFO -   Scaled shapes - Train: (20764, 116), Test: (5220, 116)
2025-12-13 10:09:58,584 - __main__ - INFO -   Training OvR with C=0.246377, solver=saga...
2025-12-13 10:10:14,283 - __main__ - INFO -   Predicting on test set...
2025-12-13 10:10:14,639 - __main__ - INFO -   Fold accuracy: 0.9289
2025-12-13 10:10:14,640 - __main__ - INFO -   Fold balanced accuracy: 0.9289
2025-12-13 10:10:14,640 - __main__ - INFO -   Fold time: 16.08s

2025-12-13 10:10:14,640 - __main__ - INFO - Fold 3/5
2025-12-13 10:10:14,640 - __main__ - INFO -   Train samples: 20764, Test samples: 5220
2025-12-13 10:10:14,644 - __main__ - INFO -   Train subjects: 179, Test subjects: 45
2025-12-13 10:10:14,644 - __main__ - INFO -   Preprocessing fold data (StandardScaler only)...
2025-12-13 10:10:14,644 - __main__ - INFO -   Input shapes - Train: (20764, 116), Test: (5220, 116)
2025-12-13 10:10:14,658 - __main__ - INFO -   Scaled shapes - Train: (20764, 116), Test: (5220, 116)
2025-12-13 10:10:14,658 - __main__ - INFO -   Training OvR with C=0.246377, solver=saga...
2025-12-13 10:10:30,147 - __main__ - INFO -   Predicting on test set...
2025-12-13 10:10:30,274 - __main__ - INFO -   Fold accuracy: 0.9239
2025-12-13 10:10:30,274 - __main__ - INFO -   Fold balanced accuracy: 0.9239
2025-12-13 10:10:30,274 - __main__ - INFO -   Fold time: 15.63s

2025-12-13 10:10:30,275 - __main__ - INFO - Fold 4/5
2025-12-13 10:10:30,275 - __main__ - INFO -   Train samples: 20764, Test samples: 5220
2025-12-13 10:10:30,278 - __main__ - INFO -   Train subjects: 179, Test subjects: 45
2025-12-13 10:10:30,278 - __main__ - INFO -   Preprocessing fold data (StandardScaler only)...
2025-12-13 10:10:30,278 - __main__ - INFO -   Input shapes - Train: (20764, 116), Test: (5220, 116)
2025-12-13 10:10:30,292 - __main__ - INFO -   Scaled shapes - Train: (20764, 116), Test: (5220, 116)
2025-12-13 10:10:30,292 - __main__ - INFO -   Training OvR with C=0.246377, solver=saga...
2025-12-13 10:10:45,319 - __main__ - INFO -   Predicting on test set...
2025-12-13 10:10:45,520 - __main__ - INFO -   Fold accuracy: 0.9259
2025-12-13 10:10:45,520 - __main__ - INFO -   Fold balanced accuracy: 0.9259
2025-12-13 10:10:45,520 - __main__ - INFO -   Fold time: 15.25s

2025-12-13 10:10:45,521 - __main__ - INFO - Fold 5/5
2025-12-13 10:10:45,521 - __main__ - INFO -   Train samples: 20880, Test samples: 5104
2025-12-13 10:10:45,525 - __main__ - INFO -   Train subjects: 180, Test subjects: 44
2025-12-13 10:10:45,525 - __main__ - INFO -   Preprocessing fold data (StandardScaler only)...
2025-12-13 10:10:45,525 - __main__ - INFO -   Input shapes - Train: (20880, 116), Test: (5104, 116)
2025-12-13 10:10:45,539 - __main__ - INFO -   Scaled shapes - Train: (20880, 116), Test: (5104, 116)
2025-12-13 10:10:45,540 - __main__ - INFO -   Training OvR with C=0.246377, solver=saga...
2025-12-13 10:11:01,195 - __main__ - INFO -   Predicting on test set...
2025-12-13 10:11:02,156 - __main__ - INFO -   Fold accuracy: 0.9152
2025-12-13 10:11:02,156 - __main__ - INFO -   Fold balanced accuracy: 0.9152
2025-12-13 10:11:02,156 - __main__ - INFO -   Fold time: 16.64s

2025-12-13 10:11:02,157 - __main__ - INFO - Cross-validation completed in 80.76s

2025-12-13 10:11:02,163 - __main__ - INFO - Computing overall metrics...
2025-12-13 10:11:02,163 - src.evaluation.hemisphere_metrics - INFO - Computing classification metrics...
2025-12-13 10:11:02,346 - src.evaluation.hemisphere_metrics - INFO -   Accuracy: 0.9226
2025-12-13 10:11:02,346 - src.evaluation.hemisphere_metrics - INFO -   Balanced Accuracy: 0.9226
2025-12-13 10:11:02,346 - src.evaluation.hemisphere_metrics - INFO -   F1 Score: 0.9228
2025-12-13 10:11:02,346 - __main__ - INFO - 
OVERALL RESULTS (LEFT HEMISPHERE - ONE-VS-REST):
2025-12-13 10:11:02,346 - __main__ - INFO -   Mean CV Accuracy: 0.9226
2025-12-13 10:11:02,346 - __main__ - INFO -   Mean CV Balanced Accuracy: 0.9226
2025-12-13 10:11:02,346 - __main__ - INFO -   Top-5 Accuracy: 0.9837207512315271
2025-12-13 10:11:02,346 - __main__ - INFO - 
  Hyperparameters (from Optuna):
2025-12-13 10:11:02,346 - __main__ - INFO -     C: 0.246377, solver: saga, max_iter: 200
2025-12-13 10:11:02,346 - __main__ - INFO -     Optuna validation score: 0.9404
2025-12-13 10:11:02,346 - __main__ - INFO - 
Computing per-region metrics...
2025-12-13 10:11:02,347 - src.evaluation.hemisphere_metrics - INFO - Computing per-region metrics...
2025-12-13 10:11:02,347 - src.evaluation.hemisphere_metrics - INFO -   Computing metrics for 116 regions
2025-12-13 10:11:02,352 - src.evaluation.hemisphere_metrics - INFO -   Mean per-region accuracy: 0.9226
2025-12-13 10:11:02,352 - src.evaluation.hemisphere_metrics - INFO -   Std per-region accuracy: 0.0896
2025-12-13 10:11:02,352 - src.evaluation.hemisphere_metrics - INFO -   Min per-region accuracy: 0.4911
2025-12-13 10:11:02,352 - src.evaluation.hemisphere_metrics - INFO -   Max per-region accuracy: 1.0000
2025-12-13 10:11:02,353 - __main__ - INFO - Computing network-level metrics...
2025-12-13 10:11:02,353 - src.evaluation.hemisphere_metrics - INFO - Computing network-level metrics...
2025-12-13 10:11:02,362 - src.evaluation.hemisphere_metrics - INFO -   Computing metrics for 18 networks
2025-12-13 10:11:02,391 - src.evaluation.hemisphere_metrics - INFO -   Mean network accuracy: 0.9278
2025-12-13 10:11:02,391 - src.evaluation.hemisphere_metrics - INFO -   Best network: SalVentAttnA (accuracy=0.9790)
2025-12-13 10:11:02,392 - src.evaluation.hemisphere_metrics - INFO -   Worst network: LimbicA (accuracy=0.7634)
2025-12-13 10:11:02,392 - __main__ - INFO - Creating confusion matrix...
2025-12-13 10:11:02,392 - src.evaluation.hemisphere_metrics - INFO - Creating confusion matrix...
2025-12-13 10:11:02,392 - src.evaluation.hemisphere_metrics - INFO -   Confusion matrix shape: (116, 116)
2025-12-13 10:11:02,392 - src.evaluation.hemisphere_metrics - INFO -   Total predictions: 25984
2025-12-13 10:11:02,392 - src.evaluation.hemisphere_metrics - INFO -   Correct predictions (diagonal): 23974
2025-12-13 10:11:02,392 - __main__ - INFO - 
Saving results...
2025-12-13 10:11:02,441 - __main__ - INFO - 
Generating visualizations...
2025-12-13 10:11:02,442 - src.visualization.hemisphere_viz - INFO - Plotting confusion matrix: (116, 116)
2025-12-13 10:11:02,473 - src.visualization.hemisphere_viz - INFO -   Added 17 network boundaries
2025-12-13 10:11:03,410 - src.visualization.hemisphere_viz - INFO -   Saved: /home/sjoon/projects/brain_connectivity_classifier/data/results/hemisphere_analysis/left_hemisphere/ovr/confusion_matrix.png
2025-12-13 10:11:03,411 - src.visualization.hemisphere_viz - INFO - Plotting per-region accuracy for 116 regions
2025-12-13 10:11:04,227 - src.visualization.hemisphere_viz - INFO -   Saved: /home/sjoon/projects/brain_connectivity_classifier/data/results/hemisphere_analysis/left_hemisphere/ovr/per_region_accuracy.png
2025-12-13 10:11:04,228 - src.visualization.hemisphere_viz - INFO - Plotting network accuracy for 18 networks
2025-12-13 10:11:04,632 - src.visualization.hemisphere_viz - INFO -   Saved: /home/sjoon/projects/brain_connectivity_classifier/data/results/hemisphere_analysis/left_hemisphere/ovr/network_accuracy.png
2025-12-13 10:11:04,632 - __main__ - INFO - All results saved to: /home/sjoon/projects/brain_connectivity_classifier/data/results/hemisphere_analysis/left_hemisphere/ovr
2025-12-13 10:11:04,632 - __main__ - INFO - 
================================================================================
2025-12-13 10:11:04,632 - __main__ - INFO - TESTING ON TASK DATA (GENDER STROOP) - ONE-VS-REST
2025-12-13 10:11:04,632 - __main__ - INFO - ================================================================================
2025-12-13 10:11:04,632 - __main__ - INFO - Training final OvR model on ALL resting-state data
2025-12-13 10:11:04,632 - __main__ - INFO - Then testing on task data to measure generalization

2025-12-13 10:11:04,632 - __main__ - INFO - Step 1: Loading resting-state data (TRAINING)...
2025-12-13 10:11:04,633 - src.hemisphere.hemisphere_utils - INFO - Loading left hemisphere data from: /home/sjoon/projects/brain_connectivity_classifier/data/processed/hemispheres/LH_PIOP2_Restingstate.csv
2025-12-13 10:11:04,986 - src.hemisphere.hemisphere_utils - INFO -   Subjects: 224
2025-12-13 10:11:04,986 - src.hemisphere.hemisphere_utils - INFO -   Connections: 6670
2025-12-13 10:11:04,991 - src.hemisphere.hemisphere_utils - INFO - Extracting region info from: /home/sjoon/projects/brain_connectivity_classifier/data/processed/hemispheres/LH_PIOP2_Restingstate.csv
2025-12-13 10:11:05,333 - src.hemisphere.hemisphere_utils - INFO - Extracted 116 regions for left hemisphere
2025-12-13 10:11:05,333 - src.hemisphere.hemisphere_utils - INFO -   Regions: 116
2025-12-13 10:11:05,333 - src.hemisphere.hemisphere_utils - INFO - Converting to full connectivity matrices...
2025-12-13 10:11:05,352 - src.hemisphere.hemisphere_utils - INFO -   Matrix shape: (224, 116, 116)
2025-12-13 10:11:05,375 - src.hemisphere.hemisphere_utils - INFO - Connectivity validation completed
2025-12-13 10:11:05,375 - src.hemisphere.hemisphere_utils - INFO - Successfully loaded left hemisphere data
2025-12-13 10:11:05,375 - __main__ - INFO -   Rest data: 224 subjects, 116 regions
2025-12-13 10:11:05,375 - __main__ - INFO - 
Applying diagonal imputation (strategy: region_mean)...
2025-12-13 10:11:05,377 - __main__ - INFO -   Original diagonal range: [1.0000, 1.0000]
2025-12-13 10:11:05,377 - __main__ - INFO -   Original diagonal mean: 1.0000
2025-12-13 10:11:05,493 - __main__ - INFO -   Replaced diagonal with row means
2025-12-13 10:11:05,493 - __main__ - INFO -   New diagonal range: [-0.1899, 0.2207]
2025-12-13 10:11:05,493 - __main__ - INFO -   New diagonal mean: 0.0284
2025-12-13 10:11:05,493 - __main__ - INFO - 
Applying Fisher Z-transformation...
2025-12-13 10:11:05,547 - __main__ - INFO -   Value range after Fisher Z: [-1.2500, 1.8154]
2025-12-13 10:11:05,554 - __main__ - INFO -   Mean: 0.0332, Std: 0.2914
2025-12-13 10:11:05,554 - src.hemisphere.hemisphere_utils - INFO -   Removing diagonal values (self-connections) before classification
2025-12-13 10:11:05,554 - src.hemisphere.hemisphere_utils - INFO -   Original diagonal values (first subject, first 5 regions): [np.float64(-0.008901612424537042), np.float64(0.027939234799402014), np.float64(0.009805427197523572), np.float64(-0.0315809333362432), np.float64(-0.008620041552882787)]
2025-12-13 10:11:05,557 - src.hemisphere.hemisphere_utils - INFO -   After removal (should be all zeros): [np.float64(0.0), np.float64(0.0), np.float64(0.0), np.float64(0.0), np.float64(0.0)]
2025-12-13 10:11:05,584 - src.hemisphere.hemisphere_utils - INFO -   ✅ Diagonal removal verified - no features constant at 1.0
2025-12-13 10:11:05,584 - src.hemisphere.hemisphere_utils - INFO - Prepared classification data:
2025-12-13 10:11:05,584 - src.hemisphere.hemisphere_utils - INFO -   Features (X): (25984, 116)
2025-12-13 10:11:05,584 - src.hemisphere.hemisphere_utils - INFO -   Labels (y): (25984,)
2025-12-13 10:11:05,584 - src.hemisphere.hemisphere_utils - INFO -   Groups: (25984,)
2025-12-13 10:11:05,585 - src.hemisphere.hemisphere_utils - INFO -   Unique labels: 116
2025-12-13 10:11:05,590 - src.hemisphere.hemisphere_utils - INFO -   Unique subjects: 224
2025-12-13 10:11:05,591 - src.hemisphere.hemisphere_utils - INFO -   Feature range: [-1.250, 1.815]
2025-12-13 10:11:05,595 - src.hemisphere.hemisphere_utils - INFO -   Feature mean: 0.033, std: 0.291
2025-12-13 10:11:05,596 - __main__ - INFO -   Rest features: (25984, 116)
2025-12-13 10:11:05,596 - __main__ - INFO - 
Step 2: Loading task data (TESTING)...
2025-12-13 10:11:05,597 - src.hemisphere.hemisphere_utils - INFO - Loading left hemisphere data from: /home/sjoon/projects/brain_connectivity_classifier/data/processed/hemispheres/LH_PIOP1_Gstroop.csv
2025-12-13 10:11:05,830 - src.hemisphere.hemisphere_utils - INFO -   Subjects: 200
2025-12-13 10:11:05,830 - src.hemisphere.hemisphere_utils - INFO -   Connections: 6670
2025-12-13 10:11:05,833 - src.hemisphere.hemisphere_utils - INFO - Extracting region info from: /home/sjoon/projects/brain_connectivity_classifier/data/processed/hemispheres/LH_PIOP1_Gstroop.csv
2025-12-13 10:11:06,187 - src.hemisphere.hemisphere_utils - INFO - Extracted 116 regions for left hemisphere
2025-12-13 10:11:06,187 - src.hemisphere.hemisphere_utils - INFO -   Regions: 116
2025-12-13 10:11:06,187 - src.hemisphere.hemisphere_utils - INFO - Converting to full connectivity matrices...
2025-12-13 10:11:06,204 - src.hemisphere.hemisphere_utils - INFO -   Matrix shape: (200, 116, 116)
2025-12-13 10:11:06,222 - src.hemisphere.hemisphere_utils - INFO - Connectivity validation completed
2025-12-13 10:11:06,222 - src.hemisphere.hemisphere_utils - INFO - Successfully loaded left hemisphere data
2025-12-13 10:11:06,222 - __main__ - INFO -   Task data: 200 subjects, 116 regions
2025-12-13 10:11:06,222 - __main__ - INFO - 
Applying diagonal imputation (strategy: region_mean)...
2025-12-13 10:11:06,224 - __main__ - INFO -   Original diagonal range: [1.0000, 1.0000]
2025-12-13 10:11:06,224 - __main__ - INFO -   Original diagonal mean: 1.0000
2025-12-13 10:11:06,326 - __main__ - INFO -   Replaced diagonal with row means
2025-12-13 10:11:06,326 - __main__ - INFO -   New diagonal range: [-0.1799, 0.3280]
2025-12-13 10:11:06,327 - __main__ - INFO -   New diagonal mean: 0.0284
2025-12-13 10:11:06,327 - __main__ - INFO - 
Applying Fisher Z-transformation...
2025-12-13 10:11:06,374 - __main__ - INFO -   Value range after Fisher Z: [-1.2080, 1.8408]
2025-12-13 10:11:06,380 - __main__ - INFO -   Mean: 0.0329, Std: 0.2800
2025-12-13 10:11:06,380 - src.hemisphere.hemisphere_utils - INFO -   Removing diagonal values (self-connections) before classification
2025-12-13 10:11:06,380 - src.hemisphere.hemisphere_utils - INFO -   Original diagonal values (first subject, first 5 regions): [np.float64(0.03756400419430058), np.float64(-0.006281433432417364), np.float64(-0.04253120820455031), np.float64(0.021136027062215127), np.float64(0.022268923864492588)]
2025-12-13 10:11:06,383 - src.hemisphere.hemisphere_utils - INFO -   After removal (should be all zeros): [np.float64(0.0), np.float64(0.0), np.float64(0.0), np.float64(0.0), np.float64(0.0)]
2025-12-13 10:11:06,407 - src.hemisphere.hemisphere_utils - INFO -   ✅ Diagonal removal verified - no features constant at 1.0
2025-12-13 10:11:06,407 - src.hemisphere.hemisphere_utils - INFO - Prepared classification data:
2025-12-13 10:11:06,407 - src.hemisphere.hemisphere_utils - INFO -   Features (X): (23200, 116)
2025-12-13 10:11:06,407 - src.hemisphere.hemisphere_utils - INFO -   Labels (y): (23200,)
2025-12-13 10:11:06,407 - src.hemisphere.hemisphere_utils - INFO -   Groups: (23200,)
2025-12-13 10:11:06,407 - src.hemisphere.hemisphere_utils - INFO -   Unique labels: 116
2025-12-13 10:11:06,412 - src.hemisphere.hemisphere_utils - INFO -   Unique subjects: 200
2025-12-13 10:11:06,413 - src.hemisphere.hemisphere_utils - INFO -   Feature range: [-1.208, 1.841]
2025-12-13 10:11:06,417 - src.hemisphere.hemisphere_utils - INFO -   Feature mean: 0.033, std: 0.280
2025-12-13 10:11:06,417 - __main__ - INFO -   Task features: (23200, 116)
2025-12-13 10:11:06,417 - __main__ - INFO - 
Step 3: Training final OvR model on ALL resting-state data...
2025-12-13 10:11:06,440 - __main__ - INFO -   Scaled rest data: mean=-0.0000, std=1.0000
2025-12-13 10:11:25,842 - __main__ - INFO -   OvR model trained in 19.40s
2025-12-13 10:11:25,961 - __main__ - INFO -   Rest data accuracy (training set): 0.9655
2025-12-13 10:11:25,961 - __main__ - INFO - 
Step 4: Testing on task data...
2025-12-13 10:11:25,971 - __main__ - INFO -   Scaled task data: mean=-0.0020, std=0.9630
2025-12-13 10:11:26,149 - __main__ - INFO - 
Step 5: Computing task metrics...
2025-12-13 10:11:26,149 - src.evaluation.hemisphere_metrics - INFO - Computing classification metrics...
2025-12-13 10:11:26,309 - src.evaluation.hemisphere_metrics - INFO -   Accuracy: 0.8757
2025-12-13 10:11:26,309 - src.evaluation.hemisphere_metrics - INFO -   Balanced Accuracy: 0.8757
2025-12-13 10:11:26,309 - src.evaluation.hemisphere_metrics - INFO -   F1 Score: 0.8770
2025-12-13 10:11:26,309 - src.evaluation.hemisphere_metrics - INFO - Computing per-region metrics...
2025-12-13 10:11:26,310 - src.evaluation.hemisphere_metrics - INFO -   Computing metrics for 116 regions
2025-12-13 10:11:26,314 - src.evaluation.hemisphere_metrics - INFO -   Mean per-region accuracy: 0.8757
2025-12-13 10:11:26,315 - src.evaluation.hemisphere_metrics - INFO -   Std per-region accuracy: 0.1305
2025-12-13 10:11:26,315 - src.evaluation.hemisphere_metrics - INFO -   Min per-region accuracy: 0.2300
2025-12-13 10:11:26,315 - src.evaluation.hemisphere_metrics - INFO -   Max per-region accuracy: 0.9950
2025-12-13 10:11:26,315 - src.evaluation.hemisphere_metrics - INFO - Computing network-level metrics...
2025-12-13 10:11:26,323 - src.evaluation.hemisphere_metrics - INFO -   Computing metrics for 18 networks
2025-12-13 10:11:26,352 - src.evaluation.hemisphere_metrics - INFO -   Mean network accuracy: 0.8855
2025-12-13 10:11:26,352 - src.evaluation.hemisphere_metrics - INFO -   Best network: SomMotA (accuracy=0.9656)
2025-12-13 10:11:26,352 - src.evaluation.hemisphere_metrics - INFO -   Worst network: Subcortical (accuracy=0.6791)
2025-12-13 10:11:26,353 - src.evaluation.hemisphere_metrics - INFO - Creating confusion matrix...
2025-12-13 10:11:26,353 - src.evaluation.hemisphere_metrics - INFO -   Confusion matrix shape: (116, 116)
2025-12-13 10:11:26,353 - src.evaluation.hemisphere_metrics - INFO -   Total predictions: 23200
2025-12-13 10:11:26,353 - src.evaluation.hemisphere_metrics - INFO -   Correct predictions (diagonal): 20316
2025-12-13 10:11:26,354 - __main__ - INFO - 
Saving task testing results to: /home/sjoon/projects/brain_connectivity_classifier/data/results/hemisphere_analysis/left_hemisphere/task_testing
2025-12-13 10:11:26,396 - __main__ - INFO - 
Generating task testing visualizations...
2025-12-13 10:11:26,396 - src.visualization.hemisphere_viz - INFO - Plotting confusion matrix: (116, 116)
2025-12-13 10:11:26,471 - src.visualization.hemisphere_viz - INFO -   Added 17 network boundaries
2025-12-13 10:11:27,378 - src.visualization.hemisphere_viz - INFO -   Saved: /home/sjoon/projects/brain_connectivity_classifier/data/results/hemisphere_analysis/left_hemisphere/task_testing/task_confusion_matrix.png
2025-12-13 10:11:27,379 - src.visualization.hemisphere_viz - INFO - Plotting per-region accuracy for 116 regions
2025-12-13 10:11:28,176 - src.visualization.hemisphere_viz - INFO -   Saved: /home/sjoon/projects/brain_connectivity_classifier/data/results/hemisphere_analysis/left_hemisphere/task_testing/task_per_region_accuracy.png
2025-12-13 10:11:28,176 - src.visualization.hemisphere_viz - INFO - Plotting network accuracy for 18 networks
2025-12-13 10:11:28,573 - src.visualization.hemisphere_viz - INFO -   Saved: /home/sjoon/projects/brain_connectivity_classifier/data/results/hemisphere_analysis/left_hemisphere/task_testing/task_network_accuracy.png
2025-12-13 10:11:28,573 - __main__ - INFO - 
================================================================================
2025-12-13 10:11:28,573 - __main__ - INFO - TASK TESTING RESULTS (ONE-VS-REST)
2025-12-13 10:11:28,573 - __main__ - INFO - ================================================================================
2025-12-13 10:11:28,573 - __main__ - INFO - Rest (training) accuracy: 0.9655
2025-12-13 10:11:28,573 - __main__ - INFO - Task (testing) accuracy:  0.8757
2025-12-13 10:11:28,573 - __main__ - INFO - Accuracy drop:            0.0898 (9.3%)
2025-12-13 10:11:28,573 - __main__ - INFO - Task top-5 accuracy:      0.9691
2025-12-13 10:11:28,574 - __main__ - INFO - 
Best task network: DefaultC (0.9656)
2025-12-13 10:11:28,574 - __main__ - INFO - Worst task network: Subcortical (0.6791)
2025-12-13 10:11:28,574 - __main__ - INFO - ================================================================================

2025-12-13 10:11:28,575 - __main__ - INFO - 
================================================================================
2025-12-13 10:11:28,575 - __main__ - INFO - TRAINING RIGHT HEMISPHERE (ONE-VS-REST)
2025-12-13 10:11:28,575 - __main__ - INFO - ================================================================================

2025-12-13 10:11:28,576 - __main__ - INFO - Loading hemisphere-specific data...
2025-12-13 10:11:28,577 - src.hemisphere.hemisphere_utils - INFO - Loading right hemisphere data from: /home/sjoon/projects/brain_connectivity_classifier/data/processed/hemispheres/RH_PIOP2_Restingstate.csv
2025-12-13 10:11:28,825 - src.hemisphere.hemisphere_utils - INFO -   Subjects: 224
2025-12-13 10:11:28,826 - src.hemisphere.hemisphere_utils - INFO -   Connections: 6670
2025-12-13 10:11:28,829 - src.hemisphere.hemisphere_utils - INFO - Extracting region info from: /home/sjoon/projects/brain_connectivity_classifier/data/processed/hemispheres/RH_PIOP2_Restingstate.csv
2025-12-13 10:11:29,243 - src.hemisphere.hemisphere_utils - INFO - Extracted 116 regions for right hemisphere
2025-12-13 10:11:29,243 - src.hemisphere.hemisphere_utils - INFO -   Regions: 116
2025-12-13 10:11:29,243 - src.hemisphere.hemisphere_utils - INFO - Converting to full connectivity matrices...
2025-12-13 10:11:29,261 - src.hemisphere.hemisphere_utils - INFO -   Matrix shape: (224, 116, 116)
2025-12-13 10:11:29,282 - src.hemisphere.hemisphere_utils - INFO - Connectivity validation completed
2025-12-13 10:11:29,282 - src.hemisphere.hemisphere_utils - INFO - Successfully loaded right hemisphere data
2025-12-13 10:11:29,283 - __main__ - INFO - Data loaded:
2025-12-13 10:11:29,283 - __main__ - INFO -   Subjects: 224
2025-12-13 10:11:29,283 - __main__ - INFO -   Regions: 116
2025-12-13 10:11:29,283 - __main__ - INFO -   Connectivity shape: (224, 116, 116)
2025-12-13 10:11:29,283 - __main__ - INFO - 
================================================================================
2025-12-13 10:11:29,283 - __main__ - INFO - PREPROCESSING (BEFORE CROSS-VALIDATION)
2025-12-13 10:11:29,283 - __main__ - INFO - ================================================================================
2025-12-13 10:11:29,283 - __main__ - INFO - 
Applying diagonal imputation (strategy: region_mean)...
2025-12-13 10:11:29,285 - __main__ - INFO -   Original diagonal range: [1.0000, 1.0000]
2025-12-13 10:11:29,285 - __main__ - INFO -   Original diagonal mean: 1.0000
2025-12-13 10:11:29,400 - __main__ - INFO -   Replaced diagonal with row means
2025-12-13 10:11:29,400 - __main__ - INFO -   New diagonal range: [-0.1680, 0.2766]
2025-12-13 10:11:29,400 - __main__ - INFO -   New diagonal mean: 0.0287
2025-12-13 10:11:29,400 - __main__ - INFO - 
Applying Fisher Z-transformation...
2025-12-13 10:11:29,452 - __main__ - INFO -   Value range after Fisher Z: [-1.3984, 1.7455]
2025-12-13 10:11:29,458 - __main__ - INFO -   Mean: 0.0338, Std: 0.2966
2025-12-13 10:11:29,458 - __main__ - INFO - 
Preparing classification data (flattening to features)...
2025-12-13 10:11:29,459 - src.hemisphere.hemisphere_utils - INFO -   Removing diagonal values (self-connections) before classification
2025-12-13 10:11:29,459 - src.hemisphere.hemisphere_utils - INFO -   Original diagonal values (first subject, first 5 regions): [np.float64(0.021650803605147817), np.float64(0.04820149683505135), np.float64(0.045209753583810956), np.float64(0.028132438097084676), np.float64(0.017311009921030476)]
2025-12-13 10:11:29,462 - src.hemisphere.hemisphere_utils - INFO -   After removal (should be all zeros): [np.float64(0.0), np.float64(0.0), np.float64(0.0), np.float64(0.0), np.float64(0.0)]
2025-12-13 10:11:29,490 - src.hemisphere.hemisphere_utils - INFO -   ✅ Diagonal removal verified - no features constant at 1.0
2025-12-13 10:11:29,490 - src.hemisphere.hemisphere_utils - INFO - Prepared classification data:
2025-12-13 10:11:29,490 - src.hemisphere.hemisphere_utils - INFO -   Features (X): (25984, 116)
2025-12-13 10:11:29,490 - src.hemisphere.hemisphere_utils - INFO -   Labels (y): (25984,)
2025-12-13 10:11:29,490 - src.hemisphere.hemisphere_utils - INFO -   Groups: (25984,)
2025-12-13 10:11:29,490 - src.hemisphere.hemisphere_utils - INFO -   Unique labels: 116
2025-12-13 10:11:29,496 - src.hemisphere.hemisphere_utils - INFO -   Unique subjects: 224
2025-12-13 10:11:29,497 - src.hemisphere.hemisphere_utils - INFO -   Feature range: [-1.398, 1.745]
2025-12-13 10:11:29,502 - src.hemisphere.hemisphere_utils - INFO -   Feature mean: 0.034, std: 0.297
2025-12-13 10:11:29,502 - __main__ - INFO - Classification data prepared:
2025-12-13 10:11:29,502 - __main__ - INFO -   Samples (X): (25984, 116)
2025-12-13 10:11:29,502 - __main__ - INFO -   Labels (y): (25984,)
2025-12-13 10:11:29,502 - __main__ - INFO -   Classes: 116
2025-12-13 10:11:29,502 - __main__ - INFO - 
✓ Preprocessing completed
2025-12-13 10:11:29,502 - __main__ - INFO - ================================================================================
2025-12-13 10:11:29,502 - __main__ - INFO - 
Scaling full dataset for Optuna optimization...
2025-12-13 10:11:29,524 - __main__ - INFO -   Scaled data - mean: 0.0000, std: 1.0000
2025-12-13 10:11:29,524 - __main__ - INFO - 
================================================================================
2025-12-13 10:11:29,524 - __main__ - INFO - HYPERPARAMETER OPTIMIZATION WITH OPTUNA (ONE-VS-REST)
2025-12-13 10:11:29,524 - __main__ - INFO - ================================================================================
2025-12-13 10:11:29,524 - __main__ - INFO - Running Optuna on SCALED full dataset
2025-12-13 10:11:29,524 - __main__ - INFO -   Trials: 50
2025-12-13 10:11:29,524 - __main__ - INFO -   Samples: 25984
2025-12-13 10:11:29,524 - __main__ - INFO -   Features: 116
2025-12-13 10:11:29,524 - __main__ - INFO -   Classes: 116
2025-12-13 10:11:29,524 - __main__ - INFO -   NOTE: Data already scaled, using simple train/val split
2025-12-13 10:11:29,524 - __main__ - INFO - 
Starting Optuna optimization...
2025-12-13 10:29:56,355 - __main__ - INFO - 
Optuna optimization completed in 1106.83s
2025-12-13 10:29:56,362 - __main__ - INFO - 
✓ Best hyperparameters found:
2025-12-13 10:29:56,362 - __main__ - INFO -   • C: 0.144039
2025-12-13 10:29:56,362 - __main__ - INFO -   • max_iter: 200
2025-12-13 10:29:56,362 - __main__ - INFO -   • solver: saga
2025-12-13 10:29:56,362 - __main__ - INFO -   • Best validation score: 0.9390
2025-12-13 10:29:56,362 - __main__ - INFO - 
Top 5 trials:
2025-12-13 10:29:56,365 - __main__ - INFO -   1. Trial 46: score=0.9390, C=0.1364, solver=saga, max_iter=200
2025-12-13 10:29:56,365 - __main__ - INFO -   2. Trial 18: score=0.9390, C=0.1440, solver=saga, max_iter=200
2025-12-13 10:29:56,365 - __main__ - INFO -   3. Trial 27: score=0.9388, C=0.1323, solver=saga, max_iter=1000
2025-12-13 10:29:56,365 - __main__ - INFO -   4. Trial 49: score=0.9388, C=0.1493, solver=saga, max_iter=200
2025-12-13 10:29:56,365 - __main__ - INFO -   5. Trial 9: score=0.9386, C=0.2464, solver=saga, max_iter=200
2025-12-13 10:29:56,366 - __main__ - INFO - ================================================================================

2025-12-13 10:29:56,366 - __main__ - INFO - 
================================================================================
2025-12-13 10:29:56,366 - __main__ - INFO - CROSS-VALIDATION WITH FOLD-WISE SCALING (ONE-VS-REST)
2025-12-13 10:29:56,366 - __main__ - INFO - ================================================================================
2025-12-13 10:29:56,366 - __main__ - INFO - Using hyperparameters: C=0.144039, solver=saga, max_iter=200
2025-12-13 10:29:56,366 - __main__ - INFO - Running 5-fold GroupKFold cross-validation...
2025-12-13 10:29:56,366 - __main__ - INFO - Note: StandardScaler fit independently on each fold's training data

2025-12-13 10:29:56,377 - __main__ - INFO - Fold 1/5
2025-12-13 10:29:56,377 - __main__ - INFO -   Train samples: 20764, Test samples: 5220
2025-12-13 10:29:56,391 - __main__ - INFO -   Train subjects: 179, Test subjects: 45
2025-12-13 10:29:56,392 - __main__ - INFO -   Preprocessing fold data (StandardScaler only)...
2025-12-13 10:29:56,392 - __main__ - INFO -   Input shapes - Train: (20764, 116), Test: (5220, 116)
2025-12-13 10:29:56,423 - __main__ - INFO -   Scaled shapes - Train: (20764, 116), Test: (5220, 116)
2025-12-13 10:29:56,423 - __main__ - INFO -   Training OvR with C=0.144039, solver=saga...
2025-12-13 10:30:08,490 - __main__ - INFO -   Predicting on test set...
2025-12-13 10:30:09,657 - __main__ - INFO -   Fold accuracy: 0.9226
2025-12-13 10:30:09,657 - __main__ - INFO -   Fold balanced accuracy: 0.9226
2025-12-13 10:30:09,657 - __main__ - INFO -   Fold time: 13.28s

2025-12-13 10:30:09,658 - __main__ - INFO - Fold 2/5
2025-12-13 10:30:09,658 - __main__ - INFO -   Train samples: 20764, Test samples: 5220
2025-12-13 10:30:09,663 - __main__ - INFO -   Train subjects: 179, Test subjects: 45
2025-12-13 10:30:09,663 - __main__ - INFO -   Preprocessing fold data (StandardScaler only)...
2025-12-13 10:30:09,663 - __main__ - INFO -   Input shapes - Train: (20764, 116), Test: (5220, 116)
2025-12-13 10:30:09,680 - __main__ - INFO -   Scaled shapes - Train: (20764, 116), Test: (5220, 116)
2025-12-13 10:30:09,680 - __main__ - INFO -   Training OvR with C=0.144039, solver=saga...
2025-12-13 10:30:20,934 - __main__ - INFO -   Predicting on test set...
2025-12-13 10:30:22,040 - __main__ - INFO -   Fold accuracy: 0.9230
2025-12-13 10:30:22,040 - __main__ - INFO -   Fold balanced accuracy: 0.9230
2025-12-13 10:30:22,040 - __main__ - INFO -   Fold time: 12.38s

2025-12-13 10:30:22,041 - __main__ - INFO - Fold 3/5
2025-12-13 10:30:22,041 - __main__ - INFO -   Train samples: 20764, Test samples: 5220
2025-12-13 10:30:22,044 - __main__ - INFO -   Train subjects: 179, Test subjects: 45
2025-12-13 10:30:22,044 - __main__ - INFO -   Preprocessing fold data (StandardScaler only)...
2025-12-13 10:30:22,044 - __main__ - INFO -   Input shapes - Train: (20764, 116), Test: (5220, 116)
2025-12-13 10:30:22,059 - __main__ - INFO -   Scaled shapes - Train: (20764, 116), Test: (5220, 116)
2025-12-13 10:30:22,059 - __main__ - INFO -   Training OvR with C=0.144039, solver=saga...
2025-12-13 10:30:34,287 - __main__ - INFO -   Predicting on test set...
2025-12-13 10:30:35,236 - __main__ - INFO -   Fold accuracy: 0.9230
2025-12-13 10:30:35,236 - __main__ - INFO -   Fold balanced accuracy: 0.9230
2025-12-13 10:30:35,236 - __main__ - INFO -   Fold time: 13.20s

2025-12-13 10:30:35,237 - __main__ - INFO - Fold 4/5
2025-12-13 10:30:35,237 - __main__ - INFO -   Train samples: 20764, Test samples: 5220
2025-12-13 10:30:35,240 - __main__ - INFO -   Train subjects: 179, Test subjects: 45
2025-12-13 10:30:35,240 - __main__ - INFO -   Preprocessing fold data (StandardScaler only)...
2025-12-13 10:30:35,240 - __main__ - INFO -   Input shapes - Train: (20764, 116), Test: (5220, 116)
2025-12-13 10:30:35,255 - __main__ - INFO -   Scaled shapes - Train: (20764, 116), Test: (5220, 116)
2025-12-13 10:30:35,255 - __main__ - INFO -   Training OvR with C=0.144039, solver=saga...
2025-12-13 10:30:47,859 - __main__ - INFO -   Predicting on test set...
2025-12-13 10:30:48,796 - __main__ - INFO -   Fold accuracy: 0.9201
2025-12-13 10:30:48,796 - __main__ - INFO -   Fold balanced accuracy: 0.9201
2025-12-13 10:30:48,796 - __main__ - INFO -   Fold time: 13.56s

2025-12-13 10:30:48,797 - __main__ - INFO - Fold 5/5
2025-12-13 10:30:48,797 - __main__ - INFO -   Train samples: 20880, Test samples: 5104
2025-12-13 10:30:48,801 - __main__ - INFO -   Train subjects: 180, Test subjects: 44
2025-12-13 10:30:48,801 - __main__ - INFO -   Preprocessing fold data (StandardScaler only)...
2025-12-13 10:30:48,802 - __main__ - INFO -   Input shapes - Train: (20880, 116), Test: (5104, 116)
2025-12-13 10:30:48,816 - __main__ - INFO -   Scaled shapes - Train: (20880, 116), Test: (5104, 116)
2025-12-13 10:30:48,816 - __main__ - INFO -   Training OvR with C=0.144039, solver=saga...
2025-12-13 10:31:00,877 - __main__ - INFO -   Predicting on test set...
2025-12-13 10:31:01,071 - __main__ - INFO -   Fold accuracy: 0.9154
2025-12-13 10:31:01,071 - __main__ - INFO -   Fold balanced accuracy: 0.9154
2025-12-13 10:31:01,071 - __main__ - INFO -   Fold time: 12.27s

2025-12-13 10:31:01,072 - __main__ - INFO - Cross-validation completed in 64.71s

2025-12-13 10:31:01,080 - __main__ - INFO - Computing overall metrics...
2025-12-13 10:31:01,080 - src.evaluation.hemisphere_metrics - INFO - Computing classification metrics...
2025-12-13 10:31:01,263 - src.evaluation.hemisphere_metrics - INFO -   Accuracy: 0.9208
2025-12-13 10:31:01,263 - src.evaluation.hemisphere_metrics - INFO -   Balanced Accuracy: 0.9208
2025-12-13 10:31:01,263 - src.evaluation.hemisphere_metrics - INFO -   F1 Score: 0.9210
2025-12-13 10:31:01,263 - __main__ - INFO - 
OVERALL RESULTS (RIGHT HEMISPHERE - ONE-VS-REST):
2025-12-13 10:31:01,263 - __main__ - INFO -   Mean CV Accuracy: 0.9208
2025-12-13 10:31:01,263 - __main__ - INFO -   Mean CV Balanced Accuracy: 0.9208
2025-12-13 10:31:01,263 - __main__ - INFO -   Top-5 Accuracy: 0.9828355911330049
2025-12-13 10:31:01,263 - __main__ - INFO - 
  Hyperparameters (from Optuna):
2025-12-13 10:31:01,263 - __main__ - INFO -     C: 0.144039, solver: saga, max_iter: 200
2025-12-13 10:31:01,263 - __main__ - INFO -     Optuna validation score: 0.9390
2025-12-13 10:31:01,264 - __main__ - INFO - 
Computing per-region metrics...
2025-12-13 10:31:01,264 - src.evaluation.hemisphere_metrics - INFO - Computing per-region metrics...
2025-12-13 10:31:01,264 - src.evaluation.hemisphere_metrics - INFO -   Computing metrics for 116 regions
2025-12-13 10:31:01,269 - src.evaluation.hemisphere_metrics - INFO -   Mean per-region accuracy: 0.9208
2025-12-13 10:31:01,269 - src.evaluation.hemisphere_metrics - INFO -   Std per-region accuracy: 0.0939
2025-12-13 10:31:01,269 - src.evaluation.hemisphere_metrics - INFO -   Min per-region accuracy: 0.4777
2025-12-13 10:31:01,269 - src.evaluation.hemisphere_metrics - INFO -   Max per-region accuracy: 1.0000
2025-12-13 10:31:01,269 - __main__ - INFO - Computing network-level metrics...
2025-12-13 10:31:01,269 - src.evaluation.hemisphere_metrics - INFO - Computing network-level metrics...
2025-12-13 10:31:01,278 - src.evaluation.hemisphere_metrics - INFO -   Computing metrics for 18 networks
2025-12-13 10:31:01,308 - src.evaluation.hemisphere_metrics - INFO -   Mean network accuracy: 0.9288
2025-12-13 10:31:01,308 - src.evaluation.hemisphere_metrics - INFO -   Best network: VisPeri (accuracy=0.9903)
2025-12-13 10:31:01,308 - src.evaluation.hemisphere_metrics - INFO -   Worst network: LimbicA (accuracy=0.8036)
2025-12-13 10:31:01,308 - __main__ - INFO - Creating confusion matrix...
2025-12-13 10:31:01,308 - src.evaluation.hemisphere_metrics - INFO - Creating confusion matrix...
2025-12-13 10:31:01,309 - src.evaluation.hemisphere_metrics - INFO -   Confusion matrix shape: (116, 116)
2025-12-13 10:31:01,309 - src.evaluation.hemisphere_metrics - INFO -   Total predictions: 25984
2025-12-13 10:31:01,309 - src.evaluation.hemisphere_metrics - INFO -   Correct predictions (diagonal): 23927
2025-12-13 10:31:01,309 - __main__ - INFO - 
Saving results...
2025-12-13 10:31:01,356 - __main__ - INFO - 
Generating visualizations...
2025-12-13 10:31:01,356 - src.visualization.hemisphere_viz - INFO - Plotting confusion matrix: (116, 116)
2025-12-13 10:31:01,379 - src.visualization.hemisphere_viz - INFO -   Added 17 network boundaries
2025-12-13 10:31:02,288 - src.visualization.hemisphere_viz - INFO -   Saved: /home/sjoon/projects/brain_connectivity_classifier/data/results/hemisphere_analysis/right_hemisphere/ovr/confusion_matrix.png
2025-12-13 10:31:02,288 - src.visualization.hemisphere_viz - INFO - Plotting per-region accuracy for 116 regions
2025-12-13 10:31:03,105 - src.visualization.hemisphere_viz - INFO -   Saved: /home/sjoon/projects/brain_connectivity_classifier/data/results/hemisphere_analysis/right_hemisphere/ovr/per_region_accuracy.png
2025-12-13 10:31:03,106 - src.visualization.hemisphere_viz - INFO - Plotting network accuracy for 18 networks
2025-12-13 10:31:03,507 - src.visualization.hemisphere_viz - INFO -   Saved: /home/sjoon/projects/brain_connectivity_classifier/data/results/hemisphere_analysis/right_hemisphere/ovr/network_accuracy.png
2025-12-13 10:31:03,507 - __main__ - INFO - All results saved to: /home/sjoon/projects/brain_connectivity_classifier/data/results/hemisphere_analysis/right_hemisphere/ovr
2025-12-13 10:31:03,507 - __main__ - INFO - 
================================================================================
2025-12-13 10:31:03,507 - __main__ - INFO - TESTING ON TASK DATA (GENDER STROOP) - ONE-VS-REST
2025-12-13 10:31:03,507 - __main__ - INFO - ================================================================================
2025-12-13 10:31:03,507 - __main__ - INFO - Training final OvR model on ALL resting-state data
2025-12-13 10:31:03,508 - __main__ - INFO - Then testing on task data to measure generalization

2025-12-13 10:31:03,508 - __main__ - INFO - Step 1: Loading resting-state data (TRAINING)...
2025-12-13 10:31:03,509 - src.hemisphere.hemisphere_utils - INFO - Loading right hemisphere data from: /home/sjoon/projects/brain_connectivity_classifier/data/processed/hemispheres/RH_PIOP2_Restingstate.csv
2025-12-13 10:31:03,768 - src.hemisphere.hemisphere_utils - INFO -   Subjects: 224
2025-12-13 10:31:03,768 - src.hemisphere.hemisphere_utils - INFO -   Connections: 6670
2025-12-13 10:31:03,771 - src.hemisphere.hemisphere_utils - INFO - Extracting region info from: /home/sjoon/projects/brain_connectivity_classifier/data/processed/hemispheres/RH_PIOP2_Restingstate.csv
2025-12-13 10:31:04,220 - src.hemisphere.hemisphere_utils - INFO - Extracted 116 regions for right hemisphere
2025-12-13 10:31:04,220 - src.hemisphere.hemisphere_utils - INFO -   Regions: 116
2025-12-13 10:31:04,220 - src.hemisphere.hemisphere_utils - INFO - Converting to full connectivity matrices...
2025-12-13 10:31:04,238 - src.hemisphere.hemisphere_utils - INFO -   Matrix shape: (224, 116, 116)
2025-12-13 10:31:04,262 - src.hemisphere.hemisphere_utils - INFO - Connectivity validation completed
2025-12-13 10:31:04,262 - src.hemisphere.hemisphere_utils - INFO - Successfully loaded right hemisphere data
2025-12-13 10:31:04,263 - __main__ - INFO -   Rest data: 224 subjects, 116 regions
2025-12-13 10:31:04,263 - __main__ - INFO - 
Applying diagonal imputation (strategy: region_mean)...
2025-12-13 10:31:04,267 - __main__ - INFO -   Original diagonal range: [1.0000, 1.0000]
2025-12-13 10:31:04,267 - __main__ - INFO -   Original diagonal mean: 1.0000
2025-12-13 10:31:04,381 - __main__ - INFO -   Replaced diagonal with row means
2025-12-13 10:31:04,381 - __main__ - INFO -   New diagonal range: [-0.1680, 0.2766]
2025-12-13 10:31:04,381 - __main__ - INFO -   New diagonal mean: 0.0287
2025-12-13 10:31:04,381 - __main__ - INFO - 
Applying Fisher Z-transformation...
2025-12-13 10:31:04,437 - __main__ - INFO -   Value range after Fisher Z: [-1.3984, 1.7455]
2025-12-13 10:31:04,444 - __main__ - INFO -   Mean: 0.0338, Std: 0.2966
2025-12-13 10:31:04,445 - src.hemisphere.hemisphere_utils - INFO -   Removing diagonal values (self-connections) before classification
2025-12-13 10:31:04,445 - src.hemisphere.hemisphere_utils - INFO -   Original diagonal values (first subject, first 5 regions): [np.float64(0.021650803605147817), np.float64(0.04820149683505135), np.float64(0.045209753583810956), np.float64(0.028132438097084676), np.float64(0.017311009921030476)]
2025-12-13 10:31:04,447 - src.hemisphere.hemisphere_utils - INFO -   After removal (should be all zeros): [np.float64(0.0), np.float64(0.0), np.float64(0.0), np.float64(0.0), np.float64(0.0)]
2025-12-13 10:31:04,475 - src.hemisphere.hemisphere_utils - INFO -   ✅ Diagonal removal verified - no features constant at 1.0
2025-12-13 10:31:04,475 - src.hemisphere.hemisphere_utils - INFO - Prepared classification data:
2025-12-13 10:31:04,475 - src.hemisphere.hemisphere_utils - INFO -   Features (X): (25984, 116)
2025-12-13 10:31:04,475 - src.hemisphere.hemisphere_utils - INFO -   Labels (y): (25984,)
2025-12-13 10:31:04,475 - src.hemisphere.hemisphere_utils - INFO -   Groups: (25984,)
2025-12-13 10:31:04,475 - src.hemisphere.hemisphere_utils - INFO -   Unique labels: 116
2025-12-13 10:31:04,481 - src.hemisphere.hemisphere_utils - INFO -   Unique subjects: 224
2025-12-13 10:31:04,482 - src.hemisphere.hemisphere_utils - INFO -   Feature range: [-1.398, 1.745]
2025-12-13 10:31:04,487 - src.hemisphere.hemisphere_utils - INFO -   Feature mean: 0.034, std: 0.297
2025-12-13 10:31:04,487 - __main__ - INFO -   Rest features: (25984, 116)
2025-12-13 10:31:04,487 - __main__ - INFO - 
Step 2: Loading task data (TESTING)...
2025-12-13 10:31:04,488 - src.hemisphere.hemisphere_utils - INFO - Loading right hemisphere data from: /home/sjoon/projects/brain_connectivity_classifier/data/processed/hemispheres/RH_PIOP1_Gstroop.csv
2025-12-13 10:31:04,723 - src.hemisphere.hemisphere_utils - INFO -   Subjects: 200
2025-12-13 10:31:04,723 - src.hemisphere.hemisphere_utils - INFO -   Connections: 6670
2025-12-13 10:31:04,725 - src.hemisphere.hemisphere_utils - INFO - Extracting region info from: /home/sjoon/projects/brain_connectivity_classifier/data/processed/hemispheres/RH_PIOP1_Gstroop.csv
2025-12-13 10:31:05,092 - src.hemisphere.hemisphere_utils - INFO - Extracted 116 regions for right hemisphere
2025-12-13 10:31:05,092 - src.hemisphere.hemisphere_utils - INFO -   Regions: 116
2025-12-13 10:31:05,092 - src.hemisphere.hemisphere_utils - INFO - Converting to full connectivity matrices...
2025-12-13 10:31:05,108 - src.hemisphere.hemisphere_utils - INFO -   Matrix shape: (200, 116, 116)
2025-12-13 10:31:05,128 - src.hemisphere.hemisphere_utils - INFO - Connectivity validation completed
2025-12-13 10:31:05,128 - src.hemisphere.hemisphere_utils - INFO - Successfully loaded right hemisphere data
2025-12-13 10:31:05,129 - __main__ - INFO -   Task data: 200 subjects, 116 regions
2025-12-13 10:31:05,129 - __main__ - INFO - 
Applying diagonal imputation (strategy: region_mean)...
2025-12-13 10:31:05,130 - __main__ - INFO -   Original diagonal range: [1.0000, 1.0000]
2025-12-13 10:31:05,131 - __main__ - INFO -   Original diagonal mean: 1.0000
2025-12-13 10:31:05,233 - __main__ - INFO -   Replaced diagonal with row means
2025-12-13 10:31:05,233 - __main__ - INFO -   New diagonal range: [-0.1479, 0.3561]
2025-12-13 10:31:05,233 - __main__ - INFO -   New diagonal mean: 0.0303
2025-12-13 10:31:05,233 - __main__ - INFO - 
Applying Fisher Z-transformation...
2025-12-13 10:31:05,280 - __main__ - INFO -   Value range after Fisher Z: [-1.3069, 1.7673]
2025-12-13 10:31:05,285 - __main__ - INFO -   Mean: 0.0348, Std: 0.2804
2025-12-13 10:31:05,285 - src.hemisphere.hemisphere_utils - INFO -   Removing diagonal values (self-connections) before classification
2025-12-13 10:31:05,285 - src.hemisphere.hemisphere_utils - INFO -   Original diagonal values (first subject, first 5 regions): [np.float64(0.06085067104828221), np.float64(0.07529497501560747), np.float64(0.010610299455312966), np.float64(0.0009005334298231078), np.float64(0.03764381102152011)]
2025-12-13 10:31:05,288 - src.hemisphere.hemisphere_utils - INFO -   After removal (should be all zeros): [np.float64(0.0), np.float64(0.0), np.float64(0.0), np.float64(0.0), np.float64(0.0)]
2025-12-13 10:31:05,312 - src.hemisphere.hemisphere_utils - INFO -   ✅ Diagonal removal verified - no features constant at 1.0
2025-12-13 10:31:05,313 - src.hemisphere.hemisphere_utils - INFO - Prepared classification data:
2025-12-13 10:31:05,313 - src.hemisphere.hemisphere_utils - INFO -   Features (X): (23200, 116)
2025-12-13 10:31:05,313 - src.hemisphere.hemisphere_utils - INFO -   Labels (y): (23200,)
2025-12-13 10:31:05,313 - src.hemisphere.hemisphere_utils - INFO -   Groups: (23200,)
2025-12-13 10:31:05,313 - src.hemisphere.hemisphere_utils - INFO -   Unique labels: 116
2025-12-13 10:31:05,320 - src.hemisphere.hemisphere_utils - INFO -   Unique subjects: 200
2025-12-13 10:31:05,321 - src.hemisphere.hemisphere_utils - INFO -   Feature range: [-1.307, 1.767]
2025-12-13 10:31:05,325 - src.hemisphere.hemisphere_utils - INFO -   Feature mean: 0.035, std: 0.280
2025-12-13 10:31:05,325 - __main__ - INFO -   Task features: (23200, 116)
2025-12-13 10:31:05,325 - __main__ - INFO - 
Step 3: Training final OvR model on ALL resting-state data...
2025-12-13 10:31:05,349 - __main__ - INFO -   Scaled rest data: mean=0.0000, std=1.0000
2025-12-13 10:31:19,888 - __main__ - INFO -   OvR model trained in 14.54s
2025-12-13 10:31:20,035 - __main__ - INFO -   Rest data accuracy (training set): 0.9617
2025-12-13 10:31:20,035 - __main__ - INFO - 
Step 4: Testing on task data...
2025-12-13 10:31:20,049 - __main__ - INFO -   Scaled task data: mean=0.0032, std=0.9474
2025-12-13 10:31:20,244 - __main__ - INFO - 
Step 5: Computing task metrics...
2025-12-13 10:31:20,244 - src.evaluation.hemisphere_metrics - INFO - Computing classification metrics...
2025-12-13 10:31:20,404 - src.evaluation.hemisphere_metrics - INFO -   Accuracy: 0.8710
2025-12-13 10:31:20,404 - src.evaluation.hemisphere_metrics - INFO -   Balanced Accuracy: 0.8710
2025-12-13 10:31:20,404 - src.evaluation.hemisphere_metrics - INFO -   F1 Score: 0.8723
2025-12-13 10:31:20,404 - src.evaluation.hemisphere_metrics - INFO - Computing per-region metrics...
2025-12-13 10:31:20,404 - src.evaluation.hemisphere_metrics - INFO -   Computing metrics for 116 regions
2025-12-13 10:31:20,410 - src.evaluation.hemisphere_metrics - INFO -   Mean per-region accuracy: 0.8710
2025-12-13 10:31:20,410 - src.evaluation.hemisphere_metrics - INFO -   Std per-region accuracy: 0.1391
2025-12-13 10:31:20,410 - src.evaluation.hemisphere_metrics - INFO -   Min per-region accuracy: 0.2300
2025-12-13 10:31:20,410 - src.evaluation.hemisphere_metrics - INFO -   Max per-region accuracy: 1.0000
2025-12-13 10:31:20,410 - src.evaluation.hemisphere_metrics - INFO - Computing network-level metrics...
2025-12-13 10:31:20,418 - src.evaluation.hemisphere_metrics - INFO -   Computing metrics for 18 networks
2025-12-13 10:31:20,448 - src.evaluation.hemisphere_metrics - INFO -   Mean network accuracy: 0.8878
2025-12-13 10:31:20,448 - src.evaluation.hemisphere_metrics - INFO -   Best network: SomMotA (accuracy=0.9695)
2025-12-13 10:31:20,448 - src.evaluation.hemisphere_metrics - INFO -   Worst network: Subcortical (accuracy=0.6512)
2025-12-13 10:31:20,448 - src.evaluation.hemisphere_metrics - INFO - Creating confusion matrix...
2025-12-13 10:31:20,449 - src.evaluation.hemisphere_metrics - INFO -   Confusion matrix shape: (116, 116)
2025-12-13 10:31:20,449 - src.evaluation.hemisphere_metrics - INFO -   Total predictions: 23200
2025-12-13 10:31:20,449 - src.evaluation.hemisphere_metrics - INFO -   Correct predictions (diagonal): 20208
2025-12-13 10:31:20,450 - __main__ - INFO - 
Saving task testing results to: /home/sjoon/projects/brain_connectivity_classifier/data/results/hemisphere_analysis/right_hemisphere/task_testing
2025-12-13 10:31:20,499 - __main__ - INFO - 
Generating task testing visualizations...
2025-12-13 10:31:20,500 - src.visualization.hemisphere_viz - INFO - Plotting confusion matrix: (116, 116)
2025-12-13 10:31:20,521 - src.visualization.hemisphere_viz - INFO -   Added 17 network boundaries
2025-12-13 10:31:21,427 - src.visualization.hemisphere_viz - INFO -   Saved: /home/sjoon/projects/brain_connectivity_classifier/data/results/hemisphere_analysis/right_hemisphere/task_testing/task_confusion_matrix.png
2025-12-13 10:31:21,427 - src.visualization.hemisphere_viz - INFO - Plotting per-region accuracy for 116 regions
2025-12-13 10:31:22,238 - src.visualization.hemisphere_viz - INFO -   Saved: /home/sjoon/projects/brain_connectivity_classifier/data/results/hemisphere_analysis/right_hemisphere/task_testing/task_per_region_accuracy.png
2025-12-13 10:31:22,238 - src.visualization.hemisphere_viz - INFO - Plotting network accuracy for 18 networks
2025-12-13 10:31:22,724 - src.visualization.hemisphere_viz - INFO -   Saved: /home/sjoon/projects/brain_connectivity_classifier/data/results/hemisphere_analysis/right_hemisphere/task_testing/task_network_accuracy.png
2025-12-13 10:31:22,724 - __main__ - INFO - 
================================================================================
2025-12-13 10:31:22,724 - __main__ - INFO - TASK TESTING RESULTS (ONE-VS-REST)
2025-12-13 10:31:22,724 - __main__ - INFO - ================================================================================
2025-12-13 10:31:22,724 - __main__ - INFO - Rest (training) accuracy: 0.9617
2025-12-13 10:31:22,724 - __main__ - INFO - Task (testing) accuracy:  0.8710
2025-12-13 10:31:22,724 - __main__ - INFO - Accuracy drop:            0.0906 (9.4%)
2025-12-13 10:31:22,724 - __main__ - INFO - Task top-5 accuracy:      0.9640
2025-12-13 10:31:22,724 - __main__ - INFO - 
Best task network: DefaultC (0.9695)
2025-12-13 10:31:22,725 - __main__ - INFO - Worst task network: Subcortical (0.6512)
2025-12-13 10:31:22,725 - __main__ - INFO - ================================================================================

2025-12-13 10:31:22,726 - __main__ - INFO - 
================================================================================
2025-12-13 10:31:22,726 - __main__ - INFO - COMPARING HEMISPHERES (ONE-VS-REST)
2025-12-13 10:31:22,726 - __main__ - INFO - ================================================================================

2025-12-13 10:31:22,726 - __main__ - INFO - Left: 0.9226, Right: 0.9208, Diff: 0.0018
2025-12-13 10:31:22,727 - __main__ - INFO - Paired t-test: t=0.9988, p=0.3744
2025-12-13 10:31:22,727 - __main__ - INFO - 
Task Testing (OvR):
2025-12-13 10:31:22,727 - __main__ - INFO -   Left task accuracy: 0.8757
2025-12-13 10:31:22,727 - __main__ - INFO -   Right task accuracy: 0.8710
2025-12-13 10:31:22,727 - __main__ - INFO -   Left accuracy drop: 0.0898
2025-12-13 10:31:22,727 - __main__ - INFO -   Right accuracy drop: 0.0906
2025-12-13 10:31:22,729 - __main__ - INFO - Comparison saved to: /home/sjoon/projects/brain_connectivity_classifier/data/results/hemisphere_analysis/comparison_ovr
2025-12-13 10:31:22,729 - __main__ - INFO - 
================================================================================
2025-12-13 10:31:22,729 - __main__ - INFO - TRAINING COMPLETED SUCCESSFULLY (ONE-VS-REST)
2025-12-13 10:31:22,729 - __main__ - INFO - ================================================================================
2025-12-13 17:41:24,315 - __main__ - INFO - ================================================================================
2025-12-13 17:41:24,315 - __main__ - INFO - HEMISPHERE-SPECIFIC CLASSIFICATION (ONE-VS-REST)
2025-12-13 17:41:24,315 - __main__ - INFO - Preprocessing: Diagonal imputation + Fisher Z → StandardScaler
2025-12-13 17:41:24,315 - __main__ - INFO - Model: One-vs-Rest (OvR) - N binary classifiers
2025-12-13 17:41:24,315 - __main__ - INFO - Optuna: Runs on scaled full dataset
2025-12-13 17:41:24,315 - __main__ - INFO - CV: Independent scaling per fold
2025-12-13 17:41:24,315 - __main__ - INFO - Task Testing: Enabled (train on rest, test on task)
2025-12-13 17:41:24,315 - __main__ - INFO - ================================================================================
2025-12-13 17:41:24,315 - __main__ - INFO - 
================================================================================
2025-12-13 17:41:24,315 - __main__ - INFO - TRAINING LEFT HEMISPHERE (ONE-VS-REST)
2025-12-13 17:41:24,315 - __main__ - INFO - ================================================================================

2025-12-13 17:41:24,316 - __main__ - INFO - Loading hemisphere-specific data...
2025-12-13 17:41:24,317 - src.hemisphere.hemisphere_utils - INFO - Loading left hemisphere data from: /home/sjoon/projects/brain_connectivity_classifier/data/processed/hemispheres/LH_PIOP2_Restingstate.csv
2025-12-13 17:41:24,611 - src.hemisphere.hemisphere_utils - INFO -   Subjects: 224
2025-12-13 17:41:24,611 - src.hemisphere.hemisphere_utils - INFO -   Connections: 6670
2025-12-13 17:41:24,615 - src.hemisphere.hemisphere_utils - INFO - Extracting region info from: /home/sjoon/projects/brain_connectivity_classifier/data/processed/hemispheres/LH_PIOP2_Restingstate.csv
2025-12-13 17:41:24,957 - src.hemisphere.hemisphere_utils - INFO - Extracted 116 regions for left hemisphere
2025-12-13 17:41:24,958 - src.hemisphere.hemisphere_utils - INFO -   Regions: 116
2025-12-13 17:41:24,958 - src.hemisphere.hemisphere_utils - INFO - Converting to full connectivity matrices...
2025-12-13 17:41:24,976 - src.hemisphere.hemisphere_utils - INFO -   Matrix shape: (224, 116, 116)
2025-12-13 17:41:24,998 - src.hemisphere.hemisphere_utils - INFO - Connectivity validation completed
2025-12-13 17:41:24,998 - src.hemisphere.hemisphere_utils - INFO - Successfully loaded left hemisphere data
2025-12-13 17:41:24,999 - __main__ - INFO - Data loaded:
2025-12-13 17:41:24,999 - __main__ - INFO -   Subjects: 224
2025-12-13 17:41:24,999 - __main__ - INFO -   Regions: 116
2025-12-13 17:41:24,999 - __main__ - INFO -   Connectivity shape: (224, 116, 116)
2025-12-13 17:41:24,999 - __main__ - INFO - 
================================================================================
2025-12-13 17:41:24,999 - __main__ - INFO - PREPROCESSING (BEFORE CROSS-VALIDATION)
2025-12-13 17:41:24,999 - __main__ - INFO - ================================================================================
2025-12-13 17:41:24,999 - __main__ - INFO - 
Applying diagonal imputation (strategy: region_mean)...
2025-12-13 17:41:25,002 - __main__ - INFO -   Original diagonal range: [1.0000, 1.0000]
2025-12-13 17:41:25,003 - __main__ - INFO -   Original diagonal mean: 1.0000
2025-12-13 17:41:25,123 - __main__ - INFO -   Replaced diagonal with row means
2025-12-13 17:41:25,123 - __main__ - INFO -   New diagonal range: [-0.1899, 0.2207]
2025-12-13 17:41:25,123 - __main__ - INFO -   New diagonal mean: 0.0284
2025-12-13 17:41:25,123 - __main__ - INFO - 
Applying Fisher Z-transformation...
2025-12-13 17:41:25,182 - __main__ - INFO -   Value range after Fisher Z: [-1.2500, 1.8154]
2025-12-13 17:41:25,188 - __main__ - INFO -   Mean: 0.0332, Std: 0.2914
2025-12-13 17:41:25,188 - __main__ - INFO - 
Preparing classification data (flattening to features)...
2025-12-13 17:41:25,188 - src.hemisphere.hemisphere_utils - INFO -   Removing diagonal values (self-connections) before classification
2025-12-13 17:41:25,188 - src.hemisphere.hemisphere_utils - INFO -   Original diagonal values (first subject, first 5 regions): [np.float64(-0.008901612424537042), np.float64(0.027939234799402014), np.float64(0.009805427197523572), np.float64(-0.0315809333362432), np.float64(-0.008620041552882787)]
2025-12-13 17:41:25,190 - src.hemisphere.hemisphere_utils - INFO -   After removal (should be all zeros): [np.float64(0.0), np.float64(0.0), np.float64(0.0), np.float64(0.0), np.float64(0.0)]
2025-12-13 17:41:25,220 - src.hemisphere.hemisphere_utils - INFO -   ✅ Diagonal removal verified - no features constant at 1.0
2025-12-13 17:41:25,220 - src.hemisphere.hemisphere_utils - INFO - Prepared classification data:
2025-12-13 17:41:25,220 - src.hemisphere.hemisphere_utils - INFO -   Features (X): (25984, 116)
2025-12-13 17:41:25,220 - src.hemisphere.hemisphere_utils - INFO -   Labels (y): (25984,)
2025-12-13 17:41:25,220 - src.hemisphere.hemisphere_utils - INFO -   Groups: (25984,)
2025-12-13 17:41:25,220 - src.hemisphere.hemisphere_utils - INFO -   Unique labels: 116
2025-12-13 17:41:25,226 - src.hemisphere.hemisphere_utils - INFO -   Unique subjects: 224
2025-12-13 17:41:25,227 - src.hemisphere.hemisphere_utils - INFO -   Feature range: [-1.250, 1.815]
2025-12-13 17:41:25,232 - src.hemisphere.hemisphere_utils - INFO -   Feature mean: 0.033, std: 0.291
2025-12-13 17:41:25,232 - __main__ - INFO - Classification data prepared:
2025-12-13 17:41:25,232 - __main__ - INFO -   Samples (X): (25984, 116)
2025-12-13 17:41:25,232 - __main__ - INFO -   Labels (y): (25984,)
2025-12-13 17:41:25,232 - __main__ - INFO -   Classes: 116
2025-12-13 17:41:25,232 - __main__ - INFO - 
✓ Preprocessing completed
2025-12-13 17:41:25,232 - __main__ - INFO - ================================================================================
2025-12-13 17:41:25,232 - __main__ - INFO - 
Scaling full dataset for Optuna optimization...
2025-12-13 17:41:25,252 - __main__ - INFO -   Scaled data - mean: -0.0000, std: 1.0000
2025-12-13 17:41:25,252 - __main__ - INFO - 
================================================================================
2025-12-13 17:41:25,252 - __main__ - INFO - HYPERPARAMETER OPTIMIZATION WITH OPTUNA (ONE-VS-REST)
2025-12-13 17:41:25,252 - __main__ - INFO - ================================================================================
2025-12-13 17:41:25,252 - __main__ - INFO - Running Optuna on SCALED full dataset
2025-12-13 17:41:25,252 - __main__ - INFO -   Trials: 50
2025-12-13 17:41:25,252 - __main__ - INFO -   Samples: 25984
2025-12-13 17:41:25,252 - __main__ - INFO -   Features: 116
2025-12-13 17:41:25,252 - __main__ - INFO -   Classes: 116
2025-12-13 17:41:25,252 - __main__ - INFO -   NOTE: Data already scaled, using simple train/val split
2025-12-13 17:41:25,252 - __main__ - INFO - 
Starting Optuna optimization...
2025-12-13 18:05:58,594 - __main__ - INFO - 
Optuna optimization completed in 1473.34s
2025-12-13 18:05:58,595 - __main__ - INFO - 
✓ Best hyperparameters found:
2025-12-13 18:05:58,595 - __main__ - INFO -   • C: 0.246377
2025-12-13 18:05:58,595 - __main__ - INFO -   • max_iter: 200
2025-12-13 18:05:58,595 - __main__ - INFO -   • solver: saga
2025-12-13 18:05:58,595 - __main__ - INFO -   • Best validation score: 0.9404
2025-12-13 18:05:58,595 - __main__ - INFO - 
Top 5 trials:
2025-12-13 18:05:58,609 - __main__ - INFO -   1. Trial 9: score=0.9404, C=0.2464, solver=saga, max_iter=200
2025-12-13 18:05:58,609 - __main__ - INFO -   2. Trial 21: score=0.9404, C=0.4504, solver=lbfgs, max_iter=1000
2025-12-13 18:05:58,609 - __main__ - INFO -   3. Trial 33: score=0.9404, C=0.5290, solver=lbfgs, max_iter=1000
2025-12-13 18:05:58,609 - __main__ - INFO -   4. Trial 42: score=0.9404, C=0.4494, solver=lbfgs, max_iter=1000
2025-12-13 18:05:58,609 - __main__ - INFO -   5. Trial 26: score=0.9402, C=0.3764, solver=lbfgs, max_iter=1000
2025-12-13 18:05:58,610 - __main__ - INFO - ================================================================================

2025-12-13 18:05:58,610 - __main__ - INFO - 
================================================================================
2025-12-13 18:05:58,610 - __main__ - INFO - CROSS-VALIDATION WITH FOLD-WISE SCALING (ONE-VS-REST)
2025-12-13 18:05:58,610 - __main__ - INFO - ================================================================================
2025-12-13 18:05:58,610 - __main__ - INFO - Using hyperparameters: C=0.246377, solver=saga, max_iter=200
2025-12-13 18:05:58,610 - __main__ - INFO - Running 5-fold GroupKFold cross-validation...
2025-12-13 18:05:58,610 - __main__ - INFO - Note: StandardScaler fit independently on each fold's training data

2025-12-13 18:05:58,617 - __main__ - INFO - Fold 1/5
2025-12-13 18:05:58,617 - __main__ - INFO -   Train samples: 20764, Test samples: 5220
2025-12-13 18:05:58,620 - __main__ - INFO -   Train subjects: 179, Test subjects: 45
2025-12-13 18:05:58,620 - __main__ - INFO -   Preprocessing fold data (StandardScaler only)...
2025-12-13 18:05:58,620 - __main__ - INFO -   Input shapes - Train: (20764, 116), Test: (5220, 116)
2025-12-13 18:05:58,636 - __main__ - INFO -   Scaled shapes - Train: (20764, 116), Test: (5220, 116)
2025-12-13 18:05:58,636 - __main__ - INFO -   Training OvR with C=0.246377, solver=saga...
2025-12-13 18:06:15,606 - __main__ - INFO -   Predicting on test set...
2025-12-13 18:06:16,283 - __main__ - INFO -   Fold accuracy: 0.9192
2025-12-13 18:06:16,283 - __main__ - INFO -   Fold balanced accuracy: 0.9192
2025-12-13 18:06:16,283 - __main__ - INFO -   Fold time: 17.67s

2025-12-13 18:06:16,284 - __main__ - INFO - Fold 2/5
2025-12-13 18:06:16,284 - __main__ - INFO -   Train samples: 20764, Test samples: 5220
2025-12-13 18:06:16,288 - __main__ - INFO -   Train subjects: 179, Test subjects: 45
2025-12-13 18:06:16,288 - __main__ - INFO -   Preprocessing fold data (StandardScaler only)...
2025-12-13 18:06:16,288 - __main__ - INFO -   Input shapes - Train: (20764, 116), Test: (5220, 116)
2025-12-13 18:06:16,304 - __main__ - INFO -   Scaled shapes - Train: (20764, 116), Test: (5220, 116)
2025-12-13 18:06:16,304 - __main__ - INFO -   Training OvR with C=0.246377, solver=saga...
2025-12-13 18:06:33,483 - __main__ - INFO -   Predicting on test set...
2025-12-13 18:06:33,599 - __main__ - INFO -   Fold accuracy: 0.9289
2025-12-13 18:06:33,599 - __main__ - INFO -   Fold balanced accuracy: 0.9289
2025-12-13 18:06:33,599 - __main__ - INFO -   Fold time: 17.31s

2025-12-13 18:06:33,599 - __main__ - INFO - Fold 3/5
2025-12-13 18:06:33,599 - __main__ - INFO -   Train samples: 20764, Test samples: 5220
2025-12-13 18:06:33,602 - __main__ - INFO -   Train subjects: 179, Test subjects: 45
2025-12-13 18:06:33,602 - __main__ - INFO -   Preprocessing fold data (StandardScaler only)...
2025-12-13 18:06:33,602 - __main__ - INFO -   Input shapes - Train: (20764, 116), Test: (5220, 116)
2025-12-13 18:06:33,615 - __main__ - INFO -   Scaled shapes - Train: (20764, 116), Test: (5220, 116)
2025-12-13 18:06:33,616 - __main__ - INFO -   Training OvR with C=0.246377, solver=saga...
2025-12-13 18:06:50,511 - __main__ - INFO -   Predicting on test set...
2025-12-13 18:06:50,628 - __main__ - INFO -   Fold accuracy: 0.9239
2025-12-13 18:06:50,628 - __main__ - INFO -   Fold balanced accuracy: 0.9239
2025-12-13 18:06:50,628 - __main__ - INFO -   Fold time: 17.03s

2025-12-13 18:06:50,629 - __main__ - INFO - Fold 4/5
2025-12-13 18:06:50,629 - __main__ - INFO -   Train samples: 20764, Test samples: 5220
2025-12-13 18:06:50,631 - __main__ - INFO -   Train subjects: 179, Test subjects: 45
2025-12-13 18:06:50,631 - __main__ - INFO -   Preprocessing fold data (StandardScaler only)...
2025-12-13 18:06:50,631 - __main__ - INFO -   Input shapes - Train: (20764, 116), Test: (5220, 116)
2025-12-13 18:06:50,644 - __main__ - INFO -   Scaled shapes - Train: (20764, 116), Test: (5220, 116)
2025-12-13 18:06:50,645 - __main__ - INFO -   Training OvR with C=0.246377, solver=saga...
2025-12-13 18:07:07,196 - __main__ - INFO -   Predicting on test set...
2025-12-13 18:07:07,321 - __main__ - INFO -   Fold accuracy: 0.9259
2025-12-13 18:07:07,322 - __main__ - INFO -   Fold balanced accuracy: 0.9259
2025-12-13 18:07:07,322 - __main__ - INFO -   Fold time: 16.69s

2025-12-13 18:07:07,322 - __main__ - INFO - Fold 5/5
2025-12-13 18:07:07,322 - __main__ - INFO -   Train samples: 20880, Test samples: 5104
2025-12-13 18:07:07,326 - __main__ - INFO -   Train subjects: 180, Test subjects: 44
2025-12-13 18:07:07,326 - __main__ - INFO -   Preprocessing fold data (StandardScaler only)...
2025-12-13 18:07:07,326 - __main__ - INFO -   Input shapes - Train: (20880, 116), Test: (5104, 116)
2025-12-13 18:07:07,339 - __main__ - INFO -   Scaled shapes - Train: (20880, 116), Test: (5104, 116)
2025-12-13 18:07:07,339 - __main__ - INFO -   Training OvR with C=0.246377, solver=saga...
2025-12-13 18:07:24,322 - __main__ - INFO -   Predicting on test set...
2025-12-13 18:07:24,440 - __main__ - INFO -   Fold accuracy: 0.9152
2025-12-13 18:07:24,440 - __main__ - INFO -   Fold balanced accuracy: 0.9152
2025-12-13 18:07:24,440 - __main__ - INFO -   Fold time: 17.12s

2025-12-13 18:07:24,440 - __main__ - INFO - Cross-validation completed in 85.83s

2025-12-13 18:07:24,446 - __main__ - INFO - Computing overall metrics...
2025-12-13 18:07:24,446 - src.evaluation.hemisphere_metrics - INFO - Computing classification metrics...
2025-12-13 18:07:24,638 - src.evaluation.hemisphere_metrics - INFO -   Accuracy: 0.9226
2025-12-13 18:07:24,638 - src.evaluation.hemisphere_metrics - INFO -   Balanced Accuracy: 0.9226
2025-12-13 18:07:24,638 - src.evaluation.hemisphere_metrics - INFO -   F1 Score: 0.9228
2025-12-13 18:07:24,638 - __main__ - INFO - 
OVERALL RESULTS (LEFT HEMISPHERE - ONE-VS-REST):
2025-12-13 18:07:24,638 - __main__ - INFO -   Mean CV Accuracy: 0.9226
2025-12-13 18:07:24,638 - __main__ - INFO -   Mean CV Balanced Accuracy: 0.9226
2025-12-13 18:07:24,638 - __main__ - INFO -   Top-5 Accuracy: 0.9837207512315271
2025-12-13 18:07:24,638 - __main__ - INFO - 
  Hyperparameters (from Optuna):
2025-12-13 18:07:24,638 - __main__ - INFO -     C: 0.246377, solver: saga, max_iter: 200
2025-12-13 18:07:24,638 - __main__ - INFO -     Optuna validation score: 0.9404
2025-12-13 18:07:24,639 - __main__ - INFO - 
Computing per-region metrics...
2025-12-13 18:07:24,639 - src.evaluation.hemisphere_metrics - INFO - Computing per-region metrics...
2025-12-13 18:07:24,639 - src.evaluation.hemisphere_metrics - INFO -   Computing metrics for 116 regions
2025-12-13 18:07:24,647 - src.evaluation.hemisphere_metrics - INFO -   Mean per-region accuracy: 0.9226
2025-12-13 18:07:24,647 - src.evaluation.hemisphere_metrics - INFO -   Std per-region accuracy: 0.0896
2025-12-13 18:07:24,647 - src.evaluation.hemisphere_metrics - INFO -   Min per-region accuracy: 0.4911
2025-12-13 18:07:24,647 - src.evaluation.hemisphere_metrics - INFO -   Max per-region accuracy: 1.0000
2025-12-13 18:07:24,647 - __main__ - INFO - Computing network-level metrics...
2025-12-13 18:07:24,647 - src.evaluation.hemisphere_metrics - INFO - Computing network-level metrics...
2025-12-13 18:07:24,656 - src.evaluation.hemisphere_metrics - INFO -   Computing metrics for 18 networks
2025-12-13 18:07:24,689 - src.evaluation.hemisphere_metrics - INFO -   Mean network accuracy: 0.9278
2025-12-13 18:07:24,689 - src.evaluation.hemisphere_metrics - INFO -   Best network: SalVentAttnA (accuracy=0.9790)
2025-12-13 18:07:24,689 - src.evaluation.hemisphere_metrics - INFO -   Worst network: LimbicA (accuracy=0.7634)
2025-12-13 18:07:24,689 - __main__ - INFO - Creating confusion matrix...
2025-12-13 18:07:24,689 - src.evaluation.hemisphere_metrics - INFO - Creating confusion matrix...
2025-12-13 18:07:24,690 - src.evaluation.hemisphere_metrics - INFO -   Confusion matrix shape: (116, 116)
2025-12-13 18:07:24,690 - src.evaluation.hemisphere_metrics - INFO -   Total predictions: 25984
2025-12-13 18:07:24,690 - src.evaluation.hemisphere_metrics - INFO -   Correct predictions (diagonal): 23974
2025-12-13 18:07:24,690 - __main__ - INFO - 
Saving results...
2025-12-13 18:07:24,736 - __main__ - INFO - 
Generating visualizations...
2025-12-13 18:07:24,736 - src.visualization.hemisphere_viz - INFO - Plotting confusion matrix: (116, 116)
2025-12-13 18:07:24,770 - src.visualization.hemisphere_viz - INFO -   Added 17 network boundaries
2025-12-13 18:07:25,778 - src.visualization.hemisphere_viz - INFO -   Saved: /home/sjoon/projects/brain_connectivity_classifier/data/results/hemisphere_analysis/left_hemisphere/ovr/confusion_matrix.png
2025-12-13 18:07:25,778 - src.visualization.hemisphere_viz - INFO - Plotting per-region accuracy for 116 regions
2025-12-13 18:07:26,627 - src.visualization.hemisphere_viz - INFO -   Saved: /home/sjoon/projects/brain_connectivity_classifier/data/results/hemisphere_analysis/left_hemisphere/ovr/per_region_accuracy.png
2025-12-13 18:07:26,627 - src.visualization.hemisphere_viz - INFO - Plotting network accuracy for 18 networks
2025-12-13 18:07:27,051 - src.visualization.hemisphere_viz - INFO -   Saved: /home/sjoon/projects/brain_connectivity_classifier/data/results/hemisphere_analysis/left_hemisphere/ovr/network_accuracy.png
2025-12-13 18:07:27,051 - __main__ - INFO - All results saved to: /home/sjoon/projects/brain_connectivity_classifier/data/results/hemisphere_analysis/left_hemisphere/ovr
2025-12-13 18:07:27,051 - __main__ - INFO - 
================================================================================
2025-12-13 18:07:27,051 - __main__ - INFO - TESTING ON TASK DATA (GENDER STROOP) - ONE-VS-REST
2025-12-13 18:07:27,051 - __main__ - INFO - ================================================================================
2025-12-13 18:07:27,051 - __main__ - INFO - Training final OvR model on ALL resting-state data
2025-12-13 18:07:27,051 - __main__ - INFO - Then testing on task data to measure generalization

2025-12-13 18:07:27,051 - __main__ - INFO - Step 1: Loading resting-state data (TRAINING)...
2025-12-13 18:07:27,052 - src.hemisphere.hemisphere_utils - INFO - Loading left hemisphere data from: /home/sjoon/projects/brain_connectivity_classifier/data/processed/hemispheres/LH_PIOP2_Restingstate.csv
2025-12-13 18:07:27,371 - src.hemisphere.hemisphere_utils - INFO -   Subjects: 224
2025-12-13 18:07:27,371 - src.hemisphere.hemisphere_utils - INFO -   Connections: 6670
2025-12-13 18:07:27,374 - src.hemisphere.hemisphere_utils - INFO - Extracting region info from: /home/sjoon/projects/brain_connectivity_classifier/data/processed/hemispheres/LH_PIOP2_Restingstate.csv
2025-12-13 18:07:27,740 - src.hemisphere.hemisphere_utils - INFO - Extracted 116 regions for left hemisphere
2025-12-13 18:07:27,740 - src.hemisphere.hemisphere_utils - INFO -   Regions: 116
2025-12-13 18:07:27,740 - src.hemisphere.hemisphere_utils - INFO - Converting to full connectivity matrices...
2025-12-13 18:07:27,759 - src.hemisphere.hemisphere_utils - INFO -   Matrix shape: (224, 116, 116)
2025-12-13 18:07:27,776 - src.hemisphere.hemisphere_utils - INFO - Connectivity validation completed
2025-12-13 18:07:27,776 - src.hemisphere.hemisphere_utils - INFO - Successfully loaded left hemisphere data
2025-12-13 18:07:27,777 - __main__ - INFO -   Rest data: 224 subjects, 116 regions
2025-12-13 18:07:27,778 - __main__ - INFO - 
Applying diagonal imputation (strategy: region_mean)...
2025-12-13 18:07:27,780 - __main__ - INFO -   Original diagonal range: [1.0000, 1.0000]
2025-12-13 18:07:27,781 - __main__ - INFO -   Original diagonal mean: 1.0000
2025-12-13 18:07:27,900 - __main__ - INFO -   Replaced diagonal with row means
2025-12-13 18:07:27,900 - __main__ - INFO -   New diagonal range: [-0.1899, 0.2207]
2025-12-13 18:07:27,900 - __main__ - INFO -   New diagonal mean: 0.0284
2025-12-13 18:07:27,900 - __main__ - INFO - 
Applying Fisher Z-transformation...
2025-12-13 18:07:27,958 - __main__ - INFO -   Value range after Fisher Z: [-1.2500, 1.8154]
2025-12-13 18:07:27,965 - __main__ - INFO -   Mean: 0.0332, Std: 0.2914
2025-12-13 18:07:27,965 - src.hemisphere.hemisphere_utils - INFO -   Removing diagonal values (self-connections) before classification
2025-12-13 18:07:27,965 - src.hemisphere.hemisphere_utils - INFO -   Original diagonal values (first subject, first 5 regions): [np.float64(-0.008901612424537042), np.float64(0.027939234799402014), np.float64(0.009805427197523572), np.float64(-0.0315809333362432), np.float64(-0.008620041552882787)]
2025-12-13 18:07:27,968 - src.hemisphere.hemisphere_utils - INFO -   After removal (should be all zeros): [np.float64(0.0), np.float64(0.0), np.float64(0.0), np.float64(0.0), np.float64(0.0)]
2025-12-13 18:07:27,997 - src.hemisphere.hemisphere_utils - INFO -   ✅ Diagonal removal verified - no features constant at 1.0
2025-12-13 18:07:27,997 - src.hemisphere.hemisphere_utils - INFO - Prepared classification data:
2025-12-13 18:07:27,997 - src.hemisphere.hemisphere_utils - INFO -   Features (X): (25984, 116)
2025-12-13 18:07:27,997 - src.hemisphere.hemisphere_utils - INFO -   Labels (y): (25984,)
2025-12-13 18:07:27,997 - src.hemisphere.hemisphere_utils - INFO -   Groups: (25984,)
2025-12-13 18:07:27,997 - src.hemisphere.hemisphere_utils - INFO -   Unique labels: 116
2025-12-13 18:07:28,003 - src.hemisphere.hemisphere_utils - INFO -   Unique subjects: 224
2025-12-13 18:07:28,004 - src.hemisphere.hemisphere_utils - INFO -   Feature range: [-1.250, 1.815]
2025-12-13 18:07:28,008 - src.hemisphere.hemisphere_utils - INFO -   Feature mean: 0.033, std: 0.291
2025-12-13 18:07:28,008 - __main__ - INFO -   Rest features: (25984, 116)
2025-12-13 18:07:28,008 - __main__ - INFO - 
Step 2: Loading task data (TESTING)...
2025-12-13 18:07:28,009 - src.hemisphere.hemisphere_utils - INFO - Loading left hemisphere data from: /home/sjoon/projects/brain_connectivity_classifier/data/processed/hemispheres/LH_PIOP1_Gstroop.csv
2025-12-13 18:07:28,259 - src.hemisphere.hemisphere_utils - INFO -   Subjects: 200
2025-12-13 18:07:28,259 - src.hemisphere.hemisphere_utils - INFO -   Connections: 6670
2025-12-13 18:07:28,262 - src.hemisphere.hemisphere_utils - INFO - Extracting region info from: /home/sjoon/projects/brain_connectivity_classifier/data/processed/hemispheres/LH_PIOP1_Gstroop.csv
2025-12-13 18:07:28,618 - src.hemisphere.hemisphere_utils - INFO - Extracted 116 regions for left hemisphere
2025-12-13 18:07:28,618 - src.hemisphere.hemisphere_utils - INFO -   Regions: 116
2025-12-13 18:07:28,618 - src.hemisphere.hemisphere_utils - INFO - Converting to full connectivity matrices...
2025-12-13 18:07:28,636 - src.hemisphere.hemisphere_utils - INFO -   Matrix shape: (200, 116, 116)
2025-12-13 18:07:28,654 - src.hemisphere.hemisphere_utils - INFO - Connectivity validation completed
2025-12-13 18:07:28,654 - src.hemisphere.hemisphere_utils - INFO - Successfully loaded left hemisphere data
2025-12-13 18:07:28,654 - __main__ - INFO -   Task data: 200 subjects, 116 regions
2025-12-13 18:07:28,654 - __main__ - INFO - 
Applying diagonal imputation (strategy: region_mean)...
2025-12-13 18:07:28,656 - __main__ - INFO -   Original diagonal range: [1.0000, 1.0000]
2025-12-13 18:07:28,656 - __main__ - INFO -   Original diagonal mean: 1.0000
2025-12-13 18:07:28,765 - __main__ - INFO -   Replaced diagonal with row means
2025-12-13 18:07:28,765 - __main__ - INFO -   New diagonal range: [-0.1799, 0.3280]
2025-12-13 18:07:28,765 - __main__ - INFO -   New diagonal mean: 0.0284
2025-12-13 18:07:28,765 - __main__ - INFO - 
Applying Fisher Z-transformation...
2025-12-13 18:07:28,813 - __main__ - INFO -   Value range after Fisher Z: [-1.2080, 1.8408]
2025-12-13 18:07:28,818 - __main__ - INFO -   Mean: 0.0329, Std: 0.2800
2025-12-13 18:07:28,818 - src.hemisphere.hemisphere_utils - INFO -   Removing diagonal values (self-connections) before classification
2025-12-13 18:07:28,818 - src.hemisphere.hemisphere_utils - INFO -   Original diagonal values (first subject, first 5 regions): [np.float64(0.03756400419430058), np.float64(-0.006281433432417364), np.float64(-0.04253120820455031), np.float64(0.021136027062215127), np.float64(0.022268923864492588)]
2025-12-13 18:07:28,820 - src.hemisphere.hemisphere_utils - INFO -   After removal (should be all zeros): [np.float64(0.0), np.float64(0.0), np.float64(0.0), np.float64(0.0), np.float64(0.0)]
2025-12-13 18:07:28,846 - src.hemisphere.hemisphere_utils - INFO -   ✅ Diagonal removal verified - no features constant at 1.0
2025-12-13 18:07:28,847 - src.hemisphere.hemisphere_utils - INFO - Prepared classification data:
2025-12-13 18:07:28,847 - src.hemisphere.hemisphere_utils - INFO -   Features (X): (23200, 116)
2025-12-13 18:07:28,847 - src.hemisphere.hemisphere_utils - INFO -   Labels (y): (23200,)
2025-12-13 18:07:28,847 - src.hemisphere.hemisphere_utils - INFO -   Groups: (23200,)
2025-12-13 18:07:28,847 - src.hemisphere.hemisphere_utils - INFO -   Unique labels: 116
2025-12-13 18:07:28,852 - src.hemisphere.hemisphere_utils - INFO -   Unique subjects: 200
2025-12-13 18:07:28,853 - src.hemisphere.hemisphere_utils - INFO -   Feature range: [-1.208, 1.841]
2025-12-13 18:07:28,856 - src.hemisphere.hemisphere_utils - INFO -   Feature mean: 0.033, std: 0.280
2025-12-13 18:07:28,856 - __main__ - INFO -   Task features: (23200, 116)
2025-12-13 18:07:28,856 - __main__ - INFO - 
Step 3: Training final OvR model on ALL resting-state data...
2025-12-13 18:07:28,876 - __main__ - INFO -   Scaled rest data: mean=-0.0000, std=1.0000
2025-12-13 18:07:50,261 - __main__ - INFO -   OvR model trained in 21.38s
2025-12-13 18:07:50,410 - __main__ - INFO -   Rest data accuracy (training set): 0.9655
2025-12-13 18:07:50,410 - __main__ - INFO - 
Step 4: Testing on task data...
2025-12-13 18:07:50,420 - __main__ - INFO -   Scaled task data: mean=-0.0020, std=0.9630
2025-12-13 18:07:50,596 - __main__ - INFO - 
Step 5: Computing task metrics...
2025-12-13 18:07:50,596 - src.evaluation.hemisphere_metrics - INFO - Computing classification metrics...
2025-12-13 18:07:50,767 - src.evaluation.hemisphere_metrics - INFO -   Accuracy: 0.8757
2025-12-13 18:07:50,767 - src.evaluation.hemisphere_metrics - INFO -   Balanced Accuracy: 0.8757
2025-12-13 18:07:50,767 - src.evaluation.hemisphere_metrics - INFO -   F1 Score: 0.8770
2025-12-13 18:07:50,767 - src.evaluation.hemisphere_metrics - INFO - Computing per-region metrics...
2025-12-13 18:07:50,767 - src.evaluation.hemisphere_metrics - INFO -   Computing metrics for 116 regions
2025-12-13 18:07:50,772 - src.evaluation.hemisphere_metrics - INFO -   Mean per-region accuracy: 0.8757
2025-12-13 18:07:50,772 - src.evaluation.hemisphere_metrics - INFO -   Std per-region accuracy: 0.1305
2025-12-13 18:07:50,772 - src.evaluation.hemisphere_metrics - INFO -   Min per-region accuracy: 0.2300
2025-12-13 18:07:50,772 - src.evaluation.hemisphere_metrics - INFO -   Max per-region accuracy: 0.9950
2025-12-13 18:07:50,772 - src.evaluation.hemisphere_metrics - INFO - Computing network-level metrics...
2025-12-13 18:07:50,781 - src.evaluation.hemisphere_metrics - INFO -   Computing metrics for 18 networks
2025-12-13 18:07:50,812 - src.evaluation.hemisphere_metrics - INFO -   Mean network accuracy: 0.8855
2025-12-13 18:07:50,812 - src.evaluation.hemisphere_metrics - INFO -   Best network: SomMotA (accuracy=0.9656)
2025-12-13 18:07:50,812 - src.evaluation.hemisphere_metrics - INFO -   Worst network: Subcortical (accuracy=0.6791)
2025-12-13 18:07:50,812 - src.evaluation.hemisphere_metrics - INFO - Creating confusion matrix...
2025-12-13 18:07:50,813 - src.evaluation.hemisphere_metrics - INFO -   Confusion matrix shape: (116, 116)
2025-12-13 18:07:50,813 - src.evaluation.hemisphere_metrics - INFO -   Total predictions: 23200
2025-12-13 18:07:50,813 - src.evaluation.hemisphere_metrics - INFO -   Correct predictions (diagonal): 20316
2025-12-13 18:07:50,814 - __main__ - INFO - 
Saving task testing results to: /home/sjoon/projects/brain_connectivity_classifier/data/results/hemisphere_analysis/left_hemisphere/task_testing
2025-12-13 18:07:50,850 - __main__ - INFO - 
Generating task testing visualizations...
2025-12-13 18:07:50,850 - src.visualization.hemisphere_viz - INFO - Plotting confusion matrix: (116, 116)
2025-12-13 18:07:50,919 - src.visualization.hemisphere_viz - INFO -   Added 17 network boundaries
2025-12-13 18:07:51,891 - src.visualization.hemisphere_viz - INFO -   Saved: /home/sjoon/projects/brain_connectivity_classifier/data/results/hemisphere_analysis/left_hemisphere/task_testing/task_confusion_matrix.png
2025-12-13 18:07:51,891 - src.visualization.hemisphere_viz - INFO - Plotting per-region accuracy for 116 regions
2025-12-13 18:07:52,724 - src.visualization.hemisphere_viz - INFO -   Saved: /home/sjoon/projects/brain_connectivity_classifier/data/results/hemisphere_analysis/left_hemisphere/task_testing/task_per_region_accuracy.png
2025-12-13 18:07:52,724 - src.visualization.hemisphere_viz - INFO - Plotting network accuracy for 18 networks
2025-12-13 18:07:53,145 - src.visualization.hemisphere_viz - INFO -   Saved: /home/sjoon/projects/brain_connectivity_classifier/data/results/hemisphere_analysis/left_hemisphere/task_testing/task_network_accuracy.png
2025-12-13 18:07:53,145 - __main__ - INFO - 
================================================================================
2025-12-13 18:07:53,145 - __main__ - INFO - TASK TESTING RESULTS (ONE-VS-REST)
2025-12-13 18:07:53,146 - __main__ - INFO - ================================================================================
2025-12-13 18:07:53,146 - __main__ - INFO - Rest (training) accuracy: 0.9655
2025-12-13 18:07:53,146 - __main__ - INFO - Task (testing) accuracy:  0.8757
2025-12-13 18:07:53,146 - __main__ - INFO - Accuracy drop:            0.0898 (9.3%)
2025-12-13 18:07:53,146 - __main__ - INFO - Task top-5 accuracy:      0.9691
2025-12-13 18:07:53,146 - __main__ - INFO - 
Best task network: DefaultC (0.9656)
2025-12-13 18:07:53,146 - __main__ - INFO - Worst task network: Subcortical (0.6791)
2025-12-13 18:07:53,146 - __main__ - INFO - ================================================================================

2025-12-13 18:07:53,147 - __main__ - INFO - 
================================================================================
2025-12-13 18:07:53,147 - __main__ - INFO - TRAINING RIGHT HEMISPHERE (ONE-VS-REST)
2025-12-13 18:07:53,147 - __main__ - INFO - ================================================================================

2025-12-13 18:07:53,148 - __main__ - INFO - Loading hemisphere-specific data...
2025-12-13 18:07:53,149 - src.hemisphere.hemisphere_utils - INFO - Loading right hemisphere data from: /home/sjoon/projects/brain_connectivity_classifier/data/processed/hemispheres/RH_PIOP2_Restingstate.csv
2025-12-13 18:07:53,420 - src.hemisphere.hemisphere_utils - INFO -   Subjects: 224
2025-12-13 18:07:53,420 - src.hemisphere.hemisphere_utils - INFO -   Connections: 6670
2025-12-13 18:07:53,422 - src.hemisphere.hemisphere_utils - INFO - Extracting region info from: /home/sjoon/projects/brain_connectivity_classifier/data/processed/hemispheres/RH_PIOP2_Restingstate.csv
2025-12-13 18:07:53,837 - src.hemisphere.hemisphere_utils - INFO - Extracted 116 regions for right hemisphere
2025-12-13 18:07:53,837 - src.hemisphere.hemisphere_utils - INFO -   Regions: 116
2025-12-13 18:07:53,837 - src.hemisphere.hemisphere_utils - INFO - Converting to full connectivity matrices...
2025-12-13 18:07:53,854 - src.hemisphere.hemisphere_utils - INFO -   Matrix shape: (224, 116, 116)
2025-12-13 18:07:53,871 - src.hemisphere.hemisphere_utils - INFO - Connectivity validation completed
2025-12-13 18:07:53,871 - src.hemisphere.hemisphere_utils - INFO - Successfully loaded right hemisphere data
2025-12-13 18:07:53,872 - __main__ - INFO - Data loaded:
2025-12-13 18:07:53,872 - __main__ - INFO -   Subjects: 224
2025-12-13 18:07:53,872 - __main__ - INFO -   Regions: 116
2025-12-13 18:07:53,872 - __main__ - INFO -   Connectivity shape: (224, 116, 116)
2025-12-13 18:07:53,872 - __main__ - INFO - 
================================================================================
2025-12-13 18:07:53,872 - __main__ - INFO - PREPROCESSING (BEFORE CROSS-VALIDATION)
2025-12-13 18:07:53,872 - __main__ - INFO - ================================================================================
2025-12-13 18:07:53,872 - __main__ - INFO - 
Applying diagonal imputation (strategy: region_mean)...
2025-12-13 18:07:53,874 - __main__ - INFO -   Original diagonal range: [1.0000, 1.0000]
2025-12-13 18:07:53,874 - __main__ - INFO -   Original diagonal mean: 1.0000
2025-12-13 18:07:53,996 - __main__ - INFO -   Replaced diagonal with row means
2025-12-13 18:07:53,996 - __main__ - INFO -   New diagonal range: [-0.1680, 0.2766]
2025-12-13 18:07:53,996 - __main__ - INFO -   New diagonal mean: 0.0287
2025-12-13 18:07:53,996 - __main__ - INFO - 
Applying Fisher Z-transformation...
2025-12-13 18:07:54,053 - __main__ - INFO -   Value range after Fisher Z: [-1.3984, 1.7455]
2025-12-13 18:07:54,058 - __main__ - INFO -   Mean: 0.0338, Std: 0.2966
2025-12-13 18:07:54,058 - __main__ - INFO - 
Preparing classification data (flattening to features)...
2025-12-13 18:07:54,058 - src.hemisphere.hemisphere_utils - INFO -   Removing diagonal values (self-connections) before classification
2025-12-13 18:07:54,058 - src.hemisphere.hemisphere_utils - INFO -   Original diagonal values (first subject, first 5 regions): [np.float64(0.021650803605147817), np.float64(0.04820149683505135), np.float64(0.045209753583810956), np.float64(0.028132438097084676), np.float64(0.017311009921030476)]
2025-12-13 18:07:54,060 - src.hemisphere.hemisphere_utils - INFO -   After removal (should be all zeros): [np.float64(0.0), np.float64(0.0), np.float64(0.0), np.float64(0.0), np.float64(0.0)]
2025-12-13 18:07:54,090 - src.hemisphere.hemisphere_utils - INFO -   ✅ Diagonal removal verified - no features constant at 1.0
2025-12-13 18:07:54,090 - src.hemisphere.hemisphere_utils - INFO - Prepared classification data:
2025-12-13 18:07:54,090 - src.hemisphere.hemisphere_utils - INFO -   Features (X): (25984, 116)
2025-12-13 18:07:54,090 - src.hemisphere.hemisphere_utils - INFO -   Labels (y): (25984,)
2025-12-13 18:07:54,090 - src.hemisphere.hemisphere_utils - INFO -   Groups: (25984,)
2025-12-13 18:07:54,090 - src.hemisphere.hemisphere_utils - INFO -   Unique labels: 116
2025-12-13 18:07:54,096 - src.hemisphere.hemisphere_utils - INFO -   Unique subjects: 224
2025-12-13 18:07:54,096 - src.hemisphere.hemisphere_utils - INFO -   Feature range: [-1.398, 1.745]
2025-12-13 18:07:54,101 - src.hemisphere.hemisphere_utils - INFO -   Feature mean: 0.034, std: 0.297
2025-12-13 18:07:54,101 - __main__ - INFO - Classification data prepared:
2025-12-13 18:07:54,101 - __main__ - INFO -   Samples (X): (25984, 116)
2025-12-13 18:07:54,101 - __main__ - INFO -   Labels (y): (25984,)
2025-12-13 18:07:54,101 - __main__ - INFO -   Classes: 116
2025-12-13 18:07:54,101 - __main__ - INFO - 
✓ Preprocessing completed
2025-12-13 18:07:54,101 - __main__ - INFO - ================================================================================
2025-12-13 18:07:54,101 - __main__ - INFO - 
Scaling full dataset for Optuna optimization...
2025-12-13 18:07:54,121 - __main__ - INFO -   Scaled data - mean: 0.0000, std: 1.0000
2025-12-13 18:07:54,121 - __main__ - INFO - 
================================================================================
2025-12-13 18:07:54,121 - __main__ - INFO - HYPERPARAMETER OPTIMIZATION WITH OPTUNA (ONE-VS-REST)
2025-12-13 18:07:54,121 - __main__ - INFO - ================================================================================
2025-12-13 18:07:54,121 - __main__ - INFO - Running Optuna on SCALED full dataset
2025-12-13 18:07:54,121 - __main__ - INFO -   Trials: 50
2025-12-13 18:07:54,121 - __main__ - INFO -   Samples: 25984
2025-12-13 18:07:54,121 - __main__ - INFO -   Features: 116
2025-12-13 18:07:54,121 - __main__ - INFO -   Classes: 116
2025-12-13 18:07:54,121 - __main__ - INFO -   NOTE: Data already scaled, using simple train/val split
2025-12-13 18:07:54,121 - __main__ - INFO - 
Starting Optuna optimization...
2025-12-13 18:25:52,170 - __main__ - INFO - 
Optuna optimization completed in 1078.05s
2025-12-13 18:25:52,171 - __main__ - INFO - 
✓ Best hyperparameters found:
2025-12-13 18:25:52,171 - __main__ - INFO -   • C: 0.144039
2025-12-13 18:25:52,171 - __main__ - INFO -   • max_iter: 200
2025-12-13 18:25:52,171 - __main__ - INFO -   • solver: saga
2025-12-13 18:25:52,171 - __main__ - INFO -   • Best validation score: 0.9390
2025-12-13 18:25:52,171 - __main__ - INFO - 
Top 5 trials:
2025-12-13 18:25:52,174 - __main__ - INFO -   1. Trial 46: score=0.9390, C=0.1364, solver=saga, max_iter=200
2025-12-13 18:25:52,174 - __main__ - INFO -   2. Trial 18: score=0.9390, C=0.1440, solver=saga, max_iter=200
2025-12-13 18:25:52,174 - __main__ - INFO -   3. Trial 27: score=0.9388, C=0.1323, solver=saga, max_iter=1000
2025-12-13 18:25:52,174 - __main__ - INFO -   4. Trial 49: score=0.9388, C=0.1493, solver=saga, max_iter=200
2025-12-13 18:25:52,174 - __main__ - INFO -   5. Trial 9: score=0.9386, C=0.2464, solver=saga, max_iter=200
2025-12-13 18:25:52,174 - __main__ - INFO - ================================================================================

2025-12-13 18:25:52,174 - __main__ - INFO - 
================================================================================
2025-12-13 18:25:52,174 - __main__ - INFO - CROSS-VALIDATION WITH FOLD-WISE SCALING (ONE-VS-REST)
2025-12-13 18:25:52,174 - __main__ - INFO - ================================================================================
2025-12-13 18:25:52,174 - __main__ - INFO - Using hyperparameters: C=0.144039, solver=saga, max_iter=200
2025-12-13 18:25:52,174 - __main__ - INFO - Running 5-fold GroupKFold cross-validation...
2025-12-13 18:25:52,174 - __main__ - INFO - Note: StandardScaler fit independently on each fold's training data

2025-12-13 18:25:52,181 - __main__ - INFO - Fold 1/5
2025-12-13 18:25:52,182 - __main__ - INFO -   Train samples: 20764, Test samples: 5220
2025-12-13 18:25:52,185 - __main__ - INFO -   Train subjects: 179, Test subjects: 45
2025-12-13 18:25:52,185 - __main__ - INFO -   Preprocessing fold data (StandardScaler only)...
2025-12-13 18:25:52,185 - __main__ - INFO -   Input shapes - Train: (20764, 116), Test: (5220, 116)
2025-12-13 18:25:52,200 - __main__ - INFO -   Scaled shapes - Train: (20764, 116), Test: (5220, 116)
2025-12-13 18:25:52,200 - __main__ - INFO -   Training OvR with C=0.144039, solver=saga...
2025-12-13 18:26:05,276 - __main__ - INFO -   Predicting on test set...
2025-12-13 18:26:05,335 - __main__ - INFO -   Fold accuracy: 0.9226
2025-12-13 18:26:05,335 - __main__ - INFO -   Fold balanced accuracy: 0.9226
2025-12-13 18:26:05,335 - __main__ - INFO -   Fold time: 13.15s

2025-12-13 18:26:05,335 - __main__ - INFO - Fold 2/5
2025-12-13 18:26:05,335 - __main__ - INFO -   Train samples: 20764, Test samples: 5220
2025-12-13 18:26:05,339 - __main__ - INFO -   Train subjects: 179, Test subjects: 45
2025-12-13 18:26:05,340 - __main__ - INFO -   Preprocessing fold data (StandardScaler only)...
2025-12-13 18:26:05,340 - __main__ - INFO -   Input shapes - Train: (20764, 116), Test: (5220, 116)
2025-12-13 18:26:05,353 - __main__ - INFO -   Scaled shapes - Train: (20764, 116), Test: (5220, 116)
2025-12-13 18:26:05,353 - __main__ - INFO -   Training OvR with C=0.144039, solver=saga...
2025-12-13 18:26:17,472 - __main__ - INFO -   Predicting on test set...
2025-12-13 18:26:17,595 - __main__ - INFO -   Fold accuracy: 0.9230
2025-12-13 18:26:17,595 - __main__ - INFO -   Fold balanced accuracy: 0.9230
2025-12-13 18:26:17,595 - __main__ - INFO -   Fold time: 12.26s

2025-12-13 18:26:17,596 - __main__ - INFO - Fold 3/5
2025-12-13 18:26:17,596 - __main__ - INFO -   Train samples: 20764, Test samples: 5220
2025-12-13 18:26:17,598 - __main__ - INFO -   Train subjects: 179, Test subjects: 45
2025-12-13 18:26:17,598 - __main__ - INFO -   Preprocessing fold data (StandardScaler only)...
2025-12-13 18:26:17,598 - __main__ - INFO -   Input shapes - Train: (20764, 116), Test: (5220, 116)
2025-12-13 18:26:17,613 - __main__ - INFO -   Scaled shapes - Train: (20764, 116), Test: (5220, 116)
2025-12-13 18:26:17,613 - __main__ - INFO -   Training OvR with C=0.144039, solver=saga...
2025-12-13 18:26:30,551 - __main__ - INFO -   Predicting on test set...
2025-12-13 18:26:31,520 - __main__ - INFO -   Fold accuracy: 0.9230
2025-12-13 18:26:31,520 - __main__ - INFO -   Fold balanced accuracy: 0.9230
2025-12-13 18:26:31,520 - __main__ - INFO -   Fold time: 13.92s

2025-12-13 18:26:31,521 - __main__ - INFO - Fold 4/5
2025-12-13 18:26:31,521 - __main__ - INFO -   Train samples: 20764, Test samples: 5220
2025-12-13 18:26:31,523 - __main__ - INFO -   Train subjects: 179, Test subjects: 45
2025-12-13 18:26:31,523 - __main__ - INFO -   Preprocessing fold data (StandardScaler only)...
2025-12-13 18:26:31,523 - __main__ - INFO -   Input shapes - Train: (20764, 116), Test: (5220, 116)
2025-12-13 18:26:31,539 - __main__ - INFO -   Scaled shapes - Train: (20764, 116), Test: (5220, 116)
2025-12-13 18:26:31,539 - __main__ - INFO -   Training OvR with C=0.144039, solver=saga...
2025-12-13 18:26:44,636 - __main__ - INFO -   Predicting on test set...
2025-12-13 18:26:44,694 - __main__ - INFO -   Fold accuracy: 0.9201
2025-12-13 18:26:44,694 - __main__ - INFO -   Fold balanced accuracy: 0.9201
2025-12-13 18:26:44,694 - __main__ - INFO -   Fold time: 13.17s

2025-12-13 18:26:44,694 - __main__ - INFO - Fold 5/5
2025-12-13 18:26:44,695 - __main__ - INFO -   Train samples: 20880, Test samples: 5104
2025-12-13 18:26:44,698 - __main__ - INFO -   Train subjects: 180, Test subjects: 44
2025-12-13 18:26:44,698 - __main__ - INFO -   Preprocessing fold data (StandardScaler only)...
2025-12-13 18:26:44,698 - __main__ - INFO -   Input shapes - Train: (20880, 116), Test: (5104, 116)
2025-12-13 18:26:44,711 - __main__ - INFO -   Scaled shapes - Train: (20880, 116), Test: (5104, 116)
2025-12-13 18:26:44,712 - __main__ - INFO -   Training OvR with C=0.144039, solver=saga...
2025-12-13 18:26:57,848 - __main__ - INFO -   Predicting on test set...
2025-12-13 18:26:57,961 - __main__ - INFO -   Fold accuracy: 0.9154
2025-12-13 18:26:57,961 - __main__ - INFO -   Fold balanced accuracy: 0.9154
2025-12-13 18:26:57,962 - __main__ - INFO -   Fold time: 13.27s

2025-12-13 18:26:57,962 - __main__ - INFO - Cross-validation completed in 65.79s

2025-12-13 18:26:57,970 - __main__ - INFO - Computing overall metrics...
2025-12-13 18:26:57,970 - src.evaluation.hemisphere_metrics - INFO - Computing classification metrics...
2025-12-13 18:26:58,163 - src.evaluation.hemisphere_metrics - INFO -   Accuracy: 0.9208
2025-12-13 18:26:58,163 - src.evaluation.hemisphere_metrics - INFO -   Balanced Accuracy: 0.9208
2025-12-13 18:26:58,163 - src.evaluation.hemisphere_metrics - INFO -   F1 Score: 0.9210
2025-12-13 18:26:58,163 - __main__ - INFO - 
OVERALL RESULTS (RIGHT HEMISPHERE - ONE-VS-REST):
2025-12-13 18:26:58,163 - __main__ - INFO -   Mean CV Accuracy: 0.9208
2025-12-13 18:26:58,163 - __main__ - INFO -   Mean CV Balanced Accuracy: 0.9208
2025-12-13 18:26:58,163 - __main__ - INFO -   Top-5 Accuracy: 0.9828355911330049
2025-12-13 18:26:58,163 - __main__ - INFO - 
  Hyperparameters (from Optuna):
2025-12-13 18:26:58,163 - __main__ - INFO -     C: 0.144039, solver: saga, max_iter: 200
2025-12-13 18:26:58,163 - __main__ - INFO -     Optuna validation score: 0.9390
2025-12-13 18:26:58,163 - __main__ - INFO - 
Computing per-region metrics...
2025-12-13 18:26:58,163 - src.evaluation.hemisphere_metrics - INFO - Computing per-region metrics...
2025-12-13 18:26:58,163 - src.evaluation.hemisphere_metrics - INFO -   Computing metrics for 116 regions
2025-12-13 18:26:58,168 - src.evaluation.hemisphere_metrics - INFO -   Mean per-region accuracy: 0.9208
2025-12-13 18:26:58,168 - src.evaluation.hemisphere_metrics - INFO -   Std per-region accuracy: 0.0939
2025-12-13 18:26:58,168 - src.evaluation.hemisphere_metrics - INFO -   Min per-region accuracy: 0.4777
2025-12-13 18:26:58,168 - src.evaluation.hemisphere_metrics - INFO -   Max per-region accuracy: 1.0000
2025-12-13 18:26:58,168 - __main__ - INFO - Computing network-level metrics...
2025-12-13 18:26:58,168 - src.evaluation.hemisphere_metrics - INFO - Computing network-level metrics...
2025-12-13 18:26:58,178 - src.evaluation.hemisphere_metrics - INFO -   Computing metrics for 18 networks
2025-12-13 18:26:58,209 - src.evaluation.hemisphere_metrics - INFO -   Mean network accuracy: 0.9288
2025-12-13 18:26:58,209 - src.evaluation.hemisphere_metrics - INFO -   Best network: VisPeri (accuracy=0.9903)
2025-12-13 18:26:58,209 - src.evaluation.hemisphere_metrics - INFO -   Worst network: LimbicA (accuracy=0.8036)
2025-12-13 18:26:58,209 - __main__ - INFO - Creating confusion matrix...
2025-12-13 18:26:58,209 - src.evaluation.hemisphere_metrics - INFO - Creating confusion matrix...
2025-12-13 18:26:58,210 - src.evaluation.hemisphere_metrics - INFO -   Confusion matrix shape: (116, 116)
2025-12-13 18:26:58,210 - src.evaluation.hemisphere_metrics - INFO -   Total predictions: 25984
2025-12-13 18:26:58,210 - src.evaluation.hemisphere_metrics - INFO -   Correct predictions (diagonal): 23927
2025-12-13 18:26:58,210 - __main__ - INFO - 
Saving results...
2025-12-13 18:26:58,254 - __main__ - INFO - 
Generating visualizations...
2025-12-13 18:26:58,254 - src.visualization.hemisphere_viz - INFO - Plotting confusion matrix: (116, 116)
2025-12-13 18:26:58,275 - src.visualization.hemisphere_viz - INFO -   Added 17 network boundaries
2025-12-13 18:26:59,254 - src.visualization.hemisphere_viz - INFO -   Saved: /home/sjoon/projects/brain_connectivity_classifier/data/results/hemisphere_analysis/right_hemisphere/ovr/confusion_matrix.png
2025-12-13 18:26:59,255 - src.visualization.hemisphere_viz - INFO - Plotting per-region accuracy for 116 regions
2025-12-13 18:27:00,107 - src.visualization.hemisphere_viz - INFO -   Saved: /home/sjoon/projects/brain_connectivity_classifier/data/results/hemisphere_analysis/right_hemisphere/ovr/per_region_accuracy.png
2025-12-13 18:27:00,107 - src.visualization.hemisphere_viz - INFO - Plotting network accuracy for 18 networks
2025-12-13 18:27:00,529 - src.visualization.hemisphere_viz - INFO -   Saved: /home/sjoon/projects/brain_connectivity_classifier/data/results/hemisphere_analysis/right_hemisphere/ovr/network_accuracy.png
2025-12-13 18:27:00,530 - __main__ - INFO - All results saved to: /home/sjoon/projects/brain_connectivity_classifier/data/results/hemisphere_analysis/right_hemisphere/ovr
2025-12-13 18:27:00,530 - __main__ - INFO - 
================================================================================
2025-12-13 18:27:00,530 - __main__ - INFO - TESTING ON TASK DATA (GENDER STROOP) - ONE-VS-REST
2025-12-13 18:27:00,530 - __main__ - INFO - ================================================================================
2025-12-13 18:27:00,530 - __main__ - INFO - Training final OvR model on ALL resting-state data
2025-12-13 18:27:00,530 - __main__ - INFO - Then testing on task data to measure generalization

2025-12-13 18:27:00,530 - __main__ - INFO - Step 1: Loading resting-state data (TRAINING)...
2025-12-13 18:27:00,531 - src.hemisphere.hemisphere_utils - INFO - Loading right hemisphere data from: /home/sjoon/projects/brain_connectivity_classifier/data/processed/hemispheres/RH_PIOP2_Restingstate.csv
2025-12-13 18:27:00,795 - src.hemisphere.hemisphere_utils - INFO -   Subjects: 224
2025-12-13 18:27:00,795 - src.hemisphere.hemisphere_utils - INFO -   Connections: 6670
2025-12-13 18:27:00,798 - src.hemisphere.hemisphere_utils - INFO - Extracting region info from: /home/sjoon/projects/brain_connectivity_classifier/data/processed/hemispheres/RH_PIOP2_Restingstate.csv
2025-12-13 18:27:01,232 - src.hemisphere.hemisphere_utils - INFO - Extracted 116 regions for right hemisphere
2025-12-13 18:27:01,232 - src.hemisphere.hemisphere_utils - INFO -   Regions: 116
2025-12-13 18:27:01,232 - src.hemisphere.hemisphere_utils - INFO - Converting to full connectivity matrices...
2025-12-13 18:27:01,249 - src.hemisphere.hemisphere_utils - INFO -   Matrix shape: (224, 116, 116)
2025-12-13 18:27:01,268 - src.hemisphere.hemisphere_utils - INFO - Connectivity validation completed
2025-12-13 18:27:01,268 - src.hemisphere.hemisphere_utils - INFO - Successfully loaded right hemisphere data
2025-12-13 18:27:01,268 - __main__ - INFO -   Rest data: 224 subjects, 116 regions
2025-12-13 18:27:01,268 - __main__ - INFO - 
Applying diagonal imputation (strategy: region_mean)...
2025-12-13 18:27:01,270 - __main__ - INFO -   Original diagonal range: [1.0000, 1.0000]
2025-12-13 18:27:01,270 - __main__ - INFO -   Original diagonal mean: 1.0000
2025-12-13 18:27:01,394 - __main__ - INFO -   Replaced diagonal with row means
2025-12-13 18:27:01,394 - __main__ - INFO -   New diagonal range: [-0.1680, 0.2766]
2025-12-13 18:27:01,394 - __main__ - INFO -   New diagonal mean: 0.0287
2025-12-13 18:27:01,394 - __main__ - INFO - 
Applying Fisher Z-transformation...
2025-12-13 18:27:01,452 - __main__ - INFO -   Value range after Fisher Z: [-1.3984, 1.7455]
2025-12-13 18:27:01,458 - __main__ - INFO -   Mean: 0.0338, Std: 0.2966
2025-12-13 18:27:01,458 - src.hemisphere.hemisphere_utils - INFO -   Removing diagonal values (self-connections) before classification
2025-12-13 18:27:01,458 - src.hemisphere.hemisphere_utils - INFO -   Original diagonal values (first subject, first 5 regions): [np.float64(0.021650803605147817), np.float64(0.04820149683505135), np.float64(0.045209753583810956), np.float64(0.028132438097084676), np.float64(0.017311009921030476)]
2025-12-13 18:27:01,460 - src.hemisphere.hemisphere_utils - INFO -   After removal (should be all zeros): [np.float64(0.0), np.float64(0.0), np.float64(0.0), np.float64(0.0), np.float64(0.0)]
2025-12-13 18:27:01,490 - src.hemisphere.hemisphere_utils - INFO -   ✅ Diagonal removal verified - no features constant at 1.0
2025-12-13 18:27:01,490 - src.hemisphere.hemisphere_utils - INFO - Prepared classification data:
2025-12-13 18:27:01,490 - src.hemisphere.hemisphere_utils - INFO -   Features (X): (25984, 116)
2025-12-13 18:27:01,490 - src.hemisphere.hemisphere_utils - INFO -   Labels (y): (25984,)
2025-12-13 18:27:01,490 - src.hemisphere.hemisphere_utils - INFO -   Groups: (25984,)
2025-12-13 18:27:01,490 - src.hemisphere.hemisphere_utils - INFO -   Unique labels: 116
2025-12-13 18:27:01,496 - src.hemisphere.hemisphere_utils - INFO -   Unique subjects: 224
2025-12-13 18:27:01,497 - src.hemisphere.hemisphere_utils - INFO -   Feature range: [-1.398, 1.745]
2025-12-13 18:27:01,502 - src.hemisphere.hemisphere_utils - INFO -   Feature mean: 0.034, std: 0.297
2025-12-13 18:27:01,502 - __main__ - INFO -   Rest features: (25984, 116)
2025-12-13 18:27:01,502 - __main__ - INFO - 
Step 2: Loading task data (TESTING)...
2025-12-13 18:27:01,503 - src.hemisphere.hemisphere_utils - INFO - Loading right hemisphere data from: /home/sjoon/projects/brain_connectivity_classifier/data/processed/hemispheres/RH_PIOP1_Gstroop.csv
2025-12-13 18:27:01,755 - src.hemisphere.hemisphere_utils - INFO -   Subjects: 200
2025-12-13 18:27:01,755 - src.hemisphere.hemisphere_utils - INFO -   Connections: 6670
2025-12-13 18:27:01,758 - src.hemisphere.hemisphere_utils - INFO - Extracting region info from: /home/sjoon/projects/brain_connectivity_classifier/data/processed/hemispheres/RH_PIOP1_Gstroop.csv
2025-12-13 18:27:02,129 - src.hemisphere.hemisphere_utils - INFO - Extracted 116 regions for right hemisphere
2025-12-13 18:27:02,129 - src.hemisphere.hemisphere_utils - INFO -   Regions: 116
2025-12-13 18:27:02,129 - src.hemisphere.hemisphere_utils - INFO - Converting to full connectivity matrices...
2025-12-13 18:27:02,147 - src.hemisphere.hemisphere_utils - INFO -   Matrix shape: (200, 116, 116)
2025-12-13 18:27:02,163 - src.hemisphere.hemisphere_utils - INFO - Connectivity validation completed
2025-12-13 18:27:02,163 - src.hemisphere.hemisphere_utils - INFO - Successfully loaded right hemisphere data
2025-12-13 18:27:02,163 - __main__ - INFO -   Task data: 200 subjects, 116 regions
2025-12-13 18:27:02,163 - __main__ - INFO - 
Applying diagonal imputation (strategy: region_mean)...
2025-12-13 18:27:02,165 - __main__ - INFO -   Original diagonal range: [1.0000, 1.0000]
2025-12-13 18:27:02,165 - __main__ - INFO -   Original diagonal mean: 1.0000
2025-12-13 18:27:02,273 - __main__ - INFO -   Replaced diagonal with row means
2025-12-13 18:27:02,273 - __main__ - INFO -   New diagonal range: [-0.1479, 0.3561]
2025-12-13 18:27:02,273 - __main__ - INFO -   New diagonal mean: 0.0303
2025-12-13 18:27:02,273 - __main__ - INFO - 
Applying Fisher Z-transformation...
2025-12-13 18:27:02,323 - __main__ - INFO -   Value range after Fisher Z: [-1.3069, 1.7673]
2025-12-13 18:27:02,328 - __main__ - INFO -   Mean: 0.0348, Std: 0.2804
2025-12-13 18:27:02,329 - src.hemisphere.hemisphere_utils - INFO -   Removing diagonal values (self-connections) before classification
2025-12-13 18:27:02,329 - src.hemisphere.hemisphere_utils - INFO -   Original diagonal values (first subject, first 5 regions): [np.float64(0.06085067104828221), np.float64(0.07529497501560747), np.float64(0.010610299455312966), np.float64(0.0009005334298231078), np.float64(0.03764381102152011)]
2025-12-13 18:27:02,330 - src.hemisphere.hemisphere_utils - INFO -   After removal (should be all zeros): [np.float64(0.0), np.float64(0.0), np.float64(0.0), np.float64(0.0), np.float64(0.0)]
2025-12-13 18:27:02,356 - src.hemisphere.hemisphere_utils - INFO -   ✅ Diagonal removal verified - no features constant at 1.0
2025-12-13 18:27:02,357 - src.hemisphere.hemisphere_utils - INFO - Prepared classification data:
2025-12-13 18:27:02,357 - src.hemisphere.hemisphere_utils - INFO -   Features (X): (23200, 116)
2025-12-13 18:27:02,357 - src.hemisphere.hemisphere_utils - INFO -   Labels (y): (23200,)
2025-12-13 18:27:02,357 - src.hemisphere.hemisphere_utils - INFO -   Groups: (23200,)
2025-12-13 18:27:02,357 - src.hemisphere.hemisphere_utils - INFO -   Unique labels: 116
2025-12-13 18:27:02,362 - src.hemisphere.hemisphere_utils - INFO -   Unique subjects: 200
2025-12-13 18:27:02,363 - src.hemisphere.hemisphere_utils - INFO -   Feature range: [-1.307, 1.767]
2025-12-13 18:27:02,367 - src.hemisphere.hemisphere_utils - INFO -   Feature mean: 0.035, std: 0.280
2025-12-13 18:27:02,367 - __main__ - INFO -   Task features: (23200, 116)
2025-12-13 18:27:02,367 - __main__ - INFO - 
Step 3: Training final OvR model on ALL resting-state data...
2025-12-13 18:27:02,389 - __main__ - INFO -   Scaled rest data: mean=0.0000, std=1.0000
2025-12-13 18:27:18,141 - __main__ - INFO -   OvR model trained in 15.75s
2025-12-13 18:27:18,285 - __main__ - INFO -   Rest data accuracy (training set): 0.9617
2025-12-13 18:27:18,285 - __main__ - INFO - 
Step 4: Testing on task data...
2025-12-13 18:27:18,294 - __main__ - INFO -   Scaled task data: mean=0.0032, std=0.9474
2025-12-13 18:27:18,472 - __main__ - INFO - 
Step 5: Computing task metrics...
2025-12-13 18:27:18,472 - src.evaluation.hemisphere_metrics - INFO - Computing classification metrics...
2025-12-13 18:27:18,644 - src.evaluation.hemisphere_metrics - INFO -   Accuracy: 0.8710
2025-12-13 18:27:18,644 - src.evaluation.hemisphere_metrics - INFO -   Balanced Accuracy: 0.8710
2025-12-13 18:27:18,644 - src.evaluation.hemisphere_metrics - INFO -   F1 Score: 0.8723
2025-12-13 18:27:18,644 - src.evaluation.hemisphere_metrics - INFO - Computing per-region metrics...
2025-12-13 18:27:18,644 - src.evaluation.hemisphere_metrics - INFO -   Computing metrics for 116 regions
2025-12-13 18:27:18,648 - src.evaluation.hemisphere_metrics - INFO -   Mean per-region accuracy: 0.8710
2025-12-13 18:27:18,648 - src.evaluation.hemisphere_metrics - INFO -   Std per-region accuracy: 0.1391
2025-12-13 18:27:18,649 - src.evaluation.hemisphere_metrics - INFO -   Min per-region accuracy: 0.2300
2025-12-13 18:27:18,649 - src.evaluation.hemisphere_metrics - INFO -   Max per-region accuracy: 1.0000
2025-12-13 18:27:18,649 - src.evaluation.hemisphere_metrics - INFO - Computing network-level metrics...
2025-12-13 18:27:18,657 - src.evaluation.hemisphere_metrics - INFO -   Computing metrics for 18 networks
2025-12-13 18:27:18,688 - src.evaluation.hemisphere_metrics - INFO -   Mean network accuracy: 0.8878
2025-12-13 18:27:18,688 - src.evaluation.hemisphere_metrics - INFO -   Best network: SomMotA (accuracy=0.9695)
2025-12-13 18:27:18,688 - src.evaluation.hemisphere_metrics - INFO -   Worst network: Subcortical (accuracy=0.6512)
2025-12-13 18:27:18,689 - src.evaluation.hemisphere_metrics - INFO - Creating confusion matrix...
2025-12-13 18:27:18,689 - src.evaluation.hemisphere_metrics - INFO -   Confusion matrix shape: (116, 116)
2025-12-13 18:27:18,689 - src.evaluation.hemisphere_metrics - INFO -   Total predictions: 23200
2025-12-13 18:27:18,689 - src.evaluation.hemisphere_metrics - INFO -   Correct predictions (diagonal): 20208
2025-12-13 18:27:18,690 - __main__ - INFO - 
Saving task testing results to: /home/sjoon/projects/brain_connectivity_classifier/data/results/hemisphere_analysis/right_hemisphere/task_testing
2025-12-13 18:27:18,729 - __main__ - INFO - 
Generating task testing visualizations...
2025-12-13 18:27:18,729 - src.visualization.hemisphere_viz - INFO - Plotting confusion matrix: (116, 116)
2025-12-13 18:27:18,750 - src.visualization.hemisphere_viz - INFO -   Added 17 network boundaries
2025-12-13 18:27:19,727 - src.visualization.hemisphere_viz - INFO -   Saved: /home/sjoon/projects/brain_connectivity_classifier/data/results/hemisphere_analysis/right_hemisphere/task_testing/task_confusion_matrix.png
2025-12-13 18:27:19,727 - src.visualization.hemisphere_viz - INFO - Plotting per-region accuracy for 116 regions
2025-12-13 18:27:20,576 - src.visualization.hemisphere_viz - INFO -   Saved: /home/sjoon/projects/brain_connectivity_classifier/data/results/hemisphere_analysis/right_hemisphere/task_testing/task_per_region_accuracy.png
2025-12-13 18:27:20,576 - src.visualization.hemisphere_viz - INFO - Plotting network accuracy for 18 networks
2025-12-13 18:27:21,059 - src.visualization.hemisphere_viz - INFO -   Saved: /home/sjoon/projects/brain_connectivity_classifier/data/results/hemisphere_analysis/right_hemisphere/task_testing/task_network_accuracy.png
2025-12-13 18:27:21,060 - __main__ - INFO - 
================================================================================
2025-12-13 18:27:21,060 - __main__ - INFO - TASK TESTING RESULTS (ONE-VS-REST)
2025-12-13 18:27:21,060 - __main__ - INFO - ================================================================================
2025-12-13 18:27:21,060 - __main__ - INFO - Rest (training) accuracy: 0.9617
2025-12-13 18:27:21,060 - __main__ - INFO - Task (testing) accuracy:  0.8710
2025-12-13 18:27:21,060 - __main__ - INFO - Accuracy drop:            0.0906 (9.4%)
2025-12-13 18:27:21,060 - __main__ - INFO - Task top-5 accuracy:      0.9640
2025-12-13 18:27:21,060 - __main__ - INFO - 
Best task network: DefaultC (0.9695)
2025-12-13 18:27:21,060 - __main__ - INFO - Worst task network: Subcortical (0.6512)
2025-12-13 18:27:21,060 - __main__ - INFO - ================================================================================

2025-12-13 18:27:21,061 - __main__ - INFO - 
================================================================================
2025-12-13 18:27:21,061 - __main__ - INFO - COMPARING HEMISPHERES (ONE-VS-REST)
2025-12-13 18:27:21,061 - __main__ - INFO - ================================================================================

2025-12-13 18:27:21,061 - __main__ - INFO - Left: 0.9226, Right: 0.9208, Diff: 0.0018
2025-12-13 18:27:21,062 - __main__ - INFO - Paired t-test: t=0.9988, p=0.3744
2025-12-13 18:27:21,062 - __main__ - INFO - 
Task Testing (OvR):
2025-12-13 18:27:21,062 - __main__ - INFO -   Left task accuracy: 0.8757
2025-12-13 18:27:21,062 - __main__ - INFO -   Right task accuracy: 0.8710
2025-12-13 18:27:21,062 - __main__ - INFO -   Left accuracy drop: 0.0898
2025-12-13 18:27:21,062 - __main__ - INFO -   Right accuracy drop: 0.0906
2025-12-13 18:27:21,064 - __main__ - INFO - Comparison saved to: /home/sjoon/projects/brain_connectivity_classifier/data/results/hemisphere_analysis/comparison_ovr
2025-12-13 18:27:21,064 - __main__ - INFO - 
================================================================================
2025-12-13 18:27:21,064 - __main__ - INFO - TRAINING COMPLETED SUCCESSFULLY (ONE-VS-REST)
2025-12-13 18:27:21,064 - __main__ - INFO - ================================================================================
2025-12-14 14:37:29,021 - __main__ - INFO - ================================================================================
2025-12-14 14:37:29,021 - __main__ - INFO - HEMISPHERE-SPECIFIC CLASSIFICATION (ONE-VS-REST)
2025-12-14 14:37:29,021 - __main__ - INFO - Preprocessing: Diagonal imputation + Fisher Z → StandardScaler
2025-12-14 14:37:29,021 - __main__ - INFO - Model: One-vs-Rest (OvR) - N binary classifiers
2025-12-14 14:37:29,021 - __main__ - INFO - Optuna: Runs on scaled full dataset
2025-12-14 14:37:29,021 - __main__ - INFO - CV: Independent scaling per fold
2025-12-14 14:37:29,021 - __main__ - INFO - Task Testing: Enabled (train on rest, test on task)
2025-12-14 14:37:29,021 - __main__ - INFO - ================================================================================
2025-12-14 14:37:29,021 - __main__ - INFO - 
================================================================================
2025-12-14 14:37:29,022 - __main__ - INFO - TRAINING LEFT HEMISPHERE (ONE-VS-REST)
2025-12-14 14:37:29,022 - __main__ - INFO - ================================================================================

2025-12-14 14:37:29,022 - __main__ - INFO - Loading hemisphere-specific data...
2025-12-14 14:37:29,022 - src.hemisphere.hemisphere_utils - INFO - Loading left hemisphere data from: /home/sjoon/projects/brain_connectivity_classifier/data/processed/hemispheres/LH_PIOP2_Restingstate.csv
2025-12-14 14:37:29,311 - src.hemisphere.hemisphere_utils - INFO -   Subjects: 224
2025-12-14 14:37:29,311 - src.hemisphere.hemisphere_utils - INFO -   Connections: 6670
2025-12-14 14:37:29,315 - src.hemisphere.hemisphere_utils - INFO - Extracting region info from: /home/sjoon/projects/brain_connectivity_classifier/data/processed/hemispheres/LH_PIOP2_Restingstate.csv
2025-12-14 14:37:29,664 - src.hemisphere.hemisphere_utils - INFO - Extracted 116 regions for left hemisphere
2025-12-14 14:37:29,664 - src.hemisphere.hemisphere_utils - INFO -   Regions: 116
2025-12-14 14:37:29,664 - src.hemisphere.hemisphere_utils - INFO - Converting to full connectivity matrices...
2025-12-14 14:37:29,681 - src.hemisphere.hemisphere_utils - INFO -   Matrix shape: (224, 116, 116)
2025-12-14 14:37:29,703 - src.hemisphere.hemisphere_utils - INFO - Connectivity validation completed
2025-12-14 14:37:29,703 - src.hemisphere.hemisphere_utils - INFO - Successfully loaded left hemisphere data
2025-12-14 14:37:29,704 - __main__ - INFO - Data loaded:
2025-12-14 14:37:29,704 - __main__ - INFO -   Subjects: 224
2025-12-14 14:37:29,704 - __main__ - INFO -   Regions: 116
2025-12-14 14:37:29,704 - __main__ - INFO -   Connectivity shape: (224, 116, 116)
2025-12-14 14:37:29,704 - __main__ - INFO - 
================================================================================
2025-12-14 14:37:29,704 - __main__ - INFO - PREPROCESSING (BEFORE CROSS-VALIDATION)
2025-12-14 14:37:29,704 - __main__ - INFO - ================================================================================
2025-12-14 14:37:29,704 - __main__ - INFO - 
Applying diagonal imputation (strategy: region_mean)...
2025-12-14 14:37:29,707 - __main__ - INFO -   Original diagonal range: [1.0000, 1.0000]
2025-12-14 14:37:29,708 - __main__ - INFO -   Original diagonal mean: 1.0000
2025-12-14 14:37:29,832 - __main__ - INFO -   Replaced diagonal with row means
2025-12-14 14:37:29,832 - __main__ - INFO -   New diagonal range: [-0.1899, 0.2207]
2025-12-14 14:37:29,832 - __main__ - INFO -   New diagonal mean: 0.0284
2025-12-14 14:37:29,832 - __main__ - INFO - 
Applying Fisher Z-transformation...
2025-12-14 14:37:29,890 - __main__ - INFO -   Value range after Fisher Z: [-1.2500, 1.8154]
2025-12-14 14:37:29,896 - __main__ - INFO -   Mean: 0.0332, Std: 0.2914
2025-12-14 14:37:29,896 - __main__ - INFO - 
Preparing classification data (flattening to features)...
2025-12-14 14:37:29,896 - src.hemisphere.hemisphere_utils - INFO -   Removing diagonal values (self-connections) before classification
2025-12-14 14:37:29,896 - src.hemisphere.hemisphere_utils - INFO -   Original diagonal values (first subject, first 5 regions): [np.float64(-0.008901612424537042), np.float64(0.027939234799402014), np.float64(0.009805427197523572), np.float64(-0.0315809333362432), np.float64(-0.008620041552882787)]
2025-12-14 14:37:29,898 - src.hemisphere.hemisphere_utils - INFO -   After removal (should be all zeros): [np.float64(0.0), np.float64(0.0), np.float64(0.0), np.float64(0.0), np.float64(0.0)]
2025-12-14 14:37:29,928 - src.hemisphere.hemisphere_utils - INFO -   ✅ Diagonal removal verified - no features constant at 1.0
2025-12-14 14:37:29,928 - src.hemisphere.hemisphere_utils - INFO - Prepared classification data:
2025-12-14 14:37:29,928 - src.hemisphere.hemisphere_utils - INFO -   Features (X): (25984, 116)
2025-12-14 14:37:29,928 - src.hemisphere.hemisphere_utils - INFO -   Labels (y): (25984,)
2025-12-14 14:37:29,928 - src.hemisphere.hemisphere_utils - INFO -   Groups: (25984,)
2025-12-14 14:37:29,928 - src.hemisphere.hemisphere_utils - INFO -   Unique labels: 116
2025-12-14 14:37:29,934 - src.hemisphere.hemisphere_utils - INFO -   Unique subjects: 224
2025-12-14 14:37:29,935 - src.hemisphere.hemisphere_utils - INFO -   Feature range: [-1.250, 1.815]
2025-12-14 14:37:29,939 - src.hemisphere.hemisphere_utils - INFO -   Feature mean: 0.033, std: 0.291
2025-12-14 14:37:29,940 - __main__ - INFO - Classification data prepared:
2025-12-14 14:37:29,940 - __main__ - INFO -   Samples (X): (25984, 116)
2025-12-14 14:37:29,940 - __main__ - INFO -   Labels (y): (25984,)
2025-12-14 14:37:29,940 - __main__ - INFO -   Classes: 116
2025-12-14 14:37:29,940 - __main__ - INFO - 
✓ Preprocessing completed
2025-12-14 14:37:29,940 - __main__ - INFO - ================================================================================
2025-12-14 14:37:29,940 - __main__ - INFO - 
Scaling full dataset for Optuna optimization...
2025-12-14 14:37:29,959 - __main__ - INFO -   Scaled data - mean: -0.0000, std: 1.0000
2025-12-14 14:37:29,959 - __main__ - INFO - 
================================================================================
2025-12-14 14:37:29,959 - __main__ - INFO - HYPERPARAMETER OPTIMIZATION WITH OPTUNA (ONE-VS-REST)
2025-12-14 14:37:29,959 - __main__ - INFO - ================================================================================
2025-12-14 14:37:29,959 - __main__ - INFO - Running Optuna on SCALED full dataset
2025-12-14 14:37:29,959 - __main__ - INFO -   Trials: 50
2025-12-14 14:37:29,959 - __main__ - INFO -   Samples: 25984
2025-12-14 14:37:29,959 - __main__ - INFO -   Features: 116
2025-12-14 14:37:29,960 - __main__ - INFO -   Classes: 116
2025-12-14 14:37:29,960 - __main__ - INFO -   NOTE: Data already scaled, using simple train/val split
2025-12-14 14:37:29,960 - __main__ - INFO - 
Starting Optuna optimization...
2025-12-14 15:02:07,501 - __main__ - INFO - 
Optuna optimization completed in 1477.54s
2025-12-14 15:02:07,502 - __main__ - INFO - 
✓ Best hyperparameters found:
2025-12-14 15:02:07,502 - __main__ - INFO -   • C: 0.246377
2025-12-14 15:02:07,502 - __main__ - INFO -   • max_iter: 200
2025-12-14 15:02:07,502 - __main__ - INFO -   • solver: saga
2025-12-14 15:02:07,502 - __main__ - INFO -   • Best validation score: 0.9404
2025-12-14 15:02:07,502 - __main__ - INFO - 
Top 5 trials:
2025-12-14 15:02:07,506 - __main__ - INFO -   1. Trial 9: score=0.9404, C=0.2464, solver=saga, max_iter=200
2025-12-14 15:02:07,506 - __main__ - INFO -   2. Trial 21: score=0.9404, C=0.4504, solver=lbfgs, max_iter=1000
2025-12-14 15:02:07,507 - __main__ - INFO -   3. Trial 33: score=0.9404, C=0.5290, solver=lbfgs, max_iter=1000
2025-12-14 15:02:07,507 - __main__ - INFO -   4. Trial 42: score=0.9404, C=0.4494, solver=lbfgs, max_iter=1000
2025-12-14 15:02:07,507 - __main__ - INFO -   5. Trial 26: score=0.9402, C=0.3764, solver=lbfgs, max_iter=1000
2025-12-14 15:02:07,507 - __main__ - INFO - ================================================================================

2025-12-14 15:02:07,507 - __main__ - INFO - 
================================================================================
2025-12-14 15:02:07,507 - __main__ - INFO - CROSS-VALIDATION WITH FOLD-WISE SCALING (ONE-VS-REST)
2025-12-14 15:02:07,507 - __main__ - INFO - ================================================================================
2025-12-14 15:02:07,507 - __main__ - INFO - Using hyperparameters: C=0.246377, solver=saga, max_iter=200
2025-12-14 15:02:07,507 - __main__ - INFO - Running 5-fold GroupKFold cross-validation...
2025-12-14 15:02:07,507 - __main__ - INFO - Note: StandardScaler fit independently on each fold's training data

2025-12-14 15:02:07,514 - __main__ - INFO - Fold 1/5
2025-12-14 15:02:07,514 - __main__ - INFO -   Train samples: 20764, Test samples: 5220
2025-12-14 15:02:07,517 - __main__ - INFO -   Train subjects: 179, Test subjects: 45
2025-12-14 15:02:07,517 - __main__ - INFO -   Preprocessing fold data (StandardScaler only)...
2025-12-14 15:02:07,517 - __main__ - INFO -   Input shapes - Train: (20764, 116), Test: (5220, 116)
2025-12-14 15:02:07,532 - __main__ - INFO -   Scaled shapes - Train: (20764, 116), Test: (5220, 116)
2025-12-14 15:02:07,532 - __main__ - INFO -   Training OvR with C=0.246377, solver=saga...
2025-12-14 15:02:24,446 - __main__ - INFO -   Predicting on test set...
2025-12-14 15:02:24,562 - __main__ - INFO -   Fold accuracy: 0.9192
2025-12-14 15:02:24,562 - __main__ - INFO -   Fold balanced accuracy: 0.9192
2025-12-14 15:02:24,562 - __main__ - INFO -   Fold time: 17.05s

2025-12-14 15:02:24,563 - __main__ - INFO - Fold 2/5
2025-12-14 15:02:24,563 - __main__ - INFO -   Train samples: 20764, Test samples: 5220
2025-12-14 15:02:24,567 - __main__ - INFO -   Train subjects: 179, Test subjects: 45
2025-12-14 15:02:24,567 - __main__ - INFO -   Preprocessing fold data (StandardScaler only)...
2025-12-14 15:02:24,567 - __main__ - INFO -   Input shapes - Train: (20764, 116), Test: (5220, 116)
2025-12-14 15:02:24,582 - __main__ - INFO -   Scaled shapes - Train: (20764, 116), Test: (5220, 116)
2025-12-14 15:02:24,582 - __main__ - INFO -   Training OvR with C=0.246377, solver=saga...
2025-12-14 15:02:41,633 - __main__ - INFO -   Predicting on test set...
2025-12-14 15:02:41,747 - __main__ - INFO -   Fold accuracy: 0.9289
2025-12-14 15:02:41,747 - __main__ - INFO -   Fold balanced accuracy: 0.9289
2025-12-14 15:02:41,747 - __main__ - INFO -   Fold time: 17.18s

2025-12-14 15:02:41,748 - __main__ - INFO - Fold 3/5
2025-12-14 15:02:41,748 - __main__ - INFO -   Train samples: 20764, Test samples: 5220
2025-12-14 15:02:41,750 - __main__ - INFO -   Train subjects: 179, Test subjects: 45
2025-12-14 15:02:41,750 - __main__ - INFO -   Preprocessing fold data (StandardScaler only)...
2025-12-14 15:02:41,750 - __main__ - INFO -   Input shapes - Train: (20764, 116), Test: (5220, 116)
2025-12-14 15:02:41,764 - __main__ - INFO -   Scaled shapes - Train: (20764, 116), Test: (5220, 116)
2025-12-14 15:02:41,764 - __main__ - INFO -   Training OvR with C=0.246377, solver=saga...
2025-12-14 15:02:58,554 - __main__ - INFO -   Predicting on test set...
2025-12-14 15:02:58,640 - __main__ - INFO -   Fold accuracy: 0.9239
2025-12-14 15:02:58,640 - __main__ - INFO -   Fold balanced accuracy: 0.9239
2025-12-14 15:02:58,640 - __main__ - INFO -   Fold time: 16.89s

2025-12-14 15:02:58,641 - __main__ - INFO - Fold 4/5
2025-12-14 15:02:58,641 - __main__ - INFO -   Train samples: 20764, Test samples: 5220
2025-12-14 15:02:58,644 - __main__ - INFO -   Train subjects: 179, Test subjects: 45
2025-12-14 15:02:58,644 - __main__ - INFO -   Preprocessing fold data (StandardScaler only)...
2025-12-14 15:02:58,644 - __main__ - INFO -   Input shapes - Train: (20764, 116), Test: (5220, 116)
2025-12-14 15:02:58,657 - __main__ - INFO -   Scaled shapes - Train: (20764, 116), Test: (5220, 116)
2025-12-14 15:02:58,657 - __main__ - INFO -   Training OvR with C=0.246377, solver=saga...
2025-12-14 15:03:14,984 - __main__ - INFO -   Predicting on test set...
2025-12-14 15:03:15,098 - __main__ - INFO -   Fold accuracy: 0.9259
2025-12-14 15:03:15,098 - __main__ - INFO -   Fold balanced accuracy: 0.9259
2025-12-14 15:03:15,098 - __main__ - INFO -   Fold time: 16.46s

2025-12-14 15:03:15,099 - __main__ - INFO - Fold 5/5
2025-12-14 15:03:15,099 - __main__ - INFO -   Train samples: 20880, Test samples: 5104
2025-12-14 15:03:15,103 - __main__ - INFO -   Train subjects: 180, Test subjects: 44
2025-12-14 15:03:15,103 - __main__ - INFO -   Preprocessing fold data (StandardScaler only)...
2025-12-14 15:03:15,103 - __main__ - INFO -   Input shapes - Train: (20880, 116), Test: (5104, 116)
2025-12-14 15:03:15,117 - __main__ - INFO -   Scaled shapes - Train: (20880, 116), Test: (5104, 116)
2025-12-14 15:03:15,117 - __main__ - INFO -   Training OvR with C=0.246377, solver=saga...
2025-12-14 15:03:32,111 - __main__ - INFO -   Predicting on test set...
2025-12-14 15:03:32,230 - __main__ - INFO -   Fold accuracy: 0.9152
2025-12-14 15:03:32,230 - __main__ - INFO -   Fold balanced accuracy: 0.9152
2025-12-14 15:03:32,230 - __main__ - INFO -   Fold time: 17.13s

2025-12-14 15:03:32,230 - __main__ - INFO - Cross-validation completed in 84.72s

2025-12-14 15:03:32,236 - __main__ - INFO - Computing overall metrics...
2025-12-14 15:03:32,236 - src.evaluation.hemisphere_metrics - INFO - Computing classification metrics...
2025-12-14 15:03:32,428 - src.evaluation.hemisphere_metrics - INFO -   Accuracy: 0.9226
2025-12-14 15:03:32,428 - src.evaluation.hemisphere_metrics - INFO -   Balanced Accuracy: 0.9226
2025-12-14 15:03:32,428 - src.evaluation.hemisphere_metrics - INFO -   F1 Score: 0.9228
2025-12-14 15:03:32,428 - __main__ - INFO - 
OVERALL RESULTS (LEFT HEMISPHERE - ONE-VS-REST):
2025-12-14 15:03:32,428 - __main__ - INFO -   Mean CV Accuracy: 0.9226
2025-12-14 15:03:32,428 - __main__ - INFO -   Mean CV Balanced Accuracy: 0.9226
2025-12-14 15:03:32,428 - __main__ - INFO -   Top-5 Accuracy: 0.9837207512315271
2025-12-14 15:03:32,428 - __main__ - INFO - 
  Hyperparameters (from Optuna):
2025-12-14 15:03:32,428 - __main__ - INFO -     C: 0.246377, solver: saga, max_iter: 200
2025-12-14 15:03:32,428 - __main__ - INFO -     Optuna validation score: 0.9404
2025-12-14 15:03:32,428 - __main__ - INFO - 
Computing per-region metrics...
2025-12-14 15:03:32,428 - src.evaluation.hemisphere_metrics - INFO - Computing per-region metrics...
2025-12-14 15:03:32,428 - src.evaluation.hemisphere_metrics - INFO -   Computing metrics for 116 regions
2025-12-14 15:03:32,433 - src.evaluation.hemisphere_metrics - INFO -   Mean per-region accuracy: 0.9226
2025-12-14 15:03:32,433 - src.evaluation.hemisphere_metrics - INFO -   Std per-region accuracy: 0.0896
2025-12-14 15:03:32,433 - src.evaluation.hemisphere_metrics - INFO -   Min per-region accuracy: 0.4911
2025-12-14 15:03:32,433 - src.evaluation.hemisphere_metrics - INFO -   Max per-region accuracy: 1.0000
2025-12-14 15:03:32,433 - __main__ - INFO - Computing network-level metrics...
2025-12-14 15:03:32,433 - src.evaluation.hemisphere_metrics - INFO - Computing network-level metrics...
2025-12-14 15:03:32,442 - src.evaluation.hemisphere_metrics - INFO -   Computing metrics for 18 networks
2025-12-14 15:03:32,473 - src.evaluation.hemisphere_metrics - INFO -   Mean network accuracy: 0.9278
2025-12-14 15:03:32,473 - src.evaluation.hemisphere_metrics - INFO -   Best network: SalVentAttnA (accuracy=0.9790)
2025-12-14 15:03:32,474 - src.evaluation.hemisphere_metrics - INFO -   Worst network: LimbicA (accuracy=0.7634)
2025-12-14 15:03:32,474 - __main__ - INFO - Creating confusion matrix...
2025-12-14 15:03:32,474 - src.evaluation.hemisphere_metrics - INFO - Creating confusion matrix...
2025-12-14 15:03:32,474 - src.evaluation.hemisphere_metrics - INFO -   Confusion matrix shape: (116, 116)
2025-12-14 15:03:32,474 - src.evaluation.hemisphere_metrics - INFO -   Total predictions: 25984
2025-12-14 15:03:32,474 - src.evaluation.hemisphere_metrics - INFO -   Correct predictions (diagonal): 23974
2025-12-14 15:03:32,475 - __main__ - INFO - 
Saving results...
2025-12-14 15:03:32,519 - __main__ - INFO - 
Generating visualizations...
2025-12-14 15:03:32,519 - src.visualization.hemisphere_viz - INFO - Plotting confusion matrix: (116, 116)
2025-12-14 15:03:32,548 - src.visualization.hemisphere_viz - INFO -   Added 17 network boundaries
2025-12-14 15:03:33,549 - src.visualization.hemisphere_viz - INFO -   Saved: /home/sjoon/projects/brain_connectivity_classifier/data/results/hemisphere_analysis/left_hemisphere/ovr/confusion_matrix.png
2025-12-14 15:03:33,549 - src.visualization.hemisphere_viz - INFO - Plotting per-region accuracy for 116 regions
2025-12-14 15:03:34,405 - src.visualization.hemisphere_viz - INFO -   Saved: /home/sjoon/projects/brain_connectivity_classifier/data/results/hemisphere_analysis/left_hemisphere/ovr/per_region_accuracy.png
2025-12-14 15:03:34,405 - src.visualization.hemisphere_viz - INFO - Plotting network accuracy for 18 networks
2025-12-14 15:03:34,833 - src.visualization.hemisphere_viz - INFO -   Saved: /home/sjoon/projects/brain_connectivity_classifier/data/results/hemisphere_analysis/left_hemisphere/ovr/network_accuracy.png
2025-12-14 15:03:34,833 - __main__ - INFO - All results saved to: /home/sjoon/projects/brain_connectivity_classifier/data/results/hemisphere_analysis/left_hemisphere/ovr
2025-12-14 15:03:34,833 - __main__ - INFO - 
================================================================================
2025-12-14 15:03:34,833 - __main__ - INFO - TESTING ON TASK DATA (GENDER STROOP) - ONE-VS-REST
2025-12-14 15:03:34,833 - __main__ - INFO - ================================================================================
2025-12-14 15:03:34,833 - __main__ - INFO - Training final OvR model on ALL resting-state data
2025-12-14 15:03:34,833 - __main__ - INFO - Then testing on task data to measure generalization

2025-12-14 15:03:34,833 - __main__ - INFO - Step 1: Loading resting-state data (TRAINING)...
2025-12-14 15:03:34,834 - src.hemisphere.hemisphere_utils - INFO - Loading left hemisphere data from: /home/sjoon/projects/brain_connectivity_classifier/data/processed/hemispheres/LH_PIOP2_Restingstate.csv
2025-12-14 15:03:35,156 - src.hemisphere.hemisphere_utils - INFO -   Subjects: 224
2025-12-14 15:03:35,156 - src.hemisphere.hemisphere_utils - INFO -   Connections: 6670
2025-12-14 15:03:35,158 - src.hemisphere.hemisphere_utils - INFO - Extracting region info from: /home/sjoon/projects/brain_connectivity_classifier/data/processed/hemispheres/LH_PIOP2_Restingstate.csv
2025-12-14 15:03:35,528 - src.hemisphere.hemisphere_utils - INFO - Extracted 116 regions for left hemisphere
2025-12-14 15:03:35,528 - src.hemisphere.hemisphere_utils - INFO -   Regions: 116
2025-12-14 15:03:35,528 - src.hemisphere.hemisphere_utils - INFO - Converting to full connectivity matrices...
2025-12-14 15:03:35,546 - src.hemisphere.hemisphere_utils - INFO -   Matrix shape: (224, 116, 116)
2025-12-14 15:03:35,563 - src.hemisphere.hemisphere_utils - INFO - Connectivity validation completed
2025-12-14 15:03:35,563 - src.hemisphere.hemisphere_utils - INFO - Successfully loaded left hemisphere data
2025-12-14 15:03:35,564 - __main__ - INFO -   Rest data: 224 subjects, 116 regions
2025-12-14 15:03:35,564 - __main__ - INFO - 
Applying diagonal imputation (strategy: region_mean)...
2025-12-14 15:03:35,568 - __main__ - INFO -   Original diagonal range: [1.0000, 1.0000]
2025-12-14 15:03:35,568 - __main__ - INFO -   Original diagonal mean: 1.0000
2025-12-14 15:03:35,691 - __main__ - INFO -   Replaced diagonal with row means
2025-12-14 15:03:35,691 - __main__ - INFO -   New diagonal range: [-0.1899, 0.2207]
2025-12-14 15:03:35,691 - __main__ - INFO -   New diagonal mean: 0.0284
2025-12-14 15:03:35,691 - __main__ - INFO - 
Applying Fisher Z-transformation...
2025-12-14 15:03:35,750 - __main__ - INFO -   Value range after Fisher Z: [-1.2500, 1.8154]
2025-12-14 15:03:35,756 - __main__ - INFO -   Mean: 0.0332, Std: 0.2914
2025-12-14 15:03:35,756 - src.hemisphere.hemisphere_utils - INFO -   Removing diagonal values (self-connections) before classification
2025-12-14 15:03:35,756 - src.hemisphere.hemisphere_utils - INFO -   Original diagonal values (first subject, first 5 regions): [np.float64(-0.008901612424537042), np.float64(0.027939234799402014), np.float64(0.009805427197523572), np.float64(-0.0315809333362432), np.float64(-0.008620041552882787)]
2025-12-14 15:03:35,758 - src.hemisphere.hemisphere_utils - INFO -   After removal (should be all zeros): [np.float64(0.0), np.float64(0.0), np.float64(0.0), np.float64(0.0), np.float64(0.0)]
2025-12-14 15:03:35,787 - src.hemisphere.hemisphere_utils - INFO -   ✅ Diagonal removal verified - no features constant at 1.0
2025-12-14 15:03:35,787 - src.hemisphere.hemisphere_utils - INFO - Prepared classification data:
2025-12-14 15:03:35,788 - src.hemisphere.hemisphere_utils - INFO -   Features (X): (25984, 116)
2025-12-14 15:03:35,788 - src.hemisphere.hemisphere_utils - INFO -   Labels (y): (25984,)
2025-12-14 15:03:35,788 - src.hemisphere.hemisphere_utils - INFO -   Groups: (25984,)
2025-12-14 15:03:35,788 - src.hemisphere.hemisphere_utils - INFO -   Unique labels: 116
2025-12-14 15:03:35,793 - src.hemisphere.hemisphere_utils - INFO -   Unique subjects: 224
2025-12-14 15:03:35,794 - src.hemisphere.hemisphere_utils - INFO -   Feature range: [-1.250, 1.815]
2025-12-14 15:03:35,799 - src.hemisphere.hemisphere_utils - INFO -   Feature mean: 0.033, std: 0.291
2025-12-14 15:03:35,799 - __main__ - INFO -   Rest features: (25984, 116)
2025-12-14 15:03:35,799 - __main__ - INFO - 
Step 2: Loading task data (TESTING)...
2025-12-14 15:03:35,800 - src.hemisphere.hemisphere_utils - INFO - Loading left hemisphere data from: /home/sjoon/projects/brain_connectivity_classifier/data/processed/hemispheres/LH_PIOP1_Gstroop.csv
2025-12-14 15:03:36,044 - src.hemisphere.hemisphere_utils - INFO -   Subjects: 200
2025-12-14 15:03:36,044 - src.hemisphere.hemisphere_utils - INFO -   Connections: 6670
2025-12-14 15:03:36,047 - src.hemisphere.hemisphere_utils - INFO - Extracting region info from: /home/sjoon/projects/brain_connectivity_classifier/data/processed/hemispheres/LH_PIOP1_Gstroop.csv
2025-12-14 15:03:36,405 - src.hemisphere.hemisphere_utils - INFO - Extracted 116 regions for left hemisphere
2025-12-14 15:03:36,406 - src.hemisphere.hemisphere_utils - INFO -   Regions: 116
2025-12-14 15:03:36,406 - src.hemisphere.hemisphere_utils - INFO - Converting to full connectivity matrices...
2025-12-14 15:03:36,423 - src.hemisphere.hemisphere_utils - INFO -   Matrix shape: (200, 116, 116)
2025-12-14 15:03:36,439 - src.hemisphere.hemisphere_utils - INFO - Connectivity validation completed
2025-12-14 15:03:36,439 - src.hemisphere.hemisphere_utils - INFO - Successfully loaded left hemisphere data
2025-12-14 15:03:36,439 - __main__ - INFO -   Task data: 200 subjects, 116 regions
2025-12-14 15:03:36,439 - __main__ - INFO - 
Applying diagonal imputation (strategy: region_mean)...
2025-12-14 15:03:36,441 - __main__ - INFO -   Original diagonal range: [1.0000, 1.0000]
2025-12-14 15:03:36,441 - __main__ - INFO -   Original diagonal mean: 1.0000
2025-12-14 15:03:36,551 - __main__ - INFO -   Replaced diagonal with row means
2025-12-14 15:03:36,551 - __main__ - INFO -   New diagonal range: [-0.1799, 0.3280]
2025-12-14 15:03:36,551 - __main__ - INFO -   New diagonal mean: 0.0284
2025-12-14 15:03:36,551 - __main__ - INFO - 
Applying Fisher Z-transformation...
2025-12-14 15:03:36,600 - __main__ - INFO -   Value range after Fisher Z: [-1.2080, 1.8408]
2025-12-14 15:03:36,605 - __main__ - INFO -   Mean: 0.0329, Std: 0.2800
2025-12-14 15:03:36,606 - src.hemisphere.hemisphere_utils - INFO -   Removing diagonal values (self-connections) before classification
2025-12-14 15:03:36,606 - src.hemisphere.hemisphere_utils - INFO -   Original diagonal values (first subject, first 5 regions): [np.float64(0.03756400419430058), np.float64(-0.006281433432417364), np.float64(-0.04253120820455031), np.float64(0.021136027062215127), np.float64(0.022268923864492588)]
2025-12-14 15:03:36,607 - src.hemisphere.hemisphere_utils - INFO -   After removal (should be all zeros): [np.float64(0.0), np.float64(0.0), np.float64(0.0), np.float64(0.0), np.float64(0.0)]
2025-12-14 15:03:36,634 - src.hemisphere.hemisphere_utils - INFO -   ✅ Diagonal removal verified - no features constant at 1.0
2025-12-14 15:03:36,634 - src.hemisphere.hemisphere_utils - INFO - Prepared classification data:
2025-12-14 15:03:36,634 - src.hemisphere.hemisphere_utils - INFO -   Features (X): (23200, 116)
2025-12-14 15:03:36,634 - src.hemisphere.hemisphere_utils - INFO -   Labels (y): (23200,)
2025-12-14 15:03:36,634 - src.hemisphere.hemisphere_utils - INFO -   Groups: (23200,)
2025-12-14 15:03:36,634 - src.hemisphere.hemisphere_utils - INFO -   Unique labels: 116
2025-12-14 15:03:36,639 - src.hemisphere.hemisphere_utils - INFO -   Unique subjects: 200
2025-12-14 15:03:36,640 - src.hemisphere.hemisphere_utils - INFO -   Feature range: [-1.208, 1.841]
2025-12-14 15:03:36,644 - src.hemisphere.hemisphere_utils - INFO -   Feature mean: 0.033, std: 0.280
2025-12-14 15:03:36,644 - __main__ - INFO -   Task features: (23200, 116)
2025-12-14 15:03:36,644 - __main__ - INFO - 
Step 3: Training final OvR model on ALL resting-state data...
2025-12-14 15:03:36,666 - __main__ - INFO -   Scaled rest data: mean=-0.0000, std=1.0000
2025-12-14 15:03:57,249 - __main__ - INFO -   OvR model trained in 20.58s
2025-12-14 15:03:57,344 - __main__ - INFO -   Rest data accuracy (training set): 0.9655
2025-12-14 15:03:57,344 - __main__ - INFO - 
Step 4: Testing on task data...
2025-12-14 15:03:57,353 - __main__ - INFO -   Scaled task data: mean=-0.0020, std=0.9630
2025-12-14 15:03:57,533 - __main__ - INFO - 
Step 5: Computing task metrics...
2025-12-14 15:03:57,533 - src.evaluation.hemisphere_metrics - INFO - Computing classification metrics...
2025-12-14 15:03:57,704 - src.evaluation.hemisphere_metrics - INFO -   Accuracy: 0.8757
2025-12-14 15:03:57,705 - src.evaluation.hemisphere_metrics - INFO -   Balanced Accuracy: 0.8757
2025-12-14 15:03:57,705 - src.evaluation.hemisphere_metrics - INFO -   F1 Score: 0.8770
2025-12-14 15:03:57,705 - src.evaluation.hemisphere_metrics - INFO - Computing per-region metrics...
2025-12-14 15:03:57,705 - src.evaluation.hemisphere_metrics - INFO -   Computing metrics for 116 regions
2025-12-14 15:03:57,709 - src.evaluation.hemisphere_metrics - INFO -   Mean per-region accuracy: 0.8757
2025-12-14 15:03:57,709 - src.evaluation.hemisphere_metrics - INFO -   Std per-region accuracy: 0.1305
2025-12-14 15:03:57,709 - src.evaluation.hemisphere_metrics - INFO -   Min per-region accuracy: 0.2300
2025-12-14 15:03:57,709 - src.evaluation.hemisphere_metrics - INFO -   Max per-region accuracy: 0.9950
2025-12-14 15:03:57,709 - src.evaluation.hemisphere_metrics - INFO - Computing network-level metrics...
2025-12-14 15:03:57,718 - src.evaluation.hemisphere_metrics - INFO -   Computing metrics for 18 networks
2025-12-14 15:03:57,748 - src.evaluation.hemisphere_metrics - INFO -   Mean network accuracy: 0.8855
2025-12-14 15:03:57,749 - src.evaluation.hemisphere_metrics - INFO -   Best network: SomMotA (accuracy=0.9656)
2025-12-14 15:03:57,749 - src.evaluation.hemisphere_metrics - INFO -   Worst network: Subcortical (accuracy=0.6791)
2025-12-14 15:03:57,749 - src.evaluation.hemisphere_metrics - INFO - Creating confusion matrix...
2025-12-14 15:03:57,749 - src.evaluation.hemisphere_metrics - INFO -   Confusion matrix shape: (116, 116)
2025-12-14 15:03:57,749 - src.evaluation.hemisphere_metrics - INFO -   Total predictions: 23200
2025-12-14 15:03:57,750 - src.evaluation.hemisphere_metrics - INFO -   Correct predictions (diagonal): 20316
2025-12-14 15:03:57,750 - __main__ - INFO - 
Saving task testing results to: /home/sjoon/projects/brain_connectivity_classifier/data/results/hemisphere_analysis/left_hemisphere/task_testing_ovr
2025-12-14 15:03:57,788 - __main__ - INFO - 
Generating task testing visualizations...
2025-12-14 15:03:57,788 - src.visualization.hemisphere_viz - INFO - Plotting confusion matrix: (116, 116)
2025-12-14 15:03:57,852 - src.visualization.hemisphere_viz - INFO -   Added 17 network boundaries
2025-12-14 15:03:58,823 - src.visualization.hemisphere_viz - INFO -   Saved: /home/sjoon/projects/brain_connectivity_classifier/data/results/hemisphere_analysis/left_hemisphere/task_testing_ovr/task_confusion_matrix.png
2025-12-14 15:03:58,823 - src.visualization.hemisphere_viz - INFO - Plotting per-region accuracy for 116 regions
2025-12-14 15:03:59,656 - src.visualization.hemisphere_viz - INFO -   Saved: /home/sjoon/projects/brain_connectivity_classifier/data/results/hemisphere_analysis/left_hemisphere/task_testing_ovr/task_per_region_accuracy.png
2025-12-14 15:03:59,656 - src.visualization.hemisphere_viz - INFO - Plotting network accuracy for 18 networks
2025-12-14 15:04:00,075 - src.visualization.hemisphere_viz - INFO -   Saved: /home/sjoon/projects/brain_connectivity_classifier/data/results/hemisphere_analysis/left_hemisphere/task_testing_ovr/task_network_accuracy.png
2025-12-14 15:04:00,075 - __main__ - INFO - 
================================================================================
2025-12-14 15:04:00,075 - __main__ - INFO - TASK TESTING RESULTS (ONE-VS-REST)
2025-12-14 15:04:00,075 - __main__ - INFO - ================================================================================
2025-12-14 15:04:00,075 - __main__ - INFO - Rest (training) accuracy: 0.9655
2025-12-14 15:04:00,075 - __main__ - INFO - Task (testing) accuracy:  0.8757
2025-12-14 15:04:00,075 - __main__ - INFO - Accuracy drop:            0.0898 (9.3%)
2025-12-14 15:04:00,075 - __main__ - INFO - Task top-5 accuracy:      0.9691
2025-12-14 15:04:00,075 - __main__ - INFO - 
Best task network: DefaultC (0.9656)
2025-12-14 15:04:00,076 - __main__ - INFO - Worst task network: Subcortical (0.6791)
2025-12-14 15:04:00,076 - __main__ - INFO - ================================================================================

2025-12-14 15:04:00,076 - __main__ - INFO - 
================================================================================
2025-12-14 15:04:00,076 - __main__ - INFO - TRAINING RIGHT HEMISPHERE (ONE-VS-REST)
2025-12-14 15:04:00,076 - __main__ - INFO - ================================================================================

2025-12-14 15:04:00,077 - __main__ - INFO - Loading hemisphere-specific data...
2025-12-14 15:04:00,078 - src.hemisphere.hemisphere_utils - INFO - Loading right hemisphere data from: /home/sjoon/projects/brain_connectivity_classifier/data/processed/hemispheres/RH_PIOP2_Restingstate.csv
2025-12-14 15:04:00,344 - src.hemisphere.hemisphere_utils - INFO -   Subjects: 224
2025-12-14 15:04:00,344 - src.hemisphere.hemisphere_utils - INFO -   Connections: 6670
2025-12-14 15:04:00,346 - src.hemisphere.hemisphere_utils - INFO - Extracting region info from: /home/sjoon/projects/brain_connectivity_classifier/data/processed/hemispheres/RH_PIOP2_Restingstate.csv
2025-12-14 15:04:00,766 - src.hemisphere.hemisphere_utils - INFO - Extracted 116 regions for right hemisphere
2025-12-14 15:04:00,766 - src.hemisphere.hemisphere_utils - INFO -   Regions: 116
2025-12-14 15:04:00,766 - src.hemisphere.hemisphere_utils - INFO - Converting to full connectivity matrices...
2025-12-14 15:04:00,784 - src.hemisphere.hemisphere_utils - INFO -   Matrix shape: (224, 116, 116)
2025-12-14 15:04:00,803 - src.hemisphere.hemisphere_utils - INFO - Connectivity validation completed
2025-12-14 15:04:00,804 - src.hemisphere.hemisphere_utils - INFO - Successfully loaded right hemisphere data
2025-12-14 15:04:00,804 - __main__ - INFO - Data loaded:
2025-12-14 15:04:00,804 - __main__ - INFO -   Subjects: 224
2025-12-14 15:04:00,804 - __main__ - INFO -   Regions: 116
2025-12-14 15:04:00,804 - __main__ - INFO -   Connectivity shape: (224, 116, 116)
2025-12-14 15:04:00,804 - __main__ - INFO - 
================================================================================
2025-12-14 15:04:00,804 - __main__ - INFO - PREPROCESSING (BEFORE CROSS-VALIDATION)
2025-12-14 15:04:00,804 - __main__ - INFO - ================================================================================
2025-12-14 15:04:00,804 - __main__ - INFO - 
Applying diagonal imputation (strategy: region_mean)...
2025-12-14 15:04:00,806 - __main__ - INFO -   Original diagonal range: [1.0000, 1.0000]
2025-12-14 15:04:00,806 - __main__ - INFO -   Original diagonal mean: 1.0000
2025-12-14 15:04:00,932 - __main__ - INFO -   Replaced diagonal with row means
2025-12-14 15:04:00,932 - __main__ - INFO -   New diagonal range: [-0.1680, 0.2766]
2025-12-14 15:04:00,932 - __main__ - INFO -   New diagonal mean: 0.0287
2025-12-14 15:04:00,932 - __main__ - INFO - 
Applying Fisher Z-transformation...
2025-12-14 15:04:00,988 - __main__ - INFO -   Value range after Fisher Z: [-1.3984, 1.7455]
2025-12-14 15:04:00,993 - __main__ - INFO -   Mean: 0.0338, Std: 0.2966
2025-12-14 15:04:00,993 - __main__ - INFO - 
Preparing classification data (flattening to features)...
2025-12-14 15:04:00,993 - src.hemisphere.hemisphere_utils - INFO -   Removing diagonal values (self-connections) before classification
2025-12-14 15:04:00,993 - src.hemisphere.hemisphere_utils - INFO -   Original diagonal values (first subject, first 5 regions): [np.float64(0.021650803605147817), np.float64(0.04820149683505135), np.float64(0.045209753583810956), np.float64(0.028132438097084676), np.float64(0.017311009921030476)]
2025-12-14 15:04:00,995 - src.hemisphere.hemisphere_utils - INFO -   After removal (should be all zeros): [np.float64(0.0), np.float64(0.0), np.float64(0.0), np.float64(0.0), np.float64(0.0)]
2025-12-14 15:04:01,025 - src.hemisphere.hemisphere_utils - INFO -   ✅ Diagonal removal verified - no features constant at 1.0
2025-12-14 15:04:01,025 - src.hemisphere.hemisphere_utils - INFO - Prepared classification data:
2025-12-14 15:04:01,025 - src.hemisphere.hemisphere_utils - INFO -   Features (X): (25984, 116)
2025-12-14 15:04:01,025 - src.hemisphere.hemisphere_utils - INFO -   Labels (y): (25984,)
2025-12-14 15:04:01,025 - src.hemisphere.hemisphere_utils - INFO -   Groups: (25984,)
2025-12-14 15:04:01,025 - src.hemisphere.hemisphere_utils - INFO -   Unique labels: 116
2025-12-14 15:04:01,031 - src.hemisphere.hemisphere_utils - INFO -   Unique subjects: 224
2025-12-14 15:04:01,032 - src.hemisphere.hemisphere_utils - INFO -   Feature range: [-1.398, 1.745]
2025-12-14 15:04:01,036 - src.hemisphere.hemisphere_utils - INFO -   Feature mean: 0.034, std: 0.297
2025-12-14 15:04:01,037 - __main__ - INFO - Classification data prepared:
2025-12-14 15:04:01,037 - __main__ - INFO -   Samples (X): (25984, 116)
2025-12-14 15:04:01,037 - __main__ - INFO -   Labels (y): (25984,)
2025-12-14 15:04:01,037 - __main__ - INFO -   Classes: 116
2025-12-14 15:04:01,037 - __main__ - INFO - 
✓ Preprocessing completed
2025-12-14 15:04:01,037 - __main__ - INFO - ================================================================================
2025-12-14 15:04:01,037 - __main__ - INFO - 
Scaling full dataset for Optuna optimization...
2025-12-14 15:04:01,056 - __main__ - INFO -   Scaled data - mean: 0.0000, std: 1.0000
2025-12-14 15:04:01,056 - __main__ - INFO - 
================================================================================
2025-12-14 15:04:01,056 - __main__ - INFO - HYPERPARAMETER OPTIMIZATION WITH OPTUNA (ONE-VS-REST)
2025-12-14 15:04:01,056 - __main__ - INFO - ================================================================================
2025-12-14 15:04:01,056 - __main__ - INFO - Running Optuna on SCALED full dataset
2025-12-14 15:04:01,056 - __main__ - INFO -   Trials: 50
2025-12-14 15:04:01,056 - __main__ - INFO -   Samples: 25984
2025-12-14 15:04:01,056 - __main__ - INFO -   Features: 116
2025-12-14 15:04:01,056 - __main__ - INFO -   Classes: 116
2025-12-14 15:04:01,056 - __main__ - INFO -   NOTE: Data already scaled, using simple train/val split
2025-12-14 15:04:01,056 - __main__ - INFO - 
Starting Optuna optimization...
2025-12-14 15:21:59,846 - __main__ - INFO - 
Optuna optimization completed in 1078.79s
2025-12-14 15:21:59,846 - __main__ - INFO - 
✓ Best hyperparameters found:
2025-12-14 15:21:59,846 - __main__ - INFO -   • C: 0.144039
2025-12-14 15:21:59,846 - __main__ - INFO -   • max_iter: 200
2025-12-14 15:21:59,846 - __main__ - INFO -   • solver: saga
2025-12-14 15:21:59,846 - __main__ - INFO -   • Best validation score: 0.9390
2025-12-14 15:21:59,846 - __main__ - INFO - 
Top 5 trials:
2025-12-14 15:21:59,848 - __main__ - INFO -   1. Trial 46: score=0.9390, C=0.1364, solver=saga, max_iter=200
2025-12-14 15:21:59,849 - __main__ - INFO -   2. Trial 18: score=0.9390, C=0.1440, solver=saga, max_iter=200
2025-12-14 15:21:59,849 - __main__ - INFO -   3. Trial 27: score=0.9388, C=0.1323, solver=saga, max_iter=1000
2025-12-14 15:21:59,849 - __main__ - INFO -   4. Trial 49: score=0.9388, C=0.1493, solver=saga, max_iter=200
2025-12-14 15:21:59,849 - __main__ - INFO -   5. Trial 9: score=0.9386, C=0.2464, solver=saga, max_iter=200
2025-12-14 15:21:59,849 - __main__ - INFO - ================================================================================

2025-12-14 15:21:59,849 - __main__ - INFO - 
================================================================================
2025-12-14 15:21:59,849 - __main__ - INFO - CROSS-VALIDATION WITH FOLD-WISE SCALING (ONE-VS-REST)
2025-12-14 15:21:59,849 - __main__ - INFO - ================================================================================
2025-12-14 15:21:59,849 - __main__ - INFO - Using hyperparameters: C=0.144039, solver=saga, max_iter=200
2025-12-14 15:21:59,849 - __main__ - INFO - Running 5-fold GroupKFold cross-validation...
2025-12-14 15:21:59,849 - __main__ - INFO - Note: StandardScaler fit independently on each fold's training data

2025-12-14 15:21:59,856 - __main__ - INFO - Fold 1/5
2025-12-14 15:21:59,856 - __main__ - INFO -   Train samples: 20764, Test samples: 5220
2025-12-14 15:21:59,859 - __main__ - INFO -   Train subjects: 179, Test subjects: 45
2025-12-14 15:21:59,859 - __main__ - INFO -   Preprocessing fold data (StandardScaler only)...
2025-12-14 15:21:59,859 - __main__ - INFO -   Input shapes - Train: (20764, 116), Test: (5220, 116)
2025-12-14 15:21:59,873 - __main__ - INFO -   Scaled shapes - Train: (20764, 116), Test: (5220, 116)
2025-12-14 15:21:59,873 - __main__ - INFO -   Training OvR with C=0.144039, solver=saga...
2025-12-14 15:22:12,994 - __main__ - INFO -   Predicting on test set...
2025-12-14 15:22:13,172 - __main__ - INFO -   Fold accuracy: 0.9226
2025-12-14 15:22:13,172 - __main__ - INFO -   Fold balanced accuracy: 0.9226
2025-12-14 15:22:13,172 - __main__ - INFO -   Fold time: 13.32s

2025-12-14 15:22:13,172 - __main__ - INFO - Fold 2/5
2025-12-14 15:22:13,172 - __main__ - INFO -   Train samples: 20764, Test samples: 5220
2025-12-14 15:22:13,176 - __main__ - INFO -   Train subjects: 179, Test subjects: 45
2025-12-14 15:22:13,176 - __main__ - INFO -   Preprocessing fold data (StandardScaler only)...
2025-12-14 15:22:13,176 - __main__ - INFO -   Input shapes - Train: (20764, 116), Test: (5220, 116)
2025-12-14 15:22:13,191 - __main__ - INFO -   Scaled shapes - Train: (20764, 116), Test: (5220, 116)
2025-12-14 15:22:13,191 - __main__ - INFO -   Training OvR with C=0.144039, solver=saga...
2025-12-14 15:22:25,350 - __main__ - INFO -   Predicting on test set...
2025-12-14 15:22:25,409 - __main__ - INFO -   Fold accuracy: 0.9230
2025-12-14 15:22:25,409 - __main__ - INFO -   Fold balanced accuracy: 0.9230
2025-12-14 15:22:25,409 - __main__ - INFO -   Fold time: 12.24s

2025-12-14 15:22:25,409 - __main__ - INFO - Fold 3/5
2025-12-14 15:22:25,409 - __main__ - INFO -   Train samples: 20764, Test samples: 5220
2025-12-14 15:22:25,412 - __main__ - INFO -   Train subjects: 179, Test subjects: 45
2025-12-14 15:22:25,412 - __main__ - INFO -   Preprocessing fold data (StandardScaler only)...
2025-12-14 15:22:25,412 - __main__ - INFO -   Input shapes - Train: (20764, 116), Test: (5220, 116)
2025-12-14 15:22:25,425 - __main__ - INFO -   Scaled shapes - Train: (20764, 116), Test: (5220, 116)
2025-12-14 15:22:25,425 - __main__ - INFO -   Training OvR with C=0.144039, solver=saga...
2025-12-14 15:22:38,345 - __main__ - INFO -   Predicting on test set...
2025-12-14 15:22:38,406 - __main__ - INFO -   Fold accuracy: 0.9230
2025-12-14 15:22:38,406 - __main__ - INFO -   Fold balanced accuracy: 0.9230
2025-12-14 15:22:38,406 - __main__ - INFO -   Fold time: 13.00s

2025-12-14 15:22:38,406 - __main__ - INFO - Fold 4/5
2025-12-14 15:22:38,406 - __main__ - INFO -   Train samples: 20764, Test samples: 5220
2025-12-14 15:22:38,409 - __main__ - INFO -   Train subjects: 179, Test subjects: 45
2025-12-14 15:22:38,409 - __main__ - INFO -   Preprocessing fold data (StandardScaler only)...
2025-12-14 15:22:38,409 - __main__ - INFO -   Input shapes - Train: (20764, 116), Test: (5220, 116)
2025-12-14 15:22:38,422 - __main__ - INFO -   Scaled shapes - Train: (20764, 116), Test: (5220, 116)
2025-12-14 15:22:38,423 - __main__ - INFO -   Training OvR with C=0.144039, solver=saga...
2025-12-14 15:22:51,520 - __main__ - INFO -   Predicting on test set...
2025-12-14 15:22:51,613 - __main__ - INFO -   Fold accuracy: 0.9201
2025-12-14 15:22:51,613 - __main__ - INFO -   Fold balanced accuracy: 0.9201
2025-12-14 15:22:51,614 - __main__ - INFO -   Fold time: 13.21s

2025-12-14 15:22:51,614 - __main__ - INFO - Fold 5/5
2025-12-14 15:22:51,614 - __main__ - INFO -   Train samples: 20880, Test samples: 5104
2025-12-14 15:22:51,618 - __main__ - INFO -   Train subjects: 180, Test subjects: 44
2025-12-14 15:22:51,618 - __main__ - INFO -   Preprocessing fold data (StandardScaler only)...
2025-12-14 15:22:51,618 - __main__ - INFO -   Input shapes - Train: (20880, 116), Test: (5104, 116)
2025-12-14 15:22:51,632 - __main__ - INFO -   Scaled shapes - Train: (20880, 116), Test: (5104, 116)
2025-12-14 15:22:51,632 - __main__ - INFO -   Training OvR with C=0.144039, solver=saga...
2025-12-14 15:23:04,657 - __main__ - INFO -   Predicting on test set...
2025-12-14 15:23:04,769 - __main__ - INFO -   Fold accuracy: 0.9154
2025-12-14 15:23:04,770 - __main__ - INFO -   Fold balanced accuracy: 0.9154
2025-12-14 15:23:04,770 - __main__ - INFO -   Fold time: 13.16s

2025-12-14 15:23:04,770 - __main__ - INFO - Cross-validation completed in 64.92s

2025-12-14 15:23:04,776 - __main__ - INFO - Computing overall metrics...
2025-12-14 15:23:04,776 - src.evaluation.hemisphere_metrics - INFO - Computing classification metrics...
2025-12-14 15:23:04,967 - src.evaluation.hemisphere_metrics - INFO -   Accuracy: 0.9208
2025-12-14 15:23:04,967 - src.evaluation.hemisphere_metrics - INFO -   Balanced Accuracy: 0.9208
2025-12-14 15:23:04,967 - src.evaluation.hemisphere_metrics - INFO -   F1 Score: 0.9210
2025-12-14 15:23:04,967 - __main__ - INFO - 
OVERALL RESULTS (RIGHT HEMISPHERE - ONE-VS-REST):
2025-12-14 15:23:04,967 - __main__ - INFO -   Mean CV Accuracy: 0.9208
2025-12-14 15:23:04,968 - __main__ - INFO -   Mean CV Balanced Accuracy: 0.9208
2025-12-14 15:23:04,968 - __main__ - INFO -   Top-5 Accuracy: 0.9828355911330049
2025-12-14 15:23:04,968 - __main__ - INFO - 
  Hyperparameters (from Optuna):
2025-12-14 15:23:04,968 - __main__ - INFO -     C: 0.144039, solver: saga, max_iter: 200
2025-12-14 15:23:04,968 - __main__ - INFO -     Optuna validation score: 0.9390
2025-12-14 15:23:04,968 - __main__ - INFO - 
Computing per-region metrics...
2025-12-14 15:23:04,968 - src.evaluation.hemisphere_metrics - INFO - Computing per-region metrics...
2025-12-14 15:23:04,968 - src.evaluation.hemisphere_metrics - INFO -   Computing metrics for 116 regions
2025-12-14 15:23:04,972 - src.evaluation.hemisphere_metrics - INFO -   Mean per-region accuracy: 0.9208
2025-12-14 15:23:04,972 - src.evaluation.hemisphere_metrics - INFO -   Std per-region accuracy: 0.0939
2025-12-14 15:23:04,972 - src.evaluation.hemisphere_metrics - INFO -   Min per-region accuracy: 0.4777
2025-12-14 15:23:04,972 - src.evaluation.hemisphere_metrics - INFO -   Max per-region accuracy: 1.0000
2025-12-14 15:23:04,972 - __main__ - INFO - Computing network-level metrics...
2025-12-14 15:23:04,972 - src.evaluation.hemisphere_metrics - INFO - Computing network-level metrics...
2025-12-14 15:23:04,982 - src.evaluation.hemisphere_metrics - INFO -   Computing metrics for 18 networks
2025-12-14 15:23:05,012 - src.evaluation.hemisphere_metrics - INFO -   Mean network accuracy: 0.9288
2025-12-14 15:23:05,013 - src.evaluation.hemisphere_metrics - INFO -   Best network: VisPeri (accuracy=0.9903)
2025-12-14 15:23:05,013 - src.evaluation.hemisphere_metrics - INFO -   Worst network: LimbicA (accuracy=0.8036)
2025-12-14 15:23:05,013 - __main__ - INFO - Creating confusion matrix...
2025-12-14 15:23:05,013 - src.evaluation.hemisphere_metrics - INFO - Creating confusion matrix...
2025-12-14 15:23:05,013 - src.evaluation.hemisphere_metrics - INFO -   Confusion matrix shape: (116, 116)
2025-12-14 15:23:05,014 - src.evaluation.hemisphere_metrics - INFO -   Total predictions: 25984
2025-12-14 15:23:05,014 - src.evaluation.hemisphere_metrics - INFO -   Correct predictions (diagonal): 23927
2025-12-14 15:23:05,014 - __main__ - INFO - 
Saving results...
2025-12-14 15:23:05,056 - __main__ - INFO - 
Generating visualizations...
2025-12-14 15:23:05,056 - src.visualization.hemisphere_viz - INFO - Plotting confusion matrix: (116, 116)
2025-12-14 15:23:05,077 - src.visualization.hemisphere_viz - INFO -   Added 17 network boundaries
2025-12-14 15:23:06,054 - src.visualization.hemisphere_viz - INFO -   Saved: /home/sjoon/projects/brain_connectivity_classifier/data/results/hemisphere_analysis/right_hemisphere/ovr/confusion_matrix.png
2025-12-14 15:23:06,054 - src.visualization.hemisphere_viz - INFO - Plotting per-region accuracy for 116 regions
2025-12-14 15:23:06,910 - src.visualization.hemisphere_viz - INFO -   Saved: /home/sjoon/projects/brain_connectivity_classifier/data/results/hemisphere_analysis/right_hemisphere/ovr/per_region_accuracy.png
2025-12-14 15:23:06,910 - src.visualization.hemisphere_viz - INFO - Plotting network accuracy for 18 networks
2025-12-14 15:23:07,331 - src.visualization.hemisphere_viz - INFO -   Saved: /home/sjoon/projects/brain_connectivity_classifier/data/results/hemisphere_analysis/right_hemisphere/ovr/network_accuracy.png
2025-12-14 15:23:07,331 - __main__ - INFO - All results saved to: /home/sjoon/projects/brain_connectivity_classifier/data/results/hemisphere_analysis/right_hemisphere/ovr
2025-12-14 15:23:07,331 - __main__ - INFO - 
================================================================================
2025-12-14 15:23:07,331 - __main__ - INFO - TESTING ON TASK DATA (GENDER STROOP) - ONE-VS-REST
2025-12-14 15:23:07,331 - __main__ - INFO - ================================================================================
2025-12-14 15:23:07,331 - __main__ - INFO - Training final OvR model on ALL resting-state data
2025-12-14 15:23:07,331 - __main__ - INFO - Then testing on task data to measure generalization

2025-12-14 15:23:07,331 - __main__ - INFO - Step 1: Loading resting-state data (TRAINING)...
2025-12-14 15:23:07,332 - src.hemisphere.hemisphere_utils - INFO - Loading right hemisphere data from: /home/sjoon/projects/brain_connectivity_classifier/data/processed/hemispheres/RH_PIOP2_Restingstate.csv
2025-12-14 15:23:07,596 - src.hemisphere.hemisphere_utils - INFO -   Subjects: 224
2025-12-14 15:23:07,596 - src.hemisphere.hemisphere_utils - INFO -   Connections: 6670
2025-12-14 15:23:07,599 - src.hemisphere.hemisphere_utils - INFO - Extracting region info from: /home/sjoon/projects/brain_connectivity_classifier/data/processed/hemispheres/RH_PIOP2_Restingstate.csv
2025-12-14 15:23:08,029 - src.hemisphere.hemisphere_utils - INFO - Extracted 116 regions for right hemisphere
2025-12-14 15:23:08,029 - src.hemisphere.hemisphere_utils - INFO -   Regions: 116
2025-12-14 15:23:08,029 - src.hemisphere.hemisphere_utils - INFO - Converting to full connectivity matrices...
2025-12-14 15:23:08,047 - src.hemisphere.hemisphere_utils - INFO -   Matrix shape: (224, 116, 116)
2025-12-14 15:23:08,068 - src.hemisphere.hemisphere_utils - INFO - Connectivity validation completed
2025-12-14 15:23:08,068 - src.hemisphere.hemisphere_utils - INFO - Successfully loaded right hemisphere data
2025-12-14 15:23:08,069 - __main__ - INFO -   Rest data: 224 subjects, 116 regions
2025-12-14 15:23:08,069 - __main__ - INFO - 
Applying diagonal imputation (strategy: region_mean)...
2025-12-14 15:23:08,070 - __main__ - INFO -   Original diagonal range: [1.0000, 1.0000]
2025-12-14 15:23:08,070 - __main__ - INFO -   Original diagonal mean: 1.0000
2025-12-14 15:23:08,196 - __main__ - INFO -   Replaced diagonal with row means
2025-12-14 15:23:08,196 - __main__ - INFO -   New diagonal range: [-0.1680, 0.2766]
2025-12-14 15:23:08,196 - __main__ - INFO -   New diagonal mean: 0.0287
2025-12-14 15:23:08,196 - __main__ - INFO - 
Applying Fisher Z-transformation...
2025-12-14 15:23:08,252 - __main__ - INFO -   Value range after Fisher Z: [-1.3984, 1.7455]
2025-12-14 15:23:08,259 - __main__ - INFO -   Mean: 0.0338, Std: 0.2966
2025-12-14 15:23:08,259 - src.hemisphere.hemisphere_utils - INFO -   Removing diagonal values (self-connections) before classification
2025-12-14 15:23:08,259 - src.hemisphere.hemisphere_utils - INFO -   Original diagonal values (first subject, first 5 regions): [np.float64(0.021650803605147817), np.float64(0.04820149683505135), np.float64(0.045209753583810956), np.float64(0.028132438097084676), np.float64(0.017311009921030476)]
2025-12-14 15:23:08,261 - src.hemisphere.hemisphere_utils - INFO -   After removal (should be all zeros): [np.float64(0.0), np.float64(0.0), np.float64(0.0), np.float64(0.0), np.float64(0.0)]
2025-12-14 15:23:08,290 - src.hemisphere.hemisphere_utils - INFO -   ✅ Diagonal removal verified - no features constant at 1.0
2025-12-14 15:23:08,291 - src.hemisphere.hemisphere_utils - INFO - Prepared classification data:
2025-12-14 15:23:08,291 - src.hemisphere.hemisphere_utils - INFO -   Features (X): (25984, 116)
2025-12-14 15:23:08,291 - src.hemisphere.hemisphere_utils - INFO -   Labels (y): (25984,)
2025-12-14 15:23:08,291 - src.hemisphere.hemisphere_utils - INFO -   Groups: (25984,)
2025-12-14 15:23:08,291 - src.hemisphere.hemisphere_utils - INFO -   Unique labels: 116
2025-12-14 15:23:08,296 - src.hemisphere.hemisphere_utils - INFO -   Unique subjects: 224
2025-12-14 15:23:08,297 - src.hemisphere.hemisphere_utils - INFO -   Feature range: [-1.398, 1.745]
2025-12-14 15:23:08,302 - src.hemisphere.hemisphere_utils - INFO -   Feature mean: 0.034, std: 0.297
2025-12-14 15:23:08,302 - __main__ - INFO -   Rest features: (25984, 116)
2025-12-14 15:23:08,302 - __main__ - INFO - 
Step 2: Loading task data (TESTING)...
2025-12-14 15:23:08,303 - src.hemisphere.hemisphere_utils - INFO - Loading right hemisphere data from: /home/sjoon/projects/brain_connectivity_classifier/data/processed/hemispheres/RH_PIOP1_Gstroop.csv
2025-12-14 15:23:08,548 - src.hemisphere.hemisphere_utils - INFO -   Subjects: 200
2025-12-14 15:23:08,548 - src.hemisphere.hemisphere_utils - INFO -   Connections: 6670
2025-12-14 15:23:08,551 - src.hemisphere.hemisphere_utils - INFO - Extracting region info from: /home/sjoon/projects/brain_connectivity_classifier/data/processed/hemispheres/RH_PIOP1_Gstroop.csv
2025-12-14 15:23:08,915 - src.hemisphere.hemisphere_utils - INFO - Extracted 116 regions for right hemisphere
2025-12-14 15:23:08,915 - src.hemisphere.hemisphere_utils - INFO -   Regions: 116
2025-12-14 15:23:08,915 - src.hemisphere.hemisphere_utils - INFO - Converting to full connectivity matrices...
2025-12-14 15:23:08,932 - src.hemisphere.hemisphere_utils - INFO -   Matrix shape: (200, 116, 116)
2025-12-14 15:23:08,947 - src.hemisphere.hemisphere_utils - INFO - Connectivity validation completed
2025-12-14 15:23:08,947 - src.hemisphere.hemisphere_utils - INFO - Successfully loaded right hemisphere data
2025-12-14 15:23:08,947 - __main__ - INFO -   Task data: 200 subjects, 116 regions
2025-12-14 15:23:08,947 - __main__ - INFO - 
Applying diagonal imputation (strategy: region_mean)...
2025-12-14 15:23:08,949 - __main__ - INFO -   Original diagonal range: [1.0000, 1.0000]
2025-12-14 15:23:08,949 - __main__ - INFO -   Original diagonal mean: 1.0000
2025-12-14 15:23:09,061 - __main__ - INFO -   Replaced diagonal with row means
2025-12-14 15:23:09,062 - __main__ - INFO -   New diagonal range: [-0.1479, 0.3561]
2025-12-14 15:23:09,062 - __main__ - INFO -   New diagonal mean: 0.0303
2025-12-14 15:23:09,062 - __main__ - INFO - 
Applying Fisher Z-transformation...
2025-12-14 15:23:09,111 - __main__ - INFO -   Value range after Fisher Z: [-1.3069, 1.7673]
2025-12-14 15:23:09,116 - __main__ - INFO -   Mean: 0.0348, Std: 0.2804
2025-12-14 15:23:09,116 - src.hemisphere.hemisphere_utils - INFO -   Removing diagonal values (self-connections) before classification
2025-12-14 15:23:09,116 - src.hemisphere.hemisphere_utils - INFO -   Original diagonal values (first subject, first 5 regions): [np.float64(0.06085067104828221), np.float64(0.07529497501560747), np.float64(0.010610299455312966), np.float64(0.0009005334298231078), np.float64(0.03764381102152011)]
2025-12-14 15:23:09,118 - src.hemisphere.hemisphere_utils - INFO -   After removal (should be all zeros): [np.float64(0.0), np.float64(0.0), np.float64(0.0), np.float64(0.0), np.float64(0.0)]
2025-12-14 15:23:09,144 - src.hemisphere.hemisphere_utils - INFO -   ✅ Diagonal removal verified - no features constant at 1.0
2025-12-14 15:23:09,145 - src.hemisphere.hemisphere_utils - INFO - Prepared classification data:
2025-12-14 15:23:09,145 - src.hemisphere.hemisphere_utils - INFO -   Features (X): (23200, 116)
2025-12-14 15:23:09,145 - src.hemisphere.hemisphere_utils - INFO -   Labels (y): (23200,)
2025-12-14 15:23:09,145 - src.hemisphere.hemisphere_utils - INFO -   Groups: (23200,)
2025-12-14 15:23:09,145 - src.hemisphere.hemisphere_utils - INFO -   Unique labels: 116
2025-12-14 15:23:09,150 - src.hemisphere.hemisphere_utils - INFO -   Unique subjects: 200
2025-12-14 15:23:09,151 - src.hemisphere.hemisphere_utils - INFO -   Feature range: [-1.307, 1.767]
2025-12-14 15:23:09,154 - src.hemisphere.hemisphere_utils - INFO -   Feature mean: 0.035, std: 0.280
2025-12-14 15:23:09,155 - __main__ - INFO -   Task features: (23200, 116)
2025-12-14 15:23:09,155 - __main__ - INFO - 
Step 3: Training final OvR model on ALL resting-state data...
2025-12-14 15:23:09,177 - __main__ - INFO -   Scaled rest data: mean=0.0000, std=1.0000
2025-12-14 15:23:24,961 - __main__ - INFO -   OvR model trained in 15.78s
2025-12-14 15:23:25,056 - __main__ - INFO -   Rest data accuracy (training set): 0.9617
2025-12-14 15:23:25,057 - __main__ - INFO - 
Step 4: Testing on task data...
2025-12-14 15:23:25,066 - __main__ - INFO -   Scaled task data: mean=0.0032, std=0.9474
2025-12-14 15:23:25,243 - __main__ - INFO - 
Step 5: Computing task metrics...
2025-12-14 15:23:25,244 - src.evaluation.hemisphere_metrics - INFO - Computing classification metrics...
2025-12-14 15:23:25,414 - src.evaluation.hemisphere_metrics - INFO -   Accuracy: 0.8710
2025-12-14 15:23:25,414 - src.evaluation.hemisphere_metrics - INFO -   Balanced Accuracy: 0.8710
2025-12-14 15:23:25,414 - src.evaluation.hemisphere_metrics - INFO -   F1 Score: 0.8723
2025-12-14 15:23:25,414 - src.evaluation.hemisphere_metrics - INFO - Computing per-region metrics...
2025-12-14 15:23:25,414 - src.evaluation.hemisphere_metrics - INFO -   Computing metrics for 116 regions
2025-12-14 15:23:25,419 - src.evaluation.hemisphere_metrics - INFO -   Mean per-region accuracy: 0.8710
2025-12-14 15:23:25,419 - src.evaluation.hemisphere_metrics - INFO -   Std per-region accuracy: 0.1391
2025-12-14 15:23:25,419 - src.evaluation.hemisphere_metrics - INFO -   Min per-region accuracy: 0.2300
2025-12-14 15:23:25,419 - src.evaluation.hemisphere_metrics - INFO -   Max per-region accuracy: 1.0000
2025-12-14 15:23:25,419 - src.evaluation.hemisphere_metrics - INFO - Computing network-level metrics...
2025-12-14 15:23:25,427 - src.evaluation.hemisphere_metrics - INFO -   Computing metrics for 18 networks
2025-12-14 15:23:25,458 - src.evaluation.hemisphere_metrics - INFO -   Mean network accuracy: 0.8878
2025-12-14 15:23:25,458 - src.evaluation.hemisphere_metrics - INFO -   Best network: SomMotA (accuracy=0.9695)
2025-12-14 15:23:25,458 - src.evaluation.hemisphere_metrics - INFO -   Worst network: Subcortical (accuracy=0.6512)
2025-12-14 15:23:25,459 - src.evaluation.hemisphere_metrics - INFO - Creating confusion matrix...
2025-12-14 15:23:25,459 - src.evaluation.hemisphere_metrics - INFO -   Confusion matrix shape: (116, 116)
2025-12-14 15:23:25,459 - src.evaluation.hemisphere_metrics - INFO -   Total predictions: 23200
2025-12-14 15:23:25,459 - src.evaluation.hemisphere_metrics - INFO -   Correct predictions (diagonal): 20208
2025-12-14 15:23:25,460 - __main__ - INFO - 
Saving task testing results to: /home/sjoon/projects/brain_connectivity_classifier/data/results/hemisphere_analysis/right_hemisphere/task_testing_ovr
2025-12-14 15:23:25,500 - __main__ - INFO - 
Generating task testing visualizations...
2025-12-14 15:23:25,500 - src.visualization.hemisphere_viz - INFO - Plotting confusion matrix: (116, 116)
2025-12-14 15:23:25,520 - src.visualization.hemisphere_viz - INFO -   Added 17 network boundaries
2025-12-14 15:23:26,497 - src.visualization.hemisphere_viz - INFO -   Saved: /home/sjoon/projects/brain_connectivity_classifier/data/results/hemisphere_analysis/right_hemisphere/task_testing_ovr/task_confusion_matrix.png
2025-12-14 15:23:26,497 - src.visualization.hemisphere_viz - INFO - Plotting per-region accuracy for 116 regions
2025-12-14 15:23:27,342 - src.visualization.hemisphere_viz - INFO -   Saved: /home/sjoon/projects/brain_connectivity_classifier/data/results/hemisphere_analysis/right_hemisphere/task_testing_ovr/task_per_region_accuracy.png
2025-12-14 15:23:27,342 - src.visualization.hemisphere_viz - INFO - Plotting network accuracy for 18 networks
2025-12-14 15:23:27,824 - src.visualization.hemisphere_viz - INFO -   Saved: /home/sjoon/projects/brain_connectivity_classifier/data/results/hemisphere_analysis/right_hemisphere/task_testing_ovr/task_network_accuracy.png
2025-12-14 15:23:27,824 - __main__ - INFO - 
================================================================================
2025-12-14 15:23:27,824 - __main__ - INFO - TASK TESTING RESULTS (ONE-VS-REST)
2025-12-14 15:23:27,824 - __main__ - INFO - ================================================================================
2025-12-14 15:23:27,825 - __main__ - INFO - Rest (training) accuracy: 0.9617
2025-12-14 15:23:27,825 - __main__ - INFO - Task (testing) accuracy:  0.8710
2025-12-14 15:23:27,825 - __main__ - INFO - Accuracy drop:            0.0906 (9.4%)
2025-12-14 15:23:27,825 - __main__ - INFO - Task top-5 accuracy:      0.9640
2025-12-14 15:23:27,825 - __main__ - INFO - 
Best task network: DefaultC (0.9695)
2025-12-14 15:23:27,825 - __main__ - INFO - Worst task network: Subcortical (0.6512)
2025-12-14 15:23:27,825 - __main__ - INFO - ================================================================================

2025-12-14 15:23:27,825 - __main__ - INFO - 
================================================================================
2025-12-14 15:23:27,826 - __main__ - INFO - COMPARING HEMISPHERES (ONE-VS-REST)
2025-12-14 15:23:27,826 - __main__ - INFO - ================================================================================

2025-12-14 15:23:27,826 - __main__ - INFO - Left: 0.9226, Right: 0.9208, Diff: 0.0018
2025-12-14 15:23:27,827 - __main__ - INFO - Paired t-test: t=0.9988, p=0.3744
2025-12-14 15:23:27,827 - __main__ - INFO - 
Task Testing (OvR):
2025-12-14 15:23:27,827 - __main__ - INFO -   Left task accuracy: 0.8757
2025-12-14 15:23:27,827 - __main__ - INFO -   Right task accuracy: 0.8710
2025-12-14 15:23:27,827 - __main__ - INFO -   Left accuracy drop: 0.0898
2025-12-14 15:23:27,827 - __main__ - INFO -   Right accuracy drop: 0.0906
2025-12-14 15:23:27,829 - __main__ - INFO - Comparison saved to: /home/sjoon/projects/brain_connectivity_classifier/data/results/hemisphere_analysis/comparison_ovr
2025-12-14 15:23:27,829 - __main__ - INFO - 
================================================================================
2025-12-14 15:23:27,829 - __main__ - INFO - TRAINING COMPLETED SUCCESSFULLY (ONE-VS-REST)
2025-12-14 15:23:27,829 - __main__ - INFO - ================================================================================
