=== FC Training | Host: cpu30 | Mon Feb  2 10:22:09 PM CET 2026 | CPUs: 8 ===
✓ Environment ready. Starting training...
2026-02-02 22:22:11,033 - __main__ - INFO - ================================================================================
2026-02-02 22:22:11,033 - __main__ - INFO - HEMISPHERE CLASSIFICATION (ONE-VS-REST)
2026-02-02 22:22:11,033 - __main__ - INFO - ================================================================================
2026-02-02 22:22:11,033 - __main__ - INFO - Data: /home/sjoon/projects/brain_connectivity_classifier/data/processed/hemispheres
2026-02-02 22:22:11,033 - __main__ - INFO - Output: /home/sjoon/projects/brain_connectivity_classifier/data/results/hemisphere_analysis
2026-02-02 22:22:11,033 - __main__ - INFO - Diagonal: random
2026-02-02 22:22:11,033 - __main__ - INFO - Folds: 5
2026-02-02 22:22:11,033 - __main__ - INFO - Tune: True
2026-02-02 22:22:11,033 - __main__ - INFO - Task test: True
2026-02-02 22:22:11,033 - __main__ - INFO - ================================================================================
2026-02-02 22:22:11,033 - __main__ - INFO - 
================================================================================
2026-02-02 22:22:11,033 - __main__ - INFO - TRAINING LEFT HEMISPHERE
2026-02-02 22:22:11,033 - __main__ - INFO - ================================================================================
2026-02-02 22:22:11,034 - __main__ - INFO - Loading data...
2026-02-02 22:22:11,036 - src.hemisphere.hemisphere_utils - INFO - Loading left hemisphere data from: /home/sjoon/projects/brain_connectivity_classifier/data/processed/hemispheres/LH_PIOP2_Restingstate.csv
2026-02-02 22:22:11,376 - src.hemisphere.hemisphere_utils - INFO -   Subjects: 224
2026-02-02 22:22:11,376 - src.hemisphere.hemisphere_utils - INFO -   Connections: 6670
2026-02-02 22:22:11,381 - src.hemisphere.hemisphere_utils - INFO - Extracting region info from: /home/sjoon/projects/brain_connectivity_classifier/data/processed/hemispheres/LH_PIOP2_Restingstate.csv
2026-02-02 22:22:11,854 - src.hemisphere.hemisphere_utils - INFO - Extracted 116 regions for left hemisphere
2026-02-02 22:22:11,854 - src.hemisphere.hemisphere_utils - INFO -   Regions: 116
2026-02-02 22:22:11,854 - src.hemisphere.hemisphere_utils - INFO - Converting to full connectivity matrices...
2026-02-02 22:22:11,876 - src.hemisphere.hemisphere_utils - INFO -   Matrix shape: (224, 116, 116)
2026-02-02 22:22:11,907 - src.hemisphere.hemisphere_utils - INFO - Connectivity validation completed
2026-02-02 22:22:11,907 - src.hemisphere.hemisphere_utils - INFO - Successfully loaded left hemisphere data
2026-02-02 22:22:11,912 - __main__ - INFO - Subjects: 224, Regions: 116
2026-02-02 22:22:11,912 - __main__ - INFO - Diagonal strategy: random
2026-02-02 22:22:11,912 - __main__ - INFO - Clipping off-diagonal to [-0.999, 0.999]
2026-02-02 22:22:11,921 - src.hemisphere.hemisphere_utils - INFO -   Removing diagonal values (self-connections) before classification
2026-02-02 22:22:11,921 - src.hemisphere.hemisphere_utils - INFO -   Original diagonal values (first subject, first 5 regions): [np.float64(1.0), np.float64(1.0), np.float64(1.0), np.float64(1.0), np.float64(1.0)]
2026-02-02 22:22:11,925 - src.hemisphere.hemisphere_utils - INFO -   After removal (should be all zeros): [np.float64(0.0), np.float64(0.0), np.float64(0.0), np.float64(0.0), np.float64(0.0)]
2026-02-02 22:22:11,959 - src.hemisphere.hemisphere_utils - INFO -   ✅ Diagonal removal verified - no features constant at 1.0
2026-02-02 22:22:11,960 - src.hemisphere.hemisphere_utils - INFO - Prepared classification data:
2026-02-02 22:22:11,960 - src.hemisphere.hemisphere_utils - INFO -   Features (X): (25984, 116)
2026-02-02 22:22:11,960 - src.hemisphere.hemisphere_utils - INFO -   Labels (y): (25984,)
2026-02-02 22:22:11,960 - src.hemisphere.hemisphere_utils - INFO -   Groups: (25984,)
2026-02-02 22:22:11,960 - src.hemisphere.hemisphere_utils - INFO -   Unique labels: 116
2026-02-02 22:22:11,967 - src.hemisphere.hemisphere_utils - INFO -   Unique subjects: 224
2026-02-02 22:22:11,969 - src.hemisphere.hemisphere_utils - INFO -   Feature range: [-0.848, 0.948]
2026-02-02 22:22:11,979 - src.hemisphere.hemisphere_utils - INFO -   Feature mean: 0.028, std: 0.266
2026-02-02 22:22:11,979 - __main__ - INFO - 
================================================================================
2026-02-02 22:22:11,979 - __main__ - INFO - CROSS-VALIDATION (5 folds)
2026-02-02 22:22:11,979 - __main__ - INFO - ================================================================================
2026-02-02 22:22:11,988 - __main__ - INFO - 
Fold 1/5
2026-02-02 22:22:11,995 - __main__ - INFO -   Train: 179 subjects, Test: 45 subjects
2026-02-02 22:22:12,063 - __main__ - INFO -   Random diagonal imputation with seed=1042
2026-02-02 22:22:12,075 - __main__ - INFO -   Random diagonal imputation with seed=2042
2026-02-02 22:22:12,075 - __main__ - INFO -   Applying Fisher Z-transformation...
2026-02-02 22:22:12,129 - __main__ - INFO -   Value range after Fisher Z: [-1.2500, 1.8154]
2026-02-02 22:22:12,129 - __main__ - INFO -   Applying Fisher Z-transformation...
2026-02-02 22:22:12,142 - __main__ - INFO -   Value range after Fisher Z: [-1.1066, 1.5933]
2026-02-02 22:22:12,142 - src.hemisphere.hemisphere_utils - INFO -   Removing diagonal values (self-connections) before classification
2026-02-02 22:22:12,142 - src.hemisphere.hemisphere_utils - INFO -   Original diagonal values (first subject, first 5 regions): [np.float64(-0.15656912879271065), np.float64(-0.13306147592176795), np.float64(0.18684950174152182), np.float64(0.48572757783821696), np.float64(-0.45265671586964273)]
2026-02-02 22:22:12,144 - src.hemisphere.hemisphere_utils - INFO -   After removal (should be all zeros): [np.float64(0.0), np.float64(0.0), np.float64(0.0), np.float64(0.0), np.float64(0.0)]
2026-02-02 22:22:12,171 - src.hemisphere.hemisphere_utils - INFO -   ✅ Diagonal removal verified - no features constant at 1.0
2026-02-02 22:22:12,171 - src.hemisphere.hemisphere_utils - INFO - Prepared classification data:
2026-02-02 22:22:12,171 - src.hemisphere.hemisphere_utils - INFO -   Features (X): (20764, 116)
2026-02-02 22:22:12,171 - src.hemisphere.hemisphere_utils - INFO -   Labels (y): (20764,)
2026-02-02 22:22:12,171 - src.hemisphere.hemisphere_utils - INFO -   Groups: (20764,)
2026-02-02 22:22:12,172 - src.hemisphere.hemisphere_utils - INFO -   Unique labels: 116
2026-02-02 22:22:12,177 - src.hemisphere.hemisphere_utils - INFO -   Unique subjects: 179
2026-02-02 22:22:12,179 - src.hemisphere.hemisphere_utils - INFO -   Feature range: [-1.250, 1.815]
2026-02-02 22:22:12,187 - src.hemisphere.hemisphere_utils - INFO -   Feature mean: 0.033, std: 0.291
2026-02-02 22:22:12,187 - src.hemisphere.hemisphere_utils - INFO -   Removing diagonal values (self-connections) before classification
2026-02-02 22:22:12,187 - src.hemisphere.hemisphere_utils - INFO -   Original diagonal values (first subject, first 5 regions): [np.float64(0.14124941932978277), np.float64(-0.25244241183218685), np.float64(0.6305376718466176), np.float64(-0.7438975969421326), np.float64(-0.31505611028201336)]
2026-02-02 22:22:12,188 - src.hemisphere.hemisphere_utils - INFO -   After removal (should be all zeros): [np.float64(0.0), np.float64(0.0), np.float64(0.0), np.float64(0.0), np.float64(0.0)]
2026-02-02 22:22:12,195 - src.hemisphere.hemisphere_utils - INFO -   ✅ Diagonal removal verified - no features constant at 1.0
2026-02-02 22:22:12,195 - src.hemisphere.hemisphere_utils - INFO - Prepared classification data:
2026-02-02 22:22:12,195 - src.hemisphere.hemisphere_utils - INFO -   Features (X): (5220, 116)
2026-02-02 22:22:12,195 - src.hemisphere.hemisphere_utils - INFO -   Labels (y): (5220,)
2026-02-02 22:22:12,195 - src.hemisphere.hemisphere_utils - INFO -   Groups: (5220,)
2026-02-02 22:22:12,195 - src.hemisphere.hemisphere_utils - INFO -   Unique labels: 116
2026-02-02 22:22:12,196 - src.hemisphere.hemisphere_utils - INFO -   Unique subjects: 45
2026-02-02 22:22:12,196 - src.hemisphere.hemisphere_utils - INFO -   Feature range: [-1.107, 1.593]
2026-02-02 22:22:12,197 - src.hemisphere.hemisphere_utils - INFO -   Feature mean: 0.034, std: 0.292
2026-02-02 22:22:12,197 - __main__ - INFO - 
  Optimizing hyperparameters (Fold 1): 40 trials
2026-02-02 22:22:12,317 - src.hemisphere.hemisphere_utils - INFO -   Removing diagonal values (self-connections) before classification
2026-02-02 22:22:12,317 - src.hemisphere.hemisphere_utils - INFO -   Original diagonal values (first subject, first 5 regions): [np.float64(0.5394927715023526), np.float64(-0.028590025625968032), np.float64(0.7319510188426191), np.float64(0.3924581476498762), np.float64(-0.6397612151022958)]
2026-02-02 22:22:12,319 - src.hemisphere.hemisphere_utils - INFO -   After removal (should be all zeros): [np.float64(0.0), np.float64(0.0), np.float64(0.0), np.float64(0.0), np.float64(0.0)]
2026-02-02 22:22:12,340 - src.hemisphere.hemisphere_utils - INFO -   ✅ Diagonal removal verified - no features constant at 1.0
2026-02-02 22:22:12,340 - src.hemisphere.hemisphere_utils - INFO - Prepared classification data:
2026-02-02 22:22:12,340 - src.hemisphere.hemisphere_utils - INFO -   Features (X): (16588, 116)
2026-02-02 22:22:12,340 - src.hemisphere.hemisphere_utils - INFO -   Labels (y): (16588,)
2026-02-02 22:22:12,340 - src.hemisphere.hemisphere_utils - INFO -   Groups: (16588,)
2026-02-02 22:22:12,340 - src.hemisphere.hemisphere_utils - INFO -   Unique labels: 116
2026-02-02 22:22:12,345 - src.hemisphere.hemisphere_utils - INFO -   Unique subjects: 143
2026-02-02 22:22:12,346 - src.hemisphere.hemisphere_utils - INFO -   Feature range: [-1.250, 1.815]
2026-02-02 22:22:12,350 - src.hemisphere.hemisphere_utils - INFO -   Feature mean: 0.033, std: 0.290
2026-02-02 22:22:12,350 - src.hemisphere.hemisphere_utils - INFO -   Removing diagonal values (self-connections) before classification
2026-02-02 22:22:12,350 - src.hemisphere.hemisphere_utils - INFO -   Original diagonal values (first subject, first 5 regions): [np.float64(-0.15263669080694015), np.float64(-0.12820229704761651), np.float64(0.2052213917872074), np.float64(0.5221227506621918), np.float64(-0.46134970229049166)]
2026-02-02 22:22:12,350 - src.hemisphere.hemisphere_utils - INFO -   After removal (should be all zeros): [np.float64(0.0), np.float64(0.0), np.float64(0.0), np.float64(0.0), np.float64(0.0)]
2026-02-02 22:22:12,356 - src.hemisphere.hemisphere_utils - INFO -   ✅ Diagonal removal verified - no features constant at 1.0
2026-02-02 22:22:12,356 - src.hemisphere.hemisphere_utils - INFO - Prepared classification data:
2026-02-02 22:22:12,356 - src.hemisphere.hemisphere_utils - INFO -   Features (X): (4176, 116)
2026-02-02 22:22:12,356 - src.hemisphere.hemisphere_utils - INFO -   Labels (y): (4176,)
2026-02-02 22:22:12,356 - src.hemisphere.hemisphere_utils - INFO -   Groups: (4176,)
2026-02-02 22:22:12,356 - src.hemisphere.hemisphere_utils - INFO -   Unique labels: 116
2026-02-02 22:22:12,357 - src.hemisphere.hemisphere_utils - INFO -   Unique subjects: 36
2026-02-02 22:22:12,357 - src.hemisphere.hemisphere_utils - INFO -   Feature range: [-1.211, 1.808]
2026-02-02 22:22:12,358 - src.hemisphere.hemisphere_utils - INFO -   Feature mean: 0.031, std: 0.295
2026-02-02 22:22:53,362 - __main__ - INFO -     Trial 1: Acc=0.8781 ★
2026-02-02 22:23:11,363 - __main__ - INFO -     Trial 2: Acc=0.8254
2026-02-02 22:23:42,506 - __main__ - INFO -     Trial 3: Acc=0.7749
2026-02-02 22:24:21,445 - __main__ - INFO -     Trial 4: Acc=0.8321
2026-02-02 22:24:57,974 - __main__ - INFO -     Trial 5: Acc=0.9116 ★
2026-02-02 22:27:22,752 - __main__ - INFO -     Trial 6: Acc=0.9133 ★
2026-02-02 22:27:30,698 - __main__ - INFO -     Trial 7: Acc=0.8614
2026-02-02 22:28:13,988 - __main__ - INFO -     Trial 8: Acc=0.9124
2026-02-02 22:28:44,755 - __main__ - INFO -     Trial 9: Acc=0.8139
2026-02-02 22:30:16,981 - __main__ - INFO -     Trial 10: Acc=0.9095
2026-02-02 22:33:21,089 - __main__ - INFO -     Trial 11: Acc=0.9191 ★
2026-02-02 22:36:29,478 - __main__ - INFO -     Trial 12: Acc=0.9198 ★
2026-02-02 22:39:36,452 - __main__ - INFO -     Trial 13: Acc=0.9186
2026-02-02 22:40:08,943 - __main__ - INFO -     Trial 14: Acc=0.9241 ★
2026-02-02 22:40:30,580 - __main__ - INFO -     Trial 15: Acc=0.9227
2026-02-02 22:40:50,762 - __main__ - INFO -     Trial 16: Acc=0.9219
2026-02-02 22:41:08,672 - __main__ - INFO -     Trial 17: Acc=0.8882
2026-02-02 22:41:22,269 - __main__ - INFO -     Trial 18: Acc=0.9224
2026-02-02 22:41:41,759 - __main__ - INFO -     Trial 19: Acc=0.9023
2026-02-02 22:41:54,592 - __main__ - INFO -     Trial 20: Acc=0.9193
2026-02-02 22:42:32,741 - __main__ - INFO -     Trial 21: Acc=0.9227
2026-02-02 22:43:06,551 - __main__ - INFO -     Trial 22: Acc=0.9224
2026-02-02 22:43:45,049 - __main__ - INFO -     Trial 23: Acc=0.9224
2026-02-02 22:44:39,668 - __main__ - INFO -     Trial 24: Acc=0.9157
2026-02-02 22:44:58,544 - __main__ - INFO -     Trial 25: Acc=0.9239
2026-02-02 22:45:13,015 - __main__ - INFO -     Trial 26: Acc=0.9207
2026-02-02 22:45:37,236 - __main__ - INFO -     Trial 27: Acc=0.9097
2026-02-02 22:45:45,490 - __main__ - INFO -     Trial 28: Acc=0.9083
2026-02-02 22:46:03,263 - __main__ - INFO -     Trial 29: Acc=0.9236
2026-02-02 22:46:20,641 - __main__ - INFO -     Trial 30: Acc=0.8558
2026-02-02 22:46:32,966 - __main__ - INFO -     Trial 31: Acc=0.8697
2026-02-02 22:46:51,451 - __main__ - INFO -     Trial 32: Acc=0.9239
2026-02-02 22:47:12,057 - __main__ - INFO -     Trial 33: Acc=0.9243 ★
2026-02-02 22:47:42,125 - __main__ - INFO -     Trial 34: Acc=0.9231
2026-02-02 22:47:55,110 - __main__ - INFO -     Trial 35: Acc=0.9231
2026-02-02 22:48:11,713 - __main__ - INFO -     Trial 36: Acc=0.9219
2026-02-02 22:48:29,060 - __main__ - INFO -     Trial 37: Acc=0.9136
2026-02-02 22:48:56,990 - __main__ - INFO -     Trial 38: Acc=0.9097
2026-02-02 22:49:06,668 - __main__ - INFO -     Trial 39: Acc=0.9224
2026-02-02 22:49:24,361 - __main__ - INFO -     Trial 40: Acc=0.8920
2026-02-02 22:49:24,361 - __main__ - INFO -   Best: C=0.036491, saga, Acc=0.9243 (1632.0s)
2026-02-02 22:49:48,745 - __main__ - INFO -   Train: 0.9570, Val: 0.9270 (24.0s)
2026-02-02 22:49:48,746 - __main__ - INFO - 
Fold 2/5
2026-02-02 22:49:48,752 - __main__ - INFO -   Train: 179 subjects, Test: 45 subjects
2026-02-02 22:49:48,819 - __main__ - INFO -   Random diagonal imputation with seed=2042
2026-02-02 22:49:48,832 - __main__ - INFO -   Random diagonal imputation with seed=3042
2026-02-02 22:49:48,832 - __main__ - INFO -   Applying Fisher Z-transformation...
2026-02-02 22:49:48,885 - __main__ - INFO -   Value range after Fisher Z: [-1.2500, 1.8154]
2026-02-02 22:49:48,885 - __main__ - INFO -   Applying Fisher Z-transformation...
2026-02-02 22:49:48,898 - __main__ - INFO -   Value range after Fisher Z: [-1.2192, 1.8080]
2026-02-02 22:49:48,898 - src.hemisphere.hemisphere_utils - INFO -   Removing diagonal values (self-connections) before classification
2026-02-02 22:49:48,898 - src.hemisphere.hemisphere_utils - INFO -   Original diagonal values (first subject, first 5 regions): [np.float64(0.11910423867046693), np.float64(-0.26084169030842935), np.float64(0.5786016055000707), np.float64(-0.7341150249615115), np.float64(-0.3214582760470713)]
2026-02-02 22:49:48,901 - src.hemisphere.hemisphere_utils - INFO -   After removal (should be all zeros): [np.float64(0.0), np.float64(0.0), np.float64(0.0), np.float64(0.0), np.float64(0.0)]
2026-02-02 22:49:48,928 - src.hemisphere.hemisphere_utils - INFO -   ✅ Diagonal removal verified - no features constant at 1.0
2026-02-02 22:49:48,928 - src.hemisphere.hemisphere_utils - INFO - Prepared classification data:
2026-02-02 22:49:48,928 - src.hemisphere.hemisphere_utils - INFO -   Features (X): (20764, 116)
2026-02-02 22:49:48,928 - src.hemisphere.hemisphere_utils - INFO -   Labels (y): (20764,)
2026-02-02 22:49:48,928 - src.hemisphere.hemisphere_utils - INFO -   Groups: (20764,)
2026-02-02 22:49:48,929 - src.hemisphere.hemisphere_utils - INFO -   Unique labels: 116
2026-02-02 22:49:48,934 - src.hemisphere.hemisphere_utils - INFO -   Unique subjects: 179
2026-02-02 22:49:48,936 - src.hemisphere.hemisphere_utils - INFO -   Feature range: [-1.250, 1.815]
2026-02-02 22:49:48,943 - src.hemisphere.hemisphere_utils - INFO -   Feature mean: 0.032, std: 0.290
2026-02-02 22:49:48,943 - src.hemisphere.hemisphere_utils - INFO -   Removing diagonal values (self-connections) before classification
2026-02-02 22:49:48,943 - src.hemisphere.hemisphere_utils - INFO -   Original diagonal values (first subject, first 5 regions): [np.float64(-0.8671224233533688), np.float64(0.9579631845917828), np.float64(1.223733619780675), np.float64(0.5670054866481724), np.float64(0.23907032884500598)]
2026-02-02 22:49:48,944 - src.hemisphere.hemisphere_utils - INFO -   After removal (should be all zeros): [np.float64(0.0), np.float64(0.0), np.float64(0.0), np.float64(0.0), np.float64(0.0)]
2026-02-02 22:49:48,951 - src.hemisphere.hemisphere_utils - INFO -   ✅ Diagonal removal verified - no features constant at 1.0
2026-02-02 22:49:48,951 - src.hemisphere.hemisphere_utils - INFO - Prepared classification data:
2026-02-02 22:49:48,951 - src.hemisphere.hemisphere_utils - INFO -   Features (X): (5220, 116)
2026-02-02 22:49:48,951 - src.hemisphere.hemisphere_utils - INFO -   Labels (y): (5220,)
2026-02-02 22:49:48,951 - src.hemisphere.hemisphere_utils - INFO -   Groups: (5220,)
2026-02-02 22:49:48,951 - src.hemisphere.hemisphere_utils - INFO -   Unique labels: 116
2026-02-02 22:49:48,953 - src.hemisphere.hemisphere_utils - INFO -   Unique subjects: 45
2026-02-02 22:49:48,953 - src.hemisphere.hemisphere_utils - INFO -   Feature range: [-1.219, 1.808]
2026-02-02 22:49:48,954 - src.hemisphere.hemisphere_utils - INFO -   Feature mean: 0.036, std: 0.295
2026-02-02 22:49:48,954 - __main__ - INFO - 
  Optimizing hyperparameters (Fold 2): 40 trials
2026-02-02 22:49:49,075 - src.hemisphere.hemisphere_utils - INFO -   Removing diagonal values (self-connections) before classification
2026-02-02 22:49:49,075 - src.hemisphere.hemisphere_utils - INFO -   Original diagonal values (first subject, first 5 regions): [np.float64(-0.10233319593525267), np.float64(-0.1321502266913887), np.float64(0.937213581756149), np.float64(-0.22604809416203703), np.float64(-0.44975605910236677)]
2026-02-02 22:49:49,077 - src.hemisphere.hemisphere_utils - INFO -   After removal (should be all zeros): [np.float64(0.0), np.float64(0.0), np.float64(0.0), np.float64(0.0), np.float64(0.0)]
2026-02-02 22:49:49,099 - src.hemisphere.hemisphere_utils - INFO -   ✅ Diagonal removal verified - no features constant at 1.0
2026-02-02 22:49:49,099 - src.hemisphere.hemisphere_utils - INFO - Prepared classification data:
2026-02-02 22:49:49,099 - src.hemisphere.hemisphere_utils - INFO -   Features (X): (16588, 116)
2026-02-02 22:49:49,099 - src.hemisphere.hemisphere_utils - INFO -   Labels (y): (16588,)
2026-02-02 22:49:49,099 - src.hemisphere.hemisphere_utils - INFO -   Groups: (16588,)
2026-02-02 22:49:49,099 - src.hemisphere.hemisphere_utils - INFO -   Unique labels: 116
2026-02-02 22:49:49,103 - src.hemisphere.hemisphere_utils - INFO -   Unique subjects: 143
2026-02-02 22:49:49,105 - src.hemisphere.hemisphere_utils - INFO -   Feature range: [-1.250, 1.815]
2026-02-02 22:49:49,109 - src.hemisphere.hemisphere_utils - INFO -   Feature mean: 0.032, std: 0.291
2026-02-02 22:49:49,109 - src.hemisphere.hemisphere_utils - INFO -   Removing diagonal values (self-connections) before classification
2026-02-02 22:49:49,109 - src.hemisphere.hemisphere_utils - INFO -   Original diagonal values (first subject, first 5 regions): [np.float64(0.008188884099068105), np.float64(-0.035488221087954575), np.float64(-0.13702432769574033), np.float64(0.5474113869570625), np.float64(-0.11352459946177211)]
2026-02-02 22:49:49,109 - src.hemisphere.hemisphere_utils - INFO -   After removal (should be all zeros): [np.float64(0.0), np.float64(0.0), np.float64(0.0), np.float64(0.0), np.float64(0.0)]
2026-02-02 22:49:49,115 - src.hemisphere.hemisphere_utils - INFO -   ✅ Diagonal removal verified - no features constant at 1.0
2026-02-02 22:49:49,115 - src.hemisphere.hemisphere_utils - INFO - Prepared classification data:
2026-02-02 22:49:49,115 - src.hemisphere.hemisphere_utils - INFO -   Features (X): (4176, 116)
2026-02-02 22:49:49,115 - src.hemisphere.hemisphere_utils - INFO -   Labels (y): (4176,)
2026-02-02 22:49:49,115 - src.hemisphere.hemisphere_utils - INFO -   Groups: (4176,)
2026-02-02 22:49:49,115 - src.hemisphere.hemisphere_utils - INFO -   Unique labels: 116
2026-02-02 22:49:49,116 - src.hemisphere.hemisphere_utils - INFO -   Unique subjects: 36
2026-02-02 22:49:49,116 - src.hemisphere.hemisphere_utils - INFO -   Feature range: [-1.157, 1.712]
2026-02-02 22:49:49,117 - src.hemisphere.hemisphere_utils - INFO -   Feature mean: 0.031, std: 0.287
2026-02-02 22:50:57,833 - __main__ - INFO -     Trial 1: Acc=0.8932 ★
2026-02-02 22:52:04,125 - __main__ - INFO -     Trial 2: Acc=0.8966 ★
2026-02-02 22:53:05,458 - __main__ - INFO -     Trial 3: Acc=0.8925
2026-02-02 22:53:35,071 - __main__ - INFO -     Trial 4: Acc=0.8587
2026-02-02 22:53:50,547 - __main__ - INFO -     Trial 5: Acc=0.9057 ★
2026-02-02 22:53:59,694 - __main__ - INFO -     Trial 6: Acc=0.8760
2026-02-02 22:55:22,760 - __main__ - INFO -     Trial 7: Acc=0.8831
2026-02-02 22:55:47,600 - __main__ - INFO -     Trial 8: Acc=0.7797
2026-02-02 22:56:33,185 - __main__ - INFO -     Trial 9: Acc=0.9057
2026-02-02 22:56:52,651 - __main__ - INFO -     Trial 10: Acc=0.8317
2026-02-02 22:57:04,038 - __main__ - INFO -     Trial 11: Acc=0.9092 ★
2026-02-02 22:57:15,198 - __main__ - INFO -     Trial 12: Acc=0.9085
2026-02-02 22:57:25,948 - __main__ - INFO -     Trial 13: Acc=0.9085
2026-02-02 22:57:41,698 - __main__ - INFO -     Trial 14: Acc=0.9092
2026-02-02 22:57:58,349 - __main__ - INFO -     Trial 15: Acc=0.9097 ★
2026-02-02 22:58:14,813 - __main__ - INFO -     Trial 16: Acc=0.9092
2026-02-02 22:58:34,607 - __main__ - INFO -     Trial 17: Acc=0.8767
2026-02-02 22:58:48,799 - __main__ - INFO -     Trial 18: Acc=0.9114 ★
2026-02-02 22:59:02,822 - __main__ - INFO -     Trial 19: Acc=0.8834
2026-02-02 23:00:04,446 - __main__ - INFO -     Trial 20: Acc=0.9025
2026-02-02 23:00:25,045 - __main__ - INFO -     Trial 21: Acc=0.8925
2026-02-02 23:00:38,567 - __main__ - INFO -     Trial 22: Acc=0.9107
2026-02-02 23:00:51,997 - __main__ - INFO -     Trial 23: Acc=0.9107
2026-02-02 23:01:05,708 - __main__ - INFO -     Trial 24: Acc=0.9107
2026-02-02 23:01:24,817 - __main__ - INFO -     Trial 25: Acc=0.9085
2026-02-02 23:01:47,950 - __main__ - INFO -     Trial 26: Acc=0.9085
2026-02-02 23:01:59,416 - __main__ - INFO -     Trial 27: Acc=0.8690
2026-02-02 23:02:09,429 - __main__ - INFO -     Trial 28: Acc=0.9104
2026-02-02 23:02:18,607 - __main__ - INFO -     Trial 29: Acc=0.8992
2026-02-02 23:02:44,374 - __main__ - INFO -     Trial 30: Acc=0.9030
2026-02-02 23:03:02,217 - __main__ - INFO -     Trial 31: Acc=0.9080
2026-02-02 23:03:15,754 - __main__ - INFO -     Trial 32: Acc=0.9107
2026-02-02 23:03:29,190 - __main__ - INFO -     Trial 33: Acc=0.9109
2026-02-02 23:03:41,987 - __main__ - INFO -     Trial 34: Acc=0.9095
2026-02-02 23:04:03,325 - __main__ - INFO -     Trial 35: Acc=0.8867
2026-02-02 23:04:17,213 - __main__ - INFO -     Trial 36: Acc=0.9083
2026-02-02 23:05:28,140 - __main__ - INFO -     Trial 37: Acc=0.9040
2026-02-02 23:05:46,089 - __main__ - INFO -     Trial 38: Acc=0.8669
2026-02-02 23:05:56,109 - __main__ - INFO -     Trial 39: Acc=0.9073
2026-02-02 23:06:59,922 - __main__ - INFO -     Trial 40: Acc=0.8585
2026-02-02 23:06:59,923 - __main__ - INFO -   Best: C=0.029955, saga, Acc=0.9114 (1030.8s)
2026-02-02 23:07:17,106 - __main__ - INFO -   Train: 0.9534, Val: 0.9330 (16.8s)
2026-02-02 23:07:17,107 - __main__ - INFO - 
Fold 3/5
2026-02-02 23:07:17,114 - __main__ - INFO -   Train: 179 subjects, Test: 45 subjects
2026-02-02 23:07:17,178 - __main__ - INFO -   Random diagonal imputation with seed=3042
2026-02-02 23:07:17,190 - __main__ - INFO -   Random diagonal imputation with seed=4042
2026-02-02 23:07:17,191 - __main__ - INFO -   Applying Fisher Z-transformation...
2026-02-02 23:07:17,244 - __main__ - INFO -   Value range after Fisher Z: [-1.2500, 1.8154]
2026-02-02 23:07:17,244 - __main__ - INFO -   Applying Fisher Z-transformation...
2026-02-02 23:07:17,257 - __main__ - INFO -   Value range after Fisher Z: [-1.2497, 1.7777]
2026-02-02 23:07:17,257 - src.hemisphere.hemisphere_utils - INFO -   Removing diagonal values (self-connections) before classification
2026-02-02 23:07:17,257 - src.hemisphere.hemisphere_utils - INFO -   Original diagonal values (first subject, first 5 regions): [np.float64(-0.8557329032879066), np.float64(0.8930408557864224), np.float64(1.1207398073009405), np.float64(0.5340582988358622), np.float64(0.220452675862867)]
2026-02-02 23:07:17,259 - src.hemisphere.hemisphere_utils - INFO -   After removal (should be all zeros): [np.float64(0.0), np.float64(0.0), np.float64(0.0), np.float64(0.0), np.float64(0.0)]
2026-02-02 23:07:17,286 - src.hemisphere.hemisphere_utils - INFO -   ✅ Diagonal removal verified - no features constant at 1.0
2026-02-02 23:07:17,287 - src.hemisphere.hemisphere_utils - INFO - Prepared classification data:
2026-02-02 23:07:17,287 - src.hemisphere.hemisphere_utils - INFO -   Features (X): (20764, 116)
2026-02-02 23:07:17,287 - src.hemisphere.hemisphere_utils - INFO -   Labels (y): (20764,)
2026-02-02 23:07:17,287 - src.hemisphere.hemisphere_utils - INFO -   Groups: (20764,)
2026-02-02 23:07:17,287 - src.hemisphere.hemisphere_utils - INFO -   Unique labels: 116
2026-02-02 23:07:17,292 - src.hemisphere.hemisphere_utils - INFO -   Unique subjects: 179
2026-02-02 23:07:17,294 - src.hemisphere.hemisphere_utils - INFO -   Feature range: [-1.250, 1.815]
2026-02-02 23:07:17,300 - src.hemisphere.hemisphere_utils - INFO -   Feature mean: 0.034, std: 0.292
2026-02-02 23:07:17,300 - src.hemisphere.hemisphere_utils - INFO -   Removing diagonal values (self-connections) before classification
2026-02-02 23:07:17,301 - src.hemisphere.hemisphere_utils - INFO -   Original diagonal values (first subject, first 5 regions): [np.float64(-0.6732612178811905), np.float64(0.03157701796983879), np.float64(-0.45890977677255423), np.float64(0.3635142193301016), np.float64(-0.8451367755045782)]
2026-02-02 23:07:17,301 - src.hemisphere.hemisphere_utils - INFO -   After removal (should be all zeros): [np.float64(0.0), np.float64(0.0), np.float64(0.0), np.float64(0.0), np.float64(0.0)]
2026-02-02 23:07:17,308 - src.hemisphere.hemisphere_utils - INFO -   ✅ Diagonal removal verified - no features constant at 1.0
2026-02-02 23:07:17,308 - src.hemisphere.hemisphere_utils - INFO - Prepared classification data:
2026-02-02 23:07:17,308 - src.hemisphere.hemisphere_utils - INFO -   Features (X): (5220, 116)
2026-02-02 23:07:17,308 - src.hemisphere.hemisphere_utils - INFO -   Labels (y): (5220,)
2026-02-02 23:07:17,308 - src.hemisphere.hemisphere_utils - INFO -   Groups: (5220,)
2026-02-02 23:07:17,308 - src.hemisphere.hemisphere_utils - INFO -   Unique labels: 116
2026-02-02 23:07:17,310 - src.hemisphere.hemisphere_utils - INFO -   Unique subjects: 45
2026-02-02 23:07:17,310 - src.hemisphere.hemisphere_utils - INFO -   Feature range: [-1.250, 1.778]
2026-02-02 23:07:17,311 - src.hemisphere.hemisphere_utils - INFO -   Feature mean: 0.029, std: 0.287
2026-02-02 23:07:17,311 - __main__ - INFO - 
  Optimizing hyperparameters (Fold 3): 40 trials
2026-02-02 23:07:17,430 - src.hemisphere.hemisphere_utils - INFO -   Removing diagonal values (self-connections) before classification
2026-02-02 23:07:17,430 - src.hemisphere.hemisphere_utils - INFO -   Original diagonal values (first subject, first 5 regions): [np.float64(-0.4922047339938384), np.float64(0.5845405047083886), np.float64(-0.19965570243425182), np.float64(-0.1650671217754247), np.float64(0.41275993152609647)]
2026-02-02 23:07:17,432 - src.hemisphere.hemisphere_utils - INFO -   After removal (should be all zeros): [np.float64(0.0), np.float64(0.0), np.float64(0.0), np.float64(0.0), np.float64(0.0)]
2026-02-02 23:07:17,453 - src.hemisphere.hemisphere_utils - INFO -   ✅ Diagonal removal verified - no features constant at 1.0
2026-02-02 23:07:17,454 - src.hemisphere.hemisphere_utils - INFO - Prepared classification data:
2026-02-02 23:07:17,454 - src.hemisphere.hemisphere_utils - INFO -   Features (X): (16588, 116)
2026-02-02 23:07:17,454 - src.hemisphere.hemisphere_utils - INFO -   Labels (y): (16588,)
2026-02-02 23:07:17,454 - src.hemisphere.hemisphere_utils - INFO -   Groups: (16588,)
2026-02-02 23:07:17,454 - src.hemisphere.hemisphere_utils - INFO -   Unique labels: 116
2026-02-02 23:07:17,458 - src.hemisphere.hemisphere_utils - INFO -   Unique subjects: 143
2026-02-02 23:07:17,460 - src.hemisphere.hemisphere_utils - INFO -   Feature range: [-1.250, 1.815]
2026-02-02 23:07:17,464 - src.hemisphere.hemisphere_utils - INFO -   Feature mean: 0.034, std: 0.293
2026-02-02 23:07:17,464 - src.hemisphere.hemisphere_utils - INFO -   Removing diagonal values (self-connections) before classification
2026-02-02 23:07:17,464 - src.hemisphere.hemisphere_utils - INFO -   Original diagonal values (first subject, first 5 regions): [np.float64(-0.0254699178725738), np.float64(-0.08305029381791557), np.float64(0.06231145423995442), np.float64(-0.34463477100820067), np.float64(0.32117955777324486)]
2026-02-02 23:07:17,464 - src.hemisphere.hemisphere_utils - INFO -   After removal (should be all zeros): [np.float64(0.0), np.float64(0.0), np.float64(0.0), np.float64(0.0), np.float64(0.0)]
2026-02-02 23:07:17,470 - src.hemisphere.hemisphere_utils - INFO -   ✅ Diagonal removal verified - no features constant at 1.0
2026-02-02 23:07:17,470 - src.hemisphere.hemisphere_utils - INFO - Prepared classification data:
2026-02-02 23:07:17,470 - src.hemisphere.hemisphere_utils - INFO -   Features (X): (4176, 116)
2026-02-02 23:07:17,470 - src.hemisphere.hemisphere_utils - INFO -   Labels (y): (4176,)
2026-02-02 23:07:17,470 - src.hemisphere.hemisphere_utils - INFO -   Groups: (4176,)
2026-02-02 23:07:17,470 - src.hemisphere.hemisphere_utils - INFO -   Unique labels: 116
2026-02-02 23:07:17,471 - src.hemisphere.hemisphere_utils - INFO -   Unique subjects: 36
2026-02-02 23:07:17,471 - src.hemisphere.hemisphere_utils - INFO -   Feature range: [-1.098, 1.608]
2026-02-02 23:07:17,472 - src.hemisphere.hemisphere_utils - INFO -   Feature mean: 0.034, std: 0.290
2026-02-02 23:07:30,375 - __main__ - INFO -     Trial 1: Acc=0.6894 ★
2026-02-02 23:07:38,748 - __main__ - INFO -     Trial 2: Acc=0.9040 ★
2026-02-02 23:08:21,845 - __main__ - INFO -     Trial 3: Acc=0.8944
2026-02-02 23:08:36,916 - __main__ - INFO -     Trial 4: Acc=0.9006
2026-02-02 23:09:11,156 - __main__ - INFO -     Trial 5: Acc=0.7845
2026-02-02 23:09:36,860 - __main__ - INFO -     Trial 6: Acc=0.8867
2026-02-02 23:10:10,559 - __main__ - INFO -     Trial 7: Acc=0.8077
2026-02-02 23:11:12,656 - __main__ - INFO -     Trial 8: Acc=0.9066 ★
2026-02-02 23:11:59,456 - __main__ - INFO -     Trial 9: Acc=0.9159 ★
2026-02-02 23:12:11,615 - __main__ - INFO -     Trial 10: Acc=0.8606
2026-02-02 23:12:48,914 - __main__ - INFO -     Trial 11: Acc=0.9193 ★
2026-02-02 23:13:24,798 - __main__ - INFO -     Trial 12: Acc=0.9203 ★
2026-02-02 23:13:54,688 - __main__ - INFO -     Trial 13: Acc=0.9195
2026-02-02 23:14:14,741 - __main__ - INFO -     Trial 14: Acc=0.9212 ★
2026-02-02 23:14:34,151 - __main__ - INFO -     Trial 15: Acc=0.9210
2026-02-02 23:14:51,698 - __main__ - INFO -     Trial 16: Acc=0.9200
2026-02-02 23:15:08,515 - __main__ - INFO -     Trial 17: Acc=0.8669
2026-02-02 23:15:18,116 - __main__ - INFO -     Trial 18: Acc=0.9181
2026-02-02 23:15:56,479 - __main__ - INFO -     Trial 19: Acc=0.9215 ★
2026-02-02 23:16:51,102 - __main__ - INFO -     Trial 20: Acc=0.8793
2026-02-02 23:17:16,286 - __main__ - INFO -     Trial 21: Acc=0.8443
2026-02-02 23:17:48,838 - __main__ - INFO -     Trial 22: Acc=0.9212
2026-02-02 23:18:23,573 - __main__ - INFO -     Trial 23: Acc=0.9210
2026-02-02 23:19:03,358 - __main__ - INFO -     Trial 24: Acc=0.9138
2026-02-02 23:19:29,700 - __main__ - INFO -     Trial 25: Acc=0.9212
2026-02-02 23:20:54,103 - __main__ - INFO -     Trial 26: Acc=0.9088
2026-02-02 23:21:41,378 - __main__ - INFO -     Trial 27: Acc=0.8977
2026-02-02 23:22:18,146 - __main__ - INFO -     Trial 28: Acc=0.9200
2026-02-02 23:22:36,879 - __main__ - INFO -     Trial 29: Acc=0.9080
2026-02-02 23:22:52,556 - __main__ - INFO -     Trial 30: Acc=0.8793
2026-02-02 23:23:42,758 - __main__ - INFO -     Trial 31: Acc=0.9203
2026-02-02 23:24:07,950 - __main__ - INFO -     Trial 32: Acc=0.9215
2026-02-02 23:24:27,543 - __main__ - INFO -     Trial 33: Acc=0.9205
2026-02-02 23:24:42,041 - __main__ - INFO -     Trial 34: Acc=0.9205
2026-02-02 23:25:08,680 - __main__ - INFO -     Trial 35: Acc=0.9191
2026-02-02 23:25:48,857 - __main__ - INFO -     Trial 36: Acc=0.9203
2026-02-02 23:26:12,392 - __main__ - INFO -     Trial 37: Acc=0.8882
2026-02-02 23:26:25,151 - __main__ - INFO -     Trial 38: Acc=0.8934
2026-02-02 23:27:20,621 - __main__ - INFO -     Trial 39: Acc=0.9131
2026-02-02 23:27:45,532 - __main__ - INFO -     Trial 40: Acc=0.9207
2026-02-02 23:27:45,533 - __main__ - INFO -   Best: C=0.028339, saga, Acc=0.9215 (1228.1s)
2026-02-02 23:28:32,118 - __main__ - INFO -   Train: 0.9561, Val: 0.9285 (46.2s)
2026-02-02 23:28:32,119 - __main__ - INFO - 
Fold 4/5
2026-02-02 23:28:32,126 - __main__ - INFO -   Train: 179 subjects, Test: 45 subjects
2026-02-02 23:28:32,190 - __main__ - INFO -   Random diagonal imputation with seed=4042
2026-02-02 23:28:32,203 - __main__ - INFO -   Random diagonal imputation with seed=5042
2026-02-02 23:28:32,204 - __main__ - INFO -   Applying Fisher Z-transformation...
2026-02-02 23:28:32,261 - __main__ - INFO -   Value range after Fisher Z: [-1.2497, 1.8080]
2026-02-02 23:28:32,261 - __main__ - INFO -   Applying Fisher Z-transformation...
2026-02-02 23:28:32,274 - __main__ - INFO -   Value range after Fisher Z: [-1.2500, 1.8154]
2026-02-02 23:28:32,274 - src.hemisphere.hemisphere_utils - INFO -   Removing diagonal values (self-connections) before classification
2026-02-02 23:28:32,274 - src.hemisphere.hemisphere_utils - INFO -   Original diagonal values (first subject, first 5 regions): [np.float64(-0.6732612178811905), np.float64(0.03157701796983879), np.float64(-0.45890977677255423), np.float64(0.3635142193301016), np.float64(-0.8451367755045782)]
2026-02-02 23:28:32,277 - src.hemisphere.hemisphere_utils - INFO -   After removal (should be all zeros): [np.float64(0.0), np.float64(0.0), np.float64(0.0), np.float64(0.0), np.float64(0.0)]
2026-02-02 23:28:32,304 - src.hemisphere.hemisphere_utils - INFO -   ✅ Diagonal removal verified - no features constant at 1.0
2026-02-02 23:28:32,304 - src.hemisphere.hemisphere_utils - INFO - Prepared classification data:
2026-02-02 23:28:32,304 - src.hemisphere.hemisphere_utils - INFO -   Features (X): (20764, 116)
2026-02-02 23:28:32,304 - src.hemisphere.hemisphere_utils - INFO -   Labels (y): (20764,)
2026-02-02 23:28:32,304 - src.hemisphere.hemisphere_utils - INFO -   Groups: (20764,)
2026-02-02 23:28:32,305 - src.hemisphere.hemisphere_utils - INFO -   Unique labels: 116
2026-02-02 23:28:32,310 - src.hemisphere.hemisphere_utils - INFO -   Unique subjects: 179
2026-02-02 23:28:32,312 - src.hemisphere.hemisphere_utils - INFO -   Feature range: [-1.250, 1.808]
2026-02-02 23:28:32,320 - src.hemisphere.hemisphere_utils - INFO -   Feature mean: 0.033, std: 0.291
2026-02-02 23:28:32,320 - src.hemisphere.hemisphere_utils - INFO -   Removing diagonal values (self-connections) before classification
2026-02-02 23:28:32,320 - src.hemisphere.hemisphere_utils - INFO -   Original diagonal values (first subject, first 5 regions): [np.float64(-0.3464594190806254), np.float64(0.3088439334177441), np.float64(0.43762140753259626), np.float64(0.5347559745674089), np.float64(-0.10316772770498571)]
2026-02-02 23:28:32,321 - src.hemisphere.hemisphere_utils - INFO -   After removal (should be all zeros): [np.float64(0.0), np.float64(0.0), np.float64(0.0), np.float64(0.0), np.float64(0.0)]
2026-02-02 23:28:32,328 - src.hemisphere.hemisphere_utils - INFO -   ✅ Diagonal removal verified - no features constant at 1.0
2026-02-02 23:28:32,328 - src.hemisphere.hemisphere_utils - INFO - Prepared classification data:
2026-02-02 23:28:32,328 - src.hemisphere.hemisphere_utils - INFO -   Features (X): (5220, 116)
2026-02-02 23:28:32,328 - src.hemisphere.hemisphere_utils - INFO -   Labels (y): (5220,)
2026-02-02 23:28:32,328 - src.hemisphere.hemisphere_utils - INFO -   Groups: (5220,)
2026-02-02 23:28:32,328 - src.hemisphere.hemisphere_utils - INFO -   Unique labels: 116
2026-02-02 23:28:32,329 - src.hemisphere.hemisphere_utils - INFO -   Unique subjects: 45
2026-02-02 23:28:32,329 - src.hemisphere.hemisphere_utils - INFO -   Feature range: [-1.250, 1.815]
2026-02-02 23:28:32,330 - src.hemisphere.hemisphere_utils - INFO -   Feature mean: 0.032, std: 0.292
2026-02-02 23:28:32,330 - __main__ - INFO - 
  Optimizing hyperparameters (Fold 4): 40 trials
2026-02-02 23:28:32,452 - src.hemisphere.hemisphere_utils - INFO -   Removing diagonal values (self-connections) before classification
2026-02-02 23:28:32,452 - src.hemisphere.hemisphere_utils - INFO -   Original diagonal values (first subject, first 5 regions): [np.float64(0.7636690592879309), np.float64(0.34267969039201085), np.float64(0.254059336290587), np.float64(0.7084868600412073), np.float64(0.26565398458498823)]
2026-02-02 23:28:32,453 - src.hemisphere.hemisphere_utils - INFO -   After removal (should be all zeros): [np.float64(0.0), np.float64(0.0), np.float64(0.0), np.float64(0.0), np.float64(0.0)]
2026-02-02 23:28:32,475 - src.hemisphere.hemisphere_utils - INFO -   ✅ Diagonal removal verified - no features constant at 1.0
2026-02-02 23:28:32,475 - src.hemisphere.hemisphere_utils - INFO - Prepared classification data:
2026-02-02 23:28:32,476 - src.hemisphere.hemisphere_utils - INFO -   Features (X): (16588, 116)
2026-02-02 23:28:32,476 - src.hemisphere.hemisphere_utils - INFO -   Labels (y): (16588,)
2026-02-02 23:28:32,476 - src.hemisphere.hemisphere_utils - INFO -   Groups: (16588,)
2026-02-02 23:28:32,476 - src.hemisphere.hemisphere_utils - INFO -   Unique labels: 116
2026-02-02 23:28:32,480 - src.hemisphere.hemisphere_utils - INFO -   Unique subjects: 143
2026-02-02 23:28:32,481 - src.hemisphere.hemisphere_utils - INFO -   Feature range: [-1.250, 1.808]
2026-02-02 23:28:32,485 - src.hemisphere.hemisphere_utils - INFO -   Feature mean: 0.034, std: 0.292
2026-02-02 23:28:32,485 - src.hemisphere.hemisphere_utils - INFO -   Removing diagonal values (self-connections) before classification
2026-02-02 23:28:32,485 - src.hemisphere.hemisphere_utils - INFO -   Original diagonal values (first subject, first 5 regions): [np.float64(0.13752983036650884), np.float64(0.07273985828534026), np.float64(0.511895359785508), np.float64(0.5904761175134232), np.float64(-0.3196334921099537)]
2026-02-02 23:28:32,486 - src.hemisphere.hemisphere_utils - INFO -   After removal (should be all zeros): [np.float64(0.0), np.float64(0.0), np.float64(0.0), np.float64(0.0), np.float64(0.0)]
2026-02-02 23:28:32,491 - src.hemisphere.hemisphere_utils - INFO -   ✅ Diagonal removal verified - no features constant at 1.0
2026-02-02 23:28:32,492 - src.hemisphere.hemisphere_utils - INFO - Prepared classification data:
2026-02-02 23:28:32,492 - src.hemisphere.hemisphere_utils - INFO -   Features (X): (4176, 116)
2026-02-02 23:28:32,492 - src.hemisphere.hemisphere_utils - INFO -   Labels (y): (4176,)
2026-02-02 23:28:32,492 - src.hemisphere.hemisphere_utils - INFO -   Groups: (4176,)
2026-02-02 23:28:32,492 - src.hemisphere.hemisphere_utils - INFO -   Unique labels: 116
2026-02-02 23:28:32,493 - src.hemisphere.hemisphere_utils - INFO -   Unique subjects: 36
2026-02-02 23:28:32,493 - src.hemisphere.hemisphere_utils - INFO -   Feature range: [-1.138, 1.646]
2026-02-02 23:28:32,494 - src.hemisphere.hemisphere_utils - INFO -   Feature mean: 0.032, std: 0.289
2026-02-02 23:29:36,996 - __main__ - INFO -     Trial 1: Acc=0.9126 ★
2026-02-02 23:29:54,276 - __main__ - INFO -     Trial 2: Acc=0.7768
2026-02-02 23:30:25,021 - __main__ - INFO -     Trial 3: Acc=0.8649
2026-02-02 23:30:52,528 - __main__ - INFO -     Trial 4: Acc=0.8707
2026-02-02 23:31:50,674 - __main__ - INFO -     Trial 5: Acc=0.8362
2026-02-02 23:32:11,733 - __main__ - INFO -     Trial 6: Acc=0.8204
2026-02-02 23:33:31,243 - __main__ - INFO -     Trial 7: Acc=0.9128 ★
2026-02-02 23:34:08,665 - __main__ - INFO -     Trial 8: Acc=0.9090
2026-02-02 23:34:40,435 - __main__ - INFO -     Trial 9: Acc=0.9205 ★
2026-02-02 23:35:05,874 - __main__ - INFO -     Trial 10: Acc=0.8087
2026-02-02 23:35:15,820 - __main__ - INFO -     Trial 11: Acc=0.9136
2026-02-02 23:35:23,983 - __main__ - INFO -     Trial 12: Acc=0.9138
2026-02-02 23:35:33,353 - __main__ - INFO -     Trial 13: Acc=0.9140
2026-02-02 23:37:07,689 - __main__ - INFO -     Trial 14: Acc=0.9207 ★
2026-02-02 23:38:38,167 - __main__ - INFO -     Trial 15: Acc=0.9207
2026-02-02 23:40:12,829 - __main__ - INFO -     Trial 16: Acc=0.9205
2026-02-02 23:41:53,818 - __main__ - INFO -     Trial 17: Acc=0.9207
2026-02-02 23:43:36,592 - __main__ - INFO -     Trial 18: Acc=0.9102
2026-02-02 23:44:32,887 - __main__ - INFO -     Trial 19: Acc=0.9212 ★
2026-02-02 23:45:16,470 - __main__ - INFO -     Trial 20: Acc=0.8934
2026-02-02 23:46:57,819 - __main__ - INFO -     Trial 21: Acc=0.9100
2026-02-02 23:48:05,868 - __main__ - INFO -     Trial 22: Acc=0.9198
2026-02-02 23:49:56,268 - __main__ - INFO -     Trial 23: Acc=0.9195
2026-02-02 23:51:00,830 - __main__ - INFO -     Trial 24: Acc=0.9224 ★
2026-02-02 23:51:54,202 - __main__ - INFO -     Trial 25: Acc=0.9188
2026-02-02 23:52:14,051 - __main__ - INFO -     Trial 26: Acc=0.9162
2026-02-02 23:52:58,579 - __main__ - INFO -     Trial 27: Acc=0.9231 ★
2026-02-02 23:53:43,576 - __main__ - INFO -     Trial 28: Acc=0.9171
2026-02-02 23:54:08,472 - __main__ - INFO -     Trial 29: Acc=0.8970
2026-02-02 23:55:09,313 - __main__ - INFO -     Trial 30: Acc=0.9159
2026-02-02 23:55:33,207 - __main__ - INFO -     Trial 31: Acc=0.9210
2026-02-02 23:56:00,007 - __main__ - INFO -     Trial 32: Acc=0.9227
2026-02-02 23:56:32,886 - __main__ - INFO -     Trial 33: Acc=0.9231
2026-02-02 23:56:53,502 - __main__ - INFO -     Trial 34: Acc=0.9236 ★
2026-02-02 23:57:12,071 - __main__ - INFO -     Trial 35: Acc=0.8891
2026-02-02 23:57:35,749 - __main__ - INFO -     Trial 36: Acc=0.9229
2026-02-02 23:57:56,272 - __main__ - INFO -     Trial 37: Acc=0.8860
2026-02-02 23:58:08,855 - __main__ - INFO -     Trial 38: Acc=0.8863
2026-02-02 23:58:43,950 - __main__ - INFO -     Trial 39: Acc=0.9023
2026-02-02 23:59:01,192 - __main__ - INFO -     Trial 40: Acc=0.9210
2026-02-02 23:59:01,193 - __main__ - INFO -   Best: C=0.039062, saga, Acc=0.9236 (1828.7s)
2026-02-02 23:59:25,796 - __main__ - INFO -   Train: 0.9570, Val: 0.9330 (24.3s)
2026-02-02 23:59:25,796 - __main__ - INFO - 
Fold 5/5
2026-02-02 23:59:25,803 - __main__ - INFO -   Train: 180 subjects, Test: 44 subjects
2026-02-02 23:59:25,868 - __main__ - INFO -   Random diagonal imputation with seed=5042
2026-02-02 23:59:25,881 - __main__ - INFO -   Random diagonal imputation with seed=6042
2026-02-02 23:59:25,881 - __main__ - INFO -   Applying Fisher Z-transformation...
2026-02-02 23:59:25,938 - __main__ - INFO -   Value range after Fisher Z: [-1.2500, 1.8154]
2026-02-02 23:59:25,938 - __main__ - INFO -   Applying Fisher Z-transformation...
2026-02-02 23:59:25,951 - __main__ - INFO -   Value range after Fisher Z: [-1.1969, 1.7125]
2026-02-02 23:59:25,951 - src.hemisphere.hemisphere_utils - INFO -   Removing diagonal values (self-connections) before classification
2026-02-02 23:59:25,951 - src.hemisphere.hemisphere_utils - INFO -   Original diagonal values (first subject, first 5 regions): [np.float64(-0.3464594190806254), np.float64(0.3088439334177441), np.float64(0.43762140753259626), np.float64(0.5347559745674089), np.float64(-0.10316772770498571)]
2026-02-02 23:59:25,953 - src.hemisphere.hemisphere_utils - INFO -   After removal (should be all zeros): [np.float64(0.0), np.float64(0.0), np.float64(0.0), np.float64(0.0), np.float64(0.0)]
2026-02-02 23:59:25,981 - src.hemisphere.hemisphere_utils - INFO -   ✅ Diagonal removal verified - no features constant at 1.0
2026-02-02 23:59:25,981 - src.hemisphere.hemisphere_utils - INFO - Prepared classification data:
2026-02-02 23:59:25,981 - src.hemisphere.hemisphere_utils - INFO -   Features (X): (20880, 116)
2026-02-02 23:59:25,981 - src.hemisphere.hemisphere_utils - INFO -   Labels (y): (20880,)
2026-02-02 23:59:25,981 - src.hemisphere.hemisphere_utils - INFO -   Groups: (20880,)
2026-02-02 23:59:25,981 - src.hemisphere.hemisphere_utils - INFO -   Unique labels: 116
2026-02-02 23:59:25,987 - src.hemisphere.hemisphere_utils - INFO -   Unique subjects: 180
2026-02-02 23:59:25,988 - src.hemisphere.hemisphere_utils - INFO -   Feature range: [-1.250, 1.815]
2026-02-02 23:59:25,995 - src.hemisphere.hemisphere_utils - INFO -   Feature mean: 0.033, std: 0.292
2026-02-02 23:59:25,995 - src.hemisphere.hemisphere_utils - INFO -   Removing diagonal values (self-connections) before classification
2026-02-02 23:59:25,995 - src.hemisphere.hemisphere_utils - INFO -   Original diagonal values (first subject, first 5 regions): [np.float64(-0.40858931442652086), np.float64(0.820417206540913), np.float64(0.2130218247359344), np.float64(0.23474156215789554), np.float64(-0.1759261593977715)]
2026-02-02 23:59:25,996 - src.hemisphere.hemisphere_utils - INFO -   After removal (should be all zeros): [np.float64(0.0), np.float64(0.0), np.float64(0.0), np.float64(0.0), np.float64(0.0)]
2026-02-02 23:59:26,003 - src.hemisphere.hemisphere_utils - INFO -   ✅ Diagonal removal verified - no features constant at 1.0
2026-02-02 23:59:26,003 - src.hemisphere.hemisphere_utils - INFO - Prepared classification data:
2026-02-02 23:59:26,003 - src.hemisphere.hemisphere_utils - INFO -   Features (X): (5104, 116)
2026-02-02 23:59:26,003 - src.hemisphere.hemisphere_utils - INFO -   Labels (y): (5104,)
2026-02-02 23:59:26,003 - src.hemisphere.hemisphere_utils - INFO -   Groups: (5104,)
2026-02-02 23:59:26,003 - src.hemisphere.hemisphere_utils - INFO -   Unique labels: 116
2026-02-02 23:59:26,004 - src.hemisphere.hemisphere_utils - INFO -   Unique subjects: 44
2026-02-02 23:59:26,004 - src.hemisphere.hemisphere_utils - INFO -   Feature range: [-1.197, 1.712]
2026-02-02 23:59:26,005 - src.hemisphere.hemisphere_utils - INFO -   Feature mean: 0.034, std: 0.290
2026-02-02 23:59:26,005 - __main__ - INFO - 
  Optimizing hyperparameters (Fold 5): 40 trials
2026-02-02 23:59:26,124 - src.hemisphere.hemisphere_utils - INFO -   Removing diagonal values (self-connections) before classification
2026-02-02 23:59:26,124 - src.hemisphere.hemisphere_utils - INFO -   Original diagonal values (first subject, first 5 regions): [np.float64(0.28911060949462225), np.float64(1.2603633082240138), np.float64(0.7594342199014056), np.float64(0.928616735604919), np.float64(-0.2926627991504626)]
2026-02-02 23:59:26,126 - src.hemisphere.hemisphere_utils - INFO -   After removal (should be all zeros): [np.float64(0.0), np.float64(0.0), np.float64(0.0), np.float64(0.0), np.float64(0.0)]
2026-02-02 23:59:26,147 - src.hemisphere.hemisphere_utils - INFO -   ✅ Diagonal removal verified - no features constant at 1.0
2026-02-02 23:59:26,148 - src.hemisphere.hemisphere_utils - INFO - Prepared classification data:
2026-02-02 23:59:26,148 - src.hemisphere.hemisphere_utils - INFO -   Features (X): (16704, 116)
2026-02-02 23:59:26,148 - src.hemisphere.hemisphere_utils - INFO -   Labels (y): (16704,)
2026-02-02 23:59:26,148 - src.hemisphere.hemisphere_utils - INFO -   Groups: (16704,)
2026-02-02 23:59:26,148 - src.hemisphere.hemisphere_utils - INFO -   Unique labels: 116
2026-02-02 23:59:26,152 - src.hemisphere.hemisphere_utils - INFO -   Unique subjects: 144
2026-02-02 23:59:26,153 - src.hemisphere.hemisphere_utils - INFO -   Feature range: [-1.250, 1.815]
2026-02-02 23:59:26,157 - src.hemisphere.hemisphere_utils - INFO -   Feature mean: 0.033, std: 0.292
2026-02-02 23:59:26,157 - src.hemisphere.hemisphere_utils - INFO -   Removing diagonal values (self-connections) before classification
2026-02-02 23:59:26,157 - src.hemisphere.hemisphere_utils - INFO -   Original diagonal values (first subject, first 5 regions): [np.float64(-0.4526940713184777), np.float64(0.8168002534187465), np.float64(0.11536585227367473), np.float64(-0.5814213953275172), np.float64(-0.37089101360744725)]
2026-02-02 23:59:26,158 - src.hemisphere.hemisphere_utils - INFO -   After removal (should be all zeros): [np.float64(0.0), np.float64(0.0), np.float64(0.0), np.float64(0.0), np.float64(0.0)]
2026-02-02 23:59:26,164 - src.hemisphere.hemisphere_utils - INFO -   ✅ Diagonal removal verified - no features constant at 1.0
2026-02-02 23:59:26,164 - src.hemisphere.hemisphere_utils - INFO - Prepared classification data:
2026-02-02 23:59:26,164 - src.hemisphere.hemisphere_utils - INFO -   Features (X): (4176, 116)
2026-02-02 23:59:26,164 - src.hemisphere.hemisphere_utils - INFO -   Labels (y): (4176,)
2026-02-02 23:59:26,164 - src.hemisphere.hemisphere_utils - INFO -   Groups: (4176,)
2026-02-02 23:59:26,164 - src.hemisphere.hemisphere_utils - INFO -   Unique labels: 116
2026-02-02 23:59:26,165 - src.hemisphere.hemisphere_utils - INFO -   Unique subjects: 36
2026-02-02 23:59:26,165 - src.hemisphere.hemisphere_utils - INFO -   Feature range: [-1.034, 1.748]
2026-02-02 23:59:26,166 - src.hemisphere.hemisphere_utils - INFO -   Feature mean: 0.033, std: 0.290
2026-02-02 23:59:40,919 - __main__ - INFO -     Trial 1: Acc=0.9045 ★
2026-02-03 00:00:30,991 - __main__ - INFO -     Trial 2: Acc=0.9205 ★
2026-02-03 00:00:43,634 - __main__ - INFO -     Trial 3: Acc=0.9121
2026-02-03 00:01:37,014 - __main__ - INFO -     Trial 4: Acc=0.9088
2026-02-03 00:02:32,213 - __main__ - INFO -     Trial 5: Acc=0.9277 ★
2026-02-03 00:03:05,218 - __main__ - INFO -     Trial 6: Acc=0.9080
2026-02-03 00:03:56,464 - __main__ - INFO -     Trial 7: Acc=0.9318 ★
2026-02-03 00:04:10,952 - __main__ - INFO -     Trial 8: Acc=0.9016
2026-02-03 00:05:30,101 - __main__ - INFO -     Trial 9: Acc=0.9315
2026-02-03 00:05:51,507 - __main__ - INFO -     Trial 10: Acc=0.9009
2026-02-03 00:06:01,689 - __main__ - INFO -     Trial 11: Acc=0.7902
2026-02-03 00:08:01,288 - __main__ - INFO -     Trial 12: Acc=0.9332 ★
2026-02-03 00:09:53,210 - __main__ - INFO -     Trial 13: Acc=0.9277
2026-02-03 00:11:46,480 - __main__ - INFO -     Trial 14: Acc=0.9330
2026-02-03 00:15:00,771 - __main__ - INFO -     Trial 15: Acc=0.9318
2026-02-03 00:15:51,753 - __main__ - INFO -     Trial 16: Acc=0.8697
2026-02-03 00:16:17,818 - __main__ - INFO -     Trial 17: Acc=0.9313
2026-02-03 00:16:57,271 - __main__ - INFO -     Trial 18: Acc=0.8022
2026-02-03 00:18:18,173 - __main__ - INFO -     Trial 19: Acc=0.9267
2026-02-03 00:20:48,653 - __main__ - INFO -     Trial 20: Acc=0.9320
2026-02-03 00:21:12,359 - __main__ - INFO -     Trial 21: Acc=0.8348
2026-02-03 00:23:53,639 - __main__ - INFO -     Trial 22: Acc=0.9330
2026-02-03 00:26:44,490 - __main__ - INFO -     Trial 23: Acc=0.9303
2026-02-03 00:28:08,800 - __main__ - INFO -     Trial 24: Acc=0.9284
2026-02-03 00:30:35,686 - __main__ - INFO -     Trial 25: Acc=0.9310
2026-02-03 00:31:52,923 - __main__ - INFO -     Trial 26: Acc=0.9334 ★
2026-02-03 00:32:55,015 - __main__ - INFO -     Trial 27: Acc=0.9282
2026-02-03 00:34:13,319 - __main__ - INFO -     Trial 28: Acc=0.9215
2026-02-03 00:35:11,686 - __main__ - INFO -     Trial 29: Acc=0.9327
2026-02-03 00:36:25,150 - __main__ - INFO -     Trial 30: Acc=0.9282
2026-02-03 00:37:07,651 - __main__ - INFO -     Trial 31: Acc=0.9301
2026-02-03 00:39:01,949 - __main__ - INFO -     Trial 32: Acc=0.9325
2026-02-03 00:41:23,425 - __main__ - INFO -     Trial 33: Acc=0.9325
2026-02-03 00:43:56,692 - __main__ - INFO -     Trial 34: Acc=0.9279
2026-02-03 00:45:22,406 - __main__ - INFO -     Trial 35: Acc=0.9313
2026-02-03 00:46:21,729 - __main__ - INFO -     Trial 36: Acc=0.9286
2026-02-03 00:47:55,632 - __main__ - INFO -     Trial 37: Acc=0.9279
2026-02-03 00:49:18,975 - __main__ - INFO -     Trial 38: Acc=0.9325
2026-02-03 00:49:42,721 - __main__ - INFO -     Trial 39: Acc=0.9052
2026-02-03 00:50:22,189 - __main__ - INFO -     Trial 40: Acc=0.8709
2026-02-03 00:50:22,189 - __main__ - INFO -   Best: C=0.049240, saga, Acc=0.9334 (3056.0s)
2026-02-03 00:51:56,425 - __main__ - INFO -   Train: 0.9614, Val: 0.9179 (93.9s)
2026-02-03 00:51:56,426 - __main__ - INFO - 
CV complete (8984.4s)
2026-02-03 00:51:56,426 - __main__ - INFO - Best fold: 2, Val Acc: 0.9330
2026-02-03 00:51:56,426 - __main__ - INFO - Mean Train: 0.9570, Mean Val: 0.9279
2026-02-03 00:51:57,134 - src.hemisphere.hemisphere_metrics - INFO - Creating confusion matrix...
2026-02-03 00:51:57,135 - src.hemisphere.hemisphere_metrics - INFO -   Confusion matrix shape: (116, 116)
2026-02-03 00:51:57,135 - src.hemisphere.hemisphere_metrics - INFO -   Total predictions: 25984
2026-02-03 00:51:57,135 - src.hemisphere.hemisphere_metrics - INFO -   Correct predictions (diagonal): 24111
2026-02-03 00:51:57,135 - __main__ - INFO - 
Overall Accuracy: 0.9279
2026-02-03 00:51:57,188 - __main__ - INFO - Saved to: /home/sjoon/projects/brain_connectivity_classifier/data/results/hemisphere_analysis/left_hemisphere/one_vs_rest
2026-02-03 00:51:57,188 - __main__ - INFO - 
================================================================================
2026-02-03 00:51:57,188 - __main__ - INFO - TASK TESTING
2026-02-03 00:51:57,188 - __main__ - INFO - ================================================================================
2026-02-03 00:51:57,188 - __main__ - INFO - Training on rest, testing on task (Gender Stroop)
2026-02-03 00:51:57,188 - __main__ - INFO - Hyperparams: C=0.029955, saga, tol=0.035743
2026-02-03 00:51:57,189 - src.hemisphere.hemisphere_utils - INFO - Loading left hemisphere data from: /home/sjoon/projects/brain_connectivity_classifier/data/processed/hemispheres/LH_PIOP1_Gstroop.csv
2026-02-03 00:51:57,491 - src.hemisphere.hemisphere_utils - INFO -   Subjects: 200
2026-02-03 00:51:57,491 - src.hemisphere.hemisphere_utils - INFO -   Connections: 6670
2026-02-03 00:51:57,494 - src.hemisphere.hemisphere_utils - INFO - Extracting region info from: /home/sjoon/projects/brain_connectivity_classifier/data/processed/hemispheres/LH_PIOP1_Gstroop.csv
2026-02-03 00:51:57,969 - src.hemisphere.hemisphere_utils - INFO - Extracted 116 regions for left hemisphere
2026-02-03 00:51:57,969 - src.hemisphere.hemisphere_utils - INFO -   Regions: 116
2026-02-03 00:51:57,969 - src.hemisphere.hemisphere_utils - INFO - Converting to full connectivity matrices...
2026-02-03 00:51:57,990 - src.hemisphere.hemisphere_utils - INFO -   Matrix shape: (200, 116, 116)
2026-02-03 00:51:58,014 - src.hemisphere.hemisphere_utils - INFO - Connectivity validation completed
2026-02-03 00:51:58,014 - src.hemisphere.hemisphere_utils - INFO - Successfully loaded left hemisphere data
2026-02-03 00:51:58,014 - __main__ - INFO - Task: 200 subjects
2026-02-03 00:51:58,015 - __main__ - INFO - Clipping task off-diagonal to [-0.999, 0.999]
2026-02-03 00:51:58,091 - __main__ - INFO -   Random diagonal imputation with seed=42
2026-02-03 00:51:58,092 - __main__ - INFO -   Applying Fisher Z-transformation...
2026-02-03 00:51:58,160 - __main__ - INFO -   Value range after Fisher Z: [-1.2500, 1.8154]
2026-02-03 00:51:58,160 - src.hemisphere.hemisphere_utils - INFO -   Removing diagonal values (self-connections) before classification
2026-02-03 00:51:58,160 - src.hemisphere.hemisphere_utils - INFO -   Original diagonal values (first subject, first 5 regions): [np.float64(0.5394927715023526), np.float64(-0.028590025625968032), np.float64(0.7319510188426191), np.float64(0.3924581476498762), np.float64(-0.6397612151022958)]
2026-02-03 00:51:58,163 - src.hemisphere.hemisphere_utils - INFO -   After removal (should be all zeros): [np.float64(0.0), np.float64(0.0), np.float64(0.0), np.float64(0.0), np.float64(0.0)]
2026-02-03 00:51:58,197 - src.hemisphere.hemisphere_utils - INFO -   ✅ Diagonal removal verified - no features constant at 1.0
2026-02-03 00:51:58,197 - src.hemisphere.hemisphere_utils - INFO - Prepared classification data:
2026-02-03 00:51:58,197 - src.hemisphere.hemisphere_utils - INFO -   Features (X): (25984, 116)
2026-02-03 00:51:58,197 - src.hemisphere.hemisphere_utils - INFO -   Labels (y): (25984,)
2026-02-03 00:51:58,197 - src.hemisphere.hemisphere_utils - INFO -   Groups: (25984,)
2026-02-03 00:51:58,197 - src.hemisphere.hemisphere_utils - INFO -   Unique labels: 116
2026-02-03 00:51:58,204 - src.hemisphere.hemisphere_utils - INFO -   Unique subjects: 224
2026-02-03 00:51:58,206 - src.hemisphere.hemisphere_utils - INFO -   Feature range: [-1.250, 1.815]
2026-02-03 00:51:58,214 - src.hemisphere.hemisphere_utils - INFO -   Feature mean: 0.033, std: 0.291
2026-02-03 00:51:58,274 - __main__ - INFO -   Random diagonal imputation with seed=10041
2026-02-03 00:51:58,274 - __main__ - INFO -   Applying Fisher Z-transformation...
2026-02-03 00:51:58,335 - __main__ - INFO -   Value range after Fisher Z: [-1.2080, 1.8408]
2026-02-03 00:51:58,335 - src.hemisphere.hemisphere_utils - INFO -   Removing diagonal values (self-connections) before classification
2026-02-03 00:51:58,335 - src.hemisphere.hemisphere_utils - INFO -   Original diagonal values (first subject, first 5 regions): [np.float64(0.26680438898264386), np.float64(-0.5784353734820907), np.float64(-0.14945972656389153), np.float64(0.20385741814959163), np.float64(0.012055891544263472)]
2026-02-03 00:51:58,337 - src.hemisphere.hemisphere_utils - INFO -   After removal (should be all zeros): [np.float64(0.0), np.float64(0.0), np.float64(0.0), np.float64(0.0), np.float64(0.0)]
2026-02-03 00:51:58,367 - src.hemisphere.hemisphere_utils - INFO -   ✅ Diagonal removal verified - no features constant at 1.0
2026-02-03 00:51:58,368 - src.hemisphere.hemisphere_utils - INFO - Prepared classification data:
2026-02-03 00:51:58,368 - src.hemisphere.hemisphere_utils - INFO -   Features (X): (23200, 116)
2026-02-03 00:51:58,368 - src.hemisphere.hemisphere_utils - INFO -   Labels (y): (23200,)
2026-02-03 00:51:58,368 - src.hemisphere.hemisphere_utils - INFO -   Groups: (23200,)
2026-02-03 00:51:58,368 - src.hemisphere.hemisphere_utils - INFO -   Unique labels: 116
2026-02-03 00:51:58,374 - src.hemisphere.hemisphere_utils - INFO -   Unique subjects: 200
2026-02-03 00:51:58,377 - src.hemisphere.hemisphere_utils - INFO -   Feature range: [-1.208, 1.841]
2026-02-03 00:51:58,384 - src.hemisphere.hemisphere_utils - INFO -   Feature mean: 0.033, std: 0.280
2026-02-03 00:51:58,413 - __main__ - INFO - Training 116 OvR classifiers on rest data...
2026-02-03 00:52:18,100 - __main__ - INFO - Training complete (19.69s)
2026-02-03 00:52:18,833 - __main__ - INFO - Rest Acc: 0.9532
2026-02-03 00:52:19,787 - src.hemisphere.hemisphere_metrics - INFO - Creating confusion matrix...
2026-02-03 00:52:19,788 - src.hemisphere.hemisphere_metrics - INFO -   Confusion matrix shape: (116, 116)
2026-02-03 00:52:19,788 - src.hemisphere.hemisphere_metrics - INFO -   Total predictions: 23200
2026-02-03 00:52:19,788 - src.hemisphere.hemisphere_metrics - INFO -   Correct predictions (diagonal): 20589
2026-02-03 00:52:19,788 - src.hemisphere.hemisphere_metrics - INFO - Creating confusion matrix...
2026-02-03 00:52:19,789 - src.hemisphere.hemisphere_metrics - INFO -   Confusion matrix shape: (116, 116)
2026-02-03 00:52:19,789 - src.hemisphere.hemisphere_metrics - INFO -   Total predictions: 25984
2026-02-03 00:52:19,789 - src.hemisphere.hemisphere_metrics - INFO -   Correct predictions (diagonal): 24769
2026-02-03 00:52:19,789 - __main__ - INFO - Task Acc: 0.8875
2026-02-03 00:52:19,789 - __main__ - INFO - Accuracy drop: 0.0658
2026-02-03 00:52:19,888 - __main__ - INFO - Saved to: /home/sjoon/projects/brain_connectivity_classifier/data/results/hemisphere_analysis/left_hemisphere/task_testing_one_vs_rest
2026-02-03 00:52:19,892 - __main__ - INFO - 
================================================================================
2026-02-03 00:52:19,892 - __main__ - INFO - TRAINING RIGHT HEMISPHERE
2026-02-03 00:52:19,892 - __main__ - INFO - ================================================================================
2026-02-03 00:52:19,893 - __main__ - INFO - Loading data...
2026-02-03 00:52:19,893 - src.hemisphere.hemisphere_utils - INFO - Loading right hemisphere data from: /home/sjoon/projects/brain_connectivity_classifier/data/processed/hemispheres/RH_PIOP2_Restingstate.csv
2026-02-03 00:52:20,216 - src.hemisphere.hemisphere_utils - INFO -   Subjects: 224
2026-02-03 00:52:20,216 - src.hemisphere.hemisphere_utils - INFO -   Connections: 6670
2026-02-03 00:52:20,220 - src.hemisphere.hemisphere_utils - INFO - Extracting region info from: /home/sjoon/projects/brain_connectivity_classifier/data/processed/hemispheres/RH_PIOP2_Restingstate.csv
2026-02-03 00:52:20,700 - src.hemisphere.hemisphere_utils - INFO - Extracted 116 regions for right hemisphere
2026-02-03 00:52:20,700 - src.hemisphere.hemisphere_utils - INFO -   Regions: 116
2026-02-03 00:52:20,700 - src.hemisphere.hemisphere_utils - INFO - Converting to full connectivity matrices...
2026-02-03 00:52:20,721 - src.hemisphere.hemisphere_utils - INFO -   Matrix shape: (224, 116, 116)
2026-02-03 00:52:20,748 - src.hemisphere.hemisphere_utils - INFO - Connectivity validation completed
2026-02-03 00:52:20,748 - src.hemisphere.hemisphere_utils - INFO - Successfully loaded right hemisphere data
2026-02-03 00:52:20,749 - __main__ - INFO - Subjects: 224, Regions: 116
2026-02-03 00:52:20,750 - __main__ - INFO - Diagonal strategy: random
2026-02-03 00:52:20,750 - __main__ - INFO - Clipping off-diagonal to [-0.999, 0.999]
2026-02-03 00:52:20,758 - src.hemisphere.hemisphere_utils - INFO -   Removing diagonal values (self-connections) before classification
2026-02-03 00:52:20,758 - src.hemisphere.hemisphere_utils - INFO -   Original diagonal values (first subject, first 5 regions): [np.float64(1.0), np.float64(1.0), np.float64(1.0), np.float64(1.0), np.float64(1.0)]
2026-02-03 00:52:20,761 - src.hemisphere.hemisphere_utils - INFO -   After removal (should be all zeros): [np.float64(0.0), np.float64(0.0), np.float64(0.0), np.float64(0.0), np.float64(0.0)]
2026-02-03 00:52:20,795 - src.hemisphere.hemisphere_utils - INFO -   ✅ Diagonal removal verified - no features constant at 1.0
2026-02-03 00:52:20,795 - src.hemisphere.hemisphere_utils - INFO - Prepared classification data:
2026-02-03 00:52:20,795 - src.hemisphere.hemisphere_utils - INFO -   Features (X): (25984, 116)
2026-02-03 00:52:20,795 - src.hemisphere.hemisphere_utils - INFO -   Labels (y): (25984,)
2026-02-03 00:52:20,795 - src.hemisphere.hemisphere_utils - INFO -   Groups: (25984,)
2026-02-03 00:52:20,796 - src.hemisphere.hemisphere_utils - INFO -   Unique labels: 116
2026-02-03 00:52:20,803 - src.hemisphere.hemisphere_utils - INFO -   Unique subjects: 224
2026-02-03 00:52:20,805 - src.hemisphere.hemisphere_utils - INFO -   Feature range: [-0.885, 0.941]
2026-02-03 00:52:20,813 - src.hemisphere.hemisphere_utils - INFO -   Feature mean: 0.028, std: 0.270
2026-02-03 00:52:20,813 - __main__ - INFO - 
================================================================================
2026-02-03 00:52:20,814 - __main__ - INFO - CROSS-VALIDATION (5 folds)
2026-02-03 00:52:20,814 - __main__ - INFO - ================================================================================
2026-02-03 00:52:20,821 - __main__ - INFO - 
Fold 1/5
2026-02-03 00:52:20,828 - __main__ - INFO -   Train: 179 subjects, Test: 45 subjects
2026-02-03 00:52:20,891 - __main__ - INFO -   Random diagonal imputation with seed=1042
2026-02-03 00:52:20,903 - __main__ - INFO -   Random diagonal imputation with seed=2042
2026-02-03 00:52:20,904 - __main__ - INFO -   Applying Fisher Z-transformation...
2026-02-03 00:52:20,958 - __main__ - INFO -   Value range after Fisher Z: [-1.3984, 1.7455]
2026-02-03 00:52:20,958 - __main__ - INFO -   Applying Fisher Z-transformation...
2026-02-03 00:52:20,971 - __main__ - INFO -   Value range after Fisher Z: [-1.2559, 1.7053]
2026-02-03 00:52:20,971 - src.hemisphere.hemisphere_utils - INFO -   Removing diagonal values (self-connections) before classification
2026-02-03 00:52:20,971 - src.hemisphere.hemisphere_utils - INFO -   Original diagonal values (first subject, first 5 regions): [np.float64(-0.14951711655392272), np.float64(-0.12583859738935813), np.float64(0.19727183740827178), np.float64(0.5015527047108423), np.float64(-0.4473123020040718)]
2026-02-03 00:52:20,973 - src.hemisphere.hemisphere_utils - INFO -   After removal (should be all zeros): [np.float64(0.0), np.float64(0.0), np.float64(0.0), np.float64(0.0), np.float64(0.0)]
2026-02-03 00:52:21,000 - src.hemisphere.hemisphere_utils - INFO -   ✅ Diagonal removal verified - no features constant at 1.0
2026-02-03 00:52:21,001 - src.hemisphere.hemisphere_utils - INFO - Prepared classification data:
2026-02-03 00:52:21,001 - src.hemisphere.hemisphere_utils - INFO -   Features (X): (20764, 116)
2026-02-03 00:52:21,001 - src.hemisphere.hemisphere_utils - INFO -   Labels (y): (20764,)
2026-02-03 00:52:21,001 - src.hemisphere.hemisphere_utils - INFO -   Groups: (20764,)
2026-02-03 00:52:21,001 - src.hemisphere.hemisphere_utils - INFO -   Unique labels: 116
2026-02-03 00:52:21,006 - src.hemisphere.hemisphere_utils - INFO -   Unique subjects: 179
2026-02-03 00:52:21,008 - src.hemisphere.hemisphere_utils - INFO -   Feature range: [-1.398, 1.745]
2026-02-03 00:52:21,014 - src.hemisphere.hemisphere_utils - INFO -   Feature mean: 0.034, std: 0.296
2026-02-03 00:52:21,014 - src.hemisphere.hemisphere_utils - INFO -   Removing diagonal values (self-connections) before classification
2026-02-03 00:52:21,014 - src.hemisphere.hemisphere_utils - INFO -   Original diagonal values (first subject, first 5 regions): [np.float64(0.163471912969503), np.float64(-0.2230919336635582), np.float64(0.652906437982946), np.float64(-0.6896518058660369), np.float64(-0.2837574393700454)]
2026-02-03 00:52:21,015 - src.hemisphere.hemisphere_utils - INFO -   After removal (should be all zeros): [np.float64(0.0), np.float64(0.0), np.float64(0.0), np.float64(0.0), np.float64(0.0)]
2026-02-03 00:52:21,022 - src.hemisphere.hemisphere_utils - INFO -   ✅ Diagonal removal verified - no features constant at 1.0
2026-02-03 00:52:21,022 - src.hemisphere.hemisphere_utils - INFO - Prepared classification data:
2026-02-03 00:52:21,022 - src.hemisphere.hemisphere_utils - INFO -   Features (X): (5220, 116)
2026-02-03 00:52:21,022 - src.hemisphere.hemisphere_utils - INFO -   Labels (y): (5220,)
2026-02-03 00:52:21,022 - src.hemisphere.hemisphere_utils - INFO -   Groups: (5220,)
2026-02-03 00:52:21,022 - src.hemisphere.hemisphere_utils - INFO -   Unique labels: 116
2026-02-03 00:52:21,023 - src.hemisphere.hemisphere_utils - INFO -   Unique subjects: 45
2026-02-03 00:52:21,024 - src.hemisphere.hemisphere_utils - INFO -   Feature range: [-1.256, 1.705]
2026-02-03 00:52:21,025 - src.hemisphere.hemisphere_utils - INFO -   Feature mean: 0.032, std: 0.298
2026-02-03 00:52:21,025 - __main__ - INFO - 
  Optimizing hyperparameters (Fold 1): 40 trials
2026-02-03 00:52:21,143 - src.hemisphere.hemisphere_utils - INFO -   Removing diagonal values (self-connections) before classification
2026-02-03 00:52:21,143 - src.hemisphere.hemisphere_utils - INFO -   Original diagonal values (first subject, first 5 regions): [np.float64(0.5566806916150475), np.float64(-0.020518890050430266), np.float64(0.7554460825633444), np.float64(0.40624260059259537), np.float64(-0.6352403943247892)]
2026-02-03 00:52:21,145 - src.hemisphere.hemisphere_utils - INFO -   After removal (should be all zeros): [np.float64(0.0), np.float64(0.0), np.float64(0.0), np.float64(0.0), np.float64(0.0)]
2026-02-03 00:52:21,167 - src.hemisphere.hemisphere_utils - INFO -   ✅ Diagonal removal verified - no features constant at 1.0
2026-02-03 00:52:21,167 - src.hemisphere.hemisphere_utils - INFO - Prepared classification data:
2026-02-03 00:52:21,167 - src.hemisphere.hemisphere_utils - INFO -   Features (X): (16588, 116)
2026-02-03 00:52:21,167 - src.hemisphere.hemisphere_utils - INFO -   Labels (y): (16588,)
2026-02-03 00:52:21,167 - src.hemisphere.hemisphere_utils - INFO -   Groups: (16588,)
2026-02-03 00:52:21,167 - src.hemisphere.hemisphere_utils - INFO -   Unique labels: 116
2026-02-03 00:52:21,172 - src.hemisphere.hemisphere_utils - INFO -   Unique subjects: 143
2026-02-03 00:52:21,173 - src.hemisphere.hemisphere_utils - INFO -   Feature range: [-1.398, 1.745]
2026-02-03 00:52:21,177 - src.hemisphere.hemisphere_utils - INFO -   Feature mean: 0.034, std: 0.296
2026-02-03 00:52:21,177 - src.hemisphere.hemisphere_utils - INFO -   Removing diagonal values (self-connections) before classification
2026-02-03 00:52:21,177 - src.hemisphere.hemisphere_utils - INFO -   Original diagonal values (first subject, first 5 regions): [np.float64(-0.133566966339314), np.float64(-0.10953216982829549), np.float64(0.22050620669798215), np.float64(0.5370641162104777), np.float64(-0.43474732759011764)]
2026-02-03 00:52:21,177 - src.hemisphere.hemisphere_utils - INFO -   After removal (should be all zeros): [np.float64(0.0), np.float64(0.0), np.float64(0.0), np.float64(0.0), np.float64(0.0)]
2026-02-03 00:52:21,183 - src.hemisphere.hemisphere_utils - INFO -   ✅ Diagonal removal verified - no features constant at 1.0
2026-02-03 00:52:21,183 - src.hemisphere.hemisphere_utils - INFO - Prepared classification data:
2026-02-03 00:52:21,183 - src.hemisphere.hemisphere_utils - INFO -   Features (X): (4176, 116)
2026-02-03 00:52:21,183 - src.hemisphere.hemisphere_utils - INFO -   Labels (y): (4176,)
2026-02-03 00:52:21,183 - src.hemisphere.hemisphere_utils - INFO -   Groups: (4176,)
2026-02-03 00:52:21,183 - src.hemisphere.hemisphere_utils - INFO -   Unique labels: 116
2026-02-03 00:52:21,184 - src.hemisphere.hemisphere_utils - INFO -   Unique subjects: 36
2026-02-03 00:52:21,184 - src.hemisphere.hemisphere_utils - INFO -   Feature range: [-1.169, 1.635]
2026-02-03 00:52:21,185 - src.hemisphere.hemisphere_utils - INFO -   Feature mean: 0.033, std: 0.296
2026-02-03 00:53:05,093 - __main__ - INFO -     Trial 1: Acc=0.8800 ★
2026-02-03 00:53:23,171 - __main__ - INFO -     Trial 2: Acc=0.8293
2026-02-03 00:53:55,155 - __main__ - INFO -     Trial 3: Acc=0.7792
2026-02-03 00:54:36,031 - __main__ - INFO -     Trial 4: Acc=0.8348
2026-02-03 00:55:13,685 - __main__ - INFO -     Trial 5: Acc=0.9150 ★
2026-02-03 00:57:41,889 - __main__ - INFO -     Trial 6: Acc=0.9224 ★
2026-02-03 00:57:50,460 - __main__ - INFO -     Trial 7: Acc=0.8683
2026-02-03 00:58:38,739 - __main__ - INFO -     Trial 8: Acc=0.9207
2026-02-03 00:59:10,570 - __main__ - INFO -     Trial 9: Acc=0.8132
2026-02-03 01:00:45,812 - __main__ - INFO -     Trial 10: Acc=0.9157
2026-02-03 01:03:54,278 - __main__ - INFO -     Trial 11: Acc=0.9284 ★
2026-02-03 01:07:07,412 - __main__ - INFO -     Trial 12: Acc=0.9289 ★
2026-02-03 01:10:19,016 - __main__ - INFO -     Trial 13: Acc=0.9282
2026-02-03 01:10:52,339 - __main__ - INFO -     Trial 14: Acc=0.9306 ★
2026-02-03 01:11:14,767 - __main__ - INFO -     Trial 15: Acc=0.9291
2026-02-03 01:11:35,495 - __main__ - INFO -     Trial 16: Acc=0.9279
2026-02-03 01:11:53,483 - __main__ - INFO -     Trial 17: Acc=0.8901
2026-02-03 01:12:07,303 - __main__ - INFO -     Trial 18: Acc=0.9279
2026-02-03 01:12:27,150 - __main__ - INFO -     Trial 19: Acc=0.9033
2026-02-03 01:12:40,483 - __main__ - INFO -     Trial 20: Acc=0.9239
2026-02-03 01:13:19,840 - __main__ - INFO -     Trial 21: Acc=0.9301
2026-02-03 01:13:54,902 - __main__ - INFO -     Trial 22: Acc=0.9294
2026-02-03 01:14:32,157 - __main__ - INFO -     Trial 23: Acc=0.9291
2026-02-03 01:15:33,365 - __main__ - INFO -     Trial 24: Acc=0.9286
2026-02-03 01:16:02,722 - __main__ - INFO -     Trial 25: Acc=0.9253
2026-02-03 01:17:01,072 - __main__ - INFO -     Trial 26: Acc=0.9289
2026-02-03 01:17:36,888 - __main__ - INFO -     Trial 27: Acc=0.8987
2026-02-03 01:17:56,681 - __main__ - INFO -     Trial 28: Acc=0.9303
2026-02-03 01:18:16,245 - __main__ - INFO -     Trial 29: Acc=0.9308 ★
2026-02-03 01:18:32,522 - __main__ - INFO -     Trial 30: Acc=0.9174
2026-02-03 01:18:45,008 - __main__ - INFO -     Trial 31: Acc=0.9253
2026-02-03 01:19:06,202 - __main__ - INFO -     Trial 32: Acc=0.9310 ★
2026-02-03 01:19:27,771 - __main__ - INFO -     Trial 33: Acc=0.9308
2026-02-03 01:19:38,539 - __main__ - INFO -     Trial 34: Acc=0.9265
2026-02-03 01:20:05,272 - __main__ - INFO -     Trial 35: Acc=0.9289
2026-02-03 01:20:21,810 - __main__ - INFO -     Trial 36: Acc=0.8649
2026-02-03 01:20:34,993 - __main__ - INFO -     Trial 37: Acc=0.9279
2026-02-03 01:20:53,248 - __main__ - INFO -     Trial 38: Acc=0.9128
2026-02-03 01:21:22,081 - __main__ - INFO -     Trial 39: Acc=0.9296
2026-02-03 01:21:31,432 - __main__ - INFO -     Trial 40: Acc=0.8968
2026-02-03 01:21:31,432 - __main__ - INFO -   Best: C=0.049149, saga, Acc=0.9310 (1750.2s)
2026-02-03 01:21:56,824 - __main__ - INFO -   Train: 0.9553, Val: 0.9291 (25.0s)
2026-02-03 01:21:56,825 - __main__ - INFO - 
Fold 2/5
2026-02-03 01:21:56,832 - __main__ - INFO -   Train: 179 subjects, Test: 45 subjects
2026-02-03 01:21:56,897 - __main__ - INFO -   Random diagonal imputation with seed=2042
2026-02-03 01:21:56,910 - __main__ - INFO -   Random diagonal imputation with seed=3042
2026-02-03 01:21:56,910 - __main__ - INFO -   Applying Fisher Z-transformation...
2026-02-03 01:21:56,965 - __main__ - INFO -   Value range after Fisher Z: [-1.2559, 1.7455]
2026-02-03 01:21:56,965 - __main__ - INFO -   Applying Fisher Z-transformation...
2026-02-03 01:21:56,979 - __main__ - INFO -   Value range after Fisher Z: [-1.3984, 1.7362]
2026-02-03 01:21:56,979 - src.hemisphere.hemisphere_utils - INFO -   Removing diagonal values (self-connections) before classification
2026-02-03 01:21:56,979 - src.hemisphere.hemisphere_utils - INFO -   Original diagonal values (first subject, first 5 regions): [np.float64(0.1286824540534981), np.float64(-0.25447430802506565), np.float64(0.596878450834942), np.float64(-0.7299824101457417), np.float64(-0.31544217311671113)]
2026-02-03 01:21:56,981 - src.hemisphere.hemisphere_utils - INFO -   After removal (should be all zeros): [np.float64(0.0), np.float64(0.0), np.float64(0.0), np.float64(0.0), np.float64(0.0)]
2026-02-03 01:21:57,008 - src.hemisphere.hemisphere_utils - INFO -   ✅ Diagonal removal verified - no features constant at 1.0
2026-02-03 01:21:57,008 - src.hemisphere.hemisphere_utils - INFO - Prepared classification data:
2026-02-03 01:21:57,008 - src.hemisphere.hemisphere_utils - INFO -   Features (X): (20764, 116)
2026-02-03 01:21:57,008 - src.hemisphere.hemisphere_utils - INFO -   Labels (y): (20764,)
2026-02-03 01:21:57,008 - src.hemisphere.hemisphere_utils - INFO -   Groups: (20764,)
2026-02-03 01:21:57,008 - src.hemisphere.hemisphere_utils - INFO -   Unique labels: 116
2026-02-03 01:21:57,014 - src.hemisphere.hemisphere_utils - INFO -   Unique subjects: 179
2026-02-03 01:21:57,016 - src.hemisphere.hemisphere_utils - INFO -   Feature range: [-1.256, 1.745]
2026-02-03 01:21:57,022 - src.hemisphere.hemisphere_utils - INFO -   Feature mean: 0.033, std: 0.296
2026-02-03 01:21:57,022 - src.hemisphere.hemisphere_utils - INFO -   Removing diagonal values (self-connections) before classification
2026-02-03 01:21:57,022 - src.hemisphere.hemisphere_utils - INFO -   Original diagonal values (first subject, first 5 regions): [np.float64(-0.8431059546041918), np.float64(1.001056768499407), np.float64(1.2927378172527462), np.float64(0.591309104545449), np.float64(0.25658470407502626)]
2026-02-03 01:21:57,023 - src.hemisphere.hemisphere_utils - INFO -   After removal (should be all zeros): [np.float64(0.0), np.float64(0.0), np.float64(0.0), np.float64(0.0), np.float64(0.0)]
2026-02-03 01:21:57,030 - src.hemisphere.hemisphere_utils - INFO -   ✅ Diagonal removal verified - no features constant at 1.0
2026-02-03 01:21:57,030 - src.hemisphere.hemisphere_utils - INFO - Prepared classification data:
2026-02-03 01:21:57,030 - src.hemisphere.hemisphere_utils - INFO -   Features (X): (5220, 116)
2026-02-03 01:21:57,030 - src.hemisphere.hemisphere_utils - INFO -   Labels (y): (5220,)
2026-02-03 01:21:57,030 - src.hemisphere.hemisphere_utils - INFO -   Groups: (5220,)
2026-02-03 01:21:57,030 - src.hemisphere.hemisphere_utils - INFO -   Unique labels: 116
2026-02-03 01:21:57,031 - src.hemisphere.hemisphere_utils - INFO -   Unique subjects: 45
2026-02-03 01:21:57,031 - src.hemisphere.hemisphere_utils - INFO -   Feature range: [-1.398, 1.736]
2026-02-03 01:21:57,032 - src.hemisphere.hemisphere_utils - INFO -   Feature mean: 0.037, std: 0.299
2026-02-03 01:21:57,032 - __main__ - INFO - 
  Optimizing hyperparameters (Fold 2): 40 trials
2026-02-03 01:21:57,152 - src.hemisphere.hemisphere_utils - INFO -   Removing diagonal values (self-connections) before classification
2026-02-03 01:21:57,153 - src.hemisphere.hemisphere_utils - INFO -   Original diagonal values (first subject, first 5 regions): [np.float64(-0.09487653635721535), np.float64(-0.12492058878451921), np.float64(0.9708721873440134), np.float64(-0.2194645376700646), np.float64(-0.4443978581094129)]
2026-02-03 01:21:57,154 - src.hemisphere.hemisphere_utils - INFO -   After removal (should be all zeros): [np.float64(0.0), np.float64(0.0), np.float64(0.0), np.float64(0.0), np.float64(0.0)]
2026-02-03 01:21:57,176 - src.hemisphere.hemisphere_utils - INFO -   ✅ Diagonal removal verified - no features constant at 1.0
2026-02-03 01:21:57,176 - src.hemisphere.hemisphere_utils - INFO - Prepared classification data:
2026-02-03 01:21:57,176 - src.hemisphere.hemisphere_utils - INFO -   Features (X): (16588, 116)
2026-02-03 01:21:57,176 - src.hemisphere.hemisphere_utils - INFO -   Labels (y): (16588,)
2026-02-03 01:21:57,176 - src.hemisphere.hemisphere_utils - INFO -   Groups: (16588,)
2026-02-03 01:21:57,177 - src.hemisphere.hemisphere_utils - INFO -   Unique labels: 116
2026-02-03 01:21:57,181 - src.hemisphere.hemisphere_utils - INFO -   Unique subjects: 143
2026-02-03 01:21:57,182 - src.hemisphere.hemisphere_utils - INFO -   Feature range: [-1.256, 1.705]
2026-02-03 01:21:57,187 - src.hemisphere.hemisphere_utils - INFO -   Feature mean: 0.034, std: 0.297
2026-02-03 01:21:57,188 - src.hemisphere.hemisphere_utils - INFO -   Removing diagonal values (self-connections) before classification
2026-02-03 01:21:57,188 - src.hemisphere.hemisphere_utils - INFO -   Original diagonal values (first subject, first 5 regions): [np.float64(-0.09636822175423505), np.float64(-0.14653439880977817), np.float64(-0.26555325841269817), np.float64(0.4960788145136851), np.float64(-0.23767228380502642)]
2026-02-03 01:21:57,188 - src.hemisphere.hemisphere_utils - INFO -   After removal (should be all zeros): [np.float64(0.0), np.float64(0.0), np.float64(0.0), np.float64(0.0), np.float64(0.0)]
2026-02-03 01:21:57,194 - src.hemisphere.hemisphere_utils - INFO -   ✅ Diagonal removal verified - no features constant at 1.0
2026-02-03 01:21:57,194 - src.hemisphere.hemisphere_utils - INFO - Prepared classification data:
2026-02-03 01:21:57,194 - src.hemisphere.hemisphere_utils - INFO -   Features (X): (4176, 116)
2026-02-03 01:21:57,194 - src.hemisphere.hemisphere_utils - INFO -   Labels (y): (4176,)
2026-02-03 01:21:57,194 - src.hemisphere.hemisphere_utils - INFO -   Groups: (4176,)
2026-02-03 01:21:57,194 - src.hemisphere.hemisphere_utils - INFO -   Unique labels: 116
2026-02-03 01:21:57,195 - src.hemisphere.hemisphere_utils - INFO -   Unique subjects: 36
2026-02-03 01:21:57,195 - src.hemisphere.hemisphere_utils - INFO -   Feature range: [-1.190, 1.745]
2026-02-03 01:21:57,196 - src.hemisphere.hemisphere_utils - INFO -   Feature mean: 0.030, std: 0.291
2026-02-03 01:23:02,634 - __main__ - INFO -     Trial 1: Acc=0.8918 ★
2026-02-03 01:24:13,702 - __main__ - INFO -     Trial 2: Acc=0.8956 ★
2026-02-03 01:25:17,823 - __main__ - INFO -     Trial 3: Acc=0.8908
2026-02-03 01:25:46,385 - __main__ - INFO -     Trial 4: Acc=0.8592
2026-02-03 01:26:02,191 - __main__ - INFO -     Trial 5: Acc=0.9011 ★
2026-02-03 01:26:12,831 - __main__ - INFO -     Trial 6: Acc=0.8628
2026-02-03 01:27:31,623 - __main__ - INFO -     Trial 7: Acc=0.8807
2026-02-03 01:27:56,999 - __main__ - INFO -     Trial 8: Acc=0.7852
2026-02-03 01:28:41,260 - __main__ - INFO -     Trial 9: Acc=0.9054 ★
2026-02-03 01:29:00,266 - __main__ - INFO -     Trial 10: Acc=0.8273
2026-02-03 01:29:10,624 - __main__ - INFO -     Trial 11: Acc=0.9052
2026-02-03 01:29:22,898 - __main__ - INFO -     Trial 12: Acc=0.9068 ★
2026-02-03 01:29:42,427 - __main__ - INFO -     Trial 13: Acc=0.9085 ★
2026-02-03 01:29:57,907 - __main__ - INFO -     Trial 14: Acc=0.9068
2026-02-03 01:30:12,757 - __main__ - INFO -     Trial 15: Acc=0.9064
2026-02-03 01:30:32,221 - __main__ - INFO -     Trial 16: Acc=0.8779
2026-02-03 01:30:47,541 - __main__ - INFO -     Trial 17: Acc=0.9078
2026-02-03 01:31:03,775 - __main__ - INFO -     Trial 18: Acc=0.9064
2026-02-03 01:31:36,822 - __main__ - INFO -     Trial 19: Acc=0.8846
2026-02-03 01:32:43,199 - __main__ - INFO -     Trial 20: Acc=0.9011
2026-02-03 01:32:58,120 - __main__ - INFO -     Trial 21: Acc=0.8772
2026-02-03 01:33:10,602 - __main__ - INFO -     Trial 22: Acc=0.9073
2026-02-03 01:33:24,201 - __main__ - INFO -     Trial 23: Acc=0.9078
2026-02-03 01:33:43,665 - __main__ - INFO -     Trial 24: Acc=0.9052
2026-02-03 01:33:53,616 - __main__ - INFO -     Trial 25: Acc=0.9047
2026-02-03 01:34:05,418 - __main__ - INFO -     Trial 26: Acc=0.9013
2026-02-03 01:34:17,798 - __main__ - INFO -     Trial 27: Acc=0.8807
2026-02-03 01:34:37,339 - __main__ - INFO -     Trial 28: Acc=0.9054
2026-02-03 01:34:48,669 - __main__ - INFO -     Trial 29: Acc=0.9018
2026-02-03 01:35:11,820 - __main__ - INFO -     Trial 30: Acc=0.8896
2026-02-03 01:35:41,244 - __main__ - INFO -     Trial 31: Acc=0.9076
2026-02-03 01:36:07,007 - __main__ - INFO -     Trial 32: Acc=0.9078
2026-02-03 01:36:26,243 - __main__ - INFO -     Trial 33: Acc=0.9071
2026-02-03 01:36:39,377 - __main__ - INFO -     Trial 34: Acc=0.9045
2026-02-03 01:36:58,486 - __main__ - INFO -     Trial 35: Acc=0.8654
2026-02-03 01:37:28,480 - __main__ - INFO -     Trial 36: Acc=0.9059
2026-02-03 01:38:26,916 - __main__ - INFO -     Trial 37: Acc=0.9006
2026-02-03 01:38:51,861 - __main__ - INFO -     Trial 38: Acc=0.8705
2026-02-03 01:39:02,229 - __main__ - INFO -     Trial 39: Acc=0.9011
2026-02-03 01:40:50,947 - __main__ - INFO -     Trial 40: Acc=0.8970
2026-02-03 01:40:50,948 - __main__ - INFO -   Best: C=0.048087, saga, Acc=0.9085 (1133.8s)
2026-02-03 01:41:14,300 - __main__ - INFO -   Train: 0.9550, Val: 0.9270 (23.0s)
2026-02-03 01:41:14,301 - __main__ - INFO - 
Fold 3/5
2026-02-03 01:41:14,308 - __main__ - INFO -   Train: 179 subjects, Test: 45 subjects
2026-02-03 01:41:14,375 - __main__ - INFO -   Random diagonal imputation with seed=3042
2026-02-03 01:41:14,388 - __main__ - INFO -   Random diagonal imputation with seed=4042
2026-02-03 01:41:14,388 - __main__ - INFO -   Applying Fisher Z-transformation...
2026-02-03 01:41:14,442 - __main__ - INFO -   Value range after Fisher Z: [-1.3984, 1.7455]
2026-02-03 01:41:14,442 - __main__ - INFO -   Applying Fisher Z-transformation...
2026-02-03 01:41:14,455 - __main__ - INFO -   Value range after Fisher Z: [-1.2551, 1.6011]
2026-02-03 01:41:14,455 - src.hemisphere.hemisphere_utils - INFO -   Removing diagonal values (self-connections) before classification
2026-02-03 01:41:14,455 - src.hemisphere.hemisphere_utils - INFO -   Original diagonal values (first subject, first 5 regions): [np.float64(-0.8521033867835464), np.float64(0.9241289333434046), np.float64(1.1680939894500124), np.float64(0.5511016340965915), np.float64(0.2313362982333961)]
2026-02-03 01:41:14,458 - src.hemisphere.hemisphere_utils - INFO -   After removal (should be all zeros): [np.float64(0.0), np.float64(0.0), np.float64(0.0), np.float64(0.0), np.float64(0.0)]
2026-02-03 01:41:14,485 - src.hemisphere.hemisphere_utils - INFO -   ✅ Diagonal removal verified - no features constant at 1.0
2026-02-03 01:41:14,485 - src.hemisphere.hemisphere_utils - INFO - Prepared classification data:
2026-02-03 01:41:14,485 - src.hemisphere.hemisphere_utils - INFO -   Features (X): (20764, 116)
2026-02-03 01:41:14,485 - src.hemisphere.hemisphere_utils - INFO -   Labels (y): (20764,)
2026-02-03 01:41:14,485 - src.hemisphere.hemisphere_utils - INFO -   Groups: (20764,)
2026-02-03 01:41:14,486 - src.hemisphere.hemisphere_utils - INFO -   Unique labels: 116
2026-02-03 01:41:14,491 - src.hemisphere.hemisphere_utils - INFO -   Unique subjects: 179
2026-02-03 01:41:14,493 - src.hemisphere.hemisphere_utils - INFO -   Feature range: [-1.398, 1.745]
2026-02-03 01:41:14,500 - src.hemisphere.hemisphere_utils - INFO -   Feature mean: 0.033, std: 0.297
2026-02-03 01:41:14,500 - src.hemisphere.hemisphere_utils - INFO -   Removing diagonal values (self-connections) before classification
2026-02-03 01:41:14,500 - src.hemisphere.hemisphere_utils - INFO -   Original diagonal values (first subject, first 5 regions): [np.float64(-0.6178443081878998), np.float64(0.0578383445089193), np.float64(-0.41721423709394634), np.float64(0.3869571208331083), np.float64(-0.7738705829638809)]
2026-02-03 01:41:14,501 - src.hemisphere.hemisphere_utils - INFO -   After removal (should be all zeros): [np.float64(0.0), np.float64(0.0), np.float64(0.0), np.float64(0.0), np.float64(0.0)]
2026-02-03 01:41:14,508 - src.hemisphere.hemisphere_utils - INFO -   ✅ Diagonal removal verified - no features constant at 1.0
2026-02-03 01:41:14,508 - src.hemisphere.hemisphere_utils - INFO - Prepared classification data:
2026-02-03 01:41:14,508 - src.hemisphere.hemisphere_utils - INFO -   Features (X): (5220, 116)
2026-02-03 01:41:14,508 - src.hemisphere.hemisphere_utils - INFO -   Labels (y): (5220,)
2026-02-03 01:41:14,508 - src.hemisphere.hemisphere_utils - INFO -   Groups: (5220,)
2026-02-03 01:41:14,508 - src.hemisphere.hemisphere_utils - INFO -   Unique labels: 116
2026-02-03 01:41:14,509 - src.hemisphere.hemisphere_utils - INFO -   Unique subjects: 45
2026-02-03 01:41:14,509 - src.hemisphere.hemisphere_utils - INFO -   Feature range: [-1.255, 1.601]
2026-02-03 01:41:14,510 - src.hemisphere.hemisphere_utils - INFO -   Feature mean: 0.035, std: 0.295
2026-02-03 01:41:14,510 - __main__ - INFO - 
  Optimizing hyperparameters (Fold 3): 40 trials
2026-02-03 01:41:14,633 - src.hemisphere.hemisphere_utils - INFO -   Removing diagonal values (self-connections) before classification
2026-02-03 01:41:14,633 - src.hemisphere.hemisphere_utils - INFO -   Original diagonal values (first subject, first 5 regions): [np.float64(-0.4870444401322548), np.float64(0.6029904189928175), np.float64(-0.19290027863456502), np.float64(-0.15807526016593135), np.float64(0.4269566720741271)]
2026-02-03 01:41:14,634 - src.hemisphere.hemisphere_utils - INFO -   After removal (should be all zeros): [np.float64(0.0), np.float64(0.0), np.float64(0.0), np.float64(0.0), np.float64(0.0)]
2026-02-03 01:41:14,656 - src.hemisphere.hemisphere_utils - INFO -   ✅ Diagonal removal verified - no features constant at 1.0
2026-02-03 01:41:14,656 - src.hemisphere.hemisphere_utils - INFO - Prepared classification data:
2026-02-03 01:41:14,656 - src.hemisphere.hemisphere_utils - INFO -   Features (X): (16588, 116)
2026-02-03 01:41:14,656 - src.hemisphere.hemisphere_utils - INFO -   Labels (y): (16588,)
2026-02-03 01:41:14,656 - src.hemisphere.hemisphere_utils - INFO -   Groups: (16588,)
2026-02-03 01:41:14,656 - src.hemisphere.hemisphere_utils - INFO -   Unique labels: 116
2026-02-03 01:41:14,661 - src.hemisphere.hemisphere_utils - INFO -   Unique subjects: 143
2026-02-03 01:41:14,662 - src.hemisphere.hemisphere_utils - INFO -   Feature range: [-1.398, 1.745]
2026-02-03 01:41:14,666 - src.hemisphere.hemisphere_utils - INFO -   Feature mean: 0.034, std: 0.298
2026-02-03 01:41:14,666 - src.hemisphere.hemisphere_utils - INFO -   Removing diagonal values (self-connections) before classification
2026-02-03 01:41:14,666 - src.hemisphere.hemisphere_utils - INFO -   Original diagonal values (first subject, first 5 regions): [np.float64(0.03632601914420289), np.float64(-0.021231933958977704), np.float64(0.12486936782759238), np.float64(-0.2775098965342251), np.float64(0.3921203346009483)]
2026-02-03 01:41:14,667 - src.hemisphere.hemisphere_utils - INFO -   After removal (should be all zeros): [np.float64(0.0), np.float64(0.0), np.float64(0.0), np.float64(0.0), np.float64(0.0)]
2026-02-03 01:41:14,672 - src.hemisphere.hemisphere_utils - INFO -   ✅ Diagonal removal verified - no features constant at 1.0
2026-02-03 01:41:14,673 - src.hemisphere.hemisphere_utils - INFO - Prepared classification data:
2026-02-03 01:41:14,673 - src.hemisphere.hemisphere_utils - INFO -   Features (X): (4176, 116)
2026-02-03 01:41:14,673 - src.hemisphere.hemisphere_utils - INFO -   Labels (y): (4176,)
2026-02-03 01:41:14,673 - src.hemisphere.hemisphere_utils - INFO -   Groups: (4176,)
2026-02-03 01:41:14,673 - src.hemisphere.hemisphere_utils - INFO -   Unique labels: 116
2026-02-03 01:41:14,674 - src.hemisphere.hemisphere_utils - INFO -   Unique subjects: 36
2026-02-03 01:41:14,674 - src.hemisphere.hemisphere_utils - INFO -   Feature range: [-1.308, 1.684]
2026-02-03 01:41:14,675 - src.hemisphere.hemisphere_utils - INFO -   Feature mean: 0.031, std: 0.293
2026-02-03 01:41:27,402 - __main__ - INFO -     Trial 1: Acc=0.6906 ★
2026-02-03 01:41:36,147 - __main__ - INFO -     Trial 2: Acc=0.9023 ★
2026-02-03 01:42:22,134 - __main__ - INFO -     Trial 3: Acc=0.8913
2026-02-03 01:42:37,874 - __main__ - INFO -     Trial 4: Acc=0.8951
2026-02-03 01:43:12,364 - __main__ - INFO -     Trial 5: Acc=0.7857
2026-02-03 01:43:37,803 - __main__ - INFO -     Trial 6: Acc=0.8879
2026-02-03 01:44:11,974 - __main__ - INFO -     Trial 7: Acc=0.8101
2026-02-03 01:45:16,881 - __main__ - INFO -     Trial 8: Acc=0.9033 ★
2026-02-03 01:46:05,343 - __main__ - INFO -     Trial 9: Acc=0.9114 ★
2026-02-03 01:46:17,628 - __main__ - INFO -     Trial 10: Acc=0.8659
2026-02-03 01:46:56,494 - __main__ - INFO -     Trial 11: Acc=0.9171 ★
2026-02-03 01:47:34,135 - __main__ - INFO -     Trial 12: Acc=0.9169
2026-02-03 01:48:05,817 - __main__ - INFO -     Trial 13: Acc=0.9174 ★
2026-02-03 01:48:26,903 - __main__ - INFO -     Trial 14: Acc=0.9169
2026-02-03 01:48:51,636 - __main__ - INFO -     Trial 15: Acc=0.8568
2026-02-03 01:49:21,610 - __main__ - INFO -     Trial 16: Acc=0.9176 ★
2026-02-03 01:49:42,598 - __main__ - INFO -     Trial 17: Acc=0.9169
2026-02-03 01:49:49,675 - __main__ - INFO -     Trial 18: Acc=0.8776
2026-02-03 01:50:13,418 - __main__ - INFO -     Trial 19: Acc=0.9159
2026-02-03 01:51:47,458 - __main__ - INFO -     Trial 20: Acc=0.9104
2026-02-03 01:52:28,002 - __main__ - INFO -     Trial 21: Acc=0.9124
2026-02-03 01:53:09,727 - __main__ - INFO -     Trial 22: Acc=0.9167
2026-02-03 01:53:43,522 - __main__ - INFO -     Trial 23: Acc=0.9176
2026-02-03 01:54:01,636 - __main__ - INFO -     Trial 24: Acc=0.9171
2026-02-03 01:54:30,023 - __main__ - INFO -     Trial 25: Acc=0.9169
2026-02-03 01:54:47,260 - __main__ - INFO -     Trial 26: Acc=0.9164
2026-02-03 01:55:22,425 - __main__ - INFO -     Trial 27: Acc=0.9176
2026-02-03 01:56:02,693 - __main__ - INFO -     Trial 28: Acc=0.8915
2026-02-03 01:56:34,995 - __main__ - INFO -     Trial 29: Acc=0.9021
2026-02-03 01:57:03,652 - __main__ - INFO -     Trial 30: Acc=0.8712
2026-02-03 01:57:16,769 - __main__ - INFO -     Trial 31: Acc=0.9183 ★
2026-02-03 01:57:30,941 - __main__ - INFO -     Trial 32: Acc=0.9186 ★
2026-02-03 01:57:42,188 - __main__ - INFO -     Trial 33: Acc=0.9186
2026-02-03 01:57:52,995 - __main__ - INFO -     Trial 34: Acc=0.9186
2026-02-03 01:58:02,330 - __main__ - INFO -     Trial 35: Acc=0.9131
2026-02-03 01:58:14,369 - __main__ - INFO -     Trial 36: Acc=0.9181
2026-02-03 01:58:27,113 - __main__ - INFO -     Trial 37: Acc=0.8915
2026-02-03 01:58:38,059 - __main__ - INFO -     Trial 38: Acc=0.9195 ★
2026-02-03 01:58:47,322 - __main__ - INFO -     Trial 39: Acc=0.8755
2026-02-03 01:59:03,008 - __main__ - INFO -     Trial 40: Acc=0.9171
2026-02-03 01:59:03,009 - __main__ - INFO -   Best: C=0.026459, saga, Acc=0.9195 (1068.3s)
2026-02-03 01:59:16,533 - __main__ - INFO -   Train: 0.9489, Val: 0.9245 (13.2s)
2026-02-03 01:59:16,534 - __main__ - INFO - 
Fold 4/5
2026-02-03 01:59:16,540 - __main__ - INFO -   Train: 179 subjects, Test: 45 subjects
2026-02-03 01:59:16,604 - __main__ - INFO -   Random diagonal imputation with seed=4042
2026-02-03 01:59:16,617 - __main__ - INFO -   Random diagonal imputation with seed=5042
2026-02-03 01:59:16,618 - __main__ - INFO -   Applying Fisher Z-transformation...
2026-02-03 01:59:16,671 - __main__ - INFO -   Value range after Fisher Z: [-1.3984, 1.7455]
2026-02-03 01:59:16,671 - __main__ - INFO -   Applying Fisher Z-transformation...
2026-02-03 01:59:16,684 - __main__ - INFO -   Value range after Fisher Z: [-1.2012, 1.6345]
2026-02-03 01:59:16,684 - src.hemisphere.hemisphere_utils - INFO -   Removing diagonal values (self-connections) before classification
2026-02-03 01:59:16,684 - src.hemisphere.hemisphere_utils - INFO -   Original diagonal values (first subject, first 5 regions): [np.float64(-0.6178443081878998), np.float64(0.0578383445089193), np.float64(-0.41721423709394634), np.float64(0.3869571208331083), np.float64(-0.7738705829638809)]
2026-02-03 01:59:16,686 - src.hemisphere.hemisphere_utils - INFO -   After removal (should be all zeros): [np.float64(0.0), np.float64(0.0), np.float64(0.0), np.float64(0.0), np.float64(0.0)]
2026-02-03 01:59:16,713 - src.hemisphere.hemisphere_utils - INFO -   ✅ Diagonal removal verified - no features constant at 1.0
2026-02-03 01:59:16,714 - src.hemisphere.hemisphere_utils - INFO - Prepared classification data:
2026-02-03 01:59:16,714 - src.hemisphere.hemisphere_utils - INFO -   Features (X): (20764, 116)
2026-02-03 01:59:16,714 - src.hemisphere.hemisphere_utils - INFO -   Labels (y): (20764,)
2026-02-03 01:59:16,714 - src.hemisphere.hemisphere_utils - INFO -   Groups: (20764,)
2026-02-03 01:59:16,714 - src.hemisphere.hemisphere_utils - INFO -   Unique labels: 116
2026-02-03 01:59:16,720 - src.hemisphere.hemisphere_utils - INFO -   Unique subjects: 179
2026-02-03 01:59:16,721 - src.hemisphere.hemisphere_utils - INFO -   Feature range: [-1.398, 1.745]
2026-02-03 01:59:16,728 - src.hemisphere.hemisphere_utils - INFO -   Feature mean: 0.034, std: 0.296
2026-02-03 01:59:16,728 - src.hemisphere.hemisphere_utils - INFO -   Removing diagonal values (self-connections) before classification
2026-02-03 01:59:16,728 - src.hemisphere.hemisphere_utils - INFO -   Original diagonal values (first subject, first 5 regions): [np.float64(-0.34057983647204004), np.float64(0.32109548842371216), np.float64(0.45234638809123473), np.float64(0.5518177825456922), np.float64(-0.0957175802185424)]
2026-02-03 01:59:16,729 - src.hemisphere.hemisphere_utils - INFO -   After removal (should be all zeros): [np.float64(0.0), np.float64(0.0), np.float64(0.0), np.float64(0.0), np.float64(0.0)]
2026-02-03 01:59:16,735 - src.hemisphere.hemisphere_utils - INFO -   ✅ Diagonal removal verified - no features constant at 1.0
2026-02-03 01:59:16,736 - src.hemisphere.hemisphere_utils - INFO - Prepared classification data:
2026-02-03 01:59:16,736 - src.hemisphere.hemisphere_utils - INFO -   Features (X): (5220, 116)
2026-02-03 01:59:16,736 - src.hemisphere.hemisphere_utils - INFO -   Labels (y): (5220,)
2026-02-03 01:59:16,736 - src.hemisphere.hemisphere_utils - INFO -   Groups: (5220,)
2026-02-03 01:59:16,736 - src.hemisphere.hemisphere_utils - INFO -   Unique labels: 116
2026-02-03 01:59:16,737 - src.hemisphere.hemisphere_utils - INFO -   Unique subjects: 45
2026-02-03 01:59:16,737 - src.hemisphere.hemisphere_utils - INFO -   Feature range: [-1.201, 1.635]
2026-02-03 01:59:16,738 - src.hemisphere.hemisphere_utils - INFO -   Feature mean: 0.032, std: 0.298
2026-02-03 01:59:16,738 - __main__ - INFO - 
  Optimizing hyperparameters (Fold 4): 40 trials
2026-02-03 01:59:16,857 - src.hemisphere.hemisphere_utils - INFO -   Removing diagonal values (self-connections) before classification
2026-02-03 01:59:16,857 - src.hemisphere.hemisphere_utils - INFO -   Original diagonal values (first subject, first 5 regions): [np.float64(0.7897727212333008), np.float64(0.36616457149892034), np.float64(0.277916676298713), np.float64(0.733801682350284), np.float64(0.28944455241813216)]
2026-02-03 01:59:16,859 - src.hemisphere.hemisphere_utils - INFO -   After removal (should be all zeros): [np.float64(0.0), np.float64(0.0), np.float64(0.0), np.float64(0.0), np.float64(0.0)]
2026-02-03 01:59:16,880 - src.hemisphere.hemisphere_utils - INFO -   ✅ Diagonal removal verified - no features constant at 1.0
2026-02-03 01:59:16,880 - src.hemisphere.hemisphere_utils - INFO - Prepared classification data:
2026-02-03 01:59:16,880 - src.hemisphere.hemisphere_utils - INFO -   Features (X): (16588, 116)
2026-02-03 01:59:16,880 - src.hemisphere.hemisphere_utils - INFO -   Labels (y): (16588,)
2026-02-03 01:59:16,880 - src.hemisphere.hemisphere_utils - INFO -   Groups: (16588,)
2026-02-03 01:59:16,881 - src.hemisphere.hemisphere_utils - INFO -   Unique labels: 116
2026-02-03 01:59:16,885 - src.hemisphere.hemisphere_utils - INFO -   Unique subjects: 143
2026-02-03 01:59:16,886 - src.hemisphere.hemisphere_utils - INFO -   Feature range: [-1.398, 1.745]
2026-02-03 01:59:16,891 - src.hemisphere.hemisphere_utils - INFO -   Feature mean: 0.035, std: 0.296
2026-02-03 01:59:16,891 - src.hemisphere.hemisphere_utils - INFO -   Removing diagonal values (self-connections) before classification
2026-02-03 01:59:16,891 - src.hemisphere.hemisphere_utils - INFO -   Original diagonal values (first subject, first 5 regions): [np.float64(0.13124068017564924), np.float64(0.06643045934983854), np.float64(0.504663553512751), np.float64(0.5827866215482241), np.float64(-0.3272664849403509)]
2026-02-03 01:59:16,892 - src.hemisphere.hemisphere_utils - INFO -   After removal (should be all zeros): [np.float64(0.0), np.float64(0.0), np.float64(0.0), np.float64(0.0), np.float64(0.0)]
2026-02-03 01:59:16,897 - src.hemisphere.hemisphere_utils - INFO -   ✅ Diagonal removal verified - no features constant at 1.0
2026-02-03 01:59:16,897 - src.hemisphere.hemisphere_utils - INFO - Prepared classification data:
2026-02-03 01:59:16,897 - src.hemisphere.hemisphere_utils - INFO -   Features (X): (4176, 116)
2026-02-03 01:59:16,897 - src.hemisphere.hemisphere_utils - INFO -   Labels (y): (4176,)
2026-02-03 01:59:16,897 - src.hemisphere.hemisphere_utils - INFO -   Groups: (4176,)
2026-02-03 01:59:16,898 - src.hemisphere.hemisphere_utils - INFO -   Unique labels: 116
2026-02-03 01:59:16,898 - src.hemisphere.hemisphere_utils - INFO -   Unique subjects: 36
2026-02-03 01:59:16,899 - src.hemisphere.hemisphere_utils - INFO -   Feature range: [-1.256, 1.684]
2026-02-03 01:59:16,899 - src.hemisphere.hemisphere_utils - INFO -   Feature mean: 0.030, std: 0.297
2026-02-03 02:00:19,391 - __main__ - INFO -     Trial 1: Acc=0.9114 ★
2026-02-03 02:00:36,611 - __main__ - INFO -     Trial 2: Acc=0.7660
2026-02-03 02:01:07,455 - __main__ - INFO -     Trial 3: Acc=0.8573
2026-02-03 02:01:34,580 - __main__ - INFO -     Trial 4: Acc=0.8602
2026-02-03 02:02:40,221 - __main__ - INFO -     Trial 5: Acc=0.8333
2026-02-03 02:03:01,158 - __main__ - INFO -     Trial 6: Acc=0.8120
2026-02-03 02:04:21,260 - __main__ - INFO -     Trial 7: Acc=0.9107
2026-02-03 02:04:55,220 - __main__ - INFO -     Trial 8: Acc=0.9088
2026-02-03 02:05:29,651 - __main__ - INFO -     Trial 9: Acc=0.9188 ★
2026-02-03 02:05:57,641 - __main__ - INFO -     Trial 10: Acc=0.8020
2026-02-03 02:06:08,041 - __main__ - INFO -     Trial 11: Acc=0.9126
2026-02-03 02:06:16,376 - __main__ - INFO -     Trial 12: Acc=0.9102
2026-02-03 02:06:26,401 - __main__ - INFO -     Trial 13: Acc=0.9121
2026-02-03 02:08:01,045 - __main__ - INFO -     Trial 14: Acc=0.9203 ★
2026-02-03 02:09:36,877 - __main__ - INFO -     Trial 15: Acc=0.9200
2026-02-03 02:11:35,358 - __main__ - INFO -     Trial 16: Acc=0.9200
2026-02-03 02:13:08,057 - __main__ - INFO -     Trial 17: Acc=0.9205 ★
2026-02-03 02:14:04,603 - __main__ - INFO -     Trial 18: Acc=0.9109
2026-02-03 02:16:07,544 - __main__ - INFO -     Trial 19: Acc=0.9157
2026-02-03 02:16:51,866 - __main__ - INFO -     Trial 20: Acc=0.8894
2026-02-03 02:18:41,725 - __main__ - INFO -     Trial 21: Acc=0.9085
2026-02-03 02:20:20,627 - __main__ - INFO -     Trial 22: Acc=0.9200
2026-02-03 02:21:45,238 - __main__ - INFO -     Trial 23: Acc=0.9186
2026-02-03 02:22:50,099 - __main__ - INFO -     Trial 24: Acc=0.9207 ★
2026-02-03 02:23:47,335 - __main__ - INFO -     Trial 25: Acc=0.9188
2026-02-03 02:25:38,495 - __main__ - INFO -     Trial 26: Acc=0.9097
2026-02-03 02:26:21,615 - __main__ - INFO -     Trial 27: Acc=0.9207
2026-02-03 02:26:50,096 - __main__ - INFO -     Trial 28: Acc=0.9203
2026-02-03 02:27:31,930 - __main__ - INFO -     Trial 29: Acc=0.9167
2026-02-03 02:28:00,216 - __main__ - INFO -     Trial 30: Acc=0.9181
2026-02-03 02:28:24,661 - __main__ - INFO -     Trial 31: Acc=0.9215 ★
2026-02-03 02:28:45,110 - __main__ - INFO -     Trial 32: Acc=0.9207
2026-02-03 02:29:05,564 - __main__ - INFO -     Trial 33: Acc=0.9203
2026-02-03 02:29:27,188 - __main__ - INFO -     Trial 34: Acc=0.9181
2026-02-03 02:29:42,554 - __main__ - INFO -     Trial 35: Acc=0.8769
2026-02-03 02:29:53,150 - __main__ - INFO -     Trial 36: Acc=0.8956
2026-02-03 02:30:26,576 - __main__ - INFO -     Trial 37: Acc=0.9095
2026-02-03 02:30:48,035 - __main__ - INFO -     Trial 38: Acc=0.9174
2026-02-03 02:31:15,618 - __main__ - INFO -     Trial 39: Acc=0.8618
2026-02-03 02:31:50,141 - __main__ - INFO -     Trial 40: Acc=0.9102
2026-02-03 02:31:50,142 - __main__ - INFO -   Best: C=0.035197, saga, Acc=0.9215 (1953.2s)
2026-02-03 02:32:19,665 - __main__ - INFO -   Train: 0.9549, Val: 0.9241 (29.2s)
2026-02-03 02:32:19,665 - __main__ - INFO - 
Fold 5/5
2026-02-03 02:32:19,672 - __main__ - INFO -   Train: 180 subjects, Test: 44 subjects
2026-02-03 02:32:19,737 - __main__ - INFO -   Random diagonal imputation with seed=5042
2026-02-03 02:32:19,749 - __main__ - INFO -   Random diagonal imputation with seed=6042
2026-02-03 02:32:19,750 - __main__ - INFO -   Applying Fisher Z-transformation...
2026-02-03 02:32:19,805 - __main__ - INFO -   Value range after Fisher Z: [-1.3984, 1.7362]
2026-02-03 02:32:19,805 - __main__ - INFO -   Applying Fisher Z-transformation...
2026-02-03 02:32:19,818 - __main__ - INFO -   Value range after Fisher Z: [-1.2041, 1.7455]
2026-02-03 02:32:19,818 - src.hemisphere.hemisphere_utils - INFO -   Removing diagonal values (self-connections) before classification
2026-02-03 02:32:19,818 - src.hemisphere.hemisphere_utils - INFO -   Original diagonal values (first subject, first 5 regions): [np.float64(-0.34057983647204004), np.float64(0.32109548842371216), np.float64(0.45234638809123473), np.float64(0.5518177825456922), np.float64(-0.0957175802185424)]
2026-02-03 02:32:19,820 - src.hemisphere.hemisphere_utils - INFO -   After removal (should be all zeros): [np.float64(0.0), np.float64(0.0), np.float64(0.0), np.float64(0.0), np.float64(0.0)]
2026-02-03 02:32:19,848 - src.hemisphere.hemisphere_utils - INFO -   ✅ Diagonal removal verified - no features constant at 1.0
2026-02-03 02:32:19,848 - src.hemisphere.hemisphere_utils - INFO - Prepared classification data:
2026-02-03 02:32:19,848 - src.hemisphere.hemisphere_utils - INFO -   Features (X): (20880, 116)
2026-02-03 02:32:19,848 - src.hemisphere.hemisphere_utils - INFO -   Labels (y): (20880,)
2026-02-03 02:32:19,848 - src.hemisphere.hemisphere_utils - INFO -   Groups: (20880,)
2026-02-03 02:32:19,848 - src.hemisphere.hemisphere_utils - INFO -   Unique labels: 116
2026-02-03 02:32:19,854 - src.hemisphere.hemisphere_utils - INFO -   Unique subjects: 180
2026-02-03 02:32:19,855 - src.hemisphere.hemisphere_utils - INFO -   Feature range: [-1.398, 1.736]
2026-02-03 02:32:19,862 - src.hemisphere.hemisphere_utils - INFO -   Feature mean: 0.034, std: 0.297
2026-02-03 02:32:19,862 - src.hemisphere.hemisphere_utils - INFO -   Removing diagonal values (self-connections) before classification
2026-02-03 02:32:19,862 - src.hemisphere.hemisphere_utils - INFO -   Original diagonal values (first subject, first 5 regions): [np.float64(-0.6094186597854765), np.float64(0.7911610943627575), np.float64(0.13298724544627905), np.float64(0.15687586044715923), np.float64(-0.3122158875764941)]
2026-02-03 02:32:19,863 - src.hemisphere.hemisphere_utils - INFO -   After removal (should be all zeros): [np.float64(0.0), np.float64(0.0), np.float64(0.0), np.float64(0.0), np.float64(0.0)]
2026-02-03 02:32:19,869 - src.hemisphere.hemisphere_utils - INFO -   ✅ Diagonal removal verified - no features constant at 1.0
2026-02-03 02:32:19,869 - src.hemisphere.hemisphere_utils - INFO - Prepared classification data:
2026-02-03 02:32:19,869 - src.hemisphere.hemisphere_utils - INFO -   Features (X): (5104, 116)
2026-02-03 02:32:19,869 - src.hemisphere.hemisphere_utils - INFO -   Labels (y): (5104,)
2026-02-03 02:32:19,869 - src.hemisphere.hemisphere_utils - INFO -   Groups: (5104,)
2026-02-03 02:32:19,870 - src.hemisphere.hemisphere_utils - INFO -   Unique labels: 116
2026-02-03 02:32:19,871 - src.hemisphere.hemisphere_utils - INFO -   Unique subjects: 44
2026-02-03 02:32:19,871 - src.hemisphere.hemisphere_utils - INFO -   Feature range: [-1.204, 1.745]
2026-02-03 02:32:19,872 - src.hemisphere.hemisphere_utils - INFO -   Feature mean: 0.032, std: 0.293
2026-02-03 02:32:19,872 - __main__ - INFO - 
  Optimizing hyperparameters (Fold 5): 40 trials
2026-02-03 02:32:19,991 - src.hemisphere.hemisphere_utils - INFO -   Removing diagonal values (self-connections) before classification
2026-02-03 02:32:19,991 - src.hemisphere.hemisphere_utils - INFO -   Original diagonal values (first subject, first 5 regions): [np.float64(0.3127828193996071), np.float64(1.302704077223151), np.float64(0.7854719231248931), np.float64(0.9580669569482875), np.float64(-0.25819669672449597)]
2026-02-03 02:32:19,993 - src.hemisphere.hemisphere_utils - INFO -   After removal (should be all zeros): [np.float64(0.0), np.float64(0.0), np.float64(0.0), np.float64(0.0), np.float64(0.0)]
2026-02-03 02:32:20,015 - src.hemisphere.hemisphere_utils - INFO -   ✅ Diagonal removal verified - no features constant at 1.0
2026-02-03 02:32:20,015 - src.hemisphere.hemisphere_utils - INFO - Prepared classification data:
2026-02-03 02:32:20,015 - src.hemisphere.hemisphere_utils - INFO -   Features (X): (16704, 116)
2026-02-03 02:32:20,015 - src.hemisphere.hemisphere_utils - INFO -   Labels (y): (16704,)
2026-02-03 02:32:20,015 - src.hemisphere.hemisphere_utils - INFO -   Groups: (16704,)
2026-02-03 02:32:20,015 - src.hemisphere.hemisphere_utils - INFO -   Unique labels: 116
2026-02-03 02:32:20,019 - src.hemisphere.hemisphere_utils - INFO -   Unique subjects: 144
2026-02-03 02:32:20,020 - src.hemisphere.hemisphere_utils - INFO -   Feature range: [-1.398, 1.709]
2026-02-03 02:32:20,024 - src.hemisphere.hemisphere_utils - INFO -   Feature mean: 0.033, std: 0.297
2026-02-03 02:32:20,024 - src.hemisphere.hemisphere_utils - INFO -   Removing diagonal values (self-connections) before classification
2026-02-03 02:32:20,024 - src.hemisphere.hemisphere_utils - INFO -   Original diagonal values (first subject, first 5 regions): [np.float64(-0.44734983474149376), np.float64(0.8439764421503666), np.float64(0.1249005828395432), np.float64(-0.5766547168021305), np.float64(-0.3651406182047455)]
2026-02-03 02:32:20,025 - src.hemisphere.hemisphere_utils - INFO -   After removal (should be all zeros): [np.float64(0.0), np.float64(0.0), np.float64(0.0), np.float64(0.0), np.float64(0.0)]
2026-02-03 02:32:20,031 - src.hemisphere.hemisphere_utils - INFO -   ✅ Diagonal removal verified - no features constant at 1.0
2026-02-03 02:32:20,031 - src.hemisphere.hemisphere_utils - INFO - Prepared classification data:
2026-02-03 02:32:20,031 - src.hemisphere.hemisphere_utils - INFO -   Features (X): (4176, 116)
2026-02-03 02:32:20,031 - src.hemisphere.hemisphere_utils - INFO -   Labels (y): (4176,)
2026-02-03 02:32:20,031 - src.hemisphere.hemisphere_utils - INFO -   Groups: (4176,)
2026-02-03 02:32:20,031 - src.hemisphere.hemisphere_utils - INFO -   Unique labels: 116
2026-02-03 02:32:20,032 - src.hemisphere.hemisphere_utils - INFO -   Unique subjects: 36
2026-02-03 02:32:20,032 - src.hemisphere.hemisphere_utils - INFO -   Feature range: [-1.158, 1.736]
2026-02-03 02:32:20,033 - src.hemisphere.hemisphere_utils - INFO -   Feature mean: 0.036, std: 0.297
2026-02-03 02:32:34,959 - __main__ - INFO -     Trial 1: Acc=0.8910 ★
2026-02-03 02:33:32,848 - __main__ - INFO -     Trial 2: Acc=0.9128 ★
2026-02-03 02:33:45,228 - __main__ - INFO -     Trial 3: Acc=0.9030
2026-02-03 02:34:44,768 - __main__ - INFO -     Trial 4: Acc=0.8989
2026-02-03 02:35:52,350 - __main__ - INFO -     Trial 5: Acc=0.9222 ★
2026-02-03 02:36:31,122 - __main__ - INFO -     Trial 6: Acc=0.9028
2026-02-03 02:37:23,153 - __main__ - INFO -     Trial 7: Acc=0.9267 ★
2026-02-03 02:37:37,742 - __main__ - INFO -     Trial 8: Acc=0.8930
2026-02-03 02:39:13,161 - __main__ - INFO -     Trial 9: Acc=0.9262
2026-02-03 02:39:36,478 - __main__ - INFO -     Trial 10: Acc=0.8865
2026-02-03 02:39:46,350 - __main__ - INFO -     Trial 11: Acc=0.7787
2026-02-03 02:41:47,860 - __main__ - INFO -     Trial 12: Acc=0.9277 ★
2026-02-03 02:43:40,087 - __main__ - INFO -     Trial 13: Acc=0.9229
2026-02-03 02:45:35,728 - __main__ - INFO -     Trial 14: Acc=0.9274
2026-02-03 02:48:53,097 - __main__ - INFO -     Trial 15: Acc=0.9270
2026-02-03 02:49:46,654 - __main__ - INFO -     Trial 16: Acc=0.8664
2026-02-03 02:50:13,796 - __main__ - INFO -     Trial 17: Acc=0.9241
2026-02-03 02:50:56,055 - __main__ - INFO -     Trial 18: Acc=0.8008
2026-02-03 02:52:17,960 - __main__ - INFO -     Trial 19: Acc=0.9215
2026-02-03 02:54:50,503 - __main__ - INFO -     Trial 20: Acc=0.9270
2026-02-03 02:55:13,822 - __main__ - INFO -     Trial 21: Acc=0.8266
2026-02-03 02:58:08,877 - __main__ - INFO -     Trial 22: Acc=0.9267
2026-02-03 03:01:00,670 - __main__ - INFO -     Trial 23: Acc=0.9248
2026-02-03 03:03:42,033 - __main__ - INFO -     Trial 24: Acc=0.9224
2026-02-03 03:05:18,623 - __main__ - INFO -     Trial 25: Acc=0.9270
2026-02-03 03:07:37,729 - __main__ - INFO -     Trial 26: Acc=0.9272
2026-02-03 03:08:41,933 - __main__ - INFO -     Trial 27: Acc=0.9231
2026-02-03 03:10:25,410 - __main__ - INFO -     Trial 28: Acc=0.9155
2026-02-03 03:12:09,624 - __main__ - INFO -     Trial 29: Acc=0.9267
2026-02-03 03:13:18,146 - __main__ - INFO -     Trial 30: Acc=0.9260
2026-02-03 03:14:06,161 - __main__ - INFO -     Trial 31: Acc=0.9262
2026-02-03 03:16:43,249 - __main__ - INFO -     Trial 32: Acc=0.9272
2026-02-03 03:19:11,235 - __main__ - INFO -     Trial 33: Acc=0.9267
2026-02-03 03:20:56,308 - __main__ - INFO -     Trial 34: Acc=0.9243
2026-02-03 03:22:57,898 - __main__ - INFO -     Trial 35: Acc=0.9262
2026-02-03 03:24:09,661 - __main__ - INFO -     Trial 36: Acc=0.9186
2026-02-03 03:25:10,256 - __main__ - INFO -     Trial 37: Acc=0.9073
2026-02-03 03:27:41,246 - __main__ - INFO -     Trial 38: Acc=0.9248
2026-02-03 03:28:44,873 - __main__ - INFO -     Trial 39: Acc=0.9277
2026-02-03 03:29:39,357 - __main__ - INFO -     Trial 40: Acc=0.9102
2026-02-03 03:29:39,358 - __main__ - INFO -   Best: C=0.049378, saga, Acc=0.9277 (3439.3s)
2026-02-03 03:32:08,101 - __main__ - INFO -   Train: 0.9578, Val: 0.9191 (148.4s)
2026-02-03 03:32:08,102 - __main__ - INFO - 
CV complete (9587.3s)
2026-02-03 03:32:08,102 - __main__ - INFO - Best fold: 1, Val Acc: 0.9291
2026-02-03 03:32:08,102 - __main__ - INFO - Mean Train: 0.9544, Mean Val: 0.9248
2026-02-03 03:32:08,803 - src.hemisphere.hemisphere_metrics - INFO - Creating confusion matrix...
2026-02-03 03:32:08,804 - src.hemisphere.hemisphere_metrics - INFO -   Confusion matrix shape: (116, 116)
2026-02-03 03:32:08,804 - src.hemisphere.hemisphere_metrics - INFO -   Total predictions: 25984
2026-02-03 03:32:08,804 - src.hemisphere.hemisphere_metrics - INFO -   Correct predictions (diagonal): 24030
2026-02-03 03:32:08,804 - __main__ - INFO - 
Overall Accuracy: 0.9248
2026-02-03 03:32:08,856 - __main__ - INFO - Saved to: /home/sjoon/projects/brain_connectivity_classifier/data/results/hemisphere_analysis/right_hemisphere/one_vs_rest
2026-02-03 03:32:08,856 - __main__ - INFO - 
================================================================================
2026-02-03 03:32:08,856 - __main__ - INFO - TASK TESTING
2026-02-03 03:32:08,856 - __main__ - INFO - ================================================================================
2026-02-03 03:32:08,856 - __main__ - INFO - Training on rest, testing on task (Gender Stroop)
2026-02-03 03:32:08,856 - __main__ - INFO - Hyperparams: C=0.049149, saga, tol=0.021110
2026-02-03 03:32:08,858 - src.hemisphere.hemisphere_utils - INFO - Loading right hemisphere data from: /home/sjoon/projects/brain_connectivity_classifier/data/processed/hemispheres/RH_PIOP1_Gstroop.csv
2026-02-03 03:32:09,159 - src.hemisphere.hemisphere_utils - INFO -   Subjects: 200
2026-02-03 03:32:09,159 - src.hemisphere.hemisphere_utils - INFO -   Connections: 6670
2026-02-03 03:32:09,162 - src.hemisphere.hemisphere_utils - INFO - Extracting region info from: /home/sjoon/projects/brain_connectivity_classifier/data/processed/hemispheres/RH_PIOP1_Gstroop.csv
2026-02-03 03:32:09,637 - src.hemisphere.hemisphere_utils - INFO - Extracted 116 regions for right hemisphere
2026-02-03 03:32:09,637 - src.hemisphere.hemisphere_utils - INFO -   Regions: 116
2026-02-03 03:32:09,637 - src.hemisphere.hemisphere_utils - INFO - Converting to full connectivity matrices...
2026-02-03 03:32:09,658 - src.hemisphere.hemisphere_utils - INFO -   Matrix shape: (200, 116, 116)
2026-02-03 03:32:09,683 - src.hemisphere.hemisphere_utils - INFO - Connectivity validation completed
2026-02-03 03:32:09,683 - src.hemisphere.hemisphere_utils - INFO - Successfully loaded right hemisphere data
2026-02-03 03:32:09,683 - __main__ - INFO - Task: 200 subjects
2026-02-03 03:32:09,685 - __main__ - INFO - Clipping task off-diagonal to [-0.999, 0.999]
2026-02-03 03:32:09,760 - __main__ - INFO -   Random diagonal imputation with seed=42
2026-02-03 03:32:09,760 - __main__ - INFO -   Applying Fisher Z-transformation...
2026-02-03 03:32:09,830 - __main__ - INFO -   Value range after Fisher Z: [-1.3984, 1.7455]
2026-02-03 03:32:09,830 - src.hemisphere.hemisphere_utils - INFO -   Removing diagonal values (self-connections) before classification
2026-02-03 03:32:09,830 - src.hemisphere.hemisphere_utils - INFO -   Original diagonal values (first subject, first 5 regions): [np.float64(0.5566806916150475), np.float64(-0.020518890050430266), np.float64(0.7554460825633444), np.float64(0.40624260059259537), np.float64(-0.6352403943247892)]
2026-02-03 03:32:09,832 - src.hemisphere.hemisphere_utils - INFO -   After removal (should be all zeros): [np.float64(0.0), np.float64(0.0), np.float64(0.0), np.float64(0.0), np.float64(0.0)]
2026-02-03 03:32:09,866 - src.hemisphere.hemisphere_utils - INFO -   ✅ Diagonal removal verified - no features constant at 1.0
2026-02-03 03:32:09,867 - src.hemisphere.hemisphere_utils - INFO - Prepared classification data:
2026-02-03 03:32:09,867 - src.hemisphere.hemisphere_utils - INFO -   Features (X): (25984, 116)
2026-02-03 03:32:09,867 - src.hemisphere.hemisphere_utils - INFO -   Labels (y): (25984,)
2026-02-03 03:32:09,867 - src.hemisphere.hemisphere_utils - INFO -   Groups: (25984,)
2026-02-03 03:32:09,867 - src.hemisphere.hemisphere_utils - INFO -   Unique labels: 116
2026-02-03 03:32:09,874 - src.hemisphere.hemisphere_utils - INFO -   Unique subjects: 224
2026-02-03 03:32:09,876 - src.hemisphere.hemisphere_utils - INFO -   Feature range: [-1.398, 1.745]
2026-02-03 03:32:09,884 - src.hemisphere.hemisphere_utils - INFO -   Feature mean: 0.034, std: 0.297
2026-02-03 03:32:09,945 - __main__ - INFO -   Random diagonal imputation with seed=10041
2026-02-03 03:32:09,945 - __main__ - INFO -   Applying Fisher Z-transformation...
2026-02-03 03:32:10,006 - __main__ - INFO -   Value range after Fisher Z: [-1.3069, 1.7673]
2026-02-03 03:32:10,006 - src.hemisphere.hemisphere_utils - INFO -   Removing diagonal values (self-connections) before classification
2026-02-03 03:32:10,006 - src.hemisphere.hemisphere_utils - INFO -   Original diagonal values (first subject, first 5 regions): [np.float64(0.24550494509966753), np.float64(-0.6441480058421055), np.float64(-0.18408417644759015), np.float64(0.18107524213022672), np.float64(-0.016242742750657273)]
2026-02-03 03:32:10,008 - src.hemisphere.hemisphere_utils - INFO -   After removal (should be all zeros): [np.float64(0.0), np.float64(0.0), np.float64(0.0), np.float64(0.0), np.float64(0.0)]
2026-02-03 03:32:10,038 - src.hemisphere.hemisphere_utils - INFO -   ✅ Diagonal removal verified - no features constant at 1.0
2026-02-03 03:32:10,038 - src.hemisphere.hemisphere_utils - INFO - Prepared classification data:
2026-02-03 03:32:10,039 - src.hemisphere.hemisphere_utils - INFO -   Features (X): (23200, 116)
2026-02-03 03:32:10,039 - src.hemisphere.hemisphere_utils - INFO -   Labels (y): (23200,)
2026-02-03 03:32:10,039 - src.hemisphere.hemisphere_utils - INFO -   Groups: (23200,)
2026-02-03 03:32:10,039 - src.hemisphere.hemisphere_utils - INFO -   Unique labels: 116
2026-02-03 03:32:10,046 - src.hemisphere.hemisphere_utils - INFO -   Unique subjects: 200
2026-02-03 03:32:10,048 - src.hemisphere.hemisphere_utils - INFO -   Feature range: [-1.307, 1.767]
2026-02-03 03:32:10,055 - src.hemisphere.hemisphere_utils - INFO -   Feature mean: 0.035, std: 0.280
2026-02-03 03:32:10,085 - __main__ - INFO - Training 116 OvR classifiers on rest data...
2026-02-03 03:32:39,547 - __main__ - INFO - Training complete (29.46s)
2026-02-03 03:32:40,269 - __main__ - INFO - Rest Acc: 0.9535
2026-02-03 03:32:41,218 - src.hemisphere.hemisphere_metrics - INFO - Creating confusion matrix...
2026-02-03 03:32:41,219 - src.hemisphere.hemisphere_metrics - INFO -   Confusion matrix shape: (116, 116)
2026-02-03 03:32:41,219 - src.hemisphere.hemisphere_metrics - INFO -   Total predictions: 23200
2026-02-03 03:32:41,219 - src.hemisphere.hemisphere_metrics - INFO -   Correct predictions (diagonal): 20409
2026-02-03 03:32:41,219 - src.hemisphere.hemisphere_metrics - INFO - Creating confusion matrix...
2026-02-03 03:32:41,220 - src.hemisphere.hemisphere_metrics - INFO -   Confusion matrix shape: (116, 116)
2026-02-03 03:32:41,220 - src.hemisphere.hemisphere_metrics - INFO -   Total predictions: 25984
2026-02-03 03:32:41,220 - src.hemisphere.hemisphere_metrics - INFO -   Correct predictions (diagonal): 24775
2026-02-03 03:32:41,220 - __main__ - INFO - Task Acc: 0.8797
2026-02-03 03:32:41,220 - __main__ - INFO - Accuracy drop: 0.0738
2026-02-03 03:32:41,315 - __main__ - INFO - Saved to: /home/sjoon/projects/brain_connectivity_classifier/data/results/hemisphere_analysis/right_hemisphere/task_testing_one_vs_rest
2026-02-03 03:32:41,318 - __main__ - INFO - 
================================================================================
2026-02-03 03:32:41,318 - __main__ - INFO - COMPARING HEMISPHERES
2026-02-03 03:32:41,318 - __main__ - INFO - ================================================================================
2026-02-03 03:32:41,319 - __main__ - INFO - Left: 0.9279, Right: 0.9248, Diff: 0.0031
2026-02-03 03:32:41,319 - __main__ - INFO - Paired t-test: t=1.4860, p=0.2115
2026-02-03 03:32:41,319 - __main__ - INFO - Task: Left=0.8875, Right=0.8797
2026-02-03 03:32:41,321 - __main__ - INFO - Saved to: /home/sjoon/projects/brain_connectivity_classifier/data/results/hemisphere_analysis/comparison_one_vs_rest
2026-02-03 03:32:41,321 - __main__ - INFO - 
================================================================================
2026-02-03 03:32:41,321 - __main__ - INFO - ✓ TRAINING COMPLETED
2026-02-03 03:32:41,321 - __main__ - INFO - ================================================================================

==========================================
✓ Training completed successfully

Duration: 18632 seconds (310 minutes)
Completed: Tue Feb  3 03:32:41 AM CET 2026
==========================================
