region_idx,region_name,network,hemisphere,accuracy,n_samples,Analysis,Strategy,Phase
0,LH_VisCent_ExStr_2,VisCent,left,0.9419642857142856,224,Full Connectivity,MULTINOMIAL,CV
1,LH_VisCent_ExStr_1,VisCent,left,0.9776785714285714,224,Full Connectivity,MULTINOMIAL,CV
2,LH_VisCent_Striate_1,VisCent,left,0.9955357142857144,224,Full Connectivity,MULTINOMIAL,CV
3,LH_VisCent_ExStr_3,VisCent,left,0.96875,224,Full Connectivity,MULTINOMIAL,CV
4,LH_VisCent_ExStr_4,VisCent,left,0.9821428571428572,224,Full Connectivity,MULTINOMIAL,CV
5,LH_VisCent_ExStr_5,VisCent,left,0.9866071428571428,224,Full Connectivity,MULTINOMIAL,CV
6,LH_VisPeri_ExStrInf_1,VisPeri,left,0.96875,224,Full Connectivity,MULTINOMIAL,CV
7,LH_VisPeri_ExStrInf_2,VisPeri,left,0.9598214285714286,224,Full Connectivity,MULTINOMIAL,CV
8,LH_VisPeri_ExStrInf_3,VisPeri,left,0.8482142857142857,224,Full Connectivity,MULTINOMIAL,CV
9,LH_VisPeri_StriCal_1,VisPeri,left,1.0,224,Full Connectivity,MULTINOMIAL,CV
10,LH_VisPeri_ExStrSup_1,VisPeri,left,0.9642857142857144,224,Full Connectivity,MULTINOMIAL,CV
11,LH_VisPeri_ExStrSup_2,VisPeri,left,0.9955357142857144,224,Full Connectivity,MULTINOMIAL,CV
12,LH_SomMotA_1,SomMotA,left,0.9375,224,Full Connectivity,MULTINOMIAL,CV
13,LH_SomMotA_2,SomMotA,left,0.9464285714285714,224,Full Connectivity,MULTINOMIAL,CV
14,LH_SomMotA_3,SomMotA,left,0.9732142857142856,224,Full Connectivity,MULTINOMIAL,CV
15,LH_SomMotA_4,SomMotA,left,0.9598214285714286,224,Full Connectivity,MULTINOMIAL,CV
16,LH_SomMotA_5,SomMotA,left,0.9821428571428572,224,Full Connectivity,MULTINOMIAL,CV
17,LH_SomMotA_6,SomMotA,left,0.9598214285714286,224,Full Connectivity,MULTINOMIAL,CV
18,LH_SomMotA_7,SomMotA,left,0.9821428571428572,224,Full Connectivity,MULTINOMIAL,CV
19,LH_SomMotA_8,SomMotA,left,0.9642857142857144,224,Full Connectivity,MULTINOMIAL,CV
20,LH_SomMotB_Aud_1,SomMotB,left,0.9375,224,Full Connectivity,MULTINOMIAL,CV
21,LH_SomMotB_Aud_2,SomMotB,left,0.9821428571428572,224,Full Connectivity,MULTINOMIAL,CV
22,LH_SomMotB_S2_1,SomMotB,left,0.9241071428571428,224,Full Connectivity,MULTINOMIAL,CV
23,LH_SomMotB_S2_2,SomMotB,left,0.9910714285714286,224,Full Connectivity,MULTINOMIAL,CV
24,LH_SomMotB_Aud_3,SomMotB,left,0.9419642857142856,224,Full Connectivity,MULTINOMIAL,CV
25,LH_SomMotB_S2_3,SomMotB,left,0.96875,224,Full Connectivity,MULTINOMIAL,CV
26,LH_SomMotB_Cent_1,SomMotB,left,0.9910714285714286,224,Full Connectivity,MULTINOMIAL,CV
27,LH_SomMotB_Cent_2,SomMotB,left,0.9508928571428572,224,Full Connectivity,MULTINOMIAL,CV
28,LH_DorsAttnA_TempOcc_1,DorsAttnA,left,0.9464285714285714,224,Full Connectivity,MULTINOMIAL,CV
29,LH_DorsAttnA_TempOcc_2,DorsAttnA,left,0.9508928571428572,224,Full Connectivity,MULTINOMIAL,CV
30,LH_DorsAttnA_ParOcc_1,DorsAttnA,left,0.8839285714285714,224,Full Connectivity,MULTINOMIAL,CV
31,LH_DorsAttnA_SPL_1,DorsAttnA,left,0.9375,224,Full Connectivity,MULTINOMIAL,CV
32,LH_DorsAttnA_SPL_2,DorsAttnA,left,0.9553571428571428,224,Full Connectivity,MULTINOMIAL,CV
33,LH_DorsAttnA_SPL_3,DorsAttnA,left,0.9196428571428572,224,Full Connectivity,MULTINOMIAL,CV
34,LH_DorsAttnB_PostC_1,DorsAttnB,left,0.96875,224,Full Connectivity,MULTINOMIAL,CV
35,LH_DorsAttnB_PostC_2,DorsAttnB,left,0.9508928571428572,224,Full Connectivity,MULTINOMIAL,CV
36,LH_DorsAttnB_PostC_3,DorsAttnB,left,0.9241071428571428,224,Full Connectivity,MULTINOMIAL,CV
37,LH_DorsAttnB_PostC_4,DorsAttnB,left,0.9508928571428572,224,Full Connectivity,MULTINOMIAL,CV
38,LH_DorsAttnB_FEF_1,DorsAttnB,left,0.8973214285714286,224,Full Connectivity,MULTINOMIAL,CV
39,LH_SalVentAttnA_ParOper_1,SalVentAttnA,left,0.9776785714285714,224,Full Connectivity,MULTINOMIAL,CV
40,LH_SalVentAttnA_Ins_1,SalVentAttnA,left,0.90625,224,Full Connectivity,MULTINOMIAL,CV
41,LH_SalVentAttnA_FrOper_1,SalVentAttnA,left,0.9375,224,Full Connectivity,MULTINOMIAL,CV
42,LH_SalVentAttnA_FrOper_2,SalVentAttnA,left,0.9375,224,Full Connectivity,MULTINOMIAL,CV
43,LH_SalVentAttnA_ParMed_1,SalVentAttnA,left,0.9598214285714286,224,Full Connectivity,MULTINOMIAL,CV
44,LH_SalVentAttnA_FrMed_1,SalVentAttnA,left,0.9910714285714286,224,Full Connectivity,MULTINOMIAL,CV
45,LH_SalVentAttnA_FrMed_2,SalVentAttnA,left,0.9598214285714286,224,Full Connectivity,MULTINOMIAL,CV
46,LH_SalVentAttnB_IPL_1,SalVentAttnB,left,0.9107142857142856,224,Full Connectivity,MULTINOMIAL,CV
47,LH_SalVentAttnB_PFCl_1,SalVentAttnB,left,0.9285714285714286,224,Full Connectivity,MULTINOMIAL,CV
48,LH_SalVentAttnB_Ins_1,SalVentAttnB,left,0.9464285714285714,224,Full Connectivity,MULTINOMIAL,CV
49,LH_SalVentAttnB_PFCmp_1,SalVentAttnB,left,0.9642857142857144,224,Full Connectivity,MULTINOMIAL,CV
50,LH_LimbicB_OFC_1,LimbicB,left,0.8125,224,Full Connectivity,MULTINOMIAL,CV
51,LH_LimbicB_OFC_2,LimbicB,left,0.9419642857142856,224,Full Connectivity,MULTINOMIAL,CV
52,LH_LimbicA_TempPole_1,LimbicA,left,0.8794642857142857,224,Full Connectivity,MULTINOMIAL,CV
53,LH_LimbicA_TempPole_2,LimbicA,left,0.8080357142857143,224,Full Connectivity,MULTINOMIAL,CV
54,LH_LimbicA_TempPole_3,LimbicA,left,0.8125,224,Full Connectivity,MULTINOMIAL,CV
55,LH_LimbicA_TempPole_4,LimbicA,left,0.6919642857142857,224,Full Connectivity,MULTINOMIAL,CV
56,LH_ContA_Temp_1,ContA,left,0.8705357142857143,224,Full Connectivity,MULTINOMIAL,CV
57,LH_ContA_IPS_1,ContA,left,0.9553571428571428,224,Full Connectivity,MULTINOMIAL,CV
58,LH_ContA_IPS_2,ContA,left,0.9464285714285714,224,Full Connectivity,MULTINOMIAL,CV
59,LH_ContA_IPS_3,ContA,left,0.9375,224,Full Connectivity,MULTINOMIAL,CV
60,LH_ContA_PFCd_1,ContA,left,0.9241071428571428,224,Full Connectivity,MULTINOMIAL,CV
61,LH_ContA_PFClv_1,ContA,left,0.9375,224,Full Connectivity,MULTINOMIAL,CV
62,LH_ContA_PFCl_1,ContA,left,0.9642857142857144,224,Full Connectivity,MULTINOMIAL,CV
63,LH_ContA_PFCl_2,ContA,left,0.9196428571428572,224,Full Connectivity,MULTINOMIAL,CV
64,LH_ContA_PFCl_3,ContA,left,0.875,224,Full Connectivity,MULTINOMIAL,CV
65,LH_ContA_Cingm_1,ContA,left,0.9196428571428572,224,Full Connectivity,MULTINOMIAL,CV
66,LH_ContB_Temp_1,ContB,left,0.9196428571428572,224,Full Connectivity,MULTINOMIAL,CV
67,LH_ContB_IPL_1,ContB,left,0.9464285714285714,224,Full Connectivity,MULTINOMIAL,CV
68,LH_ContB_PFCl_1,ContB,left,0.9642857142857144,224,Full Connectivity,MULTINOMIAL,CV
69,LH_ContB_PFClv_1,ContB,left,0.9196428571428572,224,Full Connectivity,MULTINOMIAL,CV
70,LH_ContB_PFClv_2,ContB,left,0.9107142857142856,224,Full Connectivity,MULTINOMIAL,CV
71,LH_ContC_pCun_1,ContC,left,1.0,224,Full Connectivity,MULTINOMIAL,CV
72,LH_ContC_pCun_2,ContC,left,0.9732142857142856,224,Full Connectivity,MULTINOMIAL,CV
73,LH_ContC_Cingp_1,ContC,left,0.9866071428571428,224,Full Connectivity,MULTINOMIAL,CV
74,LH_DefaultA_IPL_1,DefaultA,left,0.9642857142857144,224,Full Connectivity,MULTINOMIAL,CV
75,LH_DefaultA_PFCd_1,DefaultA,left,0.9598214285714286,224,Full Connectivity,MULTINOMIAL,CV
76,LH_DefaultA_pCunPCC_1,DefaultA,left,0.9866071428571428,224,Full Connectivity,MULTINOMIAL,CV
77,LH_DefaultA_pCunPCC_2,DefaultA,left,0.96875,224,Full Connectivity,MULTINOMIAL,CV
78,LH_DefaultA_pCunPCC_3,DefaultA,left,0.9732142857142856,224,Full Connectivity,MULTINOMIAL,CV
79,LH_DefaultA_PFCm_1,DefaultA,left,0.9375,224,Full Connectivity,MULTINOMIAL,CV
80,LH_DefaultA_PFCm_2,DefaultA,left,0.9508928571428572,224,Full Connectivity,MULTINOMIAL,CV
81,LH_DefaultA_PFCm_3,DefaultA,left,0.9821428571428572,224,Full Connectivity,MULTINOMIAL,CV
82,LH_DefaultB_Temp_1,DefaultB,left,0.9375,224,Full Connectivity,MULTINOMIAL,CV
83,LH_DefaultB_Temp_2,DefaultB,left,0.875,224,Full Connectivity,MULTINOMIAL,CV
84,LH_DefaultB_Temp_3,DefaultB,left,0.9330357142857144,224,Full Connectivity,MULTINOMIAL,CV
85,LH_DefaultB_Temp_4,DefaultB,left,0.9553571428571428,224,Full Connectivity,MULTINOMIAL,CV
86,LH_DefaultB_IPL_1,DefaultB,left,0.8705357142857143,224,Full Connectivity,MULTINOMIAL,CV
87,LH_DefaultB_PFCd_1,DefaultB,left,0.9866071428571428,224,Full Connectivity,MULTINOMIAL,CV
88,LH_DefaultB_PFCd_2,DefaultB,left,0.9821428571428572,224,Full Connectivity,MULTINOMIAL,CV
89,LH_DefaultB_PFCd_3,DefaultB,left,0.9464285714285714,224,Full Connectivity,MULTINOMIAL,CV
90,LH_DefaultB_PFCd_4,DefaultB,left,0.9553571428571428,224,Full Connectivity,MULTINOMIAL,CV
91,LH_DefaultB_PFCv_1,DefaultB,left,0.9241071428571428,224,Full Connectivity,MULTINOMIAL,CV
92,LH_DefaultB_PFCv_2,DefaultB,left,0.8526785714285714,224,Full Connectivity,MULTINOMIAL,CV
93,LH_DefaultB_PFCv_3,DefaultB,left,0.9553571428571428,224,Full Connectivity,MULTINOMIAL,CV
94,LH_DefaultB_PFCv_4,DefaultB,left,0.9598214285714286,224,Full Connectivity,MULTINOMIAL,CV
95,LH_DefaultC_IPL_1,DefaultC,left,0.9553571428571428,224,Full Connectivity,MULTINOMIAL,CV
96,LH_DefaultC_Rsp_1,DefaultC,left,0.9910714285714286,224,Full Connectivity,MULTINOMIAL,CV
97,LH_DefaultC_PHC_1,DefaultC,left,0.9508928571428572,224,Full Connectivity,MULTINOMIAL,CV
98,LH_TempPar_1,TempPar,left,0.8973214285714286,224,Full Connectivity,MULTINOMIAL,CV
99,LH_TempPar_2,TempPar,left,0.8482142857142857,224,Full Connectivity,MULTINOMIAL,CV
100,RH_VisCent_ExStr_1,VisCent,right,0.9821428571428572,224,Full Connectivity,MULTINOMIAL,CV
101,RH_VisCent_ExStr_2,VisCent,right,0.9285714285714286,224,Full Connectivity,MULTINOMIAL,CV
102,RH_VisCent_Striate_1,VisCent,right,0.9910714285714286,224,Full Connectivity,MULTINOMIAL,CV
103,RH_VisCent_ExStr_3,VisCent,right,0.9330357142857144,224,Full Connectivity,MULTINOMIAL,CV
104,RH_VisCent_ExStr_4,VisCent,right,0.9732142857142856,224,Full Connectivity,MULTINOMIAL,CV
105,RH_VisCent_ExStr_5,VisCent,right,0.9866071428571428,224,Full Connectivity,MULTINOMIAL,CV
106,RH_VisPeri_ExStrInf_1,VisPeri,right,0.9866071428571428,224,Full Connectivity,MULTINOMIAL,CV
107,RH_VisPeri_ExStrInf_2,VisPeri,right,0.96875,224,Full Connectivity,MULTINOMIAL,CV
108,RH_VisPeri_StriCal_1,VisPeri,right,0.9955357142857144,224,Full Connectivity,MULTINOMIAL,CV
109,RH_VisPeri_ExStrSup_1,VisPeri,right,0.96875,224,Full Connectivity,MULTINOMIAL,CV
110,RH_VisPeri_ExStrSup_2,VisPeri,right,0.9866071428571428,224,Full Connectivity,MULTINOMIAL,CV
111,RH_VisPeri_ExStrSup_3,VisPeri,right,0.96875,224,Full Connectivity,MULTINOMIAL,CV
112,RH_SomMotA_1,SomMotA,right,0.9508928571428572,224,Full Connectivity,MULTINOMIAL,CV
113,RH_SomMotA_2,SomMotA,right,0.9598214285714286,224,Full Connectivity,MULTINOMIAL,CV
114,RH_SomMotA_3,SomMotA,right,0.9285714285714286,224,Full Connectivity,MULTINOMIAL,CV
115,RH_SomMotA_4,SomMotA,right,0.9598214285714286,224,Full Connectivity,MULTINOMIAL,CV
116,RH_SomMotA_5,SomMotA,right,0.9330357142857144,224,Full Connectivity,MULTINOMIAL,CV
117,RH_SomMotA_6,SomMotA,right,0.9642857142857144,224,Full Connectivity,MULTINOMIAL,CV
118,RH_SomMotA_7,SomMotA,right,0.9553571428571428,224,Full Connectivity,MULTINOMIAL,CV
119,RH_SomMotA_8,SomMotA,right,0.9419642857142856,224,Full Connectivity,MULTINOMIAL,CV
120,RH_SomMotA_9,SomMotA,right,0.9508928571428572,224,Full Connectivity,MULTINOMIAL,CV
121,RH_SomMotA_10,SomMotA,right,0.9732142857142856,224,Full Connectivity,MULTINOMIAL,CV
122,RH_SomMotA_11,SomMotA,right,0.96875,224,Full Connectivity,MULTINOMIAL,CV
123,RH_SomMotB_Aud_1,SomMotB,right,0.9464285714285714,224,Full Connectivity,MULTINOMIAL,CV
124,RH_SomMotB_Aud_2,SomMotB,right,0.9330357142857144,224,Full Connectivity,MULTINOMIAL,CV
125,RH_SomMotB_S2_1,SomMotB,right,0.9330357142857144,224,Full Connectivity,MULTINOMIAL,CV
126,RH_SomMotB_S2_2,SomMotB,right,0.9508928571428572,224,Full Connectivity,MULTINOMIAL,CV
127,RH_SomMotB_S2_3,SomMotB,right,0.96875,224,Full Connectivity,MULTINOMIAL,CV
128,RH_SomMotB_S2_4,SomMotB,right,0.9642857142857144,224,Full Connectivity,MULTINOMIAL,CV
129,RH_SomMotB_Cent_1,SomMotB,right,0.9821428571428572,224,Full Connectivity,MULTINOMIAL,CV
130,RH_DorsAttnA_TempOcc_1,DorsAttnA,right,0.9419642857142856,224,Full Connectivity,MULTINOMIAL,CV
131,RH_DorsAttnA_ParOcc_1,DorsAttnA,right,0.8794642857142857,224,Full Connectivity,MULTINOMIAL,CV
132,RH_DorsAttnA_SPL_1,DorsAttnA,right,0.9508928571428572,224,Full Connectivity,MULTINOMIAL,CV
133,RH_DorsAttnA_SPL_2,DorsAttnA,right,0.9598214285714286,224,Full Connectivity,MULTINOMIAL,CV
134,RH_DorsAttnA_SPL_3,DorsAttnA,right,0.9553571428571428,224,Full Connectivity,MULTINOMIAL,CV
135,RH_DorsAttnA_SPL_4,DorsAttnA,right,0.9598214285714286,224,Full Connectivity,MULTINOMIAL,CV
136,RH_DorsAttnB_PostC_1,DorsAttnB,right,0.9508928571428572,224,Full Connectivity,MULTINOMIAL,CV
137,RH_DorsAttnB_PostC_2,DorsAttnB,right,0.9196428571428572,224,Full Connectivity,MULTINOMIAL,CV
138,RH_DorsAttnB_PostC_3,DorsAttnB,right,0.9732142857142856,224,Full Connectivity,MULTINOMIAL,CV
139,RH_DorsAttnB_PostC_4,DorsAttnB,right,0.9732142857142856,224,Full Connectivity,MULTINOMIAL,CV
140,RH_DorsAttnB_FEF_1,DorsAttnB,right,0.9151785714285714,224,Full Connectivity,MULTINOMIAL,CV
141,RH_SalVentAttnA_ParOper_1,SalVentAttnA,right,0.9821428571428572,224,Full Connectivity,MULTINOMIAL,CV
142,RH_SalVentAttnA_PrC_1,SalVentAttnA,right,0.8303571428571429,224,Full Connectivity,MULTINOMIAL,CV
143,RH_SalVentAttnA_Ins_1,SalVentAttnA,right,0.8348214285714286,224,Full Connectivity,MULTINOMIAL,CV
144,RH_SalVentAttnA_Ins_2,SalVentAttnA,right,0.90625,224,Full Connectivity,MULTINOMIAL,CV
145,RH_SalVentAttnA_FrOper_1,SalVentAttnA,right,0.9821428571428572,224,Full Connectivity,MULTINOMIAL,CV
146,RH_SalVentAttnA_FrMed_1,SalVentAttnA,right,0.96875,224,Full Connectivity,MULTINOMIAL,CV
147,RH_SalVentAttnA_ParMed_1,SalVentAttnA,right,0.8571428571428571,224,Full Connectivity,MULTINOMIAL,CV
148,RH_SalVentAttnA_ParMed_2,SalVentAttnA,right,0.9419642857142856,224,Full Connectivity,MULTINOMIAL,CV
149,RH_SalVentAttnA_FrMed_2,SalVentAttnA,right,0.9330357142857144,224,Full Connectivity,MULTINOMIAL,CV
150,RH_SalVentAttnB_IPL_1,SalVentAttnB,right,0.9107142857142856,224,Full Connectivity,MULTINOMIAL,CV
151,RH_SalVentAttnB_PFClv_1,SalVentAttnB,right,0.9330357142857144,224,Full Connectivity,MULTINOMIAL,CV
152,RH_SalVentAttnB_PFCl_1,SalVentAttnB,right,0.9464285714285714,224,Full Connectivity,MULTINOMIAL,CV
153,RH_SalVentAttnB_Ins_1,SalVentAttnB,right,0.8794642857142857,224,Full Connectivity,MULTINOMIAL,CV
154,RH_SalVentAttnB_Ins_2,SalVentAttnB,right,0.9553571428571428,224,Full Connectivity,MULTINOMIAL,CV
155,RH_SalVentAttnB_PFCmp_1,SalVentAttnB,right,0.9419642857142856,224,Full Connectivity,MULTINOMIAL,CV
156,RH_LimbicB_OFC_1,LimbicB,right,0.9017857142857144,224,Full Connectivity,MULTINOMIAL,CV
157,RH_LimbicB_OFC_2,LimbicB,right,0.9196428571428572,224,Full Connectivity,MULTINOMIAL,CV
158,RH_LimbicB_OFC_3,LimbicB,right,0.9776785714285714,224,Full Connectivity,MULTINOMIAL,CV
159,RH_LimbicB_OFC_4,LimbicB,right,0.9107142857142856,224,Full Connectivity,MULTINOMIAL,CV
160,RH_LimbicA_TempPole_1,LimbicA,right,0.8526785714285714,224,Full Connectivity,MULTINOMIAL,CV
161,RH_LimbicA_TempPole_2,LimbicA,right,0.8214285714285714,224,Full Connectivity,MULTINOMIAL,CV
162,RH_LimbicA_TempPole_3,LimbicA,right,0.7901785714285714,224,Full Connectivity,MULTINOMIAL,CV
163,RH_LimbicA_TempPole_4,LimbicA,right,0.90625,224,Full Connectivity,MULTINOMIAL,CV
164,RH_ContA_IPS_1,ContA,right,0.9642857142857144,224,Full Connectivity,MULTINOMIAL,CV
165,RH_ContA_IPS_2,ContA,right,0.9732142857142856,224,Full Connectivity,MULTINOMIAL,CV
166,RH_ContA_PFCd_1,ContA,right,0.9151785714285714,224,Full Connectivity,MULTINOMIAL,CV
167,RH_ContA_PFCl_1,ContA,right,0.9375,224,Full Connectivity,MULTINOMIAL,CV
168,RH_ContA_PFCl_2,ContA,right,0.9330357142857144,224,Full Connectivity,MULTINOMIAL,CV
169,RH_ContA_Cingm_1,ContA,right,0.9375,224,Full Connectivity,MULTINOMIAL,CV
170,RH_ContB_Temp_1,ContB,right,0.9508928571428572,224,Full Connectivity,MULTINOMIAL,CV
171,RH_ContB_Temp_2,ContB,right,0.9196428571428572,224,Full Connectivity,MULTINOMIAL,CV
172,RH_ContB_IPL_1,ContB,right,0.9553571428571428,224,Full Connectivity,MULTINOMIAL,CV
173,RH_ContB_IPL_2,ContB,right,0.9508928571428572,224,Full Connectivity,MULTINOMIAL,CV
174,RH_ContB_PFCld_1,ContB,right,0.9107142857142856,224,Full Connectivity,MULTINOMIAL,CV
175,RH_ContB_PFCld_2,ContB,right,0.9419642857142856,224,Full Connectivity,MULTINOMIAL,CV
176,RH_ContB_PFClv_1,ContB,right,0.9330357142857144,224,Full Connectivity,MULTINOMIAL,CV
177,RH_ContB_PFClv_2,ContB,right,0.9196428571428572,224,Full Connectivity,MULTINOMIAL,CV
178,RH_ContB_PFCmp_1,ContB,right,0.9553571428571428,224,Full Connectivity,MULTINOMIAL,CV
179,RH_ContB_PFCld_3,ContB,right,0.9598214285714286,224,Full Connectivity,MULTINOMIAL,CV
180,RH_ContC_pCun_1,ContC,right,0.9910714285714286,224,Full Connectivity,MULTINOMIAL,CV
181,RH_ContC_pCun_2,ContC,right,0.9821428571428572,224,Full Connectivity,MULTINOMIAL,CV
182,RH_ContC_Cingp_1,ContC,right,0.9866071428571428,224,Full Connectivity,MULTINOMIAL,CV
183,RH_DefaultA_IPL_1,DefaultA,right,0.9241071428571428,224,Full Connectivity,MULTINOMIAL,CV
184,RH_DefaultA_PFCd_1,DefaultA,right,0.8928571428571429,224,Full Connectivity,MULTINOMIAL,CV
185,RH_DefaultA_pCunPCC_1,DefaultA,right,1.0,224,Full Connectivity,MULTINOMIAL,CV
186,RH_DefaultA_PFCm_1,DefaultA,right,0.9866071428571428,224,Full Connectivity,MULTINOMIAL,CV
187,RH_DefaultA_PFCm_2,DefaultA,right,0.65625,224,Full Connectivity,MULTINOMIAL,CV
188,RH_DefaultA_PFCm_3,DefaultA,right,0.9732142857142856,224,Full Connectivity,MULTINOMIAL,CV
189,RH_DefaultB_Temp_1,DefaultB,right,0.9508928571428572,224,Full Connectivity,MULTINOMIAL,CV
190,RH_DefaultB_AntTemp_1,DefaultB,right,0.9375,224,Full Connectivity,MULTINOMIAL,CV
191,RH_DefaultB_PFCd_1,DefaultB,right,0.9196428571428572,224,Full Connectivity,MULTINOMIAL,CV
192,RH_DefaultB_PFCv_1,DefaultB,right,0.96875,224,Full Connectivity,MULTINOMIAL,CV
193,RH_DefaultC_IPL_1,DefaultC,right,0.9330357142857144,224,Full Connectivity,MULTINOMIAL,CV
194,RH_DefaultC_Rsp_1,DefaultC,right,0.9955357142857144,224,Full Connectivity,MULTINOMIAL,CV
195,RH_DefaultC_PHC_1,DefaultC,right,0.9464285714285714,224,Full Connectivity,MULTINOMIAL,CV
196,RH_TempPar_1,TempPar,right,0.9151785714285714,224,Full Connectivity,MULTINOMIAL,CV
197,RH_TempPar_2,TempPar,right,0.8928571428571429,224,Full Connectivity,MULTINOMIAL,CV
198,RH_TempPar_3,TempPar,right,0.8928571428571429,224,Full Connectivity,MULTINOMIAL,CV
199,RH_TempPar_4,TempPar,right,0.9107142857142856,224,Full Connectivity,MULTINOMIAL,CV
200,aHIP-rh,Hippocampus_ant,right,0.9285714285714286,224,Full Connectivity,MULTINOMIAL,CV
201,pHIP-rh,Hippocampus_post,right,0.8348214285714286,224,Full Connectivity,MULTINOMIAL,CV
202,lAMY-rh,Amygdala_lat,right,0.7767857142857143,224,Full Connectivity,MULTINOMIAL,CV
203,mAMY-rh,Amygdala_med,right,0.8571428571428571,224,Full Connectivity,MULTINOMIAL,CV
204,THA-DP-rh,Thalamus_DP,right,0.78125,224,Full Connectivity,MULTINOMIAL,CV
205,THA-VP-rh,Thalamus_VP,right,0.8482142857142857,224,Full Connectivity,MULTINOMIAL,CV
206,THA-VA-rh,Thalamus_VA,right,0.9285714285714286,224,Full Connectivity,MULTINOMIAL,CV
207,THA-DA-rh,Thalamus_DA,right,0.8883928571428571,224,Full Connectivity,MULTINOMIAL,CV
208,NAc-shell-rh,Accumbens_shell,right,0.8080357142857143,224,Full Connectivity,MULTINOMIAL,CV
209,NAc-core-rh,Accumbens_core,right,0.8794642857142857,224,Full Connectivity,MULTINOMIAL,CV
210,pGP-rh,Pallidum_post,right,0.4598214285714285,224,Full Connectivity,MULTINOMIAL,CV
211,aGP-rh,Pallidum_ant,right,0.5178571428571429,224,Full Connectivity,MULTINOMIAL,CV
212,aPUT-rh,Putamen_ant,right,0.96875,224,Full Connectivity,MULTINOMIAL,CV
213,pPUT-rh,Putamen_post,right,0.9196428571428572,224,Full Connectivity,MULTINOMIAL,CV
214,aCAU-rh,Caudate_ant,right,0.9598214285714286,224,Full Connectivity,MULTINOMIAL,CV
215,pCAU-rh,Caudate_post,right,0.9375,224,Full Connectivity,MULTINOMIAL,CV
216,aHIP-lh,Hippocampus_ant,left,0.9107142857142856,224,Full Connectivity,MULTINOMIAL,CV
217,pHIP-lh,Hippocampus_post,left,0.8125,224,Full Connectivity,MULTINOMIAL,CV
218,lAMY-lh,Amygdala_lat,left,0.7723214285714286,224,Full Connectivity,MULTINOMIAL,CV
219,mAMY-lh,Amygdala_med,left,0.8616071428571429,224,Full Connectivity,MULTINOMIAL,CV
220,THA-DP-lh,Thalamus_DP,left,0.7410714285714286,224,Full Connectivity,MULTINOMIAL,CV
221,THA-VP-lh,Thalamus_VP,left,0.8125,224,Full Connectivity,MULTINOMIAL,CV
222,THA-VA-lh,Thalamus_VA,left,0.9241071428571428,224,Full Connectivity,MULTINOMIAL,CV
223,THA-DA-lh,Thalamus_DA,left,0.9017857142857144,224,Full Connectivity,MULTINOMIAL,CV
224,NAc-shell-lh,Accumbens_shell,left,0.875,224,Full Connectivity,MULTINOMIAL,CV
225,NAc-core-lh,Accumbens_core,left,0.8883928571428571,224,Full Connectivity,MULTINOMIAL,CV
226,pGP-lh,Pallidum_post,left,0.5267857142857143,224,Full Connectivity,MULTINOMIAL,CV
227,aGP-lh,Pallidum_ant,left,0.5089285714285714,224,Full Connectivity,MULTINOMIAL,CV
228,aPUT-lh,Putamen_ant,left,0.9508928571428572,224,Full Connectivity,MULTINOMIAL,CV
229,pPUT-lh,Putamen_post,left,0.9241071428571428,224,Full Connectivity,MULTINOMIAL,CV
230,aCAU-lh,Caudate_ant,left,0.9508928571428572,224,Full Connectivity,MULTINOMIAL,CV
231,pCAU-lh,Caudate_post,left,0.9241071428571428,224,Full Connectivity,MULTINOMIAL,CV
0,LH_VisCent_ExStr_2,VisCent,left,0.8839285714285714,224,Full Connectivity,OVO,CV
1,LH_VisCent_ExStr_1,VisCent,left,0.9642857142857144,224,Full Connectivity,OVO,CV
2,LH_VisCent_Striate_1,VisCent,left,0.9598214285714286,224,Full Connectivity,OVO,CV
3,LH_VisCent_ExStr_3,VisCent,left,0.9330357142857144,224,Full Connectivity,OVO,CV
4,LH_VisCent_ExStr_4,VisCent,left,0.9464285714285714,224,Full Connectivity,OVO,CV
5,LH_VisCent_ExStr_5,VisCent,left,0.9642857142857144,224,Full Connectivity,OVO,CV
6,LH_VisPeri_ExStrInf_1,VisPeri,left,0.90625,224,Full Connectivity,OVO,CV
7,LH_VisPeri_ExStrInf_2,VisPeri,left,0.9241071428571428,224,Full Connectivity,OVO,CV
8,LH_VisPeri_ExStrInf_3,VisPeri,left,0.8169642857142857,224,Full Connectivity,OVO,CV
9,LH_VisPeri_StriCal_1,VisPeri,left,0.9866071428571428,224,Full Connectivity,OVO,CV
10,LH_VisPeri_ExStrSup_1,VisPeri,left,0.9196428571428572,224,Full Connectivity,OVO,CV
11,LH_VisPeri_ExStrSup_2,VisPeri,left,0.9732142857142856,224,Full Connectivity,OVO,CV
12,LH_SomMotA_1,SomMotA,left,0.8928571428571429,224,Full Connectivity,OVO,CV
13,LH_SomMotA_2,SomMotA,left,0.9107142857142856,224,Full Connectivity,OVO,CV
14,LH_SomMotA_3,SomMotA,left,0.90625,224,Full Connectivity,OVO,CV
15,LH_SomMotA_4,SomMotA,left,0.9285714285714286,224,Full Connectivity,OVO,CV
16,LH_SomMotA_5,SomMotA,left,0.9330357142857144,224,Full Connectivity,OVO,CV
17,LH_SomMotA_6,SomMotA,left,0.90625,224,Full Connectivity,OVO,CV
18,LH_SomMotA_7,SomMotA,left,0.9598214285714286,224,Full Connectivity,OVO,CV
19,LH_SomMotA_8,SomMotA,left,0.9196428571428572,224,Full Connectivity,OVO,CV
20,LH_SomMotB_Aud_1,SomMotB,left,0.8928571428571429,224,Full Connectivity,OVO,CV
21,LH_SomMotB_Aud_2,SomMotB,left,0.9419642857142856,224,Full Connectivity,OVO,CV
22,LH_SomMotB_S2_1,SomMotB,left,0.8526785714285714,224,Full Connectivity,OVO,CV
23,LH_SomMotB_S2_2,SomMotB,left,0.9419642857142856,224,Full Connectivity,OVO,CV
24,LH_SomMotB_Aud_3,SomMotB,left,0.8526785714285714,224,Full Connectivity,OVO,CV
25,LH_SomMotB_S2_3,SomMotB,left,0.9285714285714286,224,Full Connectivity,OVO,CV
26,LH_SomMotB_Cent_1,SomMotB,left,0.9464285714285714,224,Full Connectivity,OVO,CV
27,LH_SomMotB_Cent_2,SomMotB,left,0.8705357142857143,224,Full Connectivity,OVO,CV
28,LH_DorsAttnA_TempOcc_1,DorsAttnA,left,0.9107142857142856,224,Full Connectivity,OVO,CV
29,LH_DorsAttnA_TempOcc_2,DorsAttnA,left,0.9196428571428572,224,Full Connectivity,OVO,CV
30,LH_DorsAttnA_ParOcc_1,DorsAttnA,left,0.8482142857142857,224,Full Connectivity,OVO,CV
31,LH_DorsAttnA_SPL_1,DorsAttnA,left,0.8794642857142857,224,Full Connectivity,OVO,CV
32,LH_DorsAttnA_SPL_2,DorsAttnA,left,0.9241071428571428,224,Full Connectivity,OVO,CV
33,LH_DorsAttnA_SPL_3,DorsAttnA,left,0.8526785714285714,224,Full Connectivity,OVO,CV
34,LH_DorsAttnB_PostC_1,DorsAttnB,left,0.9196428571428572,224,Full Connectivity,OVO,CV
35,LH_DorsAttnB_PostC_2,DorsAttnB,left,0.9107142857142856,224,Full Connectivity,OVO,CV
36,LH_DorsAttnB_PostC_3,DorsAttnB,left,0.8794642857142857,224,Full Connectivity,OVO,CV
37,LH_DorsAttnB_PostC_4,DorsAttnB,left,0.8973214285714286,224,Full Connectivity,OVO,CV
38,LH_DorsAttnB_FEF_1,DorsAttnB,left,0.8258928571428571,224,Full Connectivity,OVO,CV
39,LH_SalVentAttnA_ParOper_1,SalVentAttnA,left,0.9151785714285714,224,Full Connectivity,OVO,CV
40,LH_SalVentAttnA_Ins_1,SalVentAttnA,left,0.8258928571428571,224,Full Connectivity,OVO,CV
41,LH_SalVentAttnA_FrOper_1,SalVentAttnA,left,0.8482142857142857,224,Full Connectivity,OVO,CV
42,LH_SalVentAttnA_FrOper_2,SalVentAttnA,left,0.8616071428571429,224,Full Connectivity,OVO,CV
43,LH_SalVentAttnA_ParMed_1,SalVentAttnA,left,0.875,224,Full Connectivity,OVO,CV
44,LH_SalVentAttnA_FrMed_1,SalVentAttnA,left,0.9151785714285714,224,Full Connectivity,OVO,CV
45,LH_SalVentAttnA_FrMed_2,SalVentAttnA,left,0.8928571428571429,224,Full Connectivity,OVO,CV
46,LH_SalVentAttnB_IPL_1,SalVentAttnB,left,0.8392857142857143,224,Full Connectivity,OVO,CV
47,LH_SalVentAttnB_PFCl_1,SalVentAttnB,left,0.875,224,Full Connectivity,OVO,CV
48,LH_SalVentAttnB_Ins_1,SalVentAttnB,left,0.8928571428571429,224,Full Connectivity,OVO,CV
49,LH_SalVentAttnB_PFCmp_1,SalVentAttnB,left,0.9017857142857144,224,Full Connectivity,OVO,CV
50,LH_LimbicB_OFC_1,LimbicB,left,0.75,224,Full Connectivity,OVO,CV
51,LH_LimbicB_OFC_2,LimbicB,left,0.8705357142857143,224,Full Connectivity,OVO,CV
52,LH_LimbicA_TempPole_1,LimbicA,left,0.8169642857142857,224,Full Connectivity,OVO,CV
53,LH_LimbicA_TempPole_2,LimbicA,left,0.7455357142857143,224,Full Connectivity,OVO,CV
54,LH_LimbicA_TempPole_3,LimbicA,left,0.7321428571428571,224,Full Connectivity,OVO,CV
55,LH_LimbicA_TempPole_4,LimbicA,left,0.5982142857142857,224,Full Connectivity,OVO,CV
56,LH_ContA_Temp_1,ContA,left,0.8214285714285714,224,Full Connectivity,OVO,CV
57,LH_ContA_IPS_1,ContA,left,0.9285714285714286,224,Full Connectivity,OVO,CV
58,LH_ContA_IPS_2,ContA,left,0.8928571428571429,224,Full Connectivity,OVO,CV
59,LH_ContA_IPS_3,ContA,left,0.875,224,Full Connectivity,OVO,CV
60,LH_ContA_PFCd_1,ContA,left,0.8660714285714286,224,Full Connectivity,OVO,CV
61,LH_ContA_PFClv_1,ContA,left,0.8883928571428571,224,Full Connectivity,OVO,CV
62,LH_ContA_PFCl_1,ContA,left,0.9285714285714286,224,Full Connectivity,OVO,CV
63,LH_ContA_PFCl_2,ContA,left,0.8526785714285714,224,Full Connectivity,OVO,CV
64,LH_ContA_PFCl_3,ContA,left,0.7946428571428571,224,Full Connectivity,OVO,CV
65,LH_ContA_Cingm_1,ContA,left,0.8526785714285714,224,Full Connectivity,OVO,CV
66,LH_ContB_Temp_1,ContB,left,0.8794642857142857,224,Full Connectivity,OVO,CV
67,LH_ContB_IPL_1,ContB,left,0.8928571428571429,224,Full Connectivity,OVO,CV
68,LH_ContB_PFCl_1,ContB,left,0.8839285714285714,224,Full Connectivity,OVO,CV
69,LH_ContB_PFClv_1,ContB,left,0.8571428571428571,224,Full Connectivity,OVO,CV
70,LH_ContB_PFClv_2,ContB,left,0.8303571428571429,224,Full Connectivity,OVO,CV
71,LH_ContC_pCun_1,ContC,left,0.9598214285714286,224,Full Connectivity,OVO,CV
72,LH_ContC_pCun_2,ContC,left,0.9151785714285714,224,Full Connectivity,OVO,CV
73,LH_ContC_Cingp_1,ContC,left,0.9508928571428572,224,Full Connectivity,OVO,CV
74,LH_DefaultA_IPL_1,DefaultA,left,0.8973214285714286,224,Full Connectivity,OVO,CV
75,LH_DefaultA_PFCd_1,DefaultA,left,0.8883928571428571,224,Full Connectivity,OVO,CV
76,LH_DefaultA_pCunPCC_1,DefaultA,left,0.9375,224,Full Connectivity,OVO,CV
77,LH_DefaultA_pCunPCC_2,DefaultA,left,0.9017857142857144,224,Full Connectivity,OVO,CV
78,LH_DefaultA_pCunPCC_3,DefaultA,left,0.9285714285714286,224,Full Connectivity,OVO,CV
79,LH_DefaultA_PFCm_1,DefaultA,left,0.8839285714285714,224,Full Connectivity,OVO,CV
80,LH_DefaultA_PFCm_2,DefaultA,left,0.8883928571428571,224,Full Connectivity,OVO,CV
81,LH_DefaultA_PFCm_3,DefaultA,left,0.9196428571428572,224,Full Connectivity,OVO,CV
82,LH_DefaultB_Temp_1,DefaultB,left,0.90625,224,Full Connectivity,OVO,CV
83,LH_DefaultB_Temp_2,DefaultB,left,0.8080357142857143,224,Full Connectivity,OVO,CV
84,LH_DefaultB_Temp_3,DefaultB,left,0.8928571428571429,224,Full Connectivity,OVO,CV
85,LH_DefaultB_Temp_4,DefaultB,left,0.9017857142857144,224,Full Connectivity,OVO,CV
86,LH_DefaultB_IPL_1,DefaultB,left,0.7946428571428571,224,Full Connectivity,OVO,CV
87,LH_DefaultB_PFCd_1,DefaultB,left,0.9375,224,Full Connectivity,OVO,CV
88,LH_DefaultB_PFCd_2,DefaultB,left,0.9017857142857144,224,Full Connectivity,OVO,CV
89,LH_DefaultB_PFCd_3,DefaultB,left,0.8883928571428571,224,Full Connectivity,OVO,CV
90,LH_DefaultB_PFCd_4,DefaultB,left,0.8705357142857143,224,Full Connectivity,OVO,CV
91,LH_DefaultB_PFCv_1,DefaultB,left,0.875,224,Full Connectivity,OVO,CV
92,LH_DefaultB_PFCv_2,DefaultB,left,0.7410714285714286,224,Full Connectivity,OVO,CV
93,LH_DefaultB_PFCv_3,DefaultB,left,0.8883928571428571,224,Full Connectivity,OVO,CV
94,LH_DefaultB_PFCv_4,DefaultB,left,0.9107142857142856,224,Full Connectivity,OVO,CV
95,LH_DefaultC_IPL_1,DefaultC,left,0.90625,224,Full Connectivity,OVO,CV
96,LH_DefaultC_Rsp_1,DefaultC,left,0.9598214285714286,224,Full Connectivity,OVO,CV
97,LH_DefaultC_PHC_1,DefaultC,left,0.8973214285714286,224,Full Connectivity,OVO,CV
98,LH_TempPar_1,TempPar,left,0.8258928571428571,224,Full Connectivity,OVO,CV
99,LH_TempPar_2,TempPar,left,0.7857142857142857,224,Full Connectivity,OVO,CV
100,RH_VisCent_ExStr_1,VisCent,right,0.9464285714285714,224,Full Connectivity,OVO,CV
101,RH_VisCent_ExStr_2,VisCent,right,0.9107142857142856,224,Full Connectivity,OVO,CV
102,RH_VisCent_Striate_1,VisCent,right,0.9508928571428572,224,Full Connectivity,OVO,CV
103,RH_VisCent_ExStr_3,VisCent,right,0.8883928571428571,224,Full Connectivity,OVO,CV
104,RH_VisCent_ExStr_4,VisCent,right,0.9553571428571428,224,Full Connectivity,OVO,CV
105,RH_VisCent_ExStr_5,VisCent,right,0.9598214285714286,224,Full Connectivity,OVO,CV
106,RH_VisPeri_ExStrInf_1,VisPeri,right,0.96875,224,Full Connectivity,OVO,CV
107,RH_VisPeri_ExStrInf_2,VisPeri,right,0.9464285714285714,224,Full Connectivity,OVO,CV
108,RH_VisPeri_StriCal_1,VisPeri,right,0.9642857142857144,224,Full Connectivity,OVO,CV
109,RH_VisPeri_ExStrSup_1,VisPeri,right,0.9419642857142856,224,Full Connectivity,OVO,CV
110,RH_VisPeri_ExStrSup_2,VisPeri,right,0.96875,224,Full Connectivity,OVO,CV
111,RH_VisPeri_ExStrSup_3,VisPeri,right,0.9375,224,Full Connectivity,OVO,CV
112,RH_SomMotA_1,SomMotA,right,0.9196428571428572,224,Full Connectivity,OVO,CV
113,RH_SomMotA_2,SomMotA,right,0.9017857142857144,224,Full Connectivity,OVO,CV
114,RH_SomMotA_3,SomMotA,right,0.8973214285714286,224,Full Connectivity,OVO,CV
115,RH_SomMotA_4,SomMotA,right,0.8794642857142857,224,Full Connectivity,OVO,CV
116,RH_SomMotA_5,SomMotA,right,0.8526785714285714,224,Full Connectivity,OVO,CV
117,RH_SomMotA_6,SomMotA,right,0.9107142857142856,224,Full Connectivity,OVO,CV
118,RH_SomMotA_7,SomMotA,right,0.8794642857142857,224,Full Connectivity,OVO,CV
119,RH_SomMotA_8,SomMotA,right,0.8660714285714286,224,Full Connectivity,OVO,CV
120,RH_SomMotA_9,SomMotA,right,0.9107142857142856,224,Full Connectivity,OVO,CV
121,RH_SomMotA_10,SomMotA,right,0.9285714285714286,224,Full Connectivity,OVO,CV
122,RH_SomMotA_11,SomMotA,right,0.9241071428571428,224,Full Connectivity,OVO,CV
123,RH_SomMotB_Aud_1,SomMotB,right,0.9241071428571428,224,Full Connectivity,OVO,CV
124,RH_SomMotB_Aud_2,SomMotB,right,0.8705357142857143,224,Full Connectivity,OVO,CV
125,RH_SomMotB_S2_1,SomMotB,right,0.8705357142857143,224,Full Connectivity,OVO,CV
126,RH_SomMotB_S2_2,SomMotB,right,0.8883928571428571,224,Full Connectivity,OVO,CV
127,RH_SomMotB_S2_3,SomMotB,right,0.9241071428571428,224,Full Connectivity,OVO,CV
128,RH_SomMotB_S2_4,SomMotB,right,0.9196428571428572,224,Full Connectivity,OVO,CV
129,RH_SomMotB_Cent_1,SomMotB,right,0.9598214285714286,224,Full Connectivity,OVO,CV
130,RH_DorsAttnA_TempOcc_1,DorsAttnA,right,0.9107142857142856,224,Full Connectivity,OVO,CV
131,RH_DorsAttnA_ParOcc_1,DorsAttnA,right,0.8080357142857143,224,Full Connectivity,OVO,CV
132,RH_DorsAttnA_SPL_1,DorsAttnA,right,0.9151785714285714,224,Full Connectivity,OVO,CV
133,RH_DorsAttnA_SPL_2,DorsAttnA,right,0.90625,224,Full Connectivity,OVO,CV
134,RH_DorsAttnA_SPL_3,DorsAttnA,right,0.8705357142857143,224,Full Connectivity,OVO,CV
135,RH_DorsAttnA_SPL_4,DorsAttnA,right,0.8883928571428571,224,Full Connectivity,OVO,CV
136,RH_DorsAttnB_PostC_1,DorsAttnB,right,0.8839285714285714,224,Full Connectivity,OVO,CV
137,RH_DorsAttnB_PostC_2,DorsAttnB,right,0.8526785714285714,224,Full Connectivity,OVO,CV
138,RH_DorsAttnB_PostC_3,DorsAttnB,right,0.9375,224,Full Connectivity,OVO,CV
139,RH_DorsAttnB_PostC_4,DorsAttnB,right,0.9330357142857144,224,Full Connectivity,OVO,CV
140,RH_DorsAttnB_FEF_1,DorsAttnB,right,0.8303571428571429,224,Full Connectivity,OVO,CV
141,RH_SalVentAttnA_ParOper_1,SalVentAttnA,right,0.9285714285714286,224,Full Connectivity,OVO,CV
142,RH_SalVentAttnA_PrC_1,SalVentAttnA,right,0.7857142857142857,224,Full Connectivity,OVO,CV
143,RH_SalVentAttnA_Ins_1,SalVentAttnA,right,0.7321428571428571,224,Full Connectivity,OVO,CV
144,RH_SalVentAttnA_Ins_2,SalVentAttnA,right,0.875,224,Full Connectivity,OVO,CV
145,RH_SalVentAttnA_FrOper_1,SalVentAttnA,right,0.9330357142857144,224,Full Connectivity,OVO,CV
146,RH_SalVentAttnA_FrMed_1,SalVentAttnA,right,0.90625,224,Full Connectivity,OVO,CV
147,RH_SalVentAttnA_ParMed_1,SalVentAttnA,right,0.7678571428571429,224,Full Connectivity,OVO,CV
148,RH_SalVentAttnA_ParMed_2,SalVentAttnA,right,0.8794642857142857,224,Full Connectivity,OVO,CV
149,RH_SalVentAttnA_FrMed_2,SalVentAttnA,right,0.8571428571428571,224,Full Connectivity,OVO,CV
150,RH_SalVentAttnB_IPL_1,SalVentAttnB,right,0.8794642857142857,224,Full Connectivity,OVO,CV
151,RH_SalVentAttnB_PFClv_1,SalVentAttnB,right,0.8794642857142857,224,Full Connectivity,OVO,CV
152,RH_SalVentAttnB_PFCl_1,SalVentAttnB,right,0.8705357142857143,224,Full Connectivity,OVO,CV
153,RH_SalVentAttnB_Ins_1,SalVentAttnB,right,0.7901785714285714,224,Full Connectivity,OVO,CV
154,RH_SalVentAttnB_Ins_2,SalVentAttnB,right,0.8794642857142857,224,Full Connectivity,OVO,CV
155,RH_SalVentAttnB_PFCmp_1,SalVentAttnB,right,0.8794642857142857,224,Full Connectivity,OVO,CV
156,RH_LimbicB_OFC_1,LimbicB,right,0.8392857142857143,224,Full Connectivity,OVO,CV
157,RH_LimbicB_OFC_2,LimbicB,right,0.8303571428571429,224,Full Connectivity,OVO,CV
158,RH_LimbicB_OFC_3,LimbicB,right,0.9241071428571428,224,Full Connectivity,OVO,CV
159,RH_LimbicB_OFC_4,LimbicB,right,0.8214285714285714,224,Full Connectivity,OVO,CV
160,RH_LimbicA_TempPole_1,LimbicA,right,0.7901785714285714,224,Full Connectivity,OVO,CV
161,RH_LimbicA_TempPole_2,LimbicA,right,0.7366071428571429,224,Full Connectivity,OVO,CV
162,RH_LimbicA_TempPole_3,LimbicA,right,0.7098214285714286,224,Full Connectivity,OVO,CV
163,RH_LimbicA_TempPole_4,LimbicA,right,0.8392857142857143,224,Full Connectivity,OVO,CV
164,RH_ContA_IPS_1,ContA,right,0.9508928571428572,224,Full Connectivity,OVO,CV
165,RH_ContA_IPS_2,ContA,right,0.9330357142857144,224,Full Connectivity,OVO,CV
166,RH_ContA_PFCd_1,ContA,right,0.8303571428571429,224,Full Connectivity,OVO,CV
167,RH_ContA_PFCl_1,ContA,right,0.875,224,Full Connectivity,OVO,CV
168,RH_ContA_PFCl_2,ContA,right,0.875,224,Full Connectivity,OVO,CV
169,RH_ContA_Cingm_1,ContA,right,0.8482142857142857,224,Full Connectivity,OVO,CV
170,RH_ContB_Temp_1,ContB,right,0.8616071428571429,224,Full Connectivity,OVO,CV
171,RH_ContB_Temp_2,ContB,right,0.84375,224,Full Connectivity,OVO,CV
172,RH_ContB_IPL_1,ContB,right,0.90625,224,Full Connectivity,OVO,CV
173,RH_ContB_IPL_2,ContB,right,0.8928571428571429,224,Full Connectivity,OVO,CV
174,RH_ContB_PFCld_1,ContB,right,0.8526785714285714,224,Full Connectivity,OVO,CV
175,RH_ContB_PFCld_2,ContB,right,0.875,224,Full Connectivity,OVO,CV
176,RH_ContB_PFClv_1,ContB,right,0.875,224,Full Connectivity,OVO,CV
177,RH_ContB_PFClv_2,ContB,right,0.8571428571428571,224,Full Connectivity,OVO,CV
178,RH_ContB_PFCmp_1,ContB,right,0.8973214285714286,224,Full Connectivity,OVO,CV
179,RH_ContB_PFCld_3,ContB,right,0.8839285714285714,224,Full Connectivity,OVO,CV
180,RH_ContC_pCun_1,ContC,right,0.9642857142857144,224,Full Connectivity,OVO,CV
181,RH_ContC_pCun_2,ContC,right,0.90625,224,Full Connectivity,OVO,CV
182,RH_ContC_Cingp_1,ContC,right,0.9598214285714286,224,Full Connectivity,OVO,CV
183,RH_DefaultA_IPL_1,DefaultA,right,0.8392857142857143,224,Full Connectivity,OVO,CV
184,RH_DefaultA_PFCd_1,DefaultA,right,0.8526785714285714,224,Full Connectivity,OVO,CV
185,RH_DefaultA_pCunPCC_1,DefaultA,right,0.9508928571428572,224,Full Connectivity,OVO,CV
186,RH_DefaultA_PFCm_1,DefaultA,right,0.9196428571428572,224,Full Connectivity,OVO,CV
187,RH_DefaultA_PFCm_2,DefaultA,right,0.6205357142857143,224,Full Connectivity,OVO,CV
188,RH_DefaultA_PFCm_3,DefaultA,right,0.90625,224,Full Connectivity,OVO,CV
189,RH_DefaultB_Temp_1,DefaultB,right,0.8616071428571429,224,Full Connectivity,OVO,CV
190,RH_DefaultB_AntTemp_1,DefaultB,right,0.8705357142857143,224,Full Connectivity,OVO,CV
191,RH_DefaultB_PFCd_1,DefaultB,right,0.8571428571428571,224,Full Connectivity,OVO,CV
192,RH_DefaultB_PFCv_1,DefaultB,right,0.8973214285714286,224,Full Connectivity,OVO,CV
193,RH_DefaultC_IPL_1,DefaultC,right,0.8705357142857143,224,Full Connectivity,OVO,CV
194,RH_DefaultC_Rsp_1,DefaultC,right,0.9776785714285714,224,Full Connectivity,OVO,CV
195,RH_DefaultC_PHC_1,DefaultC,right,0.9196428571428572,224,Full Connectivity,OVO,CV
196,RH_TempPar_1,TempPar,right,0.8660714285714286,224,Full Connectivity,OVO,CV
197,RH_TempPar_2,TempPar,right,0.8303571428571429,224,Full Connectivity,OVO,CV
198,RH_TempPar_3,TempPar,right,0.8660714285714286,224,Full Connectivity,OVO,CV
199,RH_TempPar_4,TempPar,right,0.8258928571428571,224,Full Connectivity,OVO,CV
200,aHIP-rh,Hippocampus_ant,right,0.8883928571428571,224,Full Connectivity,OVO,CV
201,pHIP-rh,Hippocampus_post,right,0.7455357142857143,224,Full Connectivity,OVO,CV
202,lAMY-rh,Amygdala_lat,right,0.7098214285714286,224,Full Connectivity,OVO,CV
203,mAMY-rh,Amygdala_med,right,0.8035714285714286,224,Full Connectivity,OVO,CV
204,THA-DP-rh,Thalamus_DP,right,0.7098214285714286,224,Full Connectivity,OVO,CV
205,THA-VP-rh,Thalamus_VP,right,0.7767857142857143,224,Full Connectivity,OVO,CV
206,THA-VA-rh,Thalamus_VA,right,0.8839285714285714,224,Full Connectivity,OVO,CV
207,THA-DA-rh,Thalamus_DA,right,0.84375,224,Full Connectivity,OVO,CV
208,NAc-shell-rh,Accumbens_shell,right,0.7678571428571429,224,Full Connectivity,OVO,CV
209,NAc-core-rh,Accumbens_core,right,0.8303571428571429,224,Full Connectivity,OVO,CV
210,pGP-rh,Pallidum_post,right,0.4553571428571428,224,Full Connectivity,OVO,CV
211,aGP-rh,Pallidum_ant,right,0.4866071428571428,224,Full Connectivity,OVO,CV
212,aPUT-rh,Putamen_ant,right,0.9375,224,Full Connectivity,OVO,CV
213,pPUT-rh,Putamen_post,right,0.875,224,Full Connectivity,OVO,CV
214,aCAU-rh,Caudate_ant,right,0.9151785714285714,224,Full Connectivity,OVO,CV
215,pCAU-rh,Caudate_post,right,0.8794642857142857,224,Full Connectivity,OVO,CV
216,aHIP-lh,Hippocampus_ant,left,0.8392857142857143,224,Full Connectivity,OVO,CV
217,pHIP-lh,Hippocampus_post,left,0.7723214285714286,224,Full Connectivity,OVO,CV
218,lAMY-lh,Amygdala_lat,left,0.7142857142857143,224,Full Connectivity,OVO,CV
219,mAMY-lh,Amygdala_med,left,0.7544642857142857,224,Full Connectivity,OVO,CV
220,THA-DP-lh,Thalamus_DP,left,0.6875,224,Full Connectivity,OVO,CV
221,THA-VP-lh,Thalamus_VP,left,0.7053571428571429,224,Full Connectivity,OVO,CV
222,THA-VA-lh,Thalamus_VA,left,0.8526785714285714,224,Full Connectivity,OVO,CV
223,THA-DA-lh,Thalamus_DA,left,0.8258928571428571,224,Full Connectivity,OVO,CV
224,NAc-shell-lh,Accumbens_shell,left,0.8214285714285714,224,Full Connectivity,OVO,CV
225,NAc-core-lh,Accumbens_core,left,0.8080357142857143,224,Full Connectivity,OVO,CV
226,pGP-lh,Pallidum_post,left,0.5089285714285714,224,Full Connectivity,OVO,CV
227,aGP-lh,Pallidum_ant,left,0.4196428571428571,224,Full Connectivity,OVO,CV
228,aPUT-lh,Putamen_ant,left,0.9285714285714286,224,Full Connectivity,OVO,CV
229,pPUT-lh,Putamen_post,left,0.8794642857142857,224,Full Connectivity,OVO,CV
230,aCAU-lh,Caudate_ant,left,0.9017857142857144,224,Full Connectivity,OVO,CV
231,pCAU-lh,Caudate_post,left,0.875,224,Full Connectivity,OVO,CV
0,LH_VisCent_ExStr_2,VisCent,left,0.9330357142857144,224,Full Connectivity,OVR,CV
1,LH_VisCent_ExStr_1,VisCent,left,1.0,224,Full Connectivity,OVR,CV
2,LH_VisCent_Striate_1,VisCent,left,0.9955357142857144,224,Full Connectivity,OVR,CV
3,LH_VisCent_ExStr_3,VisCent,left,0.9821428571428572,224,Full Connectivity,OVR,CV
4,LH_VisCent_ExStr_4,VisCent,left,0.9866071428571428,224,Full Connectivity,OVR,CV
5,LH_VisCent_ExStr_5,VisCent,left,0.9955357142857144,224,Full Connectivity,OVR,CV
6,LH_VisPeri_ExStrInf_1,VisPeri,left,0.9732142857142856,224,Full Connectivity,OVR,CV
7,LH_VisPeri_ExStrInf_2,VisPeri,left,0.9642857142857144,224,Full Connectivity,OVR,CV
8,LH_VisPeri_ExStrInf_3,VisPeri,left,0.7901785714285714,224,Full Connectivity,OVR,CV
9,LH_VisPeri_StriCal_1,VisPeri,left,1.0,224,Full Connectivity,OVR,CV
10,LH_VisPeri_ExStrSup_1,VisPeri,left,0.9866071428571428,224,Full Connectivity,OVR,CV
11,LH_VisPeri_ExStrSup_2,VisPeri,left,0.9955357142857144,224,Full Connectivity,OVR,CV
12,LH_SomMotA_1,SomMotA,left,0.9598214285714286,224,Full Connectivity,OVR,CV
13,LH_SomMotA_2,SomMotA,left,0.9464285714285714,224,Full Connectivity,OVR,CV
14,LH_SomMotA_3,SomMotA,left,0.9866071428571428,224,Full Connectivity,OVR,CV
15,LH_SomMotA_4,SomMotA,left,0.96875,224,Full Connectivity,OVR,CV
16,LH_SomMotA_5,SomMotA,left,0.96875,224,Full Connectivity,OVR,CV
17,LH_SomMotA_6,SomMotA,left,0.9776785714285714,224,Full Connectivity,OVR,CV
18,LH_SomMotA_7,SomMotA,left,0.9910714285714286,224,Full Connectivity,OVR,CV
19,LH_SomMotA_8,SomMotA,left,0.9732142857142856,224,Full Connectivity,OVR,CV
20,LH_SomMotB_Aud_1,SomMotB,left,0.9419642857142856,224,Full Connectivity,OVR,CV
21,LH_SomMotB_Aud_2,SomMotB,left,0.9821428571428572,224,Full Connectivity,OVR,CV
22,LH_SomMotB_S2_1,SomMotB,left,0.9017857142857144,224,Full Connectivity,OVR,CV
23,LH_SomMotB_S2_2,SomMotB,left,0.9821428571428572,224,Full Connectivity,OVR,CV
24,LH_SomMotB_Aud_3,SomMotB,left,0.9419642857142856,224,Full Connectivity,OVR,CV
25,LH_SomMotB_S2_3,SomMotB,left,0.9553571428571428,224,Full Connectivity,OVR,CV
26,LH_SomMotB_Cent_1,SomMotB,left,1.0,224,Full Connectivity,OVR,CV
27,LH_SomMotB_Cent_2,SomMotB,left,0.9508928571428572,224,Full Connectivity,OVR,CV
28,LH_DorsAttnA_TempOcc_1,DorsAttnA,left,0.9553571428571428,224,Full Connectivity,OVR,CV
29,LH_DorsAttnA_TempOcc_2,DorsAttnA,left,0.9553571428571428,224,Full Connectivity,OVR,CV
30,LH_DorsAttnA_ParOcc_1,DorsAttnA,left,0.8973214285714286,224,Full Connectivity,OVR,CV
31,LH_DorsAttnA_SPL_1,DorsAttnA,left,0.9776785714285714,224,Full Connectivity,OVR,CV
32,LH_DorsAttnA_SPL_2,DorsAttnA,left,0.9866071428571428,224,Full Connectivity,OVR,CV
33,LH_DorsAttnA_SPL_3,DorsAttnA,left,0.9375,224,Full Connectivity,OVR,CV
34,LH_DorsAttnB_PostC_1,DorsAttnB,left,0.96875,224,Full Connectivity,OVR,CV
35,LH_DorsAttnB_PostC_2,DorsAttnB,left,0.9642857142857144,224,Full Connectivity,OVR,CV
36,LH_DorsAttnB_PostC_3,DorsAttnB,left,0.9732142857142856,224,Full Connectivity,OVR,CV
37,LH_DorsAttnB_PostC_4,DorsAttnB,left,0.9821428571428572,224,Full Connectivity,OVR,CV
38,LH_DorsAttnB_FEF_1,DorsAttnB,left,0.9285714285714286,224,Full Connectivity,OVR,CV
39,LH_SalVentAttnA_ParOper_1,SalVentAttnA,left,0.9776785714285714,224,Full Connectivity,OVR,CV
40,LH_SalVentAttnA_Ins_1,SalVentAttnA,left,0.9375,224,Full Connectivity,OVR,CV
41,LH_SalVentAttnA_FrOper_1,SalVentAttnA,left,0.9464285714285714,224,Full Connectivity,OVR,CV
42,LH_SalVentAttnA_FrOper_2,SalVentAttnA,left,0.9553571428571428,224,Full Connectivity,OVR,CV
43,LH_SalVentAttnA_ParMed_1,SalVentAttnA,left,0.9866071428571428,224,Full Connectivity,OVR,CV
44,LH_SalVentAttnA_FrMed_1,SalVentAttnA,left,0.9821428571428572,224,Full Connectivity,OVR,CV
45,LH_SalVentAttnA_FrMed_2,SalVentAttnA,left,0.9598214285714286,224,Full Connectivity,OVR,CV
46,LH_SalVentAttnB_IPL_1,SalVentAttnB,left,0.9642857142857144,224,Full Connectivity,OVR,CV
47,LH_SalVentAttnB_PFCl_1,SalVentAttnB,left,0.9375,224,Full Connectivity,OVR,CV
48,LH_SalVentAttnB_Ins_1,SalVentAttnB,left,0.9553571428571428,224,Full Connectivity,OVR,CV
49,LH_SalVentAttnB_PFCmp_1,SalVentAttnB,left,0.9866071428571428,224,Full Connectivity,OVR,CV
50,LH_LimbicB_OFC_1,LimbicB,left,0.8080357142857143,224,Full Connectivity,OVR,CV
51,LH_LimbicB_OFC_2,LimbicB,left,0.9553571428571428,224,Full Connectivity,OVR,CV
52,LH_LimbicA_TempPole_1,LimbicA,left,0.875,224,Full Connectivity,OVR,CV
53,LH_LimbicA_TempPole_2,LimbicA,left,0.7991071428571429,224,Full Connectivity,OVR,CV
54,LH_LimbicA_TempPole_3,LimbicA,left,0.7946428571428571,224,Full Connectivity,OVR,CV
55,LH_LimbicA_TempPole_4,LimbicA,left,0.6473214285714286,224,Full Connectivity,OVR,CV
56,LH_ContA_Temp_1,ContA,left,0.8616071428571429,224,Full Connectivity,OVR,CV
57,LH_ContA_IPS_1,ContA,left,0.9821428571428572,224,Full Connectivity,OVR,CV
58,LH_ContA_IPS_2,ContA,left,0.9642857142857144,224,Full Connectivity,OVR,CV
59,LH_ContA_IPS_3,ContA,left,0.9508928571428572,224,Full Connectivity,OVR,CV
60,LH_ContA_PFCd_1,ContA,left,0.9553571428571428,224,Full Connectivity,OVR,CV
61,LH_ContA_PFClv_1,ContA,left,0.9464285714285714,224,Full Connectivity,OVR,CV
62,LH_ContA_PFCl_1,ContA,left,0.9732142857142856,224,Full Connectivity,OVR,CV
63,LH_ContA_PFCl_2,ContA,left,0.9017857142857144,224,Full Connectivity,OVR,CV
64,LH_ContA_PFCl_3,ContA,left,0.9151785714285714,224,Full Connectivity,OVR,CV
65,LH_ContA_Cingm_1,ContA,left,0.9330357142857144,224,Full Connectivity,OVR,CV
66,LH_ContB_Temp_1,ContB,left,0.9375,224,Full Connectivity,OVR,CV
67,LH_ContB_IPL_1,ContB,left,0.9642857142857144,224,Full Connectivity,OVR,CV
68,LH_ContB_PFCl_1,ContB,left,0.9598214285714286,224,Full Connectivity,OVR,CV
69,LH_ContB_PFClv_1,ContB,left,0.9508928571428572,224,Full Connectivity,OVR,CV
70,LH_ContB_PFClv_2,ContB,left,0.8883928571428571,224,Full Connectivity,OVR,CV
71,LH_ContC_pCun_1,ContC,left,0.9955357142857144,224,Full Connectivity,OVR,CV
72,LH_ContC_pCun_2,ContC,left,0.9910714285714286,224,Full Connectivity,OVR,CV
73,LH_ContC_Cingp_1,ContC,left,0.9910714285714286,224,Full Connectivity,OVR,CV
74,LH_DefaultA_IPL_1,DefaultA,left,0.9910714285714286,224,Full Connectivity,OVR,CV
75,LH_DefaultA_PFCd_1,DefaultA,left,0.9821428571428572,224,Full Connectivity,OVR,CV
76,LH_DefaultA_pCunPCC_1,DefaultA,left,0.9955357142857144,224,Full Connectivity,OVR,CV
77,LH_DefaultA_pCunPCC_2,DefaultA,left,0.9910714285714286,224,Full Connectivity,OVR,CV
78,LH_DefaultA_pCunPCC_3,DefaultA,left,0.9955357142857144,224,Full Connectivity,OVR,CV
79,LH_DefaultA_PFCm_1,DefaultA,left,0.9553571428571428,224,Full Connectivity,OVR,CV
80,LH_DefaultA_PFCm_2,DefaultA,left,0.9732142857142856,224,Full Connectivity,OVR,CV
81,LH_DefaultA_PFCm_3,DefaultA,left,1.0,224,Full Connectivity,OVR,CV
82,LH_DefaultB_Temp_1,DefaultB,left,0.9285714285714286,224,Full Connectivity,OVR,CV
83,LH_DefaultB_Temp_2,DefaultB,left,0.8705357142857143,224,Full Connectivity,OVR,CV
84,LH_DefaultB_Temp_3,DefaultB,left,0.9642857142857144,224,Full Connectivity,OVR,CV
85,LH_DefaultB_Temp_4,DefaultB,left,0.9598214285714286,224,Full Connectivity,OVR,CV
86,LH_DefaultB_IPL_1,DefaultB,left,0.875,224,Full Connectivity,OVR,CV
87,LH_DefaultB_PFCd_1,DefaultB,left,0.9910714285714286,224,Full Connectivity,OVR,CV
88,LH_DefaultB_PFCd_2,DefaultB,left,0.9776785714285714,224,Full Connectivity,OVR,CV
89,LH_DefaultB_PFCd_3,DefaultB,left,0.9598214285714286,224,Full Connectivity,OVR,CV
90,LH_DefaultB_PFCd_4,DefaultB,left,0.96875,224,Full Connectivity,OVR,CV
91,LH_DefaultB_PFCv_1,DefaultB,left,0.9553571428571428,224,Full Connectivity,OVR,CV
92,LH_DefaultB_PFCv_2,DefaultB,left,0.8705357142857143,224,Full Connectivity,OVR,CV
93,LH_DefaultB_PFCv_3,DefaultB,left,0.9464285714285714,224,Full Connectivity,OVR,CV
94,LH_DefaultB_PFCv_4,DefaultB,left,0.9821428571428572,224,Full Connectivity,OVR,CV
95,LH_DefaultC_IPL_1,DefaultC,left,0.9375,224,Full Connectivity,OVR,CV
96,LH_DefaultC_Rsp_1,DefaultC,left,0.9910714285714286,224,Full Connectivity,OVR,CV
97,LH_DefaultC_PHC_1,DefaultC,left,0.9642857142857144,224,Full Connectivity,OVR,CV
98,LH_TempPar_1,TempPar,left,0.8928571428571429,224,Full Connectivity,OVR,CV
99,LH_TempPar_2,TempPar,left,0.8348214285714286,224,Full Connectivity,OVR,CV
100,RH_VisCent_ExStr_1,VisCent,right,1.0,224,Full Connectivity,OVR,CV
101,RH_VisCent_ExStr_2,VisCent,right,0.9553571428571428,224,Full Connectivity,OVR,CV
102,RH_VisCent_Striate_1,VisCent,right,0.9955357142857144,224,Full Connectivity,OVR,CV
103,RH_VisCent_ExStr_3,VisCent,right,0.9464285714285714,224,Full Connectivity,OVR,CV
104,RH_VisCent_ExStr_4,VisCent,right,0.9866071428571428,224,Full Connectivity,OVR,CV
105,RH_VisCent_ExStr_5,VisCent,right,0.9910714285714286,224,Full Connectivity,OVR,CV
106,RH_VisPeri_ExStrInf_1,VisPeri,right,0.9955357142857144,224,Full Connectivity,OVR,CV
107,RH_VisPeri_ExStrInf_2,VisPeri,right,0.9776785714285714,224,Full Connectivity,OVR,CV
108,RH_VisPeri_StriCal_1,VisPeri,right,1.0,224,Full Connectivity,OVR,CV
109,RH_VisPeri_ExStrSup_1,VisPeri,right,0.9955357142857144,224,Full Connectivity,OVR,CV
110,RH_VisPeri_ExStrSup_2,VisPeri,right,0.9910714285714286,224,Full Connectivity,OVR,CV
111,RH_VisPeri_ExStrSup_3,VisPeri,right,0.9732142857142856,224,Full Connectivity,OVR,CV
112,RH_SomMotA_1,SomMotA,right,0.9866071428571428,224,Full Connectivity,OVR,CV
113,RH_SomMotA_2,SomMotA,right,0.96875,224,Full Connectivity,OVR,CV
114,RH_SomMotA_3,SomMotA,right,0.9419642857142856,224,Full Connectivity,OVR,CV
115,RH_SomMotA_4,SomMotA,right,0.9821428571428572,224,Full Connectivity,OVR,CV
116,RH_SomMotA_5,SomMotA,right,0.9375,224,Full Connectivity,OVR,CV
117,RH_SomMotA_6,SomMotA,right,0.96875,224,Full Connectivity,OVR,CV
118,RH_SomMotA_7,SomMotA,right,0.9732142857142856,224,Full Connectivity,OVR,CV
119,RH_SomMotA_8,SomMotA,right,0.96875,224,Full Connectivity,OVR,CV
120,RH_SomMotA_9,SomMotA,right,0.9732142857142856,224,Full Connectivity,OVR,CV
121,RH_SomMotA_10,SomMotA,right,0.9866071428571428,224,Full Connectivity,OVR,CV
122,RH_SomMotA_11,SomMotA,right,0.9821428571428572,224,Full Connectivity,OVR,CV
123,RH_SomMotB_Aud_1,SomMotB,right,0.9732142857142856,224,Full Connectivity,OVR,CV
124,RH_SomMotB_Aud_2,SomMotB,right,0.9598214285714286,224,Full Connectivity,OVR,CV
125,RH_SomMotB_S2_1,SomMotB,right,0.9375,224,Full Connectivity,OVR,CV
126,RH_SomMotB_S2_2,SomMotB,right,0.9598214285714286,224,Full Connectivity,OVR,CV
127,RH_SomMotB_S2_3,SomMotB,right,0.9955357142857144,224,Full Connectivity,OVR,CV
128,RH_SomMotB_S2_4,SomMotB,right,0.9821428571428572,224,Full Connectivity,OVR,CV
129,RH_SomMotB_Cent_1,SomMotB,right,1.0,224,Full Connectivity,OVR,CV
130,RH_DorsAttnA_TempOcc_1,DorsAttnA,right,0.9553571428571428,224,Full Connectivity,OVR,CV
131,RH_DorsAttnA_ParOcc_1,DorsAttnA,right,0.8928571428571429,224,Full Connectivity,OVR,CV
132,RH_DorsAttnA_SPL_1,DorsAttnA,right,0.9776785714285714,224,Full Connectivity,OVR,CV
133,RH_DorsAttnA_SPL_2,DorsAttnA,right,0.9910714285714286,224,Full Connectivity,OVR,CV
134,RH_DorsAttnA_SPL_3,DorsAttnA,right,0.96875,224,Full Connectivity,OVR,CV
135,RH_DorsAttnA_SPL_4,DorsAttnA,right,0.9866071428571428,224,Full Connectivity,OVR,CV
136,RH_DorsAttnB_PostC_1,DorsAttnB,right,0.9642857142857144,224,Full Connectivity,OVR,CV
137,RH_DorsAttnB_PostC_2,DorsAttnB,right,0.9419642857142856,224,Full Connectivity,OVR,CV
138,RH_DorsAttnB_PostC_3,DorsAttnB,right,0.9910714285714286,224,Full Connectivity,OVR,CV
139,RH_DorsAttnB_PostC_4,DorsAttnB,right,0.9821428571428572,224,Full Connectivity,OVR,CV
140,RH_DorsAttnB_FEF_1,DorsAttnB,right,0.9330357142857144,224,Full Connectivity,OVR,CV
141,RH_SalVentAttnA_ParOper_1,SalVentAttnA,right,0.9821428571428572,224,Full Connectivity,OVR,CV
142,RH_SalVentAttnA_PrC_1,SalVentAttnA,right,0.8348214285714286,224,Full Connectivity,OVR,CV
143,RH_SalVentAttnA_Ins_1,SalVentAttnA,right,0.8125,224,Full Connectivity,OVR,CV
144,RH_SalVentAttnA_Ins_2,SalVentAttnA,right,0.9196428571428572,224,Full Connectivity,OVR,CV
145,RH_SalVentAttnA_FrOper_1,SalVentAttnA,right,0.9776785714285714,224,Full Connectivity,OVR,CV
146,RH_SalVentAttnA_FrMed_1,SalVentAttnA,right,0.96875,224,Full Connectivity,OVR,CV
147,RH_SalVentAttnA_ParMed_1,SalVentAttnA,right,0.8616071428571429,224,Full Connectivity,OVR,CV
148,RH_SalVentAttnA_ParMed_2,SalVentAttnA,right,0.9642857142857144,224,Full Connectivity,OVR,CV
149,RH_SalVentAttnA_FrMed_2,SalVentAttnA,right,0.9732142857142856,224,Full Connectivity,OVR,CV
150,RH_SalVentAttnB_IPL_1,SalVentAttnB,right,0.9419642857142856,224,Full Connectivity,OVR,CV
151,RH_SalVentAttnB_PFClv_1,SalVentAttnB,right,0.9508928571428572,224,Full Connectivity,OVR,CV
152,RH_SalVentAttnB_PFCl_1,SalVentAttnB,right,0.9598214285714286,224,Full Connectivity,OVR,CV
153,RH_SalVentAttnB_Ins_1,SalVentAttnB,right,0.9196428571428572,224,Full Connectivity,OVR,CV
154,RH_SalVentAttnB_Ins_2,SalVentAttnB,right,0.9642857142857144,224,Full Connectivity,OVR,CV
155,RH_SalVentAttnB_PFCmp_1,SalVentAttnB,right,0.9866071428571428,224,Full Connectivity,OVR,CV
156,RH_LimbicB_OFC_1,LimbicB,right,0.9464285714285714,224,Full Connectivity,OVR,CV
157,RH_LimbicB_OFC_2,LimbicB,right,0.9241071428571428,224,Full Connectivity,OVR,CV
158,RH_LimbicB_OFC_3,LimbicB,right,0.9910714285714286,224,Full Connectivity,OVR,CV
159,RH_LimbicB_OFC_4,LimbicB,right,0.90625,224,Full Connectivity,OVR,CV
160,RH_LimbicA_TempPole_1,LimbicA,right,0.8616071428571429,224,Full Connectivity,OVR,CV
161,RH_LimbicA_TempPole_2,LimbicA,right,0.8392857142857143,224,Full Connectivity,OVR,CV
162,RH_LimbicA_TempPole_3,LimbicA,right,0.7008928571428571,224,Full Connectivity,OVR,CV
163,RH_LimbicA_TempPole_4,LimbicA,right,0.9196428571428572,224,Full Connectivity,OVR,CV
164,RH_ContA_IPS_1,ContA,right,0.9776785714285714,224,Full Connectivity,OVR,CV
165,RH_ContA_IPS_2,ContA,right,0.9955357142857144,224,Full Connectivity,OVR,CV
166,RH_ContA_PFCd_1,ContA,right,0.9553571428571428,224,Full Connectivity,OVR,CV
167,RH_ContA_PFCl_1,ContA,right,0.9553571428571428,224,Full Connectivity,OVR,CV
168,RH_ContA_PFCl_2,ContA,right,0.9196428571428572,224,Full Connectivity,OVR,CV
169,RH_ContA_Cingm_1,ContA,right,0.9285714285714286,224,Full Connectivity,OVR,CV
170,RH_ContB_Temp_1,ContB,right,0.96875,224,Full Connectivity,OVR,CV
171,RH_ContB_Temp_2,ContB,right,0.9107142857142856,224,Full Connectivity,OVR,CV
172,RH_ContB_IPL_1,ContB,right,0.9598214285714286,224,Full Connectivity,OVR,CV
173,RH_ContB_IPL_2,ContB,right,0.9776785714285714,224,Full Connectivity,OVR,CV
174,RH_ContB_PFCld_1,ContB,right,0.9241071428571428,224,Full Connectivity,OVR,CV
175,RH_ContB_PFCld_2,ContB,right,0.9508928571428572,224,Full Connectivity,OVR,CV
176,RH_ContB_PFClv_1,ContB,right,0.9330357142857144,224,Full Connectivity,OVR,CV
177,RH_ContB_PFClv_2,ContB,right,0.9553571428571428,224,Full Connectivity,OVR,CV
178,RH_ContB_PFCmp_1,ContB,right,0.9732142857142856,224,Full Connectivity,OVR,CV
179,RH_ContB_PFCld_3,ContB,right,0.9732142857142856,224,Full Connectivity,OVR,CV
180,RH_ContC_pCun_1,ContC,right,1.0,224,Full Connectivity,OVR,CV
181,RH_ContC_pCun_2,ContC,right,0.9955357142857144,224,Full Connectivity,OVR,CV
182,RH_ContC_Cingp_1,ContC,right,0.9910714285714286,224,Full Connectivity,OVR,CV
183,RH_DefaultA_IPL_1,DefaultA,right,0.9241071428571428,224,Full Connectivity,OVR,CV
184,RH_DefaultA_PFCd_1,DefaultA,right,0.9375,224,Full Connectivity,OVR,CV
185,RH_DefaultA_pCunPCC_1,DefaultA,right,1.0,224,Full Connectivity,OVR,CV
186,RH_DefaultA_PFCm_1,DefaultA,right,0.9910714285714286,224,Full Connectivity,OVR,CV
187,RH_DefaultA_PFCm_2,DefaultA,right,0.5535714285714286,224,Full Connectivity,OVR,CV
188,RH_DefaultA_PFCm_3,DefaultA,right,0.9910714285714286,224,Full Connectivity,OVR,CV
189,RH_DefaultB_Temp_1,DefaultB,right,0.9375,224,Full Connectivity,OVR,CV
190,RH_DefaultB_AntTemp_1,DefaultB,right,0.96875,224,Full Connectivity,OVR,CV
191,RH_DefaultB_PFCd_1,DefaultB,right,0.9642857142857144,224,Full Connectivity,OVR,CV
192,RH_DefaultB_PFCv_1,DefaultB,right,0.9910714285714286,224,Full Connectivity,OVR,CV
193,RH_DefaultC_IPL_1,DefaultC,right,0.9419642857142856,224,Full Connectivity,OVR,CV
194,RH_DefaultC_Rsp_1,DefaultC,right,0.9955357142857144,224,Full Connectivity,OVR,CV
195,RH_DefaultC_PHC_1,DefaultC,right,0.9821428571428572,224,Full Connectivity,OVR,CV
196,RH_TempPar_1,TempPar,right,0.9151785714285714,224,Full Connectivity,OVR,CV
197,RH_TempPar_2,TempPar,right,0.8928571428571429,224,Full Connectivity,OVR,CV
198,RH_TempPar_3,TempPar,right,0.9107142857142856,224,Full Connectivity,OVR,CV
199,RH_TempPar_4,TempPar,right,0.9241071428571428,224,Full Connectivity,OVR,CV
200,aHIP-rh,Hippocampus_ant,right,0.9375,224,Full Connectivity,OVR,CV
201,pHIP-rh,Hippocampus_post,right,0.8526785714285714,224,Full Connectivity,OVR,CV
202,lAMY-rh,Amygdala_lat,right,0.71875,224,Full Connectivity,OVR,CV
203,mAMY-rh,Amygdala_med,right,0.84375,224,Full Connectivity,OVR,CV
204,THA-DP-rh,Thalamus_DP,right,0.75,224,Full Connectivity,OVR,CV
205,THA-VP-rh,Thalamus_VP,right,0.8348214285714286,224,Full Connectivity,OVR,CV
206,THA-VA-rh,Thalamus_VA,right,0.9598214285714286,224,Full Connectivity,OVR,CV
207,THA-DA-rh,Thalamus_DA,right,0.9151785714285714,224,Full Connectivity,OVR,CV
208,NAc-shell-rh,Accumbens_shell,right,0.7767857142857143,224,Full Connectivity,OVR,CV
209,NAc-core-rh,Accumbens_core,right,0.875,224,Full Connectivity,OVR,CV
210,pGP-rh,Pallidum_post,right,0.46875,224,Full Connectivity,OVR,CV
211,aGP-rh,Pallidum_ant,right,0.3794642857142857,224,Full Connectivity,OVR,CV
212,aPUT-rh,Putamen_ant,right,0.9866071428571428,224,Full Connectivity,OVR,CV
213,pPUT-rh,Putamen_post,right,0.9508928571428572,224,Full Connectivity,OVR,CV
214,aCAU-rh,Caudate_ant,right,0.96875,224,Full Connectivity,OVR,CV
215,pCAU-rh,Caudate_post,right,0.9464285714285714,224,Full Connectivity,OVR,CV
216,aHIP-lh,Hippocampus_ant,left,0.8928571428571429,224,Full Connectivity,OVR,CV
217,pHIP-lh,Hippocampus_post,left,0.7767857142857143,224,Full Connectivity,OVR,CV
218,lAMY-lh,Amygdala_lat,left,0.7455357142857143,224,Full Connectivity,OVR,CV
219,mAMY-lh,Amygdala_med,left,0.8482142857142857,224,Full Connectivity,OVR,CV
220,THA-DP-lh,Thalamus_DP,left,0.7321428571428571,224,Full Connectivity,OVR,CV
221,THA-VP-lh,Thalamus_VP,left,0.8125,224,Full Connectivity,OVR,CV
222,THA-VA-lh,Thalamus_VA,left,0.9375,224,Full Connectivity,OVR,CV
223,THA-DA-lh,Thalamus_DA,left,0.90625,224,Full Connectivity,OVR,CV
224,NAc-shell-lh,Accumbens_shell,left,0.8883928571428571,224,Full Connectivity,OVR,CV
225,NAc-core-lh,Accumbens_core,left,0.8794642857142857,224,Full Connectivity,OVR,CV
226,pGP-lh,Pallidum_post,left,0.4330357142857143,224,Full Connectivity,OVR,CV
227,aGP-lh,Pallidum_ant,left,0.4196428571428571,224,Full Connectivity,OVR,CV
228,aPUT-lh,Putamen_ant,left,0.9642857142857144,224,Full Connectivity,OVR,CV
229,pPUT-lh,Putamen_post,left,0.9508928571428572,224,Full Connectivity,OVR,CV
230,aCAU-lh,Caudate_ant,left,0.9642857142857144,224,Full Connectivity,OVR,CV
231,pCAU-lh,Caudate_post,left,0.9508928571428572,224,Full Connectivity,OVR,CV
0,LH_VisCent_ExStr_2,VisCent,left,0.895,200,Full Connectivity,MULTINOMIAL,Task
1,LH_VisCent_ExStr_1,VisCent,left,0.975,200,Full Connectivity,MULTINOMIAL,Task
2,LH_VisCent_Striate_1,VisCent,left,0.98,200,Full Connectivity,MULTINOMIAL,Task
3,LH_VisCent_ExStr_3,VisCent,left,0.94,200,Full Connectivity,MULTINOMIAL,Task
4,LH_VisCent_ExStr_4,VisCent,left,0.98,200,Full Connectivity,MULTINOMIAL,Task
5,LH_VisCent_ExStr_5,VisCent,left,0.99,200,Full Connectivity,MULTINOMIAL,Task
6,LH_VisPeri_ExStrInf_1,VisPeri,left,0.945,200,Full Connectivity,MULTINOMIAL,Task
7,LH_VisPeri_ExStrInf_2,VisPeri,left,0.93,200,Full Connectivity,MULTINOMIAL,Task
8,LH_VisPeri_ExStrInf_3,VisPeri,left,0.775,200,Full Connectivity,MULTINOMIAL,Task
9,LH_VisPeri_StriCal_1,VisPeri,left,0.985,200,Full Connectivity,MULTINOMIAL,Task
10,LH_VisPeri_ExStrSup_1,VisPeri,left,0.95,200,Full Connectivity,MULTINOMIAL,Task
11,LH_VisPeri_ExStrSup_2,VisPeri,left,0.99,200,Full Connectivity,MULTINOMIAL,Task
12,LH_SomMotA_1,SomMotA,left,0.935,200,Full Connectivity,MULTINOMIAL,Task
13,LH_SomMotA_2,SomMotA,left,0.955,200,Full Connectivity,MULTINOMIAL,Task
14,LH_SomMotA_3,SomMotA,left,0.91,200,Full Connectivity,MULTINOMIAL,Task
15,LH_SomMotA_4,SomMotA,left,0.99,200,Full Connectivity,MULTINOMIAL,Task
16,LH_SomMotA_5,SomMotA,left,0.965,200,Full Connectivity,MULTINOMIAL,Task
17,LH_SomMotA_6,SomMotA,left,0.965,200,Full Connectivity,MULTINOMIAL,Task
18,LH_SomMotA_7,SomMotA,left,0.99,200,Full Connectivity,MULTINOMIAL,Task
19,LH_SomMotA_8,SomMotA,left,0.955,200,Full Connectivity,MULTINOMIAL,Task
20,LH_SomMotB_Aud_1,SomMotB,left,0.85,200,Full Connectivity,MULTINOMIAL,Task
21,LH_SomMotB_Aud_2,SomMotB,left,0.93,200,Full Connectivity,MULTINOMIAL,Task
22,LH_SomMotB_S2_1,SomMotB,left,0.81,200,Full Connectivity,MULTINOMIAL,Task
23,LH_SomMotB_S2_2,SomMotB,left,0.935,200,Full Connectivity,MULTINOMIAL,Task
24,LH_SomMotB_Aud_3,SomMotB,left,0.81,200,Full Connectivity,MULTINOMIAL,Task
25,LH_SomMotB_S2_3,SomMotB,left,0.925,200,Full Connectivity,MULTINOMIAL,Task
26,LH_SomMotB_Cent_1,SomMotB,left,0.965,200,Full Connectivity,MULTINOMIAL,Task
27,LH_SomMotB_Cent_2,SomMotB,left,0.89,200,Full Connectivity,MULTINOMIAL,Task
28,LH_DorsAttnA_TempOcc_1,DorsAttnA,left,0.965,200,Full Connectivity,MULTINOMIAL,Task
29,LH_DorsAttnA_TempOcc_2,DorsAttnA,left,0.95,200,Full Connectivity,MULTINOMIAL,Task
30,LH_DorsAttnA_ParOcc_1,DorsAttnA,left,0.9,200,Full Connectivity,MULTINOMIAL,Task
31,LH_DorsAttnA_SPL_1,DorsAttnA,left,0.97,200,Full Connectivity,MULTINOMIAL,Task
32,LH_DorsAttnA_SPL_2,DorsAttnA,left,0.96,200,Full Connectivity,MULTINOMIAL,Task
33,LH_DorsAttnA_SPL_3,DorsAttnA,left,0.885,200,Full Connectivity,MULTINOMIAL,Task
34,LH_DorsAttnB_PostC_1,DorsAttnB,left,0.99,200,Full Connectivity,MULTINOMIAL,Task
35,LH_DorsAttnB_PostC_2,DorsAttnB,left,0.985,200,Full Connectivity,MULTINOMIAL,Task
36,LH_DorsAttnB_PostC_3,DorsAttnB,left,0.96,200,Full Connectivity,MULTINOMIAL,Task
37,LH_DorsAttnB_PostC_4,DorsAttnB,left,0.985,200,Full Connectivity,MULTINOMIAL,Task
38,LH_DorsAttnB_FEF_1,DorsAttnB,left,0.875,200,Full Connectivity,MULTINOMIAL,Task
39,LH_SalVentAttnA_ParOper_1,SalVentAttnA,left,0.965,200,Full Connectivity,MULTINOMIAL,Task
40,LH_SalVentAttnA_Ins_1,SalVentAttnA,left,0.85,200,Full Connectivity,MULTINOMIAL,Task
41,LH_SalVentAttnA_FrOper_1,SalVentAttnA,left,0.86,200,Full Connectivity,MULTINOMIAL,Task
42,LH_SalVentAttnA_FrOper_2,SalVentAttnA,left,0.875,200,Full Connectivity,MULTINOMIAL,Task
43,LH_SalVentAttnA_ParMed_1,SalVentAttnA,left,0.99,200,Full Connectivity,MULTINOMIAL,Task
44,LH_SalVentAttnA_FrMed_1,SalVentAttnA,left,0.965,200,Full Connectivity,MULTINOMIAL,Task
45,LH_SalVentAttnA_FrMed_2,SalVentAttnA,left,0.94,200,Full Connectivity,MULTINOMIAL,Task
46,LH_SalVentAttnB_IPL_1,SalVentAttnB,left,0.92,200,Full Connectivity,MULTINOMIAL,Task
47,LH_SalVentAttnB_PFCl_1,SalVentAttnB,left,0.845,200,Full Connectivity,MULTINOMIAL,Task
48,LH_SalVentAttnB_Ins_1,SalVentAttnB,left,0.885,200,Full Connectivity,MULTINOMIAL,Task
49,LH_SalVentAttnB_PFCmp_1,SalVentAttnB,left,0.965,200,Full Connectivity,MULTINOMIAL,Task
50,LH_LimbicB_OFC_1,LimbicB,left,0.765,200,Full Connectivity,MULTINOMIAL,Task
51,LH_LimbicB_OFC_2,LimbicB,left,0.955,200,Full Connectivity,MULTINOMIAL,Task
52,LH_LimbicA_TempPole_1,LimbicA,left,0.865,200,Full Connectivity,MULTINOMIAL,Task
53,LH_LimbicA_TempPole_2,LimbicA,left,0.81,200,Full Connectivity,MULTINOMIAL,Task
54,LH_LimbicA_TempPole_3,LimbicA,left,0.78,200,Full Connectivity,MULTINOMIAL,Task
55,LH_LimbicA_TempPole_4,LimbicA,left,0.65,200,Full Connectivity,MULTINOMIAL,Task
56,LH_ContA_Temp_1,ContA,left,0.86,200,Full Connectivity,MULTINOMIAL,Task
57,LH_ContA_IPS_1,ContA,left,0.97,200,Full Connectivity,MULTINOMIAL,Task
58,LH_ContA_IPS_2,ContA,left,0.975,200,Full Connectivity,MULTINOMIAL,Task
59,LH_ContA_IPS_3,ContA,left,0.955,200,Full Connectivity,MULTINOMIAL,Task
60,LH_ContA_PFCd_1,ContA,left,0.92,200,Full Connectivity,MULTINOMIAL,Task
61,LH_ContA_PFClv_1,ContA,left,0.825,200,Full Connectivity,MULTINOMIAL,Task
62,LH_ContA_PFCl_1,ContA,left,0.9,200,Full Connectivity,MULTINOMIAL,Task
63,LH_ContA_PFCl_2,ContA,left,0.82,200,Full Connectivity,MULTINOMIAL,Task
64,LH_ContA_PFCl_3,ContA,left,0.915,200,Full Connectivity,MULTINOMIAL,Task
65,LH_ContA_Cingm_1,ContA,left,0.76,200,Full Connectivity,MULTINOMIAL,Task
66,LH_ContB_Temp_1,ContB,left,0.945,200,Full Connectivity,MULTINOMIAL,Task
67,LH_ContB_IPL_1,ContB,left,0.99,200,Full Connectivity,MULTINOMIAL,Task
68,LH_ContB_PFCl_1,ContB,left,0.97,200,Full Connectivity,MULTINOMIAL,Task
69,LH_ContB_PFClv_1,ContB,left,0.98,200,Full Connectivity,MULTINOMIAL,Task
70,LH_ContB_PFClv_2,ContB,left,0.885,200,Full Connectivity,MULTINOMIAL,Task
71,LH_ContC_pCun_1,ContC,left,0.935,200,Full Connectivity,MULTINOMIAL,Task
72,LH_ContC_pCun_2,ContC,left,0.97,200,Full Connectivity,MULTINOMIAL,Task
73,LH_ContC_Cingp_1,ContC,left,0.95,200,Full Connectivity,MULTINOMIAL,Task
74,LH_DefaultA_IPL_1,DefaultA,left,0.955,200,Full Connectivity,MULTINOMIAL,Task
75,LH_DefaultA_PFCd_1,DefaultA,left,0.94,200,Full Connectivity,MULTINOMIAL,Task
76,LH_DefaultA_pCunPCC_1,DefaultA,left,0.965,200,Full Connectivity,MULTINOMIAL,Task
77,LH_DefaultA_pCunPCC_2,DefaultA,left,0.95,200,Full Connectivity,MULTINOMIAL,Task
78,LH_DefaultA_pCunPCC_3,DefaultA,left,0.925,200,Full Connectivity,MULTINOMIAL,Task
79,LH_DefaultA_PFCm_1,DefaultA,left,0.9,200,Full Connectivity,MULTINOMIAL,Task
80,LH_DefaultA_PFCm_2,DefaultA,left,0.945,200,Full Connectivity,MULTINOMIAL,Task
81,LH_DefaultA_PFCm_3,DefaultA,left,0.985,200,Full Connectivity,MULTINOMIAL,Task
82,LH_DefaultB_Temp_1,DefaultB,left,0.865,200,Full Connectivity,MULTINOMIAL,Task
83,LH_DefaultB_Temp_2,DefaultB,left,0.875,200,Full Connectivity,MULTINOMIAL,Task
84,LH_DefaultB_Temp_3,DefaultB,left,0.81,200,Full Connectivity,MULTINOMIAL,Task
85,LH_DefaultB_Temp_4,DefaultB,left,0.895,200,Full Connectivity,MULTINOMIAL,Task
86,LH_DefaultB_IPL_1,DefaultB,left,0.915,200,Full Connectivity,MULTINOMIAL,Task
87,LH_DefaultB_PFCd_1,DefaultB,left,0.94,200,Full Connectivity,MULTINOMIAL,Task
88,LH_DefaultB_PFCd_2,DefaultB,left,0.985,200,Full Connectivity,MULTINOMIAL,Task
89,LH_DefaultB_PFCd_3,DefaultB,left,0.97,200,Full Connectivity,MULTINOMIAL,Task
90,LH_DefaultB_PFCd_4,DefaultB,left,0.97,200,Full Connectivity,MULTINOMIAL,Task
91,LH_DefaultB_PFCv_1,DefaultB,left,0.945,200,Full Connectivity,MULTINOMIAL,Task
92,LH_DefaultB_PFCv_2,DefaultB,left,0.78,200,Full Connectivity,MULTINOMIAL,Task
93,LH_DefaultB_PFCv_3,DefaultB,left,0.94,200,Full Connectivity,MULTINOMIAL,Task
94,LH_DefaultB_PFCv_4,DefaultB,left,0.935,200,Full Connectivity,MULTINOMIAL,Task
95,LH_DefaultC_IPL_1,DefaultC,left,0.95,200,Full Connectivity,MULTINOMIAL,Task
96,LH_DefaultC_Rsp_1,DefaultC,left,0.985,200,Full Connectivity,MULTINOMIAL,Task
97,LH_DefaultC_PHC_1,DefaultC,left,0.945,200,Full Connectivity,MULTINOMIAL,Task
98,LH_TempPar_1,TempPar,left,0.81,200,Full Connectivity,MULTINOMIAL,Task
99,LH_TempPar_2,TempPar,left,0.8,200,Full Connectivity,MULTINOMIAL,Task
100,RH_VisCent_ExStr_1,VisCent,right,0.99,200,Full Connectivity,MULTINOMIAL,Task
101,RH_VisCent_ExStr_2,VisCent,right,0.91,200,Full Connectivity,MULTINOMIAL,Task
102,RH_VisCent_Striate_1,VisCent,right,0.965,200,Full Connectivity,MULTINOMIAL,Task
103,RH_VisCent_ExStr_3,VisCent,right,0.915,200,Full Connectivity,MULTINOMIAL,Task
104,RH_VisCent_ExStr_4,VisCent,right,0.945,200,Full Connectivity,MULTINOMIAL,Task
105,RH_VisCent_ExStr_5,VisCent,right,0.985,200,Full Connectivity,MULTINOMIAL,Task
106,RH_VisPeri_ExStrInf_1,VisPeri,right,0.965,200,Full Connectivity,MULTINOMIAL,Task
107,RH_VisPeri_ExStrInf_2,VisPeri,right,0.91,200,Full Connectivity,MULTINOMIAL,Task
108,RH_VisPeri_StriCal_1,VisPeri,right,0.98,200,Full Connectivity,MULTINOMIAL,Task
109,RH_VisPeri_ExStrSup_1,VisPeri,right,0.865,200,Full Connectivity,MULTINOMIAL,Task
110,RH_VisPeri_ExStrSup_2,VisPeri,right,0.965,200,Full Connectivity,MULTINOMIAL,Task
111,RH_VisPeri_ExStrSup_3,VisPeri,right,0.945,200,Full Connectivity,MULTINOMIAL,Task
112,RH_SomMotA_1,SomMotA,right,0.98,200,Full Connectivity,MULTINOMIAL,Task
113,RH_SomMotA_2,SomMotA,right,0.945,200,Full Connectivity,MULTINOMIAL,Task
114,RH_SomMotA_3,SomMotA,right,0.95,200,Full Connectivity,MULTINOMIAL,Task
115,RH_SomMotA_4,SomMotA,right,0.975,200,Full Connectivity,MULTINOMIAL,Task
116,RH_SomMotA_5,SomMotA,right,0.96,200,Full Connectivity,MULTINOMIAL,Task
117,RH_SomMotA_6,SomMotA,right,1.0,200,Full Connectivity,MULTINOMIAL,Task
118,RH_SomMotA_7,SomMotA,right,0.94,200,Full Connectivity,MULTINOMIAL,Task
119,RH_SomMotA_8,SomMotA,right,0.955,200,Full Connectivity,MULTINOMIAL,Task
120,RH_SomMotA_9,SomMotA,right,0.96,200,Full Connectivity,MULTINOMIAL,Task
121,RH_SomMotA_10,SomMotA,right,0.985,200,Full Connectivity,MULTINOMIAL,Task
122,RH_SomMotA_11,SomMotA,right,0.935,200,Full Connectivity,MULTINOMIAL,Task
123,RH_SomMotB_Aud_1,SomMotB,right,0.895,200,Full Connectivity,MULTINOMIAL,Task
124,RH_SomMotB_Aud_2,SomMotB,right,0.885,200,Full Connectivity,MULTINOMIAL,Task
125,RH_SomMotB_S2_1,SomMotB,right,0.815,200,Full Connectivity,MULTINOMIAL,Task
126,RH_SomMotB_S2_2,SomMotB,right,0.87,200,Full Connectivity,MULTINOMIAL,Task
127,RH_SomMotB_S2_3,SomMotB,right,0.855,200,Full Connectivity,MULTINOMIAL,Task
128,RH_SomMotB_S2_4,SomMotB,right,0.92,200,Full Connectivity,MULTINOMIAL,Task
129,RH_SomMotB_Cent_1,SomMotB,right,0.97,200,Full Connectivity,MULTINOMIAL,Task
130,RH_DorsAttnA_TempOcc_1,DorsAttnA,right,0.97,200,Full Connectivity,MULTINOMIAL,Task
131,RH_DorsAttnA_ParOcc_1,DorsAttnA,right,0.905,200,Full Connectivity,MULTINOMIAL,Task
132,RH_DorsAttnA_SPL_1,DorsAttnA,right,0.965,200,Full Connectivity,MULTINOMIAL,Task
133,RH_DorsAttnA_SPL_2,DorsAttnA,right,0.965,200,Full Connectivity,MULTINOMIAL,Task
134,RH_DorsAttnA_SPL_3,DorsAttnA,right,0.87,200,Full Connectivity,MULTINOMIAL,Task
135,RH_DorsAttnA_SPL_4,DorsAttnA,right,0.91,200,Full Connectivity,MULTINOMIAL,Task
136,RH_DorsAttnB_PostC_1,DorsAttnB,right,0.88,200,Full Connectivity,MULTINOMIAL,Task
137,RH_DorsAttnB_PostC_2,DorsAttnB,right,0.965,200,Full Connectivity,MULTINOMIAL,Task
138,RH_DorsAttnB_PostC_3,DorsAttnB,right,0.965,200,Full Connectivity,MULTINOMIAL,Task
139,RH_DorsAttnB_PostC_4,DorsAttnB,right,0.985,200,Full Connectivity,MULTINOMIAL,Task
140,RH_DorsAttnB_FEF_1,DorsAttnB,right,0.87,200,Full Connectivity,MULTINOMIAL,Task
141,RH_SalVentAttnA_ParOper_1,SalVentAttnA,right,0.94,200,Full Connectivity,MULTINOMIAL,Task
142,RH_SalVentAttnA_PrC_1,SalVentAttnA,right,0.585,200,Full Connectivity,MULTINOMIAL,Task
143,RH_SalVentAttnA_Ins_1,SalVentAttnA,right,0.755,200,Full Connectivity,MULTINOMIAL,Task
144,RH_SalVentAttnA_Ins_2,SalVentAttnA,right,0.855,200,Full Connectivity,MULTINOMIAL,Task
145,RH_SalVentAttnA_FrOper_1,SalVentAttnA,right,0.915,200,Full Connectivity,MULTINOMIAL,Task
146,RH_SalVentAttnA_FrMed_1,SalVentAttnA,right,0.965,200,Full Connectivity,MULTINOMIAL,Task
147,RH_SalVentAttnA_ParMed_1,SalVentAttnA,right,0.845,200,Full Connectivity,MULTINOMIAL,Task
148,RH_SalVentAttnA_ParMed_2,SalVentAttnA,right,0.96,200,Full Connectivity,MULTINOMIAL,Task
149,RH_SalVentAttnA_FrMed_2,SalVentAttnA,right,0.92,200,Full Connectivity,MULTINOMIAL,Task
150,RH_SalVentAttnB_IPL_1,SalVentAttnB,right,0.925,200,Full Connectivity,MULTINOMIAL,Task
151,RH_SalVentAttnB_PFClv_1,SalVentAttnB,right,0.915,200,Full Connectivity,MULTINOMIAL,Task
152,RH_SalVentAttnB_PFCl_1,SalVentAttnB,right,0.94,200,Full Connectivity,MULTINOMIAL,Task
153,RH_SalVentAttnB_Ins_1,SalVentAttnB,right,0.945,200,Full Connectivity,MULTINOMIAL,Task
154,RH_SalVentAttnB_Ins_2,SalVentAttnB,right,0.935,200,Full Connectivity,MULTINOMIAL,Task
155,RH_SalVentAttnB_PFCmp_1,SalVentAttnB,right,0.93,200,Full Connectivity,MULTINOMIAL,Task
156,RH_LimbicB_OFC_1,LimbicB,right,0.925,200,Full Connectivity,MULTINOMIAL,Task
157,RH_LimbicB_OFC_2,LimbicB,right,0.96,200,Full Connectivity,MULTINOMIAL,Task
158,RH_LimbicB_OFC_3,LimbicB,right,0.93,200,Full Connectivity,MULTINOMIAL,Task
159,RH_LimbicB_OFC_4,LimbicB,right,0.92,200,Full Connectivity,MULTINOMIAL,Task
160,RH_LimbicA_TempPole_1,LimbicA,right,0.86,200,Full Connectivity,MULTINOMIAL,Task
161,RH_LimbicA_TempPole_2,LimbicA,right,0.695,200,Full Connectivity,MULTINOMIAL,Task
162,RH_LimbicA_TempPole_3,LimbicA,right,0.755,200,Full Connectivity,MULTINOMIAL,Task
163,RH_LimbicA_TempPole_4,LimbicA,right,0.895,200,Full Connectivity,MULTINOMIAL,Task
164,RH_ContA_IPS_1,ContA,right,0.98,200,Full Connectivity,MULTINOMIAL,Task
165,RH_ContA_IPS_2,ContA,right,0.96,200,Full Connectivity,MULTINOMIAL,Task
166,RH_ContA_PFCd_1,ContA,right,0.895,200,Full Connectivity,MULTINOMIAL,Task
167,RH_ContA_PFCl_1,ContA,right,0.755,200,Full Connectivity,MULTINOMIAL,Task
168,RH_ContA_PFCl_2,ContA,right,0.95,200,Full Connectivity,MULTINOMIAL,Task
169,RH_ContA_Cingm_1,ContA,right,0.795,200,Full Connectivity,MULTINOMIAL,Task
170,RH_ContB_Temp_1,ContB,right,0.915,200,Full Connectivity,MULTINOMIAL,Task
171,RH_ContB_Temp_2,ContB,right,0.93,200,Full Connectivity,MULTINOMIAL,Task
172,RH_ContB_IPL_1,ContB,right,0.965,200,Full Connectivity,MULTINOMIAL,Task
173,RH_ContB_IPL_2,ContB,right,0.975,200,Full Connectivity,MULTINOMIAL,Task
174,RH_ContB_PFCld_1,ContB,right,0.81,200,Full Connectivity,MULTINOMIAL,Task
175,RH_ContB_PFCld_2,ContB,right,0.97,200,Full Connectivity,MULTINOMIAL,Task
176,RH_ContB_PFClv_1,ContB,right,0.965,200,Full Connectivity,MULTINOMIAL,Task
177,RH_ContB_PFClv_2,ContB,right,0.93,200,Full Connectivity,MULTINOMIAL,Task
178,RH_ContB_PFCmp_1,ContB,right,0.985,200,Full Connectivity,MULTINOMIAL,Task
179,RH_ContB_PFCld_3,ContB,right,0.93,200,Full Connectivity,MULTINOMIAL,Task
180,RH_ContC_pCun_1,ContC,right,0.945,200,Full Connectivity,MULTINOMIAL,Task
181,RH_ContC_pCun_2,ContC,right,0.855,200,Full Connectivity,MULTINOMIAL,Task
182,RH_ContC_Cingp_1,ContC,right,0.93,200,Full Connectivity,MULTINOMIAL,Task
183,RH_DefaultA_IPL_1,DefaultA,right,0.945,200,Full Connectivity,MULTINOMIAL,Task
184,RH_DefaultA_PFCd_1,DefaultA,right,0.855,200,Full Connectivity,MULTINOMIAL,Task
185,RH_DefaultA_pCunPCC_1,DefaultA,right,0.955,200,Full Connectivity,MULTINOMIAL,Task
186,RH_DefaultA_PFCm_1,DefaultA,right,0.93,200,Full Connectivity,MULTINOMIAL,Task
187,RH_DefaultA_PFCm_2,DefaultA,right,0.755,200,Full Connectivity,MULTINOMIAL,Task
188,RH_DefaultA_PFCm_3,DefaultA,right,0.965,200,Full Connectivity,MULTINOMIAL,Task
189,RH_DefaultB_Temp_1,DefaultB,right,0.93,200,Full Connectivity,MULTINOMIAL,Task
190,RH_DefaultB_AntTemp_1,DefaultB,right,0.835,200,Full Connectivity,MULTINOMIAL,Task
191,RH_DefaultB_PFCd_1,DefaultB,right,0.96,200,Full Connectivity,MULTINOMIAL,Task
192,RH_DefaultB_PFCv_1,DefaultB,right,0.97,200,Full Connectivity,MULTINOMIAL,Task
193,RH_DefaultC_IPL_1,DefaultC,right,0.885,200,Full Connectivity,MULTINOMIAL,Task
194,RH_DefaultC_Rsp_1,DefaultC,right,0.975,200,Full Connectivity,MULTINOMIAL,Task
195,RH_DefaultC_PHC_1,DefaultC,right,0.94,200,Full Connectivity,MULTINOMIAL,Task
196,RH_TempPar_1,TempPar,right,0.86,200,Full Connectivity,MULTINOMIAL,Task
197,RH_TempPar_2,TempPar,right,0.835,200,Full Connectivity,MULTINOMIAL,Task
198,RH_TempPar_3,TempPar,right,0.885,200,Full Connectivity,MULTINOMIAL,Task
199,RH_TempPar_4,TempPar,right,0.88,200,Full Connectivity,MULTINOMIAL,Task
200,aHIP-rh,Hippocampus_ant,right,0.84,200,Full Connectivity,MULTINOMIAL,Task
201,pHIP-rh,Hippocampus_post,right,0.68,200,Full Connectivity,MULTINOMIAL,Task
202,lAMY-rh,Amygdala_lat,right,0.635,200,Full Connectivity,MULTINOMIAL,Task
203,mAMY-rh,Amygdala_med,right,0.8,200,Full Connectivity,MULTINOMIAL,Task
204,THA-DP-rh,Thalamus_DP,right,0.68,200,Full Connectivity,MULTINOMIAL,Task
205,THA-VP-rh,Thalamus_VP,right,0.68,200,Full Connectivity,MULTINOMIAL,Task
206,THA-VA-rh,Thalamus_VA,right,0.82,200,Full Connectivity,MULTINOMIAL,Task
207,THA-DA-rh,Thalamus_DA,right,0.845,200,Full Connectivity,MULTINOMIAL,Task
208,NAc-shell-rh,Accumbens_shell,right,0.69,200,Full Connectivity,MULTINOMIAL,Task
209,NAc-core-rh,Accumbens_core,right,0.845,200,Full Connectivity,MULTINOMIAL,Task
210,pGP-rh,Pallidum_post,right,0.465,200,Full Connectivity,MULTINOMIAL,Task
211,aGP-rh,Pallidum_ant,right,0.265,200,Full Connectivity,MULTINOMIAL,Task
212,aPUT-rh,Putamen_ant,right,0.9,200,Full Connectivity,MULTINOMIAL,Task
213,pPUT-rh,Putamen_post,right,0.815,200,Full Connectivity,MULTINOMIAL,Task
214,aCAU-rh,Caudate_ant,right,0.965,200,Full Connectivity,MULTINOMIAL,Task
215,pCAU-rh,Caudate_post,right,0.875,200,Full Connectivity,MULTINOMIAL,Task
216,aHIP-lh,Hippocampus_ant,left,0.84,200,Full Connectivity,MULTINOMIAL,Task
217,pHIP-lh,Hippocampus_post,left,0.685,200,Full Connectivity,MULTINOMIAL,Task
218,lAMY-lh,Amygdala_lat,left,0.77,200,Full Connectivity,MULTINOMIAL,Task
219,mAMY-lh,Amygdala_med,left,0.825,200,Full Connectivity,MULTINOMIAL,Task
220,THA-DP-lh,Thalamus_DP,left,0.77,200,Full Connectivity,MULTINOMIAL,Task
221,THA-VP-lh,Thalamus_VP,left,0.725,200,Full Connectivity,MULTINOMIAL,Task
222,THA-VA-lh,Thalamus_VA,left,0.85,200,Full Connectivity,MULTINOMIAL,Task
223,THA-DA-lh,Thalamus_DA,left,0.83,200,Full Connectivity,MULTINOMIAL,Task
224,NAc-shell-lh,Accumbens_shell,left,0.74,200,Full Connectivity,MULTINOMIAL,Task
225,NAc-core-lh,Accumbens_core,left,0.78,200,Full Connectivity,MULTINOMIAL,Task
226,pGP-lh,Pallidum_post,left,0.415,200,Full Connectivity,MULTINOMIAL,Task
227,aGP-lh,Pallidum_ant,left,0.24,200,Full Connectivity,MULTINOMIAL,Task
228,aPUT-lh,Putamen_ant,left,0.895,200,Full Connectivity,MULTINOMIAL,Task
229,pPUT-lh,Putamen_post,left,0.78,200,Full Connectivity,MULTINOMIAL,Task
230,aCAU-lh,Caudate_ant,left,0.91,200,Full Connectivity,MULTINOMIAL,Task
231,pCAU-lh,Caudate_post,left,0.895,200,Full Connectivity,MULTINOMIAL,Task
0,LH_VisCent_ExStr_2,VisCent,left,0.86,200,Full Connectivity,OVO,Task
1,LH_VisCent_ExStr_1,VisCent,left,0.935,200,Full Connectivity,OVO,Task
2,LH_VisCent_Striate_1,VisCent,left,0.96,200,Full Connectivity,OVO,Task
3,LH_VisCent_ExStr_3,VisCent,left,0.895,200,Full Connectivity,OVO,Task
4,LH_VisCent_ExStr_4,VisCent,left,0.935,200,Full Connectivity,OVO,Task
5,LH_VisCent_ExStr_5,VisCent,left,0.945,200,Full Connectivity,OVO,Task
6,LH_VisPeri_ExStrInf_1,VisPeri,left,0.89,200,Full Connectivity,OVO,Task
7,LH_VisPeri_ExStrInf_2,VisPeri,left,0.875,200,Full Connectivity,OVO,Task
8,LH_VisPeri_ExStrInf_3,VisPeri,left,0.72,200,Full Connectivity,OVO,Task
9,LH_VisPeri_StriCal_1,VisPeri,left,0.97,200,Full Connectivity,OVO,Task
10,LH_VisPeri_ExStrSup_1,VisPeri,left,0.915,200,Full Connectivity,OVO,Task
11,LH_VisPeri_ExStrSup_2,VisPeri,left,0.965,200,Full Connectivity,OVO,Task
12,LH_SomMotA_1,SomMotA,left,0.885,200,Full Connectivity,OVO,Task
13,LH_SomMotA_2,SomMotA,left,0.895,200,Full Connectivity,OVO,Task
14,LH_SomMotA_3,SomMotA,left,0.77,200,Full Connectivity,OVO,Task
15,LH_SomMotA_4,SomMotA,left,0.94,200,Full Connectivity,OVO,Task
16,LH_SomMotA_5,SomMotA,left,0.94,200,Full Connectivity,OVO,Task
17,LH_SomMotA_6,SomMotA,left,0.925,200,Full Connectivity,OVO,Task
18,LH_SomMotA_7,SomMotA,left,0.94,200,Full Connectivity,OVO,Task
19,LH_SomMotA_8,SomMotA,left,0.92,200,Full Connectivity,OVO,Task
20,LH_SomMotB_Aud_1,SomMotB,left,0.805,200,Full Connectivity,OVO,Task
21,LH_SomMotB_Aud_2,SomMotB,left,0.87,200,Full Connectivity,OVO,Task
22,LH_SomMotB_S2_1,SomMotB,left,0.705,200,Full Connectivity,OVO,Task
23,LH_SomMotB_S2_2,SomMotB,left,0.86,200,Full Connectivity,OVO,Task
24,LH_SomMotB_Aud_3,SomMotB,left,0.685,200,Full Connectivity,OVO,Task
25,LH_SomMotB_S2_3,SomMotB,left,0.85,200,Full Connectivity,OVO,Task
26,LH_SomMotB_Cent_1,SomMotB,left,0.915,200,Full Connectivity,OVO,Task
27,LH_SomMotB_Cent_2,SomMotB,left,0.76,200,Full Connectivity,OVO,Task
28,LH_DorsAttnA_TempOcc_1,DorsAttnA,left,0.92,200,Full Connectivity,OVO,Task
29,LH_DorsAttnA_TempOcc_2,DorsAttnA,left,0.9,200,Full Connectivity,OVO,Task
30,LH_DorsAttnA_ParOcc_1,DorsAttnA,left,0.835,200,Full Connectivity,OVO,Task
31,LH_DorsAttnA_SPL_1,DorsAttnA,left,0.915,200,Full Connectivity,OVO,Task
32,LH_DorsAttnA_SPL_2,DorsAttnA,left,0.915,200,Full Connectivity,OVO,Task
33,LH_DorsAttnA_SPL_3,DorsAttnA,left,0.82,200,Full Connectivity,OVO,Task
34,LH_DorsAttnB_PostC_1,DorsAttnB,left,0.94,200,Full Connectivity,OVO,Task
35,LH_DorsAttnB_PostC_2,DorsAttnB,left,0.96,200,Full Connectivity,OVO,Task
36,LH_DorsAttnB_PostC_3,DorsAttnB,left,0.945,200,Full Connectivity,OVO,Task
37,LH_DorsAttnB_PostC_4,DorsAttnB,left,0.945,200,Full Connectivity,OVO,Task
38,LH_DorsAttnB_FEF_1,DorsAttnB,left,0.81,200,Full Connectivity,OVO,Task
39,LH_SalVentAttnA_ParOper_1,SalVentAttnA,left,0.86,200,Full Connectivity,OVO,Task
40,LH_SalVentAttnA_Ins_1,SalVentAttnA,left,0.735,200,Full Connectivity,OVO,Task
41,LH_SalVentAttnA_FrOper_1,SalVentAttnA,left,0.755,200,Full Connectivity,OVO,Task
42,LH_SalVentAttnA_FrOper_2,SalVentAttnA,left,0.735,200,Full Connectivity,OVO,Task
43,LH_SalVentAttnA_ParMed_1,SalVentAttnA,left,0.955,200,Full Connectivity,OVO,Task
44,LH_SalVentAttnA_FrMed_1,SalVentAttnA,left,0.875,200,Full Connectivity,OVO,Task
45,LH_SalVentAttnA_FrMed_2,SalVentAttnA,left,0.85,200,Full Connectivity,OVO,Task
46,LH_SalVentAttnB_IPL_1,SalVentAttnB,left,0.83,200,Full Connectivity,OVO,Task
47,LH_SalVentAttnB_PFCl_1,SalVentAttnB,left,0.79,200,Full Connectivity,OVO,Task
48,LH_SalVentAttnB_Ins_1,SalVentAttnB,left,0.735,200,Full Connectivity,OVO,Task
49,LH_SalVentAttnB_PFCmp_1,SalVentAttnB,left,0.92,200,Full Connectivity,OVO,Task
50,LH_LimbicB_OFC_1,LimbicB,left,0.75,200,Full Connectivity,OVO,Task
51,LH_LimbicB_OFC_2,LimbicB,left,0.895,200,Full Connectivity,OVO,Task
52,LH_LimbicA_TempPole_1,LimbicA,left,0.845,200,Full Connectivity,OVO,Task
53,LH_LimbicA_TempPole_2,LimbicA,left,0.775,200,Full Connectivity,OVO,Task
54,LH_LimbicA_TempPole_3,LimbicA,left,0.755,200,Full Connectivity,OVO,Task
55,LH_LimbicA_TempPole_4,LimbicA,left,0.565,200,Full Connectivity,OVO,Task
56,LH_ContA_Temp_1,ContA,left,0.79,200,Full Connectivity,OVO,Task
57,LH_ContA_IPS_1,ContA,left,0.95,200,Full Connectivity,OVO,Task
58,LH_ContA_IPS_2,ContA,left,0.935,200,Full Connectivity,OVO,Task
59,LH_ContA_IPS_3,ContA,left,0.89,200,Full Connectivity,OVO,Task
60,LH_ContA_PFCd_1,ContA,left,0.855,200,Full Connectivity,OVO,Task
61,LH_ContA_PFClv_1,ContA,left,0.73,200,Full Connectivity,OVO,Task
62,LH_ContA_PFCl_1,ContA,left,0.88,200,Full Connectivity,OVO,Task
63,LH_ContA_PFCl_2,ContA,left,0.705,200,Full Connectivity,OVO,Task
64,LH_ContA_PFCl_3,ContA,left,0.875,200,Full Connectivity,OVO,Task
65,LH_ContA_Cingm_1,ContA,left,0.68,200,Full Connectivity,OVO,Task
66,LH_ContB_Temp_1,ContB,left,0.88,200,Full Connectivity,OVO,Task
67,LH_ContB_IPL_1,ContB,left,0.97,200,Full Connectivity,OVO,Task
68,LH_ContB_PFCl_1,ContB,left,0.915,200,Full Connectivity,OVO,Task
69,LH_ContB_PFClv_1,ContB,left,0.94,200,Full Connectivity,OVO,Task
70,LH_ContB_PFClv_2,ContB,left,0.78,200,Full Connectivity,OVO,Task
71,LH_ContC_pCun_1,ContC,left,0.86,200,Full Connectivity,OVO,Task
72,LH_ContC_pCun_2,ContC,left,0.88,200,Full Connectivity,OVO,Task
73,LH_ContC_Cingp_1,ContC,left,0.905,200,Full Connectivity,OVO,Task
74,LH_DefaultA_IPL_1,DefaultA,left,0.9,200,Full Connectivity,OVO,Task
75,LH_DefaultA_PFCd_1,DefaultA,left,0.805,200,Full Connectivity,OVO,Task
76,LH_DefaultA_pCunPCC_1,DefaultA,left,0.875,200,Full Connectivity,OVO,Task
77,LH_DefaultA_pCunPCC_2,DefaultA,left,0.83,200,Full Connectivity,OVO,Task
78,LH_DefaultA_pCunPCC_3,DefaultA,left,0.83,200,Full Connectivity,OVO,Task
79,LH_DefaultA_PFCm_1,DefaultA,left,0.855,200,Full Connectivity,OVO,Task
80,LH_DefaultA_PFCm_2,DefaultA,left,0.88,200,Full Connectivity,OVO,Task
81,LH_DefaultA_PFCm_3,DefaultA,left,0.935,200,Full Connectivity,OVO,Task
82,LH_DefaultB_Temp_1,DefaultB,left,0.815,200,Full Connectivity,OVO,Task
83,LH_DefaultB_Temp_2,DefaultB,left,0.83,200,Full Connectivity,OVO,Task
84,LH_DefaultB_Temp_3,DefaultB,left,0.72,200,Full Connectivity,OVO,Task
85,LH_DefaultB_Temp_4,DefaultB,left,0.835,200,Full Connectivity,OVO,Task
86,LH_DefaultB_IPL_1,DefaultB,left,0.84,200,Full Connectivity,OVO,Task
87,LH_DefaultB_PFCd_1,DefaultB,left,0.925,200,Full Connectivity,OVO,Task
88,LH_DefaultB_PFCd_2,DefaultB,left,0.975,200,Full Connectivity,OVO,Task
89,LH_DefaultB_PFCd_3,DefaultB,left,0.94,200,Full Connectivity,OVO,Task
90,LH_DefaultB_PFCd_4,DefaultB,left,0.93,200,Full Connectivity,OVO,Task
91,LH_DefaultB_PFCv_1,DefaultB,left,0.855,200,Full Connectivity,OVO,Task
92,LH_DefaultB_PFCv_2,DefaultB,left,0.685,200,Full Connectivity,OVO,Task
93,LH_DefaultB_PFCv_3,DefaultB,left,0.865,200,Full Connectivity,OVO,Task
94,LH_DefaultB_PFCv_4,DefaultB,left,0.835,200,Full Connectivity,OVO,Task
95,LH_DefaultC_IPL_1,DefaultC,left,0.865,200,Full Connectivity,OVO,Task
96,LH_DefaultC_Rsp_1,DefaultC,left,0.92,200,Full Connectivity,OVO,Task
97,LH_DefaultC_PHC_1,DefaultC,left,0.875,200,Full Connectivity,OVO,Task
98,LH_TempPar_1,TempPar,left,0.69,200,Full Connectivity,OVO,Task
99,LH_TempPar_2,TempPar,left,0.765,200,Full Connectivity,OVO,Task
100,RH_VisCent_ExStr_1,VisCent,right,0.96,200,Full Connectivity,OVO,Task
101,RH_VisCent_ExStr_2,VisCent,right,0.83,200,Full Connectivity,OVO,Task
102,RH_VisCent_Striate_1,VisCent,right,0.955,200,Full Connectivity,OVO,Task
103,RH_VisCent_ExStr_3,VisCent,right,0.87,200,Full Connectivity,OVO,Task
104,RH_VisCent_ExStr_4,VisCent,right,0.875,200,Full Connectivity,OVO,Task
105,RH_VisCent_ExStr_5,VisCent,right,0.93,200,Full Connectivity,OVO,Task
106,RH_VisPeri_ExStrInf_1,VisPeri,right,0.885,200,Full Connectivity,OVO,Task
107,RH_VisPeri_ExStrInf_2,VisPeri,right,0.875,200,Full Connectivity,OVO,Task
108,RH_VisPeri_StriCal_1,VisPeri,right,0.975,200,Full Connectivity,OVO,Task
109,RH_VisPeri_ExStrSup_1,VisPeri,right,0.8,200,Full Connectivity,OVO,Task
110,RH_VisPeri_ExStrSup_2,VisPeri,right,0.92,200,Full Connectivity,OVO,Task
111,RH_VisPeri_ExStrSup_3,VisPeri,right,0.87,200,Full Connectivity,OVO,Task
112,RH_SomMotA_1,SomMotA,right,0.925,200,Full Connectivity,OVO,Task
113,RH_SomMotA_2,SomMotA,right,0.855,200,Full Connectivity,OVO,Task
114,RH_SomMotA_3,SomMotA,right,0.91,200,Full Connectivity,OVO,Task
115,RH_SomMotA_4,SomMotA,right,0.95,200,Full Connectivity,OVO,Task
116,RH_SomMotA_5,SomMotA,right,0.93,200,Full Connectivity,OVO,Task
117,RH_SomMotA_6,SomMotA,right,0.985,200,Full Connectivity,OVO,Task
118,RH_SomMotA_7,SomMotA,right,0.895,200,Full Connectivity,OVO,Task
119,RH_SomMotA_8,SomMotA,right,0.93,200,Full Connectivity,OVO,Task
120,RH_SomMotA_9,SomMotA,right,0.94,200,Full Connectivity,OVO,Task
121,RH_SomMotA_10,SomMotA,right,0.95,200,Full Connectivity,OVO,Task
122,RH_SomMotA_11,SomMotA,right,0.905,200,Full Connectivity,OVO,Task
123,RH_SomMotB_Aud_1,SomMotB,right,0.85,200,Full Connectivity,OVO,Task
124,RH_SomMotB_Aud_2,SomMotB,right,0.835,200,Full Connectivity,OVO,Task
125,RH_SomMotB_S2_1,SomMotB,right,0.765,200,Full Connectivity,OVO,Task
126,RH_SomMotB_S2_2,SomMotB,right,0.775,200,Full Connectivity,OVO,Task
127,RH_SomMotB_S2_3,SomMotB,right,0.755,200,Full Connectivity,OVO,Task
128,RH_SomMotB_S2_4,SomMotB,right,0.845,200,Full Connectivity,OVO,Task
129,RH_SomMotB_Cent_1,SomMotB,right,0.935,200,Full Connectivity,OVO,Task
130,RH_DorsAttnA_TempOcc_1,DorsAttnA,right,0.92,200,Full Connectivity,OVO,Task
131,RH_DorsAttnA_ParOcc_1,DorsAttnA,right,0.845,200,Full Connectivity,OVO,Task
132,RH_DorsAttnA_SPL_1,DorsAttnA,right,0.875,200,Full Connectivity,OVO,Task
133,RH_DorsAttnA_SPL_2,DorsAttnA,right,0.875,200,Full Connectivity,OVO,Task
134,RH_DorsAttnA_SPL_3,DorsAttnA,right,0.805,200,Full Connectivity,OVO,Task
135,RH_DorsAttnA_SPL_4,DorsAttnA,right,0.78,200,Full Connectivity,OVO,Task
136,RH_DorsAttnB_PostC_1,DorsAttnB,right,0.785,200,Full Connectivity,OVO,Task
137,RH_DorsAttnB_PostC_2,DorsAttnB,right,0.92,200,Full Connectivity,OVO,Task
138,RH_DorsAttnB_PostC_3,DorsAttnB,right,0.945,200,Full Connectivity,OVO,Task
139,RH_DorsAttnB_PostC_4,DorsAttnB,right,0.965,200,Full Connectivity,OVO,Task
140,RH_DorsAttnB_FEF_1,DorsAttnB,right,0.73,200,Full Connectivity,OVO,Task
141,RH_SalVentAttnA_ParOper_1,SalVentAttnA,right,0.86,200,Full Connectivity,OVO,Task
142,RH_SalVentAttnA_PrC_1,SalVentAttnA,right,0.51,200,Full Connectivity,OVO,Task
143,RH_SalVentAttnA_Ins_1,SalVentAttnA,right,0.705,200,Full Connectivity,OVO,Task
144,RH_SalVentAttnA_Ins_2,SalVentAttnA,right,0.77,200,Full Connectivity,OVO,Task
145,RH_SalVentAttnA_FrOper_1,SalVentAttnA,right,0.81,200,Full Connectivity,OVO,Task
146,RH_SalVentAttnA_FrMed_1,SalVentAttnA,right,0.905,200,Full Connectivity,OVO,Task
147,RH_SalVentAttnA_ParMed_1,SalVentAttnA,right,0.775,200,Full Connectivity,OVO,Task
148,RH_SalVentAttnA_ParMed_2,SalVentAttnA,right,0.905,200,Full Connectivity,OVO,Task
149,RH_SalVentAttnA_FrMed_2,SalVentAttnA,right,0.86,200,Full Connectivity,OVO,Task
150,RH_SalVentAttnB_IPL_1,SalVentAttnB,right,0.875,200,Full Connectivity,OVO,Task
151,RH_SalVentAttnB_PFClv_1,SalVentAttnB,right,0.85,200,Full Connectivity,OVO,Task
152,RH_SalVentAttnB_PFCl_1,SalVentAttnB,right,0.885,200,Full Connectivity,OVO,Task
153,RH_SalVentAttnB_Ins_1,SalVentAttnB,right,0.89,200,Full Connectivity,OVO,Task
154,RH_SalVentAttnB_Ins_2,SalVentAttnB,right,0.855,200,Full Connectivity,OVO,Task
155,RH_SalVentAttnB_PFCmp_1,SalVentAttnB,right,0.92,200,Full Connectivity,OVO,Task
156,RH_LimbicB_OFC_1,LimbicB,right,0.895,200,Full Connectivity,OVO,Task
157,RH_LimbicB_OFC_2,LimbicB,right,0.86,200,Full Connectivity,OVO,Task
158,RH_LimbicB_OFC_3,LimbicB,right,0.885,200,Full Connectivity,OVO,Task
159,RH_LimbicB_OFC_4,LimbicB,right,0.785,200,Full Connectivity,OVO,Task
160,RH_LimbicA_TempPole_1,LimbicA,right,0.775,200,Full Connectivity,OVO,Task
161,RH_LimbicA_TempPole_2,LimbicA,right,0.655,200,Full Connectivity,OVO,Task
162,RH_LimbicA_TempPole_3,LimbicA,right,0.72,200,Full Connectivity,OVO,Task
163,RH_LimbicA_TempPole_4,LimbicA,right,0.865,200,Full Connectivity,OVO,Task
164,RH_ContA_IPS_1,ContA,right,0.935,200,Full Connectivity,OVO,Task
165,RH_ContA_IPS_2,ContA,right,0.89,200,Full Connectivity,OVO,Task
166,RH_ContA_PFCd_1,ContA,right,0.835,200,Full Connectivity,OVO,Task
167,RH_ContA_PFCl_1,ContA,right,0.605,200,Full Connectivity,OVO,Task
168,RH_ContA_PFCl_2,ContA,right,0.905,200,Full Connectivity,OVO,Task
169,RH_ContA_Cingm_1,ContA,right,0.68,200,Full Connectivity,OVO,Task
170,RH_ContB_Temp_1,ContB,right,0.8,200,Full Connectivity,OVO,Task
171,RH_ContB_Temp_2,ContB,right,0.865,200,Full Connectivity,OVO,Task
172,RH_ContB_IPL_1,ContB,right,0.88,200,Full Connectivity,OVO,Task
173,RH_ContB_IPL_2,ContB,right,0.94,200,Full Connectivity,OVO,Task
174,RH_ContB_PFCld_1,ContB,right,0.8,200,Full Connectivity,OVO,Task
175,RH_ContB_PFCld_2,ContB,right,0.945,200,Full Connectivity,OVO,Task
176,RH_ContB_PFClv_1,ContB,right,0.935,200,Full Connectivity,OVO,Task
177,RH_ContB_PFClv_2,ContB,right,0.915,200,Full Connectivity,OVO,Task
178,RH_ContB_PFCmp_1,ContB,right,0.955,200,Full Connectivity,OVO,Task
179,RH_ContB_PFCld_3,ContB,right,0.83,200,Full Connectivity,OVO,Task
180,RH_ContC_pCun_1,ContC,right,0.86,200,Full Connectivity,OVO,Task
181,RH_ContC_pCun_2,ContC,right,0.725,200,Full Connectivity,OVO,Task
182,RH_ContC_Cingp_1,ContC,right,0.89,200,Full Connectivity,OVO,Task
183,RH_DefaultA_IPL_1,DefaultA,right,0.9,200,Full Connectivity,OVO,Task
184,RH_DefaultA_PFCd_1,DefaultA,right,0.8,200,Full Connectivity,OVO,Task
185,RH_DefaultA_pCunPCC_1,DefaultA,right,0.83,200,Full Connectivity,OVO,Task
186,RH_DefaultA_PFCm_1,DefaultA,right,0.865,200,Full Connectivity,OVO,Task
187,RH_DefaultA_PFCm_2,DefaultA,right,0.7,200,Full Connectivity,OVO,Task
188,RH_DefaultA_PFCm_3,DefaultA,right,0.895,200,Full Connectivity,OVO,Task
189,RH_DefaultB_Temp_1,DefaultB,right,0.855,200,Full Connectivity,OVO,Task
190,RH_DefaultB_AntTemp_1,DefaultB,right,0.71,200,Full Connectivity,OVO,Task
191,RH_DefaultB_PFCd_1,DefaultB,right,0.945,200,Full Connectivity,OVO,Task
192,RH_DefaultB_PFCv_1,DefaultB,right,0.925,200,Full Connectivity,OVO,Task
193,RH_DefaultC_IPL_1,DefaultC,right,0.805,200,Full Connectivity,OVO,Task
194,RH_DefaultC_Rsp_1,DefaultC,right,0.93,200,Full Connectivity,OVO,Task
195,RH_DefaultC_PHC_1,DefaultC,right,0.885,200,Full Connectivity,OVO,Task
196,RH_TempPar_1,TempPar,right,0.71,200,Full Connectivity,OVO,Task
197,RH_TempPar_2,TempPar,right,0.79,200,Full Connectivity,OVO,Task
198,RH_TempPar_3,TempPar,right,0.8,200,Full Connectivity,OVO,Task
199,RH_TempPar_4,TempPar,right,0.85,200,Full Connectivity,OVO,Task
200,aHIP-rh,Hippocampus_ant,right,0.79,200,Full Connectivity,OVO,Task
201,pHIP-rh,Hippocampus_post,right,0.62,200,Full Connectivity,OVO,Task
202,lAMY-rh,Amygdala_lat,right,0.555,200,Full Connectivity,OVO,Task
203,mAMY-rh,Amygdala_med,right,0.725,200,Full Connectivity,OVO,Task
204,THA-DP-rh,Thalamus_DP,right,0.615,200,Full Connectivity,OVO,Task
205,THA-VP-rh,Thalamus_VP,right,0.66,200,Full Connectivity,OVO,Task
206,THA-VA-rh,Thalamus_VA,right,0.7,200,Full Connectivity,OVO,Task
207,THA-DA-rh,Thalamus_DA,right,0.795,200,Full Connectivity,OVO,Task
208,NAc-shell-rh,Accumbens_shell,right,0.65,200,Full Connectivity,OVO,Task
209,NAc-core-rh,Accumbens_core,right,0.825,200,Full Connectivity,OVO,Task
210,pGP-rh,Pallidum_post,right,0.44,200,Full Connectivity,OVO,Task
211,aGP-rh,Pallidum_ant,right,0.24,200,Full Connectivity,OVO,Task
212,aPUT-rh,Putamen_ant,right,0.825,200,Full Connectivity,OVO,Task
213,pPUT-rh,Putamen_post,right,0.755,200,Full Connectivity,OVO,Task
214,aCAU-rh,Caudate_ant,right,0.885,200,Full Connectivity,OVO,Task
215,pCAU-rh,Caudate_post,right,0.83,200,Full Connectivity,OVO,Task
216,aHIP-lh,Hippocampus_ant,left,0.75,200,Full Connectivity,OVO,Task
217,pHIP-lh,Hippocampus_post,left,0.575,200,Full Connectivity,OVO,Task
218,lAMY-lh,Amygdala_lat,left,0.72,200,Full Connectivity,OVO,Task
219,mAMY-lh,Amygdala_med,left,0.765,200,Full Connectivity,OVO,Task
220,THA-DP-lh,Thalamus_DP,left,0.74,200,Full Connectivity,OVO,Task
221,THA-VP-lh,Thalamus_VP,left,0.66,200,Full Connectivity,OVO,Task
222,THA-VA-lh,Thalamus_VA,left,0.73,200,Full Connectivity,OVO,Task
223,THA-DA-lh,Thalamus_DA,left,0.79,200,Full Connectivity,OVO,Task
224,NAc-shell-lh,Accumbens_shell,left,0.645,200,Full Connectivity,OVO,Task
225,NAc-core-lh,Accumbens_core,left,0.75,200,Full Connectivity,OVO,Task
226,pGP-lh,Pallidum_post,left,0.39,200,Full Connectivity,OVO,Task
227,aGP-lh,Pallidum_ant,left,0.25,200,Full Connectivity,OVO,Task
228,aPUT-lh,Putamen_ant,left,0.815,200,Full Connectivity,OVO,Task
229,pPUT-lh,Putamen_post,left,0.665,200,Full Connectivity,OVO,Task
230,aCAU-lh,Caudate_ant,left,0.83,200,Full Connectivity,OVO,Task
231,pCAU-lh,Caudate_post,left,0.81,200,Full Connectivity,OVO,Task
0,LH_VisCent_ExStr_2,VisCent,left,0.895,200,Full Connectivity,OVR,Task
1,LH_VisCent_ExStr_1,VisCent,left,0.99,200,Full Connectivity,OVR,Task
2,LH_VisCent_Striate_1,VisCent,left,1.0,200,Full Connectivity,OVR,Task
3,LH_VisCent_ExStr_3,VisCent,left,0.94,200,Full Connectivity,OVR,Task
4,LH_VisCent_ExStr_4,VisCent,left,0.985,200,Full Connectivity,OVR,Task
5,LH_VisCent_ExStr_5,VisCent,left,0.995,200,Full Connectivity,OVR,Task
6,LH_VisPeri_ExStrInf_1,VisPeri,left,0.94,200,Full Connectivity,OVR,Task
7,LH_VisPeri_ExStrInf_2,VisPeri,left,0.935,200,Full Connectivity,OVR,Task
8,LH_VisPeri_ExStrInf_3,VisPeri,left,0.725,200,Full Connectivity,OVR,Task
9,LH_VisPeri_StriCal_1,VisPeri,left,0.985,200,Full Connectivity,OVR,Task
10,LH_VisPeri_ExStrSup_1,VisPeri,left,0.97,200,Full Connectivity,OVR,Task
11,LH_VisPeri_ExStrSup_2,VisPeri,left,0.995,200,Full Connectivity,OVR,Task
12,LH_SomMotA_1,SomMotA,left,0.94,200,Full Connectivity,OVR,Task
13,LH_SomMotA_2,SomMotA,left,0.97,200,Full Connectivity,OVR,Task
14,LH_SomMotA_3,SomMotA,left,0.985,200,Full Connectivity,OVR,Task
15,LH_SomMotA_4,SomMotA,left,0.99,200,Full Connectivity,OVR,Task
16,LH_SomMotA_5,SomMotA,left,0.965,200,Full Connectivity,OVR,Task
17,LH_SomMotA_6,SomMotA,left,0.965,200,Full Connectivity,OVR,Task
18,LH_SomMotA_7,SomMotA,left,0.98,200,Full Connectivity,OVR,Task
19,LH_SomMotA_8,SomMotA,left,0.965,200,Full Connectivity,OVR,Task
20,LH_SomMotB_Aud_1,SomMotB,left,0.85,200,Full Connectivity,OVR,Task
21,LH_SomMotB_Aud_2,SomMotB,left,0.945,200,Full Connectivity,OVR,Task
22,LH_SomMotB_S2_1,SomMotB,left,0.815,200,Full Connectivity,OVR,Task
23,LH_SomMotB_S2_2,SomMotB,left,0.93,200,Full Connectivity,OVR,Task
24,LH_SomMotB_Aud_3,SomMotB,left,0.815,200,Full Connectivity,OVR,Task
25,LH_SomMotB_S2_3,SomMotB,left,0.93,200,Full Connectivity,OVR,Task
26,LH_SomMotB_Cent_1,SomMotB,left,0.995,200,Full Connectivity,OVR,Task
27,LH_SomMotB_Cent_2,SomMotB,left,0.935,200,Full Connectivity,OVR,Task
28,LH_DorsAttnA_TempOcc_1,DorsAttnA,left,0.965,200,Full Connectivity,OVR,Task
29,LH_DorsAttnA_TempOcc_2,DorsAttnA,left,0.955,200,Full Connectivity,OVR,Task
30,LH_DorsAttnA_ParOcc_1,DorsAttnA,left,0.835,200,Full Connectivity,OVR,Task
31,LH_DorsAttnA_SPL_1,DorsAttnA,left,0.98,200,Full Connectivity,OVR,Task
32,LH_DorsAttnA_SPL_2,DorsAttnA,left,0.975,200,Full Connectivity,OVR,Task
33,LH_DorsAttnA_SPL_3,DorsAttnA,left,0.88,200,Full Connectivity,OVR,Task
34,LH_DorsAttnB_PostC_1,DorsAttnB,left,0.975,200,Full Connectivity,OVR,Task
35,LH_DorsAttnB_PostC_2,DorsAttnB,left,0.98,200,Full Connectivity,OVR,Task
36,LH_DorsAttnB_PostC_3,DorsAttnB,left,0.955,200,Full Connectivity,OVR,Task
37,LH_DorsAttnB_PostC_4,DorsAttnB,left,0.985,200,Full Connectivity,OVR,Task
38,LH_DorsAttnB_FEF_1,DorsAttnB,left,0.9,200,Full Connectivity,OVR,Task
39,LH_SalVentAttnA_ParOper_1,SalVentAttnA,left,0.975,200,Full Connectivity,OVR,Task
40,LH_SalVentAttnA_Ins_1,SalVentAttnA,left,0.825,200,Full Connectivity,OVR,Task
41,LH_SalVentAttnA_FrOper_1,SalVentAttnA,left,0.86,200,Full Connectivity,OVR,Task
42,LH_SalVentAttnA_FrOper_2,SalVentAttnA,left,0.895,200,Full Connectivity,OVR,Task
43,LH_SalVentAttnA_ParMed_1,SalVentAttnA,left,0.98,200,Full Connectivity,OVR,Task
44,LH_SalVentAttnA_FrMed_1,SalVentAttnA,left,0.97,200,Full Connectivity,OVR,Task
45,LH_SalVentAttnA_FrMed_2,SalVentAttnA,left,0.965,200,Full Connectivity,OVR,Task
46,LH_SalVentAttnB_IPL_1,SalVentAttnB,left,0.935,200,Full Connectivity,OVR,Task
47,LH_SalVentAttnB_PFCl_1,SalVentAttnB,left,0.865,200,Full Connectivity,OVR,Task
48,LH_SalVentAttnB_Ins_1,SalVentAttnB,left,0.935,200,Full Connectivity,OVR,Task
49,LH_SalVentAttnB_PFCmp_1,SalVentAttnB,left,0.965,200,Full Connectivity,OVR,Task
50,LH_LimbicB_OFC_1,LimbicB,left,0.695,200,Full Connectivity,OVR,Task
51,LH_LimbicB_OFC_2,LimbicB,left,0.965,200,Full Connectivity,OVR,Task
52,LH_LimbicA_TempPole_1,LimbicA,left,0.81,200,Full Connectivity,OVR,Task
53,LH_LimbicA_TempPole_2,LimbicA,left,0.8,200,Full Connectivity,OVR,Task
54,LH_LimbicA_TempPole_3,LimbicA,left,0.74,200,Full Connectivity,OVR,Task
55,LH_LimbicA_TempPole_4,LimbicA,left,0.535,200,Full Connectivity,OVR,Task
56,LH_ContA_Temp_1,ContA,left,0.865,200,Full Connectivity,OVR,Task
57,LH_ContA_IPS_1,ContA,left,0.99,200,Full Connectivity,OVR,Task
58,LH_ContA_IPS_2,ContA,left,0.98,200,Full Connectivity,OVR,Task
59,LH_ContA_IPS_3,ContA,left,0.96,200,Full Connectivity,OVR,Task
60,LH_ContA_PFCd_1,ContA,left,0.93,200,Full Connectivity,OVR,Task
61,LH_ContA_PFClv_1,ContA,left,0.9,200,Full Connectivity,OVR,Task
62,LH_ContA_PFCl_1,ContA,left,0.935,200,Full Connectivity,OVR,Task
63,LH_ContA_PFCl_2,ContA,left,0.785,200,Full Connectivity,OVR,Task
64,LH_ContA_PFCl_3,ContA,left,0.9,200,Full Connectivity,OVR,Task
65,LH_ContA_Cingm_1,ContA,left,0.79,200,Full Connectivity,OVR,Task
66,LH_ContB_Temp_1,ContB,left,0.95,200,Full Connectivity,OVR,Task
67,LH_ContB_IPL_1,ContB,left,0.97,200,Full Connectivity,OVR,Task
68,LH_ContB_PFCl_1,ContB,left,0.97,200,Full Connectivity,OVR,Task
69,LH_ContB_PFClv_1,ContB,left,0.975,200,Full Connectivity,OVR,Task
70,LH_ContB_PFClv_2,ContB,left,0.87,200,Full Connectivity,OVR,Task
71,LH_ContC_pCun_1,ContC,left,0.96,200,Full Connectivity,OVR,Task
72,LH_ContC_pCun_2,ContC,left,0.99,200,Full Connectivity,OVR,Task
73,LH_ContC_Cingp_1,ContC,left,0.98,200,Full Connectivity,OVR,Task
74,LH_DefaultA_IPL_1,DefaultA,left,0.99,200,Full Connectivity,OVR,Task
75,LH_DefaultA_PFCd_1,DefaultA,left,0.945,200,Full Connectivity,OVR,Task
76,LH_DefaultA_pCunPCC_1,DefaultA,left,0.975,200,Full Connectivity,OVR,Task
77,LH_DefaultA_pCunPCC_2,DefaultA,left,0.975,200,Full Connectivity,OVR,Task
78,LH_DefaultA_pCunPCC_3,DefaultA,left,0.96,200,Full Connectivity,OVR,Task
79,LH_DefaultA_PFCm_1,DefaultA,left,0.93,200,Full Connectivity,OVR,Task
80,LH_DefaultA_PFCm_2,DefaultA,left,0.965,200,Full Connectivity,OVR,Task
81,LH_DefaultA_PFCm_3,DefaultA,left,0.99,200,Full Connectivity,OVR,Task
82,LH_DefaultB_Temp_1,DefaultB,left,0.9,200,Full Connectivity,OVR,Task
83,LH_DefaultB_Temp_2,DefaultB,left,0.895,200,Full Connectivity,OVR,Task
84,LH_DefaultB_Temp_3,DefaultB,left,0.9,200,Full Connectivity,OVR,Task
85,LH_DefaultB_Temp_4,DefaultB,left,0.95,200,Full Connectivity,OVR,Task
86,LH_DefaultB_IPL_1,DefaultB,left,0.915,200,Full Connectivity,OVR,Task
87,LH_DefaultB_PFCd_1,DefaultB,left,0.975,200,Full Connectivity,OVR,Task
88,LH_DefaultB_PFCd_2,DefaultB,left,0.995,200,Full Connectivity,OVR,Task
89,LH_DefaultB_PFCd_3,DefaultB,left,0.995,200,Full Connectivity,OVR,Task
90,LH_DefaultB_PFCd_4,DefaultB,left,0.965,200,Full Connectivity,OVR,Task
91,LH_DefaultB_PFCv_1,DefaultB,left,0.945,200,Full Connectivity,OVR,Task
92,LH_DefaultB_PFCv_2,DefaultB,left,0.765,200,Full Connectivity,OVR,Task
93,LH_DefaultB_PFCv_3,DefaultB,left,0.96,200,Full Connectivity,OVR,Task
94,LH_DefaultB_PFCv_4,DefaultB,left,0.97,200,Full Connectivity,OVR,Task
95,LH_DefaultC_IPL_1,DefaultC,left,0.95,200,Full Connectivity,OVR,Task
96,LH_DefaultC_Rsp_1,DefaultC,left,1.0,200,Full Connectivity,OVR,Task
97,LH_DefaultC_PHC_1,DefaultC,left,0.945,200,Full Connectivity,OVR,Task
98,LH_TempPar_1,TempPar,left,0.865,200,Full Connectivity,OVR,Task
99,LH_TempPar_2,TempPar,left,0.745,200,Full Connectivity,OVR,Task
100,RH_VisCent_ExStr_1,VisCent,right,0.985,200,Full Connectivity,OVR,Task
101,RH_VisCent_ExStr_2,VisCent,right,0.91,200,Full Connectivity,OVR,Task
102,RH_VisCent_Striate_1,VisCent,right,0.975,200,Full Connectivity,OVR,Task
103,RH_VisCent_ExStr_3,VisCent,right,0.94,200,Full Connectivity,OVR,Task
104,RH_VisCent_ExStr_4,VisCent,right,0.96,200,Full Connectivity,OVR,Task
105,RH_VisCent_ExStr_5,VisCent,right,0.99,200,Full Connectivity,OVR,Task
106,RH_VisPeri_ExStrInf_1,VisPeri,right,0.98,200,Full Connectivity,OVR,Task
107,RH_VisPeri_ExStrInf_2,VisPeri,right,0.9,200,Full Connectivity,OVR,Task
108,RH_VisPeri_StriCal_1,VisPeri,right,0.995,200,Full Connectivity,OVR,Task
109,RH_VisPeri_ExStrSup_1,VisPeri,right,0.905,200,Full Connectivity,OVR,Task
110,RH_VisPeri_ExStrSup_2,VisPeri,right,0.98,200,Full Connectivity,OVR,Task
111,RH_VisPeri_ExStrSup_3,VisPeri,right,0.95,200,Full Connectivity,OVR,Task
112,RH_SomMotA_1,SomMotA,right,0.99,200,Full Connectivity,OVR,Task
113,RH_SomMotA_2,SomMotA,right,0.96,200,Full Connectivity,OVR,Task
114,RH_SomMotA_3,SomMotA,right,0.94,200,Full Connectivity,OVR,Task
115,RH_SomMotA_4,SomMotA,right,0.99,200,Full Connectivity,OVR,Task
116,RH_SomMotA_5,SomMotA,right,0.955,200,Full Connectivity,OVR,Task
117,RH_SomMotA_6,SomMotA,right,1.0,200,Full Connectivity,OVR,Task
118,RH_SomMotA_7,SomMotA,right,0.92,200,Full Connectivity,OVR,Task
119,RH_SomMotA_8,SomMotA,right,0.96,200,Full Connectivity,OVR,Task
120,RH_SomMotA_9,SomMotA,right,0.95,200,Full Connectivity,OVR,Task
121,RH_SomMotA_10,SomMotA,right,0.995,200,Full Connectivity,OVR,Task
122,RH_SomMotA_11,SomMotA,right,0.965,200,Full Connectivity,OVR,Task
123,RH_SomMotB_Aud_1,SomMotB,right,0.9,200,Full Connectivity,OVR,Task
124,RH_SomMotB_Aud_2,SomMotB,right,0.885,200,Full Connectivity,OVR,Task
125,RH_SomMotB_S2_1,SomMotB,right,0.8,200,Full Connectivity,OVR,Task
126,RH_SomMotB_S2_2,SomMotB,right,0.88,200,Full Connectivity,OVR,Task
127,RH_SomMotB_S2_3,SomMotB,right,0.9,200,Full Connectivity,OVR,Task
128,RH_SomMotB_S2_4,SomMotB,right,0.94,200,Full Connectivity,OVR,Task
129,RH_SomMotB_Cent_1,SomMotB,right,1.0,200,Full Connectivity,OVR,Task
130,RH_DorsAttnA_TempOcc_1,DorsAttnA,right,0.945,200,Full Connectivity,OVR,Task
131,RH_DorsAttnA_ParOcc_1,DorsAttnA,right,0.88,200,Full Connectivity,OVR,Task
132,RH_DorsAttnA_SPL_1,DorsAttnA,right,0.955,200,Full Connectivity,OVR,Task
133,RH_DorsAttnA_SPL_2,DorsAttnA,right,0.945,200,Full Connectivity,OVR,Task
134,RH_DorsAttnA_SPL_3,DorsAttnA,right,0.88,200,Full Connectivity,OVR,Task
135,RH_DorsAttnA_SPL_4,DorsAttnA,right,0.955,200,Full Connectivity,OVR,Task
136,RH_DorsAttnB_PostC_1,DorsAttnB,right,0.92,200,Full Connectivity,OVR,Task
137,RH_DorsAttnB_PostC_2,DorsAttnB,right,0.975,200,Full Connectivity,OVR,Task
138,RH_DorsAttnB_PostC_3,DorsAttnB,right,0.965,200,Full Connectivity,OVR,Task
139,RH_DorsAttnB_PostC_4,DorsAttnB,right,0.99,200,Full Connectivity,OVR,Task
140,RH_DorsAttnB_FEF_1,DorsAttnB,right,0.865,200,Full Connectivity,OVR,Task
141,RH_SalVentAttnA_ParOper_1,SalVentAttnA,right,0.975,200,Full Connectivity,OVR,Task
142,RH_SalVentAttnA_PrC_1,SalVentAttnA,right,0.555,200,Full Connectivity,OVR,Task
143,RH_SalVentAttnA_Ins_1,SalVentAttnA,right,0.72,200,Full Connectivity,OVR,Task
144,RH_SalVentAttnA_Ins_2,SalVentAttnA,right,0.885,200,Full Connectivity,OVR,Task
145,RH_SalVentAttnA_FrOper_1,SalVentAttnA,right,0.93,200,Full Connectivity,OVR,Task
146,RH_SalVentAttnA_FrMed_1,SalVentAttnA,right,0.975,200,Full Connectivity,OVR,Task
147,RH_SalVentAttnA_ParMed_1,SalVentAttnA,right,0.79,200,Full Connectivity,OVR,Task
148,RH_SalVentAttnA_ParMed_2,SalVentAttnA,right,0.97,200,Full Connectivity,OVR,Task
149,RH_SalVentAttnA_FrMed_2,SalVentAttnA,right,0.965,200,Full Connectivity,OVR,Task
150,RH_SalVentAttnB_IPL_1,SalVentAttnB,right,0.915,200,Full Connectivity,OVR,Task
151,RH_SalVentAttnB_PFClv_1,SalVentAttnB,right,0.905,200,Full Connectivity,OVR,Task
152,RH_SalVentAttnB_PFCl_1,SalVentAttnB,right,0.92,200,Full Connectivity,OVR,Task
153,RH_SalVentAttnB_Ins_1,SalVentAttnB,right,0.935,200,Full Connectivity,OVR,Task
154,RH_SalVentAttnB_Ins_2,SalVentAttnB,right,0.94,200,Full Connectivity,OVR,Task
155,RH_SalVentAttnB_PFCmp_1,SalVentAttnB,right,0.95,200,Full Connectivity,OVR,Task
156,RH_LimbicB_OFC_1,LimbicB,right,0.92,200,Full Connectivity,OVR,Task
157,RH_LimbicB_OFC_2,LimbicB,right,0.955,200,Full Connectivity,OVR,Task
158,RH_LimbicB_OFC_3,LimbicB,right,0.945,200,Full Connectivity,OVR,Task
159,RH_LimbicB_OFC_4,LimbicB,right,0.935,200,Full Connectivity,OVR,Task
160,RH_LimbicA_TempPole_1,LimbicA,right,0.82,200,Full Connectivity,OVR,Task
161,RH_LimbicA_TempPole_2,LimbicA,right,0.645,200,Full Connectivity,OVR,Task
162,RH_LimbicA_TempPole_3,LimbicA,right,0.7,200,Full Connectivity,OVR,Task
163,RH_LimbicA_TempPole_4,LimbicA,right,0.91,200,Full Connectivity,OVR,Task
164,RH_ContA_IPS_1,ContA,right,0.985,200,Full Connectivity,OVR,Task
165,RH_ContA_IPS_2,ContA,right,0.96,200,Full Connectivity,OVR,Task
166,RH_ContA_PFCd_1,ContA,right,0.9,200,Full Connectivity,OVR,Task
167,RH_ContA_PFCl_1,ContA,right,0.8,200,Full Connectivity,OVR,Task
168,RH_ContA_PFCl_2,ContA,right,0.965,200,Full Connectivity,OVR,Task
169,RH_ContA_Cingm_1,ContA,right,0.765,200,Full Connectivity,OVR,Task
170,RH_ContB_Temp_1,ContB,right,0.915,200,Full Connectivity,OVR,Task
171,RH_ContB_Temp_2,ContB,right,0.915,200,Full Connectivity,OVR,Task
172,RH_ContB_IPL_1,ContB,right,0.985,200,Full Connectivity,OVR,Task
173,RH_ContB_IPL_2,ContB,right,0.99,200,Full Connectivity,OVR,Task
174,RH_ContB_PFCld_1,ContB,right,0.79,200,Full Connectivity,OVR,Task
175,RH_ContB_PFCld_2,ContB,right,0.98,200,Full Connectivity,OVR,Task
176,RH_ContB_PFClv_1,ContB,right,0.96,200,Full Connectivity,OVR,Task
177,RH_ContB_PFClv_2,ContB,right,0.975,200,Full Connectivity,OVR,Task
178,RH_ContB_PFCmp_1,ContB,right,0.99,200,Full Connectivity,OVR,Task
179,RH_ContB_PFCld_3,ContB,right,0.93,200,Full Connectivity,OVR,Task
180,RH_ContC_pCun_1,ContC,right,0.975,200,Full Connectivity,OVR,Task
181,RH_ContC_pCun_2,ContC,right,0.9,200,Full Connectivity,OVR,Task
182,RH_ContC_Cingp_1,ContC,right,0.975,200,Full Connectivity,OVR,Task
183,RH_DefaultA_IPL_1,DefaultA,right,0.955,200,Full Connectivity,OVR,Task
184,RH_DefaultA_PFCd_1,DefaultA,right,0.855,200,Full Connectivity,OVR,Task
185,RH_DefaultA_pCunPCC_1,DefaultA,right,0.985,200,Full Connectivity,OVR,Task
186,RH_DefaultA_PFCm_1,DefaultA,right,0.965,200,Full Connectivity,OVR,Task
187,RH_DefaultA_PFCm_2,DefaultA,right,0.605,200,Full Connectivity,OVR,Task
188,RH_DefaultA_PFCm_3,DefaultA,right,0.98,200,Full Connectivity,OVR,Task
189,RH_DefaultB_Temp_1,DefaultB,right,0.94,200,Full Connectivity,OVR,Task
190,RH_DefaultB_AntTemp_1,DefaultB,right,0.835,200,Full Connectivity,OVR,Task
191,RH_DefaultB_PFCd_1,DefaultB,right,0.965,200,Full Connectivity,OVR,Task
192,RH_DefaultB_PFCv_1,DefaultB,right,0.965,200,Full Connectivity,OVR,Task
193,RH_DefaultC_IPL_1,DefaultC,right,0.91,200,Full Connectivity,OVR,Task
194,RH_DefaultC_Rsp_1,DefaultC,right,0.99,200,Full Connectivity,OVR,Task
195,RH_DefaultC_PHC_1,DefaultC,right,0.955,200,Full Connectivity,OVR,Task
196,RH_TempPar_1,TempPar,right,0.88,200,Full Connectivity,OVR,Task
197,RH_TempPar_2,TempPar,right,0.84,200,Full Connectivity,OVR,Task
198,RH_TempPar_3,TempPar,right,0.89,200,Full Connectivity,OVR,Task
199,RH_TempPar_4,TempPar,right,0.905,200,Full Connectivity,OVR,Task
200,aHIP-rh,Hippocampus_ant,right,0.86,200,Full Connectivity,OVR,Task
201,pHIP-rh,Hippocampus_post,right,0.675,200,Full Connectivity,OVR,Task
202,lAMY-rh,Amygdala_lat,right,0.55,200,Full Connectivity,OVR,Task
203,mAMY-rh,Amygdala_med,right,0.805,200,Full Connectivity,OVR,Task
204,THA-DP-rh,Thalamus_DP,right,0.62,200,Full Connectivity,OVR,Task
205,THA-VP-rh,Thalamus_VP,right,0.655,200,Full Connectivity,OVR,Task
206,THA-VA-rh,Thalamus_VA,right,0.87,200,Full Connectivity,OVR,Task
207,THA-DA-rh,Thalamus_DA,right,0.855,200,Full Connectivity,OVR,Task
208,NAc-shell-rh,Accumbens_shell,right,0.62,200,Full Connectivity,OVR,Task
209,NAc-core-rh,Accumbens_core,right,0.845,200,Full Connectivity,OVR,Task
210,pGP-rh,Pallidum_post,right,0.415,200,Full Connectivity,OVR,Task
211,aGP-rh,Pallidum_ant,right,0.195,200,Full Connectivity,OVR,Task
212,aPUT-rh,Putamen_ant,right,0.95,200,Full Connectivity,OVR,Task
213,pPUT-rh,Putamen_post,right,0.875,200,Full Connectivity,OVR,Task
214,aCAU-rh,Caudate_ant,right,0.96,200,Full Connectivity,OVR,Task
215,pCAU-rh,Caudate_post,right,0.89,200,Full Connectivity,OVR,Task
216,aHIP-lh,Hippocampus_ant,left,0.85,200,Full Connectivity,OVR,Task
217,pHIP-lh,Hippocampus_post,left,0.665,200,Full Connectivity,OVR,Task
218,lAMY-lh,Amygdala_lat,left,0.715,200,Full Connectivity,OVR,Task
219,mAMY-lh,Amygdala_med,left,0.825,200,Full Connectivity,OVR,Task
220,THA-DP-lh,Thalamus_DP,left,0.725,200,Full Connectivity,OVR,Task
221,THA-VP-lh,Thalamus_VP,left,0.715,200,Full Connectivity,OVR,Task
222,THA-VA-lh,Thalamus_VA,left,0.895,200,Full Connectivity,OVR,Task
223,THA-DA-lh,Thalamus_DA,left,0.865,200,Full Connectivity,OVR,Task
224,NAc-shell-lh,Accumbens_shell,left,0.73,200,Full Connectivity,OVR,Task
225,NAc-core-lh,Accumbens_core,left,0.765,200,Full Connectivity,OVR,Task
226,pGP-lh,Pallidum_post,left,0.37,200,Full Connectivity,OVR,Task
227,aGP-lh,Pallidum_ant,left,0.185,200,Full Connectivity,OVR,Task
228,aPUT-lh,Putamen_ant,left,0.925,200,Full Connectivity,OVR,Task
229,pPUT-lh,Putamen_post,left,0.845,200,Full Connectivity,OVR,Task
230,aCAU-lh,Caudate_ant,left,0.915,200,Full Connectivity,OVR,Task
231,pCAU-lh,Caudate_post,left,0.915,200,Full Connectivity,OVR,Task
