subject_id,true_region,predicted_region
sub-0001_P2,0,0
sub-0001_P2,1,1
sub-0001_P2,2,2
sub-0001_P2,3,3
sub-0001_P2,4,4
sub-0001_P2,5,5
sub-0001_P2,6,6
sub-0001_P2,7,7
sub-0001_P2,8,8
sub-0001_P2,9,9
sub-0001_P2,10,10
sub-0001_P2,11,11
sub-0001_P2,12,12
sub-0001_P2,13,13
sub-0001_P2,14,14
sub-0001_P2,15,15
sub-0001_P2,16,36
sub-0001_P2,17,17
sub-0001_P2,18,18
sub-0001_P2,19,19
sub-0001_P2,20,20
sub-0001_P2,21,21
sub-0001_P2,22,22
sub-0001_P2,23,23
sub-0001_P2,24,24
sub-0001_P2,25,25
sub-0001_P2,26,26
sub-0001_P2,27,27
sub-0001_P2,28,28
sub-0001_P2,29,29
sub-0001_P2,30,30
sub-0001_P2,31,168
sub-0001_P2,32,32
sub-0001_P2,33,33
sub-0001_P2,34,34
sub-0001_P2,35,35
sub-0001_P2,36,36
sub-0001_P2,37,37
sub-0001_P2,38,142
sub-0001_P2,39,39
sub-0001_P2,40,40
sub-0001_P2,41,41
sub-0001_P2,42,42
sub-0001_P2,43,43
sub-0001_P2,44,44
sub-0001_P2,45,45
sub-0001_P2,46,46
sub-0001_P2,47,47
sub-0001_P2,48,48
sub-0001_P2,49,49
sub-0001_P2,50,50
sub-0001_P2,51,51
sub-0001_P2,52,52
sub-0001_P2,53,53
sub-0001_P2,54,53
sub-0001_P2,55,55
sub-0001_P2,56,56
sub-0001_P2,57,57
sub-0001_P2,58,58
sub-0001_P2,59,59
sub-0001_P2,60,65
sub-0001_P2,61,61
sub-0001_P2,62,62
sub-0001_P2,63,63
sub-0001_P2,64,64
sub-0001_P2,65,65
sub-0001_P2,66,66
sub-0001_P2,67,67
sub-0001_P2,68,68
sub-0001_P2,69,69
sub-0001_P2,70,70
sub-0001_P2,71,71
sub-0001_P2,72,72
sub-0001_P2,73,73
sub-0001_P2,74,74
sub-0001_P2,75,75
sub-0001_P2,76,76
sub-0001_P2,77,77
sub-0001_P2,78,78
sub-0001_P2,79,79
sub-0001_P2,80,80
sub-0001_P2,81,81
sub-0001_P2,82,82
sub-0001_P2,83,83
sub-0001_P2,84,84
sub-0001_P2,85,85
sub-0001_P2,86,86
sub-0001_P2,87,87
sub-0001_P2,88,88
sub-0001_P2,89,89
sub-0001_P2,90,90
sub-0001_P2,91,91
sub-0001_P2,92,92
sub-0001_P2,93,93
sub-0001_P2,94,94
sub-0001_P2,95,95
sub-0001_P2,96,96
sub-0001_P2,97,97
sub-0001_P2,98,98
sub-0001_P2,99,99
sub-0001_P2,100,100
sub-0001_P2,101,101
sub-0001_P2,102,102
sub-0001_P2,103,103
sub-0001_P2,104,104
sub-0001_P2,105,105
sub-0001_P2,106,106
sub-0001_P2,107,107
sub-0001_P2,108,8
sub-0001_P2,109,109
sub-0001_P2,110,110
sub-0001_P2,111,111
sub-0001_P2,112,112
sub-0001_P2,113,113
sub-0001_P2,114,114
sub-0001_P2,115,115
sub-0001_P2,116,116
sub-0001_P2,117,117
sub-0001_P2,118,118
sub-0001_P2,119,119
sub-0001_P2,120,120
sub-0001_P2,121,121
sub-0001_P2,122,122
sub-0001_P2,123,123
sub-0001_P2,124,124
sub-0001_P2,125,127
sub-0001_P2,126,126
sub-0001_P2,127,127
sub-0001_P2,128,128
sub-0001_P2,129,129
sub-0001_P2,130,130
sub-0001_P2,131,131
sub-0001_P2,132,132
sub-0001_P2,133,133
sub-0001_P2,134,134
sub-0001_P2,135,135
sub-0001_P2,136,136
sub-0001_P2,137,137
sub-0001_P2,138,138
sub-0001_P2,139,139
sub-0001_P2,140,140
sub-0001_P2,141,141
sub-0001_P2,142,142
sub-0001_P2,143,143
sub-0001_P2,144,144
sub-0001_P2,145,145
sub-0001_P2,146,146
sub-0001_P2,147,147
sub-0001_P2,148,148
sub-0001_P2,149,114
sub-0001_P2,150,150
sub-0001_P2,151,151
sub-0001_P2,152,152
sub-0001_P2,153,153
sub-0001_P2,154,154
sub-0001_P2,155,155
sub-0001_P2,156,203
sub-0001_P2,157,157
sub-0001_P2,158,158
sub-0001_P2,159,159
sub-0001_P2,160,160
sub-0001_P2,161,161
sub-0001_P2,162,162
sub-0001_P2,163,163
sub-0001_P2,164,164
sub-0001_P2,165,165
sub-0001_P2,166,166
sub-0001_P2,167,167
sub-0001_P2,168,168
sub-0001_P2,169,169
sub-0001_P2,170,170
sub-0001_P2,171,171
sub-0001_P2,172,172
sub-0001_P2,173,173
sub-0001_P2,174,174
sub-0001_P2,175,175
sub-0001_P2,176,176
sub-0001_P2,177,177
sub-0001_P2,178,178
sub-0001_P2,179,179
sub-0001_P2,180,180
sub-0001_P2,181,74
sub-0001_P2,182,182
sub-0001_P2,183,183
sub-0001_P2,184,184
sub-0001_P2,185,185
sub-0001_P2,186,186
sub-0001_P2,187,187
sub-0001_P2,188,188
sub-0001_P2,189,189
sub-0001_P2,190,190
sub-0001_P2,191,191
sub-0001_P2,192,192
sub-0001_P2,193,193
sub-0001_P2,194,194
sub-0001_P2,195,195
sub-0001_P2,196,196
sub-0001_P2,197,197
sub-0001_P2,198,198
sub-0001_P2,199,199
sub-0001_P2,200,200
sub-0001_P2,201,201
sub-0001_P2,202,202
sub-0001_P2,203,203
sub-0001_P2,204,204
sub-0001_P2,205,205
sub-0001_P2,206,206
sub-0001_P2,207,207
sub-0001_P2,208,208
sub-0001_P2,209,208
sub-0001_P2,210,210
sub-0001_P2,211,211
sub-0001_P2,212,212
sub-0001_P2,213,213
sub-0001_P2,214,214
sub-0001_P2,215,63
sub-0001_P2,216,203
sub-0001_P2,217,217
sub-0001_P2,218,203
sub-0001_P2,219,219
sub-0001_P2,220,220
sub-0001_P2,221,221
sub-0001_P2,222,222
sub-0001_P2,223,223
sub-0001_P2,224,224
sub-0001_P2,225,187
sub-0001_P2,226,211
sub-0001_P2,227,210
sub-0001_P2,228,228
sub-0001_P2,229,229
sub-0001_P2,230,230
sub-0001_P2,231,231
sub-0002_P2,0,0
sub-0002_P2,1,1
sub-0002_P2,2,2
sub-0002_P2,3,3
sub-0002_P2,4,4
sub-0002_P2,5,5
sub-0002_P2,6,6
sub-0002_P2,7,7
sub-0002_P2,8,8
sub-0002_P2,9,9
sub-0002_P2,10,10
sub-0002_P2,11,11
sub-0002_P2,12,12
sub-0002_P2,13,13
sub-0002_P2,14,14
sub-0002_P2,15,15
sub-0002_P2,16,14
sub-0002_P2,17,17
sub-0002_P2,18,18
sub-0002_P2,19,19
sub-0002_P2,20,20
sub-0002_P2,21,21
sub-0002_P2,22,22
sub-0002_P2,23,23
sub-0002_P2,24,24
sub-0002_P2,25,25
sub-0002_P2,26,26
sub-0002_P2,27,27
sub-0002_P2,28,0
sub-0002_P2,29,29
sub-0002_P2,30,30
sub-0002_P2,31,31
sub-0002_P2,32,32
sub-0002_P2,33,33
sub-0002_P2,34,34
sub-0002_P2,35,35
sub-0002_P2,36,36
sub-0002_P2,37,37
sub-0002_P2,38,38
sub-0002_P2,39,39
sub-0002_P2,40,144
sub-0002_P2,41,41
sub-0002_P2,42,42
sub-0002_P2,43,43
sub-0002_P2,44,44
sub-0002_P2,45,45
sub-0002_P2,46,46
sub-0002_P2,47,47
sub-0002_P2,48,48
sub-0002_P2,49,49
sub-0002_P2,50,50
sub-0002_P2,51,51
sub-0002_P2,52,52
sub-0002_P2,53,53
sub-0002_P2,54,54
sub-0002_P2,55,55
sub-0002_P2,56,56
sub-0002_P2,57,57
sub-0002_P2,58,58
sub-0002_P2,59,59
sub-0002_P2,60,60
sub-0002_P2,61,61
sub-0002_P2,62,64
sub-0002_P2,63,63
sub-0002_P2,64,64
sub-0002_P2,65,65
sub-0002_P2,66,66
sub-0002_P2,67,67
sub-0002_P2,68,68
sub-0002_P2,69,69
sub-0002_P2,70,70
sub-0002_P2,71,71
sub-0002_P2,72,72
sub-0002_P2,73,73
sub-0002_P2,74,74
sub-0002_P2,75,75
sub-0002_P2,76,76
sub-0002_P2,77,77
sub-0002_P2,78,78
sub-0002_P2,79,79
sub-0002_P2,80,80
sub-0002_P2,81,81
sub-0002_P2,82,82
sub-0002_P2,83,83
sub-0002_P2,84,84
sub-0002_P2,85,85
sub-0002_P2,86,86
sub-0002_P2,87,87
sub-0002_P2,88,88
sub-0002_P2,89,89
sub-0002_P2,90,90
sub-0002_P2,91,91
sub-0002_P2,92,92
sub-0002_P2,93,93
sub-0002_P2,94,94
sub-0002_P2,95,95
sub-0002_P2,96,166
sub-0002_P2,97,97
sub-0002_P2,98,98
sub-0002_P2,99,99
sub-0002_P2,100,100
sub-0002_P2,101,101
sub-0002_P2,102,102
sub-0002_P2,103,103
sub-0002_P2,104,0
sub-0002_P2,105,105
sub-0002_P2,106,106
sub-0002_P2,107,107
sub-0002_P2,108,108
sub-0002_P2,109,109
sub-0002_P2,110,110
sub-0002_P2,111,10
sub-0002_P2,112,112
sub-0002_P2,113,113
sub-0002_P2,114,114
sub-0002_P2,115,117
sub-0002_P2,116,116
sub-0002_P2,117,117
sub-0002_P2,118,200
sub-0002_P2,119,119
sub-0002_P2,120,120
sub-0002_P2,121,121
sub-0002_P2,122,122
sub-0002_P2,123,123
sub-0002_P2,124,124
sub-0002_P2,125,125
sub-0002_P2,126,126
sub-0002_P2,127,127
sub-0002_P2,128,128
sub-0002_P2,129,129
sub-0002_P2,130,130
sub-0002_P2,131,131
sub-0002_P2,132,132
sub-0002_P2,133,133
sub-0002_P2,134,134
sub-0002_P2,135,137
sub-0002_P2,136,137
sub-0002_P2,137,137
sub-0002_P2,138,138
sub-0002_P2,139,139
sub-0002_P2,140,140
sub-0002_P2,141,141
sub-0002_P2,142,142
sub-0002_P2,143,143
sub-0002_P2,144,144
sub-0002_P2,145,145
sub-0002_P2,146,146
sub-0002_P2,147,147
sub-0002_P2,148,148
sub-0002_P2,149,149
sub-0002_P2,150,150
sub-0002_P2,151,151
sub-0002_P2,152,152
sub-0002_P2,153,153
sub-0002_P2,154,154
sub-0002_P2,155,155
sub-0002_P2,156,156
sub-0002_P2,157,157
sub-0002_P2,158,187
sub-0002_P2,159,159
sub-0002_P2,160,160
sub-0002_P2,161,161
sub-0002_P2,162,162
sub-0002_P2,163,163
sub-0002_P2,164,164
sub-0002_P2,165,165
sub-0002_P2,166,166
sub-0002_P2,167,167
sub-0002_P2,168,168
sub-0002_P2,169,169
sub-0002_P2,170,170
sub-0002_P2,171,171
sub-0002_P2,172,172
sub-0002_P2,173,173
sub-0002_P2,174,174
sub-0002_P2,175,175
sub-0002_P2,176,176
sub-0002_P2,177,177
sub-0002_P2,178,178
sub-0002_P2,179,179
sub-0002_P2,180,180
sub-0002_P2,181,181
sub-0002_P2,182,182
sub-0002_P2,183,183
sub-0002_P2,184,184
sub-0002_P2,185,185
sub-0002_P2,186,186
sub-0002_P2,187,187
sub-0002_P2,188,188
sub-0002_P2,189,189
sub-0002_P2,190,190
sub-0002_P2,191,191
sub-0002_P2,192,192
sub-0002_P2,193,193
sub-0002_P2,194,194
sub-0002_P2,195,195
sub-0002_P2,196,196
sub-0002_P2,197,197
sub-0002_P2,198,198
sub-0002_P2,199,199
sub-0002_P2,200,200
sub-0002_P2,201,201
sub-0002_P2,202,202
sub-0002_P2,203,203
sub-0002_P2,204,204
sub-0002_P2,205,202
sub-0002_P2,206,206
sub-0002_P2,207,207
sub-0002_P2,208,208
sub-0002_P2,209,209
sub-0002_P2,210,227
sub-0002_P2,211,211
sub-0002_P2,212,212
sub-0002_P2,213,213
sub-0002_P2,214,214
sub-0002_P2,215,215
sub-0002_P2,216,216
sub-0002_P2,217,217
sub-0002_P2,218,218
sub-0002_P2,219,219
sub-0002_P2,220,220
sub-0002_P2,221,221
sub-0002_P2,222,222
sub-0002_P2,223,223
sub-0002_P2,224,224
sub-0002_P2,225,225
sub-0002_P2,226,224
sub-0002_P2,227,227
sub-0002_P2,228,228
sub-0002_P2,229,229
sub-0002_P2,230,230
sub-0002_P2,231,231
sub-0003_P2,0,0
sub-0003_P2,1,1
sub-0003_P2,2,2
sub-0003_P2,3,3
sub-0003_P2,4,4
sub-0003_P2,5,5
sub-0003_P2,6,6
sub-0003_P2,7,7
sub-0003_P2,8,8
sub-0003_P2,9,9
sub-0003_P2,10,10
sub-0003_P2,11,11
sub-0003_P2,12,12
sub-0003_P2,13,13
sub-0003_P2,14,14
sub-0003_P2,15,15
sub-0003_P2,16,16
sub-0003_P2,17,17
sub-0003_P2,18,18
sub-0003_P2,19,19
sub-0003_P2,20,20
sub-0003_P2,21,124
sub-0003_P2,22,22
sub-0003_P2,23,23
sub-0003_P2,24,24
sub-0003_P2,25,25
sub-0003_P2,26,26
sub-0003_P2,27,27
sub-0003_P2,28,28
sub-0003_P2,29,29
sub-0003_P2,30,30
sub-0003_P2,31,31
sub-0003_P2,32,32
sub-0003_P2,33,33
sub-0003_P2,34,34
sub-0003_P2,35,35
sub-0003_P2,36,36
sub-0003_P2,37,37
sub-0003_P2,38,38
sub-0003_P2,39,39
sub-0003_P2,40,40
sub-0003_P2,41,41
sub-0003_P2,42,42
sub-0003_P2,43,43
sub-0003_P2,44,44
sub-0003_P2,45,45
sub-0003_P2,46,46
sub-0003_P2,47,47
sub-0003_P2,48,227
sub-0003_P2,49,49
sub-0003_P2,50,55
sub-0003_P2,51,156
sub-0003_P2,52,52
sub-0003_P2,53,53
sub-0003_P2,54,54
sub-0003_P2,55,55
sub-0003_P2,56,56
sub-0003_P2,57,57
sub-0003_P2,58,58
sub-0003_P2,59,59
sub-0003_P2,60,60
sub-0003_P2,61,61
sub-0003_P2,62,62
sub-0003_P2,63,63
sub-0003_P2,64,64
sub-0003_P2,65,65
sub-0003_P2,66,66
sub-0003_P2,67,67
sub-0003_P2,68,68
sub-0003_P2,69,69
sub-0003_P2,70,70
sub-0003_P2,71,71
sub-0003_P2,72,72
sub-0003_P2,73,73
sub-0003_P2,74,74
sub-0003_P2,75,75
sub-0003_P2,76,76
sub-0003_P2,77,77
sub-0003_P2,78,78
sub-0003_P2,79,177
sub-0003_P2,80,80
sub-0003_P2,81,81
sub-0003_P2,82,82
sub-0003_P2,83,219
sub-0003_P2,84,84
sub-0003_P2,85,85
sub-0003_P2,86,86
sub-0003_P2,87,87
sub-0003_P2,88,88
sub-0003_P2,89,89
sub-0003_P2,90,90
sub-0003_P2,91,91
sub-0003_P2,92,92
sub-0003_P2,93,93
sub-0003_P2,94,94
sub-0003_P2,95,95
sub-0003_P2,96,96
sub-0003_P2,97,97
sub-0003_P2,98,98
sub-0003_P2,99,99
sub-0003_P2,100,100
sub-0003_P2,101,101
sub-0003_P2,102,102
sub-0003_P2,103,103
sub-0003_P2,104,104
sub-0003_P2,105,105
sub-0003_P2,106,106
sub-0003_P2,107,107
sub-0003_P2,108,108
sub-0003_P2,109,109
sub-0003_P2,110,110
sub-0003_P2,111,111
sub-0003_P2,112,112
sub-0003_P2,113,113
sub-0003_P2,114,114
sub-0003_P2,115,115
sub-0003_P2,116,116
sub-0003_P2,117,117
sub-0003_P2,118,118
sub-0003_P2,119,119
sub-0003_P2,120,120
sub-0003_P2,121,121
sub-0003_P2,122,122
sub-0003_P2,123,123
sub-0003_P2,124,124
sub-0003_P2,125,125
sub-0003_P2,126,126
sub-0003_P2,127,127
sub-0003_P2,128,128
sub-0003_P2,129,129
sub-0003_P2,130,130
sub-0003_P2,131,131
sub-0003_P2,132,132
sub-0003_P2,133,133
sub-0003_P2,134,134
sub-0003_P2,135,31
sub-0003_P2,136,136
sub-0003_P2,137,137
sub-0003_P2,138,138
sub-0003_P2,139,139
sub-0003_P2,140,140
sub-0003_P2,141,141
sub-0003_P2,142,142
sub-0003_P2,143,143
sub-0003_P2,144,144
sub-0003_P2,145,145
sub-0003_P2,146,146
sub-0003_P2,147,147
sub-0003_P2,148,148
sub-0003_P2,149,149
sub-0003_P2,150,150
sub-0003_P2,151,151
sub-0003_P2,152,152
sub-0003_P2,153,153
sub-0003_P2,154,154
sub-0003_P2,155,155
sub-0003_P2,156,156
sub-0003_P2,157,157
sub-0003_P2,158,158
sub-0003_P2,159,177
sub-0003_P2,160,160
sub-0003_P2,161,53
sub-0003_P2,162,162
sub-0003_P2,163,163
sub-0003_P2,164,164
sub-0003_P2,165,165
sub-0003_P2,166,166
sub-0003_P2,167,167
sub-0003_P2,168,168
sub-0003_P2,169,169
sub-0003_P2,170,170
sub-0003_P2,171,171
sub-0003_P2,172,172
sub-0003_P2,173,173
sub-0003_P2,174,174
sub-0003_P2,175,175
sub-0003_P2,176,176
sub-0003_P2,177,177
sub-0003_P2,178,178
sub-0003_P2,179,179
sub-0003_P2,180,180
sub-0003_P2,181,181
sub-0003_P2,182,182
sub-0003_P2,183,183
sub-0003_P2,184,184
sub-0003_P2,185,185
sub-0003_P2,186,186
sub-0003_P2,187,187
sub-0003_P2,188,188
sub-0003_P2,189,189
sub-0003_P2,190,190
sub-0003_P2,191,191
sub-0003_P2,192,192
sub-0003_P2,193,193
sub-0003_P2,194,194
sub-0003_P2,195,195
sub-0003_P2,196,196
sub-0003_P2,197,197
sub-0003_P2,198,198
sub-0003_P2,199,199
sub-0003_P2,200,200
sub-0003_P2,201,201
sub-0003_P2,202,202
sub-0003_P2,203,203
sub-0003_P2,204,204
sub-0003_P2,205,205
sub-0003_P2,206,206
sub-0003_P2,207,207
sub-0003_P2,208,208
sub-0003_P2,209,209
sub-0003_P2,210,210
sub-0003_P2,211,211
sub-0003_P2,212,212
sub-0003_P2,213,213
sub-0003_P2,214,214
sub-0003_P2,215,215
sub-0003_P2,216,216
sub-0003_P2,217,217
sub-0003_P2,218,218
sub-0003_P2,219,203
sub-0003_P2,220,220
sub-0003_P2,221,221
sub-0003_P2,222,222
sub-0003_P2,223,223
sub-0003_P2,224,224
sub-0003_P2,225,208
sub-0003_P2,226,227
sub-0003_P2,227,227
sub-0003_P2,228,228
sub-0003_P2,229,229
sub-0003_P2,230,230
sub-0003_P2,231,231
sub-0004_P2,0,0
sub-0004_P2,1,1
sub-0004_P2,2,2
sub-0004_P2,3,3
sub-0004_P2,4,4
sub-0004_P2,5,5
sub-0004_P2,6,6
sub-0004_P2,7,7
sub-0004_P2,8,8
sub-0004_P2,9,9
sub-0004_P2,10,10
sub-0004_P2,11,11
sub-0004_P2,12,12
sub-0004_P2,13,13
sub-0004_P2,14,14
sub-0004_P2,15,13
sub-0004_P2,16,16
sub-0004_P2,17,17
sub-0004_P2,18,18
sub-0004_P2,19,19
sub-0004_P2,20,20
sub-0004_P2,21,21
sub-0004_P2,22,22
sub-0004_P2,23,23
sub-0004_P2,24,24
sub-0004_P2,25,25
sub-0004_P2,26,26
sub-0004_P2,27,27
sub-0004_P2,28,28
sub-0004_P2,29,29
sub-0004_P2,30,30
sub-0004_P2,31,31
sub-0004_P2,32,32
sub-0004_P2,33,133
sub-0004_P2,34,34
sub-0004_P2,35,35
sub-0004_P2,36,36
sub-0004_P2,37,37
sub-0004_P2,38,38
sub-0004_P2,39,39
sub-0004_P2,40,40
sub-0004_P2,41,40
sub-0004_P2,42,42
sub-0004_P2,43,43
sub-0004_P2,44,44
sub-0004_P2,45,45
sub-0004_P2,46,46
sub-0004_P2,47,47
sub-0004_P2,48,48
sub-0004_P2,49,49
sub-0004_P2,50,201
sub-0004_P2,51,51
sub-0004_P2,52,52
sub-0004_P2,53,53
sub-0004_P2,54,52
sub-0004_P2,55,143
sub-0004_P2,56,56
sub-0004_P2,57,57
sub-0004_P2,58,58
sub-0004_P2,59,59
sub-0004_P2,60,60
sub-0004_P2,61,61
sub-0004_P2,62,62
sub-0004_P2,63,63
sub-0004_P2,64,64
sub-0004_P2,65,83
sub-0004_P2,66,171
sub-0004_P2,67,67
sub-0004_P2,68,68
sub-0004_P2,69,69
sub-0004_P2,70,70
sub-0004_P2,71,71
sub-0004_P2,72,72
sub-0004_P2,73,73
sub-0004_P2,74,74
sub-0004_P2,75,75
sub-0004_P2,76,76
sub-0004_P2,77,77
sub-0004_P2,78,78
sub-0004_P2,79,79
sub-0004_P2,80,80
sub-0004_P2,81,81
sub-0004_P2,82,82
sub-0004_P2,83,83
sub-0004_P2,84,84
sub-0004_P2,85,85
sub-0004_P2,86,86
sub-0004_P2,87,87
sub-0004_P2,88,88
sub-0004_P2,89,83
sub-0004_P2,90,90
sub-0004_P2,91,91
sub-0004_P2,92,50
sub-0004_P2,93,93
sub-0004_P2,94,94
sub-0004_P2,95,95
sub-0004_P2,96,96
sub-0004_P2,97,97
sub-0004_P2,98,98
sub-0004_P2,99,99
sub-0004_P2,100,100
sub-0004_P2,101,101
sub-0004_P2,102,102
sub-0004_P2,103,103
sub-0004_P2,104,104
sub-0004_P2,105,105
sub-0004_P2,106,106
sub-0004_P2,107,107
sub-0004_P2,108,108
sub-0004_P2,109,109
sub-0004_P2,110,110
sub-0004_P2,111,111
sub-0004_P2,112,112
sub-0004_P2,113,113
sub-0004_P2,114,114
sub-0004_P2,115,115
sub-0004_P2,116,116
sub-0004_P2,117,117
sub-0004_P2,118,118
sub-0004_P2,119,119
sub-0004_P2,120,120
sub-0004_P2,121,121
sub-0004_P2,122,122
sub-0004_P2,123,226
sub-0004_P2,124,226
sub-0004_P2,125,125
sub-0004_P2,126,126
sub-0004_P2,127,127
sub-0004_P2,128,128
sub-0004_P2,129,129
sub-0004_P2,130,130
sub-0004_P2,131,131
sub-0004_P2,132,132
sub-0004_P2,133,133
sub-0004_P2,134,134
sub-0004_P2,135,135
sub-0004_P2,136,25
sub-0004_P2,137,137
sub-0004_P2,138,138
sub-0004_P2,139,139
sub-0004_P2,140,140
sub-0004_P2,141,141
sub-0004_P2,142,142
sub-0004_P2,143,143
sub-0004_P2,144,144
sub-0004_P2,145,145
sub-0004_P2,146,146
sub-0004_P2,147,147
sub-0004_P2,148,148
sub-0004_P2,149,149
sub-0004_P2,150,150
sub-0004_P2,151,151
sub-0004_P2,152,152
sub-0004_P2,153,214
sub-0004_P2,154,154
sub-0004_P2,155,155
sub-0004_P2,156,156
sub-0004_P2,157,157
sub-0004_P2,158,158
sub-0004_P2,159,159
sub-0004_P2,160,160
sub-0004_P2,161,161
sub-0004_P2,162,162
sub-0004_P2,163,163
sub-0004_P2,164,164
sub-0004_P2,165,165
sub-0004_P2,166,166
sub-0004_P2,167,167
sub-0004_P2,168,168
sub-0004_P2,169,169
sub-0004_P2,170,170
sub-0004_P2,171,171
sub-0004_P2,172,172
sub-0004_P2,173,173
sub-0004_P2,174,174
sub-0004_P2,175,175
sub-0004_P2,176,176
sub-0004_P2,177,177
sub-0004_P2,178,178
sub-0004_P2,179,179
sub-0004_P2,180,180
sub-0004_P2,181,181
sub-0004_P2,182,182
sub-0004_P2,183,183
sub-0004_P2,184,184
sub-0004_P2,185,185
sub-0004_P2,186,186
sub-0004_P2,187,187
sub-0004_P2,188,188
sub-0004_P2,189,189
sub-0004_P2,190,190
sub-0004_P2,191,191
sub-0004_P2,192,192
sub-0004_P2,193,193
sub-0004_P2,194,194
sub-0004_P2,195,195
sub-0004_P2,196,196
sub-0004_P2,197,197
sub-0004_P2,198,198
sub-0004_P2,199,199
sub-0004_P2,200,200
sub-0004_P2,201,201
sub-0004_P2,202,202
sub-0004_P2,203,220
sub-0004_P2,204,204
sub-0004_P2,205,205
sub-0004_P2,206,206
sub-0004_P2,207,207
sub-0004_P2,208,208
sub-0004_P2,209,209
sub-0004_P2,210,210
sub-0004_P2,211,211
sub-0004_P2,212,212
sub-0004_P2,213,213
sub-0004_P2,214,214
sub-0004_P2,215,215
sub-0004_P2,216,216
sub-0004_P2,217,217
sub-0004_P2,218,218
sub-0004_P2,219,219
sub-0004_P2,220,220
sub-0004_P2,221,221
sub-0004_P2,222,222
sub-0004_P2,223,223
sub-0004_P2,224,225
sub-0004_P2,225,187
sub-0004_P2,226,226
sub-0004_P2,227,211
sub-0004_P2,228,228
sub-0004_P2,229,229
sub-0004_P2,230,230
sub-0004_P2,231,231
sub-0005_P2,0,0
sub-0005_P2,1,1
sub-0005_P2,2,2
sub-0005_P2,3,3
sub-0005_P2,4,4
sub-0005_P2,5,5
sub-0005_P2,6,6
sub-0005_P2,7,7
sub-0005_P2,8,202
sub-0005_P2,9,9
sub-0005_P2,10,10
sub-0005_P2,11,11
sub-0005_P2,12,12
sub-0005_P2,13,13
sub-0005_P2,14,14
sub-0005_P2,15,15
sub-0005_P2,16,16
sub-0005_P2,17,114
sub-0005_P2,18,18
sub-0005_P2,19,19
sub-0005_P2,20,20
sub-0005_P2,21,21
sub-0005_P2,22,22
sub-0005_P2,23,23
sub-0005_P2,24,24
sub-0005_P2,25,25
sub-0005_P2,26,26
sub-0005_P2,27,27
sub-0005_P2,28,28
sub-0005_P2,29,29
sub-0005_P2,30,30
sub-0005_P2,31,31
sub-0005_P2,32,32
sub-0005_P2,33,4
sub-0005_P2,34,34
sub-0005_P2,35,35
sub-0005_P2,36,36
sub-0005_P2,37,37
sub-0005_P2,38,38
sub-0005_P2,39,39
sub-0005_P2,40,40
sub-0005_P2,41,41
sub-0005_P2,42,42
sub-0005_P2,43,43
sub-0005_P2,44,44
sub-0005_P2,45,147
sub-0005_P2,46,46
sub-0005_P2,47,47
sub-0005_P2,48,48
sub-0005_P2,49,49
sub-0005_P2,50,50
sub-0005_P2,51,51
sub-0005_P2,52,52
sub-0005_P2,53,53
sub-0005_P2,54,123
sub-0005_P2,55,55
sub-0005_P2,56,56
sub-0005_P2,57,163
sub-0005_P2,58,58
sub-0005_P2,59,59
sub-0005_P2,60,60
sub-0005_P2,61,61
sub-0005_P2,62,62
sub-0005_P2,63,63
sub-0005_P2,64,64
sub-0005_P2,65,65
sub-0005_P2,66,66
sub-0005_P2,67,67
sub-0005_P2,68,68
sub-0005_P2,69,69
sub-0005_P2,70,70
sub-0005_P2,71,71
sub-0005_P2,72,72
sub-0005_P2,73,73
sub-0005_P2,74,162
sub-0005_P2,75,75
sub-0005_P2,76,76
sub-0005_P2,77,77
sub-0005_P2,78,78
sub-0005_P2,79,79
sub-0005_P2,80,80
sub-0005_P2,81,81
sub-0005_P2,82,82
sub-0005_P2,83,83
sub-0005_P2,84,84
sub-0005_P2,85,85
sub-0005_P2,86,83
sub-0005_P2,87,87
sub-0005_P2,88,201
sub-0005_P2,89,89
sub-0005_P2,90,90
sub-0005_P2,91,91
sub-0005_P2,92,92
sub-0005_P2,93,93
sub-0005_P2,94,94
sub-0005_P2,95,95
sub-0005_P2,96,96
sub-0005_P2,97,202
sub-0005_P2,98,98
sub-0005_P2,99,99
sub-0005_P2,100,100
sub-0005_P2,101,101
sub-0005_P2,102,102
sub-0005_P2,103,103
sub-0005_P2,104,104
sub-0005_P2,105,105
sub-0005_P2,106,8
sub-0005_P2,107,107
sub-0005_P2,108,108
sub-0005_P2,109,109
sub-0005_P2,110,110
sub-0005_P2,111,111
sub-0005_P2,112,112
sub-0005_P2,113,113
sub-0005_P2,114,114
sub-0005_P2,115,115
sub-0005_P2,116,116
sub-0005_P2,117,117
sub-0005_P2,118,118
sub-0005_P2,119,119
sub-0005_P2,120,120
sub-0005_P2,121,121
sub-0005_P2,122,122
sub-0005_P2,123,123
sub-0005_P2,124,124
sub-0005_P2,125,125
sub-0005_P2,126,126
sub-0005_P2,127,127
sub-0005_P2,128,128
sub-0005_P2,129,129
sub-0005_P2,130,130
sub-0005_P2,131,131
sub-0005_P2,132,132
sub-0005_P2,133,133
sub-0005_P2,134,134
sub-0005_P2,135,135
sub-0005_P2,136,136
sub-0005_P2,137,137
sub-0005_P2,138,138
sub-0005_P2,139,139
sub-0005_P2,140,140
sub-0005_P2,141,141
sub-0005_P2,142,156
sub-0005_P2,143,219
sub-0005_P2,144,144
sub-0005_P2,145,145
sub-0005_P2,146,146
sub-0005_P2,147,147
sub-0005_P2,148,148
sub-0005_P2,149,149
sub-0005_P2,150,150
sub-0005_P2,151,151
sub-0005_P2,152,152
sub-0005_P2,153,153
sub-0005_P2,154,154
sub-0005_P2,155,155
sub-0005_P2,156,156
sub-0005_P2,157,157
sub-0005_P2,158,158
sub-0005_P2,159,159
sub-0005_P2,160,160
sub-0005_P2,161,162
sub-0005_P2,162,162
sub-0005_P2,163,163
sub-0005_P2,164,164
sub-0005_P2,165,165
sub-0005_P2,166,166
sub-0005_P2,167,167
sub-0005_P2,168,172
sub-0005_P2,169,169
sub-0005_P2,170,170
sub-0005_P2,171,171
sub-0005_P2,172,172
sub-0005_P2,173,173
sub-0005_P2,174,174
sub-0005_P2,175,175
sub-0005_P2,176,176
sub-0005_P2,177,177
sub-0005_P2,178,178
sub-0005_P2,179,179
sub-0005_P2,180,180
sub-0005_P2,181,181
sub-0005_P2,182,182
sub-0005_P2,183,183
sub-0005_P2,184,184
sub-0005_P2,185,185
sub-0005_P2,186,186
sub-0005_P2,187,187
sub-0005_P2,188,188
sub-0005_P2,189,189
sub-0005_P2,190,190
sub-0005_P2,191,191
sub-0005_P2,192,192
sub-0005_P2,193,179
sub-0005_P2,194,194
sub-0005_P2,195,195
sub-0005_P2,196,196
sub-0005_P2,197,197
sub-0005_P2,198,198
sub-0005_P2,199,199
sub-0005_P2,200,200
sub-0005_P2,201,201
sub-0005_P2,202,202
sub-0005_P2,203,203
sub-0005_P2,204,204
sub-0005_P2,205,220
sub-0005_P2,206,206
sub-0005_P2,207,72
sub-0005_P2,208,208
sub-0005_P2,209,209
sub-0005_P2,210,210
sub-0005_P2,211,208
sub-0005_P2,212,212
sub-0005_P2,213,213
sub-0005_P2,214,187
sub-0005_P2,215,215
sub-0005_P2,216,216
sub-0005_P2,217,201
sub-0005_P2,218,218
sub-0005_P2,219,219
sub-0005_P2,220,220
sub-0005_P2,221,221
sub-0005_P2,222,222
sub-0005_P2,223,223
sub-0005_P2,224,224
sub-0005_P2,225,225
sub-0005_P2,226,226
sub-0005_P2,227,227
sub-0005_P2,228,228
sub-0005_P2,229,229
sub-0005_P2,230,230
sub-0005_P2,231,70
sub-0006_P2,0,0
sub-0006_P2,1,1
sub-0006_P2,2,2
sub-0006_P2,3,3
sub-0006_P2,4,4
sub-0006_P2,5,5
sub-0006_P2,6,6
sub-0006_P2,7,7
sub-0006_P2,8,8
sub-0006_P2,9,9
sub-0006_P2,10,10
sub-0006_P2,11,11
sub-0006_P2,12,12
sub-0006_P2,13,13
sub-0006_P2,14,14
sub-0006_P2,15,15
sub-0006_P2,16,16
sub-0006_P2,17,17
sub-0006_P2,18,18
sub-0006_P2,19,19
sub-0006_P2,20,20
sub-0006_P2,21,21
sub-0006_P2,22,22
sub-0006_P2,23,23
sub-0006_P2,24,24
sub-0006_P2,25,25
sub-0006_P2,26,26
sub-0006_P2,27,27
sub-0006_P2,28,28
sub-0006_P2,29,29
sub-0006_P2,30,30
sub-0006_P2,31,31
sub-0006_P2,32,32
sub-0006_P2,33,33
sub-0006_P2,34,34
sub-0006_P2,35,35
sub-0006_P2,36,36
sub-0006_P2,37,37
sub-0006_P2,38,38
sub-0006_P2,39,39
sub-0006_P2,40,40
sub-0006_P2,41,41
sub-0006_P2,42,42
sub-0006_P2,43,43
sub-0006_P2,44,44
sub-0006_P2,45,45
sub-0006_P2,46,46
sub-0006_P2,47,47
sub-0006_P2,48,48
sub-0006_P2,49,49
sub-0006_P2,50,52
sub-0006_P2,51,51
sub-0006_P2,52,52
sub-0006_P2,53,161
sub-0006_P2,54,54
sub-0006_P2,55,55
sub-0006_P2,56,56
sub-0006_P2,57,57
sub-0006_P2,58,58
sub-0006_P2,59,59
sub-0006_P2,60,60
sub-0006_P2,61,61
sub-0006_P2,62,62
sub-0006_P2,63,63
sub-0006_P2,64,64
sub-0006_P2,65,65
sub-0006_P2,66,66
sub-0006_P2,67,67
sub-0006_P2,68,68
sub-0006_P2,69,69
sub-0006_P2,70,70
sub-0006_P2,71,71
sub-0006_P2,72,72
sub-0006_P2,73,73
sub-0006_P2,74,74
sub-0006_P2,75,75
sub-0006_P2,76,76
sub-0006_P2,77,77
sub-0006_P2,78,78
sub-0006_P2,79,79
sub-0006_P2,80,80
sub-0006_P2,81,81
sub-0006_P2,82,82
sub-0006_P2,83,83
sub-0006_P2,84,84
sub-0006_P2,85,85
sub-0006_P2,86,86
sub-0006_P2,87,87
sub-0006_P2,88,88
sub-0006_P2,89,89
sub-0006_P2,90,90
sub-0006_P2,91,91
sub-0006_P2,92,201
sub-0006_P2,93,93
sub-0006_P2,94,94
sub-0006_P2,95,95
sub-0006_P2,96,96
sub-0006_P2,97,162
sub-0006_P2,98,98
sub-0006_P2,99,99
sub-0006_P2,100,100
sub-0006_P2,101,101
sub-0006_P2,102,102
sub-0006_P2,103,103
sub-0006_P2,104,104
sub-0006_P2,105,105
sub-0006_P2,106,106
sub-0006_P2,107,107
sub-0006_P2,108,108
sub-0006_P2,109,109
sub-0006_P2,110,110
sub-0006_P2,111,111
sub-0006_P2,112,112
sub-0006_P2,113,113
sub-0006_P2,114,114
sub-0006_P2,115,202
sub-0006_P2,116,116
sub-0006_P2,117,117
sub-0006_P2,118,118
sub-0006_P2,119,119
sub-0006_P2,120,120
sub-0006_P2,121,121
sub-0006_P2,122,122
sub-0006_P2,123,123
sub-0006_P2,124,124
sub-0006_P2,125,125
sub-0006_P2,126,126
sub-0006_P2,127,127
sub-0006_P2,128,128
sub-0006_P2,129,129
sub-0006_P2,130,130
sub-0006_P2,131,131
sub-0006_P2,132,132
sub-0006_P2,133,133
sub-0006_P2,134,134
sub-0006_P2,135,135
sub-0006_P2,136,136
sub-0006_P2,137,137
sub-0006_P2,138,138
sub-0006_P2,139,139
sub-0006_P2,140,140
sub-0006_P2,141,119
sub-0006_P2,142,142
sub-0006_P2,143,143
sub-0006_P2,144,144
sub-0006_P2,145,145
sub-0006_P2,146,146
sub-0006_P2,147,147
sub-0006_P2,148,148
sub-0006_P2,149,48
sub-0006_P2,150,150
sub-0006_P2,151,151
sub-0006_P2,152,152
sub-0006_P2,153,153
sub-0006_P2,154,154
sub-0006_P2,155,155
sub-0006_P2,156,156
sub-0006_P2,157,157
sub-0006_P2,158,158
sub-0006_P2,159,76
sub-0006_P2,160,160
sub-0006_P2,161,161
sub-0006_P2,162,162
sub-0006_P2,163,163
sub-0006_P2,164,164
sub-0006_P2,165,165
sub-0006_P2,166,142
sub-0006_P2,167,46
sub-0006_P2,168,168
sub-0006_P2,169,169
sub-0006_P2,170,170
sub-0006_P2,171,171
sub-0006_P2,172,172
sub-0006_P2,173,173
sub-0006_P2,174,174
sub-0006_P2,175,175
sub-0006_P2,176,176
sub-0006_P2,177,177
sub-0006_P2,178,178
sub-0006_P2,179,179
sub-0006_P2,180,180
sub-0006_P2,181,181
sub-0006_P2,182,182
sub-0006_P2,183,183
sub-0006_P2,184,184
sub-0006_P2,185,185
sub-0006_P2,186,186
sub-0006_P2,187,187
sub-0006_P2,188,188
sub-0006_P2,189,189
sub-0006_P2,190,190
sub-0006_P2,191,191
sub-0006_P2,192,192
sub-0006_P2,193,193
sub-0006_P2,194,194
sub-0006_P2,195,195
sub-0006_P2,196,196
sub-0006_P2,197,197
sub-0006_P2,198,198
sub-0006_P2,199,199
sub-0006_P2,200,200
sub-0006_P2,201,201
sub-0006_P2,202,202
sub-0006_P2,203,203
sub-0006_P2,204,204
sub-0006_P2,205,210
sub-0006_P2,206,206
sub-0006_P2,207,205
sub-0006_P2,208,208
sub-0006_P2,209,209
sub-0006_P2,210,210
sub-0006_P2,211,211
sub-0006_P2,212,212
sub-0006_P2,213,213
sub-0006_P2,214,214
sub-0006_P2,215,215
sub-0006_P2,216,216
sub-0006_P2,217,217
sub-0006_P2,218,218
sub-0006_P2,219,219
sub-0006_P2,220,220
sub-0006_P2,221,221
sub-0006_P2,222,222
sub-0006_P2,223,223
sub-0006_P2,224,224
sub-0006_P2,225,225
sub-0006_P2,226,226
sub-0006_P2,227,210
sub-0006_P2,228,228
sub-0006_P2,229,229
sub-0006_P2,230,230
sub-0006_P2,231,231
sub-0007_P2,0,0
sub-0007_P2,1,1
sub-0007_P2,2,2
sub-0007_P2,3,3
sub-0007_P2,4,4
sub-0007_P2,5,5
sub-0007_P2,6,6
sub-0007_P2,7,7
sub-0007_P2,8,8
sub-0007_P2,9,9
sub-0007_P2,10,10
sub-0007_P2,11,11
sub-0007_P2,12,147
sub-0007_P2,13,13
sub-0007_P2,14,14
sub-0007_P2,15,15
sub-0007_P2,16,16
sub-0007_P2,17,17
sub-0007_P2,18,18
sub-0007_P2,19,19
sub-0007_P2,20,20
sub-0007_P2,21,21
sub-0007_P2,22,22
sub-0007_P2,23,23
sub-0007_P2,24,24
sub-0007_P2,25,25
sub-0007_P2,26,26
sub-0007_P2,27,27
sub-0007_P2,28,28
sub-0007_P2,29,29
sub-0007_P2,30,30
sub-0007_P2,31,31
sub-0007_P2,32,72
sub-0007_P2,33,33
sub-0007_P2,34,34
sub-0007_P2,35,35
sub-0007_P2,36,36
sub-0007_P2,37,37
sub-0007_P2,38,38
sub-0007_P2,39,39
sub-0007_P2,40,40
sub-0007_P2,41,41
sub-0007_P2,42,42
sub-0007_P2,43,43
sub-0007_P2,44,44
sub-0007_P2,45,45
sub-0007_P2,46,46
sub-0007_P2,47,47
sub-0007_P2,48,48
sub-0007_P2,49,49
sub-0007_P2,50,50
sub-0007_P2,51,51
sub-0007_P2,52,52
sub-0007_P2,53,162
sub-0007_P2,54,54
sub-0007_P2,55,210
sub-0007_P2,56,56
sub-0007_P2,57,57
sub-0007_P2,58,58
sub-0007_P2,59,36
sub-0007_P2,60,60
sub-0007_P2,61,61
sub-0007_P2,62,62
sub-0007_P2,63,63
sub-0007_P2,64,93
sub-0007_P2,65,65
sub-0007_P2,66,66
sub-0007_P2,67,67
sub-0007_P2,68,68
sub-0007_P2,69,69
sub-0007_P2,70,70
sub-0007_P2,71,71
sub-0007_P2,72,72
sub-0007_P2,73,73
sub-0007_P2,74,78
sub-0007_P2,75,75
sub-0007_P2,76,76
sub-0007_P2,77,77
sub-0007_P2,78,78
sub-0007_P2,79,79
sub-0007_P2,80,80
sub-0007_P2,81,81
sub-0007_P2,82,217
sub-0007_P2,83,208
sub-0007_P2,84,84
sub-0007_P2,85,85
sub-0007_P2,86,86
sub-0007_P2,87,87
sub-0007_P2,88,88
sub-0007_P2,89,89
sub-0007_P2,90,90
sub-0007_P2,91,91
sub-0007_P2,92,92
sub-0007_P2,93,93
sub-0007_P2,94,94
sub-0007_P2,95,95
sub-0007_P2,96,96
sub-0007_P2,97,97
sub-0007_P2,98,98
sub-0007_P2,99,83
sub-0007_P2,100,100
sub-0007_P2,101,101
sub-0007_P2,102,102
sub-0007_P2,103,103
sub-0007_P2,104,104
sub-0007_P2,105,105
sub-0007_P2,106,106
sub-0007_P2,107,107
sub-0007_P2,108,108
sub-0007_P2,109,109
sub-0007_P2,110,110
sub-0007_P2,111,111
sub-0007_P2,112,112
sub-0007_P2,113,113
sub-0007_P2,114,114
sub-0007_P2,115,115
sub-0007_P2,116,116
sub-0007_P2,117,117
sub-0007_P2,118,118
sub-0007_P2,119,119
sub-0007_P2,120,120
sub-0007_P2,121,121
sub-0007_P2,122,122
sub-0007_P2,123,123
sub-0007_P2,124,124
sub-0007_P2,125,125
sub-0007_P2,126,126
sub-0007_P2,127,127
sub-0007_P2,128,128
sub-0007_P2,129,129
sub-0007_P2,130,130
sub-0007_P2,131,131
sub-0007_P2,132,132
sub-0007_P2,133,133
sub-0007_P2,134,134
sub-0007_P2,135,135
sub-0007_P2,136,136
sub-0007_P2,137,137
sub-0007_P2,138,138
sub-0007_P2,139,139
sub-0007_P2,140,140
sub-0007_P2,141,141
sub-0007_P2,142,27
sub-0007_P2,143,143
sub-0007_P2,144,144
sub-0007_P2,145,145
sub-0007_P2,146,146
sub-0007_P2,147,147
sub-0007_P2,148,148
sub-0007_P2,149,149
sub-0007_P2,150,150
sub-0007_P2,151,151
sub-0007_P2,152,152
sub-0007_P2,153,153
sub-0007_P2,154,154
sub-0007_P2,155,155
sub-0007_P2,156,156
sub-0007_P2,157,157
sub-0007_P2,158,158
sub-0007_P2,159,159
sub-0007_P2,160,162
sub-0007_P2,161,161
sub-0007_P2,162,162
sub-0007_P2,163,163
sub-0007_P2,164,164
sub-0007_P2,165,165
sub-0007_P2,166,166
sub-0007_P2,167,167
sub-0007_P2,168,183
sub-0007_P2,169,169
sub-0007_P2,170,170
sub-0007_P2,171,171
sub-0007_P2,172,172
sub-0007_P2,173,173
sub-0007_P2,174,174
sub-0007_P2,175,175
sub-0007_P2,176,176
sub-0007_P2,177,177
sub-0007_P2,178,178
sub-0007_P2,179,179
sub-0007_P2,180,180
sub-0007_P2,181,181
sub-0007_P2,182,182
sub-0007_P2,183,183
sub-0007_P2,184,184
sub-0007_P2,185,185
sub-0007_P2,186,186
sub-0007_P2,187,169
sub-0007_P2,188,188
sub-0007_P2,189,189
sub-0007_P2,190,161
sub-0007_P2,191,191
sub-0007_P2,192,192
sub-0007_P2,193,207
sub-0007_P2,194,194
sub-0007_P2,195,195
sub-0007_P2,196,196
sub-0007_P2,197,197
sub-0007_P2,198,183
sub-0007_P2,199,142
sub-0007_P2,200,162
sub-0007_P2,201,201
sub-0007_P2,202,202
sub-0007_P2,203,162
sub-0007_P2,204,204
sub-0007_P2,205,205
sub-0007_P2,206,206
sub-0007_P2,207,207
sub-0007_P2,208,208
sub-0007_P2,209,209
sub-0007_P2,210,210
sub-0007_P2,211,211
sub-0007_P2,212,212
sub-0007_P2,213,228
sub-0007_P2,214,214
sub-0007_P2,215,215
sub-0007_P2,216,216
sub-0007_P2,217,217
sub-0007_P2,218,218
sub-0007_P2,219,219
sub-0007_P2,220,220
sub-0007_P2,221,221
sub-0007_P2,222,222
sub-0007_P2,223,223
sub-0007_P2,224,224
sub-0007_P2,225,225
sub-0007_P2,226,226
sub-0007_P2,227,227
sub-0007_P2,228,228
sub-0007_P2,229,229
sub-0007_P2,230,230
sub-0007_P2,231,231
sub-0008_P2,0,0
sub-0008_P2,1,1
sub-0008_P2,2,2
sub-0008_P2,3,3
sub-0008_P2,4,4
sub-0008_P2,5,5
sub-0008_P2,6,6
sub-0008_P2,7,7
sub-0008_P2,8,8
sub-0008_P2,9,9
sub-0008_P2,10,10
sub-0008_P2,11,11
sub-0008_P2,12,12
sub-0008_P2,13,13
sub-0008_P2,14,14
sub-0008_P2,15,15
sub-0008_P2,16,16
sub-0008_P2,17,17
sub-0008_P2,18,18
sub-0008_P2,19,19
sub-0008_P2,20,20
sub-0008_P2,21,21
sub-0008_P2,22,22
sub-0008_P2,23,23
sub-0008_P2,24,124
sub-0008_P2,25,25
sub-0008_P2,26,26
sub-0008_P2,27,27
sub-0008_P2,28,28
sub-0008_P2,29,29
sub-0008_P2,30,30
sub-0008_P2,31,31
sub-0008_P2,32,32
sub-0008_P2,33,33
sub-0008_P2,34,34
sub-0008_P2,35,35
sub-0008_P2,36,36
sub-0008_P2,37,37
sub-0008_P2,38,38
sub-0008_P2,39,39
sub-0008_P2,40,40
sub-0008_P2,41,41
sub-0008_P2,42,42
sub-0008_P2,43,43
sub-0008_P2,44,44
sub-0008_P2,45,45
sub-0008_P2,46,46
sub-0008_P2,47,47
sub-0008_P2,48,48
sub-0008_P2,49,49
sub-0008_P2,50,50
sub-0008_P2,51,51
sub-0008_P2,52,52
sub-0008_P2,53,53
sub-0008_P2,54,54
sub-0008_P2,55,55
sub-0008_P2,56,56
sub-0008_P2,57,57
sub-0008_P2,58,58
sub-0008_P2,59,59
sub-0008_P2,60,60
sub-0008_P2,61,61
sub-0008_P2,62,62
sub-0008_P2,63,63
sub-0008_P2,64,229
sub-0008_P2,65,65
sub-0008_P2,66,66
sub-0008_P2,67,92
sub-0008_P2,68,68
sub-0008_P2,69,69
sub-0008_P2,70,70
sub-0008_P2,71,71
sub-0008_P2,72,72
sub-0008_P2,73,73
sub-0008_P2,74,74
sub-0008_P2,75,75
sub-0008_P2,76,76
sub-0008_P2,77,211
sub-0008_P2,78,78
sub-0008_P2,79,79
sub-0008_P2,80,80
sub-0008_P2,81,81
sub-0008_P2,82,82
sub-0008_P2,83,83
sub-0008_P2,84,84
sub-0008_P2,85,85
sub-0008_P2,86,86
sub-0008_P2,87,87
sub-0008_P2,88,88
sub-0008_P2,89,89
sub-0008_P2,90,92
sub-0008_P2,91,91
sub-0008_P2,92,92
sub-0008_P2,93,93
sub-0008_P2,94,94
sub-0008_P2,95,130
sub-0008_P2,96,96
sub-0008_P2,97,97
sub-0008_P2,98,98
sub-0008_P2,99,99
sub-0008_P2,100,100
sub-0008_P2,101,101
sub-0008_P2,102,102
sub-0008_P2,103,103
sub-0008_P2,104,104
sub-0008_P2,105,105
sub-0008_P2,106,106
sub-0008_P2,107,107
sub-0008_P2,108,108
sub-0008_P2,109,109
sub-0008_P2,110,110
sub-0008_P2,111,111
sub-0008_P2,112,112
sub-0008_P2,113,113
sub-0008_P2,114,114
sub-0008_P2,115,115
sub-0008_P2,116,116
sub-0008_P2,117,117
sub-0008_P2,118,118
sub-0008_P2,119,119
sub-0008_P2,120,120
sub-0008_P2,121,121
sub-0008_P2,122,122
sub-0008_P2,123,123
sub-0008_P2,124,124
sub-0008_P2,125,125
sub-0008_P2,126,126
sub-0008_P2,127,127
sub-0008_P2,128,128
sub-0008_P2,129,129
sub-0008_P2,130,130
sub-0008_P2,131,131
sub-0008_P2,132,132
sub-0008_P2,133,133
sub-0008_P2,134,134
sub-0008_P2,135,135
sub-0008_P2,136,136
sub-0008_P2,137,137
sub-0008_P2,138,138
sub-0008_P2,139,139
sub-0008_P2,140,140
sub-0008_P2,141,141
sub-0008_P2,142,142
sub-0008_P2,143,143
sub-0008_P2,144,144
sub-0008_P2,145,145
sub-0008_P2,146,146
sub-0008_P2,147,147
sub-0008_P2,148,148
sub-0008_P2,149,149
sub-0008_P2,150,150
sub-0008_P2,151,151
sub-0008_P2,152,152
sub-0008_P2,153,153
sub-0008_P2,154,154
sub-0008_P2,155,155
sub-0008_P2,156,156
sub-0008_P2,157,157
sub-0008_P2,158,158
sub-0008_P2,159,159
sub-0008_P2,160,160
sub-0008_P2,161,161
sub-0008_P2,162,162
sub-0008_P2,163,163
sub-0008_P2,164,174
sub-0008_P2,165,165
sub-0008_P2,166,166
sub-0008_P2,167,167
sub-0008_P2,168,168
sub-0008_P2,169,169
sub-0008_P2,170,170
sub-0008_P2,171,171
sub-0008_P2,172,172
sub-0008_P2,173,173
sub-0008_P2,174,174
sub-0008_P2,175,175
sub-0008_P2,176,176
sub-0008_P2,177,177
sub-0008_P2,178,178
sub-0008_P2,179,179
sub-0008_P2,180,180
sub-0008_P2,181,181
sub-0008_P2,182,182
sub-0008_P2,183,183
sub-0008_P2,184,184
sub-0008_P2,185,185
sub-0008_P2,186,186
sub-0008_P2,187,187
sub-0008_P2,188,188
sub-0008_P2,189,189
sub-0008_P2,190,53
sub-0008_P2,191,191
sub-0008_P2,192,192
sub-0008_P2,193,193
sub-0008_P2,194,194
sub-0008_P2,195,195
sub-0008_P2,196,196
sub-0008_P2,197,197
sub-0008_P2,198,198
sub-0008_P2,199,199
sub-0008_P2,200,200
sub-0008_P2,201,201
sub-0008_P2,202,202
sub-0008_P2,203,203
sub-0008_P2,204,204
sub-0008_P2,205,205
sub-0008_P2,206,206
sub-0008_P2,207,207
sub-0008_P2,208,211
sub-0008_P2,209,208
sub-0008_P2,210,210
sub-0008_P2,211,211
sub-0008_P2,212,212
sub-0008_P2,213,213
sub-0008_P2,214,214
sub-0008_P2,215,215
sub-0008_P2,216,216
sub-0008_P2,217,217
sub-0008_P2,218,202
sub-0008_P2,219,219
sub-0008_P2,220,220
sub-0008_P2,221,221
sub-0008_P2,222,222
sub-0008_P2,223,223
sub-0008_P2,224,224
sub-0008_P2,225,225
sub-0008_P2,226,226
sub-0008_P2,227,227
sub-0008_P2,228,228
sub-0008_P2,229,229
sub-0008_P2,230,230
sub-0008_P2,231,231
sub-0009_P2,0,0
sub-0009_P2,1,1
sub-0009_P2,2,2
sub-0009_P2,3,3
sub-0009_P2,4,4
sub-0009_P2,5,5
sub-0009_P2,6,6
sub-0009_P2,7,7
sub-0009_P2,8,8
sub-0009_P2,9,9
sub-0009_P2,10,10
sub-0009_P2,11,11
sub-0009_P2,12,12
sub-0009_P2,13,13
sub-0009_P2,14,14
sub-0009_P2,15,15
sub-0009_P2,16,16
sub-0009_P2,17,17
sub-0009_P2,18,18
sub-0009_P2,19,19
sub-0009_P2,20,20
sub-0009_P2,21,21
sub-0009_P2,22,22
sub-0009_P2,23,23
sub-0009_P2,24,24
sub-0009_P2,25,25
sub-0009_P2,26,26
sub-0009_P2,27,27
sub-0009_P2,28,28
sub-0009_P2,29,29
sub-0009_P2,30,227
sub-0009_P2,31,31
sub-0009_P2,32,59
sub-0009_P2,33,33
sub-0009_P2,34,34
sub-0009_P2,35,35
sub-0009_P2,36,36
sub-0009_P2,37,37
sub-0009_P2,38,38
sub-0009_P2,39,39
sub-0009_P2,40,40
sub-0009_P2,41,41
sub-0009_P2,42,42
sub-0009_P2,43,43
sub-0009_P2,44,44
sub-0009_P2,45,45
sub-0009_P2,46,46
sub-0009_P2,47,47
sub-0009_P2,48,48
sub-0009_P2,49,49
sub-0009_P2,50,50
sub-0009_P2,51,51
sub-0009_P2,52,52
sub-0009_P2,53,53
sub-0009_P2,54,54
sub-0009_P2,55,55
sub-0009_P2,56,56
sub-0009_P2,57,57
sub-0009_P2,58,58
sub-0009_P2,59,59
sub-0009_P2,60,60
sub-0009_P2,61,61
sub-0009_P2,62,8
sub-0009_P2,63,63
sub-0009_P2,64,64
sub-0009_P2,65,65
sub-0009_P2,66,66
sub-0009_P2,67,67
sub-0009_P2,68,68
sub-0009_P2,69,69
sub-0009_P2,70,70
sub-0009_P2,71,71
sub-0009_P2,72,72
sub-0009_P2,73,73
sub-0009_P2,74,74
sub-0009_P2,75,75
sub-0009_P2,76,76
sub-0009_P2,77,77
sub-0009_P2,78,78
sub-0009_P2,79,79
sub-0009_P2,80,80
sub-0009_P2,81,81
sub-0009_P2,82,82
sub-0009_P2,83,83
sub-0009_P2,84,84
sub-0009_P2,85,85
sub-0009_P2,86,86
sub-0009_P2,87,87
sub-0009_P2,88,88
sub-0009_P2,89,89
sub-0009_P2,90,90
sub-0009_P2,91,91
sub-0009_P2,92,92
sub-0009_P2,93,93
sub-0009_P2,94,94
sub-0009_P2,95,95
sub-0009_P2,96,96
sub-0009_P2,97,97
sub-0009_P2,98,98
sub-0009_P2,99,99
sub-0009_P2,100,100
sub-0009_P2,101,101
sub-0009_P2,102,102
sub-0009_P2,103,103
sub-0009_P2,104,104
sub-0009_P2,105,105
sub-0009_P2,106,106
sub-0009_P2,107,107
sub-0009_P2,108,108
sub-0009_P2,109,108
sub-0009_P2,110,110
sub-0009_P2,111,111
sub-0009_P2,112,112
sub-0009_P2,113,113
sub-0009_P2,114,116
sub-0009_P2,115,115
sub-0009_P2,116,116
sub-0009_P2,117,117
sub-0009_P2,118,118
sub-0009_P2,119,119
sub-0009_P2,120,19
sub-0009_P2,121,121
sub-0009_P2,122,122
sub-0009_P2,123,123
sub-0009_P2,124,124
sub-0009_P2,125,125
sub-0009_P2,126,126
sub-0009_P2,127,127
sub-0009_P2,128,128
sub-0009_P2,129,129
sub-0009_P2,130,130
sub-0009_P2,131,131
sub-0009_P2,132,132
sub-0009_P2,133,133
sub-0009_P2,134,134
sub-0009_P2,135,135
sub-0009_P2,136,136
sub-0009_P2,137,34
sub-0009_P2,138,138
sub-0009_P2,139,139
sub-0009_P2,140,140
sub-0009_P2,141,141
sub-0009_P2,142,142
sub-0009_P2,143,143
sub-0009_P2,144,144
sub-0009_P2,145,145
sub-0009_P2,146,146
sub-0009_P2,147,147
sub-0009_P2,148,148
sub-0009_P2,149,149
sub-0009_P2,150,150
sub-0009_P2,151,151
sub-0009_P2,152,152
sub-0009_P2,153,153
sub-0009_P2,154,154
sub-0009_P2,155,155
sub-0009_P2,156,156
sub-0009_P2,157,51
sub-0009_P2,158,158
sub-0009_P2,159,159
sub-0009_P2,160,160
sub-0009_P2,161,161
sub-0009_P2,162,162
sub-0009_P2,163,163
sub-0009_P2,164,164
sub-0009_P2,165,165
sub-0009_P2,166,166
sub-0009_P2,167,167
sub-0009_P2,168,168
sub-0009_P2,169,169
sub-0009_P2,170,203
sub-0009_P2,171,171
sub-0009_P2,172,172
sub-0009_P2,173,173
sub-0009_P2,174,174
sub-0009_P2,175,175
sub-0009_P2,176,176
sub-0009_P2,177,177
sub-0009_P2,178,178
sub-0009_P2,179,179
sub-0009_P2,180,180
sub-0009_P2,181,181
sub-0009_P2,182,182
sub-0009_P2,183,183
sub-0009_P2,184,184
sub-0009_P2,185,185
sub-0009_P2,186,186
sub-0009_P2,187,187
sub-0009_P2,188,188
sub-0009_P2,189,197
sub-0009_P2,190,83
sub-0009_P2,191,191
sub-0009_P2,192,192
sub-0009_P2,193,193
sub-0009_P2,194,97
sub-0009_P2,195,195
sub-0009_P2,196,196
sub-0009_P2,197,197
sub-0009_P2,198,198
sub-0009_P2,199,197
sub-0009_P2,200,60
sub-0009_P2,201,65
sub-0009_P2,202,54
sub-0009_P2,203,203
sub-0009_P2,204,204
sub-0009_P2,205,205
sub-0009_P2,206,222
sub-0009_P2,207,207
sub-0009_P2,208,208
sub-0009_P2,209,208
sub-0009_P2,210,210
sub-0009_P2,211,211
sub-0009_P2,212,212
sub-0009_P2,213,213
sub-0009_P2,214,214
sub-0009_P2,215,222
sub-0009_P2,216,216
sub-0009_P2,217,217
sub-0009_P2,218,218
sub-0009_P2,219,219
sub-0009_P2,220,220
sub-0009_P2,221,221
sub-0009_P2,222,222
sub-0009_P2,223,223
sub-0009_P2,224,224
sub-0009_P2,225,225
sub-0009_P2,226,226
sub-0009_P2,227,227
sub-0009_P2,228,228
sub-0009_P2,229,229
sub-0009_P2,230,230
sub-0009_P2,231,231
sub-0011_P2,0,0
sub-0011_P2,1,1
sub-0011_P2,2,2
sub-0011_P2,3,3
sub-0011_P2,4,4
sub-0011_P2,5,5
sub-0011_P2,6,6
sub-0011_P2,7,7
sub-0011_P2,8,8
sub-0011_P2,9,9
sub-0011_P2,10,10
sub-0011_P2,11,11
sub-0011_P2,12,12
sub-0011_P2,13,13
sub-0011_P2,14,14
sub-0011_P2,15,15
sub-0011_P2,16,16
sub-0011_P2,17,17
sub-0011_P2,18,18
sub-0011_P2,19,19
sub-0011_P2,20,20
sub-0011_P2,21,21
sub-0011_P2,22,22
sub-0011_P2,23,23
sub-0011_P2,24,24
sub-0011_P2,25,25
sub-0011_P2,26,26
sub-0011_P2,27,27
sub-0011_P2,28,28
sub-0011_P2,29,29
sub-0011_P2,30,30
sub-0011_P2,31,31
sub-0011_P2,32,32
sub-0011_P2,33,33
sub-0011_P2,34,34
sub-0011_P2,35,35
sub-0011_P2,36,36
sub-0011_P2,37,37
sub-0011_P2,38,38
sub-0011_P2,39,39
sub-0011_P2,40,40
sub-0011_P2,41,41
sub-0011_P2,42,42
sub-0011_P2,43,43
sub-0011_P2,44,44
sub-0011_P2,45,45
sub-0011_P2,46,46
sub-0011_P2,47,47
sub-0011_P2,48,48
sub-0011_P2,49,49
sub-0011_P2,50,50
sub-0011_P2,51,51
sub-0011_P2,52,52
sub-0011_P2,53,53
sub-0011_P2,54,54
sub-0011_P2,55,55
sub-0011_P2,56,56
sub-0011_P2,57,57
sub-0011_P2,58,58
sub-0011_P2,59,59
sub-0011_P2,60,60
sub-0011_P2,61,61
sub-0011_P2,62,62
sub-0011_P2,63,63
sub-0011_P2,64,64
sub-0011_P2,65,65
sub-0011_P2,66,66
sub-0011_P2,67,67
sub-0011_P2,68,68
sub-0011_P2,69,69
sub-0011_P2,70,70
sub-0011_P2,71,71
sub-0011_P2,72,72
sub-0011_P2,73,73
sub-0011_P2,74,74
sub-0011_P2,75,75
sub-0011_P2,76,76
sub-0011_P2,77,77
sub-0011_P2,78,78
sub-0011_P2,79,79
sub-0011_P2,80,80
sub-0011_P2,81,81
sub-0011_P2,82,82
sub-0011_P2,83,187
sub-0011_P2,84,84
sub-0011_P2,85,85
sub-0011_P2,86,86
sub-0011_P2,87,187
sub-0011_P2,88,88
sub-0011_P2,89,89
sub-0011_P2,90,90
sub-0011_P2,91,91
sub-0011_P2,92,92
sub-0011_P2,93,93
sub-0011_P2,94,94
sub-0011_P2,95,95
sub-0011_P2,96,96
sub-0011_P2,97,97
sub-0011_P2,98,98
sub-0011_P2,99,218
sub-0011_P2,100,100
sub-0011_P2,101,101
sub-0011_P2,102,102
sub-0011_P2,103,103
sub-0011_P2,104,104
sub-0011_P2,105,105
sub-0011_P2,106,106
sub-0011_P2,107,107
sub-0011_P2,108,108
sub-0011_P2,109,109
sub-0011_P2,110,110
sub-0011_P2,111,111
sub-0011_P2,112,112
sub-0011_P2,113,113
sub-0011_P2,114,114
sub-0011_P2,115,115
sub-0011_P2,116,116
sub-0011_P2,117,117
sub-0011_P2,118,118
sub-0011_P2,119,119
sub-0011_P2,120,120
sub-0011_P2,121,121
sub-0011_P2,122,122
sub-0011_P2,123,8
sub-0011_P2,124,124
sub-0011_P2,125,125
sub-0011_P2,126,126
sub-0011_P2,127,127
sub-0011_P2,128,25
sub-0011_P2,129,129
sub-0011_P2,130,130
sub-0011_P2,131,131
sub-0011_P2,132,103
sub-0011_P2,133,133
sub-0011_P2,134,134
sub-0011_P2,135,135
sub-0011_P2,136,136
sub-0011_P2,137,137
sub-0011_P2,138,138
sub-0011_P2,139,139
sub-0011_P2,140,140
sub-0011_P2,141,141
sub-0011_P2,142,27
sub-0011_P2,143,208
sub-0011_P2,144,144
sub-0011_P2,145,145
sub-0011_P2,146,44
sub-0011_P2,147,147
sub-0011_P2,148,148
sub-0011_P2,149,116
sub-0011_P2,150,150
sub-0011_P2,151,151
sub-0011_P2,152,152
sub-0011_P2,153,153
sub-0011_P2,154,154
sub-0011_P2,155,155
sub-0011_P2,156,156
sub-0011_P2,157,161
sub-0011_P2,158,157
sub-0011_P2,159,159
sub-0011_P2,160,160
sub-0011_P2,161,161
sub-0011_P2,162,162
sub-0011_P2,163,163
sub-0011_P2,164,164
sub-0011_P2,165,165
sub-0011_P2,166,166
sub-0011_P2,167,167
sub-0011_P2,168,168
sub-0011_P2,169,169
sub-0011_P2,170,170
sub-0011_P2,171,171
sub-0011_P2,172,172
sub-0011_P2,173,173
sub-0011_P2,174,174
sub-0011_P2,175,175
sub-0011_P2,176,176
sub-0011_P2,177,177
sub-0011_P2,178,178
sub-0011_P2,179,179
sub-0011_P2,180,180
sub-0011_P2,181,181
sub-0011_P2,182,182
sub-0011_P2,183,183
sub-0011_P2,184,184
sub-0011_P2,185,185
sub-0011_P2,186,186
sub-0011_P2,187,187
sub-0011_P2,188,188
sub-0011_P2,189,189
sub-0011_P2,190,190
sub-0011_P2,191,191
sub-0011_P2,192,192
sub-0011_P2,193,193
sub-0011_P2,194,194
sub-0011_P2,195,195
sub-0011_P2,196,160
sub-0011_P2,197,197
sub-0011_P2,198,198
sub-0011_P2,199,199
sub-0011_P2,200,200
sub-0011_P2,201,162
sub-0011_P2,202,219
sub-0011_P2,203,203
sub-0011_P2,204,205
sub-0011_P2,205,205
sub-0011_P2,206,206
sub-0011_P2,207,207
sub-0011_P2,208,208
sub-0011_P2,209,209
sub-0011_P2,210,226
sub-0011_P2,211,227
sub-0011_P2,212,212
sub-0011_P2,213,213
sub-0011_P2,214,214
sub-0011_P2,215,215
sub-0011_P2,216,216
sub-0011_P2,217,217
sub-0011_P2,218,218
sub-0011_P2,219,219
sub-0011_P2,220,220
sub-0011_P2,221,221
sub-0011_P2,222,222
sub-0011_P2,223,223
sub-0011_P2,224,208
sub-0011_P2,225,225
sub-0011_P2,226,226
sub-0011_P2,227,227
sub-0011_P2,228,228
sub-0011_P2,229,229
sub-0011_P2,230,230
sub-0011_P2,231,231
sub-0012_P2,0,0
sub-0012_P2,1,1
sub-0012_P2,2,2
sub-0012_P2,3,3
sub-0012_P2,4,4
sub-0012_P2,5,5
sub-0012_P2,6,6
sub-0012_P2,7,7
sub-0012_P2,8,8
sub-0012_P2,9,9
sub-0012_P2,10,10
sub-0012_P2,11,11
sub-0012_P2,12,12
sub-0012_P2,13,13
sub-0012_P2,14,14
sub-0012_P2,15,15
sub-0012_P2,16,16
sub-0012_P2,17,17
sub-0012_P2,18,18
sub-0012_P2,19,19
sub-0012_P2,20,20
sub-0012_P2,21,21
sub-0012_P2,22,22
sub-0012_P2,23,23
sub-0012_P2,24,24
sub-0012_P2,25,25
sub-0012_P2,26,26
sub-0012_P2,27,27
sub-0012_P2,28,28
sub-0012_P2,29,29
sub-0012_P2,30,30
sub-0012_P2,31,31
sub-0012_P2,32,32
sub-0012_P2,33,33
sub-0012_P2,34,34
sub-0012_P2,35,35
sub-0012_P2,36,36
sub-0012_P2,37,37
sub-0012_P2,38,38
sub-0012_P2,39,42
sub-0012_P2,40,40
sub-0012_P2,41,42
sub-0012_P2,42,42
sub-0012_P2,43,43
sub-0012_P2,44,44
sub-0012_P2,45,45
sub-0012_P2,46,46
sub-0012_P2,47,47
sub-0012_P2,48,48
sub-0012_P2,49,49
sub-0012_P2,50,50
sub-0012_P2,51,51
sub-0012_P2,52,52
sub-0012_P2,53,53
sub-0012_P2,54,54
sub-0012_P2,55,55
sub-0012_P2,56,56
sub-0012_P2,57,57
sub-0012_P2,58,58
sub-0012_P2,59,59
sub-0012_P2,60,60
sub-0012_P2,61,61
sub-0012_P2,62,62
sub-0012_P2,63,63
sub-0012_P2,64,64
sub-0012_P2,65,65
sub-0012_P2,66,66
sub-0012_P2,67,67
sub-0012_P2,68,68
sub-0012_P2,69,69
sub-0012_P2,70,70
sub-0012_P2,71,71
sub-0012_P2,72,72
sub-0012_P2,73,73
sub-0012_P2,74,74
sub-0012_P2,75,75
sub-0012_P2,76,76
sub-0012_P2,77,77
sub-0012_P2,78,78
sub-0012_P2,79,79
sub-0012_P2,80,80
sub-0012_P2,81,81
sub-0012_P2,82,82
sub-0012_P2,83,83
sub-0012_P2,84,84
sub-0012_P2,85,85
sub-0012_P2,86,86
sub-0012_P2,87,87
sub-0012_P2,88,88
sub-0012_P2,89,89
sub-0012_P2,90,90
sub-0012_P2,91,91
sub-0012_P2,92,92
sub-0012_P2,93,93
sub-0012_P2,94,94
sub-0012_P2,95,95
sub-0012_P2,96,96
sub-0012_P2,97,97
sub-0012_P2,98,98
sub-0012_P2,99,99
sub-0012_P2,100,100
sub-0012_P2,101,101
sub-0012_P2,102,102
sub-0012_P2,103,103
sub-0012_P2,104,104
sub-0012_P2,105,105
sub-0012_P2,106,106
sub-0012_P2,107,107
sub-0012_P2,108,108
sub-0012_P2,109,109
sub-0012_P2,110,110
sub-0012_P2,111,111
sub-0012_P2,112,112
sub-0012_P2,113,113
sub-0012_P2,114,114
sub-0012_P2,115,115
sub-0012_P2,116,116
sub-0012_P2,117,117
sub-0012_P2,118,118
sub-0012_P2,119,119
sub-0012_P2,120,120
sub-0012_P2,121,121
sub-0012_P2,122,122
sub-0012_P2,123,123
sub-0012_P2,124,198
sub-0012_P2,125,125
sub-0012_P2,126,126
sub-0012_P2,127,127
sub-0012_P2,128,128
sub-0012_P2,129,129
sub-0012_P2,130,130
sub-0012_P2,131,131
sub-0012_P2,132,132
sub-0012_P2,133,133
sub-0012_P2,134,134
sub-0012_P2,135,135
sub-0012_P2,136,136
sub-0012_P2,137,137
sub-0012_P2,138,138
sub-0012_P2,139,139
sub-0012_P2,140,140
sub-0012_P2,141,141
sub-0012_P2,142,215
sub-0012_P2,143,143
sub-0012_P2,144,144
sub-0012_P2,145,145
sub-0012_P2,146,42
sub-0012_P2,147,147
sub-0012_P2,148,148
sub-0012_P2,149,149
sub-0012_P2,150,150
sub-0012_P2,151,151
sub-0012_P2,152,152
sub-0012_P2,153,153
sub-0012_P2,154,154
sub-0012_P2,155,155
sub-0012_P2,156,156
sub-0012_P2,157,157
sub-0012_P2,158,158
sub-0012_P2,159,159
sub-0012_P2,160,160
sub-0012_P2,161,161
sub-0012_P2,162,162
sub-0012_P2,163,163
sub-0012_P2,164,164
sub-0012_P2,165,165
sub-0012_P2,166,166
sub-0012_P2,167,167
sub-0012_P2,168,168
sub-0012_P2,169,169
sub-0012_P2,170,170
sub-0012_P2,171,171
sub-0012_P2,172,172
sub-0012_P2,173,173
sub-0012_P2,174,174
sub-0012_P2,175,175
sub-0012_P2,176,176
sub-0012_P2,177,177
sub-0012_P2,178,178
sub-0012_P2,179,179
sub-0012_P2,180,180
sub-0012_P2,181,181
sub-0012_P2,182,182
sub-0012_P2,183,183
sub-0012_P2,184,184
sub-0012_P2,185,185
sub-0012_P2,186,186
sub-0012_P2,187,187
sub-0012_P2,188,188
sub-0012_P2,189,189
sub-0012_P2,190,190
sub-0012_P2,191,191
sub-0012_P2,192,192
sub-0012_P2,193,193
sub-0012_P2,194,194
sub-0012_P2,195,195
sub-0012_P2,196,196
sub-0012_P2,197,197
sub-0012_P2,198,198
sub-0012_P2,199,199
sub-0012_P2,200,200
sub-0012_P2,201,201
sub-0012_P2,202,218
sub-0012_P2,203,218
sub-0012_P2,204,204
sub-0012_P2,205,205
sub-0012_P2,206,206
sub-0012_P2,207,207
sub-0012_P2,208,208
sub-0012_P2,209,209
sub-0012_P2,210,202
sub-0012_P2,211,211
sub-0012_P2,212,212
sub-0012_P2,213,213
sub-0012_P2,214,214
sub-0012_P2,215,215
sub-0012_P2,216,216
sub-0012_P2,217,217
sub-0012_P2,218,218
sub-0012_P2,219,219
sub-0012_P2,220,220
sub-0012_P2,221,221
sub-0012_P2,222,222
sub-0012_P2,223,223
sub-0012_P2,224,224
sub-0012_P2,225,225
sub-0012_P2,226,226
sub-0012_P2,227,227
sub-0012_P2,228,228
sub-0012_P2,229,229
sub-0012_P2,230,230
sub-0012_P2,231,231
sub-0013_P2,0,0
sub-0013_P2,1,1
sub-0013_P2,2,2
sub-0013_P2,3,3
sub-0013_P2,4,4
sub-0013_P2,5,5
sub-0013_P2,6,143
sub-0013_P2,7,7
sub-0013_P2,8,8
sub-0013_P2,9,9
sub-0013_P2,10,10
sub-0013_P2,11,11
sub-0013_P2,12,12
sub-0013_P2,13,13
sub-0013_P2,14,14
sub-0013_P2,15,15
sub-0013_P2,16,16
sub-0013_P2,17,17
sub-0013_P2,18,18
sub-0013_P2,19,19
sub-0013_P2,20,20
sub-0013_P2,21,21
sub-0013_P2,22,22
sub-0013_P2,23,23
sub-0013_P2,24,24
sub-0013_P2,25,25
sub-0013_P2,26,26
sub-0013_P2,27,27
sub-0013_P2,28,28
sub-0013_P2,29,29
sub-0013_P2,30,30
sub-0013_P2,31,31
sub-0013_P2,32,133
sub-0013_P2,33,33
sub-0013_P2,34,34
sub-0013_P2,35,35
sub-0013_P2,36,36
sub-0013_P2,37,37
sub-0013_P2,38,38
sub-0013_P2,39,39
sub-0013_P2,40,40
sub-0013_P2,41,41
sub-0013_P2,42,42
sub-0013_P2,43,43
sub-0013_P2,44,44
sub-0013_P2,45,45
sub-0013_P2,46,46
sub-0013_P2,47,47
sub-0013_P2,48,48
sub-0013_P2,49,49
sub-0013_P2,50,50
sub-0013_P2,51,51
sub-0013_P2,52,52
sub-0013_P2,53,53
sub-0013_P2,54,54
sub-0013_P2,55,55
sub-0013_P2,56,56
sub-0013_P2,57,57
sub-0013_P2,58,58
sub-0013_P2,59,59
sub-0013_P2,60,60
sub-0013_P2,61,61
sub-0013_P2,62,62
sub-0013_P2,63,63
sub-0013_P2,64,64
sub-0013_P2,65,65
sub-0013_P2,66,66
sub-0013_P2,67,67
sub-0013_P2,68,68
sub-0013_P2,69,69
sub-0013_P2,70,70
sub-0013_P2,71,71
sub-0013_P2,72,72
sub-0013_P2,73,73
sub-0013_P2,74,74
sub-0013_P2,75,75
sub-0013_P2,76,76
sub-0013_P2,77,77
sub-0013_P2,78,78
sub-0013_P2,79,79
sub-0013_P2,80,80
sub-0013_P2,81,81
sub-0013_P2,82,82
sub-0013_P2,83,83
sub-0013_P2,84,82
sub-0013_P2,85,85
sub-0013_P2,86,86
sub-0013_P2,87,87
sub-0013_P2,88,88
sub-0013_P2,89,89
sub-0013_P2,90,90
sub-0013_P2,91,91
sub-0013_P2,92,92
sub-0013_P2,93,93
sub-0013_P2,94,94
sub-0013_P2,95,95
sub-0013_P2,96,96
sub-0013_P2,97,97
sub-0013_P2,98,98
sub-0013_P2,99,99
sub-0013_P2,100,100
sub-0013_P2,101,101
sub-0013_P2,102,102
sub-0013_P2,103,103
sub-0013_P2,104,104
sub-0013_P2,105,105
sub-0013_P2,106,106
sub-0013_P2,107,107
sub-0013_P2,108,108
sub-0013_P2,109,109
sub-0013_P2,110,110
sub-0013_P2,111,111
sub-0013_P2,112,112
sub-0013_P2,113,142
sub-0013_P2,114,114
sub-0013_P2,115,115
sub-0013_P2,116,116
sub-0013_P2,117,117
sub-0013_P2,118,118
sub-0013_P2,119,119
sub-0013_P2,120,120
sub-0013_P2,121,121
sub-0013_P2,122,122
sub-0013_P2,123,123
sub-0013_P2,124,124
sub-0013_P2,125,125
sub-0013_P2,126,126
sub-0013_P2,127,127
sub-0013_P2,128,128
sub-0013_P2,129,129
sub-0013_P2,130,130
sub-0013_P2,131,171
sub-0013_P2,132,132
sub-0013_P2,133,133
sub-0013_P2,134,134
sub-0013_P2,135,135
sub-0013_P2,136,136
sub-0013_P2,137,137
sub-0013_P2,138,138
sub-0013_P2,139,139
sub-0013_P2,140,140
sub-0013_P2,141,141
sub-0013_P2,142,142
sub-0013_P2,143,143
sub-0013_P2,144,144
sub-0013_P2,145,145
sub-0013_P2,146,146
sub-0013_P2,147,147
sub-0013_P2,148,220
sub-0013_P2,149,149
sub-0013_P2,150,150
sub-0013_P2,151,151
sub-0013_P2,152,152
sub-0013_P2,153,153
sub-0013_P2,154,154
sub-0013_P2,155,155
sub-0013_P2,156,156
sub-0013_P2,157,157
sub-0013_P2,158,158
sub-0013_P2,159,159
sub-0013_P2,160,160
sub-0013_P2,161,161
sub-0013_P2,162,162
sub-0013_P2,163,163
sub-0013_P2,164,164
sub-0013_P2,165,165
sub-0013_P2,166,166
sub-0013_P2,167,167
sub-0013_P2,168,168
sub-0013_P2,169,169
sub-0013_P2,170,170
sub-0013_P2,171,171
sub-0013_P2,172,172
sub-0013_P2,173,173
sub-0013_P2,174,174
sub-0013_P2,175,175
sub-0013_P2,176,176
sub-0013_P2,177,177
sub-0013_P2,178,178
sub-0013_P2,179,179
sub-0013_P2,180,180
sub-0013_P2,181,181
sub-0013_P2,182,182
sub-0013_P2,183,183
sub-0013_P2,184,184
sub-0013_P2,185,185
sub-0013_P2,186,186
sub-0013_P2,187,187
sub-0013_P2,188,188
sub-0013_P2,189,189
sub-0013_P2,190,190
sub-0013_P2,191,191
sub-0013_P2,192,192
sub-0013_P2,193,193
sub-0013_P2,194,194
sub-0013_P2,195,195
sub-0013_P2,196,196
sub-0013_P2,197,197
sub-0013_P2,198,198
sub-0013_P2,199,199
sub-0013_P2,200,200
sub-0013_P2,201,201
sub-0013_P2,202,202
sub-0013_P2,203,203
sub-0013_P2,204,220
sub-0013_P2,205,205
sub-0013_P2,206,206
sub-0013_P2,207,207
sub-0013_P2,208,208
sub-0013_P2,209,209
sub-0013_P2,210,210
sub-0013_P2,211,211
sub-0013_P2,212,212
sub-0013_P2,213,213
sub-0013_P2,214,214
sub-0013_P2,215,215
sub-0013_P2,216,216
sub-0013_P2,217,217
sub-0013_P2,218,218
sub-0013_P2,219,219
sub-0013_P2,220,187
sub-0013_P2,221,220
sub-0013_P2,222,222
sub-0013_P2,223,223
sub-0013_P2,224,209
sub-0013_P2,225,225
sub-0013_P2,226,226
sub-0013_P2,227,227
sub-0013_P2,228,228
sub-0013_P2,229,229
sub-0013_P2,230,230
sub-0013_P2,231,231
sub-0014_P2,0,0
sub-0014_P2,1,1
sub-0014_P2,2,2
sub-0014_P2,3,3
sub-0014_P2,4,4
sub-0014_P2,5,5
sub-0014_P2,6,6
sub-0014_P2,7,7
sub-0014_P2,8,200
sub-0014_P2,9,9
sub-0014_P2,10,10
sub-0014_P2,11,11
sub-0014_P2,12,12
sub-0014_P2,13,13
sub-0014_P2,14,14
sub-0014_P2,15,15
sub-0014_P2,16,16
sub-0014_P2,17,17
sub-0014_P2,18,18
sub-0014_P2,19,19
sub-0014_P2,20,20
sub-0014_P2,21,21
sub-0014_P2,22,22
sub-0014_P2,23,23
sub-0014_P2,24,24
sub-0014_P2,25,25
sub-0014_P2,26,26
sub-0014_P2,27,27
sub-0014_P2,28,28
sub-0014_P2,29,29
sub-0014_P2,30,30
sub-0014_P2,31,31
sub-0014_P2,32,32
sub-0014_P2,33,33
sub-0014_P2,34,13
sub-0014_P2,35,35
sub-0014_P2,36,36
sub-0014_P2,37,37
sub-0014_P2,38,38
sub-0014_P2,39,39
sub-0014_P2,40,40
sub-0014_P2,41,41
sub-0014_P2,42,42
sub-0014_P2,43,43
sub-0014_P2,44,44
sub-0014_P2,45,213
sub-0014_P2,46,46
sub-0014_P2,47,47
sub-0014_P2,48,48
sub-0014_P2,49,49
sub-0014_P2,50,50
sub-0014_P2,51,92
sub-0014_P2,52,52
sub-0014_P2,53,52
sub-0014_P2,54,54
sub-0014_P2,55,55
sub-0014_P2,56,56
sub-0014_P2,57,57
sub-0014_P2,58,58
sub-0014_P2,59,59
sub-0014_P2,60,60
sub-0014_P2,61,61
sub-0014_P2,62,62
sub-0014_P2,63,63
sub-0014_P2,64,64
sub-0014_P2,65,169
sub-0014_P2,66,66
sub-0014_P2,67,67
sub-0014_P2,68,68
sub-0014_P2,69,69
sub-0014_P2,70,70
sub-0014_P2,71,71
sub-0014_P2,72,72
sub-0014_P2,73,73
sub-0014_P2,74,74
sub-0014_P2,75,75
sub-0014_P2,76,76
sub-0014_P2,77,77
sub-0014_P2,78,78
sub-0014_P2,79,83
sub-0014_P2,80,80
sub-0014_P2,81,81
sub-0014_P2,82,82
sub-0014_P2,83,83
sub-0014_P2,84,84
sub-0014_P2,85,85
sub-0014_P2,86,86
sub-0014_P2,87,87
sub-0014_P2,88,88
sub-0014_P2,89,89
sub-0014_P2,90,90
sub-0014_P2,91,91
sub-0014_P2,92,92
sub-0014_P2,93,93
sub-0014_P2,94,94
sub-0014_P2,95,95
sub-0014_P2,96,96
sub-0014_P2,97,97
sub-0014_P2,98,98
sub-0014_P2,99,99
sub-0014_P2,100,100
sub-0014_P2,101,101
sub-0014_P2,102,102
sub-0014_P2,103,103
sub-0014_P2,104,104
sub-0014_P2,105,105
sub-0014_P2,106,106
sub-0014_P2,107,107
sub-0014_P2,108,108
sub-0014_P2,109,109
sub-0014_P2,110,110
sub-0014_P2,111,111
sub-0014_P2,112,112
sub-0014_P2,113,113
sub-0014_P2,114,114
sub-0014_P2,115,118
sub-0014_P2,116,116
sub-0014_P2,117,117
sub-0014_P2,118,118
sub-0014_P2,119,119
sub-0014_P2,120,120
sub-0014_P2,121,121
sub-0014_P2,122,122
sub-0014_P2,123,123
sub-0014_P2,124,124
sub-0014_P2,125,125
sub-0014_P2,126,126
sub-0014_P2,127,210
sub-0014_P2,128,128
sub-0014_P2,129,129
sub-0014_P2,130,130
sub-0014_P2,131,131
sub-0014_P2,132,132
sub-0014_P2,133,133
sub-0014_P2,134,134
sub-0014_P2,135,135
sub-0014_P2,136,136
sub-0014_P2,137,137
sub-0014_P2,138,138
sub-0014_P2,139,139
sub-0014_P2,140,140
sub-0014_P2,141,141
sub-0014_P2,142,142
sub-0014_P2,143,143
sub-0014_P2,144,144
sub-0014_P2,145,145
sub-0014_P2,146,146
sub-0014_P2,147,147
sub-0014_P2,148,148
sub-0014_P2,149,211
sub-0014_P2,150,150
sub-0014_P2,151,151
sub-0014_P2,152,152
sub-0014_P2,153,153
sub-0014_P2,154,154
sub-0014_P2,155,211
sub-0014_P2,156,156
sub-0014_P2,157,157
sub-0014_P2,158,158
sub-0014_P2,159,159
sub-0014_P2,160,160
sub-0014_P2,161,161
sub-0014_P2,162,162
sub-0014_P2,163,163
sub-0014_P2,164,164
sub-0014_P2,165,165
sub-0014_P2,166,166
sub-0014_P2,167,167
sub-0014_P2,168,168
sub-0014_P2,169,204
sub-0014_P2,170,170
sub-0014_P2,171,173
sub-0014_P2,172,172
sub-0014_P2,173,173
sub-0014_P2,174,174
sub-0014_P2,175,175
sub-0014_P2,176,176
sub-0014_P2,177,177
sub-0014_P2,178,178
sub-0014_P2,179,179
sub-0014_P2,180,180
sub-0014_P2,181,181
sub-0014_P2,182,182
sub-0014_P2,183,183
sub-0014_P2,184,184
sub-0014_P2,185,185
sub-0014_P2,186,186
sub-0014_P2,187,187
sub-0014_P2,188,188
sub-0014_P2,189,189
sub-0014_P2,190,190
sub-0014_P2,191,191
sub-0014_P2,192,192
sub-0014_P2,193,193
sub-0014_P2,194,194
sub-0014_P2,195,195
sub-0014_P2,196,196
sub-0014_P2,197,93
sub-0014_P2,198,198
sub-0014_P2,199,199
sub-0014_P2,200,200
sub-0014_P2,201,201
sub-0014_P2,202,202
sub-0014_P2,203,203
sub-0014_P2,204,204
sub-0014_P2,205,205
sub-0014_P2,206,206
sub-0014_P2,207,207
sub-0014_P2,208,83
sub-0014_P2,209,224
sub-0014_P2,210,227
sub-0014_P2,211,211
sub-0014_P2,212,212
sub-0014_P2,213,213
sub-0014_P2,214,214
sub-0014_P2,215,215
sub-0014_P2,216,216
sub-0014_P2,217,217
sub-0014_P2,218,218
sub-0014_P2,219,220
sub-0014_P2,220,220
sub-0014_P2,221,221
sub-0014_P2,222,222
sub-0014_P2,223,223
sub-0014_P2,224,224
sub-0014_P2,225,225
sub-0014_P2,226,226
sub-0014_P2,227,227
sub-0014_P2,228,228
sub-0014_P2,229,229
sub-0014_P2,230,230
sub-0014_P2,231,231
sub-0015_P2,0,0
sub-0015_P2,1,1
sub-0015_P2,2,0
sub-0015_P2,3,3
sub-0015_P2,4,4
sub-0015_P2,5,5
sub-0015_P2,6,6
sub-0015_P2,7,7
sub-0015_P2,8,8
sub-0015_P2,9,9
sub-0015_P2,10,10
sub-0015_P2,11,11
sub-0015_P2,12,12
sub-0015_P2,13,13
sub-0015_P2,14,14
sub-0015_P2,15,15
sub-0015_P2,16,16
sub-0015_P2,17,17
sub-0015_P2,18,18
sub-0015_P2,19,19
sub-0015_P2,20,20
sub-0015_P2,21,21
sub-0015_P2,22,22
sub-0015_P2,23,23
sub-0015_P2,24,24
sub-0015_P2,25,25
sub-0015_P2,26,26
sub-0015_P2,27,27
sub-0015_P2,28,28
sub-0015_P2,29,29
sub-0015_P2,30,30
sub-0015_P2,31,31
sub-0015_P2,32,32
sub-0015_P2,33,33
sub-0015_P2,34,34
sub-0015_P2,35,35
sub-0015_P2,36,36
sub-0015_P2,37,37
sub-0015_P2,38,38
sub-0015_P2,39,39
sub-0015_P2,40,40
sub-0015_P2,41,41
sub-0015_P2,42,42
sub-0015_P2,43,43
sub-0015_P2,44,44
sub-0015_P2,45,45
sub-0015_P2,46,46
sub-0015_P2,47,47
sub-0015_P2,48,48
sub-0015_P2,49,49
sub-0015_P2,50,50
sub-0015_P2,51,51
sub-0015_P2,52,52
sub-0015_P2,53,53
sub-0015_P2,54,54
sub-0015_P2,55,55
sub-0015_P2,56,56
sub-0015_P2,57,57
sub-0015_P2,58,58
sub-0015_P2,59,137
sub-0015_P2,60,60
sub-0015_P2,61,61
sub-0015_P2,62,62
sub-0015_P2,63,63
sub-0015_P2,64,64
sub-0015_P2,65,65
sub-0015_P2,66,66
sub-0015_P2,67,64
sub-0015_P2,68,68
sub-0015_P2,69,69
sub-0015_P2,70,70
sub-0015_P2,71,71
sub-0015_P2,72,72
sub-0015_P2,73,73
sub-0015_P2,74,74
sub-0015_P2,75,75
sub-0015_P2,76,76
sub-0015_P2,77,77
sub-0015_P2,78,78
sub-0015_P2,79,79
sub-0015_P2,80,80
sub-0015_P2,81,81
sub-0015_P2,82,82
sub-0015_P2,83,83
sub-0015_P2,84,84
sub-0015_P2,85,85
sub-0015_P2,86,86
sub-0015_P2,87,87
sub-0015_P2,88,88
sub-0015_P2,89,89
sub-0015_P2,90,90
sub-0015_P2,91,91
sub-0015_P2,92,92
sub-0015_P2,93,93
sub-0015_P2,94,94
sub-0015_P2,95,95
sub-0015_P2,96,96
sub-0015_P2,97,97
sub-0015_P2,98,98
sub-0015_P2,99,99
sub-0015_P2,100,100
sub-0015_P2,101,101
sub-0015_P2,102,102
sub-0015_P2,103,103
sub-0015_P2,104,104
sub-0015_P2,105,105
sub-0015_P2,106,106
sub-0015_P2,107,107
sub-0015_P2,108,108
sub-0015_P2,109,109
sub-0015_P2,110,110
sub-0015_P2,111,111
sub-0015_P2,112,112
sub-0015_P2,113,113
sub-0015_P2,114,114
sub-0015_P2,115,115
sub-0015_P2,116,116
sub-0015_P2,117,117
sub-0015_P2,118,118
sub-0015_P2,119,119
sub-0015_P2,120,120
sub-0015_P2,121,121
sub-0015_P2,122,122
sub-0015_P2,123,123
sub-0015_P2,124,124
sub-0015_P2,125,125
sub-0015_P2,126,126
sub-0015_P2,127,127
sub-0015_P2,128,128
sub-0015_P2,129,129
sub-0015_P2,130,130
sub-0015_P2,131,131
sub-0015_P2,132,130
sub-0015_P2,133,133
sub-0015_P2,134,134
sub-0015_P2,135,135
sub-0015_P2,136,136
sub-0015_P2,137,137
sub-0015_P2,138,138
sub-0015_P2,139,139
sub-0015_P2,140,140
sub-0015_P2,141,141
sub-0015_P2,142,142
sub-0015_P2,143,143
sub-0015_P2,144,144
sub-0015_P2,145,145
sub-0015_P2,146,146
sub-0015_P2,147,147
sub-0015_P2,148,148
sub-0015_P2,149,149
sub-0015_P2,150,150
sub-0015_P2,151,151
sub-0015_P2,152,152
sub-0015_P2,153,91
sub-0015_P2,154,23
sub-0015_P2,155,155
sub-0015_P2,156,156
sub-0015_P2,157,157
sub-0015_P2,158,158
sub-0015_P2,159,159
sub-0015_P2,160,160
sub-0015_P2,161,161
sub-0015_P2,162,162
sub-0015_P2,163,163
sub-0015_P2,164,164
sub-0015_P2,165,205
sub-0015_P2,166,166
sub-0015_P2,167,167
sub-0015_P2,168,168
sub-0015_P2,169,169
sub-0015_P2,170,170
sub-0015_P2,171,171
sub-0015_P2,172,172
sub-0015_P2,173,173
sub-0015_P2,174,174
sub-0015_P2,175,175
sub-0015_P2,176,176
sub-0015_P2,177,177
sub-0015_P2,178,178
sub-0015_P2,179,179
sub-0015_P2,180,180
sub-0015_P2,181,181
sub-0015_P2,182,182
sub-0015_P2,183,183
sub-0015_P2,184,184
sub-0015_P2,185,185
sub-0015_P2,186,186
sub-0015_P2,187,187
sub-0015_P2,188,188
sub-0015_P2,189,189
sub-0015_P2,190,190
sub-0015_P2,191,191
sub-0015_P2,192,192
sub-0015_P2,193,193
sub-0015_P2,194,194
sub-0015_P2,195,195
sub-0015_P2,196,196
sub-0015_P2,197,197
sub-0015_P2,198,198
sub-0015_P2,199,199
sub-0015_P2,200,200
sub-0015_P2,201,201
sub-0015_P2,202,202
sub-0015_P2,203,203
sub-0015_P2,204,204
sub-0015_P2,205,205
sub-0015_P2,206,206
sub-0015_P2,207,207
sub-0015_P2,208,208
sub-0015_P2,209,209
sub-0015_P2,210,227
sub-0015_P2,211,211
sub-0015_P2,212,212
sub-0015_P2,213,213
sub-0015_P2,214,214
sub-0015_P2,215,215
sub-0015_P2,216,216
sub-0015_P2,217,217
sub-0015_P2,218,218
sub-0015_P2,219,219
sub-0015_P2,220,220
sub-0015_P2,221,221
sub-0015_P2,222,222
sub-0015_P2,223,223
sub-0015_P2,224,224
sub-0015_P2,225,225
sub-0015_P2,226,227
sub-0015_P2,227,210
sub-0015_P2,228,228
sub-0015_P2,229,229
sub-0015_P2,230,230
sub-0015_P2,231,231
sub-0016_P2,0,0
sub-0016_P2,1,1
sub-0016_P2,2,2
sub-0016_P2,3,3
sub-0016_P2,4,4
sub-0016_P2,5,5
sub-0016_P2,6,6
sub-0016_P2,7,7
sub-0016_P2,8,8
sub-0016_P2,9,9
sub-0016_P2,10,10
sub-0016_P2,11,11
sub-0016_P2,12,12
sub-0016_P2,13,13
sub-0016_P2,14,14
sub-0016_P2,15,15
sub-0016_P2,16,16
sub-0016_P2,17,17
sub-0016_P2,18,18
sub-0016_P2,19,19
sub-0016_P2,20,20
sub-0016_P2,21,21
sub-0016_P2,22,22
sub-0016_P2,23,23
sub-0016_P2,24,24
sub-0016_P2,25,124
sub-0016_P2,26,26
sub-0016_P2,27,27
sub-0016_P2,28,28
sub-0016_P2,29,29
sub-0016_P2,30,30
sub-0016_P2,31,31
sub-0016_P2,32,32
sub-0016_P2,33,33
sub-0016_P2,34,34
sub-0016_P2,35,35
sub-0016_P2,36,36
sub-0016_P2,37,37
sub-0016_P2,38,38
sub-0016_P2,39,39
sub-0016_P2,40,40
sub-0016_P2,41,143
sub-0016_P2,42,42
sub-0016_P2,43,43
sub-0016_P2,44,44
sub-0016_P2,45,45
sub-0016_P2,46,46
sub-0016_P2,47,65
sub-0016_P2,48,48
sub-0016_P2,49,49
sub-0016_P2,50,157
sub-0016_P2,51,51
sub-0016_P2,52,52
sub-0016_P2,53,53
sub-0016_P2,54,54
sub-0016_P2,55,218
sub-0016_P2,56,56
sub-0016_P2,57,57
sub-0016_P2,58,58
sub-0016_P2,59,59
sub-0016_P2,60,60
sub-0016_P2,61,61
sub-0016_P2,62,62
sub-0016_P2,63,63
sub-0016_P2,64,64
sub-0016_P2,65,65
sub-0016_P2,66,66
sub-0016_P2,67,67
sub-0016_P2,68,68
sub-0016_P2,69,69
sub-0016_P2,70,70
sub-0016_P2,71,71
sub-0016_P2,72,72
sub-0016_P2,73,73
sub-0016_P2,74,74
sub-0016_P2,75,75
sub-0016_P2,76,76
sub-0016_P2,77,77
sub-0016_P2,78,78
sub-0016_P2,79,79
sub-0016_P2,80,80
sub-0016_P2,81,81
sub-0016_P2,82,82
sub-0016_P2,83,83
sub-0016_P2,84,189
sub-0016_P2,85,85
sub-0016_P2,86,86
sub-0016_P2,87,87
sub-0016_P2,88,88
sub-0016_P2,89,89
sub-0016_P2,90,90
sub-0016_P2,91,91
sub-0016_P2,92,92
sub-0016_P2,93,93
sub-0016_P2,94,94
sub-0016_P2,95,95
sub-0016_P2,96,96
sub-0016_P2,97,97
sub-0016_P2,98,98
sub-0016_P2,99,99
sub-0016_P2,100,100
sub-0016_P2,101,101
sub-0016_P2,102,102
sub-0016_P2,103,103
sub-0016_P2,104,104
sub-0016_P2,105,105
sub-0016_P2,106,106
sub-0016_P2,107,107
sub-0016_P2,108,108
sub-0016_P2,109,109
sub-0016_P2,110,110
sub-0016_P2,111,111
sub-0016_P2,112,159
sub-0016_P2,113,113
sub-0016_P2,114,114
sub-0016_P2,115,115
sub-0016_P2,116,116
sub-0016_P2,117,117
sub-0016_P2,118,124
sub-0016_P2,119,119
sub-0016_P2,120,19
sub-0016_P2,121,121
sub-0016_P2,122,122
sub-0016_P2,123,123
sub-0016_P2,124,124
sub-0016_P2,125,125
sub-0016_P2,126,126
sub-0016_P2,127,22
sub-0016_P2,128,128
sub-0016_P2,129,129
sub-0016_P2,130,130
sub-0016_P2,131,131
sub-0016_P2,132,132
sub-0016_P2,133,133
sub-0016_P2,134,134
sub-0016_P2,135,135
sub-0016_P2,136,136
sub-0016_P2,137,137
sub-0016_P2,138,138
sub-0016_P2,139,139
sub-0016_P2,140,140
sub-0016_P2,141,141
sub-0016_P2,142,142
sub-0016_P2,143,143
sub-0016_P2,144,144
sub-0016_P2,145,145
sub-0016_P2,146,146
sub-0016_P2,147,147
sub-0016_P2,148,148
sub-0016_P2,149,149
sub-0016_P2,150,150
sub-0016_P2,151,151
sub-0016_P2,152,152
sub-0016_P2,153,153
sub-0016_P2,154,154
sub-0016_P2,155,155
sub-0016_P2,156,156
sub-0016_P2,157,161
sub-0016_P2,158,158
sub-0016_P2,159,159
sub-0016_P2,160,160
sub-0016_P2,161,161
sub-0016_P2,162,162
sub-0016_P2,163,163
sub-0016_P2,164,164
sub-0016_P2,165,165
sub-0016_P2,166,166
sub-0016_P2,167,167
sub-0016_P2,168,168
sub-0016_P2,169,169
sub-0016_P2,170,170
sub-0016_P2,171,171
sub-0016_P2,172,172
sub-0016_P2,173,173
sub-0016_P2,174,174
sub-0016_P2,175,131
sub-0016_P2,176,157
sub-0016_P2,177,177
sub-0016_P2,178,178
sub-0016_P2,179,179
sub-0016_P2,180,180
sub-0016_P2,181,181
sub-0016_P2,182,73
sub-0016_P2,183,183
sub-0016_P2,184,184
sub-0016_P2,185,185
sub-0016_P2,186,186
sub-0016_P2,187,187
sub-0016_P2,188,188
sub-0016_P2,189,189
sub-0016_P2,190,190
sub-0016_P2,191,191
sub-0016_P2,192,192
sub-0016_P2,193,193
sub-0016_P2,194,194
sub-0016_P2,195,195
sub-0016_P2,196,196
sub-0016_P2,197,197
sub-0016_P2,198,198
sub-0016_P2,199,199
sub-0016_P2,200,200
sub-0016_P2,201,201
sub-0016_P2,202,202
sub-0016_P2,203,54
sub-0016_P2,204,221
sub-0016_P2,205,205
sub-0016_P2,206,206
sub-0016_P2,207,207
sub-0016_P2,208,208
sub-0016_P2,209,209
sub-0016_P2,210,210
sub-0016_P2,211,211
sub-0016_P2,212,212
sub-0016_P2,213,213
sub-0016_P2,214,214
sub-0016_P2,215,215
sub-0016_P2,216,216
sub-0016_P2,217,217
sub-0016_P2,218,227
sub-0016_P2,219,219
sub-0016_P2,220,220
sub-0016_P2,221,221
sub-0016_P2,222,222
sub-0016_P2,223,223
sub-0016_P2,224,224
sub-0016_P2,225,230
sub-0016_P2,226,226
sub-0016_P2,227,211
sub-0016_P2,228,228
sub-0016_P2,229,229
sub-0016_P2,230,230
sub-0016_P2,231,231
sub-0017_P2,0,0
sub-0017_P2,1,1
sub-0017_P2,2,2
sub-0017_P2,3,3
sub-0017_P2,4,4
sub-0017_P2,5,5
sub-0017_P2,6,6
sub-0017_P2,7,7
sub-0017_P2,8,8
sub-0017_P2,9,9
sub-0017_P2,10,10
sub-0017_P2,11,11
sub-0017_P2,12,12
sub-0017_P2,13,13
sub-0017_P2,14,14
sub-0017_P2,15,15
sub-0017_P2,16,16
sub-0017_P2,17,17
sub-0017_P2,18,18
sub-0017_P2,19,19
sub-0017_P2,20,20
sub-0017_P2,21,21
sub-0017_P2,22,22
sub-0017_P2,23,23
sub-0017_P2,24,24
sub-0017_P2,25,25
sub-0017_P2,26,26
sub-0017_P2,27,116
sub-0017_P2,28,28
sub-0017_P2,29,29
sub-0017_P2,30,30
sub-0017_P2,31,31
sub-0017_P2,32,32
sub-0017_P2,33,33
sub-0017_P2,34,34
sub-0017_P2,35,35
sub-0017_P2,36,36
sub-0017_P2,37,16
sub-0017_P2,38,99
sub-0017_P2,39,39
sub-0017_P2,40,40
sub-0017_P2,41,41
sub-0017_P2,42,42
sub-0017_P2,43,43
sub-0017_P2,44,44
sub-0017_P2,45,45
sub-0017_P2,46,46
sub-0017_P2,47,47
sub-0017_P2,48,48
sub-0017_P2,49,49
sub-0017_P2,50,50
sub-0017_P2,51,187
sub-0017_P2,52,52
sub-0017_P2,53,53
sub-0017_P2,54,54
sub-0017_P2,55,51
sub-0017_P2,56,56
sub-0017_P2,57,57
sub-0017_P2,58,58
sub-0017_P2,59,59
sub-0017_P2,60,60
sub-0017_P2,61,61
sub-0017_P2,62,62
sub-0017_P2,63,63
sub-0017_P2,64,64
sub-0017_P2,65,65
sub-0017_P2,66,66
sub-0017_P2,67,67
sub-0017_P2,68,68
sub-0017_P2,69,69
sub-0017_P2,70,70
sub-0017_P2,71,71
sub-0017_P2,72,72
sub-0017_P2,73,73
sub-0017_P2,74,74
sub-0017_P2,75,92
sub-0017_P2,76,76
sub-0017_P2,77,77
sub-0017_P2,78,78
sub-0017_P2,79,217
sub-0017_P2,80,80
sub-0017_P2,81,81
sub-0017_P2,82,82
sub-0017_P2,83,83
sub-0017_P2,84,84
sub-0017_P2,85,85
sub-0017_P2,86,86
sub-0017_P2,87,87
sub-0017_P2,88,88
sub-0017_P2,89,89
sub-0017_P2,90,90
sub-0017_P2,91,91
sub-0017_P2,92,92
sub-0017_P2,93,93
sub-0017_P2,94,94
sub-0017_P2,95,95
sub-0017_P2,96,96
sub-0017_P2,97,97
sub-0017_P2,98,98
sub-0017_P2,99,99
sub-0017_P2,100,100
sub-0017_P2,101,101
sub-0017_P2,102,102
sub-0017_P2,103,103
sub-0017_P2,104,104
sub-0017_P2,105,105
sub-0017_P2,106,106
sub-0017_P2,107,107
sub-0017_P2,108,108
sub-0017_P2,109,109
sub-0017_P2,110,110
sub-0017_P2,111,111
sub-0017_P2,112,112
sub-0017_P2,113,113
sub-0017_P2,114,114
sub-0017_P2,115,115
sub-0017_P2,116,116
sub-0017_P2,117,117
sub-0017_P2,118,118
sub-0017_P2,119,119
sub-0017_P2,120,120
sub-0017_P2,121,121
sub-0017_P2,122,122
sub-0017_P2,123,123
sub-0017_P2,124,124
sub-0017_P2,125,125
sub-0017_P2,126,126
sub-0017_P2,127,127
sub-0017_P2,128,128
sub-0017_P2,129,129
sub-0017_P2,130,130
sub-0017_P2,131,131
sub-0017_P2,132,132
sub-0017_P2,133,133
sub-0017_P2,134,134
sub-0017_P2,135,135
sub-0017_P2,136,136
sub-0017_P2,137,137
sub-0017_P2,138,138
sub-0017_P2,139,139
sub-0017_P2,140,140
sub-0017_P2,141,141
sub-0017_P2,142,40
sub-0017_P2,143,143
sub-0017_P2,144,144
sub-0017_P2,145,145
sub-0017_P2,146,146
sub-0017_P2,147,147
sub-0017_P2,148,148
sub-0017_P2,149,149
sub-0017_P2,150,150
sub-0017_P2,151,151
sub-0017_P2,152,152
sub-0017_P2,153,153
sub-0017_P2,154,154
sub-0017_P2,155,155
sub-0017_P2,156,92
sub-0017_P2,157,209
sub-0017_P2,158,158
sub-0017_P2,159,159
sub-0017_P2,160,160
sub-0017_P2,161,161
sub-0017_P2,162,162
sub-0017_P2,163,131
sub-0017_P2,164,164
sub-0017_P2,165,165
sub-0017_P2,166,166
sub-0017_P2,167,167
sub-0017_P2,168,168
sub-0017_P2,169,169
sub-0017_P2,170,170
sub-0017_P2,171,171
sub-0017_P2,172,175
sub-0017_P2,173,173
sub-0017_P2,174,174
sub-0017_P2,175,175
sub-0017_P2,176,176
sub-0017_P2,177,177
sub-0017_P2,178,178
sub-0017_P2,179,179
sub-0017_P2,180,180
sub-0017_P2,181,181
sub-0017_P2,182,182
sub-0017_P2,183,183
sub-0017_P2,184,184
sub-0017_P2,185,185
sub-0017_P2,186,186
sub-0017_P2,187,187
sub-0017_P2,188,188
sub-0017_P2,189,189
sub-0017_P2,190,190
sub-0017_P2,191,191
sub-0017_P2,192,192
sub-0017_P2,193,193
sub-0017_P2,194,194
sub-0017_P2,195,195
sub-0017_P2,196,54
sub-0017_P2,197,197
sub-0017_P2,198,198
sub-0017_P2,199,199
sub-0017_P2,200,200
sub-0017_P2,201,201
sub-0017_P2,202,202
sub-0017_P2,203,203
sub-0017_P2,204,204
sub-0017_P2,205,220
sub-0017_P2,206,206
sub-0017_P2,207,207
sub-0017_P2,208,208
sub-0017_P2,209,209
sub-0017_P2,210,210
sub-0017_P2,211,211
sub-0017_P2,212,226
sub-0017_P2,213,213
sub-0017_P2,214,214
sub-0017_P2,215,215
sub-0017_P2,216,216
sub-0017_P2,217,217
sub-0017_P2,218,218
sub-0017_P2,219,219
sub-0017_P2,220,220
sub-0017_P2,221,221
sub-0017_P2,222,226
sub-0017_P2,223,223
sub-0017_P2,224,224
sub-0017_P2,225,225
sub-0017_P2,226,227
sub-0017_P2,227,227
sub-0017_P2,228,230
sub-0017_P2,229,229
sub-0017_P2,230,230
sub-0017_P2,231,231
sub-0018_P2,0,0
sub-0018_P2,1,1
sub-0018_P2,2,2
sub-0018_P2,3,3
sub-0018_P2,4,4
sub-0018_P2,5,5
sub-0018_P2,6,6
sub-0018_P2,7,7
sub-0018_P2,8,8
sub-0018_P2,9,9
sub-0018_P2,10,10
sub-0018_P2,11,11
sub-0018_P2,12,12
sub-0018_P2,13,116
sub-0018_P2,14,117
sub-0018_P2,15,15
sub-0018_P2,16,16
sub-0018_P2,17,17
sub-0018_P2,18,18
sub-0018_P2,19,19
sub-0018_P2,20,20
sub-0018_P2,21,21
sub-0018_P2,22,22
sub-0018_P2,23,23
sub-0018_P2,24,24
sub-0018_P2,25,25
sub-0018_P2,26,26
sub-0018_P2,27,27
sub-0018_P2,28,28
sub-0018_P2,29,29
sub-0018_P2,30,30
sub-0018_P2,31,31
sub-0018_P2,32,32
sub-0018_P2,33,33
sub-0018_P2,34,34
sub-0018_P2,35,35
sub-0018_P2,36,36
sub-0018_P2,37,37
sub-0018_P2,38,38
sub-0018_P2,39,39
sub-0018_P2,40,40
sub-0018_P2,41,41
sub-0018_P2,42,42
sub-0018_P2,43,43
sub-0018_P2,44,44
sub-0018_P2,45,45
sub-0018_P2,46,46
sub-0018_P2,47,47
sub-0018_P2,48,48
sub-0018_P2,49,49
sub-0018_P2,50,50
sub-0018_P2,51,51
sub-0018_P2,52,52
sub-0018_P2,53,53
sub-0018_P2,54,162
sub-0018_P2,55,94
sub-0018_P2,56,66
sub-0018_P2,57,46
sub-0018_P2,58,58
sub-0018_P2,59,59
sub-0018_P2,60,60
sub-0018_P2,61,61
sub-0018_P2,62,62
sub-0018_P2,63,63
sub-0018_P2,64,67
sub-0018_P2,65,65
sub-0018_P2,66,66
sub-0018_P2,67,67
sub-0018_P2,68,68
sub-0018_P2,69,69
sub-0018_P2,70,70
sub-0018_P2,71,71
sub-0018_P2,72,72
sub-0018_P2,73,73
sub-0018_P2,74,74
sub-0018_P2,75,75
sub-0018_P2,76,76
sub-0018_P2,77,172
sub-0018_P2,78,78
sub-0018_P2,79,79
sub-0018_P2,80,80
sub-0018_P2,81,81
sub-0018_P2,82,82
sub-0018_P2,83,217
sub-0018_P2,84,84
sub-0018_P2,85,85
sub-0018_P2,86,86
sub-0018_P2,87,87
sub-0018_P2,88,88
sub-0018_P2,89,89
sub-0018_P2,90,90
sub-0018_P2,91,91
sub-0018_P2,92,92
sub-0018_P2,93,93
sub-0018_P2,94,94
sub-0018_P2,95,31
sub-0018_P2,96,96
sub-0018_P2,97,97
sub-0018_P2,98,98
sub-0018_P2,99,99
sub-0018_P2,100,100
sub-0018_P2,101,101
sub-0018_P2,102,102
sub-0018_P2,103,103
sub-0018_P2,104,104
sub-0018_P2,105,105
sub-0018_P2,106,106
sub-0018_P2,107,107
sub-0018_P2,108,108
sub-0018_P2,109,109
sub-0018_P2,110,110
sub-0018_P2,111,111
sub-0018_P2,112,112
sub-0018_P2,113,113
sub-0018_P2,114,114
sub-0018_P2,115,115
sub-0018_P2,116,116
sub-0018_P2,117,117
sub-0018_P2,118,118
sub-0018_P2,119,119
sub-0018_P2,120,120
sub-0018_P2,121,121
sub-0018_P2,122,122
sub-0018_P2,123,123
sub-0018_P2,124,124
sub-0018_P2,125,125
sub-0018_P2,126,123
sub-0018_P2,127,127
sub-0018_P2,128,128
sub-0018_P2,129,129
sub-0018_P2,130,130
sub-0018_P2,131,131
sub-0018_P2,132,132
sub-0018_P2,133,133
sub-0018_P2,134,134
sub-0018_P2,135,135
sub-0018_P2,136,136
sub-0018_P2,137,137
sub-0018_P2,138,138
sub-0018_P2,139,139
sub-0018_P2,140,140
sub-0018_P2,141,141
sub-0018_P2,142,142
sub-0018_P2,143,204
sub-0018_P2,144,144
sub-0018_P2,145,145
sub-0018_P2,146,127
sub-0018_P2,147,147
sub-0018_P2,148,138
sub-0018_P2,149,149
sub-0018_P2,150,150
sub-0018_P2,151,151
sub-0018_P2,152,152
sub-0018_P2,153,153
sub-0018_P2,154,154
sub-0018_P2,155,155
sub-0018_P2,156,156
sub-0018_P2,157,157
sub-0018_P2,158,158
sub-0018_P2,159,159
sub-0018_P2,160,160
sub-0018_P2,161,161
sub-0018_P2,162,162
sub-0018_P2,163,163
sub-0018_P2,164,164
sub-0018_P2,165,165
sub-0018_P2,166,166
sub-0018_P2,167,167
sub-0018_P2,168,168
sub-0018_P2,169,169
sub-0018_P2,170,170
sub-0018_P2,171,171
sub-0018_P2,172,172
sub-0018_P2,173,173
sub-0018_P2,174,174
sub-0018_P2,175,175
sub-0018_P2,176,176
sub-0018_P2,177,177
sub-0018_P2,178,178
sub-0018_P2,179,179
sub-0018_P2,180,180
sub-0018_P2,181,181
sub-0018_P2,182,182
sub-0018_P2,183,183
sub-0018_P2,184,184
sub-0018_P2,185,185
sub-0018_P2,186,186
sub-0018_P2,187,187
sub-0018_P2,188,188
sub-0018_P2,189,189
sub-0018_P2,190,190
sub-0018_P2,191,191
sub-0018_P2,192,192
sub-0018_P2,193,193
sub-0018_P2,194,194
sub-0018_P2,195,195
sub-0018_P2,196,196
sub-0018_P2,197,197
sub-0018_P2,198,198
sub-0018_P2,199,199
sub-0018_P2,200,200
sub-0018_P2,201,201
sub-0018_P2,202,202
sub-0018_P2,203,203
sub-0018_P2,204,204
sub-0018_P2,205,205
sub-0018_P2,206,206
sub-0018_P2,207,207
sub-0018_P2,208,208
sub-0018_P2,209,209
sub-0018_P2,210,210
sub-0018_P2,211,211
sub-0018_P2,212,212
sub-0018_P2,213,213
sub-0018_P2,214,214
sub-0018_P2,215,215
sub-0018_P2,216,216
sub-0018_P2,217,217
sub-0018_P2,218,218
sub-0018_P2,219,219
sub-0018_P2,220,220
sub-0018_P2,221,210
sub-0018_P2,222,222
sub-0018_P2,223,223
sub-0018_P2,224,224
sub-0018_P2,225,225
sub-0018_P2,226,226
sub-0018_P2,227,226
sub-0018_P2,228,228
sub-0018_P2,229,229
sub-0018_P2,230,230
sub-0018_P2,231,231
sub-0019_P2,0,0
sub-0019_P2,1,1
sub-0019_P2,2,2
sub-0019_P2,3,3
sub-0019_P2,4,4
sub-0019_P2,5,5
sub-0019_P2,6,6
sub-0019_P2,7,7
sub-0019_P2,8,8
sub-0019_P2,9,9
sub-0019_P2,10,10
sub-0019_P2,11,11
sub-0019_P2,12,12
sub-0019_P2,13,13
sub-0019_P2,14,14
sub-0019_P2,15,118
sub-0019_P2,16,16
sub-0019_P2,17,61
sub-0019_P2,18,18
sub-0019_P2,19,19
sub-0019_P2,20,20
sub-0019_P2,21,21
sub-0019_P2,22,22
sub-0019_P2,23,23
sub-0019_P2,24,226
sub-0019_P2,25,25
sub-0019_P2,26,26
sub-0019_P2,27,27
sub-0019_P2,28,28
sub-0019_P2,29,29
sub-0019_P2,30,30
sub-0019_P2,31,31
sub-0019_P2,32,32
sub-0019_P2,33,33
sub-0019_P2,34,34
sub-0019_P2,35,35
sub-0019_P2,36,36
sub-0019_P2,37,37
sub-0019_P2,38,75
sub-0019_P2,39,39
sub-0019_P2,40,40
sub-0019_P2,41,41
sub-0019_P2,42,42
sub-0019_P2,43,43
sub-0019_P2,44,44
sub-0019_P2,45,45
sub-0019_P2,46,46
sub-0019_P2,47,187
sub-0019_P2,48,48
sub-0019_P2,49,49
sub-0019_P2,50,50
sub-0019_P2,51,51
sub-0019_P2,52,52
sub-0019_P2,53,53
sub-0019_P2,54,54
sub-0019_P2,55,55
sub-0019_P2,56,56
sub-0019_P2,57,57
sub-0019_P2,58,58
sub-0019_P2,59,59
sub-0019_P2,60,60
sub-0019_P2,61,61
sub-0019_P2,62,60
sub-0019_P2,63,63
sub-0019_P2,64,64
sub-0019_P2,65,65
sub-0019_P2,66,66
sub-0019_P2,67,67
sub-0019_P2,68,68
sub-0019_P2,69,69
sub-0019_P2,70,70
sub-0019_P2,71,71
sub-0019_P2,72,72
sub-0019_P2,73,73
sub-0019_P2,74,74
sub-0019_P2,75,75
sub-0019_P2,76,76
sub-0019_P2,77,77
sub-0019_P2,78,78
sub-0019_P2,79,79
sub-0019_P2,80,80
sub-0019_P2,81,81
sub-0019_P2,82,82
sub-0019_P2,83,83
sub-0019_P2,84,84
sub-0019_P2,85,85
sub-0019_P2,86,86
sub-0019_P2,87,87
sub-0019_P2,88,88
sub-0019_P2,89,191
sub-0019_P2,90,90
sub-0019_P2,91,91
sub-0019_P2,92,92
sub-0019_P2,93,93
sub-0019_P2,94,94
sub-0019_P2,95,95
sub-0019_P2,96,96
sub-0019_P2,97,97
sub-0019_P2,98,98
sub-0019_P2,99,99
sub-0019_P2,100,100
sub-0019_P2,101,101
sub-0019_P2,102,102
sub-0019_P2,103,103
sub-0019_P2,104,104
sub-0019_P2,105,105
sub-0019_P2,106,106
sub-0019_P2,107,107
sub-0019_P2,108,108
sub-0019_P2,109,109
sub-0019_P2,110,110
sub-0019_P2,111,111
sub-0019_P2,112,112
sub-0019_P2,113,113
sub-0019_P2,114,114
sub-0019_P2,115,115
sub-0019_P2,116,116
sub-0019_P2,117,117
sub-0019_P2,118,118
sub-0019_P2,119,119
sub-0019_P2,120,120
sub-0019_P2,121,121
sub-0019_P2,122,122
sub-0019_P2,123,123
sub-0019_P2,124,124
sub-0019_P2,125,125
sub-0019_P2,126,126
sub-0019_P2,127,127
sub-0019_P2,128,128
sub-0019_P2,129,129
sub-0019_P2,130,202
sub-0019_P2,131,131
sub-0019_P2,132,132
sub-0019_P2,133,133
sub-0019_P2,134,134
sub-0019_P2,135,135
sub-0019_P2,136,136
sub-0019_P2,137,137
sub-0019_P2,138,138
sub-0019_P2,139,139
sub-0019_P2,140,140
sub-0019_P2,141,141
sub-0019_P2,142,142
sub-0019_P2,143,143
sub-0019_P2,144,144
sub-0019_P2,145,145
sub-0019_P2,146,146
sub-0019_P2,147,147
sub-0019_P2,148,148
sub-0019_P2,149,149
sub-0019_P2,150,150
sub-0019_P2,151,151
sub-0019_P2,152,177
sub-0019_P2,153,153
sub-0019_P2,154,154
sub-0019_P2,155,155
sub-0019_P2,156,156
sub-0019_P2,157,157
sub-0019_P2,158,158
sub-0019_P2,159,159
sub-0019_P2,160,160
sub-0019_P2,161,162
sub-0019_P2,162,202
sub-0019_P2,163,163
sub-0019_P2,164,164
sub-0019_P2,165,165
sub-0019_P2,166,166
sub-0019_P2,167,167
sub-0019_P2,168,168
sub-0019_P2,169,169
sub-0019_P2,170,170
sub-0019_P2,171,171
sub-0019_P2,172,172
sub-0019_P2,173,173
sub-0019_P2,174,174
sub-0019_P2,175,175
sub-0019_P2,176,176
sub-0019_P2,177,177
sub-0019_P2,178,178
sub-0019_P2,179,179
sub-0019_P2,180,180
sub-0019_P2,181,181
sub-0019_P2,182,182
sub-0019_P2,183,183
sub-0019_P2,184,184
sub-0019_P2,185,185
sub-0019_P2,186,186
sub-0019_P2,187,187
sub-0019_P2,188,188
sub-0019_P2,189,189
sub-0019_P2,190,190
sub-0019_P2,191,191
sub-0019_P2,192,192
sub-0019_P2,193,193
sub-0019_P2,194,194
sub-0019_P2,195,195
sub-0019_P2,196,196
sub-0019_P2,197,197
sub-0019_P2,198,198
sub-0019_P2,199,199
sub-0019_P2,200,200
sub-0019_P2,201,201
sub-0019_P2,202,202
sub-0019_P2,203,203
sub-0019_P2,204,204
sub-0019_P2,205,205
sub-0019_P2,206,206
sub-0019_P2,207,207
sub-0019_P2,208,208
sub-0019_P2,209,209
sub-0019_P2,210,204
sub-0019_P2,211,211
sub-0019_P2,212,212
sub-0019_P2,213,213
sub-0019_P2,214,214
sub-0019_P2,215,215
sub-0019_P2,216,216
sub-0019_P2,217,217
sub-0019_P2,218,218
sub-0019_P2,219,219
sub-0019_P2,220,220
sub-0019_P2,221,221
sub-0019_P2,222,222
sub-0019_P2,223,223
sub-0019_P2,224,224
sub-0019_P2,225,225
sub-0019_P2,226,226
sub-0019_P2,227,227
sub-0019_P2,228,228
sub-0019_P2,229,229
sub-0019_P2,230,230
sub-0019_P2,231,231
sub-0020_P2,0,0
sub-0020_P2,1,1
sub-0020_P2,2,2
sub-0020_P2,3,3
sub-0020_P2,4,4
sub-0020_P2,5,5
sub-0020_P2,6,6
sub-0020_P2,7,7
sub-0020_P2,8,8
sub-0020_P2,9,9
sub-0020_P2,10,10
sub-0020_P2,11,11
sub-0020_P2,12,12
sub-0020_P2,13,113
sub-0020_P2,14,14
sub-0020_P2,15,15
sub-0020_P2,16,16
sub-0020_P2,17,17
sub-0020_P2,18,18
sub-0020_P2,19,19
sub-0020_P2,20,20
sub-0020_P2,21,21
sub-0020_P2,22,22
sub-0020_P2,23,23
sub-0020_P2,24,24
sub-0020_P2,25,25
sub-0020_P2,26,26
sub-0020_P2,27,128
sub-0020_P2,28,28
sub-0020_P2,29,29
sub-0020_P2,30,30
sub-0020_P2,31,31
sub-0020_P2,32,32
sub-0020_P2,33,33
sub-0020_P2,34,34
sub-0020_P2,35,35
sub-0020_P2,36,36
sub-0020_P2,37,37
sub-0020_P2,38,38
sub-0020_P2,39,39
sub-0020_P2,40,40
sub-0020_P2,41,41
sub-0020_P2,42,42
sub-0020_P2,43,43
sub-0020_P2,44,44
sub-0020_P2,45,45
sub-0020_P2,46,46
sub-0020_P2,47,47
sub-0020_P2,48,48
sub-0020_P2,49,49
sub-0020_P2,50,50
sub-0020_P2,51,51
sub-0020_P2,52,52
sub-0020_P2,53,53
sub-0020_P2,54,54
sub-0020_P2,55,187
sub-0020_P2,56,99
sub-0020_P2,57,57
sub-0020_P2,58,58
sub-0020_P2,59,59
sub-0020_P2,60,60
sub-0020_P2,61,61
sub-0020_P2,62,62
sub-0020_P2,63,63
sub-0020_P2,64,92
sub-0020_P2,65,65
sub-0020_P2,66,66
sub-0020_P2,67,67
sub-0020_P2,68,68
sub-0020_P2,69,69
sub-0020_P2,70,70
sub-0020_P2,71,71
sub-0020_P2,72,72
sub-0020_P2,73,73
sub-0020_P2,74,74
sub-0020_P2,75,75
sub-0020_P2,76,76
sub-0020_P2,77,77
sub-0020_P2,78,78
sub-0020_P2,79,79
sub-0020_P2,80,80
sub-0020_P2,81,81
sub-0020_P2,82,82
sub-0020_P2,83,83
sub-0020_P2,84,84
sub-0020_P2,85,85
sub-0020_P2,86,86
sub-0020_P2,87,87
sub-0020_P2,88,88
sub-0020_P2,89,89
sub-0020_P2,90,90
sub-0020_P2,91,91
sub-0020_P2,92,92
sub-0020_P2,93,93
sub-0020_P2,94,94
sub-0020_P2,95,75
sub-0020_P2,96,96
sub-0020_P2,97,97
sub-0020_P2,98,98
sub-0020_P2,99,99
sub-0020_P2,100,100
sub-0020_P2,101,101
sub-0020_P2,102,102
sub-0020_P2,103,103
sub-0020_P2,104,104
sub-0020_P2,105,105
sub-0020_P2,106,106
sub-0020_P2,107,107
sub-0020_P2,108,108
sub-0020_P2,109,109
sub-0020_P2,110,110
sub-0020_P2,111,111
sub-0020_P2,112,112
sub-0020_P2,113,113
sub-0020_P2,114,114
sub-0020_P2,115,115
sub-0020_P2,116,116
sub-0020_P2,117,117
sub-0020_P2,118,118
sub-0020_P2,119,119
sub-0020_P2,120,120
sub-0020_P2,121,121
sub-0020_P2,122,122
sub-0020_P2,123,123
sub-0020_P2,124,125
sub-0020_P2,125,125
sub-0020_P2,126,126
sub-0020_P2,127,127
sub-0020_P2,128,128
sub-0020_P2,129,129
sub-0020_P2,130,130
sub-0020_P2,131,131
sub-0020_P2,132,132
sub-0020_P2,133,133
sub-0020_P2,134,134
sub-0020_P2,135,135
sub-0020_P2,136,136
sub-0020_P2,137,137
sub-0020_P2,138,138
sub-0020_P2,139,139
sub-0020_P2,140,140
sub-0020_P2,141,141
sub-0020_P2,142,142
sub-0020_P2,143,143
sub-0020_P2,144,144
sub-0020_P2,145,145
sub-0020_P2,146,146
sub-0020_P2,147,147
sub-0020_P2,148,148
sub-0020_P2,149,149
sub-0020_P2,150,150
sub-0020_P2,151,151
sub-0020_P2,152,152
sub-0020_P2,153,154
sub-0020_P2,154,154
sub-0020_P2,155,155
sub-0020_P2,156,156
sub-0020_P2,157,157
sub-0020_P2,158,158
sub-0020_P2,159,159
sub-0020_P2,160,160
sub-0020_P2,161,161
sub-0020_P2,162,162
sub-0020_P2,163,163
sub-0020_P2,164,164
sub-0020_P2,165,165
sub-0020_P2,166,166
sub-0020_P2,167,167
sub-0020_P2,168,168
sub-0020_P2,169,169
sub-0020_P2,170,170
sub-0020_P2,171,171
sub-0020_P2,172,172
sub-0020_P2,173,173
sub-0020_P2,174,174
sub-0020_P2,175,175
sub-0020_P2,176,176
sub-0020_P2,177,177
sub-0020_P2,178,178
sub-0020_P2,179,227
sub-0020_P2,180,180
sub-0020_P2,181,181
sub-0020_P2,182,182
sub-0020_P2,183,183
sub-0020_P2,184,184
sub-0020_P2,185,185
sub-0020_P2,186,186
sub-0020_P2,187,187
sub-0020_P2,188,188
sub-0020_P2,189,189
sub-0020_P2,190,54
sub-0020_P2,191,191
sub-0020_P2,192,192
sub-0020_P2,193,193
sub-0020_P2,194,194
sub-0020_P2,195,195
sub-0020_P2,196,196
sub-0020_P2,197,197
sub-0020_P2,198,198
sub-0020_P2,199,199
sub-0020_P2,200,200
sub-0020_P2,201,201
sub-0020_P2,202,202
sub-0020_P2,203,203
sub-0020_P2,204,204
sub-0020_P2,205,205
sub-0020_P2,206,206
sub-0020_P2,207,207
sub-0020_P2,208,208
sub-0020_P2,209,224
sub-0020_P2,210,210
sub-0020_P2,211,210
sub-0020_P2,212,212
sub-0020_P2,213,213
sub-0020_P2,214,214
sub-0020_P2,215,215
sub-0020_P2,216,216
sub-0020_P2,217,217
sub-0020_P2,218,218
sub-0020_P2,219,219
sub-0020_P2,220,220
sub-0020_P2,221,221
sub-0020_P2,222,222
sub-0020_P2,223,223
sub-0020_P2,224,224
sub-0020_P2,225,225
sub-0020_P2,226,226
sub-0020_P2,227,187
sub-0020_P2,228,228
sub-0020_P2,229,229
sub-0020_P2,230,230
sub-0020_P2,231,231
sub-0021_P2,0,0
sub-0021_P2,1,1
sub-0021_P2,2,2
sub-0021_P2,3,3
sub-0021_P2,4,4
sub-0021_P2,5,5
sub-0021_P2,6,6
sub-0021_P2,7,7
sub-0021_P2,8,8
sub-0021_P2,9,9
sub-0021_P2,10,10
sub-0021_P2,11,11
sub-0021_P2,12,12
sub-0021_P2,13,13
sub-0021_P2,14,14
sub-0021_P2,15,15
sub-0021_P2,16,16
sub-0021_P2,17,17
sub-0021_P2,18,18
sub-0021_P2,19,19
sub-0021_P2,20,20
sub-0021_P2,21,21
sub-0021_P2,22,22
sub-0021_P2,23,125
sub-0021_P2,24,24
sub-0021_P2,25,25
sub-0021_P2,26,26
sub-0021_P2,27,27
sub-0021_P2,28,28
sub-0021_P2,29,29
sub-0021_P2,30,30
sub-0021_P2,31,31
sub-0021_P2,32,32
sub-0021_P2,33,33
sub-0021_P2,34,34
sub-0021_P2,35,35
sub-0021_P2,36,36
sub-0021_P2,37,37
sub-0021_P2,38,38
sub-0021_P2,39,39
sub-0021_P2,40,40
sub-0021_P2,41,41
sub-0021_P2,42,42
sub-0021_P2,43,43
sub-0021_P2,44,44
sub-0021_P2,45,45
sub-0021_P2,46,46
sub-0021_P2,47,47
sub-0021_P2,48,48
sub-0021_P2,49,49
sub-0021_P2,50,50
sub-0021_P2,51,51
sub-0021_P2,52,200
sub-0021_P2,53,53
sub-0021_P2,54,54
sub-0021_P2,55,55
sub-0021_P2,56,169
sub-0021_P2,57,57
sub-0021_P2,58,58
sub-0021_P2,59,132
sub-0021_P2,60,60
sub-0021_P2,61,143
sub-0021_P2,62,62
sub-0021_P2,63,63
sub-0021_P2,64,64
sub-0021_P2,65,65
sub-0021_P2,66,66
sub-0021_P2,67,67
sub-0021_P2,68,68
sub-0021_P2,69,143
sub-0021_P2,70,70
sub-0021_P2,71,71
sub-0021_P2,72,72
sub-0021_P2,73,73
sub-0021_P2,74,74
sub-0021_P2,75,75
sub-0021_P2,76,76
sub-0021_P2,77,77
sub-0021_P2,78,78
sub-0021_P2,79,79
sub-0021_P2,80,80
sub-0021_P2,81,81
sub-0021_P2,82,82
sub-0021_P2,83,83
sub-0021_P2,84,84
sub-0021_P2,85,85
sub-0021_P2,86,99
sub-0021_P2,87,87
sub-0021_P2,88,88
sub-0021_P2,89,89
sub-0021_P2,90,223
sub-0021_P2,91,91
sub-0021_P2,92,92
sub-0021_P2,93,93
sub-0021_P2,94,94
sub-0021_P2,95,95
sub-0021_P2,96,96
sub-0021_P2,97,97
sub-0021_P2,98,98
sub-0021_P2,99,210
sub-0021_P2,100,100
sub-0021_P2,101,101
sub-0021_P2,102,102
sub-0021_P2,103,103
sub-0021_P2,104,104
sub-0021_P2,105,105
sub-0021_P2,106,106
sub-0021_P2,107,107
sub-0021_P2,108,108
sub-0021_P2,109,109
sub-0021_P2,110,110
sub-0021_P2,111,111
sub-0021_P2,112,112
sub-0021_P2,113,113
sub-0021_P2,114,114
sub-0021_P2,115,115
sub-0021_P2,116,114
sub-0021_P2,117,117
sub-0021_P2,118,203
sub-0021_P2,119,119
sub-0021_P2,120,120
sub-0021_P2,121,121
sub-0021_P2,122,122
sub-0021_P2,123,123
sub-0021_P2,124,124
sub-0021_P2,125,125
sub-0021_P2,126,126
sub-0021_P2,127,24
sub-0021_P2,128,128
sub-0021_P2,129,129
sub-0021_P2,130,130
sub-0021_P2,131,131
sub-0021_P2,132,160
sub-0021_P2,133,133
sub-0021_P2,134,134
sub-0021_P2,135,132
sub-0021_P2,136,136
sub-0021_P2,137,137
sub-0021_P2,138,138
sub-0021_P2,139,139
sub-0021_P2,140,140
sub-0021_P2,141,141
sub-0021_P2,142,197
sub-0021_P2,143,143
sub-0021_P2,144,144
sub-0021_P2,145,145
sub-0021_P2,146,146
sub-0021_P2,147,147
sub-0021_P2,148,148
sub-0021_P2,149,149
sub-0021_P2,150,150
sub-0021_P2,151,151
sub-0021_P2,152,152
sub-0021_P2,153,231
sub-0021_P2,154,154
sub-0021_P2,155,155
sub-0021_P2,156,156
sub-0021_P2,157,157
sub-0021_P2,158,158
sub-0021_P2,159,159
sub-0021_P2,160,160
sub-0021_P2,161,161
sub-0021_P2,162,200
sub-0021_P2,163,163
sub-0021_P2,164,164
sub-0021_P2,165,165
sub-0021_P2,166,166
sub-0021_P2,167,167
sub-0021_P2,168,168
sub-0021_P2,169,169
sub-0021_P2,170,170
sub-0021_P2,171,171
sub-0021_P2,172,172
sub-0021_P2,173,173
sub-0021_P2,174,174
sub-0021_P2,175,172
sub-0021_P2,176,176
sub-0021_P2,177,177
sub-0021_P2,178,178
sub-0021_P2,179,179
sub-0021_P2,180,180
sub-0021_P2,181,181
sub-0021_P2,182,182
sub-0021_P2,183,183
sub-0021_P2,184,184
sub-0021_P2,185,185
sub-0021_P2,186,186
sub-0021_P2,187,187
sub-0021_P2,188,188
sub-0021_P2,189,189
sub-0021_P2,190,190
sub-0021_P2,191,191
sub-0021_P2,192,192
sub-0021_P2,193,193
sub-0021_P2,194,194
sub-0021_P2,195,195
sub-0021_P2,196,196
sub-0021_P2,197,197
sub-0021_P2,198,198
sub-0021_P2,199,199
sub-0021_P2,200,200
sub-0021_P2,201,201
sub-0021_P2,202,202
sub-0021_P2,203,203
sub-0021_P2,204,204
sub-0021_P2,205,205
sub-0021_P2,206,206
sub-0021_P2,207,207
sub-0021_P2,208,208
sub-0021_P2,209,226
sub-0021_P2,210,210
sub-0021_P2,211,210
sub-0021_P2,212,212
sub-0021_P2,213,213
sub-0021_P2,214,214
sub-0021_P2,215,215
sub-0021_P2,216,216
sub-0021_P2,217,219
sub-0021_P2,218,218
sub-0021_P2,219,219
sub-0021_P2,220,220
sub-0021_P2,221,221
sub-0021_P2,222,222
sub-0021_P2,223,223
sub-0021_P2,224,224
sub-0021_P2,225,225
sub-0021_P2,226,226
sub-0021_P2,227,227
sub-0021_P2,228,228
sub-0021_P2,229,210
sub-0021_P2,230,215
sub-0021_P2,231,231
sub-0022_P2,0,0
sub-0022_P2,1,1
sub-0022_P2,2,2
sub-0022_P2,3,3
sub-0022_P2,4,4
sub-0022_P2,5,5
sub-0022_P2,6,6
sub-0022_P2,7,7
sub-0022_P2,8,8
sub-0022_P2,9,9
sub-0022_P2,10,10
sub-0022_P2,11,11
sub-0022_P2,12,12
sub-0022_P2,13,13
sub-0022_P2,14,14
sub-0022_P2,15,15
sub-0022_P2,16,16
sub-0022_P2,17,17
sub-0022_P2,18,18
sub-0022_P2,19,19
sub-0022_P2,20,20
sub-0022_P2,21,21
sub-0022_P2,22,22
sub-0022_P2,23,23
sub-0022_P2,24,41
sub-0022_P2,25,25
sub-0022_P2,26,26
sub-0022_P2,27,142
sub-0022_P2,28,28
sub-0022_P2,29,29
sub-0022_P2,30,30
sub-0022_P2,31,31
sub-0022_P2,32,32
sub-0022_P2,33,29
sub-0022_P2,34,34
sub-0022_P2,35,35
sub-0022_P2,36,13
sub-0022_P2,37,37
sub-0022_P2,38,38
sub-0022_P2,39,39
sub-0022_P2,40,40
sub-0022_P2,41,41
sub-0022_P2,42,42
sub-0022_P2,43,43
sub-0022_P2,44,44
sub-0022_P2,45,55
sub-0022_P2,46,46
sub-0022_P2,47,47
sub-0022_P2,48,48
sub-0022_P2,49,49
sub-0022_P2,50,50
sub-0022_P2,51,51
sub-0022_P2,52,52
sub-0022_P2,53,53
sub-0022_P2,54,54
sub-0022_P2,55,55
sub-0022_P2,56,56
sub-0022_P2,57,57
sub-0022_P2,58,58
sub-0022_P2,59,59
sub-0022_P2,60,60
sub-0022_P2,61,61
sub-0022_P2,62,62
sub-0022_P2,63,63
sub-0022_P2,64,64
sub-0022_P2,65,65
sub-0022_P2,66,66
sub-0022_P2,67,67
sub-0022_P2,68,68
sub-0022_P2,69,69
sub-0022_P2,70,70
sub-0022_P2,71,71
sub-0022_P2,72,72
sub-0022_P2,73,73
sub-0022_P2,74,74
sub-0022_P2,75,75
sub-0022_P2,76,76
sub-0022_P2,77,77
sub-0022_P2,78,78
sub-0022_P2,79,79
sub-0022_P2,80,80
sub-0022_P2,81,81
sub-0022_P2,82,82
sub-0022_P2,83,83
sub-0022_P2,84,84
sub-0022_P2,85,85
sub-0022_P2,86,86
sub-0022_P2,87,87
sub-0022_P2,88,88
sub-0022_P2,89,89
sub-0022_P2,90,90
sub-0022_P2,91,91
sub-0022_P2,92,92
sub-0022_P2,93,93
sub-0022_P2,94,94
sub-0022_P2,95,95
sub-0022_P2,96,96
sub-0022_P2,97,97
sub-0022_P2,98,98
sub-0022_P2,99,99
sub-0022_P2,100,100
sub-0022_P2,101,101
sub-0022_P2,102,102
sub-0022_P2,103,103
sub-0022_P2,104,104
sub-0022_P2,105,105
sub-0022_P2,106,106
sub-0022_P2,107,107
sub-0022_P2,108,108
sub-0022_P2,109,109
sub-0022_P2,110,110
sub-0022_P2,111,111
sub-0022_P2,112,112
sub-0022_P2,113,113
sub-0022_P2,114,114
sub-0022_P2,115,115
sub-0022_P2,116,116
sub-0022_P2,117,117
sub-0022_P2,118,118
sub-0022_P2,119,119
sub-0022_P2,120,118
sub-0022_P2,121,121
sub-0022_P2,122,122
sub-0022_P2,123,123
sub-0022_P2,124,124
sub-0022_P2,125,125
sub-0022_P2,126,227
sub-0022_P2,127,127
sub-0022_P2,128,128
sub-0022_P2,129,129
sub-0022_P2,130,130
sub-0022_P2,131,170
sub-0022_P2,132,132
sub-0022_P2,133,133
sub-0022_P2,134,134
sub-0022_P2,135,135
sub-0022_P2,136,136
sub-0022_P2,137,137
sub-0022_P2,138,17
sub-0022_P2,139,139
sub-0022_P2,140,140
sub-0022_P2,141,141
sub-0022_P2,142,142
sub-0022_P2,143,143
sub-0022_P2,144,144
sub-0022_P2,145,145
sub-0022_P2,146,146
sub-0022_P2,147,147
sub-0022_P2,148,148
sub-0022_P2,149,149
sub-0022_P2,150,150
sub-0022_P2,151,151
sub-0022_P2,152,152
sub-0022_P2,153,153
sub-0022_P2,154,154
sub-0022_P2,155,155
sub-0022_P2,156,187
sub-0022_P2,157,157
sub-0022_P2,158,158
sub-0022_P2,159,159
sub-0022_P2,160,160
sub-0022_P2,161,161
sub-0022_P2,162,202
sub-0022_P2,163,163
sub-0022_P2,164,164
sub-0022_P2,165,165
sub-0022_P2,166,166
sub-0022_P2,167,167
sub-0022_P2,168,168
sub-0022_P2,169,169
sub-0022_P2,170,170
sub-0022_P2,171,171
sub-0022_P2,172,172
sub-0022_P2,173,173
sub-0022_P2,174,174
sub-0022_P2,175,175
sub-0022_P2,176,176
sub-0022_P2,177,177
sub-0022_P2,178,178
sub-0022_P2,179,179
sub-0022_P2,180,180
sub-0022_P2,181,181
sub-0022_P2,182,182
sub-0022_P2,183,183
sub-0022_P2,184,184
sub-0022_P2,185,185
sub-0022_P2,186,186
sub-0022_P2,187,187
sub-0022_P2,188,188
sub-0022_P2,189,189
sub-0022_P2,190,190
sub-0022_P2,191,191
sub-0022_P2,192,192
sub-0022_P2,193,193
sub-0022_P2,194,194
sub-0022_P2,195,195
sub-0022_P2,196,196
sub-0022_P2,197,197
sub-0022_P2,198,198
sub-0022_P2,199,199
sub-0022_P2,200,200
sub-0022_P2,201,201
sub-0022_P2,202,202
sub-0022_P2,203,202
sub-0022_P2,204,204
sub-0022_P2,205,209
sub-0022_P2,206,206
sub-0022_P2,207,207
sub-0022_P2,208,208
sub-0022_P2,209,225
sub-0022_P2,210,210
sub-0022_P2,211,211
sub-0022_P2,212,212
sub-0022_P2,213,213
sub-0022_P2,214,214
sub-0022_P2,215,215
sub-0022_P2,216,216
sub-0022_P2,217,217
sub-0022_P2,218,218
sub-0022_P2,219,219
sub-0022_P2,220,220
sub-0022_P2,221,211
sub-0022_P2,222,222
sub-0022_P2,223,223
sub-0022_P2,224,221
sub-0022_P2,225,225
sub-0022_P2,226,226
sub-0022_P2,227,210
sub-0022_P2,228,228
sub-0022_P2,229,229
sub-0022_P2,230,230
sub-0022_P2,231,231
sub-0023_P2,0,0
sub-0023_P2,1,1
sub-0023_P2,2,147
sub-0023_P2,3,3
sub-0023_P2,4,4
sub-0023_P2,5,5
sub-0023_P2,6,6
sub-0023_P2,7,7
sub-0023_P2,8,8
sub-0023_P2,9,9
sub-0023_P2,10,10
sub-0023_P2,11,11
sub-0023_P2,12,12
sub-0023_P2,13,13
sub-0023_P2,14,14
sub-0023_P2,15,15
sub-0023_P2,16,16
sub-0023_P2,17,17
sub-0023_P2,18,18
sub-0023_P2,19,19
sub-0023_P2,20,20
sub-0023_P2,21,21
sub-0023_P2,22,22
sub-0023_P2,23,23
sub-0023_P2,24,24
sub-0023_P2,25,25
sub-0023_P2,26,26
sub-0023_P2,27,27
sub-0023_P2,28,28
sub-0023_P2,29,29
sub-0023_P2,30,66
sub-0023_P2,31,31
sub-0023_P2,32,32
sub-0023_P2,33,33
sub-0023_P2,34,34
sub-0023_P2,35,35
sub-0023_P2,36,36
sub-0023_P2,37,37
sub-0023_P2,38,38
sub-0023_P2,39,39
sub-0023_P2,40,40
sub-0023_P2,41,41
sub-0023_P2,42,42
sub-0023_P2,43,43
sub-0023_P2,44,44
sub-0023_P2,45,45
sub-0023_P2,46,46
sub-0023_P2,47,47
sub-0023_P2,48,48
sub-0023_P2,49,49
sub-0023_P2,50,83
sub-0023_P2,51,51
sub-0023_P2,52,52
sub-0023_P2,53,53
sub-0023_P2,54,54
sub-0023_P2,55,55
sub-0023_P2,56,56
sub-0023_P2,57,57
sub-0023_P2,58,58
sub-0023_P2,59,59
sub-0023_P2,60,60
sub-0023_P2,61,61
sub-0023_P2,62,66
sub-0023_P2,63,63
sub-0023_P2,64,64
sub-0023_P2,65,65
sub-0023_P2,66,66
sub-0023_P2,67,67
sub-0023_P2,68,68
sub-0023_P2,69,69
sub-0023_P2,70,70
sub-0023_P2,71,71
sub-0023_P2,72,72
sub-0023_P2,73,73
sub-0023_P2,74,74
sub-0023_P2,75,176
sub-0023_P2,76,76
sub-0023_P2,77,77
sub-0023_P2,78,78
sub-0023_P2,79,79
sub-0023_P2,80,80
sub-0023_P2,81,81
sub-0023_P2,82,82
sub-0023_P2,83,83
sub-0023_P2,84,84
sub-0023_P2,85,85
sub-0023_P2,86,86
sub-0023_P2,87,87
sub-0023_P2,88,88
sub-0023_P2,89,90
sub-0023_P2,90,45
sub-0023_P2,91,91
sub-0023_P2,92,92
sub-0023_P2,93,93
sub-0023_P2,94,94
sub-0023_P2,95,95
sub-0023_P2,96,96
sub-0023_P2,97,97
sub-0023_P2,98,98
sub-0023_P2,99,99
sub-0023_P2,100,100
sub-0023_P2,101,101
sub-0023_P2,102,102
sub-0023_P2,103,226
sub-0023_P2,104,104
sub-0023_P2,105,105
sub-0023_P2,106,106
sub-0023_P2,107,107
sub-0023_P2,108,108
sub-0023_P2,109,109
sub-0023_P2,110,110
sub-0023_P2,111,111
sub-0023_P2,112,112
sub-0023_P2,113,113
sub-0023_P2,114,114
sub-0023_P2,115,115
sub-0023_P2,116,116
sub-0023_P2,117,117
sub-0023_P2,118,118
sub-0023_P2,119,119
sub-0023_P2,120,120
sub-0023_P2,121,121
sub-0023_P2,122,122
sub-0023_P2,123,143
sub-0023_P2,124,124
sub-0023_P2,125,125
sub-0023_P2,126,126
sub-0023_P2,127,127
sub-0023_P2,128,128
sub-0023_P2,129,129
sub-0023_P2,130,130
sub-0023_P2,131,131
sub-0023_P2,132,132
sub-0023_P2,133,133
sub-0023_P2,134,134
sub-0023_P2,135,135
sub-0023_P2,136,136
sub-0023_P2,137,137
sub-0023_P2,138,138
sub-0023_P2,139,139
sub-0023_P2,140,140
sub-0023_P2,141,141
sub-0023_P2,142,142
sub-0023_P2,143,143
sub-0023_P2,144,144
sub-0023_P2,145,145
sub-0023_P2,146,146
sub-0023_P2,147,147
sub-0023_P2,148,148
sub-0023_P2,149,149
sub-0023_P2,150,150
sub-0023_P2,151,151
sub-0023_P2,152,152
sub-0023_P2,153,153
sub-0023_P2,154,154
sub-0023_P2,155,155
sub-0023_P2,156,156
sub-0023_P2,157,157
sub-0023_P2,158,158
sub-0023_P2,159,162
sub-0023_P2,160,200
sub-0023_P2,161,161
sub-0023_P2,162,201
sub-0023_P2,163,163
sub-0023_P2,164,164
sub-0023_P2,165,165
sub-0023_P2,166,166
sub-0023_P2,167,167
sub-0023_P2,168,168
sub-0023_P2,169,169
sub-0023_P2,170,170
sub-0023_P2,171,171
sub-0023_P2,172,172
sub-0023_P2,173,173
sub-0023_P2,174,174
sub-0023_P2,175,175
sub-0023_P2,176,176
sub-0023_P2,177,177
sub-0023_P2,178,178
sub-0023_P2,179,179
sub-0023_P2,180,180
sub-0023_P2,181,181
sub-0023_P2,182,182
sub-0023_P2,183,183
sub-0023_P2,184,184
sub-0023_P2,185,185
sub-0023_P2,186,186
sub-0023_P2,187,187
sub-0023_P2,188,188
sub-0023_P2,189,189
sub-0023_P2,190,190
sub-0023_P2,191,191
sub-0023_P2,192,192
sub-0023_P2,193,193
sub-0023_P2,194,194
sub-0023_P2,195,195
sub-0023_P2,196,196
sub-0023_P2,197,197
sub-0023_P2,198,198
sub-0023_P2,199,199
sub-0023_P2,200,200
sub-0023_P2,201,201
sub-0023_P2,202,202
sub-0023_P2,203,203
sub-0023_P2,204,125
sub-0023_P2,205,205
sub-0023_P2,206,206
sub-0023_P2,207,207
sub-0023_P2,208,208
sub-0023_P2,209,209
sub-0023_P2,210,227
sub-0023_P2,211,210
sub-0023_P2,212,212
sub-0023_P2,213,213
sub-0023_P2,214,214
sub-0023_P2,215,215
sub-0023_P2,216,216
sub-0023_P2,217,217
sub-0023_P2,218,218
sub-0023_P2,219,219
sub-0023_P2,220,200
sub-0023_P2,221,221
sub-0023_P2,222,222
sub-0023_P2,223,223
sub-0023_P2,224,224
sub-0023_P2,225,225
sub-0023_P2,226,226
sub-0023_P2,227,227
sub-0023_P2,228,228
sub-0023_P2,229,229
sub-0023_P2,230,230
sub-0023_P2,231,231
sub-0024_P2,0,0
sub-0024_P2,1,1
sub-0024_P2,2,2
sub-0024_P2,3,3
sub-0024_P2,4,4
sub-0024_P2,5,5
sub-0024_P2,6,6
sub-0024_P2,7,7
sub-0024_P2,8,8
sub-0024_P2,9,9
sub-0024_P2,10,10
sub-0024_P2,11,11
sub-0024_P2,12,12
sub-0024_P2,13,13
sub-0024_P2,14,14
sub-0024_P2,15,15
sub-0024_P2,16,16
sub-0024_P2,17,17
sub-0024_P2,18,18
sub-0024_P2,19,19
sub-0024_P2,20,20
sub-0024_P2,21,21
sub-0024_P2,22,22
sub-0024_P2,23,23
sub-0024_P2,24,24
sub-0024_P2,25,25
sub-0024_P2,26,26
sub-0024_P2,27,27
sub-0024_P2,28,28
sub-0024_P2,29,29
sub-0024_P2,30,30
sub-0024_P2,31,31
sub-0024_P2,32,56
sub-0024_P2,33,33
sub-0024_P2,34,34
sub-0024_P2,35,38
sub-0024_P2,36,36
sub-0024_P2,37,37
sub-0024_P2,38,38
sub-0024_P2,39,39
sub-0024_P2,40,40
sub-0024_P2,41,41
sub-0024_P2,42,42
sub-0024_P2,43,43
sub-0024_P2,44,44
sub-0024_P2,45,45
sub-0024_P2,46,46
sub-0024_P2,47,47
sub-0024_P2,48,48
sub-0024_P2,49,49
sub-0024_P2,50,50
sub-0024_P2,51,51
sub-0024_P2,52,52
sub-0024_P2,53,53
sub-0024_P2,54,54
sub-0024_P2,55,55
sub-0024_P2,56,56
sub-0024_P2,57,57
sub-0024_P2,58,58
sub-0024_P2,59,59
sub-0024_P2,60,60
sub-0024_P2,61,61
sub-0024_P2,62,62
sub-0024_P2,63,63
sub-0024_P2,64,64
sub-0024_P2,65,65
sub-0024_P2,66,66
sub-0024_P2,67,67
sub-0024_P2,68,68
sub-0024_P2,69,69
sub-0024_P2,70,64
sub-0024_P2,71,71
sub-0024_P2,72,72
sub-0024_P2,73,73
sub-0024_P2,74,74
sub-0024_P2,75,75
sub-0024_P2,76,76
sub-0024_P2,77,77
sub-0024_P2,78,78
sub-0024_P2,79,79
sub-0024_P2,80,80
sub-0024_P2,81,81
sub-0024_P2,82,82
sub-0024_P2,83,83
sub-0024_P2,84,84
sub-0024_P2,85,85
sub-0024_P2,86,86
sub-0024_P2,87,87
sub-0024_P2,88,88
sub-0024_P2,89,89
sub-0024_P2,90,90
sub-0024_P2,91,91
sub-0024_P2,92,92
sub-0024_P2,93,93
sub-0024_P2,94,94
sub-0024_P2,95,95
sub-0024_P2,96,96
sub-0024_P2,97,97
sub-0024_P2,98,63
sub-0024_P2,99,99
sub-0024_P2,100,100
sub-0024_P2,101,101
sub-0024_P2,102,102
sub-0024_P2,103,103
sub-0024_P2,104,104
sub-0024_P2,105,105
sub-0024_P2,106,106
sub-0024_P2,107,107
sub-0024_P2,108,108
sub-0024_P2,109,109
sub-0024_P2,110,110
sub-0024_P2,111,111
sub-0024_P2,112,112
sub-0024_P2,113,113
sub-0024_P2,114,114
sub-0024_P2,115,115
sub-0024_P2,116,116
sub-0024_P2,117,117
sub-0024_P2,118,118
sub-0024_P2,119,119
sub-0024_P2,120,120
sub-0024_P2,121,121
sub-0024_P2,122,122
sub-0024_P2,123,123
sub-0024_P2,124,124
sub-0024_P2,125,125
sub-0024_P2,126,126
sub-0024_P2,127,127
sub-0024_P2,128,128
sub-0024_P2,129,129
sub-0024_P2,130,130
sub-0024_P2,131,131
sub-0024_P2,132,132
sub-0024_P2,133,133
sub-0024_P2,134,134
sub-0024_P2,135,135
sub-0024_P2,136,136
sub-0024_P2,137,137
sub-0024_P2,138,138
sub-0024_P2,139,119
sub-0024_P2,140,140
sub-0024_P2,141,141
sub-0024_P2,142,142
sub-0024_P2,143,143
sub-0024_P2,144,144
sub-0024_P2,145,145
sub-0024_P2,146,146
sub-0024_P2,147,147
sub-0024_P2,148,148
sub-0024_P2,149,149
sub-0024_P2,150,150
sub-0024_P2,151,151
sub-0024_P2,152,152
sub-0024_P2,153,153
sub-0024_P2,154,154
sub-0024_P2,155,155
sub-0024_P2,156,156
sub-0024_P2,157,157
sub-0024_P2,158,158
sub-0024_P2,159,159
sub-0024_P2,160,160
sub-0024_P2,161,161
sub-0024_P2,162,162
sub-0024_P2,163,163
sub-0024_P2,164,164
sub-0024_P2,165,165
sub-0024_P2,166,166
sub-0024_P2,167,167
sub-0024_P2,168,168
sub-0024_P2,169,169
sub-0024_P2,170,170
sub-0024_P2,171,171
sub-0024_P2,172,172
sub-0024_P2,173,173
sub-0024_P2,174,174
sub-0024_P2,175,175
sub-0024_P2,176,176
sub-0024_P2,177,177
sub-0024_P2,178,178
sub-0024_P2,179,179
sub-0024_P2,180,180
sub-0024_P2,181,181
sub-0024_P2,182,182
sub-0024_P2,183,183
sub-0024_P2,184,184
sub-0024_P2,185,185
sub-0024_P2,186,186
sub-0024_P2,187,187
sub-0024_P2,188,188
sub-0024_P2,189,189
sub-0024_P2,190,190
sub-0024_P2,191,191
sub-0024_P2,192,192
sub-0024_P2,193,193
sub-0024_P2,194,194
sub-0024_P2,195,195
sub-0024_P2,196,196
sub-0024_P2,197,197
sub-0024_P2,198,193
sub-0024_P2,199,199
sub-0024_P2,200,200
sub-0024_P2,201,156
sub-0024_P2,202,202
sub-0024_P2,203,203
sub-0024_P2,204,204
sub-0024_P2,205,205
sub-0024_P2,206,206
sub-0024_P2,207,207
sub-0024_P2,208,208
sub-0024_P2,209,209
sub-0024_P2,210,210
sub-0024_P2,211,226
sub-0024_P2,212,212
sub-0024_P2,213,213
sub-0024_P2,214,214
sub-0024_P2,215,215
sub-0024_P2,216,216
sub-0024_P2,217,217
sub-0024_P2,218,218
sub-0024_P2,219,219
sub-0024_P2,220,65
sub-0024_P2,221,221
sub-0024_P2,222,222
sub-0024_P2,223,223
sub-0024_P2,224,224
sub-0024_P2,225,225
sub-0024_P2,226,226
sub-0024_P2,227,226
sub-0024_P2,228,228
sub-0024_P2,229,229
sub-0024_P2,230,230
sub-0024_P2,231,231
sub-0025_P2,0,0
sub-0025_P2,1,1
sub-0025_P2,2,2
sub-0025_P2,3,3
sub-0025_P2,4,4
sub-0025_P2,5,5
sub-0025_P2,6,6
sub-0025_P2,7,7
sub-0025_P2,8,8
sub-0025_P2,9,9
sub-0025_P2,10,10
sub-0025_P2,11,11
sub-0025_P2,12,12
sub-0025_P2,13,13
sub-0025_P2,14,14
sub-0025_P2,15,15
sub-0025_P2,16,16
sub-0025_P2,17,17
sub-0025_P2,18,18
sub-0025_P2,19,19
sub-0025_P2,20,20
sub-0025_P2,21,21
sub-0025_P2,22,22
sub-0025_P2,23,23
sub-0025_P2,24,24
sub-0025_P2,25,25
sub-0025_P2,26,26
sub-0025_P2,27,27
sub-0025_P2,28,28
sub-0025_P2,29,29
sub-0025_P2,30,30
sub-0025_P2,31,31
sub-0025_P2,32,32
sub-0025_P2,33,33
sub-0025_P2,34,34
sub-0025_P2,35,35
sub-0025_P2,36,36
sub-0025_P2,37,37
sub-0025_P2,38,38
sub-0025_P2,39,39
sub-0025_P2,40,40
sub-0025_P2,41,41
sub-0025_P2,42,42
sub-0025_P2,43,147
sub-0025_P2,44,44
sub-0025_P2,45,45
sub-0025_P2,46,46
sub-0025_P2,47,47
sub-0025_P2,48,48
sub-0025_P2,49,49
sub-0025_P2,50,50
sub-0025_P2,51,99
sub-0025_P2,52,52
sub-0025_P2,53,53
sub-0025_P2,54,54
sub-0025_P2,55,211
sub-0025_P2,56,173
sub-0025_P2,57,173
sub-0025_P2,58,58
sub-0025_P2,59,59
sub-0025_P2,60,61
sub-0025_P2,61,61
sub-0025_P2,62,142
sub-0025_P2,63,63
sub-0025_P2,64,64
sub-0025_P2,65,167
sub-0025_P2,66,66
sub-0025_P2,67,67
sub-0025_P2,68,68
sub-0025_P2,69,69
sub-0025_P2,70,61
sub-0025_P2,71,71
sub-0025_P2,72,72
sub-0025_P2,73,73
sub-0025_P2,74,74
sub-0025_P2,75,75
sub-0025_P2,76,76
sub-0025_P2,77,77
sub-0025_P2,78,78
sub-0025_P2,79,79
sub-0025_P2,80,80
sub-0025_P2,81,81
sub-0025_P2,82,82
sub-0025_P2,83,83
sub-0025_P2,84,84
sub-0025_P2,85,85
sub-0025_P2,86,86
sub-0025_P2,87,87
sub-0025_P2,88,88
sub-0025_P2,89,89
sub-0025_P2,90,90
sub-0025_P2,91,91
sub-0025_P2,92,142
sub-0025_P2,93,93
sub-0025_P2,94,149
sub-0025_P2,95,95
sub-0025_P2,96,96
sub-0025_P2,97,97
sub-0025_P2,98,98
sub-0025_P2,99,99
sub-0025_P2,100,100
sub-0025_P2,101,101
sub-0025_P2,102,102
sub-0025_P2,103,103
sub-0025_P2,104,104
sub-0025_P2,105,105
sub-0025_P2,106,106
sub-0025_P2,107,107
sub-0025_P2,108,108
sub-0025_P2,109,109
sub-0025_P2,110,110
sub-0025_P2,111,111
sub-0025_P2,112,112
sub-0025_P2,113,113
sub-0025_P2,114,114
sub-0025_P2,115,115
sub-0025_P2,116,116
sub-0025_P2,117,117
sub-0025_P2,118,118
sub-0025_P2,119,119
sub-0025_P2,120,120
sub-0025_P2,121,121
sub-0025_P2,122,122
sub-0025_P2,123,123
sub-0025_P2,124,197
sub-0025_P2,125,125
sub-0025_P2,126,126
sub-0025_P2,127,127
sub-0025_P2,128,128
sub-0025_P2,129,129
sub-0025_P2,130,130
sub-0025_P2,131,131
sub-0025_P2,132,132
sub-0025_P2,133,133
sub-0025_P2,134,134
sub-0025_P2,135,135
sub-0025_P2,136,136
sub-0025_P2,137,137
sub-0025_P2,138,138
sub-0025_P2,139,139
sub-0025_P2,140,140
sub-0025_P2,141,141
sub-0025_P2,142,142
sub-0025_P2,143,143
sub-0025_P2,144,144
sub-0025_P2,145,145
sub-0025_P2,146,146
sub-0025_P2,147,147
sub-0025_P2,148,148
sub-0025_P2,149,149
sub-0025_P2,150,42
sub-0025_P2,151,151
sub-0025_P2,152,152
sub-0025_P2,153,153
sub-0025_P2,154,154
sub-0025_P2,155,155
sub-0025_P2,156,156
sub-0025_P2,157,157
sub-0025_P2,158,158
sub-0025_P2,159,76
sub-0025_P2,160,160
sub-0025_P2,161,161
sub-0025_P2,162,202
sub-0025_P2,163,163
sub-0025_P2,164,164
sub-0025_P2,165,165
sub-0025_P2,166,142
sub-0025_P2,167,167
sub-0025_P2,168,168
sub-0025_P2,169,169
sub-0025_P2,170,196
sub-0025_P2,171,171
sub-0025_P2,172,172
sub-0025_P2,173,173
sub-0025_P2,174,174
sub-0025_P2,175,175
sub-0025_P2,176,176
sub-0025_P2,177,177
sub-0025_P2,178,174
sub-0025_P2,179,179
sub-0025_P2,180,180
sub-0025_P2,181,181
sub-0025_P2,182,182
sub-0025_P2,183,183
sub-0025_P2,184,189
sub-0025_P2,185,185
sub-0025_P2,186,186
sub-0025_P2,187,187
sub-0025_P2,188,188
sub-0025_P2,189,196
sub-0025_P2,190,190
sub-0025_P2,191,191
sub-0025_P2,192,192
sub-0025_P2,193,193
sub-0025_P2,194,194
sub-0025_P2,195,195
sub-0025_P2,196,196
sub-0025_P2,197,197
sub-0025_P2,198,198
sub-0025_P2,199,199
sub-0025_P2,200,200
sub-0025_P2,201,202
sub-0025_P2,202,202
sub-0025_P2,203,203
sub-0025_P2,204,204
sub-0025_P2,205,205
sub-0025_P2,206,206
sub-0025_P2,207,207
sub-0025_P2,208,208
sub-0025_P2,209,209
sub-0025_P2,210,226
sub-0025_P2,211,53
sub-0025_P2,212,212
sub-0025_P2,213,213
sub-0025_P2,214,214
sub-0025_P2,215,215
sub-0025_P2,216,216
sub-0025_P2,217,217
sub-0025_P2,218,218
sub-0025_P2,219,219
sub-0025_P2,220,227
sub-0025_P2,221,221
sub-0025_P2,222,222
sub-0025_P2,223,223
sub-0025_P2,224,225
sub-0025_P2,225,225
sub-0025_P2,226,226
sub-0025_P2,227,227
sub-0025_P2,228,228
sub-0025_P2,229,229
sub-0025_P2,230,230
sub-0025_P2,231,231
sub-0026_P2,0,0
sub-0026_P2,1,1
sub-0026_P2,2,2
sub-0026_P2,3,3
sub-0026_P2,4,4
sub-0026_P2,5,5
sub-0026_P2,6,6
sub-0026_P2,7,7
sub-0026_P2,8,8
sub-0026_P2,9,9
sub-0026_P2,10,10
sub-0026_P2,11,11
sub-0026_P2,12,12
sub-0026_P2,13,13
sub-0026_P2,14,14
sub-0026_P2,15,15
sub-0026_P2,16,16
sub-0026_P2,17,17
sub-0026_P2,18,18
sub-0026_P2,19,19
sub-0026_P2,20,20
sub-0026_P2,21,21
sub-0026_P2,22,22
sub-0026_P2,23,23
sub-0026_P2,24,24
sub-0026_P2,25,25
sub-0026_P2,26,26
sub-0026_P2,27,27
sub-0026_P2,28,28
sub-0026_P2,29,29
sub-0026_P2,30,30
sub-0026_P2,31,31
sub-0026_P2,32,32
sub-0026_P2,33,33
sub-0026_P2,34,34
sub-0026_P2,35,35
sub-0026_P2,36,36
sub-0026_P2,37,37
sub-0026_P2,38,38
sub-0026_P2,39,39
sub-0026_P2,40,40
sub-0026_P2,41,205
sub-0026_P2,42,42
sub-0026_P2,43,43
sub-0026_P2,44,44
sub-0026_P2,45,45
sub-0026_P2,46,46
sub-0026_P2,47,47
sub-0026_P2,48,48
sub-0026_P2,49,49
sub-0026_P2,50,50
sub-0026_P2,51,51
sub-0026_P2,52,52
sub-0026_P2,53,53
sub-0026_P2,54,54
sub-0026_P2,55,144
sub-0026_P2,56,56
sub-0026_P2,57,57
sub-0026_P2,58,58
sub-0026_P2,59,59
sub-0026_P2,60,60
sub-0026_P2,61,61
sub-0026_P2,62,62
sub-0026_P2,63,63
sub-0026_P2,64,64
sub-0026_P2,65,65
sub-0026_P2,66,66
sub-0026_P2,67,67
sub-0026_P2,68,68
sub-0026_P2,69,69
sub-0026_P2,70,70
sub-0026_P2,71,71
sub-0026_P2,72,72
sub-0026_P2,73,73
sub-0026_P2,74,74
sub-0026_P2,75,75
sub-0026_P2,76,76
sub-0026_P2,77,77
sub-0026_P2,78,78
sub-0026_P2,79,79
sub-0026_P2,80,80
sub-0026_P2,81,81
sub-0026_P2,82,82
sub-0026_P2,83,83
sub-0026_P2,84,84
sub-0026_P2,85,52
sub-0026_P2,86,86
sub-0026_P2,87,87
sub-0026_P2,88,88
sub-0026_P2,89,89
sub-0026_P2,90,90
sub-0026_P2,91,90
sub-0026_P2,92,92
sub-0026_P2,93,93
sub-0026_P2,94,94
sub-0026_P2,95,95
sub-0026_P2,96,96
sub-0026_P2,97,97
sub-0026_P2,98,92
sub-0026_P2,99,99
sub-0026_P2,100,100
sub-0026_P2,101,101
sub-0026_P2,102,102
sub-0026_P2,103,103
sub-0026_P2,104,104
sub-0026_P2,105,105
sub-0026_P2,106,7
sub-0026_P2,107,107
sub-0026_P2,108,108
sub-0026_P2,109,109
sub-0026_P2,110,110
sub-0026_P2,111,111
sub-0026_P2,112,112
sub-0026_P2,113,113
sub-0026_P2,114,114
sub-0026_P2,115,115
sub-0026_P2,116,116
sub-0026_P2,117,117
sub-0026_P2,118,118
sub-0026_P2,119,119
sub-0026_P2,120,120
sub-0026_P2,121,121
sub-0026_P2,122,122
sub-0026_P2,123,123
sub-0026_P2,124,124
sub-0026_P2,125,125
sub-0026_P2,126,126
sub-0026_P2,127,127
sub-0026_P2,128,128
sub-0026_P2,129,129
sub-0026_P2,130,130
sub-0026_P2,131,131
sub-0026_P2,132,132
sub-0026_P2,133,133
sub-0026_P2,134,134
sub-0026_P2,135,135
sub-0026_P2,136,136
sub-0026_P2,137,137
sub-0026_P2,138,138
sub-0026_P2,139,139
sub-0026_P2,140,140
sub-0026_P2,141,141
sub-0026_P2,142,142
sub-0026_P2,143,143
sub-0026_P2,144,144
sub-0026_P2,145,145
sub-0026_P2,146,146
sub-0026_P2,147,226
sub-0026_P2,148,148
sub-0026_P2,149,149
sub-0026_P2,150,150
sub-0026_P2,151,151
sub-0026_P2,152,152
sub-0026_P2,153,153
sub-0026_P2,154,154
sub-0026_P2,155,155
sub-0026_P2,156,156
sub-0026_P2,157,157
sub-0026_P2,158,158
sub-0026_P2,159,159
sub-0026_P2,160,160
sub-0026_P2,161,161
sub-0026_P2,162,162
sub-0026_P2,163,163
sub-0026_P2,164,164
sub-0026_P2,165,165
sub-0026_P2,166,166
sub-0026_P2,167,167
sub-0026_P2,168,168
sub-0026_P2,169,169
sub-0026_P2,170,170
sub-0026_P2,171,171
sub-0026_P2,172,172
sub-0026_P2,173,173
sub-0026_P2,174,174
sub-0026_P2,175,175
sub-0026_P2,176,176
sub-0026_P2,177,177
sub-0026_P2,178,178
sub-0026_P2,179,179
sub-0026_P2,180,180
sub-0026_P2,181,181
sub-0026_P2,182,182
sub-0026_P2,183,183
sub-0026_P2,184,184
sub-0026_P2,185,185
sub-0026_P2,186,186
sub-0026_P2,187,187
sub-0026_P2,188,188
sub-0026_P2,189,189
sub-0026_P2,190,190
sub-0026_P2,191,191
sub-0026_P2,192,192
sub-0026_P2,193,193
sub-0026_P2,194,194
sub-0026_P2,195,195
sub-0026_P2,196,196
sub-0026_P2,197,86
sub-0026_P2,198,198
sub-0026_P2,199,199
sub-0026_P2,200,200
sub-0026_P2,201,201
sub-0026_P2,202,202
sub-0026_P2,203,201
sub-0026_P2,204,204
sub-0026_P2,205,205
sub-0026_P2,206,206
sub-0026_P2,207,207
sub-0026_P2,208,208
sub-0026_P2,209,209
sub-0026_P2,210,143
sub-0026_P2,211,211
sub-0026_P2,212,212
sub-0026_P2,213,213
sub-0026_P2,214,214
sub-0026_P2,215,215
sub-0026_P2,216,216
sub-0026_P2,217,217
sub-0026_P2,218,218
sub-0026_P2,219,219
sub-0026_P2,220,220
sub-0026_P2,221,207
sub-0026_P2,222,222
sub-0026_P2,223,223
sub-0026_P2,224,224
sub-0026_P2,225,225
sub-0026_P2,226,226
sub-0026_P2,227,227
sub-0026_P2,228,228
sub-0026_P2,229,229
sub-0026_P2,230,230
sub-0026_P2,231,231
sub-0027_P2,0,0
sub-0027_P2,1,1
sub-0027_P2,2,2
sub-0027_P2,3,3
sub-0027_P2,4,4
sub-0027_P2,5,5
sub-0027_P2,6,7
sub-0027_P2,7,7
sub-0027_P2,8,8
sub-0027_P2,9,9
sub-0027_P2,10,10
sub-0027_P2,11,11
sub-0027_P2,12,12
sub-0027_P2,13,13
sub-0027_P2,14,14
sub-0027_P2,15,15
sub-0027_P2,16,16
sub-0027_P2,17,17
sub-0027_P2,18,18
sub-0027_P2,19,19
sub-0027_P2,20,20
sub-0027_P2,21,21
sub-0027_P2,22,22
sub-0027_P2,23,23
sub-0027_P2,24,24
sub-0027_P2,25,25
sub-0027_P2,26,26
sub-0027_P2,27,27
sub-0027_P2,28,28
sub-0027_P2,29,29
sub-0027_P2,30,142
sub-0027_P2,31,31
sub-0027_P2,32,32
sub-0027_P2,33,33
sub-0027_P2,34,34
sub-0027_P2,35,35
sub-0027_P2,36,119
sub-0027_P2,37,37
sub-0027_P2,38,38
sub-0027_P2,39,39
sub-0027_P2,40,40
sub-0027_P2,41,41
sub-0027_P2,42,42
sub-0027_P2,43,43
sub-0027_P2,44,44
sub-0027_P2,45,45
sub-0027_P2,46,46
sub-0027_P2,47,47
sub-0027_P2,48,48
sub-0027_P2,49,49
sub-0027_P2,50,50
sub-0027_P2,51,51
sub-0027_P2,52,52
sub-0027_P2,53,53
sub-0027_P2,54,142
sub-0027_P2,55,55
sub-0027_P2,56,56
sub-0027_P2,57,57
sub-0027_P2,58,58
sub-0027_P2,59,59
sub-0027_P2,60,60
sub-0027_P2,61,61
sub-0027_P2,62,62
sub-0027_P2,63,63
sub-0027_P2,64,64
sub-0027_P2,65,65
sub-0027_P2,66,66
sub-0027_P2,67,67
sub-0027_P2,68,68
sub-0027_P2,69,69
sub-0027_P2,70,70
sub-0027_P2,71,71
sub-0027_P2,72,72
sub-0027_P2,73,73
sub-0027_P2,74,74
sub-0027_P2,75,75
sub-0027_P2,76,76
sub-0027_P2,77,77
sub-0027_P2,78,78
sub-0027_P2,79,79
sub-0027_P2,80,80
sub-0027_P2,81,81
sub-0027_P2,82,82
sub-0027_P2,83,83
sub-0027_P2,84,84
sub-0027_P2,85,198
sub-0027_P2,86,86
sub-0027_P2,87,87
sub-0027_P2,88,88
sub-0027_P2,89,89
sub-0027_P2,90,90
sub-0027_P2,91,91
sub-0027_P2,92,92
sub-0027_P2,93,93
sub-0027_P2,94,94
sub-0027_P2,95,95
sub-0027_P2,96,96
sub-0027_P2,97,97
sub-0027_P2,98,98
sub-0027_P2,99,99
sub-0027_P2,100,100
sub-0027_P2,101,101
sub-0027_P2,102,102
sub-0027_P2,103,103
sub-0027_P2,104,31
sub-0027_P2,105,105
sub-0027_P2,106,106
sub-0027_P2,107,107
sub-0027_P2,108,108
sub-0027_P2,109,109
sub-0027_P2,110,110
sub-0027_P2,111,111
sub-0027_P2,112,112
sub-0027_P2,113,113
sub-0027_P2,114,114
sub-0027_P2,115,115
sub-0027_P2,116,36
sub-0027_P2,117,117
sub-0027_P2,118,115
sub-0027_P2,119,119
sub-0027_P2,120,120
sub-0027_P2,121,121
sub-0027_P2,122,122
sub-0027_P2,123,123
sub-0027_P2,124,124
sub-0027_P2,125,125
sub-0027_P2,126,126
sub-0027_P2,127,127
sub-0027_P2,128,128
sub-0027_P2,129,129
sub-0027_P2,130,130
sub-0027_P2,131,131
sub-0027_P2,132,132
sub-0027_P2,133,133
sub-0027_P2,134,134
sub-0027_P2,135,135
sub-0027_P2,136,136
sub-0027_P2,137,137
sub-0027_P2,138,138
sub-0027_P2,139,139
sub-0027_P2,140,140
sub-0027_P2,141,141
sub-0027_P2,142,142
sub-0027_P2,143,143
sub-0027_P2,144,144
sub-0027_P2,145,145
sub-0027_P2,146,146
sub-0027_P2,147,223
sub-0027_P2,148,148
sub-0027_P2,149,149
sub-0027_P2,150,150
sub-0027_P2,151,151
sub-0027_P2,152,152
sub-0027_P2,153,153
sub-0027_P2,154,154
sub-0027_P2,155,155
sub-0027_P2,156,156
sub-0027_P2,157,157
sub-0027_P2,158,158
sub-0027_P2,159,159
sub-0027_P2,160,160
sub-0027_P2,161,161
sub-0027_P2,162,162
sub-0027_P2,163,163
sub-0027_P2,164,164
sub-0027_P2,165,165
sub-0027_P2,166,166
sub-0027_P2,167,142
sub-0027_P2,168,168
sub-0027_P2,169,169
sub-0027_P2,170,170
sub-0027_P2,171,171
sub-0027_P2,172,172
sub-0027_P2,173,174
sub-0027_P2,174,174
sub-0027_P2,175,175
sub-0027_P2,176,176
sub-0027_P2,177,177
sub-0027_P2,178,178
sub-0027_P2,179,179
sub-0027_P2,180,180
sub-0027_P2,181,181
sub-0027_P2,182,182
sub-0027_P2,183,183
sub-0027_P2,184,184
sub-0027_P2,185,185
sub-0027_P2,186,186
sub-0027_P2,187,187
sub-0027_P2,188,188
sub-0027_P2,189,189
sub-0027_P2,190,190
sub-0027_P2,191,191
sub-0027_P2,192,192
sub-0027_P2,193,193
sub-0027_P2,194,194
sub-0027_P2,195,8
sub-0027_P2,196,196
sub-0027_P2,197,197
sub-0027_P2,198,198
sub-0027_P2,199,199
sub-0027_P2,200,200
sub-0027_P2,201,201
sub-0027_P2,202,54
sub-0027_P2,203,203
sub-0027_P2,204,204
sub-0027_P2,205,221
sub-0027_P2,206,206
sub-0027_P2,207,207
sub-0027_P2,208,208
sub-0027_P2,209,209
sub-0027_P2,210,226
sub-0027_P2,211,209
sub-0027_P2,212,212
sub-0027_P2,213,213
sub-0027_P2,214,214
sub-0027_P2,215,215
sub-0027_P2,216,216
sub-0027_P2,217,217
sub-0027_P2,218,218
sub-0027_P2,219,219
sub-0027_P2,220,211
sub-0027_P2,221,221
sub-0027_P2,222,222
sub-0027_P2,223,223
sub-0027_P2,224,208
sub-0027_P2,225,225
sub-0027_P2,226,226
sub-0027_P2,227,211
sub-0027_P2,228,228
sub-0027_P2,229,229
sub-0027_P2,230,230
sub-0027_P2,231,231
sub-0028_P2,0,0
sub-0028_P2,1,1
sub-0028_P2,2,2
sub-0028_P2,3,3
sub-0028_P2,4,28
sub-0028_P2,5,5
sub-0028_P2,6,6
sub-0028_P2,7,7
sub-0028_P2,8,8
sub-0028_P2,9,9
sub-0028_P2,10,10
sub-0028_P2,11,11
sub-0028_P2,12,12
sub-0028_P2,13,13
sub-0028_P2,14,14
sub-0028_P2,15,15
sub-0028_P2,16,16
sub-0028_P2,17,17
sub-0028_P2,18,18
sub-0028_P2,19,19
sub-0028_P2,20,20
sub-0028_P2,21,21
sub-0028_P2,22,22
sub-0028_P2,23,23
sub-0028_P2,24,24
sub-0028_P2,25,25
sub-0028_P2,26,26
sub-0028_P2,27,27
sub-0028_P2,28,28
sub-0028_P2,29,29
sub-0028_P2,30,30
sub-0028_P2,31,31
sub-0028_P2,32,32
sub-0028_P2,33,33
sub-0028_P2,34,34
sub-0028_P2,35,35
sub-0028_P2,36,36
sub-0028_P2,37,37
sub-0028_P2,38,38
sub-0028_P2,39,39
sub-0028_P2,40,40
sub-0028_P2,41,41
sub-0028_P2,42,42
sub-0028_P2,43,43
sub-0028_P2,44,44
sub-0028_P2,45,45
sub-0028_P2,46,46
sub-0028_P2,47,47
sub-0028_P2,48,143
sub-0028_P2,49,49
sub-0028_P2,50,50
sub-0028_P2,51,51
sub-0028_P2,52,52
sub-0028_P2,53,53
sub-0028_P2,54,162
sub-0028_P2,55,143
sub-0028_P2,56,56
sub-0028_P2,57,57
sub-0028_P2,58,58
sub-0028_P2,59,59
sub-0028_P2,60,60
sub-0028_P2,61,61
sub-0028_P2,62,56
sub-0028_P2,63,63
sub-0028_P2,64,64
sub-0028_P2,65,42
sub-0028_P2,66,66
sub-0028_P2,67,67
sub-0028_P2,68,68
sub-0028_P2,69,69
sub-0028_P2,70,70
sub-0028_P2,71,71
sub-0028_P2,72,72
sub-0028_P2,73,73
sub-0028_P2,74,74
sub-0028_P2,75,75
sub-0028_P2,76,76
sub-0028_P2,77,77
sub-0028_P2,78,78
sub-0028_P2,79,79
sub-0028_P2,80,80
sub-0028_P2,81,81
sub-0028_P2,82,82
sub-0028_P2,83,83
sub-0028_P2,84,84
sub-0028_P2,85,85
sub-0028_P2,86,86
sub-0028_P2,87,87
sub-0028_P2,88,88
sub-0028_P2,89,89
sub-0028_P2,90,90
sub-0028_P2,91,91
sub-0028_P2,92,92
sub-0028_P2,93,93
sub-0028_P2,94,94
sub-0028_P2,95,95
sub-0028_P2,96,96
sub-0028_P2,97,97
sub-0028_P2,98,98
sub-0028_P2,99,99
sub-0028_P2,100,100
sub-0028_P2,101,101
sub-0028_P2,102,102
sub-0028_P2,103,103
sub-0028_P2,104,104
sub-0028_P2,105,105
sub-0028_P2,106,106
sub-0028_P2,107,107
sub-0028_P2,108,108
sub-0028_P2,109,109
sub-0028_P2,110,110
sub-0028_P2,111,111
sub-0028_P2,112,112
sub-0028_P2,113,113
sub-0028_P2,114,114
sub-0028_P2,115,115
sub-0028_P2,116,116
sub-0028_P2,117,117
sub-0028_P2,118,118
sub-0028_P2,119,119
sub-0028_P2,120,120
sub-0028_P2,121,121
sub-0028_P2,122,122
sub-0028_P2,123,123
sub-0028_P2,124,124
sub-0028_P2,125,125
sub-0028_P2,126,126
sub-0028_P2,127,127
sub-0028_P2,128,128
sub-0028_P2,129,129
sub-0028_P2,130,130
sub-0028_P2,131,131
sub-0028_P2,132,132
sub-0028_P2,133,133
sub-0028_P2,134,134
sub-0028_P2,135,135
sub-0028_P2,136,136
sub-0028_P2,137,137
sub-0028_P2,138,138
sub-0028_P2,139,139
sub-0028_P2,140,140
sub-0028_P2,141,141
sub-0028_P2,142,142
sub-0028_P2,143,143
sub-0028_P2,144,144
sub-0028_P2,145,145
sub-0028_P2,146,146
sub-0028_P2,147,147
sub-0028_P2,148,148
sub-0028_P2,149,149
sub-0028_P2,150,150
sub-0028_P2,151,151
sub-0028_P2,152,152
sub-0028_P2,153,153
sub-0028_P2,154,154
sub-0028_P2,155,152
sub-0028_P2,156,156
sub-0028_P2,157,157
sub-0028_P2,158,158
sub-0028_P2,159,159
sub-0028_P2,160,160
sub-0028_P2,161,161
sub-0028_P2,162,162
sub-0028_P2,163,163
sub-0028_P2,164,164
sub-0028_P2,165,165
sub-0028_P2,166,166
sub-0028_P2,167,167
sub-0028_P2,168,168
sub-0028_P2,169,169
sub-0028_P2,170,170
sub-0028_P2,171,171
sub-0028_P2,172,172
sub-0028_P2,173,173
sub-0028_P2,174,174
sub-0028_P2,175,175
sub-0028_P2,176,176
sub-0028_P2,177,177
sub-0028_P2,178,178
sub-0028_P2,179,179
sub-0028_P2,180,180
sub-0028_P2,181,181
sub-0028_P2,182,182
sub-0028_P2,183,183
sub-0028_P2,184,184
sub-0028_P2,185,185
sub-0028_P2,186,186
sub-0028_P2,187,187
sub-0028_P2,188,188
sub-0028_P2,189,189
sub-0028_P2,190,190
sub-0028_P2,191,191
sub-0028_P2,192,176
sub-0028_P2,193,193
sub-0028_P2,194,194
sub-0028_P2,195,195
sub-0028_P2,196,196
sub-0028_P2,197,197
sub-0028_P2,198,198
sub-0028_P2,199,199
sub-0028_P2,200,200
sub-0028_P2,201,201
sub-0028_P2,202,50
sub-0028_P2,203,203
sub-0028_P2,204,204
sub-0028_P2,205,205
sub-0028_P2,206,206
sub-0028_P2,207,207
sub-0028_P2,208,208
sub-0028_P2,209,209
sub-0028_P2,210,210
sub-0028_P2,211,211
sub-0028_P2,212,212
sub-0028_P2,213,213
sub-0028_P2,214,214
sub-0028_P2,215,215
sub-0028_P2,216,216
sub-0028_P2,217,217
sub-0028_P2,218,218
sub-0028_P2,219,219
sub-0028_P2,220,220
sub-0028_P2,221,221
sub-0028_P2,222,222
sub-0028_P2,223,223
sub-0028_P2,224,224
sub-0028_P2,225,225
sub-0028_P2,226,226
sub-0028_P2,227,227
sub-0028_P2,228,228
sub-0028_P2,229,229
sub-0028_P2,230,230
sub-0028_P2,231,231
sub-0029_P2,0,0
sub-0029_P2,1,1
sub-0029_P2,2,2
sub-0029_P2,3,3
sub-0029_P2,4,4
sub-0029_P2,5,5
sub-0029_P2,6,6
sub-0029_P2,7,7
sub-0029_P2,8,109
sub-0029_P2,9,109
sub-0029_P2,10,10
sub-0029_P2,11,11
sub-0029_P2,12,12
sub-0029_P2,13,13
sub-0029_P2,14,14
sub-0029_P2,15,36
sub-0029_P2,16,16
sub-0029_P2,17,17
sub-0029_P2,18,18
sub-0029_P2,19,19
sub-0029_P2,20,20
sub-0029_P2,21,21
sub-0029_P2,22,22
sub-0029_P2,23,23
sub-0029_P2,24,24
sub-0029_P2,25,25
sub-0029_P2,26,26
sub-0029_P2,27,27
sub-0029_P2,28,28
sub-0029_P2,29,29
sub-0029_P2,30,30
sub-0029_P2,31,31
sub-0029_P2,32,32
sub-0029_P2,33,33
sub-0029_P2,34,34
sub-0029_P2,35,35
sub-0029_P2,36,36
sub-0029_P2,37,37
sub-0029_P2,38,38
sub-0029_P2,39,39
sub-0029_P2,40,24
sub-0029_P2,41,22
sub-0029_P2,42,42
sub-0029_P2,43,43
sub-0029_P2,44,44
sub-0029_P2,45,45
sub-0029_P2,46,46
sub-0029_P2,47,47
sub-0029_P2,48,48
sub-0029_P2,49,49
sub-0029_P2,50,50
sub-0029_P2,51,51
sub-0029_P2,52,52
sub-0029_P2,53,53
sub-0029_P2,54,202
sub-0029_P2,55,55
sub-0029_P2,56,211
sub-0029_P2,57,57
sub-0029_P2,58,58
sub-0029_P2,59,148
sub-0029_P2,60,60
sub-0029_P2,61,61
sub-0029_P2,62,62
sub-0029_P2,63,63
sub-0029_P2,64,64
sub-0029_P2,65,65
sub-0029_P2,66,66
sub-0029_P2,67,67
sub-0029_P2,68,68
sub-0029_P2,69,69
sub-0029_P2,70,70
sub-0029_P2,71,71
sub-0029_P2,72,72
sub-0029_P2,73,73
sub-0029_P2,74,74
sub-0029_P2,75,75
sub-0029_P2,76,76
sub-0029_P2,77,77
sub-0029_P2,78,78
sub-0029_P2,79,79
sub-0029_P2,80,80
sub-0029_P2,81,81
sub-0029_P2,82,82
sub-0029_P2,83,83
sub-0029_P2,84,84
sub-0029_P2,85,85
sub-0029_P2,86,86
sub-0029_P2,87,87
sub-0029_P2,88,88
sub-0029_P2,89,89
sub-0029_P2,90,90
sub-0029_P2,91,91
sub-0029_P2,92,92
sub-0029_P2,93,93
sub-0029_P2,94,94
sub-0029_P2,95,95
sub-0029_P2,96,96
sub-0029_P2,97,97
sub-0029_P2,98,98
sub-0029_P2,99,99
sub-0029_P2,100,100
sub-0029_P2,101,101
sub-0029_P2,102,102
sub-0029_P2,103,103
sub-0029_P2,104,104
sub-0029_P2,105,105
sub-0029_P2,106,106
sub-0029_P2,107,107
sub-0029_P2,108,109
sub-0029_P2,109,109
sub-0029_P2,110,110
sub-0029_P2,111,111
sub-0029_P2,112,112
sub-0029_P2,113,113
sub-0029_P2,114,114
sub-0029_P2,115,115
sub-0029_P2,116,116
sub-0029_P2,117,117
sub-0029_P2,118,118
sub-0029_P2,119,119
sub-0029_P2,120,120
sub-0029_P2,121,121
sub-0029_P2,122,122
sub-0029_P2,123,123
sub-0029_P2,124,124
sub-0029_P2,125,125
sub-0029_P2,126,126
sub-0029_P2,127,127
sub-0029_P2,128,128
sub-0029_P2,129,129
sub-0029_P2,130,202
sub-0029_P2,131,131
sub-0029_P2,132,132
sub-0029_P2,133,133
sub-0029_P2,134,134
sub-0029_P2,135,135
sub-0029_P2,136,136
sub-0029_P2,137,137
sub-0029_P2,138,138
sub-0029_P2,139,139
sub-0029_P2,140,140
sub-0029_P2,141,141
sub-0029_P2,142,142
sub-0029_P2,143,143
sub-0029_P2,144,144
sub-0029_P2,145,145
sub-0029_P2,146,146
sub-0029_P2,147,147
sub-0029_P2,148,148
sub-0029_P2,149,149
sub-0029_P2,150,150
sub-0029_P2,151,151
sub-0029_P2,152,152
sub-0029_P2,153,153
sub-0029_P2,154,154
sub-0029_P2,155,155
sub-0029_P2,156,156
sub-0029_P2,157,157
sub-0029_P2,158,158
sub-0029_P2,159,159
sub-0029_P2,160,160
sub-0029_P2,161,161
sub-0029_P2,162,216
sub-0029_P2,163,163
sub-0029_P2,164,164
sub-0029_P2,165,165
sub-0029_P2,166,166
sub-0029_P2,167,167
sub-0029_P2,168,168
sub-0029_P2,169,169
sub-0029_P2,170,170
sub-0029_P2,171,53
sub-0029_P2,172,172
sub-0029_P2,173,173
sub-0029_P2,174,174
sub-0029_P2,175,175
sub-0029_P2,176,176
sub-0029_P2,177,177
sub-0029_P2,178,178
sub-0029_P2,179,179
sub-0029_P2,180,180
sub-0029_P2,181,181
sub-0029_P2,182,182
sub-0029_P2,183,183
sub-0029_P2,184,184
sub-0029_P2,185,185
sub-0029_P2,186,186
sub-0029_P2,187,187
sub-0029_P2,188,47
sub-0029_P2,189,189
sub-0029_P2,190,190
sub-0029_P2,191,191
sub-0029_P2,192,192
sub-0029_P2,193,193
sub-0029_P2,194,194
sub-0029_P2,195,195
sub-0029_P2,196,196
sub-0029_P2,197,197
sub-0029_P2,198,198
sub-0029_P2,199,199
sub-0029_P2,200,200
sub-0029_P2,201,54
sub-0029_P2,202,202
sub-0029_P2,203,203
sub-0029_P2,204,204
sub-0029_P2,205,205
sub-0029_P2,206,206
sub-0029_P2,207,207
sub-0029_P2,208,208
sub-0029_P2,209,209
sub-0029_P2,210,211
sub-0029_P2,211,211
sub-0029_P2,212,212
sub-0029_P2,213,213
sub-0029_P2,214,214
sub-0029_P2,215,215
sub-0029_P2,216,216
sub-0029_P2,217,217
sub-0029_P2,218,52
sub-0029_P2,219,219
sub-0029_P2,220,220
sub-0029_P2,221,221
sub-0029_P2,222,222
sub-0029_P2,223,223
sub-0029_P2,224,224
sub-0029_P2,225,225
sub-0029_P2,226,226
sub-0029_P2,227,227
sub-0029_P2,228,228
sub-0029_P2,229,229
sub-0029_P2,230,230
sub-0029_P2,231,231
sub-0030_P2,0,0
sub-0030_P2,1,1
sub-0030_P2,2,2
sub-0030_P2,3,3
sub-0030_P2,4,4
sub-0030_P2,5,5
sub-0030_P2,6,223
sub-0030_P2,7,7
sub-0030_P2,8,8
sub-0030_P2,9,9
sub-0030_P2,10,10
sub-0030_P2,11,11
sub-0030_P2,12,12
sub-0030_P2,13,13
sub-0030_P2,14,14
sub-0030_P2,15,15
sub-0030_P2,16,16
sub-0030_P2,17,17
sub-0030_P2,18,18
sub-0030_P2,19,19
sub-0030_P2,20,20
sub-0030_P2,21,21
sub-0030_P2,22,218
sub-0030_P2,23,23
sub-0030_P2,24,24
sub-0030_P2,25,25
sub-0030_P2,26,26
sub-0030_P2,27,27
sub-0030_P2,28,28
sub-0030_P2,29,29
sub-0030_P2,30,30
sub-0030_P2,31,31
sub-0030_P2,32,32
sub-0030_P2,33,137
sub-0030_P2,34,34
sub-0030_P2,35,35
sub-0030_P2,36,36
sub-0030_P2,37,37
sub-0030_P2,38,38
sub-0030_P2,39,39
sub-0030_P2,40,40
sub-0030_P2,41,226
sub-0030_P2,42,42
sub-0030_P2,43,43
sub-0030_P2,44,44
sub-0030_P2,45,45
sub-0030_P2,46,46
sub-0030_P2,47,47
sub-0030_P2,48,48
sub-0030_P2,49,49
sub-0030_P2,50,50
sub-0030_P2,51,51
sub-0030_P2,52,52
sub-0030_P2,53,53
sub-0030_P2,54,54
sub-0030_P2,55,55
sub-0030_P2,56,56
sub-0030_P2,57,57
sub-0030_P2,58,58
sub-0030_P2,59,59
sub-0030_P2,60,60
sub-0030_P2,61,61
sub-0030_P2,62,62
sub-0030_P2,63,63
sub-0030_P2,64,64
sub-0030_P2,65,65
sub-0030_P2,66,66
sub-0030_P2,67,67
sub-0030_P2,68,68
sub-0030_P2,69,69
sub-0030_P2,70,70
sub-0030_P2,71,71
sub-0030_P2,72,72
sub-0030_P2,73,73
sub-0030_P2,74,74
sub-0030_P2,75,75
sub-0030_P2,76,76
sub-0030_P2,77,77
sub-0030_P2,78,78
sub-0030_P2,79,79
sub-0030_P2,80,80
sub-0030_P2,81,81
sub-0030_P2,82,82
sub-0030_P2,83,83
sub-0030_P2,84,84
sub-0030_P2,85,84
sub-0030_P2,86,99
sub-0030_P2,87,87
sub-0030_P2,88,88
sub-0030_P2,89,52
sub-0030_P2,90,90
sub-0030_P2,91,91
sub-0030_P2,92,92
sub-0030_P2,93,93
sub-0030_P2,94,94
sub-0030_P2,95,95
sub-0030_P2,96,96
sub-0030_P2,97,97
sub-0030_P2,98,98
sub-0030_P2,99,99
sub-0030_P2,100,100
sub-0030_P2,101,101
sub-0030_P2,102,102
sub-0030_P2,103,103
sub-0030_P2,104,104
sub-0030_P2,105,105
sub-0030_P2,106,106
sub-0030_P2,107,107
sub-0030_P2,108,108
sub-0030_P2,109,109
sub-0030_P2,110,110
sub-0030_P2,111,111
sub-0030_P2,112,112
sub-0030_P2,113,113
sub-0030_P2,114,114
sub-0030_P2,115,115
sub-0030_P2,116,116
sub-0030_P2,117,117
sub-0030_P2,118,118
sub-0030_P2,119,119
sub-0030_P2,120,120
sub-0030_P2,121,121
sub-0030_P2,122,122
sub-0030_P2,123,123
sub-0030_P2,124,124
sub-0030_P2,125,125
sub-0030_P2,126,126
sub-0030_P2,127,127
sub-0030_P2,128,128
sub-0030_P2,129,129
sub-0030_P2,130,130
sub-0030_P2,131,131
sub-0030_P2,132,132
sub-0030_P2,133,133
sub-0030_P2,134,134
sub-0030_P2,135,135
sub-0030_P2,136,136
sub-0030_P2,137,137
sub-0030_P2,138,138
sub-0030_P2,139,139
sub-0030_P2,140,140
sub-0030_P2,141,41
sub-0030_P2,142,142
sub-0030_P2,143,143
sub-0030_P2,144,119
sub-0030_P2,145,145
sub-0030_P2,146,146
sub-0030_P2,147,210
sub-0030_P2,148,210
sub-0030_P2,149,119
sub-0030_P2,150,150
sub-0030_P2,151,151
sub-0030_P2,152,152
sub-0030_P2,153,153
sub-0030_P2,154,154
sub-0030_P2,155,155
sub-0030_P2,156,156
sub-0030_P2,157,169
sub-0030_P2,158,158
sub-0030_P2,159,159
sub-0030_P2,160,160
sub-0030_P2,161,161
sub-0030_P2,162,55
sub-0030_P2,163,163
sub-0030_P2,164,164
sub-0030_P2,165,165
sub-0030_P2,166,166
sub-0030_P2,167,167
sub-0030_P2,168,168
sub-0030_P2,169,169
sub-0030_P2,170,170
sub-0030_P2,171,171
sub-0030_P2,172,172
sub-0030_P2,173,173
sub-0030_P2,174,174
sub-0030_P2,175,175
sub-0030_P2,176,176
sub-0030_P2,177,177
sub-0030_P2,178,178
sub-0030_P2,179,174
sub-0030_P2,180,180
sub-0030_P2,181,181
sub-0030_P2,182,182
sub-0030_P2,183,183
sub-0030_P2,184,199
sub-0030_P2,185,185
sub-0030_P2,186,186
sub-0030_P2,187,187
sub-0030_P2,188,188
sub-0030_P2,189,189
sub-0030_P2,190,190
sub-0030_P2,191,191
sub-0030_P2,192,192
sub-0030_P2,193,193
sub-0030_P2,194,194
sub-0030_P2,195,210
sub-0030_P2,196,196
sub-0030_P2,197,161
sub-0030_P2,198,198
sub-0030_P2,199,199
sub-0030_P2,200,200
sub-0030_P2,201,201
sub-0030_P2,202,202
sub-0030_P2,203,203
sub-0030_P2,204,204
sub-0030_P2,205,205
sub-0030_P2,206,206
sub-0030_P2,207,207
sub-0030_P2,208,208
sub-0030_P2,209,224
sub-0030_P2,210,210
sub-0030_P2,211,211
sub-0030_P2,212,212
sub-0030_P2,213,213
sub-0030_P2,214,214
sub-0030_P2,215,215
sub-0030_P2,216,216
sub-0030_P2,217,217
sub-0030_P2,218,218
sub-0030_P2,219,219
sub-0030_P2,220,66
sub-0030_P2,221,221
sub-0030_P2,222,203
sub-0030_P2,223,223
sub-0030_P2,224,224
sub-0030_P2,225,225
sub-0030_P2,226,226
sub-0030_P2,227,210
sub-0030_P2,228,228
sub-0030_P2,229,229
sub-0030_P2,230,230
sub-0030_P2,231,231
sub-0031_P2,0,0
sub-0031_P2,1,1
sub-0031_P2,2,2
sub-0031_P2,3,3
sub-0031_P2,4,4
sub-0031_P2,5,5
sub-0031_P2,6,6
sub-0031_P2,7,7
sub-0031_P2,8,8
sub-0031_P2,9,9
sub-0031_P2,10,10
sub-0031_P2,11,11
sub-0031_P2,12,12
sub-0031_P2,13,13
sub-0031_P2,14,14
sub-0031_P2,15,15
sub-0031_P2,16,16
sub-0031_P2,17,17
sub-0031_P2,18,18
sub-0031_P2,19,19
sub-0031_P2,20,20
sub-0031_P2,21,21
sub-0031_P2,22,22
sub-0031_P2,23,23
sub-0031_P2,24,24
sub-0031_P2,25,25
sub-0031_P2,26,26
sub-0031_P2,27,27
sub-0031_P2,28,28
sub-0031_P2,29,29
sub-0031_P2,30,226
sub-0031_P2,31,31
sub-0031_P2,32,38
sub-0031_P2,33,33
sub-0031_P2,34,34
sub-0031_P2,35,35
sub-0031_P2,36,36
sub-0031_P2,37,37
sub-0031_P2,38,38
sub-0031_P2,39,39
sub-0031_P2,40,40
sub-0031_P2,41,41
sub-0031_P2,42,42
sub-0031_P2,43,43
sub-0031_P2,44,44
sub-0031_P2,45,45
sub-0031_P2,46,46
sub-0031_P2,47,47
sub-0031_P2,48,48
sub-0031_P2,49,49
sub-0031_P2,50,50
sub-0031_P2,51,51
sub-0031_P2,52,52
sub-0031_P2,53,53
sub-0031_P2,54,54
sub-0031_P2,55,55
sub-0031_P2,56,86
sub-0031_P2,57,57
sub-0031_P2,58,142
sub-0031_P2,59,59
sub-0031_P2,60,60
sub-0031_P2,61,61
sub-0031_P2,62,62
sub-0031_P2,63,63
sub-0031_P2,64,64
sub-0031_P2,65,65
sub-0031_P2,66,66
sub-0031_P2,67,67
sub-0031_P2,68,68
sub-0031_P2,69,69
sub-0031_P2,70,47
sub-0031_P2,71,71
sub-0031_P2,72,72
sub-0031_P2,73,73
sub-0031_P2,74,74
sub-0031_P2,75,75
sub-0031_P2,76,76
sub-0031_P2,77,77
sub-0031_P2,78,78
sub-0031_P2,79,79
sub-0031_P2,80,80
sub-0031_P2,81,81
sub-0031_P2,82,82
sub-0031_P2,83,83
sub-0031_P2,84,84
sub-0031_P2,85,85
sub-0031_P2,86,86
sub-0031_P2,87,87
sub-0031_P2,88,88
sub-0031_P2,89,89
sub-0031_P2,90,90
sub-0031_P2,91,91
sub-0031_P2,92,92
sub-0031_P2,93,93
sub-0031_P2,94,94
sub-0031_P2,95,95
sub-0031_P2,96,96
sub-0031_P2,97,97
sub-0031_P2,98,98
sub-0031_P2,99,220
sub-0031_P2,100,100
sub-0031_P2,101,101
sub-0031_P2,102,102
sub-0031_P2,103,103
sub-0031_P2,104,104
sub-0031_P2,105,105
sub-0031_P2,106,106
sub-0031_P2,107,107
sub-0031_P2,108,108
sub-0031_P2,109,109
sub-0031_P2,110,30
sub-0031_P2,111,111
sub-0031_P2,112,112
sub-0031_P2,113,113
sub-0031_P2,114,114
sub-0031_P2,115,115
sub-0031_P2,116,116
sub-0031_P2,117,117
sub-0031_P2,118,118
sub-0031_P2,119,119
sub-0031_P2,120,120
sub-0031_P2,121,121
sub-0031_P2,122,122
sub-0031_P2,123,123
sub-0031_P2,124,124
sub-0031_P2,125,125
sub-0031_P2,126,126
sub-0031_P2,127,127
sub-0031_P2,128,128
sub-0031_P2,129,129
sub-0031_P2,130,30
sub-0031_P2,131,150
sub-0031_P2,132,132
sub-0031_P2,133,133
sub-0031_P2,134,134
sub-0031_P2,135,135
sub-0031_P2,136,136
sub-0031_P2,137,137
sub-0031_P2,138,138
sub-0031_P2,139,139
sub-0031_P2,140,140
sub-0031_P2,141,141
sub-0031_P2,142,142
sub-0031_P2,143,143
sub-0031_P2,144,144
sub-0031_P2,145,145
sub-0031_P2,146,146
sub-0031_P2,147,147
sub-0031_P2,148,148
sub-0031_P2,149,149
sub-0031_P2,150,150
sub-0031_P2,151,151
sub-0031_P2,152,152
sub-0031_P2,153,153
sub-0031_P2,154,154
sub-0031_P2,155,155
sub-0031_P2,156,156
sub-0031_P2,157,157
sub-0031_P2,158,158
sub-0031_P2,159,159
sub-0031_P2,160,160
sub-0031_P2,161,161
sub-0031_P2,162,162
sub-0031_P2,163,163
sub-0031_P2,164,164
sub-0031_P2,165,165
sub-0031_P2,166,166
sub-0031_P2,167,167
sub-0031_P2,168,168
sub-0031_P2,169,169
sub-0031_P2,170,170
sub-0031_P2,171,171
sub-0031_P2,172,172
sub-0031_P2,173,173
sub-0031_P2,174,174
sub-0031_P2,175,175
sub-0031_P2,176,176
sub-0031_P2,177,177
sub-0031_P2,178,178
sub-0031_P2,179,179
sub-0031_P2,180,180
sub-0031_P2,181,181
sub-0031_P2,182,182
sub-0031_P2,183,183
sub-0031_P2,184,184
sub-0031_P2,185,185
sub-0031_P2,186,186
sub-0031_P2,187,187
sub-0031_P2,188,188
sub-0031_P2,189,189
sub-0031_P2,190,190
sub-0031_P2,191,191
sub-0031_P2,192,192
sub-0031_P2,193,193
sub-0031_P2,194,194
sub-0031_P2,195,195
sub-0031_P2,196,196
sub-0031_P2,197,197
sub-0031_P2,198,198
sub-0031_P2,199,199
sub-0031_P2,200,200
sub-0031_P2,201,201
sub-0031_P2,202,202
sub-0031_P2,203,55
sub-0031_P2,204,204
sub-0031_P2,205,205
sub-0031_P2,206,206
sub-0031_P2,207,207
sub-0031_P2,208,55
sub-0031_P2,209,209
sub-0031_P2,210,210
sub-0031_P2,211,211
sub-0031_P2,212,212
sub-0031_P2,213,213
sub-0031_P2,214,214
sub-0031_P2,215,215
sub-0031_P2,216,162
sub-0031_P2,217,217
sub-0031_P2,218,218
sub-0031_P2,219,202
sub-0031_P2,220,220
sub-0031_P2,221,221
sub-0031_P2,222,222
sub-0031_P2,223,223
sub-0031_P2,224,225
sub-0031_P2,225,225
sub-0031_P2,226,162
sub-0031_P2,227,211
sub-0031_P2,228,228
sub-0031_P2,229,229
sub-0031_P2,230,230
sub-0031_P2,231,231
sub-0032_P2,0,0
sub-0032_P2,1,1
sub-0032_P2,2,2
sub-0032_P2,3,3
sub-0032_P2,4,4
sub-0032_P2,5,5
sub-0032_P2,6,6
sub-0032_P2,7,7
sub-0032_P2,8,195
sub-0032_P2,9,9
sub-0032_P2,10,10
sub-0032_P2,11,11
sub-0032_P2,12,12
sub-0032_P2,13,13
sub-0032_P2,14,14
sub-0032_P2,15,15
sub-0032_P2,16,16
sub-0032_P2,17,17
sub-0032_P2,18,18
sub-0032_P2,19,19
sub-0032_P2,20,20
sub-0032_P2,21,21
sub-0032_P2,22,22
sub-0032_P2,23,23
sub-0032_P2,24,24
sub-0032_P2,25,25
sub-0032_P2,26,26
sub-0032_P2,27,27
sub-0032_P2,28,28
sub-0032_P2,29,29
sub-0032_P2,30,30
sub-0032_P2,31,31
sub-0032_P2,32,32
sub-0032_P2,33,33
sub-0032_P2,34,34
sub-0032_P2,35,35
sub-0032_P2,36,36
sub-0032_P2,37,37
sub-0032_P2,38,38
sub-0032_P2,39,39
sub-0032_P2,40,40
sub-0032_P2,41,41
sub-0032_P2,42,42
sub-0032_P2,43,43
sub-0032_P2,44,44
sub-0032_P2,45,45
sub-0032_P2,46,46
sub-0032_P2,47,47
sub-0032_P2,48,48
sub-0032_P2,49,49
sub-0032_P2,50,50
sub-0032_P2,51,51
sub-0032_P2,52,52
sub-0032_P2,53,53
sub-0032_P2,54,54
sub-0032_P2,55,55
sub-0032_P2,56,99
sub-0032_P2,57,57
sub-0032_P2,58,58
sub-0032_P2,59,99
sub-0032_P2,60,60
sub-0032_P2,61,61
sub-0032_P2,62,62
sub-0032_P2,63,63
sub-0032_P2,64,64
sub-0032_P2,65,65
sub-0032_P2,66,66
sub-0032_P2,67,67
sub-0032_P2,68,68
sub-0032_P2,69,69
sub-0032_P2,70,70
sub-0032_P2,71,71
sub-0032_P2,72,72
sub-0032_P2,73,73
sub-0032_P2,74,99
sub-0032_P2,75,75
sub-0032_P2,76,76
sub-0032_P2,77,77
sub-0032_P2,78,78
sub-0032_P2,79,79
sub-0032_P2,80,80
sub-0032_P2,81,81
sub-0032_P2,82,82
sub-0032_P2,83,83
sub-0032_P2,84,84
sub-0032_P2,85,85
sub-0032_P2,86,86
sub-0032_P2,87,87
sub-0032_P2,88,88
sub-0032_P2,89,89
sub-0032_P2,90,90
sub-0032_P2,91,91
sub-0032_P2,92,92
sub-0032_P2,93,93
sub-0032_P2,94,94
sub-0032_P2,95,95
sub-0032_P2,96,99
sub-0032_P2,97,97
sub-0032_P2,98,98
sub-0032_P2,99,99
sub-0032_P2,100,100
sub-0032_P2,101,101
sub-0032_P2,102,102
sub-0032_P2,103,103
sub-0032_P2,104,104
sub-0032_P2,105,105
sub-0032_P2,106,106
sub-0032_P2,107,107
sub-0032_P2,108,108
sub-0032_P2,109,109
sub-0032_P2,110,110
sub-0032_P2,111,111
sub-0032_P2,112,112
sub-0032_P2,113,113
sub-0032_P2,114,114
sub-0032_P2,115,115
sub-0032_P2,116,116
sub-0032_P2,117,117
sub-0032_P2,118,118
sub-0032_P2,119,119
sub-0032_P2,120,120
sub-0032_P2,121,121
sub-0032_P2,122,122
sub-0032_P2,123,123
sub-0032_P2,124,124
sub-0032_P2,125,125
sub-0032_P2,126,126
sub-0032_P2,127,127
sub-0032_P2,128,128
sub-0032_P2,129,129
sub-0032_P2,130,130
sub-0032_P2,131,131
sub-0032_P2,132,132
sub-0032_P2,133,133
sub-0032_P2,134,134
sub-0032_P2,135,135
sub-0032_P2,136,136
sub-0032_P2,137,137
sub-0032_P2,138,138
sub-0032_P2,139,139
sub-0032_P2,140,140
sub-0032_P2,141,141
sub-0032_P2,142,142
sub-0032_P2,143,143
sub-0032_P2,144,144
sub-0032_P2,145,145
sub-0032_P2,146,146
sub-0032_P2,147,147
sub-0032_P2,148,148
sub-0032_P2,149,149
sub-0032_P2,150,150
sub-0032_P2,151,151
sub-0032_P2,152,191
sub-0032_P2,153,153
sub-0032_P2,154,154
sub-0032_P2,155,155
sub-0032_P2,156,156
sub-0032_P2,157,157
sub-0032_P2,158,158
sub-0032_P2,159,159
sub-0032_P2,160,160
sub-0032_P2,161,161
sub-0032_P2,162,162
sub-0032_P2,163,163
sub-0032_P2,164,164
sub-0032_P2,165,165
sub-0032_P2,166,67
sub-0032_P2,167,167
sub-0032_P2,168,168
sub-0032_P2,169,169
sub-0032_P2,170,170
sub-0032_P2,171,171
sub-0032_P2,172,174
sub-0032_P2,173,173
sub-0032_P2,174,174
sub-0032_P2,175,175
sub-0032_P2,176,176
sub-0032_P2,177,177
sub-0032_P2,178,178
sub-0032_P2,179,179
sub-0032_P2,180,180
sub-0032_P2,181,181
sub-0032_P2,182,182
sub-0032_P2,183,183
sub-0032_P2,184,184
sub-0032_P2,185,185
sub-0032_P2,186,186
sub-0032_P2,187,227
sub-0032_P2,188,188
sub-0032_P2,189,189
sub-0032_P2,190,190
sub-0032_P2,191,191
sub-0032_P2,192,192
sub-0032_P2,193,193
sub-0032_P2,194,194
sub-0032_P2,195,195
sub-0032_P2,196,161
sub-0032_P2,197,197
sub-0032_P2,198,198
sub-0032_P2,199,199
sub-0032_P2,200,200
sub-0032_P2,201,220
sub-0032_P2,202,202
sub-0032_P2,203,203
sub-0032_P2,204,204
sub-0032_P2,205,205
sub-0032_P2,206,206
sub-0032_P2,207,207
sub-0032_P2,208,208
sub-0032_P2,209,209
sub-0032_P2,210,210
sub-0032_P2,211,227
sub-0032_P2,212,212
sub-0032_P2,213,213
sub-0032_P2,214,214
sub-0032_P2,215,215
sub-0032_P2,216,216
sub-0032_P2,217,217
sub-0032_P2,218,218
sub-0032_P2,219,219
sub-0032_P2,220,220
sub-0032_P2,221,221
sub-0032_P2,222,222
sub-0032_P2,223,223
sub-0032_P2,224,224
sub-0032_P2,225,225
sub-0032_P2,226,226
sub-0032_P2,227,227
sub-0032_P2,228,228
sub-0032_P2,229,229
sub-0032_P2,230,230
sub-0032_P2,231,231
sub-0033_P2,0,0
sub-0033_P2,1,1
sub-0033_P2,2,2
sub-0033_P2,3,3
sub-0033_P2,4,4
sub-0033_P2,5,5
sub-0033_P2,6,6
sub-0033_P2,7,7
sub-0033_P2,8,8
sub-0033_P2,9,9
sub-0033_P2,10,10
sub-0033_P2,11,11
sub-0033_P2,12,12
sub-0033_P2,13,13
sub-0033_P2,14,14
sub-0033_P2,15,15
sub-0033_P2,16,16
sub-0033_P2,17,17
sub-0033_P2,18,18
sub-0033_P2,19,19
sub-0033_P2,20,20
sub-0033_P2,21,21
sub-0033_P2,22,22
sub-0033_P2,23,23
sub-0033_P2,24,24
sub-0033_P2,25,66
sub-0033_P2,26,26
sub-0033_P2,27,27
sub-0033_P2,28,28
sub-0033_P2,29,29
sub-0033_P2,30,30
sub-0033_P2,31,31
sub-0033_P2,32,32
sub-0033_P2,33,33
sub-0033_P2,34,34
sub-0033_P2,35,35
sub-0033_P2,36,36
sub-0033_P2,37,37
sub-0033_P2,38,38
sub-0033_P2,39,39
sub-0033_P2,40,153
sub-0033_P2,41,41
sub-0033_P2,42,42
sub-0033_P2,43,43
sub-0033_P2,44,44
sub-0033_P2,45,45
sub-0033_P2,46,46
sub-0033_P2,47,47
sub-0033_P2,48,48
sub-0033_P2,49,49
sub-0033_P2,50,50
sub-0033_P2,51,51
sub-0033_P2,52,53
sub-0033_P2,53,53
sub-0033_P2,54,54
sub-0033_P2,55,55
sub-0033_P2,56,28
sub-0033_P2,57,57
sub-0033_P2,58,58
sub-0033_P2,59,59
sub-0033_P2,60,60
sub-0033_P2,61,61
sub-0033_P2,62,62
sub-0033_P2,63,63
sub-0033_P2,64,161
sub-0033_P2,65,65
sub-0033_P2,66,208
sub-0033_P2,67,67
sub-0033_P2,68,68
sub-0033_P2,69,69
sub-0033_P2,70,70
sub-0033_P2,71,71
sub-0033_P2,72,72
sub-0033_P2,73,73
sub-0033_P2,74,74
sub-0033_P2,75,210
sub-0033_P2,76,76
sub-0033_P2,77,77
sub-0033_P2,78,78
sub-0033_P2,79,79
sub-0033_P2,80,80
sub-0033_P2,81,81
sub-0033_P2,82,82
sub-0033_P2,83,83
sub-0033_P2,84,84
sub-0033_P2,85,85
sub-0033_P2,86,155
sub-0033_P2,87,87
sub-0033_P2,88,88
sub-0033_P2,89,89
sub-0033_P2,90,90
sub-0033_P2,91,91
sub-0033_P2,92,92
sub-0033_P2,93,50
sub-0033_P2,94,94
sub-0033_P2,95,31
sub-0033_P2,96,96
sub-0033_P2,97,97
sub-0033_P2,98,98
sub-0033_P2,99,99
sub-0033_P2,100,100
sub-0033_P2,101,101
sub-0033_P2,102,102
sub-0033_P2,103,103
sub-0033_P2,104,104
sub-0033_P2,105,105
sub-0033_P2,106,106
sub-0033_P2,107,107
sub-0033_P2,108,108
sub-0033_P2,109,109
sub-0033_P2,110,110
sub-0033_P2,111,111
sub-0033_P2,112,142
sub-0033_P2,113,113
sub-0033_P2,114,114
sub-0033_P2,115,115
sub-0033_P2,116,116
sub-0033_P2,117,117
sub-0033_P2,118,118
sub-0033_P2,119,203
sub-0033_P2,120,211
sub-0033_P2,121,19
sub-0033_P2,122,122
sub-0033_P2,123,123
sub-0033_P2,124,210
sub-0033_P2,125,125
sub-0033_P2,126,126
sub-0033_P2,127,127
sub-0033_P2,128,128
sub-0033_P2,129,129
sub-0033_P2,130,130
sub-0033_P2,131,131
sub-0033_P2,132,132
sub-0033_P2,133,133
sub-0033_P2,134,134
sub-0033_P2,135,135
sub-0033_P2,136,142
sub-0033_P2,137,137
sub-0033_P2,138,138
sub-0033_P2,139,139
sub-0033_P2,140,140
sub-0033_P2,141,141
sub-0033_P2,142,142
sub-0033_P2,143,198
sub-0033_P2,144,144
sub-0033_P2,145,145
sub-0033_P2,146,146
sub-0033_P2,147,147
sub-0033_P2,148,148
sub-0033_P2,149,149
sub-0033_P2,150,150
sub-0033_P2,151,151
sub-0033_P2,152,152
sub-0033_P2,153,153
sub-0033_P2,154,154
sub-0033_P2,155,155
sub-0033_P2,156,156
sub-0033_P2,157,157
sub-0033_P2,158,158
sub-0033_P2,159,159
sub-0033_P2,160,54
sub-0033_P2,161,161
sub-0033_P2,162,162
sub-0033_P2,163,163
sub-0033_P2,164,164
sub-0033_P2,165,165
sub-0033_P2,166,166
sub-0033_P2,167,167
sub-0033_P2,168,168
sub-0033_P2,169,169
sub-0033_P2,170,170
sub-0033_P2,171,171
sub-0033_P2,172,172
sub-0033_P2,173,173
sub-0033_P2,174,174
sub-0033_P2,175,178
sub-0033_P2,176,55
sub-0033_P2,177,177
sub-0033_P2,178,178
sub-0033_P2,179,179
sub-0033_P2,180,180
sub-0033_P2,181,181
sub-0033_P2,182,182
sub-0033_P2,183,183
sub-0033_P2,184,184
sub-0033_P2,185,185
sub-0033_P2,186,186
sub-0033_P2,187,187
sub-0033_P2,188,188
sub-0033_P2,189,170
sub-0033_P2,190,190
sub-0033_P2,191,191
sub-0033_P2,192,192
sub-0033_P2,193,193
sub-0033_P2,194,194
sub-0033_P2,195,195
sub-0033_P2,196,196
sub-0033_P2,197,197
sub-0033_P2,198,198
sub-0033_P2,199,199
sub-0033_P2,200,200
sub-0033_P2,201,8
sub-0033_P2,202,202
sub-0033_P2,203,203
sub-0033_P2,204,204
sub-0033_P2,205,205
sub-0033_P2,206,206
sub-0033_P2,207,207
sub-0033_P2,208,208
sub-0033_P2,209,209
sub-0033_P2,210,210
sub-0033_P2,211,211
sub-0033_P2,212,212
sub-0033_P2,213,213
sub-0033_P2,214,214
sub-0033_P2,215,215
sub-0033_P2,216,216
sub-0033_P2,217,217
sub-0033_P2,218,218
sub-0033_P2,219,219
sub-0033_P2,220,220
sub-0033_P2,221,221
sub-0033_P2,222,222
sub-0033_P2,223,223
sub-0033_P2,224,224
sub-0033_P2,225,225
sub-0033_P2,226,226
sub-0033_P2,227,227
sub-0033_P2,228,228
sub-0033_P2,229,205
sub-0033_P2,230,230
sub-0033_P2,231,231
sub-0034_P2,0,0
sub-0034_P2,1,1
sub-0034_P2,2,2
sub-0034_P2,3,3
sub-0034_P2,4,4
sub-0034_P2,5,5
sub-0034_P2,6,6
sub-0034_P2,7,7
sub-0034_P2,8,8
sub-0034_P2,9,9
sub-0034_P2,10,10
sub-0034_P2,11,11
sub-0034_P2,12,12
sub-0034_P2,13,13
sub-0034_P2,14,14
sub-0034_P2,15,17
sub-0034_P2,16,16
sub-0034_P2,17,17
sub-0034_P2,18,18
sub-0034_P2,19,19
sub-0034_P2,20,20
sub-0034_P2,21,21
sub-0034_P2,22,22
sub-0034_P2,23,23
sub-0034_P2,24,24
sub-0034_P2,25,25
sub-0034_P2,26,26
sub-0034_P2,27,27
sub-0034_P2,28,28
sub-0034_P2,29,29
sub-0034_P2,30,30
sub-0034_P2,31,59
sub-0034_P2,32,32
sub-0034_P2,33,33
sub-0034_P2,34,34
sub-0034_P2,35,35
sub-0034_P2,36,36
sub-0034_P2,37,37
sub-0034_P2,38,38
sub-0034_P2,39,39
sub-0034_P2,40,42
sub-0034_P2,41,144
sub-0034_P2,42,42
sub-0034_P2,43,43
sub-0034_P2,44,44
sub-0034_P2,45,45
sub-0034_P2,46,46
sub-0034_P2,47,47
sub-0034_P2,48,48
sub-0034_P2,49,49
sub-0034_P2,50,50
sub-0034_P2,51,51
sub-0034_P2,52,54
sub-0034_P2,53,53
sub-0034_P2,54,54
sub-0034_P2,55,55
sub-0034_P2,56,99
sub-0034_P2,57,57
sub-0034_P2,58,58
sub-0034_P2,59,59
sub-0034_P2,60,60
sub-0034_P2,61,61
sub-0034_P2,62,62
sub-0034_P2,63,63
sub-0034_P2,64,64
sub-0034_P2,65,65
sub-0034_P2,66,66
sub-0034_P2,67,67
sub-0034_P2,68,68
sub-0034_P2,69,69
sub-0034_P2,70,70
sub-0034_P2,71,71
sub-0034_P2,72,72
sub-0034_P2,73,73
sub-0034_P2,74,74
sub-0034_P2,75,75
sub-0034_P2,76,76
sub-0034_P2,77,77
sub-0034_P2,78,78
sub-0034_P2,79,79
sub-0034_P2,80,80
sub-0034_P2,81,81
sub-0034_P2,82,82
sub-0034_P2,83,83
sub-0034_P2,84,84
sub-0034_P2,85,85
sub-0034_P2,86,86
sub-0034_P2,87,87
sub-0034_P2,88,81
sub-0034_P2,89,89
sub-0034_P2,90,54
sub-0034_P2,91,91
sub-0034_P2,92,92
sub-0034_P2,93,50
sub-0034_P2,94,62
sub-0034_P2,95,95
sub-0034_P2,96,96
sub-0034_P2,97,97
sub-0034_P2,98,98
sub-0034_P2,99,99
sub-0034_P2,100,100
sub-0034_P2,101,101
sub-0034_P2,102,102
sub-0034_P2,103,103
sub-0034_P2,104,104
sub-0034_P2,105,105
sub-0034_P2,106,106
sub-0034_P2,107,107
sub-0034_P2,108,108
sub-0034_P2,109,109
sub-0034_P2,110,110
sub-0034_P2,111,111
sub-0034_P2,112,112
sub-0034_P2,113,113
sub-0034_P2,114,114
sub-0034_P2,115,115
sub-0034_P2,116,116
sub-0034_P2,117,117
sub-0034_P2,118,118
sub-0034_P2,119,119
sub-0034_P2,120,120
sub-0034_P2,121,121
sub-0034_P2,122,122
sub-0034_P2,123,123
sub-0034_P2,124,124
sub-0034_P2,125,125
sub-0034_P2,126,126
sub-0034_P2,127,127
sub-0034_P2,128,128
sub-0034_P2,129,129
sub-0034_P2,130,130
sub-0034_P2,131,131
sub-0034_P2,132,132
sub-0034_P2,133,133
sub-0034_P2,134,134
sub-0034_P2,135,135
sub-0034_P2,136,136
sub-0034_P2,137,25
sub-0034_P2,138,138
sub-0034_P2,139,139
sub-0034_P2,140,140
sub-0034_P2,141,141
sub-0034_P2,142,142
sub-0034_P2,143,143
sub-0034_P2,144,144
sub-0034_P2,145,145
sub-0034_P2,146,146
sub-0034_P2,147,147
sub-0034_P2,148,148
sub-0034_P2,149,149
sub-0034_P2,150,150
sub-0034_P2,151,177
sub-0034_P2,152,152
sub-0034_P2,153,153
sub-0034_P2,154,154
sub-0034_P2,155,155
sub-0034_P2,156,156
sub-0034_P2,157,157
sub-0034_P2,158,158
sub-0034_P2,159,159
sub-0034_P2,160,54
sub-0034_P2,161,161
sub-0034_P2,162,162
sub-0034_P2,163,163
sub-0034_P2,164,164
sub-0034_P2,165,165
sub-0034_P2,166,166
sub-0034_P2,167,167
sub-0034_P2,168,168
sub-0034_P2,169,169
sub-0034_P2,170,170
sub-0034_P2,171,171
sub-0034_P2,172,172
sub-0034_P2,173,173
sub-0034_P2,174,174
sub-0034_P2,175,175
sub-0034_P2,176,177
sub-0034_P2,177,177
sub-0034_P2,178,178
sub-0034_P2,179,179
sub-0034_P2,180,180
sub-0034_P2,181,181
sub-0034_P2,182,182
sub-0034_P2,183,183
sub-0034_P2,184,184
sub-0034_P2,185,185
sub-0034_P2,186,186
sub-0034_P2,187,187
sub-0034_P2,188,188
sub-0034_P2,189,189
sub-0034_P2,190,190
sub-0034_P2,191,191
sub-0034_P2,192,192
sub-0034_P2,193,193
sub-0034_P2,194,194
sub-0034_P2,195,195
sub-0034_P2,196,196
sub-0034_P2,197,197
sub-0034_P2,198,198
sub-0034_P2,199,199
sub-0034_P2,200,200
sub-0034_P2,201,201
sub-0034_P2,202,203
sub-0034_P2,203,203
sub-0034_P2,204,204
sub-0034_P2,205,205
sub-0034_P2,206,206
sub-0034_P2,207,207
sub-0034_P2,208,55
sub-0034_P2,209,209
sub-0034_P2,210,83
sub-0034_P2,211,224
sub-0034_P2,212,212
sub-0034_P2,213,213
sub-0034_P2,214,214
sub-0034_P2,215,215
sub-0034_P2,216,216
sub-0034_P2,217,217
sub-0034_P2,218,218
sub-0034_P2,219,55
sub-0034_P2,220,220
sub-0034_P2,221,221
sub-0034_P2,222,222
sub-0034_P2,223,223
sub-0034_P2,224,55
sub-0034_P2,225,225
sub-0034_P2,226,226
sub-0034_P2,227,227
sub-0034_P2,228,228
sub-0034_P2,229,229
sub-0034_P2,230,230
sub-0034_P2,231,231
sub-0035_P2,0,0
sub-0035_P2,1,1
sub-0035_P2,2,2
sub-0035_P2,3,3
sub-0035_P2,4,4
sub-0035_P2,5,5
sub-0035_P2,6,6
sub-0035_P2,7,7
sub-0035_P2,8,8
sub-0035_P2,9,9
sub-0035_P2,10,10
sub-0035_P2,11,11
sub-0035_P2,12,12
sub-0035_P2,13,13
sub-0035_P2,14,14
sub-0035_P2,15,15
sub-0035_P2,16,16
sub-0035_P2,17,17
sub-0035_P2,18,18
sub-0035_P2,19,19
sub-0035_P2,20,20
sub-0035_P2,21,21
sub-0035_P2,22,22
sub-0035_P2,23,23
sub-0035_P2,24,24
sub-0035_P2,25,25
sub-0035_P2,26,26
sub-0035_P2,27,27
sub-0035_P2,28,28
sub-0035_P2,29,29
sub-0035_P2,30,30
sub-0035_P2,31,31
sub-0035_P2,32,32
sub-0035_P2,33,33
sub-0035_P2,34,34
sub-0035_P2,35,35
sub-0035_P2,36,36
sub-0035_P2,37,98
sub-0035_P2,38,38
sub-0035_P2,39,39
sub-0035_P2,40,40
sub-0035_P2,41,41
sub-0035_P2,42,42
sub-0035_P2,43,43
sub-0035_P2,44,44
sub-0035_P2,45,45
sub-0035_P2,46,46
sub-0035_P2,47,47
sub-0035_P2,48,48
sub-0035_P2,49,49
sub-0035_P2,50,50
sub-0035_P2,51,51
sub-0035_P2,52,160
sub-0035_P2,53,162
sub-0035_P2,54,54
sub-0035_P2,55,55
sub-0035_P2,56,56
sub-0035_P2,57,57
sub-0035_P2,58,58
sub-0035_P2,59,59
sub-0035_P2,60,60
sub-0035_P2,61,61
sub-0035_P2,62,62
sub-0035_P2,63,63
sub-0035_P2,64,64
sub-0035_P2,65,65
sub-0035_P2,66,27
sub-0035_P2,67,67
sub-0035_P2,68,68
sub-0035_P2,69,69
sub-0035_P2,70,70
sub-0035_P2,71,71
sub-0035_P2,72,72
sub-0035_P2,73,73
sub-0035_P2,74,74
sub-0035_P2,75,75
sub-0035_P2,76,76
sub-0035_P2,77,77
sub-0035_P2,78,78
sub-0035_P2,79,79
sub-0035_P2,80,80
sub-0035_P2,81,81
sub-0035_P2,82,82
sub-0035_P2,83,83
sub-0035_P2,84,84
sub-0035_P2,85,85
sub-0035_P2,86,86
sub-0035_P2,87,87
sub-0035_P2,88,88
sub-0035_P2,89,89
sub-0035_P2,90,90
sub-0035_P2,91,91
sub-0035_P2,92,92
sub-0035_P2,93,93
sub-0035_P2,94,94
sub-0035_P2,95,95
sub-0035_P2,96,96
sub-0035_P2,97,97
sub-0035_P2,98,98
sub-0035_P2,99,99
sub-0035_P2,100,100
sub-0035_P2,101,101
sub-0035_P2,102,102
sub-0035_P2,103,103
sub-0035_P2,104,104
sub-0035_P2,105,105
sub-0035_P2,106,106
sub-0035_P2,107,107
sub-0035_P2,108,108
sub-0035_P2,109,109
sub-0035_P2,110,110
sub-0035_P2,111,130
sub-0035_P2,112,112
sub-0035_P2,113,113
sub-0035_P2,114,114
sub-0035_P2,115,115
sub-0035_P2,116,116
sub-0035_P2,117,117
sub-0035_P2,118,118
sub-0035_P2,119,119
sub-0035_P2,120,120
sub-0035_P2,121,121
sub-0035_P2,122,122
sub-0035_P2,123,123
sub-0035_P2,124,124
sub-0035_P2,125,125
sub-0035_P2,126,126
sub-0035_P2,127,127
sub-0035_P2,128,128
sub-0035_P2,129,129
sub-0035_P2,130,130
sub-0035_P2,131,131
sub-0035_P2,132,132
sub-0035_P2,133,133
sub-0035_P2,134,134
sub-0035_P2,135,135
sub-0035_P2,136,136
sub-0035_P2,137,137
sub-0035_P2,138,138
sub-0035_P2,139,139
sub-0035_P2,140,12
sub-0035_P2,141,141
sub-0035_P2,142,142
sub-0035_P2,143,143
sub-0035_P2,144,144
sub-0035_P2,145,145
sub-0035_P2,146,146
sub-0035_P2,147,147
sub-0035_P2,148,148
sub-0035_P2,149,149
sub-0035_P2,150,150
sub-0035_P2,151,151
sub-0035_P2,152,152
sub-0035_P2,153,153
sub-0035_P2,154,154
sub-0035_P2,155,155
sub-0035_P2,156,156
sub-0035_P2,157,157
sub-0035_P2,158,158
sub-0035_P2,159,159
sub-0035_P2,160,160
sub-0035_P2,161,161
sub-0035_P2,162,162
sub-0035_P2,163,163
sub-0035_P2,164,164
sub-0035_P2,165,165
sub-0035_P2,166,166
sub-0035_P2,167,167
sub-0035_P2,168,168
sub-0035_P2,169,169
sub-0035_P2,170,170
sub-0035_P2,171,171
sub-0035_P2,172,172
sub-0035_P2,173,173
sub-0035_P2,174,174
sub-0035_P2,175,175
sub-0035_P2,176,176
sub-0035_P2,177,177
sub-0035_P2,178,178
sub-0035_P2,179,179
sub-0035_P2,180,180
sub-0035_P2,181,181
sub-0035_P2,182,182
sub-0035_P2,183,183
sub-0035_P2,184,184
sub-0035_P2,185,185
sub-0035_P2,186,186
sub-0035_P2,187,187
sub-0035_P2,188,188
sub-0035_P2,189,189
sub-0035_P2,190,190
sub-0035_P2,191,191
sub-0035_P2,192,192
sub-0035_P2,193,193
sub-0035_P2,194,194
sub-0035_P2,195,195
sub-0035_P2,196,196
sub-0035_P2,197,197
sub-0035_P2,198,198
sub-0035_P2,199,199
sub-0035_P2,200,200
sub-0035_P2,201,201
sub-0035_P2,202,202
sub-0035_P2,203,203
sub-0035_P2,204,204
sub-0035_P2,205,205
sub-0035_P2,206,206
sub-0035_P2,207,207
sub-0035_P2,208,208
sub-0035_P2,209,209
sub-0035_P2,210,210
sub-0035_P2,211,211
sub-0035_P2,212,212
sub-0035_P2,213,213
sub-0035_P2,214,214
sub-0035_P2,215,215
sub-0035_P2,216,201
sub-0035_P2,217,217
sub-0035_P2,218,54
sub-0035_P2,219,65
sub-0035_P2,220,201
sub-0035_P2,221,221
sub-0035_P2,222,222
sub-0035_P2,223,223
sub-0035_P2,224,224
sub-0035_P2,225,225
sub-0035_P2,226,226
sub-0035_P2,227,210
sub-0035_P2,228,228
sub-0035_P2,229,229
sub-0035_P2,230,230
sub-0035_P2,231,231
sub-0036_P2,0,0
sub-0036_P2,1,1
sub-0036_P2,2,2
sub-0036_P2,3,3
sub-0036_P2,4,4
sub-0036_P2,5,105
sub-0036_P2,6,6
sub-0036_P2,7,7
sub-0036_P2,8,8
sub-0036_P2,9,9
sub-0036_P2,10,10
sub-0036_P2,11,11
sub-0036_P2,12,12
sub-0036_P2,13,13
sub-0036_P2,14,14
sub-0036_P2,15,15
sub-0036_P2,16,16
sub-0036_P2,17,17
sub-0036_P2,18,18
sub-0036_P2,19,19
sub-0036_P2,20,20
sub-0036_P2,21,21
sub-0036_P2,22,22
sub-0036_P2,23,23
sub-0036_P2,24,24
sub-0036_P2,25,25
sub-0036_P2,26,26
sub-0036_P2,27,27
sub-0036_P2,28,28
sub-0036_P2,29,29
sub-0036_P2,30,30
sub-0036_P2,31,31
sub-0036_P2,32,32
sub-0036_P2,33,33
sub-0036_P2,34,34
sub-0036_P2,35,35
sub-0036_P2,36,36
sub-0036_P2,37,37
sub-0036_P2,38,38
sub-0036_P2,39,39
sub-0036_P2,40,226
sub-0036_P2,41,41
sub-0036_P2,42,42
sub-0036_P2,43,43
sub-0036_P2,44,44
sub-0036_P2,45,45
sub-0036_P2,46,46
sub-0036_P2,47,47
sub-0036_P2,48,48
sub-0036_P2,49,49
sub-0036_P2,50,50
sub-0036_P2,51,53
sub-0036_P2,52,52
sub-0036_P2,53,53
sub-0036_P2,54,54
sub-0036_P2,55,55
sub-0036_P2,56,56
sub-0036_P2,57,57
sub-0036_P2,58,58
sub-0036_P2,59,59
sub-0036_P2,60,60
sub-0036_P2,61,56
sub-0036_P2,62,63
sub-0036_P2,63,63
sub-0036_P2,64,64
sub-0036_P2,65,65
sub-0036_P2,66,66
sub-0036_P2,67,67
sub-0036_P2,68,68
sub-0036_P2,69,69
sub-0036_P2,70,70
sub-0036_P2,71,71
sub-0036_P2,72,72
sub-0036_P2,73,73
sub-0036_P2,74,74
sub-0036_P2,75,75
sub-0036_P2,76,76
sub-0036_P2,77,77
sub-0036_P2,78,78
sub-0036_P2,79,79
sub-0036_P2,80,80
sub-0036_P2,81,81
sub-0036_P2,82,82
sub-0036_P2,83,83
sub-0036_P2,84,84
sub-0036_P2,85,85
sub-0036_P2,86,86
sub-0036_P2,87,87
sub-0036_P2,88,88
sub-0036_P2,89,89
sub-0036_P2,90,90
sub-0036_P2,91,91
sub-0036_P2,92,92
sub-0036_P2,93,93
sub-0036_P2,94,94
sub-0036_P2,95,95
sub-0036_P2,96,96
sub-0036_P2,97,97
sub-0036_P2,98,98
sub-0036_P2,99,99
sub-0036_P2,100,100
sub-0036_P2,101,101
sub-0036_P2,102,102
sub-0036_P2,103,103
sub-0036_P2,104,104
sub-0036_P2,105,105
sub-0036_P2,106,106
sub-0036_P2,107,107
sub-0036_P2,108,108
sub-0036_P2,109,109
sub-0036_P2,110,110
sub-0036_P2,111,111
sub-0036_P2,112,142
sub-0036_P2,113,113
sub-0036_P2,114,114
sub-0036_P2,115,115
sub-0036_P2,116,116
sub-0036_P2,117,117
sub-0036_P2,118,118
sub-0036_P2,119,119
sub-0036_P2,120,120
sub-0036_P2,121,121
sub-0036_P2,122,122
sub-0036_P2,123,123
sub-0036_P2,124,124
sub-0036_P2,125,125
sub-0036_P2,126,126
sub-0036_P2,127,113
sub-0036_P2,128,128
sub-0036_P2,129,129
sub-0036_P2,130,130
sub-0036_P2,131,131
sub-0036_P2,132,132
sub-0036_P2,133,133
sub-0036_P2,134,134
sub-0036_P2,135,135
sub-0036_P2,136,136
sub-0036_P2,137,137
sub-0036_P2,138,138
sub-0036_P2,139,139
sub-0036_P2,140,140
sub-0036_P2,141,141
sub-0036_P2,142,142
sub-0036_P2,143,143
sub-0036_P2,144,144
sub-0036_P2,145,145
sub-0036_P2,146,146
sub-0036_P2,147,142
sub-0036_P2,148,148
sub-0036_P2,149,214
sub-0036_P2,150,150
sub-0036_P2,151,151
sub-0036_P2,152,152
sub-0036_P2,153,153
sub-0036_P2,154,154
sub-0036_P2,155,155
sub-0036_P2,156,156
sub-0036_P2,157,157
sub-0036_P2,158,158
sub-0036_P2,159,159
sub-0036_P2,160,160
sub-0036_P2,161,161
sub-0036_P2,162,162
sub-0036_P2,163,163
sub-0036_P2,164,164
sub-0036_P2,165,165
sub-0036_P2,166,166
sub-0036_P2,167,167
sub-0036_P2,168,168
sub-0036_P2,169,169
sub-0036_P2,170,170
sub-0036_P2,171,171
sub-0036_P2,172,172
sub-0036_P2,173,173
sub-0036_P2,174,174
sub-0036_P2,175,175
sub-0036_P2,176,176
sub-0036_P2,177,177
sub-0036_P2,178,178
sub-0036_P2,179,179
sub-0036_P2,180,180
sub-0036_P2,181,181
sub-0036_P2,182,182
sub-0036_P2,183,183
sub-0036_P2,184,184
sub-0036_P2,185,185
sub-0036_P2,186,186
sub-0036_P2,187,187
sub-0036_P2,188,91
sub-0036_P2,189,189
sub-0036_P2,190,190
sub-0036_P2,191,191
sub-0036_P2,192,192
sub-0036_P2,193,193
sub-0036_P2,194,194
sub-0036_P2,195,195
sub-0036_P2,196,196
sub-0036_P2,197,197
sub-0036_P2,198,198
sub-0036_P2,199,199
sub-0036_P2,200,200
sub-0036_P2,201,201
sub-0036_P2,202,202
sub-0036_P2,203,203
sub-0036_P2,204,204
sub-0036_P2,205,205
sub-0036_P2,206,206
sub-0036_P2,207,207
sub-0036_P2,208,211
sub-0036_P2,209,209
sub-0036_P2,210,211
sub-0036_P2,211,211
sub-0036_P2,212,212
sub-0036_P2,213,213
sub-0036_P2,214,214
sub-0036_P2,215,215
sub-0036_P2,216,216
sub-0036_P2,217,211
sub-0036_P2,218,218
sub-0036_P2,219,219
sub-0036_P2,220,205
sub-0036_P2,221,221
sub-0036_P2,222,222
sub-0036_P2,223,223
sub-0036_P2,224,224
sub-0036_P2,225,225
sub-0036_P2,226,210
sub-0036_P2,227,227
sub-0036_P2,228,228
sub-0036_P2,229,229
sub-0036_P2,230,230
sub-0036_P2,231,231
sub-0037_P2,0,0
sub-0037_P2,1,1
sub-0037_P2,2,2
sub-0037_P2,3,3
sub-0037_P2,4,4
sub-0037_P2,5,5
sub-0037_P2,6,6
sub-0037_P2,7,7
sub-0037_P2,8,8
sub-0037_P2,9,9
sub-0037_P2,10,10
sub-0037_P2,11,11
sub-0037_P2,12,12
sub-0037_P2,13,13
sub-0037_P2,14,14
sub-0037_P2,15,15
sub-0037_P2,16,16
sub-0037_P2,17,17
sub-0037_P2,18,18
sub-0037_P2,19,19
sub-0037_P2,20,20
sub-0037_P2,21,21
sub-0037_P2,22,22
sub-0037_P2,23,23
sub-0037_P2,24,221
sub-0037_P2,25,25
sub-0037_P2,26,26
sub-0037_P2,27,27
sub-0037_P2,28,28
sub-0037_P2,29,29
sub-0037_P2,30,30
sub-0037_P2,31,31
sub-0037_P2,32,32
sub-0037_P2,33,204
sub-0037_P2,34,34
sub-0037_P2,35,35
sub-0037_P2,36,36
sub-0037_P2,37,37
sub-0037_P2,38,38
sub-0037_P2,39,39
sub-0037_P2,40,40
sub-0037_P2,41,41
sub-0037_P2,42,42
sub-0037_P2,43,43
sub-0037_P2,44,44
sub-0037_P2,45,45
sub-0037_P2,46,46
sub-0037_P2,47,47
sub-0037_P2,48,48
sub-0037_P2,49,49
sub-0037_P2,50,224
sub-0037_P2,51,51
sub-0037_P2,52,52
sub-0037_P2,53,162
sub-0037_P2,54,54
sub-0037_P2,55,55
sub-0037_P2,56,56
sub-0037_P2,57,57
sub-0037_P2,58,58
sub-0037_P2,59,59
sub-0037_P2,60,60
sub-0037_P2,61,61
sub-0037_P2,62,62
sub-0037_P2,63,62
sub-0037_P2,64,64
sub-0037_P2,65,65
sub-0037_P2,66,66
sub-0037_P2,67,67
sub-0037_P2,68,68
sub-0037_P2,69,69
sub-0037_P2,70,187
sub-0037_P2,71,71
sub-0037_P2,72,72
sub-0037_P2,73,73
sub-0037_P2,74,74
sub-0037_P2,75,75
sub-0037_P2,76,76
sub-0037_P2,77,77
sub-0037_P2,78,78
sub-0037_P2,79,79
sub-0037_P2,80,80
sub-0037_P2,81,81
sub-0037_P2,82,82
sub-0037_P2,83,83
sub-0037_P2,84,84
sub-0037_P2,85,85
sub-0037_P2,86,64
sub-0037_P2,87,87
sub-0037_P2,88,88
sub-0037_P2,89,89
sub-0037_P2,90,90
sub-0037_P2,91,91
sub-0037_P2,92,92
sub-0037_P2,93,93
sub-0037_P2,94,94
sub-0037_P2,95,95
sub-0037_P2,96,96
sub-0037_P2,97,97
sub-0037_P2,98,98
sub-0037_P2,99,99
sub-0037_P2,100,100
sub-0037_P2,101,101
sub-0037_P2,102,102
sub-0037_P2,103,103
sub-0037_P2,104,104
sub-0037_P2,105,105
sub-0037_P2,106,106
sub-0037_P2,107,107
sub-0037_P2,108,108
sub-0037_P2,109,109
sub-0037_P2,110,110
sub-0037_P2,111,111
sub-0037_P2,112,112
sub-0037_P2,113,113
sub-0037_P2,114,114
sub-0037_P2,115,22
sub-0037_P2,116,116
sub-0037_P2,117,117
sub-0037_P2,118,118
sub-0037_P2,119,119
sub-0037_P2,120,120
sub-0037_P2,121,121
sub-0037_P2,122,122
sub-0037_P2,123,123
sub-0037_P2,124,124
sub-0037_P2,125,125
sub-0037_P2,126,126
sub-0037_P2,127,127
sub-0037_P2,128,128
sub-0037_P2,129,129
sub-0037_P2,130,130
sub-0037_P2,131,131
sub-0037_P2,132,132
sub-0037_P2,133,133
sub-0037_P2,134,134
sub-0037_P2,135,135
sub-0037_P2,136,136
sub-0037_P2,137,137
sub-0037_P2,138,138
sub-0037_P2,139,139
sub-0037_P2,140,140
sub-0037_P2,141,141
sub-0037_P2,142,142
sub-0037_P2,143,143
sub-0037_P2,144,144
sub-0037_P2,145,145
sub-0037_P2,146,146
sub-0037_P2,147,147
sub-0037_P2,148,148
sub-0037_P2,149,149
sub-0037_P2,150,150
sub-0037_P2,151,151
sub-0037_P2,152,152
sub-0037_P2,153,153
sub-0037_P2,154,154
sub-0037_P2,155,155
sub-0037_P2,156,156
sub-0037_P2,157,157
sub-0037_P2,158,158
sub-0037_P2,159,159
sub-0037_P2,160,203
sub-0037_P2,161,161
sub-0037_P2,162,162
sub-0037_P2,163,163
sub-0037_P2,164,164
sub-0037_P2,165,165
sub-0037_P2,166,166
sub-0037_P2,167,167
sub-0037_P2,168,168
sub-0037_P2,169,169
sub-0037_P2,170,170
sub-0037_P2,171,171
sub-0037_P2,172,172
sub-0037_P2,173,173
sub-0037_P2,174,174
sub-0037_P2,175,175
sub-0037_P2,176,176
sub-0037_P2,177,153
sub-0037_P2,178,178
sub-0037_P2,179,179
sub-0037_P2,180,180
sub-0037_P2,181,181
sub-0037_P2,182,182
sub-0037_P2,183,152
sub-0037_P2,184,184
sub-0037_P2,185,185
sub-0037_P2,186,186
sub-0037_P2,187,187
sub-0037_P2,188,188
sub-0037_P2,189,189
sub-0037_P2,190,190
sub-0037_P2,191,191
sub-0037_P2,192,192
sub-0037_P2,193,193
sub-0037_P2,194,194
sub-0037_P2,195,195
sub-0037_P2,196,196
sub-0037_P2,197,197
sub-0037_P2,198,198
sub-0037_P2,199,199
sub-0037_P2,200,200
sub-0037_P2,201,201
sub-0037_P2,202,202
sub-0037_P2,203,203
sub-0037_P2,204,204
sub-0037_P2,205,205
sub-0037_P2,206,206
sub-0037_P2,207,207
sub-0037_P2,208,208
sub-0037_P2,209,209
sub-0037_P2,210,227
sub-0037_P2,211,210
sub-0037_P2,212,212
sub-0037_P2,213,213
sub-0037_P2,214,214
sub-0037_P2,215,215
sub-0037_P2,216,216
sub-0037_P2,217,217
sub-0037_P2,218,218
sub-0037_P2,219,220
sub-0037_P2,220,220
sub-0037_P2,221,221
sub-0037_P2,222,222
sub-0037_P2,223,223
sub-0037_P2,224,224
sub-0037_P2,225,225
sub-0037_P2,226,226
sub-0037_P2,227,227
sub-0037_P2,228,228
sub-0037_P2,229,229
sub-0037_P2,230,230
sub-0037_P2,231,231
sub-0038_P2,0,0
sub-0038_P2,1,111
sub-0038_P2,2,2
sub-0038_P2,3,3
sub-0038_P2,4,4
sub-0038_P2,5,5
sub-0038_P2,6,6
sub-0038_P2,7,7
sub-0038_P2,8,8
sub-0038_P2,9,9
sub-0038_P2,10,10
sub-0038_P2,11,11
sub-0038_P2,12,12
sub-0038_P2,13,13
sub-0038_P2,14,14
sub-0038_P2,15,15
sub-0038_P2,16,16
sub-0038_P2,17,17
sub-0038_P2,18,18
sub-0038_P2,19,19
sub-0038_P2,20,20
sub-0038_P2,21,21
sub-0038_P2,22,22
sub-0038_P2,23,23
sub-0038_P2,24,20
sub-0038_P2,25,25
sub-0038_P2,26,26
sub-0038_P2,27,27
sub-0038_P2,28,28
sub-0038_P2,29,29
sub-0038_P2,30,30
sub-0038_P2,31,31
sub-0038_P2,32,32
sub-0038_P2,33,33
sub-0038_P2,34,34
sub-0038_P2,35,35
sub-0038_P2,36,36
sub-0038_P2,37,37
sub-0038_P2,38,38
sub-0038_P2,39,39
sub-0038_P2,40,40
sub-0038_P2,41,41
sub-0038_P2,42,42
sub-0038_P2,43,43
sub-0038_P2,44,44
sub-0038_P2,45,45
sub-0038_P2,46,46
sub-0038_P2,47,47
sub-0038_P2,48,48
sub-0038_P2,49,49
sub-0038_P2,50,50
sub-0038_P2,51,51
sub-0038_P2,52,52
sub-0038_P2,53,53
sub-0038_P2,54,54
sub-0038_P2,55,160
sub-0038_P2,56,0
sub-0038_P2,57,57
sub-0038_P2,58,58
sub-0038_P2,59,59
sub-0038_P2,60,60
sub-0038_P2,61,61
sub-0038_P2,62,62
sub-0038_P2,63,63
sub-0038_P2,64,64
sub-0038_P2,65,65
sub-0038_P2,66,66
sub-0038_P2,67,67
sub-0038_P2,68,68
sub-0038_P2,69,69
sub-0038_P2,70,70
sub-0038_P2,71,71
sub-0038_P2,72,72
sub-0038_P2,73,73
sub-0038_P2,74,74
sub-0038_P2,75,75
sub-0038_P2,76,76
sub-0038_P2,77,77
sub-0038_P2,78,169
sub-0038_P2,79,79
sub-0038_P2,80,80
sub-0038_P2,81,81
sub-0038_P2,82,82
sub-0038_P2,83,83
sub-0038_P2,84,84
sub-0038_P2,85,85
sub-0038_P2,86,86
sub-0038_P2,87,87
sub-0038_P2,88,88
sub-0038_P2,89,89
sub-0038_P2,90,90
sub-0038_P2,91,91
sub-0038_P2,92,92
sub-0038_P2,93,93
sub-0038_P2,94,94
sub-0038_P2,95,95
sub-0038_P2,96,96
sub-0038_P2,97,97
sub-0038_P2,98,98
sub-0038_P2,99,99
sub-0038_P2,100,100
sub-0038_P2,101,101
sub-0038_P2,102,102
sub-0038_P2,103,103
sub-0038_P2,104,104
sub-0038_P2,105,105
sub-0038_P2,106,106
sub-0038_P2,107,107
sub-0038_P2,108,108
sub-0038_P2,109,109
sub-0038_P2,110,110
sub-0038_P2,111,111
sub-0038_P2,112,112
sub-0038_P2,113,113
sub-0038_P2,114,114
sub-0038_P2,115,115
sub-0038_P2,116,116
sub-0038_P2,117,117
sub-0038_P2,118,118
sub-0038_P2,119,119
sub-0038_P2,120,120
sub-0038_P2,121,121
sub-0038_P2,122,122
sub-0038_P2,123,123
sub-0038_P2,124,124
sub-0038_P2,125,125
sub-0038_P2,126,126
sub-0038_P2,127,127
sub-0038_P2,128,128
sub-0038_P2,129,129
sub-0038_P2,130,130
sub-0038_P2,131,131
sub-0038_P2,132,132
sub-0038_P2,133,133
sub-0038_P2,134,134
sub-0038_P2,135,135
sub-0038_P2,136,136
sub-0038_P2,137,137
sub-0038_P2,138,138
sub-0038_P2,139,139
sub-0038_P2,140,140
sub-0038_P2,141,141
sub-0038_P2,142,142
sub-0038_P2,143,143
sub-0038_P2,144,144
sub-0038_P2,145,145
sub-0038_P2,146,146
sub-0038_P2,147,147
sub-0038_P2,148,148
sub-0038_P2,149,149
sub-0038_P2,150,150
sub-0038_P2,151,151
sub-0038_P2,152,152
sub-0038_P2,153,153
sub-0038_P2,154,154
sub-0038_P2,155,155
sub-0038_P2,156,156
sub-0038_P2,157,157
sub-0038_P2,158,158
sub-0038_P2,159,159
sub-0038_P2,160,160
sub-0038_P2,161,53
sub-0038_P2,162,162
sub-0038_P2,163,163
sub-0038_P2,164,164
sub-0038_P2,165,165
sub-0038_P2,166,166
sub-0038_P2,167,167
sub-0038_P2,168,168
sub-0038_P2,169,169
sub-0038_P2,170,170
sub-0038_P2,171,171
sub-0038_P2,172,172
sub-0038_P2,173,173
sub-0038_P2,174,174
sub-0038_P2,175,175
sub-0038_P2,176,176
sub-0038_P2,177,177
sub-0038_P2,178,178
sub-0038_P2,179,179
sub-0038_P2,180,180
sub-0038_P2,181,181
sub-0038_P2,182,182
sub-0038_P2,183,183
sub-0038_P2,184,184
sub-0038_P2,185,185
sub-0038_P2,186,186
sub-0038_P2,187,187
sub-0038_P2,188,188
sub-0038_P2,189,189
sub-0038_P2,190,190
sub-0038_P2,191,191
sub-0038_P2,192,192
sub-0038_P2,193,193
sub-0038_P2,194,194
sub-0038_P2,195,195
sub-0038_P2,196,196
sub-0038_P2,197,197
sub-0038_P2,198,198
sub-0038_P2,199,199
sub-0038_P2,200,201
sub-0038_P2,201,201
sub-0038_P2,202,202
sub-0038_P2,203,203
sub-0038_P2,204,204
sub-0038_P2,205,205
sub-0038_P2,206,206
sub-0038_P2,207,143
sub-0038_P2,208,208
sub-0038_P2,209,209
sub-0038_P2,210,226
sub-0038_P2,211,211
sub-0038_P2,212,212
sub-0038_P2,213,213
sub-0038_P2,214,214
sub-0038_P2,215,215
sub-0038_P2,216,216
sub-0038_P2,217,217
sub-0038_P2,218,218
sub-0038_P2,219,219
sub-0038_P2,220,204
sub-0038_P2,221,221
sub-0038_P2,222,222
sub-0038_P2,223,223
sub-0038_P2,224,224
sub-0038_P2,225,225
sub-0038_P2,226,226
sub-0038_P2,227,210
sub-0038_P2,228,228
sub-0038_P2,229,229
sub-0038_P2,230,230
sub-0038_P2,231,231
sub-0039_P2,0,0
sub-0039_P2,1,1
sub-0039_P2,2,2
sub-0039_P2,3,3
sub-0039_P2,4,4
sub-0039_P2,5,5
sub-0039_P2,6,6
sub-0039_P2,7,7
sub-0039_P2,8,8
sub-0039_P2,9,9
sub-0039_P2,10,10
sub-0039_P2,11,11
sub-0039_P2,12,12
sub-0039_P2,13,13
sub-0039_P2,14,14
sub-0039_P2,15,15
sub-0039_P2,16,16
sub-0039_P2,17,17
sub-0039_P2,18,18
sub-0039_P2,19,19
sub-0039_P2,20,20
sub-0039_P2,21,21
sub-0039_P2,22,22
sub-0039_P2,23,23
sub-0039_P2,24,24
sub-0039_P2,25,25
sub-0039_P2,26,26
sub-0039_P2,27,27
sub-0039_P2,28,28
sub-0039_P2,29,29
sub-0039_P2,30,30
sub-0039_P2,31,31
sub-0039_P2,32,32
sub-0039_P2,33,33
sub-0039_P2,34,34
sub-0039_P2,35,35
sub-0039_P2,36,36
sub-0039_P2,37,37
sub-0039_P2,38,38
sub-0039_P2,39,39
sub-0039_P2,40,40
sub-0039_P2,41,41
sub-0039_P2,42,42
sub-0039_P2,43,43
sub-0039_P2,44,44
sub-0039_P2,45,45
sub-0039_P2,46,46
sub-0039_P2,47,47
sub-0039_P2,48,48
sub-0039_P2,49,49
sub-0039_P2,50,50
sub-0039_P2,51,51
sub-0039_P2,52,52
sub-0039_P2,53,55
sub-0039_P2,54,54
sub-0039_P2,55,55
sub-0039_P2,56,56
sub-0039_P2,57,57
sub-0039_P2,58,58
sub-0039_P2,59,59
sub-0039_P2,60,60
sub-0039_P2,61,61
sub-0039_P2,62,62
sub-0039_P2,63,63
sub-0039_P2,64,64
sub-0039_P2,65,65
sub-0039_P2,66,66
sub-0039_P2,67,67
sub-0039_P2,68,68
sub-0039_P2,69,83
sub-0039_P2,70,70
sub-0039_P2,71,71
sub-0039_P2,72,72
sub-0039_P2,73,73
sub-0039_P2,74,74
sub-0039_P2,75,75
sub-0039_P2,76,76
sub-0039_P2,77,77
sub-0039_P2,78,78
sub-0039_P2,79,79
sub-0039_P2,80,80
sub-0039_P2,81,81
sub-0039_P2,82,82
sub-0039_P2,83,83
sub-0039_P2,84,84
sub-0039_P2,85,85
sub-0039_P2,86,86
sub-0039_P2,87,87
sub-0039_P2,88,88
sub-0039_P2,89,89
sub-0039_P2,90,90
sub-0039_P2,91,91
sub-0039_P2,92,50
sub-0039_P2,93,93
sub-0039_P2,94,94
sub-0039_P2,95,95
sub-0039_P2,96,96
sub-0039_P2,97,97
sub-0039_P2,98,98
sub-0039_P2,99,99
sub-0039_P2,100,100
sub-0039_P2,101,101
sub-0039_P2,102,102
sub-0039_P2,103,103
sub-0039_P2,104,104
sub-0039_P2,105,105
sub-0039_P2,106,106
sub-0039_P2,107,107
sub-0039_P2,108,108
sub-0039_P2,109,109
sub-0039_P2,110,110
sub-0039_P2,111,111
sub-0039_P2,112,112
sub-0039_P2,113,113
sub-0039_P2,114,114
sub-0039_P2,115,115
sub-0039_P2,116,116
sub-0039_P2,117,117
sub-0039_P2,118,118
sub-0039_P2,119,119
sub-0039_P2,120,120
sub-0039_P2,121,121
sub-0039_P2,122,122
sub-0039_P2,123,123
sub-0039_P2,124,124
sub-0039_P2,125,125
sub-0039_P2,126,24
sub-0039_P2,127,127
sub-0039_P2,128,128
sub-0039_P2,129,129
sub-0039_P2,130,130
sub-0039_P2,131,131
sub-0039_P2,132,132
sub-0039_P2,133,133
sub-0039_P2,134,134
sub-0039_P2,135,135
sub-0039_P2,136,150
sub-0039_P2,137,137
sub-0039_P2,138,138
sub-0039_P2,139,139
sub-0039_P2,140,140
sub-0039_P2,141,141
sub-0039_P2,142,142
sub-0039_P2,143,143
sub-0039_P2,144,144
sub-0039_P2,145,145
sub-0039_P2,146,146
sub-0039_P2,147,147
sub-0039_P2,148,148
sub-0039_P2,149,149
sub-0039_P2,150,150
sub-0039_P2,151,151
sub-0039_P2,152,47
sub-0039_P2,153,153
sub-0039_P2,154,154
sub-0039_P2,155,155
sub-0039_P2,156,156
sub-0039_P2,157,157
sub-0039_P2,158,158
sub-0039_P2,159,159
sub-0039_P2,160,160
sub-0039_P2,161,161
sub-0039_P2,162,203
sub-0039_P2,163,163
sub-0039_P2,164,164
sub-0039_P2,165,165
sub-0039_P2,166,166
sub-0039_P2,167,167
sub-0039_P2,168,168
sub-0039_P2,169,169
sub-0039_P2,170,170
sub-0039_P2,171,171
sub-0039_P2,172,172
sub-0039_P2,173,173
sub-0039_P2,174,174
sub-0039_P2,175,175
sub-0039_P2,176,176
sub-0039_P2,177,177
sub-0039_P2,178,178
sub-0039_P2,179,179
sub-0039_P2,180,180
sub-0039_P2,181,181
sub-0039_P2,182,182
sub-0039_P2,183,183
sub-0039_P2,184,184
sub-0039_P2,185,185
sub-0039_P2,186,186
sub-0039_P2,187,86
sub-0039_P2,188,188
sub-0039_P2,189,189
sub-0039_P2,190,161
sub-0039_P2,191,191
sub-0039_P2,192,192
sub-0039_P2,193,193
sub-0039_P2,194,194
sub-0039_P2,195,195
sub-0039_P2,196,196
sub-0039_P2,197,197
sub-0039_P2,198,198
sub-0039_P2,199,199
sub-0039_P2,200,200
sub-0039_P2,201,201
sub-0039_P2,202,202
sub-0039_P2,203,203
sub-0039_P2,204,204
sub-0039_P2,205,220
sub-0039_P2,206,206
sub-0039_P2,207,207
sub-0039_P2,208,208
sub-0039_P2,209,209
sub-0039_P2,210,227
sub-0039_P2,211,211
sub-0039_P2,212,212
sub-0039_P2,213,213
sub-0039_P2,214,214
sub-0039_P2,215,215
sub-0039_P2,216,216
sub-0039_P2,217,217
sub-0039_P2,218,218
sub-0039_P2,219,219
sub-0039_P2,220,220
sub-0039_P2,221,204
sub-0039_P2,222,207
sub-0039_P2,223,223
sub-0039_P2,224,224
sub-0039_P2,225,225
sub-0039_P2,226,226
sub-0039_P2,227,227
sub-0039_P2,228,228
sub-0039_P2,229,229
sub-0039_P2,230,230
sub-0039_P2,231,231
sub-0040_P2,0,0
sub-0040_P2,1,1
sub-0040_P2,2,2
sub-0040_P2,3,156
sub-0040_P2,4,4
sub-0040_P2,5,5
sub-0040_P2,6,6
sub-0040_P2,7,7
sub-0040_P2,8,8
sub-0040_P2,9,9
sub-0040_P2,10,10
sub-0040_P2,11,11
sub-0040_P2,12,12
sub-0040_P2,13,13
sub-0040_P2,14,14
sub-0040_P2,15,15
sub-0040_P2,16,16
sub-0040_P2,17,17
sub-0040_P2,18,18
sub-0040_P2,19,19
sub-0040_P2,20,92
sub-0040_P2,21,21
sub-0040_P2,22,22
sub-0040_P2,23,23
sub-0040_P2,24,24
sub-0040_P2,25,25
sub-0040_P2,26,26
sub-0040_P2,27,27
sub-0040_P2,28,28
sub-0040_P2,29,29
sub-0040_P2,30,30
sub-0040_P2,31,31
sub-0040_P2,32,32
sub-0040_P2,33,33
sub-0040_P2,34,34
sub-0040_P2,35,35
sub-0040_P2,36,36
sub-0040_P2,37,37
sub-0040_P2,38,38
sub-0040_P2,39,39
sub-0040_P2,40,40
sub-0040_P2,41,41
sub-0040_P2,42,42
sub-0040_P2,43,43
sub-0040_P2,44,44
sub-0040_P2,45,119
sub-0040_P2,46,46
sub-0040_P2,47,47
sub-0040_P2,48,48
sub-0040_P2,49,49
sub-0040_P2,50,50
sub-0040_P2,51,51
sub-0040_P2,52,52
sub-0040_P2,53,53
sub-0040_P2,54,54
sub-0040_P2,55,20
sub-0040_P2,56,56
sub-0040_P2,57,57
sub-0040_P2,58,58
sub-0040_P2,59,59
sub-0040_P2,60,60
sub-0040_P2,61,61
sub-0040_P2,62,62
sub-0040_P2,63,63
sub-0040_P2,64,64
sub-0040_P2,65,65
sub-0040_P2,66,66
sub-0040_P2,67,67
sub-0040_P2,68,75
sub-0040_P2,69,69
sub-0040_P2,70,70
sub-0040_P2,71,71
sub-0040_P2,72,72
sub-0040_P2,73,73
sub-0040_P2,74,74
sub-0040_P2,75,75
sub-0040_P2,76,76
sub-0040_P2,77,77
sub-0040_P2,78,78
sub-0040_P2,79,79
sub-0040_P2,80,80
sub-0040_P2,81,81
sub-0040_P2,82,82
sub-0040_P2,83,83
sub-0040_P2,84,84
sub-0040_P2,85,53
sub-0040_P2,86,86
sub-0040_P2,87,87
sub-0040_P2,88,88
sub-0040_P2,89,89
sub-0040_P2,90,90
sub-0040_P2,91,91
sub-0040_P2,92,92
sub-0040_P2,93,93
sub-0040_P2,94,94
sub-0040_P2,95,95
sub-0040_P2,96,96
sub-0040_P2,97,97
sub-0040_P2,98,25
sub-0040_P2,99,199
sub-0040_P2,100,100
sub-0040_P2,101,101
sub-0040_P2,102,102
sub-0040_P2,103,103
sub-0040_P2,104,104
sub-0040_P2,105,105
sub-0040_P2,106,106
sub-0040_P2,107,107
sub-0040_P2,108,108
sub-0040_P2,109,109
sub-0040_P2,110,110
sub-0040_P2,111,111
sub-0040_P2,112,112
sub-0040_P2,113,113
sub-0040_P2,114,114
sub-0040_P2,115,115
sub-0040_P2,116,116
sub-0040_P2,117,117
sub-0040_P2,118,118
sub-0040_P2,119,119
sub-0040_P2,120,120
sub-0040_P2,121,121
sub-0040_P2,122,122
sub-0040_P2,123,123
sub-0040_P2,124,124
sub-0040_P2,125,125
sub-0040_P2,126,126
sub-0040_P2,127,127
sub-0040_P2,128,128
sub-0040_P2,129,129
sub-0040_P2,130,130
sub-0040_P2,131,131
sub-0040_P2,132,132
sub-0040_P2,133,133
sub-0040_P2,134,134
sub-0040_P2,135,163
sub-0040_P2,136,136
sub-0040_P2,137,137
sub-0040_P2,138,138
sub-0040_P2,139,139
sub-0040_P2,140,140
sub-0040_P2,141,141
sub-0040_P2,142,142
sub-0040_P2,143,143
sub-0040_P2,144,144
sub-0040_P2,145,145
sub-0040_P2,146,146
sub-0040_P2,147,147
sub-0040_P2,148,148
sub-0040_P2,149,149
sub-0040_P2,150,150
sub-0040_P2,151,151
sub-0040_P2,152,152
sub-0040_P2,153,153
sub-0040_P2,154,154
sub-0040_P2,155,155
sub-0040_P2,156,156
sub-0040_P2,157,157
sub-0040_P2,158,158
sub-0040_P2,159,159
sub-0040_P2,160,160
sub-0040_P2,161,161
sub-0040_P2,162,162
sub-0040_P2,163,163
sub-0040_P2,164,164
sub-0040_P2,165,165
sub-0040_P2,166,166
sub-0040_P2,167,167
sub-0040_P2,168,168
sub-0040_P2,169,169
sub-0040_P2,170,170
sub-0040_P2,171,171
sub-0040_P2,172,172
sub-0040_P2,173,173
sub-0040_P2,174,174
sub-0040_P2,175,175
sub-0040_P2,176,176
sub-0040_P2,177,177
sub-0040_P2,178,178
sub-0040_P2,179,179
sub-0040_P2,180,180
sub-0040_P2,181,181
sub-0040_P2,182,182
sub-0040_P2,183,183
sub-0040_P2,184,184
sub-0040_P2,185,185
sub-0040_P2,186,186
sub-0040_P2,187,187
sub-0040_P2,188,188
sub-0040_P2,189,189
sub-0040_P2,190,190
sub-0040_P2,191,191
sub-0040_P2,192,192
sub-0040_P2,193,193
sub-0040_P2,194,194
sub-0040_P2,195,195
sub-0040_P2,196,196
sub-0040_P2,197,197
sub-0040_P2,198,201
sub-0040_P2,199,199
sub-0040_P2,200,200
sub-0040_P2,201,201
sub-0040_P2,202,202
sub-0040_P2,203,203
sub-0040_P2,204,204
sub-0040_P2,205,205
sub-0040_P2,206,206
sub-0040_P2,207,207
sub-0040_P2,208,208
sub-0040_P2,209,209
sub-0040_P2,210,217
sub-0040_P2,211,211
sub-0040_P2,212,212
sub-0040_P2,213,213
sub-0040_P2,214,214
sub-0040_P2,215,215
sub-0040_P2,216,216
sub-0040_P2,217,217
sub-0040_P2,218,218
sub-0040_P2,219,219
sub-0040_P2,220,220
sub-0040_P2,221,221
sub-0040_P2,222,222
sub-0040_P2,223,223
sub-0040_P2,224,224
sub-0040_P2,225,225
sub-0040_P2,226,211
sub-0040_P2,227,227
sub-0040_P2,228,228
sub-0040_P2,229,229
sub-0040_P2,230,230
sub-0040_P2,231,231
sub-0041_P2,0,0
sub-0041_P2,1,1
sub-0041_P2,2,2
sub-0041_P2,3,3
sub-0041_P2,4,4
sub-0041_P2,5,5
sub-0041_P2,6,6
sub-0041_P2,7,7
sub-0041_P2,8,8
sub-0041_P2,9,9
sub-0041_P2,10,10
sub-0041_P2,11,11
sub-0041_P2,12,12
sub-0041_P2,13,13
sub-0041_P2,14,14
sub-0041_P2,15,15
sub-0041_P2,16,16
sub-0041_P2,17,17
sub-0041_P2,18,18
sub-0041_P2,19,19
sub-0041_P2,20,20
sub-0041_P2,21,21
sub-0041_P2,22,22
sub-0041_P2,23,23
sub-0041_P2,24,124
sub-0041_P2,25,25
sub-0041_P2,26,26
sub-0041_P2,27,27
sub-0041_P2,28,28
sub-0041_P2,29,29
sub-0041_P2,30,30
sub-0041_P2,31,31
sub-0041_P2,32,32
sub-0041_P2,33,33
sub-0041_P2,34,34
sub-0041_P2,35,35
sub-0041_P2,36,36
sub-0041_P2,37,37
sub-0041_P2,38,38
sub-0041_P2,39,39
sub-0041_P2,40,40
sub-0041_P2,41,41
sub-0041_P2,42,42
sub-0041_P2,43,114
sub-0041_P2,44,44
sub-0041_P2,45,8
sub-0041_P2,46,46
sub-0041_P2,47,47
sub-0041_P2,48,48
sub-0041_P2,49,49
sub-0041_P2,50,50
sub-0041_P2,51,51
sub-0041_P2,52,52
sub-0041_P2,53,53
sub-0041_P2,54,54
sub-0041_P2,55,55
sub-0041_P2,56,56
sub-0041_P2,57,57
sub-0041_P2,58,58
sub-0041_P2,59,59
sub-0041_P2,60,60
sub-0041_P2,61,61
sub-0041_P2,62,62
sub-0041_P2,63,63
sub-0041_P2,64,64
sub-0041_P2,65,65
sub-0041_P2,66,66
sub-0041_P2,67,67
sub-0041_P2,68,68
sub-0041_P2,69,69
sub-0041_P2,70,70
sub-0041_P2,71,71
sub-0041_P2,72,72
sub-0041_P2,73,73
sub-0041_P2,74,74
sub-0041_P2,75,75
sub-0041_P2,76,76
sub-0041_P2,77,77
sub-0041_P2,78,78
sub-0041_P2,79,79
sub-0041_P2,80,177
sub-0041_P2,81,81
sub-0041_P2,82,82
sub-0041_P2,83,83
sub-0041_P2,84,84
sub-0041_P2,85,85
sub-0041_P2,86,86
sub-0041_P2,87,87
sub-0041_P2,88,88
sub-0041_P2,89,89
sub-0041_P2,90,90
sub-0041_P2,91,91
sub-0041_P2,92,92
sub-0041_P2,93,93
sub-0041_P2,94,94
sub-0041_P2,95,95
sub-0041_P2,96,96
sub-0041_P2,97,97
sub-0041_P2,98,98
sub-0041_P2,99,169
sub-0041_P2,100,101
sub-0041_P2,101,101
sub-0041_P2,102,102
sub-0041_P2,103,103
sub-0041_P2,104,104
sub-0041_P2,105,105
sub-0041_P2,106,106
sub-0041_P2,107,107
sub-0041_P2,108,108
sub-0041_P2,109,109
sub-0041_P2,110,110
sub-0041_P2,111,111
sub-0041_P2,112,137
sub-0041_P2,113,113
sub-0041_P2,114,114
sub-0041_P2,115,115
sub-0041_P2,116,116
sub-0041_P2,117,117
sub-0041_P2,118,118
sub-0041_P2,119,119
sub-0041_P2,120,120
sub-0041_P2,121,121
sub-0041_P2,122,122
sub-0041_P2,123,123
sub-0041_P2,124,124
sub-0041_P2,125,125
sub-0041_P2,126,126
sub-0041_P2,127,127
sub-0041_P2,128,128
sub-0041_P2,129,129
sub-0041_P2,130,130
sub-0041_P2,131,131
sub-0041_P2,132,132
sub-0041_P2,133,133
sub-0041_P2,134,134
sub-0041_P2,135,135
sub-0041_P2,136,136
sub-0041_P2,137,137
sub-0041_P2,138,138
sub-0041_P2,139,139
sub-0041_P2,140,8
sub-0041_P2,141,141
sub-0041_P2,142,142
sub-0041_P2,143,143
sub-0041_P2,144,144
sub-0041_P2,145,145
sub-0041_P2,146,146
sub-0041_P2,147,12
sub-0041_P2,148,148
sub-0041_P2,149,149
sub-0041_P2,150,150
sub-0041_P2,151,151
sub-0041_P2,152,152
sub-0041_P2,153,153
sub-0041_P2,154,154
sub-0041_P2,155,155
sub-0041_P2,156,156
sub-0041_P2,157,157
sub-0041_P2,158,158
sub-0041_P2,159,159
sub-0041_P2,160,160
sub-0041_P2,161,161
sub-0041_P2,162,162
sub-0041_P2,163,163
sub-0041_P2,164,164
sub-0041_P2,165,165
sub-0041_P2,166,166
sub-0041_P2,167,167
sub-0041_P2,168,168
sub-0041_P2,169,169
sub-0041_P2,170,170
sub-0041_P2,171,171
sub-0041_P2,172,172
sub-0041_P2,173,173
sub-0041_P2,174,152
sub-0041_P2,175,175
sub-0041_P2,176,198
sub-0041_P2,177,177
sub-0041_P2,178,178
sub-0041_P2,179,179
sub-0041_P2,180,180
sub-0041_P2,181,181
sub-0041_P2,182,182
sub-0041_P2,183,183
sub-0041_P2,184,184
sub-0041_P2,185,185
sub-0041_P2,186,186
sub-0041_P2,187,187
sub-0041_P2,188,188
sub-0041_P2,189,189
sub-0041_P2,190,190
sub-0041_P2,191,191
sub-0041_P2,192,192
sub-0041_P2,193,193
sub-0041_P2,194,194
sub-0041_P2,195,195
sub-0041_P2,196,196
sub-0041_P2,197,197
sub-0041_P2,198,199
sub-0041_P2,199,199
sub-0041_P2,200,200
sub-0041_P2,201,55
sub-0041_P2,202,202
sub-0041_P2,203,203
sub-0041_P2,204,204
sub-0041_P2,205,205
sub-0041_P2,206,206
sub-0041_P2,207,207
sub-0041_P2,208,225
sub-0041_P2,209,209
sub-0041_P2,210,211
sub-0041_P2,211,226
sub-0041_P2,212,212
sub-0041_P2,213,213
sub-0041_P2,214,214
sub-0041_P2,215,215
sub-0041_P2,216,216
sub-0041_P2,217,217
sub-0041_P2,218,218
sub-0041_P2,219,219
sub-0041_P2,220,220
sub-0041_P2,221,221
sub-0041_P2,222,222
sub-0041_P2,223,223
sub-0041_P2,224,224
sub-0041_P2,225,225
sub-0041_P2,226,226
sub-0041_P2,227,227
sub-0041_P2,228,228
sub-0041_P2,229,229
sub-0041_P2,230,230
sub-0041_P2,231,231
sub-0042_P2,0,0
sub-0042_P2,1,1
sub-0042_P2,2,2
sub-0042_P2,3,3
sub-0042_P2,4,4
sub-0042_P2,5,5
sub-0042_P2,6,6
sub-0042_P2,7,7
sub-0042_P2,8,8
sub-0042_P2,9,9
sub-0042_P2,10,10
sub-0042_P2,11,11
sub-0042_P2,12,12
sub-0042_P2,13,13
sub-0042_P2,14,14
sub-0042_P2,15,15
sub-0042_P2,16,16
sub-0042_P2,17,17
sub-0042_P2,18,18
sub-0042_P2,19,19
sub-0042_P2,20,20
sub-0042_P2,21,125
sub-0042_P2,22,22
sub-0042_P2,23,23
sub-0042_P2,24,24
sub-0042_P2,25,25
sub-0042_P2,26,26
sub-0042_P2,27,221
sub-0042_P2,28,28
sub-0042_P2,29,29
sub-0042_P2,30,30
sub-0042_P2,31,67
sub-0042_P2,32,32
sub-0042_P2,33,33
sub-0042_P2,34,34
sub-0042_P2,35,35
sub-0042_P2,36,36
sub-0042_P2,37,37
sub-0042_P2,38,38
sub-0042_P2,39,39
sub-0042_P2,40,40
sub-0042_P2,41,41
sub-0042_P2,42,42
sub-0042_P2,43,43
sub-0042_P2,44,44
sub-0042_P2,45,45
sub-0042_P2,46,46
sub-0042_P2,47,47
sub-0042_P2,48,48
sub-0042_P2,49,49
sub-0042_P2,50,50
sub-0042_P2,51,51
sub-0042_P2,52,187
sub-0042_P2,53,53
sub-0042_P2,54,54
sub-0042_P2,55,55
sub-0042_P2,56,56
sub-0042_P2,57,164
sub-0042_P2,58,58
sub-0042_P2,59,59
sub-0042_P2,60,60
sub-0042_P2,61,61
sub-0042_P2,62,62
sub-0042_P2,63,63
sub-0042_P2,64,64
sub-0042_P2,65,65
sub-0042_P2,66,66
sub-0042_P2,67,67
sub-0042_P2,68,68
sub-0042_P2,69,69
sub-0042_P2,70,70
sub-0042_P2,71,71
sub-0042_P2,72,72
sub-0042_P2,73,73
sub-0042_P2,74,74
sub-0042_P2,75,75
sub-0042_P2,76,76
sub-0042_P2,77,77
sub-0042_P2,78,78
sub-0042_P2,79,79
sub-0042_P2,80,80
sub-0042_P2,81,81
sub-0042_P2,82,82
sub-0042_P2,83,83
sub-0042_P2,84,84
sub-0042_P2,85,85
sub-0042_P2,86,86
sub-0042_P2,87,87
sub-0042_P2,88,88
sub-0042_P2,89,89
sub-0042_P2,90,90
sub-0042_P2,91,91
sub-0042_P2,92,92
sub-0042_P2,93,93
sub-0042_P2,94,94
sub-0042_P2,95,95
sub-0042_P2,96,96
sub-0042_P2,97,97
sub-0042_P2,98,61
sub-0042_P2,99,99
sub-0042_P2,100,100
sub-0042_P2,101,101
sub-0042_P2,102,102
sub-0042_P2,103,103
sub-0042_P2,104,104
sub-0042_P2,105,105
sub-0042_P2,106,106
sub-0042_P2,107,107
sub-0042_P2,108,108
sub-0042_P2,109,109
sub-0042_P2,110,110
sub-0042_P2,111,111
sub-0042_P2,112,112
sub-0042_P2,113,113
sub-0042_P2,114,114
sub-0042_P2,115,115
sub-0042_P2,116,116
sub-0042_P2,117,117
sub-0042_P2,118,118
sub-0042_P2,119,119
sub-0042_P2,120,120
sub-0042_P2,121,121
sub-0042_P2,122,125
sub-0042_P2,123,123
sub-0042_P2,124,20
sub-0042_P2,125,125
sub-0042_P2,126,126
sub-0042_P2,127,127
sub-0042_P2,128,128
sub-0042_P2,129,129
sub-0042_P2,130,130
sub-0042_P2,131,131
sub-0042_P2,132,101
sub-0042_P2,133,133
sub-0042_P2,134,134
sub-0042_P2,135,31
sub-0042_P2,136,136
sub-0042_P2,137,137
sub-0042_P2,138,138
sub-0042_P2,139,139
sub-0042_P2,140,140
sub-0042_P2,141,141
sub-0042_P2,142,171
sub-0042_P2,143,143
sub-0042_P2,144,144
sub-0042_P2,145,145
sub-0042_P2,146,146
sub-0042_P2,147,147
sub-0042_P2,148,148
sub-0042_P2,149,149
sub-0042_P2,150,150
sub-0042_P2,151,151
sub-0042_P2,152,174
sub-0042_P2,153,153
sub-0042_P2,154,154
sub-0042_P2,155,155
sub-0042_P2,156,156
sub-0042_P2,157,54
sub-0042_P2,158,158
sub-0042_P2,159,159
sub-0042_P2,160,160
sub-0042_P2,161,161
sub-0042_P2,162,162
sub-0042_P2,163,163
sub-0042_P2,164,164
sub-0042_P2,165,165
sub-0042_P2,166,166
sub-0042_P2,167,167
sub-0042_P2,168,168
sub-0042_P2,169,169
sub-0042_P2,170,170
sub-0042_P2,171,171
sub-0042_P2,172,172
sub-0042_P2,173,173
sub-0042_P2,174,174
sub-0042_P2,175,175
sub-0042_P2,176,176
sub-0042_P2,177,177
sub-0042_P2,178,178
sub-0042_P2,179,179
sub-0042_P2,180,180
sub-0042_P2,181,181
sub-0042_P2,182,182
sub-0042_P2,183,183
sub-0042_P2,184,184
sub-0042_P2,185,185
sub-0042_P2,186,186
sub-0042_P2,187,187
sub-0042_P2,188,188
sub-0042_P2,189,189
sub-0042_P2,190,190
sub-0042_P2,191,191
sub-0042_P2,192,192
sub-0042_P2,193,193
sub-0042_P2,194,194
sub-0042_P2,195,195
sub-0042_P2,196,196
sub-0042_P2,197,197
sub-0042_P2,198,198
sub-0042_P2,199,199
sub-0042_P2,200,200
sub-0042_P2,201,169
sub-0042_P2,202,203
sub-0042_P2,203,203
sub-0042_P2,204,168
sub-0042_P2,205,210
sub-0042_P2,206,206
sub-0042_P2,207,207
sub-0042_P2,208,208
sub-0042_P2,209,209
sub-0042_P2,210,210
sub-0042_P2,211,209
sub-0042_P2,212,212
sub-0042_P2,213,211
sub-0042_P2,214,214
sub-0042_P2,215,215
sub-0042_P2,216,216
sub-0042_P2,217,217
sub-0042_P2,218,218
sub-0042_P2,219,219
sub-0042_P2,220,220
sub-0042_P2,221,221
sub-0042_P2,222,222
sub-0042_P2,223,223
sub-0042_P2,224,224
sub-0042_P2,225,187
sub-0042_P2,226,226
sub-0042_P2,227,227
sub-0042_P2,228,228
sub-0042_P2,229,48
sub-0042_P2,230,230
sub-0042_P2,231,231
sub-0043_P2,0,0
sub-0043_P2,1,1
sub-0043_P2,2,2
sub-0043_P2,3,3
sub-0043_P2,4,4
sub-0043_P2,5,5
sub-0043_P2,6,6
sub-0043_P2,7,7
sub-0043_P2,8,8
sub-0043_P2,9,9
sub-0043_P2,10,10
sub-0043_P2,11,11
sub-0043_P2,12,12
sub-0043_P2,13,200
sub-0043_P2,14,14
sub-0043_P2,15,15
sub-0043_P2,16,16
sub-0043_P2,17,17
sub-0043_P2,18,18
sub-0043_P2,19,19
sub-0043_P2,20,20
sub-0043_P2,21,21
sub-0043_P2,22,22
sub-0043_P2,23,23
sub-0043_P2,24,24
sub-0043_P2,25,25
sub-0043_P2,26,26
sub-0043_P2,27,27
sub-0043_P2,28,28
sub-0043_P2,29,29
sub-0043_P2,30,30
sub-0043_P2,31,31
sub-0043_P2,32,32
sub-0043_P2,33,33
sub-0043_P2,34,34
sub-0043_P2,35,35
sub-0043_P2,36,36
sub-0043_P2,37,37
sub-0043_P2,38,38
sub-0043_P2,39,39
sub-0043_P2,40,211
sub-0043_P2,41,41
sub-0043_P2,42,168
sub-0043_P2,43,225
sub-0043_P2,44,44
sub-0043_P2,45,45
sub-0043_P2,46,46
sub-0043_P2,47,47
sub-0043_P2,48,48
sub-0043_P2,49,49
sub-0043_P2,50,50
sub-0043_P2,51,51
sub-0043_P2,52,52
sub-0043_P2,53,53
sub-0043_P2,54,54
sub-0043_P2,55,55
sub-0043_P2,56,56
sub-0043_P2,57,132
sub-0043_P2,58,58
sub-0043_P2,59,59
sub-0043_P2,60,47
sub-0043_P2,61,61
sub-0043_P2,62,62
sub-0043_P2,63,63
sub-0043_P2,64,28
sub-0043_P2,65,65
sub-0043_P2,66,66
sub-0043_P2,67,67
sub-0043_P2,68,68
sub-0043_P2,69,69
sub-0043_P2,70,70
sub-0043_P2,71,71
sub-0043_P2,72,72
sub-0043_P2,73,73
sub-0043_P2,74,74
sub-0043_P2,75,75
sub-0043_P2,76,76
sub-0043_P2,77,77
sub-0043_P2,78,78
sub-0043_P2,79,79
sub-0043_P2,80,80
sub-0043_P2,81,81
sub-0043_P2,82,82
sub-0043_P2,83,198
sub-0043_P2,84,84
sub-0043_P2,85,85
sub-0043_P2,86,86
sub-0043_P2,87,87
sub-0043_P2,88,88
sub-0043_P2,89,89
sub-0043_P2,90,90
sub-0043_P2,91,91
sub-0043_P2,92,187
sub-0043_P2,93,93
sub-0043_P2,94,94
sub-0043_P2,95,95
sub-0043_P2,96,96
sub-0043_P2,97,97
sub-0043_P2,98,98
sub-0043_P2,99,99
sub-0043_P2,100,100
sub-0043_P2,101,101
sub-0043_P2,102,102
sub-0043_P2,103,103
sub-0043_P2,104,104
sub-0043_P2,105,105
sub-0043_P2,106,106
sub-0043_P2,107,107
sub-0043_P2,108,108
sub-0043_P2,109,109
sub-0043_P2,110,110
sub-0043_P2,111,111
sub-0043_P2,112,112
sub-0043_P2,113,113
sub-0043_P2,114,114
sub-0043_P2,115,115
sub-0043_P2,116,116
sub-0043_P2,117,117
sub-0043_P2,118,118
sub-0043_P2,119,119
sub-0043_P2,120,120
sub-0043_P2,121,121
sub-0043_P2,122,122
sub-0043_P2,123,123
sub-0043_P2,124,124
sub-0043_P2,125,125
sub-0043_P2,126,22
sub-0043_P2,127,127
sub-0043_P2,128,128
sub-0043_P2,129,129
sub-0043_P2,130,130
sub-0043_P2,131,131
sub-0043_P2,132,132
sub-0043_P2,133,166
sub-0043_P2,134,134
sub-0043_P2,135,135
sub-0043_P2,136,136
sub-0043_P2,137,137
sub-0043_P2,138,138
sub-0043_P2,139,139
sub-0043_P2,140,140
sub-0043_P2,141,141
sub-0043_P2,142,142
sub-0043_P2,143,143
sub-0043_P2,144,144
sub-0043_P2,145,145
sub-0043_P2,146,146
sub-0043_P2,147,147
sub-0043_P2,148,148
sub-0043_P2,149,211
sub-0043_P2,150,150
sub-0043_P2,151,151
sub-0043_P2,152,152
sub-0043_P2,153,153
sub-0043_P2,154,154
sub-0043_P2,155,155
sub-0043_P2,156,156
sub-0043_P2,157,157
sub-0043_P2,158,158
sub-0043_P2,159,184
sub-0043_P2,160,160
sub-0043_P2,161,161
sub-0043_P2,162,200
sub-0043_P2,163,163
sub-0043_P2,164,164
sub-0043_P2,165,165
sub-0043_P2,166,166
sub-0043_P2,167,167
sub-0043_P2,168,168
sub-0043_P2,169,169
sub-0043_P2,170,170
sub-0043_P2,171,171
sub-0043_P2,172,172
sub-0043_P2,173,153
sub-0043_P2,174,174
sub-0043_P2,175,175
sub-0043_P2,176,176
sub-0043_P2,177,177
sub-0043_P2,178,178
sub-0043_P2,179,179
sub-0043_P2,180,180
sub-0043_P2,181,181
sub-0043_P2,182,182
sub-0043_P2,183,183
sub-0043_P2,184,184
sub-0043_P2,185,185
sub-0043_P2,186,186
sub-0043_P2,187,143
sub-0043_P2,188,188
sub-0043_P2,189,189
sub-0043_P2,190,190
sub-0043_P2,191,191
sub-0043_P2,192,192
sub-0043_P2,193,193
sub-0043_P2,194,194
sub-0043_P2,195,195
sub-0043_P2,196,196
sub-0043_P2,197,197
sub-0043_P2,198,198
sub-0043_P2,199,199
sub-0043_P2,200,200
sub-0043_P2,201,201
sub-0043_P2,202,219
sub-0043_P2,203,203
sub-0043_P2,204,204
sub-0043_P2,205,205
sub-0043_P2,206,206
sub-0043_P2,207,207
sub-0043_P2,208,208
sub-0043_P2,209,209
sub-0043_P2,210,211
sub-0043_P2,211,227
sub-0043_P2,212,212
sub-0043_P2,213,213
sub-0043_P2,214,214
sub-0043_P2,215,215
sub-0043_P2,216,216
sub-0043_P2,217,217
sub-0043_P2,218,218
sub-0043_P2,219,219
sub-0043_P2,220,55
sub-0043_P2,221,221
sub-0043_P2,222,222
sub-0043_P2,223,223
sub-0043_P2,224,224
sub-0043_P2,225,225
sub-0043_P2,226,226
sub-0043_P2,227,227
sub-0043_P2,228,228
sub-0043_P2,229,229
sub-0043_P2,230,230
sub-0043_P2,231,231
sub-0044_P2,0,0
sub-0044_P2,1,1
sub-0044_P2,2,2
sub-0044_P2,3,3
sub-0044_P2,4,4
sub-0044_P2,5,5
sub-0044_P2,6,6
sub-0044_P2,7,7
sub-0044_P2,8,8
sub-0044_P2,9,9
sub-0044_P2,10,10
sub-0044_P2,11,11
sub-0044_P2,12,12
sub-0044_P2,13,13
sub-0044_P2,14,14
sub-0044_P2,15,15
sub-0044_P2,16,16
sub-0044_P2,17,17
sub-0044_P2,18,18
sub-0044_P2,19,19
sub-0044_P2,20,20
sub-0044_P2,21,21
sub-0044_P2,22,22
sub-0044_P2,23,23
sub-0044_P2,24,24
sub-0044_P2,25,25
sub-0044_P2,26,26
sub-0044_P2,27,27
sub-0044_P2,28,28
sub-0044_P2,29,29
sub-0044_P2,30,30
sub-0044_P2,31,31
sub-0044_P2,32,32
sub-0044_P2,33,33
sub-0044_P2,34,34
sub-0044_P2,35,35
sub-0044_P2,36,119
sub-0044_P2,37,37
sub-0044_P2,38,38
sub-0044_P2,39,39
sub-0044_P2,40,40
sub-0044_P2,41,41
sub-0044_P2,42,42
sub-0044_P2,43,43
sub-0044_P2,44,44
sub-0044_P2,45,45
sub-0044_P2,46,46
sub-0044_P2,47,47
sub-0044_P2,48,48
sub-0044_P2,49,49
sub-0044_P2,50,50
sub-0044_P2,51,51
sub-0044_P2,52,52
sub-0044_P2,53,53
sub-0044_P2,54,54
sub-0044_P2,55,153
sub-0044_P2,56,171
sub-0044_P2,57,57
sub-0044_P2,58,58
sub-0044_P2,59,59
sub-0044_P2,60,60
sub-0044_P2,61,61
sub-0044_P2,62,62
sub-0044_P2,63,63
sub-0044_P2,64,64
sub-0044_P2,65,169
sub-0044_P2,66,66
sub-0044_P2,67,67
sub-0044_P2,68,68
sub-0044_P2,69,69
sub-0044_P2,70,70
sub-0044_P2,71,71
sub-0044_P2,72,72
sub-0044_P2,73,73
sub-0044_P2,74,74
sub-0044_P2,75,75
sub-0044_P2,76,76
sub-0044_P2,77,77
sub-0044_P2,78,78
sub-0044_P2,79,79
sub-0044_P2,80,80
sub-0044_P2,81,81
sub-0044_P2,82,82
sub-0044_P2,83,83
sub-0044_P2,84,84
sub-0044_P2,85,85
sub-0044_P2,86,86
sub-0044_P2,87,87
sub-0044_P2,88,88
sub-0044_P2,89,89
sub-0044_P2,90,90
sub-0044_P2,91,91
sub-0044_P2,92,63
sub-0044_P2,93,93
sub-0044_P2,94,94
sub-0044_P2,95,95
sub-0044_P2,96,96
sub-0044_P2,97,217
sub-0044_P2,98,98
sub-0044_P2,99,99
sub-0044_P2,100,100
sub-0044_P2,101,101
sub-0044_P2,102,102
sub-0044_P2,103,103
sub-0044_P2,104,104
sub-0044_P2,105,105
sub-0044_P2,106,106
sub-0044_P2,107,107
sub-0044_P2,108,108
sub-0044_P2,109,109
sub-0044_P2,110,110
sub-0044_P2,111,111
sub-0044_P2,112,112
sub-0044_P2,113,113
sub-0044_P2,114,121
sub-0044_P2,115,115
sub-0044_P2,116,116
sub-0044_P2,117,117
sub-0044_P2,118,118
sub-0044_P2,119,119
sub-0044_P2,120,120
sub-0044_P2,121,121
sub-0044_P2,122,122
sub-0044_P2,123,123
sub-0044_P2,124,124
sub-0044_P2,125,125
sub-0044_P2,126,126
sub-0044_P2,127,127
sub-0044_P2,128,128
sub-0044_P2,129,129
sub-0044_P2,130,130
sub-0044_P2,131,131
sub-0044_P2,132,132
sub-0044_P2,133,133
sub-0044_P2,134,134
sub-0044_P2,135,135
sub-0044_P2,136,136
sub-0044_P2,137,137
sub-0044_P2,138,138
sub-0044_P2,139,139
sub-0044_P2,140,140
sub-0044_P2,141,141
sub-0044_P2,142,130
sub-0044_P2,143,143
sub-0044_P2,144,144
sub-0044_P2,145,145
sub-0044_P2,146,146
sub-0044_P2,147,30
sub-0044_P2,148,148
sub-0044_P2,149,149
sub-0044_P2,150,150
sub-0044_P2,151,151
sub-0044_P2,152,152
sub-0044_P2,153,153
sub-0044_P2,154,154
sub-0044_P2,155,155
sub-0044_P2,156,156
sub-0044_P2,157,157
sub-0044_P2,158,158
sub-0044_P2,159,159
sub-0044_P2,160,160
sub-0044_P2,161,161
sub-0044_P2,162,162
sub-0044_P2,163,163
sub-0044_P2,164,164
sub-0044_P2,165,165
sub-0044_P2,166,166
sub-0044_P2,167,167
sub-0044_P2,168,168
sub-0044_P2,169,169
sub-0044_P2,170,174
sub-0044_P2,171,171
sub-0044_P2,172,172
sub-0044_P2,173,173
sub-0044_P2,174,174
sub-0044_P2,175,175
sub-0044_P2,176,176
sub-0044_P2,177,177
sub-0044_P2,178,178
sub-0044_P2,179,179
sub-0044_P2,180,180
sub-0044_P2,181,181
sub-0044_P2,182,182
sub-0044_P2,183,183
sub-0044_P2,184,184
sub-0044_P2,185,185
sub-0044_P2,186,186
sub-0044_P2,187,187
sub-0044_P2,188,188
sub-0044_P2,189,189
sub-0044_P2,190,190
sub-0044_P2,191,191
sub-0044_P2,192,192
sub-0044_P2,193,193
sub-0044_P2,194,194
sub-0044_P2,195,195
sub-0044_P2,196,196
sub-0044_P2,197,197
sub-0044_P2,198,198
sub-0044_P2,199,199
sub-0044_P2,200,200
sub-0044_P2,201,201
sub-0044_P2,202,202
sub-0044_P2,203,203
sub-0044_P2,204,204
sub-0044_P2,205,205
sub-0044_P2,206,206
sub-0044_P2,207,207
sub-0044_P2,208,208
sub-0044_P2,209,209
sub-0044_P2,210,224
sub-0044_P2,211,211
sub-0044_P2,212,212
sub-0044_P2,213,213
sub-0044_P2,214,214
sub-0044_P2,215,230
sub-0044_P2,216,216
sub-0044_P2,217,210
sub-0044_P2,218,218
sub-0044_P2,219,218
sub-0044_P2,220,53
sub-0044_P2,221,221
sub-0044_P2,222,222
sub-0044_P2,223,207
sub-0044_P2,224,208
sub-0044_P2,225,211
sub-0044_P2,226,227
sub-0044_P2,227,227
sub-0044_P2,228,228
sub-0044_P2,229,229
sub-0044_P2,230,230
sub-0044_P2,231,231
sub-0045_P2,0,0
sub-0045_P2,1,1
sub-0045_P2,2,2
sub-0045_P2,3,3
sub-0045_P2,4,4
sub-0045_P2,5,5
sub-0045_P2,6,6
sub-0045_P2,7,7
sub-0045_P2,8,8
sub-0045_P2,9,9
sub-0045_P2,10,10
sub-0045_P2,11,11
sub-0045_P2,12,12
sub-0045_P2,13,13
sub-0045_P2,14,14
sub-0045_P2,15,15
sub-0045_P2,16,16
sub-0045_P2,17,17
sub-0045_P2,18,18
sub-0045_P2,19,19
sub-0045_P2,20,20
sub-0045_P2,21,21
sub-0045_P2,22,22
sub-0045_P2,23,23
sub-0045_P2,24,24
sub-0045_P2,25,25
sub-0045_P2,26,26
sub-0045_P2,27,27
sub-0045_P2,28,28
sub-0045_P2,29,29
sub-0045_P2,30,30
sub-0045_P2,31,31
sub-0045_P2,32,32
sub-0045_P2,33,33
sub-0045_P2,34,34
sub-0045_P2,35,35
sub-0045_P2,36,36
sub-0045_P2,37,37
sub-0045_P2,38,38
sub-0045_P2,39,39
sub-0045_P2,40,40
sub-0045_P2,41,41
sub-0045_P2,42,42
sub-0045_P2,43,43
sub-0045_P2,44,44
sub-0045_P2,45,45
sub-0045_P2,46,46
sub-0045_P2,47,47
sub-0045_P2,48,48
sub-0045_P2,49,49
sub-0045_P2,50,50
sub-0045_P2,51,51
sub-0045_P2,52,52
sub-0045_P2,53,53
sub-0045_P2,54,54
sub-0045_P2,55,227
sub-0045_P2,56,56
sub-0045_P2,57,57
sub-0045_P2,58,58
sub-0045_P2,59,59
sub-0045_P2,60,91
sub-0045_P2,61,61
sub-0045_P2,62,62
sub-0045_P2,63,63
sub-0045_P2,64,64
sub-0045_P2,65,65
sub-0045_P2,66,219
sub-0045_P2,67,67
sub-0045_P2,68,68
sub-0045_P2,69,69
sub-0045_P2,70,70
sub-0045_P2,71,71
sub-0045_P2,72,72
sub-0045_P2,73,73
sub-0045_P2,74,74
sub-0045_P2,75,75
sub-0045_P2,76,76
sub-0045_P2,77,77
sub-0045_P2,78,78
sub-0045_P2,79,79
sub-0045_P2,80,80
sub-0045_P2,81,81
sub-0045_P2,82,82
sub-0045_P2,83,83
sub-0045_P2,84,84
sub-0045_P2,85,85
sub-0045_P2,86,86
sub-0045_P2,87,87
sub-0045_P2,88,88
sub-0045_P2,89,89
sub-0045_P2,90,90
sub-0045_P2,91,91
sub-0045_P2,92,92
sub-0045_P2,93,93
sub-0045_P2,94,94
sub-0045_P2,95,95
sub-0045_P2,96,96
sub-0045_P2,97,97
sub-0045_P2,98,98
sub-0045_P2,99,99
sub-0045_P2,100,100
sub-0045_P2,101,101
sub-0045_P2,102,102
sub-0045_P2,103,103
sub-0045_P2,104,104
sub-0045_P2,105,105
sub-0045_P2,106,106
sub-0045_P2,107,107
sub-0045_P2,108,108
sub-0045_P2,109,109
sub-0045_P2,110,110
sub-0045_P2,111,111
sub-0045_P2,112,112
sub-0045_P2,113,113
sub-0045_P2,114,114
sub-0045_P2,115,115
sub-0045_P2,116,116
sub-0045_P2,117,117
sub-0045_P2,118,118
sub-0045_P2,119,119
sub-0045_P2,120,120
sub-0045_P2,121,121
sub-0045_P2,122,122
sub-0045_P2,123,123
sub-0045_P2,124,124
sub-0045_P2,125,125
sub-0045_P2,126,22
sub-0045_P2,127,127
sub-0045_P2,128,128
sub-0045_P2,129,129
sub-0045_P2,130,163
sub-0045_P2,131,131
sub-0045_P2,132,132
sub-0045_P2,133,133
sub-0045_P2,134,134
sub-0045_P2,135,135
sub-0045_P2,136,136
sub-0045_P2,137,202
sub-0045_P2,138,138
sub-0045_P2,139,139
sub-0045_P2,140,140
sub-0045_P2,141,141
sub-0045_P2,142,142
sub-0045_P2,143,143
sub-0045_P2,144,144
sub-0045_P2,145,145
sub-0045_P2,146,146
sub-0045_P2,147,147
sub-0045_P2,148,148
sub-0045_P2,149,149
sub-0045_P2,150,150
sub-0045_P2,151,151
sub-0045_P2,152,152
sub-0045_P2,153,153
sub-0045_P2,154,154
sub-0045_P2,155,155
sub-0045_P2,156,156
sub-0045_P2,157,157
sub-0045_P2,158,158
sub-0045_P2,159,159
sub-0045_P2,160,160
sub-0045_P2,161,0
sub-0045_P2,162,162
sub-0045_P2,163,163
sub-0045_P2,164,164
sub-0045_P2,165,165
sub-0045_P2,166,166
sub-0045_P2,167,167
sub-0045_P2,168,168
sub-0045_P2,169,169
sub-0045_P2,170,170
sub-0045_P2,171,171
sub-0045_P2,172,172
sub-0045_P2,173,173
sub-0045_P2,174,174
sub-0045_P2,175,175
sub-0045_P2,176,176
sub-0045_P2,177,177
sub-0045_P2,178,178
sub-0045_P2,179,179
sub-0045_P2,180,180
sub-0045_P2,181,181
sub-0045_P2,182,182
sub-0045_P2,183,183
sub-0045_P2,184,202
sub-0045_P2,185,185
sub-0045_P2,186,186
sub-0045_P2,187,187
sub-0045_P2,188,188
sub-0045_P2,189,189
sub-0045_P2,190,190
sub-0045_P2,191,191
sub-0045_P2,192,192
sub-0045_P2,193,193
sub-0045_P2,194,194
sub-0045_P2,195,195
sub-0045_P2,196,196
sub-0045_P2,197,197
sub-0045_P2,198,198
sub-0045_P2,199,199
sub-0045_P2,200,200
sub-0045_P2,201,201
sub-0045_P2,202,219
sub-0045_P2,203,203
sub-0045_P2,204,204
sub-0045_P2,205,205
sub-0045_P2,206,206
sub-0045_P2,207,207
sub-0045_P2,208,208
sub-0045_P2,209,209
sub-0045_P2,210,210
sub-0045_P2,211,211
sub-0045_P2,212,212
sub-0045_P2,213,213
sub-0045_P2,214,214
sub-0045_P2,215,215
sub-0045_P2,216,216
sub-0045_P2,217,217
sub-0045_P2,218,218
sub-0045_P2,219,219
sub-0045_P2,220,220
sub-0045_P2,221,221
sub-0045_P2,222,222
sub-0045_P2,223,223
sub-0045_P2,224,162
sub-0045_P2,225,225
sub-0045_P2,226,187
sub-0045_P2,227,227
sub-0045_P2,228,228
sub-0045_P2,229,229
sub-0045_P2,230,230
sub-0045_P2,231,231
sub-0046_P2,0,0
sub-0046_P2,1,1
sub-0046_P2,2,2
sub-0046_P2,3,3
sub-0046_P2,4,4
sub-0046_P2,5,5
sub-0046_P2,6,6
sub-0046_P2,7,7
sub-0046_P2,8,8
sub-0046_P2,9,9
sub-0046_P2,10,10
sub-0046_P2,11,11
sub-0046_P2,12,12
sub-0046_P2,13,13
sub-0046_P2,14,14
sub-0046_P2,15,15
sub-0046_P2,16,16
sub-0046_P2,17,17
sub-0046_P2,18,18
sub-0046_P2,19,19
sub-0046_P2,20,143
sub-0046_P2,21,21
sub-0046_P2,22,22
sub-0046_P2,23,23
sub-0046_P2,24,24
sub-0046_P2,25,25
sub-0046_P2,26,26
sub-0046_P2,27,27
sub-0046_P2,28,28
sub-0046_P2,29,29
sub-0046_P2,30,211
sub-0046_P2,31,31
sub-0046_P2,32,32
sub-0046_P2,33,33
sub-0046_P2,34,58
sub-0046_P2,35,35
sub-0046_P2,36,36
sub-0046_P2,37,37
sub-0046_P2,38,38
sub-0046_P2,39,39
sub-0046_P2,40,40
sub-0046_P2,41,41
sub-0046_P2,42,42
sub-0046_P2,43,43
sub-0046_P2,44,44
sub-0046_P2,45,45
sub-0046_P2,46,46
sub-0046_P2,47,47
sub-0046_P2,48,48
sub-0046_P2,49,49
sub-0046_P2,50,54
sub-0046_P2,51,51
sub-0046_P2,52,52
sub-0046_P2,53,53
sub-0046_P2,54,162
sub-0046_P2,55,55
sub-0046_P2,56,227
sub-0046_P2,57,57
sub-0046_P2,58,58
sub-0046_P2,59,59
sub-0046_P2,60,60
sub-0046_P2,61,61
sub-0046_P2,62,62
sub-0046_P2,63,63
sub-0046_P2,64,64
sub-0046_P2,65,65
sub-0046_P2,66,66
sub-0046_P2,67,67
sub-0046_P2,68,68
sub-0046_P2,69,69
sub-0046_P2,70,70
sub-0046_P2,71,71
sub-0046_P2,72,72
sub-0046_P2,73,73
sub-0046_P2,74,74
sub-0046_P2,75,75
sub-0046_P2,76,76
sub-0046_P2,77,77
sub-0046_P2,78,78
sub-0046_P2,79,79
sub-0046_P2,80,80
sub-0046_P2,81,81
sub-0046_P2,82,82
sub-0046_P2,83,83
sub-0046_P2,84,84
sub-0046_P2,85,85
sub-0046_P2,86,86
sub-0046_P2,87,87
sub-0046_P2,88,88
sub-0046_P2,89,89
sub-0046_P2,90,90
sub-0046_P2,91,91
sub-0046_P2,92,92
sub-0046_P2,93,93
sub-0046_P2,94,94
sub-0046_P2,95,95
sub-0046_P2,96,96
sub-0046_P2,97,97
sub-0046_P2,98,98
sub-0046_P2,99,86
sub-0046_P2,100,100
sub-0046_P2,101,101
sub-0046_P2,102,102
sub-0046_P2,103,103
sub-0046_P2,104,104
sub-0046_P2,105,105
sub-0046_P2,106,106
sub-0046_P2,107,107
sub-0046_P2,108,108
sub-0046_P2,109,109
sub-0046_P2,110,110
sub-0046_P2,111,111
sub-0046_P2,112,112
sub-0046_P2,113,113
sub-0046_P2,114,114
sub-0046_P2,115,115
sub-0046_P2,116,116
sub-0046_P2,117,117
sub-0046_P2,118,118
sub-0046_P2,119,119
sub-0046_P2,120,120
sub-0046_P2,121,121
sub-0046_P2,122,122
sub-0046_P2,123,123
sub-0046_P2,124,124
sub-0046_P2,125,40
sub-0046_P2,126,126
sub-0046_P2,127,127
sub-0046_P2,128,128
sub-0046_P2,129,129
sub-0046_P2,130,130
sub-0046_P2,131,131
sub-0046_P2,132,132
sub-0046_P2,133,133
sub-0046_P2,134,134
sub-0046_P2,135,135
sub-0046_P2,136,136
sub-0046_P2,137,137
sub-0046_P2,138,138
sub-0046_P2,139,139
sub-0046_P2,140,140
sub-0046_P2,141,141
sub-0046_P2,142,113
sub-0046_P2,143,143
sub-0046_P2,144,144
sub-0046_P2,145,145
sub-0046_P2,146,146
sub-0046_P2,147,147
sub-0046_P2,148,148
sub-0046_P2,149,149
sub-0046_P2,150,150
sub-0046_P2,151,151
sub-0046_P2,152,152
sub-0046_P2,153,153
sub-0046_P2,154,154
sub-0046_P2,155,155
sub-0046_P2,156,156
sub-0046_P2,157,157
sub-0046_P2,158,158
sub-0046_P2,159,54
sub-0046_P2,160,160
sub-0046_P2,161,161
sub-0046_P2,162,162
sub-0046_P2,163,163
sub-0046_P2,164,164
sub-0046_P2,165,165
sub-0046_P2,166,166
sub-0046_P2,167,167
sub-0046_P2,168,168
sub-0046_P2,169,169
sub-0046_P2,170,170
sub-0046_P2,171,171
sub-0046_P2,172,172
sub-0046_P2,173,173
sub-0046_P2,174,174
sub-0046_P2,175,175
sub-0046_P2,176,176
sub-0046_P2,177,177
sub-0046_P2,178,178
sub-0046_P2,179,179
sub-0046_P2,180,180
sub-0046_P2,181,181
sub-0046_P2,182,182
sub-0046_P2,183,183
sub-0046_P2,184,184
sub-0046_P2,185,185
sub-0046_P2,186,186
sub-0046_P2,187,187
sub-0046_P2,188,188
sub-0046_P2,189,189
sub-0046_P2,190,190
sub-0046_P2,191,191
sub-0046_P2,192,192
sub-0046_P2,193,193
sub-0046_P2,194,194
sub-0046_P2,195,195
sub-0046_P2,196,196
sub-0046_P2,197,197
sub-0046_P2,198,198
sub-0046_P2,199,199
sub-0046_P2,200,200
sub-0046_P2,201,201
sub-0046_P2,202,202
sub-0046_P2,203,203
sub-0046_P2,204,204
sub-0046_P2,205,205
sub-0046_P2,206,206
sub-0046_P2,207,207
sub-0046_P2,208,208
sub-0046_P2,209,209
sub-0046_P2,210,210
sub-0046_P2,211,211
sub-0046_P2,212,212
sub-0046_P2,213,213
sub-0046_P2,214,214
sub-0046_P2,215,215
sub-0046_P2,216,216
sub-0046_P2,217,217
sub-0046_P2,218,218
sub-0046_P2,219,219
sub-0046_P2,220,202
sub-0046_P2,221,221
sub-0046_P2,222,222
sub-0046_P2,223,223
sub-0046_P2,224,224
sub-0046_P2,225,225
sub-0046_P2,226,205
sub-0046_P2,227,227
sub-0046_P2,228,228
sub-0046_P2,229,229
sub-0046_P2,230,230
sub-0046_P2,231,231
sub-0047_P2,0,0
sub-0047_P2,1,1
sub-0047_P2,2,2
sub-0047_P2,3,3
sub-0047_P2,4,4
sub-0047_P2,5,5
sub-0047_P2,6,6
sub-0047_P2,7,7
sub-0047_P2,8,8
sub-0047_P2,9,9
sub-0047_P2,10,10
sub-0047_P2,11,11
sub-0047_P2,12,12
sub-0047_P2,13,13
sub-0047_P2,14,14
sub-0047_P2,15,15
sub-0047_P2,16,118
sub-0047_P2,17,17
sub-0047_P2,18,18
sub-0047_P2,19,19
sub-0047_P2,20,20
sub-0047_P2,21,21
sub-0047_P2,22,22
sub-0047_P2,23,23
sub-0047_P2,24,24
sub-0047_P2,25,25
sub-0047_P2,26,26
sub-0047_P2,27,27
sub-0047_P2,28,28
sub-0047_P2,29,29
sub-0047_P2,30,30
sub-0047_P2,31,31
sub-0047_P2,32,32
sub-0047_P2,33,33
sub-0047_P2,34,34
sub-0047_P2,35,35
sub-0047_P2,36,36
sub-0047_P2,37,37
sub-0047_P2,38,38
sub-0047_P2,39,39
sub-0047_P2,40,40
sub-0047_P2,41,41
sub-0047_P2,42,42
sub-0047_P2,43,43
sub-0047_P2,44,44
sub-0047_P2,45,45
sub-0047_P2,46,46
sub-0047_P2,47,47
sub-0047_P2,48,48
sub-0047_P2,49,49
sub-0047_P2,50,50
sub-0047_P2,51,51
sub-0047_P2,52,52
sub-0047_P2,53,226
sub-0047_P2,54,54
sub-0047_P2,55,202
sub-0047_P2,56,56
sub-0047_P2,57,57
sub-0047_P2,58,58
sub-0047_P2,59,59
sub-0047_P2,60,60
sub-0047_P2,61,61
sub-0047_P2,62,62
sub-0047_P2,63,63
sub-0047_P2,64,64
sub-0047_P2,65,65
sub-0047_P2,66,66
sub-0047_P2,67,67
sub-0047_P2,68,68
sub-0047_P2,69,69
sub-0047_P2,70,70
sub-0047_P2,71,71
sub-0047_P2,72,72
sub-0047_P2,73,73
sub-0047_P2,74,74
sub-0047_P2,75,75
sub-0047_P2,76,76
sub-0047_P2,77,77
sub-0047_P2,78,78
sub-0047_P2,79,79
sub-0047_P2,80,80
sub-0047_P2,81,81
sub-0047_P2,82,82
sub-0047_P2,83,83
sub-0047_P2,84,84
sub-0047_P2,85,85
sub-0047_P2,86,86
sub-0047_P2,87,87
sub-0047_P2,88,88
sub-0047_P2,89,89
sub-0047_P2,90,157
sub-0047_P2,91,91
sub-0047_P2,92,92
sub-0047_P2,93,93
sub-0047_P2,94,94
sub-0047_P2,95,95
sub-0047_P2,96,96
sub-0047_P2,97,97
sub-0047_P2,98,98
sub-0047_P2,99,99
sub-0047_P2,100,100
sub-0047_P2,101,101
sub-0047_P2,102,102
sub-0047_P2,103,103
sub-0047_P2,104,104
sub-0047_P2,105,105
sub-0047_P2,106,106
sub-0047_P2,107,107
sub-0047_P2,108,108
sub-0047_P2,109,109
sub-0047_P2,110,110
sub-0047_P2,111,111
sub-0047_P2,112,112
sub-0047_P2,113,113
sub-0047_P2,114,114
sub-0047_P2,115,115
sub-0047_P2,116,157
sub-0047_P2,117,117
sub-0047_P2,118,118
sub-0047_P2,119,119
sub-0047_P2,120,121
sub-0047_P2,121,121
sub-0047_P2,122,122
sub-0047_P2,123,123
sub-0047_P2,124,124
sub-0047_P2,125,125
sub-0047_P2,126,126
sub-0047_P2,127,127
sub-0047_P2,128,128
sub-0047_P2,129,129
sub-0047_P2,130,130
sub-0047_P2,131,131
sub-0047_P2,132,132
sub-0047_P2,133,133
sub-0047_P2,134,134
sub-0047_P2,135,135
sub-0047_P2,136,136
sub-0047_P2,137,137
sub-0047_P2,138,138
sub-0047_P2,139,139
sub-0047_P2,140,140
sub-0047_P2,141,141
sub-0047_P2,142,142
sub-0047_P2,143,143
sub-0047_P2,144,125
sub-0047_P2,145,145
sub-0047_P2,146,146
sub-0047_P2,147,147
sub-0047_P2,148,148
sub-0047_P2,149,91
sub-0047_P2,150,150
sub-0047_P2,151,151
sub-0047_P2,152,152
sub-0047_P2,153,153
sub-0047_P2,154,154
sub-0047_P2,155,155
sub-0047_P2,156,79
sub-0047_P2,157,157
sub-0047_P2,158,158
sub-0047_P2,159,159
sub-0047_P2,160,202
sub-0047_P2,161,161
sub-0047_P2,162,162
sub-0047_P2,163,163
sub-0047_P2,164,164
sub-0047_P2,165,165
sub-0047_P2,166,166
sub-0047_P2,167,167
sub-0047_P2,168,168
sub-0047_P2,169,169
sub-0047_P2,170,170
sub-0047_P2,171,169
sub-0047_P2,172,172
sub-0047_P2,173,56
sub-0047_P2,174,174
sub-0047_P2,175,175
sub-0047_P2,176,176
sub-0047_P2,177,177
sub-0047_P2,178,178
sub-0047_P2,179,179
sub-0047_P2,180,180
sub-0047_P2,181,181
sub-0047_P2,182,182
sub-0047_P2,183,183
sub-0047_P2,184,184
sub-0047_P2,185,185
sub-0047_P2,186,208
sub-0047_P2,187,187
sub-0047_P2,188,188
sub-0047_P2,189,189
sub-0047_P2,190,190
sub-0047_P2,191,191
sub-0047_P2,192,192
sub-0047_P2,193,193
sub-0047_P2,194,194
sub-0047_P2,195,195
sub-0047_P2,196,196
sub-0047_P2,197,197
sub-0047_P2,198,198
sub-0047_P2,199,124
sub-0047_P2,200,200
sub-0047_P2,201,201
sub-0047_P2,202,218
sub-0047_P2,203,202
sub-0047_P2,204,169
sub-0047_P2,205,205
sub-0047_P2,206,206
sub-0047_P2,207,207
sub-0047_P2,208,208
sub-0047_P2,209,209
sub-0047_P2,210,211
sub-0047_P2,211,211
sub-0047_P2,212,212
sub-0047_P2,213,213
sub-0047_P2,214,208
sub-0047_P2,215,215
sub-0047_P2,216,216
sub-0047_P2,217,204
sub-0047_P2,218,218
sub-0047_P2,219,219
sub-0047_P2,220,220
sub-0047_P2,221,221
sub-0047_P2,222,222
sub-0047_P2,223,223
sub-0047_P2,224,224
sub-0047_P2,225,225
sub-0047_P2,226,226
sub-0047_P2,227,227
sub-0047_P2,228,228
sub-0047_P2,229,229
sub-0047_P2,230,215
sub-0047_P2,231,231
sub-0048_P2,0,0
sub-0048_P2,1,1
sub-0048_P2,2,2
sub-0048_P2,3,3
sub-0048_P2,4,4
sub-0048_P2,5,5
sub-0048_P2,6,216
sub-0048_P2,7,7
sub-0048_P2,8,8
sub-0048_P2,9,9
sub-0048_P2,10,10
sub-0048_P2,11,11
sub-0048_P2,12,12
sub-0048_P2,13,13
sub-0048_P2,14,14
sub-0048_P2,15,15
sub-0048_P2,16,16
sub-0048_P2,17,17
sub-0048_P2,18,18
sub-0048_P2,19,19
sub-0048_P2,20,20
sub-0048_P2,21,21
sub-0048_P2,22,22
sub-0048_P2,23,23
sub-0048_P2,24,24
sub-0048_P2,25,25
sub-0048_P2,26,26
sub-0048_P2,27,27
sub-0048_P2,28,28
sub-0048_P2,29,29
sub-0048_P2,30,30
sub-0048_P2,31,31
sub-0048_P2,32,32
sub-0048_P2,33,31
sub-0048_P2,34,34
sub-0048_P2,35,35
sub-0048_P2,36,36
sub-0048_P2,37,37
sub-0048_P2,38,38
sub-0048_P2,39,39
sub-0048_P2,40,40
sub-0048_P2,41,41
sub-0048_P2,42,42
sub-0048_P2,43,43
sub-0048_P2,44,44
sub-0048_P2,45,45
sub-0048_P2,46,46
sub-0048_P2,47,47
sub-0048_P2,48,48
sub-0048_P2,49,49
sub-0048_P2,50,50
sub-0048_P2,51,51
sub-0048_P2,52,52
sub-0048_P2,53,53
sub-0048_P2,54,54
sub-0048_P2,55,55
sub-0048_P2,56,56
sub-0048_P2,57,57
sub-0048_P2,58,58
sub-0048_P2,59,32
sub-0048_P2,60,60
sub-0048_P2,61,61
sub-0048_P2,62,62
sub-0048_P2,63,63
sub-0048_P2,64,64
sub-0048_P2,65,65
sub-0048_P2,66,66
sub-0048_P2,67,67
sub-0048_P2,68,68
sub-0048_P2,69,69
sub-0048_P2,70,70
sub-0048_P2,71,71
sub-0048_P2,72,72
sub-0048_P2,73,73
sub-0048_P2,74,74
sub-0048_P2,75,75
sub-0048_P2,76,76
sub-0048_P2,77,77
sub-0048_P2,78,78
sub-0048_P2,79,79
sub-0048_P2,80,80
sub-0048_P2,81,81
sub-0048_P2,82,82
sub-0048_P2,83,83
sub-0048_P2,84,84
sub-0048_P2,85,85
sub-0048_P2,86,86
sub-0048_P2,87,87
sub-0048_P2,88,88
sub-0048_P2,89,89
sub-0048_P2,90,90
sub-0048_P2,91,91
sub-0048_P2,92,92
sub-0048_P2,93,93
sub-0048_P2,94,94
sub-0048_P2,95,95
sub-0048_P2,96,96
sub-0048_P2,97,97
sub-0048_P2,98,98
sub-0048_P2,99,99
sub-0048_P2,100,100
sub-0048_P2,101,101
sub-0048_P2,102,102
sub-0048_P2,103,103
sub-0048_P2,104,104
sub-0048_P2,105,105
sub-0048_P2,106,106
sub-0048_P2,107,107
sub-0048_P2,108,108
sub-0048_P2,109,109
sub-0048_P2,110,110
sub-0048_P2,111,111
sub-0048_P2,112,112
sub-0048_P2,113,113
sub-0048_P2,114,114
sub-0048_P2,115,115
sub-0048_P2,116,116
sub-0048_P2,117,117
sub-0048_P2,118,118
sub-0048_P2,119,119
sub-0048_P2,120,120
sub-0048_P2,121,121
sub-0048_P2,122,122
sub-0048_P2,123,123
sub-0048_P2,124,124
sub-0048_P2,125,125
sub-0048_P2,126,126
sub-0048_P2,127,127
sub-0048_P2,128,128
sub-0048_P2,129,129
sub-0048_P2,130,130
sub-0048_P2,131,131
sub-0048_P2,132,132
sub-0048_P2,133,133
sub-0048_P2,134,134
sub-0048_P2,135,135
sub-0048_P2,136,136
sub-0048_P2,137,137
sub-0048_P2,138,138
sub-0048_P2,139,139
sub-0048_P2,140,140
sub-0048_P2,141,141
sub-0048_P2,142,142
sub-0048_P2,143,226
sub-0048_P2,144,144
sub-0048_P2,145,145
sub-0048_P2,146,146
sub-0048_P2,147,147
sub-0048_P2,148,187
sub-0048_P2,149,149
sub-0048_P2,150,150
sub-0048_P2,151,151
sub-0048_P2,152,152
sub-0048_P2,153,153
sub-0048_P2,154,154
sub-0048_P2,155,155
sub-0048_P2,156,156
sub-0048_P2,157,157
sub-0048_P2,158,158
sub-0048_P2,159,159
sub-0048_P2,160,160
sub-0048_P2,161,161
sub-0048_P2,162,162
sub-0048_P2,163,163
sub-0048_P2,164,164
sub-0048_P2,165,165
sub-0048_P2,166,166
sub-0048_P2,167,206
sub-0048_P2,168,168
sub-0048_P2,169,169
sub-0048_P2,170,170
sub-0048_P2,171,171
sub-0048_P2,172,172
sub-0048_P2,173,173
sub-0048_P2,174,174
sub-0048_P2,175,175
sub-0048_P2,176,176
sub-0048_P2,177,177
sub-0048_P2,178,178
sub-0048_P2,179,179
sub-0048_P2,180,180
sub-0048_P2,181,181
sub-0048_P2,182,182
sub-0048_P2,183,183
sub-0048_P2,184,184
sub-0048_P2,185,185
sub-0048_P2,186,186
sub-0048_P2,187,187
sub-0048_P2,188,188
sub-0048_P2,189,189
sub-0048_P2,190,190
sub-0048_P2,191,191
sub-0048_P2,192,192
sub-0048_P2,193,193
sub-0048_P2,194,194
sub-0048_P2,195,195
sub-0048_P2,196,196
sub-0048_P2,197,197
sub-0048_P2,198,198
sub-0048_P2,199,199
sub-0048_P2,200,200
sub-0048_P2,201,201
sub-0048_P2,202,202
sub-0048_P2,203,218
sub-0048_P2,204,204
sub-0048_P2,205,205
sub-0048_P2,206,206
sub-0048_P2,207,222
sub-0048_P2,208,208
sub-0048_P2,209,209
sub-0048_P2,210,210
sub-0048_P2,211,211
sub-0048_P2,212,212
sub-0048_P2,213,213
sub-0048_P2,214,214
sub-0048_P2,215,215
sub-0048_P2,216,216
sub-0048_P2,217,217
sub-0048_P2,218,218
sub-0048_P2,219,219
sub-0048_P2,220,220
sub-0048_P2,221,221
sub-0048_P2,222,222
sub-0048_P2,223,223
sub-0048_P2,224,224
sub-0048_P2,225,225
sub-0048_P2,226,226
sub-0048_P2,227,227
sub-0048_P2,228,228
sub-0048_P2,229,210
sub-0048_P2,230,230
sub-0048_P2,231,231
sub-0049_P2,0,0
sub-0049_P2,1,1
sub-0049_P2,2,2
sub-0049_P2,3,3
sub-0049_P2,4,4
sub-0049_P2,5,5
sub-0049_P2,6,6
sub-0049_P2,7,7
sub-0049_P2,8,110
sub-0049_P2,9,9
sub-0049_P2,10,10
sub-0049_P2,11,11
sub-0049_P2,12,12
sub-0049_P2,13,13
sub-0049_P2,14,14
sub-0049_P2,15,15
sub-0049_P2,16,16
sub-0049_P2,17,17
sub-0049_P2,18,18
sub-0049_P2,19,19
sub-0049_P2,20,20
sub-0049_P2,21,21
sub-0049_P2,22,22
sub-0049_P2,23,23
sub-0049_P2,24,24
sub-0049_P2,25,124
sub-0049_P2,26,26
sub-0049_P2,27,27
sub-0049_P2,28,28
sub-0049_P2,29,29
sub-0049_P2,30,30
sub-0049_P2,31,31
sub-0049_P2,32,32
sub-0049_P2,33,33
sub-0049_P2,34,34
sub-0049_P2,35,35
sub-0049_P2,36,36
sub-0049_P2,37,37
sub-0049_P2,38,33
sub-0049_P2,39,39
sub-0049_P2,40,40
sub-0049_P2,41,41
sub-0049_P2,42,42
sub-0049_P2,43,147
sub-0049_P2,44,44
sub-0049_P2,45,45
sub-0049_P2,46,46
sub-0049_P2,47,47
sub-0049_P2,48,48
sub-0049_P2,49,49
sub-0049_P2,50,187
sub-0049_P2,51,51
sub-0049_P2,52,52
sub-0049_P2,53,53
sub-0049_P2,54,54
sub-0049_P2,55,55
sub-0049_P2,56,56
sub-0049_P2,57,57
sub-0049_P2,58,58
sub-0049_P2,59,59
sub-0049_P2,60,60
sub-0049_P2,61,61
sub-0049_P2,62,62
sub-0049_P2,63,63
sub-0049_P2,64,64
sub-0049_P2,65,65
sub-0049_P2,66,66
sub-0049_P2,67,67
sub-0049_P2,68,68
sub-0049_P2,69,69
sub-0049_P2,70,70
sub-0049_P2,71,71
sub-0049_P2,72,72
sub-0049_P2,73,73
sub-0049_P2,74,74
sub-0049_P2,75,75
sub-0049_P2,76,76
sub-0049_P2,77,77
sub-0049_P2,78,78
sub-0049_P2,79,79
sub-0049_P2,80,80
sub-0049_P2,81,81
sub-0049_P2,82,82
sub-0049_P2,83,83
sub-0049_P2,84,84
sub-0049_P2,85,85
sub-0049_P2,86,86
sub-0049_P2,87,87
sub-0049_P2,88,88
sub-0049_P2,89,89
sub-0049_P2,90,90
sub-0049_P2,91,91
sub-0049_P2,92,92
sub-0049_P2,93,93
sub-0049_P2,94,94
sub-0049_P2,95,95
sub-0049_P2,96,96
sub-0049_P2,97,97
sub-0049_P2,98,98
sub-0049_P2,99,99
sub-0049_P2,100,100
sub-0049_P2,101,101
sub-0049_P2,102,102
sub-0049_P2,103,103
sub-0049_P2,104,104
sub-0049_P2,105,105
sub-0049_P2,106,106
sub-0049_P2,107,107
sub-0049_P2,108,108
sub-0049_P2,109,109
sub-0049_P2,110,110
sub-0049_P2,111,111
sub-0049_P2,112,112
sub-0049_P2,113,113
sub-0049_P2,114,114
sub-0049_P2,115,115
sub-0049_P2,116,116
sub-0049_P2,117,117
sub-0049_P2,118,118
sub-0049_P2,119,119
sub-0049_P2,120,120
sub-0049_P2,121,121
sub-0049_P2,122,122
sub-0049_P2,123,123
sub-0049_P2,124,124
sub-0049_P2,125,126
sub-0049_P2,126,126
sub-0049_P2,127,127
sub-0049_P2,128,128
sub-0049_P2,129,129
sub-0049_P2,130,130
sub-0049_P2,131,131
sub-0049_P2,132,132
sub-0049_P2,133,133
sub-0049_P2,134,134
sub-0049_P2,135,135
sub-0049_P2,136,136
sub-0049_P2,137,137
sub-0049_P2,138,133
sub-0049_P2,139,139
sub-0049_P2,140,140
sub-0049_P2,141,141
sub-0049_P2,142,142
sub-0049_P2,143,143
sub-0049_P2,144,144
sub-0049_P2,145,145
sub-0049_P2,146,146
sub-0049_P2,147,147
sub-0049_P2,148,148
sub-0049_P2,149,149
sub-0049_P2,150,150
sub-0049_P2,151,151
sub-0049_P2,152,152
sub-0049_P2,153,153
sub-0049_P2,154,154
sub-0049_P2,155,155
sub-0049_P2,156,156
sub-0049_P2,157,157
sub-0049_P2,158,158
sub-0049_P2,159,159
sub-0049_P2,160,160
sub-0049_P2,161,161
sub-0049_P2,162,202
sub-0049_P2,163,163
sub-0049_P2,164,164
sub-0049_P2,165,165
sub-0049_P2,166,166
sub-0049_P2,167,167
sub-0049_P2,168,168
sub-0049_P2,169,169
sub-0049_P2,170,170
sub-0049_P2,171,171
sub-0049_P2,172,172
sub-0049_P2,173,173
sub-0049_P2,174,174
sub-0049_P2,175,175
sub-0049_P2,176,176
sub-0049_P2,177,177
sub-0049_P2,178,178
sub-0049_P2,179,179
sub-0049_P2,180,180
sub-0049_P2,181,181
sub-0049_P2,182,182
sub-0049_P2,183,183
sub-0049_P2,184,184
sub-0049_P2,185,185
sub-0049_P2,186,186
sub-0049_P2,187,211
sub-0049_P2,188,188
sub-0049_P2,189,189
sub-0049_P2,190,190
sub-0049_P2,191,191
sub-0049_P2,192,192
sub-0049_P2,193,193
sub-0049_P2,194,194
sub-0049_P2,195,29
sub-0049_P2,196,196
sub-0049_P2,197,197
sub-0049_P2,198,198
sub-0049_P2,199,199
sub-0049_P2,200,200
sub-0049_P2,201,187
sub-0049_P2,202,202
sub-0049_P2,203,203
sub-0049_P2,204,204
sub-0049_P2,205,205
sub-0049_P2,206,206
sub-0049_P2,207,207
sub-0049_P2,208,208
sub-0049_P2,209,209
sub-0049_P2,210,226
sub-0049_P2,211,211
sub-0049_P2,212,212
sub-0049_P2,213,213
sub-0049_P2,214,214
sub-0049_P2,215,215
sub-0049_P2,216,216
sub-0049_P2,217,51
sub-0049_P2,218,218
sub-0049_P2,219,219
sub-0049_P2,220,220
sub-0049_P2,221,221
sub-0049_P2,222,222
sub-0049_P2,223,223
sub-0049_P2,224,224
sub-0049_P2,225,225
sub-0049_P2,226,226
sub-0049_P2,227,227
sub-0049_P2,228,228
sub-0049_P2,229,229
sub-0049_P2,230,210
sub-0049_P2,231,210
sub-0050_P2,0,0
sub-0050_P2,1,1
sub-0050_P2,2,2
sub-0050_P2,3,3
sub-0050_P2,4,4
sub-0050_P2,5,5
sub-0050_P2,6,6
sub-0050_P2,7,7
sub-0050_P2,8,8
sub-0050_P2,9,9
sub-0050_P2,10,10
sub-0050_P2,11,11
sub-0050_P2,12,12
sub-0050_P2,13,13
sub-0050_P2,14,14
sub-0050_P2,15,15
sub-0050_P2,16,16
sub-0050_P2,17,17
sub-0050_P2,18,18
sub-0050_P2,19,19
sub-0050_P2,20,20
sub-0050_P2,21,21
sub-0050_P2,22,23
sub-0050_P2,23,23
sub-0050_P2,24,24
sub-0050_P2,25,25
sub-0050_P2,26,26
sub-0050_P2,27,27
sub-0050_P2,28,28
sub-0050_P2,29,29
sub-0050_P2,30,30
sub-0050_P2,31,31
sub-0050_P2,32,32
sub-0050_P2,33,33
sub-0050_P2,34,34
sub-0050_P2,35,35
sub-0050_P2,36,36
sub-0050_P2,37,37
sub-0050_P2,38,38
sub-0050_P2,39,27
sub-0050_P2,40,40
sub-0050_P2,41,41
sub-0050_P2,42,42
sub-0050_P2,43,43
sub-0050_P2,44,44
sub-0050_P2,45,45
sub-0050_P2,46,46
sub-0050_P2,47,47
sub-0050_P2,48,48
sub-0050_P2,49,49
sub-0050_P2,50,50
sub-0050_P2,51,51
sub-0050_P2,52,52
sub-0050_P2,53,53
sub-0050_P2,54,54
sub-0050_P2,55,55
sub-0050_P2,56,56
sub-0050_P2,57,57
sub-0050_P2,58,58
sub-0050_P2,59,59
sub-0050_P2,60,60
sub-0050_P2,61,61
sub-0050_P2,62,62
sub-0050_P2,63,63
sub-0050_P2,64,64
sub-0050_P2,65,65
sub-0050_P2,66,66
sub-0050_P2,67,67
sub-0050_P2,68,68
sub-0050_P2,69,94
sub-0050_P2,70,70
sub-0050_P2,71,71
sub-0050_P2,72,72
sub-0050_P2,73,73
sub-0050_P2,74,74
sub-0050_P2,75,75
sub-0050_P2,76,76
sub-0050_P2,77,77
sub-0050_P2,78,78
sub-0050_P2,79,79
sub-0050_P2,80,80
sub-0050_P2,81,81
sub-0050_P2,82,161
sub-0050_P2,83,83
sub-0050_P2,84,84
sub-0050_P2,85,85
sub-0050_P2,86,86
sub-0050_P2,87,87
sub-0050_P2,88,88
sub-0050_P2,89,89
sub-0050_P2,90,90
sub-0050_P2,91,91
sub-0050_P2,92,92
sub-0050_P2,93,93
sub-0050_P2,94,94
sub-0050_P2,95,95
sub-0050_P2,96,96
sub-0050_P2,97,97
sub-0050_P2,98,98
sub-0050_P2,99,99
sub-0050_P2,100,163
sub-0050_P2,101,101
sub-0050_P2,102,102
sub-0050_P2,103,103
sub-0050_P2,104,104
sub-0050_P2,105,105
sub-0050_P2,106,106
sub-0050_P2,107,107
sub-0050_P2,108,108
sub-0050_P2,109,109
sub-0050_P2,110,110
sub-0050_P2,111,111
sub-0050_P2,112,112
sub-0050_P2,113,113
sub-0050_P2,114,114
sub-0050_P2,115,115
sub-0050_P2,116,38
sub-0050_P2,117,117
sub-0050_P2,118,118
sub-0050_P2,119,119
sub-0050_P2,120,120
sub-0050_P2,121,121
sub-0050_P2,122,122
sub-0050_P2,123,123
sub-0050_P2,124,124
sub-0050_P2,125,125
sub-0050_P2,126,126
sub-0050_P2,127,127
sub-0050_P2,128,128
sub-0050_P2,129,129
sub-0050_P2,130,130
sub-0050_P2,131,131
sub-0050_P2,132,132
sub-0050_P2,133,133
sub-0050_P2,134,59
sub-0050_P2,135,135
sub-0050_P2,136,136
sub-0050_P2,137,137
sub-0050_P2,138,138
sub-0050_P2,139,139
sub-0050_P2,140,140
sub-0050_P2,141,141
sub-0050_P2,142,142
sub-0050_P2,143,143
sub-0050_P2,144,144
sub-0050_P2,145,145
sub-0050_P2,146,146
sub-0050_P2,147,147
sub-0050_P2,148,148
sub-0050_P2,149,146
sub-0050_P2,150,150
sub-0050_P2,151,151
sub-0050_P2,152,152
sub-0050_P2,153,153
sub-0050_P2,154,154
sub-0050_P2,155,155
sub-0050_P2,156,156
sub-0050_P2,157,157
sub-0050_P2,158,158
sub-0050_P2,159,159
sub-0050_P2,160,160
sub-0050_P2,161,161
sub-0050_P2,162,162
sub-0050_P2,163,163
sub-0050_P2,164,164
sub-0050_P2,165,165
sub-0050_P2,166,166
sub-0050_P2,167,167
sub-0050_P2,168,168
sub-0050_P2,169,169
sub-0050_P2,170,170
sub-0050_P2,171,171
sub-0050_P2,172,172
sub-0050_P2,173,173
sub-0050_P2,174,174
sub-0050_P2,175,175
sub-0050_P2,176,176
sub-0050_P2,177,177
sub-0050_P2,178,178
sub-0050_P2,179,179
sub-0050_P2,180,180
sub-0050_P2,181,181
sub-0050_P2,182,182
sub-0050_P2,183,124
sub-0050_P2,184,184
sub-0050_P2,185,185
sub-0050_P2,186,186
sub-0050_P2,187,187
sub-0050_P2,188,188
sub-0050_P2,189,189
sub-0050_P2,190,190
sub-0050_P2,191,191
sub-0050_P2,192,192
sub-0050_P2,193,31
sub-0050_P2,194,194
sub-0050_P2,195,163
sub-0050_P2,196,196
sub-0050_P2,197,197
sub-0050_P2,198,198
sub-0050_P2,199,199
sub-0050_P2,200,200
sub-0050_P2,201,201
sub-0050_P2,202,202
sub-0050_P2,203,203
sub-0050_P2,204,204
sub-0050_P2,205,227
sub-0050_P2,206,206
sub-0050_P2,207,207
sub-0050_P2,208,224
sub-0050_P2,209,209
sub-0050_P2,210,210
sub-0050_P2,211,211
sub-0050_P2,212,212
sub-0050_P2,213,213
sub-0050_P2,214,214
sub-0050_P2,215,215
sub-0050_P2,216,216
sub-0050_P2,217,217
sub-0050_P2,218,218
sub-0050_P2,219,219
sub-0050_P2,220,220
sub-0050_P2,221,221
sub-0050_P2,222,222
sub-0050_P2,223,140
sub-0050_P2,224,209
sub-0050_P2,225,225
sub-0050_P2,226,226
sub-0050_P2,227,227
sub-0050_P2,228,228
sub-0050_P2,229,229
sub-0050_P2,230,230
sub-0050_P2,231,231
sub-0051_P2,0,0
sub-0051_P2,1,1
sub-0051_P2,2,2
sub-0051_P2,3,3
sub-0051_P2,4,4
sub-0051_P2,5,5
sub-0051_P2,6,6
sub-0051_P2,7,7
sub-0051_P2,8,8
sub-0051_P2,9,9
sub-0051_P2,10,10
sub-0051_P2,11,11
sub-0051_P2,12,12
sub-0051_P2,13,13
sub-0051_P2,14,14
sub-0051_P2,15,15
sub-0051_P2,16,16
sub-0051_P2,17,17
sub-0051_P2,18,8
sub-0051_P2,19,19
sub-0051_P2,20,20
sub-0051_P2,21,21
sub-0051_P2,22,25
sub-0051_P2,23,23
sub-0051_P2,24,24
sub-0051_P2,25,25
sub-0051_P2,26,26
sub-0051_P2,27,27
sub-0051_P2,28,28
sub-0051_P2,29,29
sub-0051_P2,30,30
sub-0051_P2,31,50
sub-0051_P2,32,32
sub-0051_P2,33,33
sub-0051_P2,34,34
sub-0051_P2,35,35
sub-0051_P2,36,36
sub-0051_P2,37,37
sub-0051_P2,38,38
sub-0051_P2,39,39
sub-0051_P2,40,40
sub-0051_P2,41,127
sub-0051_P2,42,42
sub-0051_P2,43,43
sub-0051_P2,44,44
sub-0051_P2,45,45
sub-0051_P2,46,46
sub-0051_P2,47,47
sub-0051_P2,48,48
sub-0051_P2,49,49
sub-0051_P2,50,226
sub-0051_P2,51,51
sub-0051_P2,52,52
sub-0051_P2,53,53
sub-0051_P2,54,54
sub-0051_P2,55,55
sub-0051_P2,56,56
sub-0051_P2,57,57
sub-0051_P2,58,58
sub-0051_P2,59,59
sub-0051_P2,60,60
sub-0051_P2,61,61
sub-0051_P2,62,62
sub-0051_P2,63,210
sub-0051_P2,64,64
sub-0051_P2,65,65
sub-0051_P2,66,66
sub-0051_P2,67,67
sub-0051_P2,68,68
sub-0051_P2,69,69
sub-0051_P2,70,70
sub-0051_P2,71,211
sub-0051_P2,72,72
sub-0051_P2,73,73
sub-0051_P2,74,74
sub-0051_P2,75,75
sub-0051_P2,76,76
sub-0051_P2,77,77
sub-0051_P2,78,78
sub-0051_P2,79,79
sub-0051_P2,80,80
sub-0051_P2,81,81
sub-0051_P2,82,82
sub-0051_P2,83,83
sub-0051_P2,84,84
sub-0051_P2,85,85
sub-0051_P2,86,86
sub-0051_P2,87,87
sub-0051_P2,88,88
sub-0051_P2,89,57
sub-0051_P2,90,90
sub-0051_P2,91,91
sub-0051_P2,92,92
sub-0051_P2,93,93
sub-0051_P2,94,94
sub-0051_P2,95,95
sub-0051_P2,96,96
sub-0051_P2,97,97
sub-0051_P2,98,98
sub-0051_P2,99,99
sub-0051_P2,100,100
sub-0051_P2,101,101
sub-0051_P2,102,102
sub-0051_P2,103,103
sub-0051_P2,104,104
sub-0051_P2,105,105
sub-0051_P2,106,106
sub-0051_P2,107,107
sub-0051_P2,108,108
sub-0051_P2,109,109
sub-0051_P2,110,110
sub-0051_P2,111,111
sub-0051_P2,112,112
sub-0051_P2,113,113
sub-0051_P2,114,114
sub-0051_P2,115,115
sub-0051_P2,116,116
sub-0051_P2,117,117
sub-0051_P2,118,118
sub-0051_P2,119,119
sub-0051_P2,120,120
sub-0051_P2,121,121
sub-0051_P2,122,122
sub-0051_P2,123,123
sub-0051_P2,124,124
sub-0051_P2,125,125
sub-0051_P2,126,126
sub-0051_P2,127,127
sub-0051_P2,128,128
sub-0051_P2,129,129
sub-0051_P2,130,130
sub-0051_P2,131,131
sub-0051_P2,132,132
sub-0051_P2,133,133
sub-0051_P2,134,134
sub-0051_P2,135,135
sub-0051_P2,136,136
sub-0051_P2,137,137
sub-0051_P2,138,138
sub-0051_P2,139,139
sub-0051_P2,140,112
sub-0051_P2,141,141
sub-0051_P2,142,142
sub-0051_P2,143,143
sub-0051_P2,144,144
sub-0051_P2,145,145
sub-0051_P2,146,146
sub-0051_P2,147,147
sub-0051_P2,148,148
sub-0051_P2,149,149
sub-0051_P2,150,150
sub-0051_P2,151,151
sub-0051_P2,152,152
sub-0051_P2,153,153
sub-0051_P2,154,154
sub-0051_P2,155,153
sub-0051_P2,156,156
sub-0051_P2,157,157
sub-0051_P2,158,158
sub-0051_P2,159,159
sub-0051_P2,160,160
sub-0051_P2,161,161
sub-0051_P2,162,162
sub-0051_P2,163,163
sub-0051_P2,164,164
sub-0051_P2,165,165
sub-0051_P2,166,166
sub-0051_P2,167,221
sub-0051_P2,168,168
sub-0051_P2,169,169
sub-0051_P2,170,170
sub-0051_P2,171,171
sub-0051_P2,172,172
sub-0051_P2,173,173
sub-0051_P2,174,174
sub-0051_P2,175,175
sub-0051_P2,176,176
sub-0051_P2,177,177
sub-0051_P2,178,178
sub-0051_P2,179,179
sub-0051_P2,180,180
sub-0051_P2,181,181
sub-0051_P2,182,182
sub-0051_P2,183,183
sub-0051_P2,184,184
sub-0051_P2,185,185
sub-0051_P2,186,186
sub-0051_P2,187,187
sub-0051_P2,188,188
sub-0051_P2,189,189
sub-0051_P2,190,190
sub-0051_P2,191,191
sub-0051_P2,192,192
sub-0051_P2,193,193
sub-0051_P2,194,194
sub-0051_P2,195,195
sub-0051_P2,196,196
sub-0051_P2,197,197
sub-0051_P2,198,198
sub-0051_P2,199,199
sub-0051_P2,200,200
sub-0051_P2,201,201
sub-0051_P2,202,202
sub-0051_P2,203,203
sub-0051_P2,204,204
sub-0051_P2,205,205
sub-0051_P2,206,206
sub-0051_P2,207,207
sub-0051_P2,208,208
sub-0051_P2,209,209
sub-0051_P2,210,210
sub-0051_P2,211,210
sub-0051_P2,212,212
sub-0051_P2,213,213
sub-0051_P2,214,214
sub-0051_P2,215,215
sub-0051_P2,216,216
sub-0051_P2,217,217
sub-0051_P2,218,218
sub-0051_P2,219,219
sub-0051_P2,220,220
sub-0051_P2,221,221
sub-0051_P2,222,222
sub-0051_P2,223,223
sub-0051_P2,224,225
sub-0051_P2,225,225
sub-0051_P2,226,226
sub-0051_P2,227,227
sub-0051_P2,228,228
sub-0051_P2,229,229
sub-0051_P2,230,230
sub-0051_P2,231,231
sub-0052_P2,0,0
sub-0052_P2,1,1
sub-0052_P2,2,2
sub-0052_P2,3,3
sub-0052_P2,4,4
sub-0052_P2,5,5
sub-0052_P2,6,6
sub-0052_P2,7,7
sub-0052_P2,8,8
sub-0052_P2,9,9
sub-0052_P2,10,10
sub-0052_P2,11,8
sub-0052_P2,12,12
sub-0052_P2,13,13
sub-0052_P2,14,14
sub-0052_P2,15,15
sub-0052_P2,16,16
sub-0052_P2,17,17
sub-0052_P2,18,18
sub-0052_P2,19,19
sub-0052_P2,20,20
sub-0052_P2,21,21
sub-0052_P2,22,22
sub-0052_P2,23,23
sub-0052_P2,24,24
sub-0052_P2,25,25
sub-0052_P2,26,26
sub-0052_P2,27,27
sub-0052_P2,28,28
sub-0052_P2,29,29
sub-0052_P2,30,30
sub-0052_P2,31,31
sub-0052_P2,32,32
sub-0052_P2,33,33
sub-0052_P2,34,34
sub-0052_P2,35,35
sub-0052_P2,36,36
sub-0052_P2,37,37
sub-0052_P2,38,38
sub-0052_P2,39,39
sub-0052_P2,40,40
sub-0052_P2,41,41
sub-0052_P2,42,42
sub-0052_P2,43,43
sub-0052_P2,44,44
sub-0052_P2,45,45
sub-0052_P2,46,46
sub-0052_P2,47,47
sub-0052_P2,48,48
sub-0052_P2,49,49
sub-0052_P2,50,161
sub-0052_P2,51,51
sub-0052_P2,52,52
sub-0052_P2,53,53
sub-0052_P2,54,54
sub-0052_P2,55,55
sub-0052_P2,56,56
sub-0052_P2,57,57
sub-0052_P2,58,58
sub-0052_P2,59,59
sub-0052_P2,60,60
sub-0052_P2,61,61
sub-0052_P2,62,62
sub-0052_P2,63,63
sub-0052_P2,64,64
sub-0052_P2,65,65
sub-0052_P2,66,66
sub-0052_P2,67,67
sub-0052_P2,68,68
sub-0052_P2,69,69
sub-0052_P2,70,70
sub-0052_P2,71,71
sub-0052_P2,72,72
sub-0052_P2,73,73
sub-0052_P2,74,74
sub-0052_P2,75,75
sub-0052_P2,76,76
sub-0052_P2,77,77
sub-0052_P2,78,78
sub-0052_P2,79,79
sub-0052_P2,80,80
sub-0052_P2,81,81
sub-0052_P2,82,82
sub-0052_P2,83,83
sub-0052_P2,84,84
sub-0052_P2,85,85
sub-0052_P2,86,86
sub-0052_P2,87,87
sub-0052_P2,88,75
sub-0052_P2,89,89
sub-0052_P2,90,90
sub-0052_P2,91,91
sub-0052_P2,92,93
sub-0052_P2,93,93
sub-0052_P2,94,94
sub-0052_P2,95,95
sub-0052_P2,96,96
sub-0052_P2,97,97
sub-0052_P2,98,98
sub-0052_P2,99,99
sub-0052_P2,100,100
sub-0052_P2,101,101
sub-0052_P2,102,102
sub-0052_P2,103,103
sub-0052_P2,104,104
sub-0052_P2,105,105
sub-0052_P2,106,106
sub-0052_P2,107,107
sub-0052_P2,108,108
sub-0052_P2,109,109
sub-0052_P2,110,110
sub-0052_P2,111,111
sub-0052_P2,112,112
sub-0052_P2,113,113
sub-0052_P2,114,114
sub-0052_P2,115,115
sub-0052_P2,116,116
sub-0052_P2,117,117
sub-0052_P2,118,118
sub-0052_P2,119,119
sub-0052_P2,120,99
sub-0052_P2,121,121
sub-0052_P2,122,122
sub-0052_P2,123,123
sub-0052_P2,124,124
sub-0052_P2,125,125
sub-0052_P2,126,126
sub-0052_P2,127,126
sub-0052_P2,128,128
sub-0052_P2,129,129
sub-0052_P2,130,130
sub-0052_P2,131,131
sub-0052_P2,132,132
sub-0052_P2,133,140
sub-0052_P2,134,134
sub-0052_P2,135,135
sub-0052_P2,136,136
sub-0052_P2,137,137
sub-0052_P2,138,138
sub-0052_P2,139,139
sub-0052_P2,140,140
sub-0052_P2,141,141
sub-0052_P2,142,140
sub-0052_P2,143,143
sub-0052_P2,144,144
sub-0052_P2,145,145
sub-0052_P2,146,146
sub-0052_P2,147,221
sub-0052_P2,148,148
sub-0052_P2,149,149
sub-0052_P2,150,150
sub-0052_P2,151,151
sub-0052_P2,152,152
sub-0052_P2,153,153
sub-0052_P2,154,154
sub-0052_P2,155,155
sub-0052_P2,156,156
sub-0052_P2,157,157
sub-0052_P2,158,158
sub-0052_P2,159,159
sub-0052_P2,160,160
sub-0052_P2,161,161
sub-0052_P2,162,162
sub-0052_P2,163,163
sub-0052_P2,164,164
sub-0052_P2,165,165
sub-0052_P2,166,140
sub-0052_P2,167,167
sub-0052_P2,168,168
sub-0052_P2,169,169
sub-0052_P2,170,170
sub-0052_P2,171,171
sub-0052_P2,172,172
sub-0052_P2,173,173
sub-0052_P2,174,171
sub-0052_P2,175,175
sub-0052_P2,176,176
sub-0052_P2,177,177
sub-0052_P2,178,178
sub-0052_P2,179,179
sub-0052_P2,180,180
sub-0052_P2,181,181
sub-0052_P2,182,182
sub-0052_P2,183,183
sub-0052_P2,184,184
sub-0052_P2,185,185
sub-0052_P2,186,186
sub-0052_P2,187,187
sub-0052_P2,188,188
sub-0052_P2,189,189
sub-0052_P2,190,190
sub-0052_P2,191,191
sub-0052_P2,192,192
sub-0052_P2,193,193
sub-0052_P2,194,194
sub-0052_P2,195,195
sub-0052_P2,196,196
sub-0052_P2,197,197
sub-0052_P2,198,198
sub-0052_P2,199,199
sub-0052_P2,200,200
sub-0052_P2,201,201
sub-0052_P2,202,202
sub-0052_P2,203,203
sub-0052_P2,204,204
sub-0052_P2,205,205
sub-0052_P2,206,206
sub-0052_P2,207,207
sub-0052_P2,208,208
sub-0052_P2,209,209
sub-0052_P2,210,210
sub-0052_P2,211,211
sub-0052_P2,212,212
sub-0052_P2,213,213
sub-0052_P2,214,214
sub-0052_P2,215,215
sub-0052_P2,216,51
sub-0052_P2,217,217
sub-0052_P2,218,218
sub-0052_P2,219,219
sub-0052_P2,220,201
sub-0052_P2,221,221
sub-0052_P2,222,222
sub-0052_P2,223,223
sub-0052_P2,224,224
sub-0052_P2,225,225
sub-0052_P2,226,226
sub-0052_P2,227,227
sub-0052_P2,228,228
sub-0052_P2,229,229
sub-0052_P2,230,230
sub-0052_P2,231,231
sub-0053_P2,0,0
sub-0053_P2,1,1
sub-0053_P2,2,2
sub-0053_P2,3,3
sub-0053_P2,4,4
sub-0053_P2,5,5
sub-0053_P2,6,6
sub-0053_P2,7,7
sub-0053_P2,8,8
sub-0053_P2,9,9
sub-0053_P2,10,220
sub-0053_P2,11,11
sub-0053_P2,12,12
sub-0053_P2,13,13
sub-0053_P2,14,16
sub-0053_P2,15,15
sub-0053_P2,16,16
sub-0053_P2,17,17
sub-0053_P2,18,18
sub-0053_P2,19,19
sub-0053_P2,20,20
sub-0053_P2,21,21
sub-0053_P2,22,22
sub-0053_P2,23,23
sub-0053_P2,24,24
sub-0053_P2,25,25
sub-0053_P2,26,26
sub-0053_P2,27,22
sub-0053_P2,28,28
sub-0053_P2,29,29
sub-0053_P2,30,30
sub-0053_P2,31,31
sub-0053_P2,32,32
sub-0053_P2,33,33
sub-0053_P2,34,34
sub-0053_P2,35,35
sub-0053_P2,36,36
sub-0053_P2,37,16
sub-0053_P2,38,38
sub-0053_P2,39,39
sub-0053_P2,40,40
sub-0053_P2,41,41
sub-0053_P2,42,42
sub-0053_P2,43,43
sub-0053_P2,44,44
sub-0053_P2,45,45
sub-0053_P2,46,46
sub-0053_P2,47,47
sub-0053_P2,48,48
sub-0053_P2,49,49
sub-0053_P2,50,50
sub-0053_P2,51,204
sub-0053_P2,52,52
sub-0053_P2,53,53
sub-0053_P2,54,54
sub-0053_P2,55,55
sub-0053_P2,56,56
sub-0053_P2,57,57
sub-0053_P2,58,58
sub-0053_P2,59,59
sub-0053_P2,60,142
sub-0053_P2,61,61
sub-0053_P2,62,62
sub-0053_P2,63,63
sub-0053_P2,64,64
sub-0053_P2,65,65
sub-0053_P2,66,66
sub-0053_P2,67,67
sub-0053_P2,68,68
sub-0053_P2,69,69
sub-0053_P2,70,70
sub-0053_P2,71,71
sub-0053_P2,72,72
sub-0053_P2,73,73
sub-0053_P2,74,74
sub-0053_P2,75,74
sub-0053_P2,76,76
sub-0053_P2,77,77
sub-0053_P2,78,78
sub-0053_P2,79,217
sub-0053_P2,80,80
sub-0053_P2,81,81
sub-0053_P2,82,82
sub-0053_P2,83,83
sub-0053_P2,84,99
sub-0053_P2,85,85
sub-0053_P2,86,86
sub-0053_P2,87,87
sub-0053_P2,88,88
sub-0053_P2,89,89
sub-0053_P2,90,90
sub-0053_P2,91,91
sub-0053_P2,92,92
sub-0053_P2,93,93
sub-0053_P2,94,94
sub-0053_P2,95,95
sub-0053_P2,96,96
sub-0053_P2,97,97
sub-0053_P2,98,98
sub-0053_P2,99,99
sub-0053_P2,100,100
sub-0053_P2,101,29
sub-0053_P2,102,102
sub-0053_P2,103,103
sub-0053_P2,104,104
sub-0053_P2,105,105
sub-0053_P2,106,106
sub-0053_P2,107,107
sub-0053_P2,108,108
sub-0053_P2,109,109
sub-0053_P2,110,110
sub-0053_P2,111,111
sub-0053_P2,112,112
sub-0053_P2,113,113
sub-0053_P2,114,114
sub-0053_P2,115,115
sub-0053_P2,116,116
sub-0053_P2,117,117
sub-0053_P2,118,118
sub-0053_P2,119,119
sub-0053_P2,120,120
sub-0053_P2,121,121
sub-0053_P2,122,122
sub-0053_P2,123,123
sub-0053_P2,124,124
sub-0053_P2,125,125
sub-0053_P2,126,22
sub-0053_P2,127,127
sub-0053_P2,128,128
sub-0053_P2,129,129
sub-0053_P2,130,130
sub-0053_P2,131,131
sub-0053_P2,132,132
sub-0053_P2,133,133
sub-0053_P2,134,134
sub-0053_P2,135,135
sub-0053_P2,136,136
sub-0053_P2,137,137
sub-0053_P2,138,138
sub-0053_P2,139,139
sub-0053_P2,140,140
sub-0053_P2,141,141
sub-0053_P2,142,142
sub-0053_P2,143,143
sub-0053_P2,144,144
sub-0053_P2,145,145
sub-0053_P2,146,146
sub-0053_P2,147,147
sub-0053_P2,148,148
sub-0053_P2,149,199
sub-0053_P2,150,150
sub-0053_P2,151,151
sub-0053_P2,152,152
sub-0053_P2,153,153
sub-0053_P2,154,153
sub-0053_P2,155,155
sub-0053_P2,156,156
sub-0053_P2,157,157
sub-0053_P2,158,158
sub-0053_P2,159,159
sub-0053_P2,160,160
sub-0053_P2,161,161
sub-0053_P2,162,162
sub-0053_P2,163,163
sub-0053_P2,164,29
sub-0053_P2,165,165
sub-0053_P2,166,166
sub-0053_P2,167,167
sub-0053_P2,168,168
sub-0053_P2,169,169
sub-0053_P2,170,170
sub-0053_P2,171,171
sub-0053_P2,172,172
sub-0053_P2,173,173
sub-0053_P2,174,174
sub-0053_P2,175,175
sub-0053_P2,176,176
sub-0053_P2,177,177
sub-0053_P2,178,178
sub-0053_P2,179,179
sub-0053_P2,180,180
sub-0053_P2,181,181
sub-0053_P2,182,182
sub-0053_P2,183,183
sub-0053_P2,184,184
sub-0053_P2,185,185
sub-0053_P2,186,186
sub-0053_P2,187,187
sub-0053_P2,188,188
sub-0053_P2,189,189
sub-0053_P2,190,190
sub-0053_P2,191,191
sub-0053_P2,192,192
sub-0053_P2,193,193
sub-0053_P2,194,194
sub-0053_P2,195,195
sub-0053_P2,196,196
sub-0053_P2,197,197
sub-0053_P2,198,198
sub-0053_P2,199,199
sub-0053_P2,200,200
sub-0053_P2,201,201
sub-0053_P2,202,202
sub-0053_P2,203,203
sub-0053_P2,204,204
sub-0053_P2,205,205
sub-0053_P2,206,206
sub-0053_P2,207,207
sub-0053_P2,208,208
sub-0053_P2,209,209
sub-0053_P2,210,226
sub-0053_P2,211,211
sub-0053_P2,212,212
sub-0053_P2,213,213
sub-0053_P2,214,214
sub-0053_P2,215,215
sub-0053_P2,216,216
sub-0053_P2,217,217
sub-0053_P2,218,218
sub-0053_P2,219,219
sub-0053_P2,220,220
sub-0053_P2,221,204
sub-0053_P2,222,222
sub-0053_P2,223,223
sub-0053_P2,224,211
sub-0053_P2,225,202
sub-0053_P2,226,226
sub-0053_P2,227,227
sub-0053_P2,228,225
sub-0053_P2,229,229
sub-0053_P2,230,230
sub-0053_P2,231,231
sub-0054_P2,0,0
sub-0054_P2,1,1
sub-0054_P2,2,2
sub-0054_P2,3,3
sub-0054_P2,4,105
sub-0054_P2,5,5
sub-0054_P2,6,6
sub-0054_P2,7,7
sub-0054_P2,8,8
sub-0054_P2,9,9
sub-0054_P2,10,10
sub-0054_P2,11,11
sub-0054_P2,12,12
sub-0054_P2,13,37
sub-0054_P2,14,14
sub-0054_P2,15,15
sub-0054_P2,16,16
sub-0054_P2,17,17
sub-0054_P2,18,18
sub-0054_P2,19,19
sub-0054_P2,20,20
sub-0054_P2,21,21
sub-0054_P2,22,22
sub-0054_P2,23,23
sub-0054_P2,24,24
sub-0054_P2,25,25
sub-0054_P2,26,26
sub-0054_P2,27,27
sub-0054_P2,28,28
sub-0054_P2,29,29
sub-0054_P2,30,30
sub-0054_P2,31,31
sub-0054_P2,32,32
sub-0054_P2,33,33
sub-0054_P2,34,34
sub-0054_P2,35,35
sub-0054_P2,36,36
sub-0054_P2,37,37
sub-0054_P2,38,38
sub-0054_P2,39,39
sub-0054_P2,40,40
sub-0054_P2,41,41
sub-0054_P2,42,42
sub-0054_P2,43,43
sub-0054_P2,44,44
sub-0054_P2,45,45
sub-0054_P2,46,46
sub-0054_P2,47,47
sub-0054_P2,48,48
sub-0054_P2,49,49
sub-0054_P2,50,92
sub-0054_P2,51,51
sub-0054_P2,52,52
sub-0054_P2,53,53
sub-0054_P2,54,54
sub-0054_P2,55,54
sub-0054_P2,56,27
sub-0054_P2,57,57
sub-0054_P2,58,58
sub-0054_P2,59,59
sub-0054_P2,60,60
sub-0054_P2,61,61
sub-0054_P2,62,62
sub-0054_P2,63,63
sub-0054_P2,64,64
sub-0054_P2,65,65
sub-0054_P2,66,66
sub-0054_P2,67,67
sub-0054_P2,68,68
sub-0054_P2,69,69
sub-0054_P2,70,70
sub-0054_P2,71,71
sub-0054_P2,72,72
sub-0054_P2,73,73
sub-0054_P2,74,74
sub-0054_P2,75,75
sub-0054_P2,76,76
sub-0054_P2,77,77
sub-0054_P2,78,78
sub-0054_P2,79,79
sub-0054_P2,80,80
sub-0054_P2,81,81
sub-0054_P2,82,82
sub-0054_P2,83,83
sub-0054_P2,84,84
sub-0054_P2,85,85
sub-0054_P2,86,86
sub-0054_P2,87,87
sub-0054_P2,88,88
sub-0054_P2,89,89
sub-0054_P2,90,90
sub-0054_P2,91,91
sub-0054_P2,92,92
sub-0054_P2,93,93
sub-0054_P2,94,94
sub-0054_P2,95,95
sub-0054_P2,96,96
sub-0054_P2,97,97
sub-0054_P2,98,98
sub-0054_P2,99,86
sub-0054_P2,100,100
sub-0054_P2,101,101
sub-0054_P2,102,102
sub-0054_P2,103,103
sub-0054_P2,104,104
sub-0054_P2,105,105
sub-0054_P2,106,106
sub-0054_P2,107,107
sub-0054_P2,108,108
sub-0054_P2,109,109
sub-0054_P2,110,110
sub-0054_P2,111,111
sub-0054_P2,112,112
sub-0054_P2,113,113
sub-0054_P2,114,114
sub-0054_P2,115,115
sub-0054_P2,116,116
sub-0054_P2,117,117
sub-0054_P2,118,118
sub-0054_P2,119,119
sub-0054_P2,120,120
sub-0054_P2,121,121
sub-0054_P2,122,116
sub-0054_P2,123,123
sub-0054_P2,124,124
sub-0054_P2,125,125
sub-0054_P2,126,126
sub-0054_P2,127,127
sub-0054_P2,128,128
sub-0054_P2,129,136
sub-0054_P2,130,130
sub-0054_P2,131,131
sub-0054_P2,132,132
sub-0054_P2,133,133
sub-0054_P2,134,134
sub-0054_P2,135,135
sub-0054_P2,136,136
sub-0054_P2,137,137
sub-0054_P2,138,138
sub-0054_P2,139,139
sub-0054_P2,140,140
sub-0054_P2,141,141
sub-0054_P2,142,128
sub-0054_P2,143,143
sub-0054_P2,144,144
sub-0054_P2,145,145
sub-0054_P2,146,146
sub-0054_P2,147,147
sub-0054_P2,148,148
sub-0054_P2,149,142
sub-0054_P2,150,150
sub-0054_P2,151,151
sub-0054_P2,152,152
sub-0054_P2,153,153
sub-0054_P2,154,154
sub-0054_P2,155,155
sub-0054_P2,156,204
sub-0054_P2,157,157
sub-0054_P2,158,158
sub-0054_P2,159,159
sub-0054_P2,160,160
sub-0054_P2,161,161
sub-0054_P2,162,162
sub-0054_P2,163,163
sub-0054_P2,164,164
sub-0054_P2,165,165
sub-0054_P2,166,166
sub-0054_P2,167,136
sub-0054_P2,168,168
sub-0054_P2,169,169
sub-0054_P2,170,170
sub-0054_P2,171,171
sub-0054_P2,172,68
sub-0054_P2,173,173
sub-0054_P2,174,174
sub-0054_P2,175,175
sub-0054_P2,176,176
sub-0054_P2,177,177
sub-0054_P2,178,178
sub-0054_P2,179,179
sub-0054_P2,180,180
sub-0054_P2,181,181
sub-0054_P2,182,182
sub-0054_P2,183,183
sub-0054_P2,184,184
sub-0054_P2,185,185
sub-0054_P2,186,186
sub-0054_P2,187,210
sub-0054_P2,188,188
sub-0054_P2,189,189
sub-0054_P2,190,190
sub-0054_P2,191,191
sub-0054_P2,192,192
sub-0054_P2,193,193
sub-0054_P2,194,194
sub-0054_P2,195,195
sub-0054_P2,196,196
sub-0054_P2,197,197
sub-0054_P2,198,198
sub-0054_P2,199,199
sub-0054_P2,200,200
sub-0054_P2,201,201
sub-0054_P2,202,202
sub-0054_P2,203,203
sub-0054_P2,204,204
sub-0054_P2,205,204
sub-0054_P2,206,206
sub-0054_P2,207,207
sub-0054_P2,208,208
sub-0054_P2,209,209
sub-0054_P2,210,210
sub-0054_P2,211,217
sub-0054_P2,212,212
sub-0054_P2,213,213
sub-0054_P2,214,214
sub-0054_P2,215,215
sub-0054_P2,216,216
sub-0054_P2,217,217
sub-0054_P2,218,218
sub-0054_P2,219,219
sub-0054_P2,220,220
sub-0054_P2,221,221
sub-0054_P2,222,222
sub-0054_P2,223,223
sub-0054_P2,224,208
sub-0054_P2,225,225
sub-0054_P2,226,227
sub-0054_P2,227,227
sub-0054_P2,228,228
sub-0054_P2,229,227
sub-0054_P2,230,230
sub-0054_P2,231,231
sub-0055_P2,0,0
sub-0055_P2,1,1
sub-0055_P2,2,2
sub-0055_P2,3,3
sub-0055_P2,4,4
sub-0055_P2,5,5
sub-0055_P2,6,6
sub-0055_P2,7,7
sub-0055_P2,8,8
sub-0055_P2,9,9
sub-0055_P2,10,10
sub-0055_P2,11,11
sub-0055_P2,12,12
sub-0055_P2,13,13
sub-0055_P2,14,14
sub-0055_P2,15,15
sub-0055_P2,16,16
sub-0055_P2,17,17
sub-0055_P2,18,18
sub-0055_P2,19,19
sub-0055_P2,20,20
sub-0055_P2,21,21
sub-0055_P2,22,22
sub-0055_P2,23,23
sub-0055_P2,24,24
sub-0055_P2,25,25
sub-0055_P2,26,26
sub-0055_P2,27,27
sub-0055_P2,28,28
sub-0055_P2,29,29
sub-0055_P2,30,30
sub-0055_P2,31,31
sub-0055_P2,32,32
sub-0055_P2,33,33
sub-0055_P2,34,34
sub-0055_P2,35,35
sub-0055_P2,36,36
sub-0055_P2,37,37
sub-0055_P2,38,38
sub-0055_P2,39,39
sub-0055_P2,40,40
sub-0055_P2,41,41
sub-0055_P2,42,42
sub-0055_P2,43,43
sub-0055_P2,44,44
sub-0055_P2,45,45
sub-0055_P2,46,46
sub-0055_P2,47,47
sub-0055_P2,48,48
sub-0055_P2,49,49
sub-0055_P2,50,50
sub-0055_P2,51,51
sub-0055_P2,52,54
sub-0055_P2,53,53
sub-0055_P2,54,54
sub-0055_P2,55,55
sub-0055_P2,56,56
sub-0055_P2,57,57
sub-0055_P2,58,58
sub-0055_P2,59,59
sub-0055_P2,60,60
sub-0055_P2,61,61
sub-0055_P2,62,62
sub-0055_P2,63,63
sub-0055_P2,64,64
sub-0055_P2,65,65
sub-0055_P2,66,161
sub-0055_P2,67,67
sub-0055_P2,68,68
sub-0055_P2,69,69
sub-0055_P2,70,70
sub-0055_P2,71,71
sub-0055_P2,72,72
sub-0055_P2,73,73
sub-0055_P2,74,74
sub-0055_P2,75,75
sub-0055_P2,76,76
sub-0055_P2,77,77
sub-0055_P2,78,78
sub-0055_P2,79,79
sub-0055_P2,80,80
sub-0055_P2,81,81
sub-0055_P2,82,82
sub-0055_P2,83,83
sub-0055_P2,84,84
sub-0055_P2,85,85
sub-0055_P2,86,86
sub-0055_P2,87,87
sub-0055_P2,88,88
sub-0055_P2,89,89
sub-0055_P2,90,90
sub-0055_P2,91,91
sub-0055_P2,92,92
sub-0055_P2,93,93
sub-0055_P2,94,94
sub-0055_P2,95,95
sub-0055_P2,96,96
sub-0055_P2,97,97
sub-0055_P2,98,98
sub-0055_P2,99,99
sub-0055_P2,100,100
sub-0055_P2,101,101
sub-0055_P2,102,102
sub-0055_P2,103,103
sub-0055_P2,104,104
sub-0055_P2,105,105
sub-0055_P2,106,106
sub-0055_P2,107,107
sub-0055_P2,108,108
sub-0055_P2,109,109
sub-0055_P2,110,110
sub-0055_P2,111,111
sub-0055_P2,112,112
sub-0055_P2,113,113
sub-0055_P2,114,114
sub-0055_P2,115,115
sub-0055_P2,116,116
sub-0055_P2,117,117
sub-0055_P2,118,118
sub-0055_P2,119,119
sub-0055_P2,120,120
sub-0055_P2,121,121
sub-0055_P2,122,122
sub-0055_P2,123,123
sub-0055_P2,124,124
sub-0055_P2,125,125
sub-0055_P2,126,126
sub-0055_P2,127,127
sub-0055_P2,128,128
sub-0055_P2,129,129
sub-0055_P2,130,130
sub-0055_P2,131,95
sub-0055_P2,132,132
sub-0055_P2,133,133
sub-0055_P2,134,134
sub-0055_P2,135,135
sub-0055_P2,136,136
sub-0055_P2,137,137
sub-0055_P2,138,138
sub-0055_P2,139,139
sub-0055_P2,140,140
sub-0055_P2,141,141
sub-0055_P2,142,142
sub-0055_P2,143,143
sub-0055_P2,144,210
sub-0055_P2,145,145
sub-0055_P2,146,146
sub-0055_P2,147,147
sub-0055_P2,148,148
sub-0055_P2,149,149
sub-0055_P2,150,150
sub-0055_P2,151,151
sub-0055_P2,152,152
sub-0055_P2,153,153
sub-0055_P2,154,154
sub-0055_P2,155,155
sub-0055_P2,156,211
sub-0055_P2,157,157
sub-0055_P2,158,158
sub-0055_P2,159,159
sub-0055_P2,160,160
sub-0055_P2,161,161
sub-0055_P2,162,162
sub-0055_P2,163,163
sub-0055_P2,164,164
sub-0055_P2,165,165
sub-0055_P2,166,166
sub-0055_P2,167,142
sub-0055_P2,168,168
sub-0055_P2,169,169
sub-0055_P2,170,170
sub-0055_P2,171,171
sub-0055_P2,172,172
sub-0055_P2,173,173
sub-0055_P2,174,174
sub-0055_P2,175,175
sub-0055_P2,176,176
sub-0055_P2,177,177
sub-0055_P2,178,178
sub-0055_P2,179,179
sub-0055_P2,180,180
sub-0055_P2,181,181
sub-0055_P2,182,182
sub-0055_P2,183,183
sub-0055_P2,184,184
sub-0055_P2,185,185
sub-0055_P2,186,186
sub-0055_P2,187,211
sub-0055_P2,188,188
sub-0055_P2,189,189
sub-0055_P2,190,190
sub-0055_P2,191,191
sub-0055_P2,192,192
sub-0055_P2,193,193
sub-0055_P2,194,194
sub-0055_P2,195,195
sub-0055_P2,196,219
sub-0055_P2,197,197
sub-0055_P2,198,198
sub-0055_P2,199,199
sub-0055_P2,200,200
sub-0055_P2,201,201
sub-0055_P2,202,54
sub-0055_P2,203,203
sub-0055_P2,204,217
sub-0055_P2,205,205
sub-0055_P2,206,206
sub-0055_P2,207,207
sub-0055_P2,208,208
sub-0055_P2,209,209
sub-0055_P2,210,210
sub-0055_P2,211,210
sub-0055_P2,212,212
sub-0055_P2,213,213
sub-0055_P2,214,214
sub-0055_P2,215,215
sub-0055_P2,216,216
sub-0055_P2,217,52
sub-0055_P2,218,52
sub-0055_P2,219,219
sub-0055_P2,220,220
sub-0055_P2,221,221
sub-0055_P2,222,222
sub-0055_P2,223,223
sub-0055_P2,224,224
sub-0055_P2,225,208
sub-0055_P2,226,210
sub-0055_P2,227,211
sub-0055_P2,228,228
sub-0055_P2,229,229
sub-0055_P2,230,230
sub-0055_P2,231,231
sub-0056_P2,0,0
sub-0056_P2,1,1
sub-0056_P2,2,2
sub-0056_P2,3,3
sub-0056_P2,4,4
sub-0056_P2,5,5
sub-0056_P2,6,6
sub-0056_P2,7,7
sub-0056_P2,8,8
sub-0056_P2,9,9
sub-0056_P2,10,10
sub-0056_P2,11,11
sub-0056_P2,12,12
sub-0056_P2,13,13
sub-0056_P2,14,14
sub-0056_P2,15,16
sub-0056_P2,16,16
sub-0056_P2,17,17
sub-0056_P2,18,18
sub-0056_P2,19,19
sub-0056_P2,20,20
sub-0056_P2,21,21
sub-0056_P2,22,22
sub-0056_P2,23,23
sub-0056_P2,24,24
sub-0056_P2,25,25
sub-0056_P2,26,26
sub-0056_P2,27,27
sub-0056_P2,28,28
sub-0056_P2,29,29
sub-0056_P2,30,30
sub-0056_P2,31,31
sub-0056_P2,32,32
sub-0056_P2,33,33
sub-0056_P2,34,34
sub-0056_P2,35,35
sub-0056_P2,36,36
sub-0056_P2,37,37
sub-0056_P2,38,38
sub-0056_P2,39,39
sub-0056_P2,40,40
sub-0056_P2,41,41
sub-0056_P2,42,42
sub-0056_P2,43,43
sub-0056_P2,44,44
sub-0056_P2,45,45
sub-0056_P2,46,46
sub-0056_P2,47,47
sub-0056_P2,48,48
sub-0056_P2,49,49
sub-0056_P2,50,50
sub-0056_P2,51,51
sub-0056_P2,52,52
sub-0056_P2,53,53
sub-0056_P2,54,54
sub-0056_P2,55,55
sub-0056_P2,56,56
sub-0056_P2,57,57
sub-0056_P2,58,58
sub-0056_P2,59,59
sub-0056_P2,60,60
sub-0056_P2,61,61
sub-0056_P2,62,62
sub-0056_P2,63,63
sub-0056_P2,64,63
sub-0056_P2,65,65
sub-0056_P2,66,66
sub-0056_P2,67,67
sub-0056_P2,68,80
sub-0056_P2,69,69
sub-0056_P2,70,70
sub-0056_P2,71,71
sub-0056_P2,72,72
sub-0056_P2,73,73
sub-0056_P2,74,74
sub-0056_P2,75,75
sub-0056_P2,76,76
sub-0056_P2,77,77
sub-0056_P2,78,78
sub-0056_P2,79,79
sub-0056_P2,80,80
sub-0056_P2,81,81
sub-0056_P2,82,82
sub-0056_P2,83,83
sub-0056_P2,84,84
sub-0056_P2,85,85
sub-0056_P2,86,86
sub-0056_P2,87,87
sub-0056_P2,88,88
sub-0056_P2,89,89
sub-0056_P2,90,90
sub-0056_P2,91,91
sub-0056_P2,92,92
sub-0056_P2,93,93
sub-0056_P2,94,94
sub-0056_P2,95,95
sub-0056_P2,96,96
sub-0056_P2,97,97
sub-0056_P2,98,98
sub-0056_P2,99,54
sub-0056_P2,100,100
sub-0056_P2,101,101
sub-0056_P2,102,102
sub-0056_P2,103,103
sub-0056_P2,104,104
sub-0056_P2,105,105
sub-0056_P2,106,111
sub-0056_P2,107,107
sub-0056_P2,108,108
sub-0056_P2,109,109
sub-0056_P2,110,110
sub-0056_P2,111,111
sub-0056_P2,112,112
sub-0056_P2,113,113
sub-0056_P2,114,114
sub-0056_P2,115,115
sub-0056_P2,116,116
sub-0056_P2,117,117
sub-0056_P2,118,118
sub-0056_P2,119,119
sub-0056_P2,120,120
sub-0056_P2,121,121
sub-0056_P2,122,122
sub-0056_P2,123,123
sub-0056_P2,124,124
sub-0056_P2,125,125
sub-0056_P2,126,126
sub-0056_P2,127,127
sub-0056_P2,128,128
sub-0056_P2,129,129
sub-0056_P2,130,130
sub-0056_P2,131,199
sub-0056_P2,132,132
sub-0056_P2,133,133
sub-0056_P2,134,134
sub-0056_P2,135,135
sub-0056_P2,136,136
sub-0056_P2,137,137
sub-0056_P2,138,138
sub-0056_P2,139,139
sub-0056_P2,140,140
sub-0056_P2,141,141
sub-0056_P2,142,142
sub-0056_P2,143,143
sub-0056_P2,144,144
sub-0056_P2,145,145
sub-0056_P2,146,146
sub-0056_P2,147,147
sub-0056_P2,148,148
sub-0056_P2,149,149
sub-0056_P2,150,150
sub-0056_P2,151,151
sub-0056_P2,152,152
sub-0056_P2,153,153
sub-0056_P2,154,154
sub-0056_P2,155,155
sub-0056_P2,156,156
sub-0056_P2,157,157
sub-0056_P2,158,158
sub-0056_P2,159,159
sub-0056_P2,160,160
sub-0056_P2,161,161
sub-0056_P2,162,162
sub-0056_P2,163,163
sub-0056_P2,164,164
sub-0056_P2,165,165
sub-0056_P2,166,166
sub-0056_P2,167,167
sub-0056_P2,168,168
sub-0056_P2,169,169
sub-0056_P2,170,170
sub-0056_P2,171,171
sub-0056_P2,172,168
sub-0056_P2,173,173
sub-0056_P2,174,174
sub-0056_P2,175,175
sub-0056_P2,176,162
sub-0056_P2,177,177
sub-0056_P2,178,178
sub-0056_P2,179,179
sub-0056_P2,180,180
sub-0056_P2,181,181
sub-0056_P2,182,182
sub-0056_P2,183,183
sub-0056_P2,184,184
sub-0056_P2,185,185
sub-0056_P2,186,186
sub-0056_P2,187,199
sub-0056_P2,188,188
sub-0056_P2,189,189
sub-0056_P2,190,190
sub-0056_P2,191,191
sub-0056_P2,192,192
sub-0056_P2,193,193
sub-0056_P2,194,194
sub-0056_P2,195,195
sub-0056_P2,196,196
sub-0056_P2,197,197
sub-0056_P2,198,198
sub-0056_P2,199,199
sub-0056_P2,200,200
sub-0056_P2,201,201
sub-0056_P2,202,202
sub-0056_P2,203,203
sub-0056_P2,204,204
sub-0056_P2,205,205
sub-0056_P2,206,206
sub-0056_P2,207,207
sub-0056_P2,208,208
sub-0056_P2,209,211
sub-0056_P2,210,226
sub-0056_P2,211,211
sub-0056_P2,212,212
sub-0056_P2,213,213
sub-0056_P2,214,214
sub-0056_P2,215,215
sub-0056_P2,216,216
sub-0056_P2,217,217
sub-0056_P2,218,218
sub-0056_P2,219,219
sub-0056_P2,220,220
sub-0056_P2,221,221
sub-0056_P2,222,222
sub-0056_P2,223,224
sub-0056_P2,224,224
sub-0056_P2,225,225
sub-0056_P2,226,226
sub-0056_P2,227,208
sub-0056_P2,228,228
sub-0056_P2,229,229
sub-0056_P2,230,230
sub-0056_P2,231,231
sub-0057_P2,0,0
sub-0057_P2,1,1
sub-0057_P2,2,2
sub-0057_P2,3,3
sub-0057_P2,4,4
sub-0057_P2,5,5
sub-0057_P2,6,6
sub-0057_P2,7,7
sub-0057_P2,8,8
sub-0057_P2,9,9
sub-0057_P2,10,10
sub-0057_P2,11,11
sub-0057_P2,12,12
sub-0057_P2,13,13
sub-0057_P2,14,14
sub-0057_P2,15,15
sub-0057_P2,16,16
sub-0057_P2,17,17
sub-0057_P2,18,18
sub-0057_P2,19,19
sub-0057_P2,20,20
sub-0057_P2,21,21
sub-0057_P2,22,22
sub-0057_P2,23,23
sub-0057_P2,24,24
sub-0057_P2,25,25
sub-0057_P2,26,26
sub-0057_P2,27,27
sub-0057_P2,28,28
sub-0057_P2,29,29
sub-0057_P2,30,30
sub-0057_P2,31,31
sub-0057_P2,32,32
sub-0057_P2,33,33
sub-0057_P2,34,116
sub-0057_P2,35,35
sub-0057_P2,36,36
sub-0057_P2,37,37
sub-0057_P2,38,38
sub-0057_P2,39,39
sub-0057_P2,40,40
sub-0057_P2,41,41
sub-0057_P2,42,42
sub-0057_P2,43,43
sub-0057_P2,44,44
sub-0057_P2,45,45
sub-0057_P2,46,46
sub-0057_P2,47,47
sub-0057_P2,48,48
sub-0057_P2,49,49
sub-0057_P2,50,227
sub-0057_P2,51,51
sub-0057_P2,52,52
sub-0057_P2,53,53
sub-0057_P2,54,54
sub-0057_P2,55,55
sub-0057_P2,56,56
sub-0057_P2,57,57
sub-0057_P2,58,58
sub-0057_P2,59,59
sub-0057_P2,60,175
sub-0057_P2,61,61
sub-0057_P2,62,62
sub-0057_P2,63,63
sub-0057_P2,64,64
sub-0057_P2,65,65
sub-0057_P2,66,66
sub-0057_P2,67,67
sub-0057_P2,68,68
sub-0057_P2,69,69
sub-0057_P2,70,70
sub-0057_P2,71,71
sub-0057_P2,72,72
sub-0057_P2,73,73
sub-0057_P2,74,74
sub-0057_P2,75,75
sub-0057_P2,76,76
sub-0057_P2,77,77
sub-0057_P2,78,78
sub-0057_P2,79,79
sub-0057_P2,80,80
sub-0057_P2,81,81
sub-0057_P2,82,82
sub-0057_P2,83,83
sub-0057_P2,84,84
sub-0057_P2,85,85
sub-0057_P2,86,86
sub-0057_P2,87,87
sub-0057_P2,88,88
sub-0057_P2,89,89
sub-0057_P2,90,90
sub-0057_P2,91,81
sub-0057_P2,92,202
sub-0057_P2,93,93
sub-0057_P2,94,94
sub-0057_P2,95,175
sub-0057_P2,96,96
sub-0057_P2,97,97
sub-0057_P2,98,98
sub-0057_P2,99,99
sub-0057_P2,100,100
sub-0057_P2,101,101
sub-0057_P2,102,102
sub-0057_P2,103,103
sub-0057_P2,104,104
sub-0057_P2,105,105
sub-0057_P2,106,106
sub-0057_P2,107,8
sub-0057_P2,108,108
sub-0057_P2,109,109
sub-0057_P2,110,110
sub-0057_P2,111,111
sub-0057_P2,112,112
sub-0057_P2,113,113
sub-0057_P2,114,114
sub-0057_P2,115,115
sub-0057_P2,116,116
sub-0057_P2,117,117
sub-0057_P2,118,118
sub-0057_P2,119,119
sub-0057_P2,120,120
sub-0057_P2,121,121
sub-0057_P2,122,122
sub-0057_P2,123,123
sub-0057_P2,124,124
sub-0057_P2,125,125
sub-0057_P2,126,126
sub-0057_P2,127,127
sub-0057_P2,128,128
sub-0057_P2,129,129
sub-0057_P2,130,130
sub-0057_P2,131,131
sub-0057_P2,132,132
sub-0057_P2,133,133
sub-0057_P2,134,134
sub-0057_P2,135,135
sub-0057_P2,136,136
sub-0057_P2,137,137
sub-0057_P2,138,138
sub-0057_P2,139,139
sub-0057_P2,140,140
sub-0057_P2,141,141
sub-0057_P2,142,142
sub-0057_P2,143,55
sub-0057_P2,144,144
sub-0057_P2,145,145
sub-0057_P2,146,146
sub-0057_P2,147,147
sub-0057_P2,148,148
sub-0057_P2,149,149
sub-0057_P2,150,150
sub-0057_P2,151,151
sub-0057_P2,152,152
sub-0057_P2,153,153
sub-0057_P2,154,154
sub-0057_P2,155,155
sub-0057_P2,156,156
sub-0057_P2,157,157
sub-0057_P2,158,158
sub-0057_P2,159,159
sub-0057_P2,160,143
sub-0057_P2,161,161
sub-0057_P2,162,162
sub-0057_P2,163,163
sub-0057_P2,164,164
sub-0057_P2,165,165
sub-0057_P2,166,166
sub-0057_P2,167,167
sub-0057_P2,168,168
sub-0057_P2,169,169
sub-0057_P2,170,170
sub-0057_P2,171,171
sub-0057_P2,172,172
sub-0057_P2,173,173
sub-0057_P2,174,174
sub-0057_P2,175,175
sub-0057_P2,176,176
sub-0057_P2,177,177
sub-0057_P2,178,178
sub-0057_P2,179,179
sub-0057_P2,180,180
sub-0057_P2,181,181
sub-0057_P2,182,182
sub-0057_P2,183,183
sub-0057_P2,184,184
sub-0057_P2,185,185
sub-0057_P2,186,186
sub-0057_P2,187,187
sub-0057_P2,188,188
sub-0057_P2,189,189
sub-0057_P2,190,190
sub-0057_P2,191,191
sub-0057_P2,192,192
sub-0057_P2,193,193
sub-0057_P2,194,194
sub-0057_P2,195,195
sub-0057_P2,196,196
sub-0057_P2,197,197
sub-0057_P2,198,198
sub-0057_P2,199,199
sub-0057_P2,200,200
sub-0057_P2,201,201
sub-0057_P2,202,202
sub-0057_P2,203,203
sub-0057_P2,204,204
sub-0057_P2,205,205
sub-0057_P2,206,206
sub-0057_P2,207,207
sub-0057_P2,208,208
sub-0057_P2,209,177
sub-0057_P2,210,227
sub-0057_P2,211,211
sub-0057_P2,212,212
sub-0057_P2,213,213
sub-0057_P2,214,214
sub-0057_P2,215,215
sub-0057_P2,216,216
sub-0057_P2,217,217
sub-0057_P2,218,218
sub-0057_P2,219,219
sub-0057_P2,220,226
sub-0057_P2,221,221
sub-0057_P2,222,222
sub-0057_P2,223,223
sub-0057_P2,224,209
sub-0057_P2,225,225
sub-0057_P2,226,211
sub-0057_P2,227,211
sub-0057_P2,228,228
sub-0057_P2,229,229
sub-0057_P2,230,230
sub-0057_P2,231,231
sub-0058_P2,0,0
sub-0058_P2,1,1
sub-0058_P2,2,2
sub-0058_P2,3,3
sub-0058_P2,4,4
sub-0058_P2,5,5
sub-0058_P2,6,6
sub-0058_P2,7,7
sub-0058_P2,8,8
sub-0058_P2,9,9
sub-0058_P2,10,10
sub-0058_P2,11,11
sub-0058_P2,12,12
sub-0058_P2,13,13
sub-0058_P2,14,14
sub-0058_P2,15,122
sub-0058_P2,16,16
sub-0058_P2,17,17
sub-0058_P2,18,18
sub-0058_P2,19,19
sub-0058_P2,20,20
sub-0058_P2,21,21
sub-0058_P2,22,22
sub-0058_P2,23,23
sub-0058_P2,24,24
sub-0058_P2,25,25
sub-0058_P2,26,26
sub-0058_P2,27,27
sub-0058_P2,28,28
sub-0058_P2,29,29
sub-0058_P2,30,30
sub-0058_P2,31,31
sub-0058_P2,32,32
sub-0058_P2,33,33
sub-0058_P2,34,34
sub-0058_P2,35,35
sub-0058_P2,36,36
sub-0058_P2,37,37
sub-0058_P2,38,38
sub-0058_P2,39,39
sub-0058_P2,40,40
sub-0058_P2,41,41
sub-0058_P2,42,42
sub-0058_P2,43,43
sub-0058_P2,44,44
sub-0058_P2,45,45
sub-0058_P2,46,144
sub-0058_P2,47,47
sub-0058_P2,48,48
sub-0058_P2,49,49
sub-0058_P2,50,50
sub-0058_P2,51,51
sub-0058_P2,52,52
sub-0058_P2,53,53
sub-0058_P2,54,54
sub-0058_P2,55,55
sub-0058_P2,56,98
sub-0058_P2,57,57
sub-0058_P2,58,58
sub-0058_P2,59,59
sub-0058_P2,60,60
sub-0058_P2,61,61
sub-0058_P2,62,62
sub-0058_P2,63,63
sub-0058_P2,64,64
sub-0058_P2,65,65
sub-0058_P2,66,66
sub-0058_P2,67,67
sub-0058_P2,68,68
sub-0058_P2,69,69
sub-0058_P2,70,70
sub-0058_P2,71,71
sub-0058_P2,72,72
sub-0058_P2,73,73
sub-0058_P2,74,74
sub-0058_P2,75,75
sub-0058_P2,76,76
sub-0058_P2,77,77
sub-0058_P2,78,78
sub-0058_P2,79,79
sub-0058_P2,80,80
sub-0058_P2,81,81
sub-0058_P2,82,82
sub-0058_P2,83,83
sub-0058_P2,84,84
sub-0058_P2,85,85
sub-0058_P2,86,86
sub-0058_P2,87,87
sub-0058_P2,88,88
sub-0058_P2,89,89
sub-0058_P2,90,90
sub-0058_P2,91,91
sub-0058_P2,92,92
sub-0058_P2,93,93
sub-0058_P2,94,94
sub-0058_P2,95,95
sub-0058_P2,96,96
sub-0058_P2,97,97
sub-0058_P2,98,98
sub-0058_P2,99,99
sub-0058_P2,100,100
sub-0058_P2,101,101
sub-0058_P2,102,102
sub-0058_P2,103,103
sub-0058_P2,104,104
sub-0058_P2,105,105
sub-0058_P2,106,106
sub-0058_P2,107,107
sub-0058_P2,108,108
sub-0058_P2,109,109
sub-0058_P2,110,110
sub-0058_P2,111,111
sub-0058_P2,112,112
sub-0058_P2,113,113
sub-0058_P2,114,114
sub-0058_P2,115,115
sub-0058_P2,116,116
sub-0058_P2,117,117
sub-0058_P2,118,118
sub-0058_P2,119,119
sub-0058_P2,120,120
sub-0058_P2,121,121
sub-0058_P2,122,122
sub-0058_P2,123,123
sub-0058_P2,124,124
sub-0058_P2,125,125
sub-0058_P2,126,126
sub-0058_P2,127,127
sub-0058_P2,128,128
sub-0058_P2,129,129
sub-0058_P2,130,130
sub-0058_P2,131,131
sub-0058_P2,132,132
sub-0058_P2,133,133
sub-0058_P2,134,134
sub-0058_P2,135,135
sub-0058_P2,136,136
sub-0058_P2,137,137
sub-0058_P2,138,138
sub-0058_P2,139,139
sub-0058_P2,140,140
sub-0058_P2,141,141
sub-0058_P2,142,142
sub-0058_P2,143,143
sub-0058_P2,144,144
sub-0058_P2,145,145
sub-0058_P2,146,146
sub-0058_P2,147,147
sub-0058_P2,148,148
sub-0058_P2,149,149
sub-0058_P2,150,150
sub-0058_P2,151,151
sub-0058_P2,152,152
sub-0058_P2,153,153
sub-0058_P2,154,154
sub-0058_P2,155,155
sub-0058_P2,156,156
sub-0058_P2,157,157
sub-0058_P2,158,158
sub-0058_P2,159,159
sub-0058_P2,160,160
sub-0058_P2,161,53
sub-0058_P2,162,162
sub-0058_P2,163,163
sub-0058_P2,164,164
sub-0058_P2,165,165
sub-0058_P2,166,166
sub-0058_P2,167,167
sub-0058_P2,168,168
sub-0058_P2,169,169
sub-0058_P2,170,170
sub-0058_P2,171,171
sub-0058_P2,172,172
sub-0058_P2,173,173
sub-0058_P2,174,174
sub-0058_P2,175,175
sub-0058_P2,176,176
sub-0058_P2,177,177
sub-0058_P2,178,178
sub-0058_P2,179,179
sub-0058_P2,180,180
sub-0058_P2,181,181
sub-0058_P2,182,182
sub-0058_P2,183,183
sub-0058_P2,184,184
sub-0058_P2,185,185
sub-0058_P2,186,186
sub-0058_P2,187,187
sub-0058_P2,188,188
sub-0058_P2,189,189
sub-0058_P2,190,190
sub-0058_P2,191,191
sub-0058_P2,192,192
sub-0058_P2,193,193
sub-0058_P2,194,194
sub-0058_P2,195,195
sub-0058_P2,196,196
sub-0058_P2,197,197
sub-0058_P2,198,27
sub-0058_P2,199,199
sub-0058_P2,200,200
sub-0058_P2,201,201
sub-0058_P2,202,202
sub-0058_P2,203,203
sub-0058_P2,204,204
sub-0058_P2,205,205
sub-0058_P2,206,206
sub-0058_P2,207,207
sub-0058_P2,208,55
sub-0058_P2,209,209
sub-0058_P2,210,210
sub-0058_P2,211,211
sub-0058_P2,212,212
sub-0058_P2,213,213
sub-0058_P2,214,214
sub-0058_P2,215,215
sub-0058_P2,216,216
sub-0058_P2,217,200
sub-0058_P2,218,218
sub-0058_P2,219,219
sub-0058_P2,220,220
sub-0058_P2,221,221
sub-0058_P2,222,222
sub-0058_P2,223,223
sub-0058_P2,224,221
sub-0058_P2,225,225
sub-0058_P2,226,226
sub-0058_P2,227,227
sub-0058_P2,228,228
sub-0058_P2,229,229
sub-0058_P2,230,230
sub-0058_P2,231,231
sub-0059_P2,0,0
sub-0059_P2,1,227
sub-0059_P2,2,2
sub-0059_P2,3,3
sub-0059_P2,4,4
sub-0059_P2,5,5
sub-0059_P2,6,6
sub-0059_P2,7,7
sub-0059_P2,8,8
sub-0059_P2,9,9
sub-0059_P2,10,10
sub-0059_P2,11,11
sub-0059_P2,12,12
sub-0059_P2,13,13
sub-0059_P2,14,14
sub-0059_P2,15,15
sub-0059_P2,16,16
sub-0059_P2,17,17
sub-0059_P2,18,18
sub-0059_P2,19,19
sub-0059_P2,20,20
sub-0059_P2,21,21
sub-0059_P2,22,205
sub-0059_P2,23,23
sub-0059_P2,24,24
sub-0059_P2,25,25
sub-0059_P2,26,26
sub-0059_P2,27,54
sub-0059_P2,28,28
sub-0059_P2,29,29
sub-0059_P2,30,30
sub-0059_P2,31,31
sub-0059_P2,32,32
sub-0059_P2,33,33
sub-0059_P2,34,34
sub-0059_P2,35,35
sub-0059_P2,36,36
sub-0059_P2,37,37
sub-0059_P2,38,38
sub-0059_P2,39,39
sub-0059_P2,40,40
sub-0059_P2,41,41
sub-0059_P2,42,42
sub-0059_P2,43,179
sub-0059_P2,44,44
sub-0059_P2,45,45
sub-0059_P2,46,46
sub-0059_P2,47,70
sub-0059_P2,48,48
sub-0059_P2,49,49
sub-0059_P2,50,52
sub-0059_P2,51,99
sub-0059_P2,52,52
sub-0059_P2,53,53
sub-0059_P2,54,54
sub-0059_P2,55,206
sub-0059_P2,56,56
sub-0059_P2,57,57
sub-0059_P2,58,58
sub-0059_P2,59,59
sub-0059_P2,60,60
sub-0059_P2,61,46
sub-0059_P2,62,62
sub-0059_P2,63,63
sub-0059_P2,64,64
sub-0059_P2,65,65
sub-0059_P2,66,66
sub-0059_P2,67,67
sub-0059_P2,68,68
sub-0059_P2,69,69
sub-0059_P2,70,70
sub-0059_P2,71,71
sub-0059_P2,72,72
sub-0059_P2,73,73
sub-0059_P2,74,74
sub-0059_P2,75,75
sub-0059_P2,76,76
sub-0059_P2,77,77
sub-0059_P2,78,78
sub-0059_P2,79,79
sub-0059_P2,80,80
sub-0059_P2,81,81
sub-0059_P2,82,82
sub-0059_P2,83,83
sub-0059_P2,84,84
sub-0059_P2,85,85
sub-0059_P2,86,86
sub-0059_P2,87,87
sub-0059_P2,88,88
sub-0059_P2,89,89
sub-0059_P2,90,90
sub-0059_P2,91,91
sub-0059_P2,92,50
sub-0059_P2,93,93
sub-0059_P2,94,94
sub-0059_P2,95,95
sub-0059_P2,96,96
sub-0059_P2,97,97
sub-0059_P2,98,98
sub-0059_P2,99,99
sub-0059_P2,100,100
sub-0059_P2,101,101
sub-0059_P2,102,102
sub-0059_P2,103,0
sub-0059_P2,104,104
sub-0059_P2,105,105
sub-0059_P2,106,106
sub-0059_P2,107,107
sub-0059_P2,108,108
sub-0059_P2,109,109
sub-0059_P2,110,110
sub-0059_P2,111,111
sub-0059_P2,112,112
sub-0059_P2,113,113
sub-0059_P2,114,114
sub-0059_P2,115,115
sub-0059_P2,116,116
sub-0059_P2,117,117
sub-0059_P2,118,118
sub-0059_P2,119,119
sub-0059_P2,120,120
sub-0059_P2,121,121
sub-0059_P2,122,122
sub-0059_P2,123,123
sub-0059_P2,124,124
sub-0059_P2,125,125
sub-0059_P2,126,126
sub-0059_P2,127,127
sub-0059_P2,128,128
sub-0059_P2,129,129
sub-0059_P2,130,130
sub-0059_P2,131,131
sub-0059_P2,132,132
sub-0059_P2,133,133
sub-0059_P2,134,134
sub-0059_P2,135,135
sub-0059_P2,136,136
sub-0059_P2,137,137
sub-0059_P2,138,138
sub-0059_P2,139,139
sub-0059_P2,140,140
sub-0059_P2,141,141
sub-0059_P2,142,142
sub-0059_P2,143,143
sub-0059_P2,144,144
sub-0059_P2,145,145
sub-0059_P2,146,146
sub-0059_P2,147,147
sub-0059_P2,148,148
sub-0059_P2,149,149
sub-0059_P2,150,150
sub-0059_P2,151,151
sub-0059_P2,152,152
sub-0059_P2,153,153
sub-0059_P2,154,154
sub-0059_P2,155,155
sub-0059_P2,156,156
sub-0059_P2,157,157
sub-0059_P2,158,158
sub-0059_P2,159,87
sub-0059_P2,160,160
sub-0059_P2,161,82
sub-0059_P2,162,210
sub-0059_P2,163,163
sub-0059_P2,164,164
sub-0059_P2,165,165
sub-0059_P2,166,166
sub-0059_P2,167,167
sub-0059_P2,168,168
sub-0059_P2,169,169
sub-0059_P2,170,170
sub-0059_P2,171,171
sub-0059_P2,172,172
sub-0059_P2,173,173
sub-0059_P2,174,174
sub-0059_P2,175,175
sub-0059_P2,176,176
sub-0059_P2,177,177
sub-0059_P2,178,178
sub-0059_P2,179,179
sub-0059_P2,180,180
sub-0059_P2,181,181
sub-0059_P2,182,182
sub-0059_P2,183,183
sub-0059_P2,184,184
sub-0059_P2,185,185
sub-0059_P2,186,87
sub-0059_P2,187,187
sub-0059_P2,188,188
sub-0059_P2,189,189
sub-0059_P2,190,190
sub-0059_P2,191,191
sub-0059_P2,192,192
sub-0059_P2,193,193
sub-0059_P2,194,194
sub-0059_P2,195,195
sub-0059_P2,196,196
sub-0059_P2,197,197
sub-0059_P2,198,198
sub-0059_P2,199,199
sub-0059_P2,200,218
sub-0059_P2,201,201
sub-0059_P2,202,202
sub-0059_P2,203,203
sub-0059_P2,204,204
sub-0059_P2,205,205
sub-0059_P2,206,206
sub-0059_P2,207,207
sub-0059_P2,208,208
sub-0059_P2,209,209
sub-0059_P2,210,210
sub-0059_P2,211,211
sub-0059_P2,212,212
sub-0059_P2,213,213
sub-0059_P2,214,214
sub-0059_P2,215,215
sub-0059_P2,216,216
sub-0059_P2,217,217
sub-0059_P2,218,218
sub-0059_P2,219,219
sub-0059_P2,220,220
sub-0059_P2,221,221
sub-0059_P2,222,222
sub-0059_P2,223,223
sub-0059_P2,224,224
sub-0059_P2,225,225
sub-0059_P2,226,210
sub-0059_P2,227,227
sub-0059_P2,228,228
sub-0059_P2,229,229
sub-0059_P2,230,230
sub-0059_P2,231,231
sub-0060_P2,0,0
sub-0060_P2,1,1
sub-0060_P2,2,2
sub-0060_P2,3,102
sub-0060_P2,4,4
sub-0060_P2,5,5
sub-0060_P2,6,6
sub-0060_P2,7,7
sub-0060_P2,8,210
sub-0060_P2,9,9
sub-0060_P2,10,10
sub-0060_P2,11,11
sub-0060_P2,12,12
sub-0060_P2,13,13
sub-0060_P2,14,14
sub-0060_P2,15,15
sub-0060_P2,16,16
sub-0060_P2,17,17
sub-0060_P2,18,18
sub-0060_P2,19,19
sub-0060_P2,20,92
sub-0060_P2,21,21
sub-0060_P2,22,22
sub-0060_P2,23,23
sub-0060_P2,24,24
sub-0060_P2,25,25
sub-0060_P2,26,26
sub-0060_P2,27,27
sub-0060_P2,28,28
sub-0060_P2,29,29
sub-0060_P2,30,30
sub-0060_P2,31,31
sub-0060_P2,32,32
sub-0060_P2,33,33
sub-0060_P2,34,34
sub-0060_P2,35,35
sub-0060_P2,36,36
sub-0060_P2,37,37
sub-0060_P2,38,38
sub-0060_P2,39,39
sub-0060_P2,40,40
sub-0060_P2,41,41
sub-0060_P2,42,42
sub-0060_P2,43,43
sub-0060_P2,44,44
sub-0060_P2,45,45
sub-0060_P2,46,46
sub-0060_P2,47,47
sub-0060_P2,48,48
sub-0060_P2,49,49
sub-0060_P2,50,50
sub-0060_P2,51,51
sub-0060_P2,52,52
sub-0060_P2,53,53
sub-0060_P2,54,157
sub-0060_P2,55,55
sub-0060_P2,56,56
sub-0060_P2,57,57
sub-0060_P2,58,58
sub-0060_P2,59,59
sub-0060_P2,60,60
sub-0060_P2,61,61
sub-0060_P2,62,62
sub-0060_P2,63,63
sub-0060_P2,64,64
sub-0060_P2,65,65
sub-0060_P2,66,92
sub-0060_P2,67,67
sub-0060_P2,68,68
sub-0060_P2,69,69
sub-0060_P2,70,70
sub-0060_P2,71,71
sub-0060_P2,72,72
sub-0060_P2,73,73
sub-0060_P2,74,74
sub-0060_P2,75,75
sub-0060_P2,76,76
sub-0060_P2,77,77
sub-0060_P2,78,78
sub-0060_P2,79,79
sub-0060_P2,80,80
sub-0060_P2,81,81
sub-0060_P2,82,82
sub-0060_P2,83,83
sub-0060_P2,84,84
sub-0060_P2,85,85
sub-0060_P2,86,86
sub-0060_P2,87,87
sub-0060_P2,88,88
sub-0060_P2,89,89
sub-0060_P2,90,90
sub-0060_P2,91,91
sub-0060_P2,92,92
sub-0060_P2,93,93
sub-0060_P2,94,90
sub-0060_P2,95,95
sub-0060_P2,96,96
sub-0060_P2,97,97
sub-0060_P2,98,98
sub-0060_P2,99,99
sub-0060_P2,100,100
sub-0060_P2,101,101
sub-0060_P2,102,102
sub-0060_P2,103,0
sub-0060_P2,104,104
sub-0060_P2,105,105
sub-0060_P2,106,106
sub-0060_P2,107,7
sub-0060_P2,108,9
sub-0060_P2,109,109
sub-0060_P2,110,110
sub-0060_P2,111,111
sub-0060_P2,112,112
sub-0060_P2,113,113
sub-0060_P2,114,114
sub-0060_P2,115,115
sub-0060_P2,116,116
sub-0060_P2,117,117
sub-0060_P2,118,118
sub-0060_P2,119,119
sub-0060_P2,120,120
sub-0060_P2,121,121
sub-0060_P2,122,122
sub-0060_P2,123,123
sub-0060_P2,124,124
sub-0060_P2,125,125
sub-0060_P2,126,70
sub-0060_P2,127,127
sub-0060_P2,128,128
sub-0060_P2,129,129
sub-0060_P2,130,130
sub-0060_P2,131,131
sub-0060_P2,132,30
sub-0060_P2,133,133
sub-0060_P2,134,134
sub-0060_P2,135,135
sub-0060_P2,136,136
sub-0060_P2,137,137
sub-0060_P2,138,138
sub-0060_P2,139,139
sub-0060_P2,140,140
sub-0060_P2,141,141
sub-0060_P2,142,142
sub-0060_P2,143,143
sub-0060_P2,144,144
sub-0060_P2,145,145
sub-0060_P2,146,146
sub-0060_P2,147,147
sub-0060_P2,148,148
sub-0060_P2,149,149
sub-0060_P2,150,150
sub-0060_P2,151,151
sub-0060_P2,152,152
sub-0060_P2,153,153
sub-0060_P2,154,154
sub-0060_P2,155,155
sub-0060_P2,156,156
sub-0060_P2,157,157
sub-0060_P2,158,158
sub-0060_P2,159,159
sub-0060_P2,160,160
sub-0060_P2,161,161
sub-0060_P2,162,54
sub-0060_P2,163,163
sub-0060_P2,164,164
sub-0060_P2,165,165
sub-0060_P2,166,166
sub-0060_P2,167,167
sub-0060_P2,168,168
sub-0060_P2,169,169
sub-0060_P2,170,170
sub-0060_P2,171,171
sub-0060_P2,172,172
sub-0060_P2,173,173
sub-0060_P2,174,174
sub-0060_P2,175,175
sub-0060_P2,176,176
sub-0060_P2,177,177
sub-0060_P2,178,178
sub-0060_P2,179,179
sub-0060_P2,180,180
sub-0060_P2,181,181
sub-0060_P2,182,182
sub-0060_P2,183,173
sub-0060_P2,184,184
sub-0060_P2,185,185
sub-0060_P2,186,186
sub-0060_P2,187,187
sub-0060_P2,188,188
sub-0060_P2,189,189
sub-0060_P2,190,190
sub-0060_P2,191,90
sub-0060_P2,192,192
sub-0060_P2,193,193
sub-0060_P2,194,194
sub-0060_P2,195,195
sub-0060_P2,196,198
sub-0060_P2,197,197
sub-0060_P2,198,198
sub-0060_P2,199,199
sub-0060_P2,200,158
sub-0060_P2,201,201
sub-0060_P2,202,203
sub-0060_P2,203,203
sub-0060_P2,204,204
sub-0060_P2,205,205
sub-0060_P2,206,206
sub-0060_P2,207,207
sub-0060_P2,208,208
sub-0060_P2,209,92
sub-0060_P2,210,210
sub-0060_P2,211,227
sub-0060_P2,212,212
sub-0060_P2,213,213
sub-0060_P2,214,214
sub-0060_P2,215,215
sub-0060_P2,216,216
sub-0060_P2,217,217
sub-0060_P2,218,218
sub-0060_P2,219,219
sub-0060_P2,220,205
sub-0060_P2,221,221
sub-0060_P2,222,222
sub-0060_P2,223,223
sub-0060_P2,224,224
sub-0060_P2,225,225
sub-0060_P2,226,226
sub-0060_P2,227,210
sub-0060_P2,228,228
sub-0060_P2,229,229
sub-0060_P2,230,230
sub-0060_P2,231,231
sub-0061_P2,0,0
sub-0061_P2,1,1
sub-0061_P2,2,2
sub-0061_P2,3,3
sub-0061_P2,4,4
sub-0061_P2,5,5
sub-0061_P2,6,6
sub-0061_P2,7,7
sub-0061_P2,8,8
sub-0061_P2,9,9
sub-0061_P2,10,10
sub-0061_P2,11,11
sub-0061_P2,12,12
sub-0061_P2,13,13
sub-0061_P2,14,14
sub-0061_P2,15,15
sub-0061_P2,16,16
sub-0061_P2,17,17
sub-0061_P2,18,18
sub-0061_P2,19,19
sub-0061_P2,20,20
sub-0061_P2,21,21
sub-0061_P2,22,22
sub-0061_P2,23,23
sub-0061_P2,24,24
sub-0061_P2,25,25
sub-0061_P2,26,26
sub-0061_P2,27,27
sub-0061_P2,28,28
sub-0061_P2,29,29
sub-0061_P2,30,30
sub-0061_P2,31,31
sub-0061_P2,32,133
sub-0061_P2,33,33
sub-0061_P2,34,34
sub-0061_P2,35,35
sub-0061_P2,36,36
sub-0061_P2,37,37
sub-0061_P2,38,38
sub-0061_P2,39,39
sub-0061_P2,40,40
sub-0061_P2,41,41
sub-0061_P2,42,42
sub-0061_P2,43,43
sub-0061_P2,44,44
sub-0061_P2,45,45
sub-0061_P2,46,46
sub-0061_P2,47,47
sub-0061_P2,48,48
sub-0061_P2,49,49
sub-0061_P2,50,50
sub-0061_P2,51,51
sub-0061_P2,52,52
sub-0061_P2,53,53
sub-0061_P2,54,54
sub-0061_P2,55,55
sub-0061_P2,56,56
sub-0061_P2,57,57
sub-0061_P2,58,63
sub-0061_P2,59,59
sub-0061_P2,60,140
sub-0061_P2,61,61
sub-0061_P2,62,63
sub-0061_P2,63,63
sub-0061_P2,64,202
sub-0061_P2,65,65
sub-0061_P2,66,66
sub-0061_P2,67,67
sub-0061_P2,68,68
sub-0061_P2,69,69
sub-0061_P2,70,70
sub-0061_P2,71,71
sub-0061_P2,72,72
sub-0061_P2,73,73
sub-0061_P2,74,74
sub-0061_P2,75,75
sub-0061_P2,76,76
sub-0061_P2,77,77
sub-0061_P2,78,78
sub-0061_P2,79,224
sub-0061_P2,80,80
sub-0061_P2,81,81
sub-0061_P2,82,82
sub-0061_P2,83,83
sub-0061_P2,84,84
sub-0061_P2,85,85
sub-0061_P2,86,86
sub-0061_P2,87,87
sub-0061_P2,88,88
sub-0061_P2,89,89
sub-0061_P2,90,90
sub-0061_P2,91,91
sub-0061_P2,92,92
sub-0061_P2,93,93
sub-0061_P2,94,94
sub-0061_P2,95,227
sub-0061_P2,96,96
sub-0061_P2,97,97
sub-0061_P2,98,98
sub-0061_P2,99,99
sub-0061_P2,100,100
sub-0061_P2,101,101
sub-0061_P2,102,102
sub-0061_P2,103,103
sub-0061_P2,104,104
sub-0061_P2,105,105
sub-0061_P2,106,106
sub-0061_P2,107,107
sub-0061_P2,108,108
sub-0061_P2,109,7
sub-0061_P2,110,110
sub-0061_P2,111,111
sub-0061_P2,112,112
sub-0061_P2,113,113
sub-0061_P2,114,114
sub-0061_P2,115,115
sub-0061_P2,116,116
sub-0061_P2,117,117
sub-0061_P2,118,118
sub-0061_P2,119,119
sub-0061_P2,120,120
sub-0061_P2,121,120
sub-0061_P2,122,122
sub-0061_P2,123,123
sub-0061_P2,124,124
sub-0061_P2,125,125
sub-0061_P2,126,126
sub-0061_P2,127,127
sub-0061_P2,128,128
sub-0061_P2,129,129
sub-0061_P2,130,130
sub-0061_P2,131,131
sub-0061_P2,132,132
sub-0061_P2,133,4
sub-0061_P2,134,134
sub-0061_P2,135,135
sub-0061_P2,136,136
sub-0061_P2,137,137
sub-0061_P2,138,138
sub-0061_P2,139,139
sub-0061_P2,140,140
sub-0061_P2,141,141
sub-0061_P2,142,142
sub-0061_P2,143,143
sub-0061_P2,144,144
sub-0061_P2,145,143
sub-0061_P2,146,228
sub-0061_P2,147,147
sub-0061_P2,148,148
sub-0061_P2,149,149
sub-0061_P2,150,150
sub-0061_P2,151,151
sub-0061_P2,152,152
sub-0061_P2,153,153
sub-0061_P2,154,154
sub-0061_P2,155,155
sub-0061_P2,156,156
sub-0061_P2,157,157
sub-0061_P2,158,158
sub-0061_P2,159,159
sub-0061_P2,160,160
sub-0061_P2,161,221
sub-0061_P2,162,162
sub-0061_P2,163,30
sub-0061_P2,164,164
sub-0061_P2,165,165
sub-0061_P2,166,166
sub-0061_P2,167,167
sub-0061_P2,168,65
sub-0061_P2,169,65
sub-0061_P2,170,170
sub-0061_P2,171,171
sub-0061_P2,172,172
sub-0061_P2,173,173
sub-0061_P2,174,174
sub-0061_P2,175,151
sub-0061_P2,176,176
sub-0061_P2,177,177
sub-0061_P2,178,174
sub-0061_P2,179,179
sub-0061_P2,180,180
sub-0061_P2,181,181
sub-0061_P2,182,182
sub-0061_P2,183,183
sub-0061_P2,184,184
sub-0061_P2,185,185
sub-0061_P2,186,186
sub-0061_P2,187,187
sub-0061_P2,188,188
sub-0061_P2,189,189
sub-0061_P2,190,190
sub-0061_P2,191,191
sub-0061_P2,192,192
sub-0061_P2,193,193
sub-0061_P2,194,194
sub-0061_P2,195,195
sub-0061_P2,196,196
sub-0061_P2,197,197
sub-0061_P2,198,30
sub-0061_P2,199,199
sub-0061_P2,200,200
sub-0061_P2,201,201
sub-0061_P2,202,202
sub-0061_P2,203,203
sub-0061_P2,204,204
sub-0061_P2,205,205
sub-0061_P2,206,206
sub-0061_P2,207,207
sub-0061_P2,208,208
sub-0061_P2,209,209
sub-0061_P2,210,226
sub-0061_P2,211,227
sub-0061_P2,212,212
sub-0061_P2,213,227
sub-0061_P2,214,214
sub-0061_P2,215,215
sub-0061_P2,216,216
sub-0061_P2,217,217
sub-0061_P2,218,218
sub-0061_P2,219,219
sub-0061_P2,220,220
sub-0061_P2,221,221
sub-0061_P2,222,222
sub-0061_P2,223,223
sub-0061_P2,224,227
sub-0061_P2,225,225
sub-0061_P2,226,226
sub-0061_P2,227,227
sub-0061_P2,228,228
sub-0061_P2,229,229
sub-0061_P2,230,230
sub-0061_P2,231,231
sub-0062_P2,0,0
sub-0062_P2,1,1
sub-0062_P2,2,2
sub-0062_P2,3,3
sub-0062_P2,4,4
sub-0062_P2,5,5
sub-0062_P2,6,6
sub-0062_P2,7,7
sub-0062_P2,8,8
sub-0062_P2,9,9
sub-0062_P2,10,10
sub-0062_P2,11,11
sub-0062_P2,12,12
sub-0062_P2,13,13
sub-0062_P2,14,14
sub-0062_P2,15,15
sub-0062_P2,16,16
sub-0062_P2,17,17
sub-0062_P2,18,18
sub-0062_P2,19,19
sub-0062_P2,20,20
sub-0062_P2,21,21
sub-0062_P2,22,22
sub-0062_P2,23,23
sub-0062_P2,24,24
sub-0062_P2,25,25
sub-0062_P2,26,26
sub-0062_P2,27,27
sub-0062_P2,28,28
sub-0062_P2,29,29
sub-0062_P2,30,30
sub-0062_P2,31,31
sub-0062_P2,32,32
sub-0062_P2,33,33
sub-0062_P2,34,34
sub-0062_P2,35,35
sub-0062_P2,36,36
sub-0062_P2,37,37
sub-0062_P2,38,38
sub-0062_P2,39,39
sub-0062_P2,40,40
sub-0062_P2,41,41
sub-0062_P2,42,42
sub-0062_P2,43,43
sub-0062_P2,44,44
sub-0062_P2,45,45
sub-0062_P2,46,46
sub-0062_P2,47,47
sub-0062_P2,48,48
sub-0062_P2,49,49
sub-0062_P2,50,50
sub-0062_P2,51,51
sub-0062_P2,52,161
sub-0062_P2,53,161
sub-0062_P2,54,54
sub-0062_P2,55,55
sub-0062_P2,56,35
sub-0062_P2,57,57
sub-0062_P2,58,58
sub-0062_P2,59,59
sub-0062_P2,60,60
sub-0062_P2,61,61
sub-0062_P2,62,62
sub-0062_P2,63,63
sub-0062_P2,64,64
sub-0062_P2,65,65
sub-0062_P2,66,66
sub-0062_P2,67,67
sub-0062_P2,68,68
sub-0062_P2,69,69
sub-0062_P2,70,70
sub-0062_P2,71,71
sub-0062_P2,72,72
sub-0062_P2,73,73
sub-0062_P2,74,74
sub-0062_P2,75,75
sub-0062_P2,76,76
sub-0062_P2,77,77
sub-0062_P2,78,78
sub-0062_P2,79,79
sub-0062_P2,80,80
sub-0062_P2,81,81
sub-0062_P2,82,82
sub-0062_P2,83,83
sub-0062_P2,84,84
sub-0062_P2,85,85
sub-0062_P2,86,86
sub-0062_P2,87,87
sub-0062_P2,88,88
sub-0062_P2,89,89
sub-0062_P2,90,90
sub-0062_P2,91,91
sub-0062_P2,92,92
sub-0062_P2,93,93
sub-0062_P2,94,94
sub-0062_P2,95,95
sub-0062_P2,96,96
sub-0062_P2,97,97
sub-0062_P2,98,98
sub-0062_P2,99,99
sub-0062_P2,100,100
sub-0062_P2,101,101
sub-0062_P2,102,102
sub-0062_P2,103,103
sub-0062_P2,104,104
sub-0062_P2,105,105
sub-0062_P2,106,106
sub-0062_P2,107,107
sub-0062_P2,108,108
sub-0062_P2,109,109
sub-0062_P2,110,110
sub-0062_P2,111,111
sub-0062_P2,112,35
sub-0062_P2,113,113
sub-0062_P2,114,114
sub-0062_P2,115,115
sub-0062_P2,116,116
sub-0062_P2,117,117
sub-0062_P2,118,36
sub-0062_P2,119,119
sub-0062_P2,120,120
sub-0062_P2,121,121
sub-0062_P2,122,122
sub-0062_P2,123,123
sub-0062_P2,124,124
sub-0062_P2,125,127
sub-0062_P2,126,126
sub-0062_P2,127,127
sub-0062_P2,128,128
sub-0062_P2,129,129
sub-0062_P2,130,130
sub-0062_P2,131,131
sub-0062_P2,132,132
sub-0062_P2,133,133
sub-0062_P2,134,134
sub-0062_P2,135,135
sub-0062_P2,136,136
sub-0062_P2,137,137
sub-0062_P2,138,138
sub-0062_P2,139,139
sub-0062_P2,140,140
sub-0062_P2,141,141
sub-0062_P2,142,55
sub-0062_P2,143,143
sub-0062_P2,144,144
sub-0062_P2,145,145
sub-0062_P2,146,146
sub-0062_P2,147,147
sub-0062_P2,148,148
sub-0062_P2,149,149
sub-0062_P2,150,150
sub-0062_P2,151,151
sub-0062_P2,152,152
sub-0062_P2,153,153
sub-0062_P2,154,154
sub-0062_P2,155,155
sub-0062_P2,156,156
sub-0062_P2,157,157
sub-0062_P2,158,158
sub-0062_P2,159,159
sub-0062_P2,160,160
sub-0062_P2,161,161
sub-0062_P2,162,162
sub-0062_P2,163,163
sub-0062_P2,164,164
sub-0062_P2,165,165
sub-0062_P2,166,166
sub-0062_P2,167,167
sub-0062_P2,168,168
sub-0062_P2,169,169
sub-0062_P2,170,170
sub-0062_P2,171,171
sub-0062_P2,172,172
sub-0062_P2,173,173
sub-0062_P2,174,174
sub-0062_P2,175,175
sub-0062_P2,176,176
sub-0062_P2,177,177
sub-0062_P2,178,178
sub-0062_P2,179,179
sub-0062_P2,180,180
sub-0062_P2,181,181
sub-0062_P2,182,182
sub-0062_P2,183,183
sub-0062_P2,184,184
sub-0062_P2,185,185
sub-0062_P2,186,186
sub-0062_P2,187,217
sub-0062_P2,188,188
sub-0062_P2,189,189
sub-0062_P2,190,190
sub-0062_P2,191,191
sub-0062_P2,192,192
sub-0062_P2,193,193
sub-0062_P2,194,194
sub-0062_P2,195,195
sub-0062_P2,196,196
sub-0062_P2,197,197
sub-0062_P2,198,198
sub-0062_P2,199,199
sub-0062_P2,200,217
sub-0062_P2,201,201
sub-0062_P2,202,203
sub-0062_P2,203,203
sub-0062_P2,204,204
sub-0062_P2,205,205
sub-0062_P2,206,206
sub-0062_P2,207,207
sub-0062_P2,208,208
sub-0062_P2,209,209
sub-0062_P2,210,210
sub-0062_P2,211,211
sub-0062_P2,212,229
sub-0062_P2,213,213
sub-0062_P2,214,214
sub-0062_P2,215,215
sub-0062_P2,216,216
sub-0062_P2,217,217
sub-0062_P2,218,218
sub-0062_P2,219,219
sub-0062_P2,220,220
sub-0062_P2,221,221
sub-0062_P2,222,222
sub-0062_P2,223,223
sub-0062_P2,224,224
sub-0062_P2,225,225
sub-0062_P2,226,226
sub-0062_P2,227,227
sub-0062_P2,228,230
sub-0062_P2,229,229
sub-0062_P2,230,230
sub-0062_P2,231,231
sub-0063_P2,0,0
sub-0063_P2,1,1
sub-0063_P2,2,2
sub-0063_P2,3,3
sub-0063_P2,4,4
sub-0063_P2,5,5
sub-0063_P2,6,6
sub-0063_P2,7,8
sub-0063_P2,8,204
sub-0063_P2,9,9
sub-0063_P2,10,10
sub-0063_P2,11,11
sub-0063_P2,12,12
sub-0063_P2,13,13
sub-0063_P2,14,14
sub-0063_P2,15,15
sub-0063_P2,16,16
sub-0063_P2,17,17
sub-0063_P2,18,18
sub-0063_P2,19,19
sub-0063_P2,20,20
sub-0063_P2,21,21
sub-0063_P2,22,22
sub-0063_P2,23,23
sub-0063_P2,24,24
sub-0063_P2,25,25
sub-0063_P2,26,26
sub-0063_P2,27,27
sub-0063_P2,28,28
sub-0063_P2,29,29
sub-0063_P2,30,30
sub-0063_P2,31,31
sub-0063_P2,32,32
sub-0063_P2,33,33
sub-0063_P2,34,34
sub-0063_P2,35,35
sub-0063_P2,36,187
sub-0063_P2,37,37
sub-0063_P2,38,38
sub-0063_P2,39,39
sub-0063_P2,40,40
sub-0063_P2,41,41
sub-0063_P2,42,42
sub-0063_P2,43,43
sub-0063_P2,44,44
sub-0063_P2,45,45
sub-0063_P2,46,42
sub-0063_P2,47,47
sub-0063_P2,48,48
sub-0063_P2,49,166
sub-0063_P2,50,50
sub-0063_P2,51,51
sub-0063_P2,52,52
sub-0063_P2,53,53
sub-0063_P2,54,54
sub-0063_P2,55,119
sub-0063_P2,56,167
sub-0063_P2,57,57
sub-0063_P2,58,58
sub-0063_P2,59,59
sub-0063_P2,60,60
sub-0063_P2,61,61
sub-0063_P2,62,62
sub-0063_P2,63,63
sub-0063_P2,64,64
sub-0063_P2,65,65
sub-0063_P2,66,66
sub-0063_P2,67,67
sub-0063_P2,68,68
sub-0063_P2,69,69
sub-0063_P2,70,70
sub-0063_P2,71,71
sub-0063_P2,72,72
sub-0063_P2,73,73
sub-0063_P2,74,74
sub-0063_P2,75,75
sub-0063_P2,76,76
sub-0063_P2,77,77
sub-0063_P2,78,78
sub-0063_P2,79,79
sub-0063_P2,80,80
sub-0063_P2,81,81
sub-0063_P2,82,82
sub-0063_P2,83,83
sub-0063_P2,84,84
sub-0063_P2,85,85
sub-0063_P2,86,86
sub-0063_P2,87,87
sub-0063_P2,88,88
sub-0063_P2,89,89
sub-0063_P2,90,90
sub-0063_P2,91,91
sub-0063_P2,92,92
sub-0063_P2,93,93
sub-0063_P2,94,94
sub-0063_P2,95,95
sub-0063_P2,96,96
sub-0063_P2,97,97
sub-0063_P2,98,98
sub-0063_P2,99,99
sub-0063_P2,100,100
sub-0063_P2,101,101
sub-0063_P2,102,102
sub-0063_P2,103,103
sub-0063_P2,104,104
sub-0063_P2,105,105
sub-0063_P2,106,106
sub-0063_P2,107,107
sub-0063_P2,108,108
sub-0063_P2,109,109
sub-0063_P2,110,110
sub-0063_P2,111,111
sub-0063_P2,112,112
sub-0063_P2,113,113
sub-0063_P2,114,114
sub-0063_P2,115,115
sub-0063_P2,116,116
sub-0063_P2,117,117
sub-0063_P2,118,118
sub-0063_P2,119,119
sub-0063_P2,120,120
sub-0063_P2,121,121
sub-0063_P2,122,122
sub-0063_P2,123,123
sub-0063_P2,124,124
sub-0063_P2,125,125
sub-0063_P2,126,126
sub-0063_P2,127,127
sub-0063_P2,128,128
sub-0063_P2,129,129
sub-0063_P2,130,130
sub-0063_P2,131,131
sub-0063_P2,132,132
sub-0063_P2,133,133
sub-0063_P2,134,134
sub-0063_P2,135,135
sub-0063_P2,136,136
sub-0063_P2,137,137
sub-0063_P2,138,138
sub-0063_P2,139,139
sub-0063_P2,140,140
sub-0063_P2,141,141
sub-0063_P2,142,142
sub-0063_P2,143,143
sub-0063_P2,144,144
sub-0063_P2,145,145
sub-0063_P2,146,146
sub-0063_P2,147,211
sub-0063_P2,148,148
sub-0063_P2,149,149
sub-0063_P2,150,150
sub-0063_P2,151,151
sub-0063_P2,152,152
sub-0063_P2,153,153
sub-0063_P2,154,154
sub-0063_P2,155,155
sub-0063_P2,156,156
sub-0063_P2,157,157
sub-0063_P2,158,158
sub-0063_P2,159,159
sub-0063_P2,160,160
sub-0063_P2,161,161
sub-0063_P2,162,162
sub-0063_P2,163,163
sub-0063_P2,164,164
sub-0063_P2,165,165
sub-0063_P2,166,166
sub-0063_P2,167,167
sub-0063_P2,168,168
sub-0063_P2,169,169
sub-0063_P2,170,170
sub-0063_P2,171,171
sub-0063_P2,172,80
sub-0063_P2,173,173
sub-0063_P2,174,174
sub-0063_P2,175,175
sub-0063_P2,176,176
sub-0063_P2,177,177
sub-0063_P2,178,178
sub-0063_P2,179,179
sub-0063_P2,180,180
sub-0063_P2,181,181
sub-0063_P2,182,182
sub-0063_P2,183,183
sub-0063_P2,184,184
sub-0063_P2,185,185
sub-0063_P2,186,186
sub-0063_P2,187,187
sub-0063_P2,188,188
sub-0063_P2,189,189
sub-0063_P2,190,190
sub-0063_P2,191,191
sub-0063_P2,192,192
sub-0063_P2,193,193
sub-0063_P2,194,194
sub-0063_P2,195,195
sub-0063_P2,196,196
sub-0063_P2,197,197
sub-0063_P2,198,198
sub-0063_P2,199,199
sub-0063_P2,200,200
sub-0063_P2,201,201
sub-0063_P2,202,202
sub-0063_P2,203,203
sub-0063_P2,204,204
sub-0063_P2,205,205
sub-0063_P2,206,206
sub-0063_P2,207,207
sub-0063_P2,208,208
sub-0063_P2,209,209
sub-0063_P2,210,210
sub-0063_P2,211,226
sub-0063_P2,212,212
sub-0063_P2,213,213
sub-0063_P2,214,214
sub-0063_P2,215,215
sub-0063_P2,216,216
sub-0063_P2,217,217
sub-0063_P2,218,218
sub-0063_P2,219,219
sub-0063_P2,220,220
sub-0063_P2,221,221
sub-0063_P2,222,222
sub-0063_P2,223,223
sub-0063_P2,224,224
sub-0063_P2,225,225
sub-0063_P2,226,227
sub-0063_P2,227,210
sub-0063_P2,228,228
sub-0063_P2,229,229
sub-0063_P2,230,230
sub-0063_P2,231,231
sub-0065_P2,0,0
sub-0065_P2,1,1
sub-0065_P2,2,2
sub-0065_P2,3,3
sub-0065_P2,4,4
sub-0065_P2,5,5
sub-0065_P2,6,6
sub-0065_P2,7,7
sub-0065_P2,8,8
sub-0065_P2,9,9
sub-0065_P2,10,10
sub-0065_P2,11,11
sub-0065_P2,12,12
sub-0065_P2,13,13
sub-0065_P2,14,14
sub-0065_P2,15,15
sub-0065_P2,16,16
sub-0065_P2,17,17
sub-0065_P2,18,18
sub-0065_P2,19,19
sub-0065_P2,20,20
sub-0065_P2,21,21
sub-0065_P2,22,22
sub-0065_P2,23,23
sub-0065_P2,24,24
sub-0065_P2,25,25
sub-0065_P2,26,26
sub-0065_P2,27,27
sub-0065_P2,28,28
sub-0065_P2,29,29
sub-0065_P2,30,30
sub-0065_P2,31,31
sub-0065_P2,32,32
sub-0065_P2,33,33
sub-0065_P2,34,34
sub-0065_P2,35,35
sub-0065_P2,36,36
sub-0065_P2,37,37
sub-0065_P2,38,38
sub-0065_P2,39,39
sub-0065_P2,40,40
sub-0065_P2,41,41
sub-0065_P2,42,42
sub-0065_P2,43,43
sub-0065_P2,44,44
sub-0065_P2,45,45
sub-0065_P2,46,46
sub-0065_P2,47,47
sub-0065_P2,48,48
sub-0065_P2,49,49
sub-0065_P2,50,50
sub-0065_P2,51,51
sub-0065_P2,52,52
sub-0065_P2,53,53
sub-0065_P2,54,218
sub-0065_P2,55,55
sub-0065_P2,56,56
sub-0065_P2,57,57
sub-0065_P2,58,58
sub-0065_P2,59,59
sub-0065_P2,60,60
sub-0065_P2,61,61
sub-0065_P2,62,62
sub-0065_P2,63,63
sub-0065_P2,64,64
sub-0065_P2,65,65
sub-0065_P2,66,66
sub-0065_P2,67,67
sub-0065_P2,68,68
sub-0065_P2,69,69
sub-0065_P2,70,70
sub-0065_P2,71,71
sub-0065_P2,72,72
sub-0065_P2,73,73
sub-0065_P2,74,74
sub-0065_P2,75,75
sub-0065_P2,76,76
sub-0065_P2,77,77
sub-0065_P2,78,78
sub-0065_P2,79,79
sub-0065_P2,80,80
sub-0065_P2,81,81
sub-0065_P2,82,82
sub-0065_P2,83,83
sub-0065_P2,84,99
sub-0065_P2,85,85
sub-0065_P2,86,86
sub-0065_P2,87,87
sub-0065_P2,88,88
sub-0065_P2,89,89
sub-0065_P2,90,90
sub-0065_P2,91,91
sub-0065_P2,92,92
sub-0065_P2,93,93
sub-0065_P2,94,94
sub-0065_P2,95,95
sub-0065_P2,96,96
sub-0065_P2,97,97
sub-0065_P2,98,98
sub-0065_P2,99,99
sub-0065_P2,100,100
sub-0065_P2,101,101
sub-0065_P2,102,102
sub-0065_P2,103,103
sub-0065_P2,104,30
sub-0065_P2,105,105
sub-0065_P2,106,106
sub-0065_P2,107,107
sub-0065_P2,108,108
sub-0065_P2,109,109
sub-0065_P2,110,110
sub-0065_P2,111,111
sub-0065_P2,112,112
sub-0065_P2,113,113
sub-0065_P2,114,114
sub-0065_P2,115,115
sub-0065_P2,116,116
sub-0065_P2,117,117
sub-0065_P2,118,118
sub-0065_P2,119,119
sub-0065_P2,120,120
sub-0065_P2,121,121
sub-0065_P2,122,122
sub-0065_P2,123,123
sub-0065_P2,124,124
sub-0065_P2,125,125
sub-0065_P2,126,126
sub-0065_P2,127,127
sub-0065_P2,128,128
sub-0065_P2,129,129
sub-0065_P2,130,130
sub-0065_P2,131,131
sub-0065_P2,132,118
sub-0065_P2,133,133
sub-0065_P2,134,134
sub-0065_P2,135,29
sub-0065_P2,136,136
sub-0065_P2,137,137
sub-0065_P2,138,138
sub-0065_P2,139,139
sub-0065_P2,140,140
sub-0065_P2,141,141
sub-0065_P2,142,142
sub-0065_P2,143,143
sub-0065_P2,144,144
sub-0065_P2,145,145
sub-0065_P2,146,146
sub-0065_P2,147,147
sub-0065_P2,148,148
sub-0065_P2,149,149
sub-0065_P2,150,150
sub-0065_P2,151,151
sub-0065_P2,152,152
sub-0065_P2,153,153
sub-0065_P2,154,154
sub-0065_P2,155,155
sub-0065_P2,156,156
sub-0065_P2,157,157
sub-0065_P2,158,158
sub-0065_P2,159,159
sub-0065_P2,160,160
sub-0065_P2,161,161
sub-0065_P2,162,162
sub-0065_P2,163,163
sub-0065_P2,164,164
sub-0065_P2,165,165
sub-0065_P2,166,166
sub-0065_P2,167,167
sub-0065_P2,168,168
sub-0065_P2,169,169
sub-0065_P2,170,161
sub-0065_P2,171,171
sub-0065_P2,172,172
sub-0065_P2,173,173
sub-0065_P2,174,174
sub-0065_P2,175,175
sub-0065_P2,176,176
sub-0065_P2,177,177
sub-0065_P2,178,178
sub-0065_P2,179,179
sub-0065_P2,180,180
sub-0065_P2,181,181
sub-0065_P2,182,182
sub-0065_P2,183,183
sub-0065_P2,184,184
sub-0065_P2,185,185
sub-0065_P2,186,186
sub-0065_P2,187,187
sub-0065_P2,188,188
sub-0065_P2,189,189
sub-0065_P2,190,190
sub-0065_P2,191,191
sub-0065_P2,192,192
sub-0065_P2,193,193
sub-0065_P2,194,194
sub-0065_P2,195,195
sub-0065_P2,196,196
sub-0065_P2,197,197
sub-0065_P2,198,198
sub-0065_P2,199,199
sub-0065_P2,200,200
sub-0065_P2,201,201
sub-0065_P2,202,202
sub-0065_P2,203,203
sub-0065_P2,204,204
sub-0065_P2,205,205
sub-0065_P2,206,206
sub-0065_P2,207,207
sub-0065_P2,208,208
sub-0065_P2,209,209
sub-0065_P2,210,99
sub-0065_P2,211,211
sub-0065_P2,212,212
sub-0065_P2,213,213
sub-0065_P2,214,214
sub-0065_P2,215,230
sub-0065_P2,216,216
sub-0065_P2,217,217
sub-0065_P2,218,218
sub-0065_P2,219,219
sub-0065_P2,220,220
sub-0065_P2,221,221
sub-0065_P2,222,222
sub-0065_P2,223,223
sub-0065_P2,224,224
sub-0065_P2,225,225
sub-0065_P2,226,226
sub-0065_P2,227,227
sub-0065_P2,228,228
sub-0065_P2,229,229
sub-0065_P2,230,230
sub-0065_P2,231,231
sub-0066_P2,0,0
sub-0066_P2,1,1
sub-0066_P2,2,2
sub-0066_P2,3,3
sub-0066_P2,4,4
sub-0066_P2,5,5
sub-0066_P2,6,6
sub-0066_P2,7,7
sub-0066_P2,8,8
sub-0066_P2,9,9
sub-0066_P2,10,10
sub-0066_P2,11,11
sub-0066_P2,12,12
sub-0066_P2,13,13
sub-0066_P2,14,14
sub-0066_P2,15,15
sub-0066_P2,16,16
sub-0066_P2,17,17
sub-0066_P2,18,18
sub-0066_P2,19,19
sub-0066_P2,20,20
sub-0066_P2,21,21
sub-0066_P2,22,22
sub-0066_P2,23,23
sub-0066_P2,24,24
sub-0066_P2,25,25
sub-0066_P2,26,26
sub-0066_P2,27,27
sub-0066_P2,28,28
sub-0066_P2,29,29
sub-0066_P2,30,30
sub-0066_P2,31,31
sub-0066_P2,32,32
sub-0066_P2,33,33
sub-0066_P2,34,34
sub-0066_P2,35,35
sub-0066_P2,36,147
sub-0066_P2,37,37
sub-0066_P2,38,38
sub-0066_P2,39,39
sub-0066_P2,40,40
sub-0066_P2,41,41
sub-0066_P2,42,42
sub-0066_P2,43,43
sub-0066_P2,44,44
sub-0066_P2,45,45
sub-0066_P2,46,46
sub-0066_P2,47,47
sub-0066_P2,48,48
sub-0066_P2,49,49
sub-0066_P2,50,50
sub-0066_P2,51,51
sub-0066_P2,52,162
sub-0066_P2,53,53
sub-0066_P2,54,54
sub-0066_P2,55,55
sub-0066_P2,56,56
sub-0066_P2,57,57
sub-0066_P2,58,58
sub-0066_P2,59,59
sub-0066_P2,60,60
sub-0066_P2,61,61
sub-0066_P2,62,62
sub-0066_P2,63,63
sub-0066_P2,64,64
sub-0066_P2,65,65
sub-0066_P2,66,66
sub-0066_P2,67,67
sub-0066_P2,68,68
sub-0066_P2,69,69
sub-0066_P2,70,217
sub-0066_P2,71,71
sub-0066_P2,72,72
sub-0066_P2,73,73
sub-0066_P2,74,74
sub-0066_P2,75,75
sub-0066_P2,76,76
sub-0066_P2,77,169
sub-0066_P2,78,72
sub-0066_P2,79,79
sub-0066_P2,80,80
sub-0066_P2,81,81
sub-0066_P2,82,82
sub-0066_P2,83,83
sub-0066_P2,84,84
sub-0066_P2,85,85
sub-0066_P2,86,86
sub-0066_P2,87,87
sub-0066_P2,88,88
sub-0066_P2,89,89
sub-0066_P2,90,90
sub-0066_P2,91,91
sub-0066_P2,92,92
sub-0066_P2,93,93
sub-0066_P2,94,94
sub-0066_P2,95,66
sub-0066_P2,96,96
sub-0066_P2,97,97
sub-0066_P2,98,84
sub-0066_P2,99,99
sub-0066_P2,100,100
sub-0066_P2,101,101
sub-0066_P2,102,102
sub-0066_P2,103,103
sub-0066_P2,104,104
sub-0066_P2,105,105
sub-0066_P2,106,106
sub-0066_P2,107,107
sub-0066_P2,108,108
sub-0066_P2,109,109
sub-0066_P2,110,110
sub-0066_P2,111,111
sub-0066_P2,112,112
sub-0066_P2,113,113
sub-0066_P2,114,114
sub-0066_P2,115,115
sub-0066_P2,116,116
sub-0066_P2,117,117
sub-0066_P2,118,147
sub-0066_P2,119,119
sub-0066_P2,120,120
sub-0066_P2,121,121
sub-0066_P2,122,122
sub-0066_P2,123,123
sub-0066_P2,124,124
sub-0066_P2,125,125
sub-0066_P2,126,126
sub-0066_P2,127,127
sub-0066_P2,128,128
sub-0066_P2,129,129
sub-0066_P2,130,130
sub-0066_P2,131,131
sub-0066_P2,132,132
sub-0066_P2,133,133
sub-0066_P2,134,134
sub-0066_P2,135,135
sub-0066_P2,136,136
sub-0066_P2,137,137
sub-0066_P2,138,138
sub-0066_P2,139,139
sub-0066_P2,140,140
sub-0066_P2,141,141
sub-0066_P2,142,142
sub-0066_P2,143,143
sub-0066_P2,144,144
sub-0066_P2,145,145
sub-0066_P2,146,146
sub-0066_P2,147,147
sub-0066_P2,148,148
sub-0066_P2,149,149
sub-0066_P2,150,150
sub-0066_P2,151,151
sub-0066_P2,152,152
sub-0066_P2,153,153
sub-0066_P2,154,154
sub-0066_P2,155,155
sub-0066_P2,156,156
sub-0066_P2,157,157
sub-0066_P2,158,158
sub-0066_P2,159,159
sub-0066_P2,160,160
sub-0066_P2,161,161
sub-0066_P2,162,162
sub-0066_P2,163,163
sub-0066_P2,164,164
sub-0066_P2,165,165
sub-0066_P2,166,166
sub-0066_P2,167,167
sub-0066_P2,168,168
sub-0066_P2,169,169
sub-0066_P2,170,170
sub-0066_P2,171,171
sub-0066_P2,172,172
sub-0066_P2,173,173
sub-0066_P2,174,174
sub-0066_P2,175,175
sub-0066_P2,176,176
sub-0066_P2,177,177
sub-0066_P2,178,178
sub-0066_P2,179,179
sub-0066_P2,180,180
sub-0066_P2,181,181
sub-0066_P2,182,182
sub-0066_P2,183,198
sub-0066_P2,184,184
sub-0066_P2,185,185
sub-0066_P2,186,186
sub-0066_P2,187,187
sub-0066_P2,188,188
sub-0066_P2,189,189
sub-0066_P2,190,190
sub-0066_P2,191,191
sub-0066_P2,192,192
sub-0066_P2,193,193
sub-0066_P2,194,194
sub-0066_P2,195,195
sub-0066_P2,196,196
sub-0066_P2,197,197
sub-0066_P2,198,198
sub-0066_P2,199,199
sub-0066_P2,200,200
sub-0066_P2,201,201
sub-0066_P2,202,202
sub-0066_P2,203,203
sub-0066_P2,204,204
sub-0066_P2,205,205
sub-0066_P2,206,206
sub-0066_P2,207,207
sub-0066_P2,208,208
sub-0066_P2,209,209
sub-0066_P2,210,210
sub-0066_P2,211,211
sub-0066_P2,212,212
sub-0066_P2,213,213
sub-0066_P2,214,214
sub-0066_P2,215,215
sub-0066_P2,216,216
sub-0066_P2,217,217
sub-0066_P2,218,218
sub-0066_P2,219,219
sub-0066_P2,220,220
sub-0066_P2,221,221
sub-0066_P2,222,222
sub-0066_P2,223,122
sub-0066_P2,224,224
sub-0066_P2,225,225
sub-0066_P2,226,226
sub-0066_P2,227,226
sub-0066_P2,228,228
sub-0066_P2,229,229
sub-0066_P2,230,230
sub-0066_P2,231,231
sub-0067_P2,0,0
sub-0067_P2,1,1
sub-0067_P2,2,2
sub-0067_P2,3,3
sub-0067_P2,4,4
sub-0067_P2,5,5
sub-0067_P2,6,6
sub-0067_P2,7,7
sub-0067_P2,8,107
sub-0067_P2,9,9
sub-0067_P2,10,10
sub-0067_P2,11,11
sub-0067_P2,12,12
sub-0067_P2,13,13
sub-0067_P2,14,14
sub-0067_P2,15,15
sub-0067_P2,16,36
sub-0067_P2,17,17
sub-0067_P2,18,18
sub-0067_P2,19,19
sub-0067_P2,20,40
sub-0067_P2,21,21
sub-0067_P2,22,22
sub-0067_P2,23,23
sub-0067_P2,24,24
sub-0067_P2,25,25
sub-0067_P2,26,26
sub-0067_P2,27,27
sub-0067_P2,28,28
sub-0067_P2,29,29
sub-0067_P2,30,30
sub-0067_P2,31,31
sub-0067_P2,32,32
sub-0067_P2,33,33
sub-0067_P2,34,34
sub-0067_P2,35,35
sub-0067_P2,36,36
sub-0067_P2,37,37
sub-0067_P2,38,38
sub-0067_P2,39,39
sub-0067_P2,40,40
sub-0067_P2,41,41
sub-0067_P2,42,42
sub-0067_P2,43,43
sub-0067_P2,44,44
sub-0067_P2,45,45
sub-0067_P2,46,46
sub-0067_P2,47,47
sub-0067_P2,48,48
sub-0067_P2,49,49
sub-0067_P2,50,50
sub-0067_P2,51,51
sub-0067_P2,52,218
sub-0067_P2,53,53
sub-0067_P2,54,54
sub-0067_P2,55,55
sub-0067_P2,56,56
sub-0067_P2,57,57
sub-0067_P2,58,58
sub-0067_P2,59,59
sub-0067_P2,60,60
sub-0067_P2,61,61
sub-0067_P2,62,62
sub-0067_P2,63,63
sub-0067_P2,64,64
sub-0067_P2,65,65
sub-0067_P2,66,66
sub-0067_P2,67,67
sub-0067_P2,68,68
sub-0067_P2,69,69
sub-0067_P2,70,70
sub-0067_P2,71,71
sub-0067_P2,72,72
sub-0067_P2,73,73
sub-0067_P2,74,74
sub-0067_P2,75,75
sub-0067_P2,76,76
sub-0067_P2,77,77
sub-0067_P2,78,78
sub-0067_P2,79,79
sub-0067_P2,80,80
sub-0067_P2,81,81
sub-0067_P2,82,82
sub-0067_P2,83,83
sub-0067_P2,84,84
sub-0067_P2,85,85
sub-0067_P2,86,86
sub-0067_P2,87,87
sub-0067_P2,88,88
sub-0067_P2,89,89
sub-0067_P2,90,90
sub-0067_P2,91,91
sub-0067_P2,92,92
sub-0067_P2,93,93
sub-0067_P2,94,94
sub-0067_P2,95,179
sub-0067_P2,96,96
sub-0067_P2,97,97
sub-0067_P2,98,98
sub-0067_P2,99,99
sub-0067_P2,100,100
sub-0067_P2,101,101
sub-0067_P2,102,102
sub-0067_P2,103,103
sub-0067_P2,104,104
sub-0067_P2,105,105
sub-0067_P2,106,106
sub-0067_P2,107,107
sub-0067_P2,108,108
sub-0067_P2,109,109
sub-0067_P2,110,110
sub-0067_P2,111,111
sub-0067_P2,112,112
sub-0067_P2,113,113
sub-0067_P2,114,114
sub-0067_P2,115,115
sub-0067_P2,116,140
sub-0067_P2,117,117
sub-0067_P2,118,118
sub-0067_P2,119,146
sub-0067_P2,120,120
sub-0067_P2,121,121
sub-0067_P2,122,122
sub-0067_P2,123,123
sub-0067_P2,124,124
sub-0067_P2,125,125
sub-0067_P2,126,126
sub-0067_P2,127,127
sub-0067_P2,128,128
sub-0067_P2,129,129
sub-0067_P2,130,130
sub-0067_P2,131,131
sub-0067_P2,132,132
sub-0067_P2,133,133
sub-0067_P2,134,134
sub-0067_P2,135,135
sub-0067_P2,136,136
sub-0067_P2,137,137
sub-0067_P2,138,138
sub-0067_P2,139,139
sub-0067_P2,140,140
sub-0067_P2,141,141
sub-0067_P2,142,142
sub-0067_P2,143,143
sub-0067_P2,144,144
sub-0067_P2,145,145
sub-0067_P2,146,146
sub-0067_P2,147,147
sub-0067_P2,148,148
sub-0067_P2,149,149
sub-0067_P2,150,150
sub-0067_P2,151,151
sub-0067_P2,152,152
sub-0067_P2,153,153
sub-0067_P2,154,154
sub-0067_P2,155,155
sub-0067_P2,156,156
sub-0067_P2,157,157
sub-0067_P2,158,158
sub-0067_P2,159,159
sub-0067_P2,160,160
sub-0067_P2,161,161
sub-0067_P2,162,162
sub-0067_P2,163,163
sub-0067_P2,164,164
sub-0067_P2,165,165
sub-0067_P2,166,184
sub-0067_P2,167,167
sub-0067_P2,168,168
sub-0067_P2,169,169
sub-0067_P2,170,170
sub-0067_P2,171,171
sub-0067_P2,172,172
sub-0067_P2,173,173
sub-0067_P2,174,174
sub-0067_P2,175,175
sub-0067_P2,176,176
sub-0067_P2,177,177
sub-0067_P2,178,178
sub-0067_P2,179,179
sub-0067_P2,180,180
sub-0067_P2,181,181
sub-0067_P2,182,182
sub-0067_P2,183,183
sub-0067_P2,184,184
sub-0067_P2,185,185
sub-0067_P2,186,186
sub-0067_P2,187,208
sub-0067_P2,188,188
sub-0067_P2,189,189
sub-0067_P2,190,190
sub-0067_P2,191,191
sub-0067_P2,192,192
sub-0067_P2,193,193
sub-0067_P2,194,194
sub-0067_P2,195,195
sub-0067_P2,196,196
sub-0067_P2,197,197
sub-0067_P2,198,198
sub-0067_P2,199,199
sub-0067_P2,200,200
sub-0067_P2,201,216
sub-0067_P2,202,202
sub-0067_P2,203,203
sub-0067_P2,204,225
sub-0067_P2,205,205
sub-0067_P2,206,206
sub-0067_P2,207,207
sub-0067_P2,208,208
sub-0067_P2,209,209
sub-0067_P2,210,226
sub-0067_P2,211,211
sub-0067_P2,212,212
sub-0067_P2,213,213
sub-0067_P2,214,231
sub-0067_P2,215,215
sub-0067_P2,216,216
sub-0067_P2,217,217
sub-0067_P2,218,218
sub-0067_P2,219,219
sub-0067_P2,220,220
sub-0067_P2,221,221
sub-0067_P2,222,222
sub-0067_P2,223,223
sub-0067_P2,224,224
sub-0067_P2,225,225
sub-0067_P2,226,226
sub-0067_P2,227,227
sub-0067_P2,228,228
sub-0067_P2,229,229
sub-0067_P2,230,230
sub-0067_P2,231,231
sub-0068_P2,0,0
sub-0068_P2,1,1
sub-0068_P2,2,2
sub-0068_P2,3,3
sub-0068_P2,4,4
sub-0068_P2,5,5
sub-0068_P2,6,6
sub-0068_P2,7,7
sub-0068_P2,8,8
sub-0068_P2,9,9
sub-0068_P2,10,10
sub-0068_P2,11,11
sub-0068_P2,12,211
sub-0068_P2,13,13
sub-0068_P2,14,12
sub-0068_P2,15,15
sub-0068_P2,16,16
sub-0068_P2,17,17
sub-0068_P2,18,18
sub-0068_P2,19,19
sub-0068_P2,20,20
sub-0068_P2,21,21
sub-0068_P2,22,22
sub-0068_P2,23,23
sub-0068_P2,24,24
sub-0068_P2,25,25
sub-0068_P2,26,26
sub-0068_P2,27,27
sub-0068_P2,28,131
sub-0068_P2,29,29
sub-0068_P2,30,30
sub-0068_P2,31,31
sub-0068_P2,32,32
sub-0068_P2,33,33
sub-0068_P2,34,34
sub-0068_P2,35,35
sub-0068_P2,36,36
sub-0068_P2,37,37
sub-0068_P2,38,38
sub-0068_P2,39,39
sub-0068_P2,40,40
sub-0068_P2,41,41
sub-0068_P2,42,42
sub-0068_P2,43,43
sub-0068_P2,44,44
sub-0068_P2,45,45
sub-0068_P2,46,46
sub-0068_P2,47,47
sub-0068_P2,48,48
sub-0068_P2,49,49
sub-0068_P2,50,50
sub-0068_P2,51,51
sub-0068_P2,52,52
sub-0068_P2,53,205
sub-0068_P2,54,52
sub-0068_P2,55,55
sub-0068_P2,56,56
sub-0068_P2,57,57
sub-0068_P2,58,60
sub-0068_P2,59,59
sub-0068_P2,60,60
sub-0068_P2,61,61
sub-0068_P2,62,62
sub-0068_P2,63,63
sub-0068_P2,64,64
sub-0068_P2,65,65
sub-0068_P2,66,66
sub-0068_P2,67,67
sub-0068_P2,68,68
sub-0068_P2,69,69
sub-0068_P2,70,70
sub-0068_P2,71,71
sub-0068_P2,72,72
sub-0068_P2,73,73
sub-0068_P2,74,74
sub-0068_P2,75,75
sub-0068_P2,76,76
sub-0068_P2,77,77
sub-0068_P2,78,78
sub-0068_P2,79,79
sub-0068_P2,80,80
sub-0068_P2,81,81
sub-0068_P2,82,82
sub-0068_P2,83,83
sub-0068_P2,84,84
sub-0068_P2,85,85
sub-0068_P2,86,86
sub-0068_P2,87,87
sub-0068_P2,88,88
sub-0068_P2,89,89
sub-0068_P2,90,90
sub-0068_P2,91,91
sub-0068_P2,92,92
sub-0068_P2,93,93
sub-0068_P2,94,94
sub-0068_P2,95,95
sub-0068_P2,96,96
sub-0068_P2,97,97
sub-0068_P2,98,98
sub-0068_P2,99,99
sub-0068_P2,100,100
sub-0068_P2,101,101
sub-0068_P2,102,102
sub-0068_P2,103,103
sub-0068_P2,104,104
sub-0068_P2,105,105
sub-0068_P2,106,106
sub-0068_P2,107,107
sub-0068_P2,108,108
sub-0068_P2,109,109
sub-0068_P2,110,110
sub-0068_P2,111,111
sub-0068_P2,112,112
sub-0068_P2,113,113
sub-0068_P2,114,125
sub-0068_P2,115,115
sub-0068_P2,116,116
sub-0068_P2,117,117
sub-0068_P2,118,118
sub-0068_P2,119,119
sub-0068_P2,120,120
sub-0068_P2,121,121
sub-0068_P2,122,122
sub-0068_P2,123,123
sub-0068_P2,124,124
sub-0068_P2,125,125
sub-0068_P2,126,126
sub-0068_P2,127,127
sub-0068_P2,128,126
sub-0068_P2,129,129
sub-0068_P2,130,130
sub-0068_P2,131,131
sub-0068_P2,132,132
sub-0068_P2,133,133
sub-0068_P2,134,134
sub-0068_P2,135,135
sub-0068_P2,136,136
sub-0068_P2,137,137
sub-0068_P2,138,138
sub-0068_P2,139,139
sub-0068_P2,140,140
sub-0068_P2,141,141
sub-0068_P2,142,142
sub-0068_P2,143,144
sub-0068_P2,144,144
sub-0068_P2,145,145
sub-0068_P2,146,146
sub-0068_P2,147,147
sub-0068_P2,148,148
sub-0068_P2,149,149
sub-0068_P2,150,175
sub-0068_P2,151,151
sub-0068_P2,152,152
sub-0068_P2,153,153
sub-0068_P2,154,154
sub-0068_P2,155,155
sub-0068_P2,156,156
sub-0068_P2,157,157
sub-0068_P2,158,158
sub-0068_P2,159,159
sub-0068_P2,160,160
sub-0068_P2,161,161
sub-0068_P2,162,162
sub-0068_P2,163,163
sub-0068_P2,164,164
sub-0068_P2,165,165
sub-0068_P2,166,166
sub-0068_P2,167,167
sub-0068_P2,168,168
sub-0068_P2,169,169
sub-0068_P2,170,170
sub-0068_P2,171,131
sub-0068_P2,172,172
sub-0068_P2,173,173
sub-0068_P2,174,174
sub-0068_P2,175,175
sub-0068_P2,176,176
sub-0068_P2,177,177
sub-0068_P2,178,178
sub-0068_P2,179,179
sub-0068_P2,180,180
sub-0068_P2,181,181
sub-0068_P2,182,182
sub-0068_P2,183,183
sub-0068_P2,184,184
sub-0068_P2,185,185
sub-0068_P2,186,186
sub-0068_P2,187,187
sub-0068_P2,188,188
sub-0068_P2,189,189
sub-0068_P2,190,190
sub-0068_P2,191,191
sub-0068_P2,192,192
sub-0068_P2,193,193
sub-0068_P2,194,194
sub-0068_P2,195,195
sub-0068_P2,196,85
sub-0068_P2,197,197
sub-0068_P2,198,198
sub-0068_P2,199,199
sub-0068_P2,200,200
sub-0068_P2,201,201
sub-0068_P2,202,202
sub-0068_P2,203,162
sub-0068_P2,204,204
sub-0068_P2,205,205
sub-0068_P2,206,206
sub-0068_P2,207,207
sub-0068_P2,208,208
sub-0068_P2,209,224
sub-0068_P2,210,210
sub-0068_P2,211,211
sub-0068_P2,212,212
sub-0068_P2,213,213
sub-0068_P2,214,214
sub-0068_P2,215,215
sub-0068_P2,216,216
sub-0068_P2,217,217
sub-0068_P2,218,219
sub-0068_P2,219,219
sub-0068_P2,220,220
sub-0068_P2,221,221
sub-0068_P2,222,222
sub-0068_P2,223,223
sub-0068_P2,224,224
sub-0068_P2,225,225
sub-0068_P2,226,226
sub-0068_P2,227,227
sub-0068_P2,228,228
sub-0068_P2,229,229
sub-0068_P2,230,230
sub-0068_P2,231,231
sub-0069_P2,0,0
sub-0069_P2,1,1
sub-0069_P2,2,2
sub-0069_P2,3,3
sub-0069_P2,4,4
sub-0069_P2,5,5
sub-0069_P2,6,6
sub-0069_P2,7,7
sub-0069_P2,8,8
sub-0069_P2,9,9
sub-0069_P2,10,10
sub-0069_P2,11,11
sub-0069_P2,12,12
sub-0069_P2,13,13
sub-0069_P2,14,14
sub-0069_P2,15,19
sub-0069_P2,16,16
sub-0069_P2,17,17
sub-0069_P2,18,18
sub-0069_P2,19,19
sub-0069_P2,20,20
sub-0069_P2,21,124
sub-0069_P2,22,22
sub-0069_P2,23,23
sub-0069_P2,24,24
sub-0069_P2,25,25
sub-0069_P2,26,26
sub-0069_P2,27,27
sub-0069_P2,28,28
sub-0069_P2,29,29
sub-0069_P2,30,30
sub-0069_P2,31,211
sub-0069_P2,32,32
sub-0069_P2,33,33
sub-0069_P2,34,34
sub-0069_P2,35,35
sub-0069_P2,36,36
sub-0069_P2,37,219
sub-0069_P2,38,38
sub-0069_P2,39,39
sub-0069_P2,40,40
sub-0069_P2,41,41
sub-0069_P2,42,42
sub-0069_P2,43,43
sub-0069_P2,44,44
sub-0069_P2,45,45
sub-0069_P2,46,46
sub-0069_P2,47,47
sub-0069_P2,48,48
sub-0069_P2,49,49
sub-0069_P2,50,50
sub-0069_P2,51,51
sub-0069_P2,52,52
sub-0069_P2,53,53
sub-0069_P2,54,54
sub-0069_P2,55,55
sub-0069_P2,56,56
sub-0069_P2,57,57
sub-0069_P2,58,58
sub-0069_P2,59,59
sub-0069_P2,60,60
sub-0069_P2,61,61
sub-0069_P2,62,62
sub-0069_P2,63,63
sub-0069_P2,64,64
sub-0069_P2,65,65
sub-0069_P2,66,66
sub-0069_P2,67,67
sub-0069_P2,68,68
sub-0069_P2,69,69
sub-0069_P2,70,70
sub-0069_P2,71,71
sub-0069_P2,72,72
sub-0069_P2,73,73
sub-0069_P2,74,74
sub-0069_P2,75,75
sub-0069_P2,76,76
sub-0069_P2,77,77
sub-0069_P2,78,78
sub-0069_P2,79,79
sub-0069_P2,80,80
sub-0069_P2,81,81
sub-0069_P2,82,82
sub-0069_P2,83,83
sub-0069_P2,84,84
sub-0069_P2,85,85
sub-0069_P2,86,86
sub-0069_P2,87,87
sub-0069_P2,88,88
sub-0069_P2,89,89
sub-0069_P2,90,90
sub-0069_P2,91,91
sub-0069_P2,92,92
sub-0069_P2,93,93
sub-0069_P2,94,94
sub-0069_P2,95,95
sub-0069_P2,96,96
sub-0069_P2,97,166
sub-0069_P2,98,98
sub-0069_P2,99,99
sub-0069_P2,100,100
sub-0069_P2,101,101
sub-0069_P2,102,102
sub-0069_P2,103,103
sub-0069_P2,104,104
sub-0069_P2,105,105
sub-0069_P2,106,106
sub-0069_P2,107,107
sub-0069_P2,108,108
sub-0069_P2,109,109
sub-0069_P2,110,110
sub-0069_P2,111,111
sub-0069_P2,112,112
sub-0069_P2,113,113
sub-0069_P2,114,114
sub-0069_P2,115,115
sub-0069_P2,116,116
sub-0069_P2,117,117
sub-0069_P2,118,118
sub-0069_P2,119,119
sub-0069_P2,120,121
sub-0069_P2,121,121
sub-0069_P2,122,122
sub-0069_P2,123,123
sub-0069_P2,124,124
sub-0069_P2,125,125
sub-0069_P2,126,126
sub-0069_P2,127,127
sub-0069_P2,128,128
sub-0069_P2,129,129
sub-0069_P2,130,130
sub-0069_P2,131,131
sub-0069_P2,132,132
sub-0069_P2,133,133
sub-0069_P2,134,134
sub-0069_P2,135,140
sub-0069_P2,136,136
sub-0069_P2,137,137
sub-0069_P2,138,138
sub-0069_P2,139,139
sub-0069_P2,140,140
sub-0069_P2,141,141
sub-0069_P2,142,142
sub-0069_P2,143,143
sub-0069_P2,144,144
sub-0069_P2,145,145
sub-0069_P2,146,146
sub-0069_P2,147,147
sub-0069_P2,148,148
sub-0069_P2,149,149
sub-0069_P2,150,150
sub-0069_P2,151,151
sub-0069_P2,152,152
sub-0069_P2,153,153
sub-0069_P2,154,154
sub-0069_P2,155,155
sub-0069_P2,156,156
sub-0069_P2,157,157
sub-0069_P2,158,158
sub-0069_P2,159,159
sub-0069_P2,160,160
sub-0069_P2,161,161
sub-0069_P2,162,162
sub-0069_P2,163,226
sub-0069_P2,164,164
sub-0069_P2,165,165
sub-0069_P2,166,166
sub-0069_P2,167,167
sub-0069_P2,168,168
sub-0069_P2,169,169
sub-0069_P2,170,170
sub-0069_P2,171,29
sub-0069_P2,172,172
sub-0069_P2,173,173
sub-0069_P2,174,174
sub-0069_P2,175,175
sub-0069_P2,176,176
sub-0069_P2,177,177
sub-0069_P2,178,178
sub-0069_P2,179,179
sub-0069_P2,180,180
sub-0069_P2,181,184
sub-0069_P2,182,182
sub-0069_P2,183,183
sub-0069_P2,184,184
sub-0069_P2,185,185
sub-0069_P2,186,186
sub-0069_P2,187,187
sub-0069_P2,188,188
sub-0069_P2,189,189
sub-0069_P2,190,190
sub-0069_P2,191,191
sub-0069_P2,192,192
sub-0069_P2,193,193
sub-0069_P2,194,194
sub-0069_P2,195,120
sub-0069_P2,196,196
sub-0069_P2,197,197
sub-0069_P2,198,198
sub-0069_P2,199,199
sub-0069_P2,200,200
sub-0069_P2,201,201
sub-0069_P2,202,202
sub-0069_P2,203,219
sub-0069_P2,204,204
sub-0069_P2,205,205
sub-0069_P2,206,206
sub-0069_P2,207,207
sub-0069_P2,208,208
sub-0069_P2,209,209
sub-0069_P2,210,210
sub-0069_P2,211,211
sub-0069_P2,212,212
sub-0069_P2,213,213
sub-0069_P2,214,214
sub-0069_P2,215,215
sub-0069_P2,216,216
sub-0069_P2,217,217
sub-0069_P2,218,218
sub-0069_P2,219,219
sub-0069_P2,220,220
sub-0069_P2,221,221
sub-0069_P2,222,222
sub-0069_P2,223,223
sub-0069_P2,224,224
sub-0069_P2,225,225
sub-0069_P2,226,226
sub-0069_P2,227,227
sub-0069_P2,228,228
sub-0069_P2,229,229
sub-0069_P2,230,230
sub-0069_P2,231,231
sub-0070_P2,0,0
sub-0070_P2,1,1
sub-0070_P2,2,2
sub-0070_P2,3,3
sub-0070_P2,4,4
sub-0070_P2,5,5
sub-0070_P2,6,6
sub-0070_P2,7,7
sub-0070_P2,8,8
sub-0070_P2,9,9
sub-0070_P2,10,10
sub-0070_P2,11,11
sub-0070_P2,12,12
sub-0070_P2,13,13
sub-0070_P2,14,14
sub-0070_P2,15,15
sub-0070_P2,16,16
sub-0070_P2,17,17
sub-0070_P2,18,18
sub-0070_P2,19,19
sub-0070_P2,20,20
sub-0070_P2,21,21
sub-0070_P2,22,22
sub-0070_P2,23,23
sub-0070_P2,24,24
sub-0070_P2,25,25
sub-0070_P2,26,26
sub-0070_P2,27,27
sub-0070_P2,28,28
sub-0070_P2,29,29
sub-0070_P2,30,30
sub-0070_P2,31,31
sub-0070_P2,32,32
sub-0070_P2,33,33
sub-0070_P2,34,34
sub-0070_P2,35,35
sub-0070_P2,36,36
sub-0070_P2,37,37
sub-0070_P2,38,38
sub-0070_P2,39,39
sub-0070_P2,40,40
sub-0070_P2,41,41
sub-0070_P2,42,42
sub-0070_P2,43,43
sub-0070_P2,44,44
sub-0070_P2,45,45
sub-0070_P2,46,46
sub-0070_P2,47,47
sub-0070_P2,48,48
sub-0070_P2,49,49
sub-0070_P2,50,50
sub-0070_P2,51,51
sub-0070_P2,52,52
sub-0070_P2,53,53
sub-0070_P2,54,54
sub-0070_P2,55,55
sub-0070_P2,56,56
sub-0070_P2,57,66
sub-0070_P2,58,58
sub-0070_P2,59,56
sub-0070_P2,60,60
sub-0070_P2,61,61
sub-0070_P2,62,62
sub-0070_P2,63,63
sub-0070_P2,64,64
sub-0070_P2,65,65
sub-0070_P2,66,66
sub-0070_P2,67,67
sub-0070_P2,68,68
sub-0070_P2,69,69
sub-0070_P2,70,70
sub-0070_P2,71,71
sub-0070_P2,72,72
sub-0070_P2,73,73
sub-0070_P2,74,74
sub-0070_P2,75,75
sub-0070_P2,76,76
sub-0070_P2,77,77
sub-0070_P2,78,78
sub-0070_P2,79,79
sub-0070_P2,80,80
sub-0070_P2,81,81
sub-0070_P2,82,82
sub-0070_P2,83,83
sub-0070_P2,84,84
sub-0070_P2,85,85
sub-0070_P2,86,86
sub-0070_P2,87,191
sub-0070_P2,88,88
sub-0070_P2,89,89
sub-0070_P2,90,67
sub-0070_P2,91,91
sub-0070_P2,92,61
sub-0070_P2,93,93
sub-0070_P2,94,94
sub-0070_P2,95,95
sub-0070_P2,96,96
sub-0070_P2,97,97
sub-0070_P2,98,98
sub-0070_P2,99,99
sub-0070_P2,100,111
sub-0070_P2,101,101
sub-0070_P2,102,102
sub-0070_P2,103,103
sub-0070_P2,104,104
sub-0070_P2,105,105
sub-0070_P2,106,106
sub-0070_P2,107,107
sub-0070_P2,108,108
sub-0070_P2,109,109
sub-0070_P2,110,110
sub-0070_P2,111,111
sub-0070_P2,112,112
sub-0070_P2,113,113
sub-0070_P2,114,114
sub-0070_P2,115,115
sub-0070_P2,116,116
sub-0070_P2,117,117
sub-0070_P2,118,118
sub-0070_P2,119,119
sub-0070_P2,120,120
sub-0070_P2,121,121
sub-0070_P2,122,122
sub-0070_P2,123,123
sub-0070_P2,124,124
sub-0070_P2,125,147
sub-0070_P2,126,126
sub-0070_P2,127,226
sub-0070_P2,128,128
sub-0070_P2,129,129
sub-0070_P2,130,130
sub-0070_P2,131,131
sub-0070_P2,132,33
sub-0070_P2,133,133
sub-0070_P2,134,134
sub-0070_P2,135,135
sub-0070_P2,136,136
sub-0070_P2,137,33
sub-0070_P2,138,138
sub-0070_P2,139,139
sub-0070_P2,140,140
sub-0070_P2,141,141
sub-0070_P2,142,142
sub-0070_P2,143,143
sub-0070_P2,144,144
sub-0070_P2,145,145
sub-0070_P2,146,146
sub-0070_P2,147,147
sub-0070_P2,148,148
sub-0070_P2,149,119
sub-0070_P2,150,150
sub-0070_P2,151,151
sub-0070_P2,152,152
sub-0070_P2,153,153
sub-0070_P2,154,154
sub-0070_P2,155,155
sub-0070_P2,156,156
sub-0070_P2,157,157
sub-0070_P2,158,158
sub-0070_P2,159,159
sub-0070_P2,160,160
sub-0070_P2,161,161
sub-0070_P2,162,54
sub-0070_P2,163,163
sub-0070_P2,164,164
sub-0070_P2,165,165
sub-0070_P2,166,166
sub-0070_P2,167,167
sub-0070_P2,168,168
sub-0070_P2,169,169
sub-0070_P2,170,170
sub-0070_P2,171,171
sub-0070_P2,172,172
sub-0070_P2,173,173
sub-0070_P2,174,174
sub-0070_P2,175,175
sub-0070_P2,176,176
sub-0070_P2,177,155
sub-0070_P2,178,178
sub-0070_P2,179,179
sub-0070_P2,180,180
sub-0070_P2,181,181
sub-0070_P2,182,182
sub-0070_P2,183,183
sub-0070_P2,184,184
sub-0070_P2,185,185
sub-0070_P2,186,186
sub-0070_P2,187,187
sub-0070_P2,188,188
sub-0070_P2,189,172
sub-0070_P2,190,190
sub-0070_P2,191,191
sub-0070_P2,192,192
sub-0070_P2,193,193
sub-0070_P2,194,194
sub-0070_P2,195,195
sub-0070_P2,196,196
sub-0070_P2,197,197
sub-0070_P2,198,198
sub-0070_P2,199,199
sub-0070_P2,200,200
sub-0070_P2,201,201
sub-0070_P2,202,202
sub-0070_P2,203,203
sub-0070_P2,204,204
sub-0070_P2,205,205
sub-0070_P2,206,206
sub-0070_P2,207,207
sub-0070_P2,208,208
sub-0070_P2,209,209
sub-0070_P2,210,226
sub-0070_P2,211,211
sub-0070_P2,212,212
sub-0070_P2,213,213
sub-0070_P2,214,214
sub-0070_P2,215,215
sub-0070_P2,216,216
sub-0070_P2,217,217
sub-0070_P2,218,218
sub-0070_P2,219,219
sub-0070_P2,220,226
sub-0070_P2,221,221
sub-0070_P2,222,222
sub-0070_P2,223,223
sub-0070_P2,224,224
sub-0070_P2,225,225
sub-0070_P2,226,227
sub-0070_P2,227,227
sub-0070_P2,228,228
sub-0070_P2,229,229
sub-0070_P2,230,230
sub-0070_P2,231,231
sub-0071_P2,0,0
sub-0071_P2,1,1
sub-0071_P2,2,2
sub-0071_P2,3,3
sub-0071_P2,4,4
sub-0071_P2,5,5
sub-0071_P2,6,6
sub-0071_P2,7,7
sub-0071_P2,8,8
sub-0071_P2,9,9
sub-0071_P2,10,10
sub-0071_P2,11,11
sub-0071_P2,12,12
sub-0071_P2,13,13
sub-0071_P2,14,14
sub-0071_P2,15,15
sub-0071_P2,16,16
sub-0071_P2,17,17
sub-0071_P2,18,13
sub-0071_P2,19,19
sub-0071_P2,20,20
sub-0071_P2,21,21
sub-0071_P2,22,22
sub-0071_P2,23,23
sub-0071_P2,24,30
sub-0071_P2,25,25
sub-0071_P2,26,26
sub-0071_P2,27,27
sub-0071_P2,28,28
sub-0071_P2,29,29
sub-0071_P2,30,116
sub-0071_P2,31,31
sub-0071_P2,32,32
sub-0071_P2,33,33
sub-0071_P2,34,34
sub-0071_P2,35,35
sub-0071_P2,36,36
sub-0071_P2,37,37
sub-0071_P2,38,38
sub-0071_P2,39,39
sub-0071_P2,40,40
sub-0071_P2,41,41
sub-0071_P2,42,143
sub-0071_P2,43,43
sub-0071_P2,44,44
sub-0071_P2,45,45
sub-0071_P2,46,46
sub-0071_P2,47,47
sub-0071_P2,48,48
sub-0071_P2,49,49
sub-0071_P2,50,50
sub-0071_P2,51,158
sub-0071_P2,52,52
sub-0071_P2,53,53
sub-0071_P2,54,202
sub-0071_P2,55,55
sub-0071_P2,56,56
sub-0071_P2,57,57
sub-0071_P2,58,58
sub-0071_P2,59,59
sub-0071_P2,60,60
sub-0071_P2,61,52
sub-0071_P2,62,62
sub-0071_P2,63,63
sub-0071_P2,64,64
sub-0071_P2,65,65
sub-0071_P2,66,66
sub-0071_P2,67,67
sub-0071_P2,68,70
sub-0071_P2,69,69
sub-0071_P2,70,70
sub-0071_P2,71,71
sub-0071_P2,72,72
sub-0071_P2,73,73
sub-0071_P2,74,74
sub-0071_P2,75,75
sub-0071_P2,76,76
sub-0071_P2,77,77
sub-0071_P2,78,78
sub-0071_P2,79,79
sub-0071_P2,80,80
sub-0071_P2,81,81
sub-0071_P2,82,82
sub-0071_P2,83,83
sub-0071_P2,84,84
sub-0071_P2,85,85
sub-0071_P2,86,86
sub-0071_P2,87,87
sub-0071_P2,88,88
sub-0071_P2,89,89
sub-0071_P2,90,90
sub-0071_P2,91,91
sub-0071_P2,92,92
sub-0071_P2,93,211
sub-0071_P2,94,94
sub-0071_P2,95,95
sub-0071_P2,96,96
sub-0071_P2,97,97
sub-0071_P2,98,98
sub-0071_P2,99,99
sub-0071_P2,100,100
sub-0071_P2,101,101
sub-0071_P2,102,102
sub-0071_P2,103,103
sub-0071_P2,104,104
sub-0071_P2,105,105
sub-0071_P2,106,106
sub-0071_P2,107,8
sub-0071_P2,108,108
sub-0071_P2,109,109
sub-0071_P2,110,110
sub-0071_P2,111,111
sub-0071_P2,112,112
sub-0071_P2,113,229
sub-0071_P2,114,114
sub-0071_P2,115,115
sub-0071_P2,116,116
sub-0071_P2,117,117
sub-0071_P2,118,118
sub-0071_P2,119,119
sub-0071_P2,120,120
sub-0071_P2,121,121
sub-0071_P2,122,122
sub-0071_P2,123,123
sub-0071_P2,124,124
sub-0071_P2,125,125
sub-0071_P2,126,126
sub-0071_P2,127,127
sub-0071_P2,128,127
sub-0071_P2,129,129
sub-0071_P2,130,130
sub-0071_P2,131,29
sub-0071_P2,132,132
sub-0071_P2,133,133
sub-0071_P2,134,134
sub-0071_P2,135,135
sub-0071_P2,136,136
sub-0071_P2,137,137
sub-0071_P2,138,138
sub-0071_P2,139,139
sub-0071_P2,140,140
sub-0071_P2,141,141
sub-0071_P2,142,142
sub-0071_P2,143,143
sub-0071_P2,144,144
sub-0071_P2,145,145
sub-0071_P2,146,146
sub-0071_P2,147,147
sub-0071_P2,148,148
sub-0071_P2,149,149
sub-0071_P2,150,150
sub-0071_P2,151,151
sub-0071_P2,152,166
sub-0071_P2,153,153
sub-0071_P2,154,154
sub-0071_P2,155,155
sub-0071_P2,156,158
sub-0071_P2,157,157
sub-0071_P2,158,158
sub-0071_P2,159,159
sub-0071_P2,160,160
sub-0071_P2,161,161
sub-0071_P2,162,162
sub-0071_P2,163,163
sub-0071_P2,164,58
sub-0071_P2,165,165
sub-0071_P2,166,38
sub-0071_P2,167,167
sub-0071_P2,168,168
sub-0071_P2,169,169
sub-0071_P2,170,170
sub-0071_P2,171,171
sub-0071_P2,172,172
sub-0071_P2,173,173
sub-0071_P2,174,174
sub-0071_P2,175,175
sub-0071_P2,176,176
sub-0071_P2,177,177
sub-0071_P2,178,178
sub-0071_P2,179,179
sub-0071_P2,180,180
sub-0071_P2,181,181
sub-0071_P2,182,182
sub-0071_P2,183,183
sub-0071_P2,184,184
sub-0071_P2,185,185
sub-0071_P2,186,159
sub-0071_P2,187,187
sub-0071_P2,188,188
sub-0071_P2,189,189
sub-0071_P2,190,190
sub-0071_P2,191,191
sub-0071_P2,192,192
sub-0071_P2,193,193
sub-0071_P2,194,194
sub-0071_P2,195,195
sub-0071_P2,196,196
sub-0071_P2,197,197
sub-0071_P2,198,198
sub-0071_P2,199,199
sub-0071_P2,200,219
sub-0071_P2,201,201
sub-0071_P2,202,202
sub-0071_P2,203,203
sub-0071_P2,204,210
sub-0071_P2,205,205
sub-0071_P2,206,222
sub-0071_P2,207,207
sub-0071_P2,208,208
sub-0071_P2,209,209
sub-0071_P2,210,210
sub-0071_P2,211,211
sub-0071_P2,212,212
sub-0071_P2,213,213
sub-0071_P2,214,214
sub-0071_P2,215,215
sub-0071_P2,216,187
sub-0071_P2,217,217
sub-0071_P2,218,218
sub-0071_P2,219,219
sub-0071_P2,220,220
sub-0071_P2,221,221
sub-0071_P2,222,222
sub-0071_P2,223,223
sub-0071_P2,224,221
sub-0071_P2,225,187
sub-0071_P2,226,226
sub-0071_P2,227,210
sub-0071_P2,228,228
sub-0071_P2,229,229
sub-0071_P2,230,230
sub-0071_P2,231,231
sub-0072_P2,0,0
sub-0072_P2,1,1
sub-0072_P2,2,85
sub-0072_P2,3,3
sub-0072_P2,4,4
sub-0072_P2,5,5
sub-0072_P2,6,6
sub-0072_P2,7,7
sub-0072_P2,8,8
sub-0072_P2,9,9
sub-0072_P2,10,10
sub-0072_P2,11,11
sub-0072_P2,12,12
sub-0072_P2,13,13
sub-0072_P2,14,14
sub-0072_P2,15,15
sub-0072_P2,16,16
sub-0072_P2,17,17
sub-0072_P2,18,18
sub-0072_P2,19,19
sub-0072_P2,20,20
sub-0072_P2,21,21
sub-0072_P2,22,22
sub-0072_P2,23,23
sub-0072_P2,24,24
sub-0072_P2,25,25
sub-0072_P2,26,26
sub-0072_P2,27,27
sub-0072_P2,28,28
sub-0072_P2,29,29
sub-0072_P2,30,30
sub-0072_P2,31,31
sub-0072_P2,32,32
sub-0072_P2,33,33
sub-0072_P2,34,34
sub-0072_P2,35,35
sub-0072_P2,36,36
sub-0072_P2,37,37
sub-0072_P2,38,38
sub-0072_P2,39,39
sub-0072_P2,40,40
sub-0072_P2,41,41
sub-0072_P2,42,42
sub-0072_P2,43,43
sub-0072_P2,44,44
sub-0072_P2,45,45
sub-0072_P2,46,46
sub-0072_P2,47,49
sub-0072_P2,48,48
sub-0072_P2,49,49
sub-0072_P2,50,50
sub-0072_P2,51,51
sub-0072_P2,52,52
sub-0072_P2,53,53
sub-0072_P2,54,54
sub-0072_P2,55,55
sub-0072_P2,56,56
sub-0072_P2,57,57
sub-0072_P2,58,58
sub-0072_P2,59,59
sub-0072_P2,60,60
sub-0072_P2,61,57
sub-0072_P2,62,62
sub-0072_P2,63,63
sub-0072_P2,64,64
sub-0072_P2,65,65
sub-0072_P2,66,66
sub-0072_P2,67,67
sub-0072_P2,68,68
sub-0072_P2,69,99
sub-0072_P2,70,214
sub-0072_P2,71,71
sub-0072_P2,72,72
sub-0072_P2,73,73
sub-0072_P2,74,74
sub-0072_P2,75,75
sub-0072_P2,76,76
sub-0072_P2,77,77
sub-0072_P2,78,201
sub-0072_P2,79,79
sub-0072_P2,80,80
sub-0072_P2,81,81
sub-0072_P2,82,82
sub-0072_P2,83,83
sub-0072_P2,84,84
sub-0072_P2,85,85
sub-0072_P2,86,86
sub-0072_P2,87,87
sub-0072_P2,88,88
sub-0072_P2,89,89
sub-0072_P2,90,86
sub-0072_P2,91,91
sub-0072_P2,92,201
sub-0072_P2,93,93
sub-0072_P2,94,94
sub-0072_P2,95,95
sub-0072_P2,96,96
sub-0072_P2,97,97
sub-0072_P2,98,98
sub-0072_P2,99,99
sub-0072_P2,100,100
sub-0072_P2,101,101
sub-0072_P2,102,102
sub-0072_P2,103,103
sub-0072_P2,104,104
sub-0072_P2,105,105
sub-0072_P2,106,106
sub-0072_P2,107,107
sub-0072_P2,108,108
sub-0072_P2,109,109
sub-0072_P2,110,110
sub-0072_P2,111,111
sub-0072_P2,112,112
sub-0072_P2,113,142
sub-0072_P2,114,114
sub-0072_P2,115,115
sub-0072_P2,116,116
sub-0072_P2,117,117
sub-0072_P2,118,118
sub-0072_P2,119,119
sub-0072_P2,120,120
sub-0072_P2,121,213
sub-0072_P2,122,122
sub-0072_P2,123,123
sub-0072_P2,124,124
sub-0072_P2,125,125
sub-0072_P2,126,126
sub-0072_P2,127,127
sub-0072_P2,128,124
sub-0072_P2,129,129
sub-0072_P2,130,130
sub-0072_P2,131,131
sub-0072_P2,132,132
sub-0072_P2,133,133
sub-0072_P2,134,134
sub-0072_P2,135,135
sub-0072_P2,136,136
sub-0072_P2,137,137
sub-0072_P2,138,138
sub-0072_P2,139,139
sub-0072_P2,140,140
sub-0072_P2,141,141
sub-0072_P2,142,142
sub-0072_P2,143,143
sub-0072_P2,144,144
sub-0072_P2,145,147
sub-0072_P2,146,146
sub-0072_P2,147,147
sub-0072_P2,148,148
sub-0072_P2,149,149
sub-0072_P2,150,150
sub-0072_P2,151,151
sub-0072_P2,152,152
sub-0072_P2,153,153
sub-0072_P2,154,154
sub-0072_P2,155,155
sub-0072_P2,156,156
sub-0072_P2,157,157
sub-0072_P2,158,158
sub-0072_P2,159,201
sub-0072_P2,160,160
sub-0072_P2,161,54
sub-0072_P2,162,162
sub-0072_P2,163,163
sub-0072_P2,164,164
sub-0072_P2,165,165
sub-0072_P2,166,166
sub-0072_P2,167,167
sub-0072_P2,168,168
sub-0072_P2,169,169
sub-0072_P2,170,170
sub-0072_P2,171,171
sub-0072_P2,172,172
sub-0072_P2,173,173
sub-0072_P2,174,174
sub-0072_P2,175,175
sub-0072_P2,176,176
sub-0072_P2,177,177
sub-0072_P2,178,166
sub-0072_P2,179,179
sub-0072_P2,180,180
sub-0072_P2,181,181
sub-0072_P2,182,182
sub-0072_P2,183,183
sub-0072_P2,184,184
sub-0072_P2,185,185
sub-0072_P2,186,186
sub-0072_P2,187,92
sub-0072_P2,188,188
sub-0072_P2,189,189
sub-0072_P2,190,190
sub-0072_P2,191,191
sub-0072_P2,192,192
sub-0072_P2,193,193
sub-0072_P2,194,194
sub-0072_P2,195,195
sub-0072_P2,196,196
sub-0072_P2,197,98
sub-0072_P2,198,198
sub-0072_P2,199,199
sub-0072_P2,200,200
sub-0072_P2,201,201
sub-0072_P2,202,202
sub-0072_P2,203,203
sub-0072_P2,204,204
sub-0072_P2,205,205
sub-0072_P2,206,206
sub-0072_P2,207,207
sub-0072_P2,208,208
sub-0072_P2,209,225
sub-0072_P2,210,210
sub-0072_P2,211,226
sub-0072_P2,212,212
sub-0072_P2,213,213
sub-0072_P2,214,214
sub-0072_P2,215,215
sub-0072_P2,216,216
sub-0072_P2,217,201
sub-0072_P2,218,218
sub-0072_P2,219,219
sub-0072_P2,220,220
sub-0072_P2,221,221
sub-0072_P2,222,222
sub-0072_P2,223,223
sub-0072_P2,224,224
sub-0072_P2,225,225
sub-0072_P2,226,226
sub-0072_P2,227,227
sub-0072_P2,228,228
sub-0072_P2,229,229
sub-0072_P2,230,230
sub-0072_P2,231,226
sub-0073_P2,0,0
sub-0073_P2,1,1
sub-0073_P2,2,2
sub-0073_P2,3,1
sub-0073_P2,4,4
sub-0073_P2,5,5
sub-0073_P2,6,6
sub-0073_P2,7,7
sub-0073_P2,8,8
sub-0073_P2,9,9
sub-0073_P2,10,10
sub-0073_P2,11,11
sub-0073_P2,12,12
sub-0073_P2,13,13
sub-0073_P2,14,14
sub-0073_P2,15,115
sub-0073_P2,16,16
sub-0073_P2,17,17
sub-0073_P2,18,18
sub-0073_P2,19,19
sub-0073_P2,20,20
sub-0073_P2,21,21
sub-0073_P2,22,125
sub-0073_P2,23,23
sub-0073_P2,24,24
sub-0073_P2,25,25
sub-0073_P2,26,26
sub-0073_P2,27,27
sub-0073_P2,28,28
sub-0073_P2,29,29
sub-0073_P2,30,30
sub-0073_P2,31,31
sub-0073_P2,32,32
sub-0073_P2,33,33
sub-0073_P2,34,34
sub-0073_P2,35,208
sub-0073_P2,36,36
sub-0073_P2,37,37
sub-0073_P2,38,38
sub-0073_P2,39,39
sub-0073_P2,40,40
sub-0073_P2,41,41
sub-0073_P2,42,42
sub-0073_P2,43,43
sub-0073_P2,44,44
sub-0073_P2,45,45
sub-0073_P2,46,46
sub-0073_P2,47,47
sub-0073_P2,48,48
sub-0073_P2,49,49
sub-0073_P2,50,50
sub-0073_P2,51,51
sub-0073_P2,52,52
sub-0073_P2,53,53
sub-0073_P2,54,54
sub-0073_P2,55,55
sub-0073_P2,56,56
sub-0073_P2,57,57
sub-0073_P2,58,58
sub-0073_P2,59,59
sub-0073_P2,60,60
sub-0073_P2,61,61
sub-0073_P2,62,62
sub-0073_P2,63,63
sub-0073_P2,64,64
sub-0073_P2,65,65
sub-0073_P2,66,66
sub-0073_P2,67,67
sub-0073_P2,68,68
sub-0073_P2,69,69
sub-0073_P2,70,70
sub-0073_P2,71,71
sub-0073_P2,72,72
sub-0073_P2,73,73
sub-0073_P2,74,74
sub-0073_P2,75,75
sub-0073_P2,76,76
sub-0073_P2,77,77
sub-0073_P2,78,78
sub-0073_P2,79,79
sub-0073_P2,80,80
sub-0073_P2,81,81
sub-0073_P2,82,82
sub-0073_P2,83,83
sub-0073_P2,84,84
sub-0073_P2,85,85
sub-0073_P2,86,86
sub-0073_P2,87,87
sub-0073_P2,88,88
sub-0073_P2,89,89
sub-0073_P2,90,90
sub-0073_P2,91,91
sub-0073_P2,92,92
sub-0073_P2,93,93
sub-0073_P2,94,226
sub-0073_P2,95,95
sub-0073_P2,96,96
sub-0073_P2,97,97
sub-0073_P2,98,98
sub-0073_P2,99,99
sub-0073_P2,100,100
sub-0073_P2,101,101
sub-0073_P2,102,102
sub-0073_P2,103,103
sub-0073_P2,104,104
sub-0073_P2,105,105
sub-0073_P2,106,106
sub-0073_P2,107,107
sub-0073_P2,108,108
sub-0073_P2,109,109
sub-0073_P2,110,110
sub-0073_P2,111,111
sub-0073_P2,112,112
sub-0073_P2,113,113
sub-0073_P2,114,114
sub-0073_P2,115,115
sub-0073_P2,116,116
sub-0073_P2,117,117
sub-0073_P2,118,118
sub-0073_P2,119,119
sub-0073_P2,120,120
sub-0073_P2,121,121
sub-0073_P2,122,122
sub-0073_P2,123,123
sub-0073_P2,124,124
sub-0073_P2,125,125
sub-0073_P2,126,126
sub-0073_P2,127,127
sub-0073_P2,128,128
sub-0073_P2,129,129
sub-0073_P2,130,130
sub-0073_P2,131,131
sub-0073_P2,132,132
sub-0073_P2,133,133
sub-0073_P2,134,134
sub-0073_P2,135,135
sub-0073_P2,136,136
sub-0073_P2,137,137
sub-0073_P2,138,138
sub-0073_P2,139,139
sub-0073_P2,140,166
sub-0073_P2,141,141
sub-0073_P2,142,142
sub-0073_P2,143,143
sub-0073_P2,144,144
sub-0073_P2,145,145
sub-0073_P2,146,146
sub-0073_P2,147,147
sub-0073_P2,148,148
sub-0073_P2,149,149
sub-0073_P2,150,150
sub-0073_P2,151,151
sub-0073_P2,152,152
sub-0073_P2,153,153
sub-0073_P2,154,154
sub-0073_P2,155,155
sub-0073_P2,156,156
sub-0073_P2,157,157
sub-0073_P2,158,158
sub-0073_P2,159,159
sub-0073_P2,160,160
sub-0073_P2,161,202
sub-0073_P2,162,162
sub-0073_P2,163,163
sub-0073_P2,164,164
sub-0073_P2,165,165
sub-0073_P2,166,166
sub-0073_P2,167,167
sub-0073_P2,168,168
sub-0073_P2,169,169
sub-0073_P2,170,170
sub-0073_P2,171,171
sub-0073_P2,172,172
sub-0073_P2,173,173
sub-0073_P2,174,174
sub-0073_P2,175,175
sub-0073_P2,176,176
sub-0073_P2,177,177
sub-0073_P2,178,178
sub-0073_P2,179,179
sub-0073_P2,180,180
sub-0073_P2,181,181
sub-0073_P2,182,182
sub-0073_P2,183,183
sub-0073_P2,184,184
sub-0073_P2,185,185
sub-0073_P2,186,186
sub-0073_P2,187,187
sub-0073_P2,188,188
sub-0073_P2,189,189
sub-0073_P2,190,190
sub-0073_P2,191,191
sub-0073_P2,192,192
sub-0073_P2,193,193
sub-0073_P2,194,194
sub-0073_P2,195,195
sub-0073_P2,196,196
sub-0073_P2,197,197
sub-0073_P2,198,198
sub-0073_P2,199,199
sub-0073_P2,200,200
sub-0073_P2,201,201
sub-0073_P2,202,202
sub-0073_P2,203,203
sub-0073_P2,204,204
sub-0073_P2,205,205
sub-0073_P2,206,206
sub-0073_P2,207,207
sub-0073_P2,208,208
sub-0073_P2,209,209
sub-0073_P2,210,210
sub-0073_P2,211,83
sub-0073_P2,212,212
sub-0073_P2,213,213
sub-0073_P2,214,214
sub-0073_P2,215,215
sub-0073_P2,216,216
sub-0073_P2,217,162
sub-0073_P2,218,218
sub-0073_P2,219,219
sub-0073_P2,220,220
sub-0073_P2,221,221
sub-0073_P2,222,222
sub-0073_P2,223,204
sub-0073_P2,224,224
sub-0073_P2,225,209
sub-0073_P2,226,226
sub-0073_P2,227,226
sub-0073_P2,228,228
sub-0073_P2,229,229
sub-0073_P2,230,230
sub-0073_P2,231,231
sub-0074_P2,0,0
sub-0074_P2,1,1
sub-0074_P2,2,2
sub-0074_P2,3,3
sub-0074_P2,4,4
sub-0074_P2,5,5
sub-0074_P2,6,6
sub-0074_P2,7,7
sub-0074_P2,8,8
sub-0074_P2,9,9
sub-0074_P2,10,10
sub-0074_P2,11,11
sub-0074_P2,12,12
sub-0074_P2,13,13
sub-0074_P2,14,14
sub-0074_P2,15,15
sub-0074_P2,16,16
sub-0074_P2,17,17
sub-0074_P2,18,18
sub-0074_P2,19,19
sub-0074_P2,20,20
sub-0074_P2,21,21
sub-0074_P2,22,22
sub-0074_P2,23,23
sub-0074_P2,24,24
sub-0074_P2,25,25
sub-0074_P2,26,26
sub-0074_P2,27,27
sub-0074_P2,28,28
sub-0074_P2,29,29
sub-0074_P2,30,30
sub-0074_P2,31,31
sub-0074_P2,32,32
sub-0074_P2,33,33
sub-0074_P2,34,34
sub-0074_P2,35,35
sub-0074_P2,36,36
sub-0074_P2,37,37
sub-0074_P2,38,38
sub-0074_P2,39,39
sub-0074_P2,40,40
sub-0074_P2,41,41
sub-0074_P2,42,42
sub-0074_P2,43,43
sub-0074_P2,44,44
sub-0074_P2,45,45
sub-0074_P2,46,46
sub-0074_P2,47,47
sub-0074_P2,48,48
sub-0074_P2,49,153
sub-0074_P2,50,50
sub-0074_P2,51,51
sub-0074_P2,52,52
sub-0074_P2,53,53
sub-0074_P2,54,54
sub-0074_P2,55,55
sub-0074_P2,56,56
sub-0074_P2,57,57
sub-0074_P2,58,33
sub-0074_P2,59,59
sub-0074_P2,60,60
sub-0074_P2,61,61
sub-0074_P2,62,62
sub-0074_P2,63,63
sub-0074_P2,64,64
sub-0074_P2,65,65
sub-0074_P2,66,66
sub-0074_P2,67,67
sub-0074_P2,68,68
sub-0074_P2,69,69
sub-0074_P2,70,70
sub-0074_P2,71,71
sub-0074_P2,72,72
sub-0074_P2,73,73
sub-0074_P2,74,74
sub-0074_P2,75,75
sub-0074_P2,76,76
sub-0074_P2,77,77
sub-0074_P2,78,78
sub-0074_P2,79,79
sub-0074_P2,80,80
sub-0074_P2,81,81
sub-0074_P2,82,55
sub-0074_P2,83,83
sub-0074_P2,84,84
sub-0074_P2,85,85
sub-0074_P2,86,86
sub-0074_P2,87,87
sub-0074_P2,88,88
sub-0074_P2,89,89
sub-0074_P2,90,94
sub-0074_P2,91,91
sub-0074_P2,92,92
sub-0074_P2,93,93
sub-0074_P2,94,94
sub-0074_P2,95,95
sub-0074_P2,96,96
sub-0074_P2,97,97
sub-0074_P2,98,98
sub-0074_P2,99,99
sub-0074_P2,100,100
sub-0074_P2,101,101
sub-0074_P2,102,102
sub-0074_P2,103,103
sub-0074_P2,104,104
sub-0074_P2,105,105
sub-0074_P2,106,106
sub-0074_P2,107,107
sub-0074_P2,108,108
sub-0074_P2,109,109
sub-0074_P2,110,110
sub-0074_P2,111,111
sub-0074_P2,112,112
sub-0074_P2,113,113
sub-0074_P2,114,147
sub-0074_P2,115,115
sub-0074_P2,116,116
sub-0074_P2,117,117
sub-0074_P2,118,118
sub-0074_P2,119,119
sub-0074_P2,120,120
sub-0074_P2,121,121
sub-0074_P2,122,122
sub-0074_P2,123,123
sub-0074_P2,124,124
sub-0074_P2,125,125
sub-0074_P2,126,126
sub-0074_P2,127,127
sub-0074_P2,128,128
sub-0074_P2,129,129
sub-0074_P2,130,130
sub-0074_P2,131,131
sub-0074_P2,132,132
sub-0074_P2,133,133
sub-0074_P2,134,134
sub-0074_P2,135,135
sub-0074_P2,136,136
sub-0074_P2,137,137
sub-0074_P2,138,138
sub-0074_P2,139,139
sub-0074_P2,140,140
sub-0074_P2,141,141
sub-0074_P2,142,142
sub-0074_P2,143,143
sub-0074_P2,144,144
sub-0074_P2,145,211
sub-0074_P2,146,146
sub-0074_P2,147,147
sub-0074_P2,148,148
sub-0074_P2,149,149
sub-0074_P2,150,150
sub-0074_P2,151,151
sub-0074_P2,152,152
sub-0074_P2,153,153
sub-0074_P2,154,154
sub-0074_P2,155,155
sub-0074_P2,156,156
sub-0074_P2,157,157
sub-0074_P2,158,158
sub-0074_P2,159,159
sub-0074_P2,160,160
sub-0074_P2,161,161
sub-0074_P2,162,162
sub-0074_P2,163,163
sub-0074_P2,164,164
sub-0074_P2,165,165
sub-0074_P2,166,166
sub-0074_P2,167,167
sub-0074_P2,168,168
sub-0074_P2,169,169
sub-0074_P2,170,170
sub-0074_P2,171,171
sub-0074_P2,172,172
sub-0074_P2,173,173
sub-0074_P2,174,174
sub-0074_P2,175,175
sub-0074_P2,176,176
sub-0074_P2,177,177
sub-0074_P2,178,178
sub-0074_P2,179,164
sub-0074_P2,180,180
sub-0074_P2,181,181
sub-0074_P2,182,182
sub-0074_P2,183,183
sub-0074_P2,184,184
sub-0074_P2,185,185
sub-0074_P2,186,186
sub-0074_P2,187,227
sub-0074_P2,188,188
sub-0074_P2,189,189
sub-0074_P2,190,190
sub-0074_P2,191,191
sub-0074_P2,192,192
sub-0074_P2,193,193
sub-0074_P2,194,194
sub-0074_P2,195,195
sub-0074_P2,196,196
sub-0074_P2,197,197
sub-0074_P2,198,198
sub-0074_P2,199,199
sub-0074_P2,200,200
sub-0074_P2,201,201
sub-0074_P2,202,99
sub-0074_P2,203,203
sub-0074_P2,204,204
sub-0074_P2,205,205
sub-0074_P2,206,206
sub-0074_P2,207,222
sub-0074_P2,208,208
sub-0074_P2,209,209
sub-0074_P2,210,55
sub-0074_P2,211,210
sub-0074_P2,212,212
sub-0074_P2,213,213
sub-0074_P2,214,214
sub-0074_P2,215,215
sub-0074_P2,216,216
sub-0074_P2,217,217
sub-0074_P2,218,218
sub-0074_P2,219,219
sub-0074_P2,220,220
sub-0074_P2,221,221
sub-0074_P2,222,222
sub-0074_P2,223,223
sub-0074_P2,224,224
sub-0074_P2,225,225
sub-0074_P2,226,226
sub-0074_P2,227,227
sub-0074_P2,228,228
sub-0074_P2,229,229
sub-0074_P2,230,230
sub-0074_P2,231,231
sub-0075_P2,0,0
sub-0075_P2,1,1
sub-0075_P2,2,2
sub-0075_P2,3,3
sub-0075_P2,4,4
sub-0075_P2,5,5
sub-0075_P2,6,6
sub-0075_P2,7,7
sub-0075_P2,8,8
sub-0075_P2,9,9
sub-0075_P2,10,10
sub-0075_P2,11,11
sub-0075_P2,12,12
sub-0075_P2,13,13
sub-0075_P2,14,162
sub-0075_P2,15,15
sub-0075_P2,16,16
sub-0075_P2,17,17
sub-0075_P2,18,18
sub-0075_P2,19,19
sub-0075_P2,20,20
sub-0075_P2,21,199
sub-0075_P2,22,22
sub-0075_P2,23,23
sub-0075_P2,24,24
sub-0075_P2,25,25
sub-0075_P2,26,26
sub-0075_P2,27,27
sub-0075_P2,28,28
sub-0075_P2,29,29
sub-0075_P2,30,30
sub-0075_P2,31,57
sub-0075_P2,32,32
sub-0075_P2,33,33
sub-0075_P2,34,34
sub-0075_P2,35,35
sub-0075_P2,36,36
sub-0075_P2,37,37
sub-0075_P2,38,38
sub-0075_P2,39,39
sub-0075_P2,40,99
sub-0075_P2,41,210
sub-0075_P2,42,42
sub-0075_P2,43,43
sub-0075_P2,44,44
sub-0075_P2,45,45
sub-0075_P2,46,46
sub-0075_P2,47,47
sub-0075_P2,48,48
sub-0075_P2,49,49
sub-0075_P2,50,50
sub-0075_P2,51,51
sub-0075_P2,52,52
sub-0075_P2,53,53
sub-0075_P2,54,54
sub-0075_P2,55,156
sub-0075_P2,56,56
sub-0075_P2,57,57
sub-0075_P2,58,58
sub-0075_P2,59,59
sub-0075_P2,60,60
sub-0075_P2,61,61
sub-0075_P2,62,62
sub-0075_P2,63,63
sub-0075_P2,64,64
sub-0075_P2,65,65
sub-0075_P2,66,66
sub-0075_P2,67,67
sub-0075_P2,68,68
sub-0075_P2,69,69
sub-0075_P2,70,70
sub-0075_P2,71,71
sub-0075_P2,72,72
sub-0075_P2,73,73
sub-0075_P2,74,74
sub-0075_P2,75,75
sub-0075_P2,76,76
sub-0075_P2,77,77
sub-0075_P2,78,78
sub-0075_P2,79,79
sub-0075_P2,80,51
sub-0075_P2,81,81
sub-0075_P2,82,157
sub-0075_P2,83,83
sub-0075_P2,84,84
sub-0075_P2,85,85
sub-0075_P2,86,86
sub-0075_P2,87,87
sub-0075_P2,88,88
sub-0075_P2,89,89
sub-0075_P2,90,90
sub-0075_P2,91,91
sub-0075_P2,92,92
sub-0075_P2,93,93
sub-0075_P2,94,94
sub-0075_P2,95,75
sub-0075_P2,96,96
sub-0075_P2,97,97
sub-0075_P2,98,199
sub-0075_P2,99,86
sub-0075_P2,100,100
sub-0075_P2,101,101
sub-0075_P2,102,102
sub-0075_P2,103,103
sub-0075_P2,104,104
sub-0075_P2,105,105
sub-0075_P2,106,106
sub-0075_P2,107,107
sub-0075_P2,108,108
sub-0075_P2,109,220
sub-0075_P2,110,110
sub-0075_P2,111,111
sub-0075_P2,112,112
sub-0075_P2,113,113
sub-0075_P2,114,114
sub-0075_P2,115,115
sub-0075_P2,116,115
sub-0075_P2,117,117
sub-0075_P2,118,118
sub-0075_P2,119,119
sub-0075_P2,120,120
sub-0075_P2,121,121
sub-0075_P2,122,122
sub-0075_P2,123,123
sub-0075_P2,124,124
sub-0075_P2,125,125
sub-0075_P2,126,126
sub-0075_P2,127,127
sub-0075_P2,128,128
sub-0075_P2,129,129
sub-0075_P2,130,130
sub-0075_P2,131,131
sub-0075_P2,132,132
sub-0075_P2,133,133
sub-0075_P2,134,134
sub-0075_P2,135,135
sub-0075_P2,136,112
sub-0075_P2,137,137
sub-0075_P2,138,138
sub-0075_P2,139,139
sub-0075_P2,140,140
sub-0075_P2,141,141
sub-0075_P2,142,142
sub-0075_P2,143,143
sub-0075_P2,144,144
sub-0075_P2,145,145
sub-0075_P2,146,146
sub-0075_P2,147,147
sub-0075_P2,148,148
sub-0075_P2,149,149
sub-0075_P2,150,99
sub-0075_P2,151,151
sub-0075_P2,152,152
sub-0075_P2,153,153
sub-0075_P2,154,154
sub-0075_P2,155,155
sub-0075_P2,156,156
sub-0075_P2,157,157
sub-0075_P2,158,158
sub-0075_P2,159,159
sub-0075_P2,160,160
sub-0075_P2,161,161
sub-0075_P2,162,53
sub-0075_P2,163,163
sub-0075_P2,164,164
sub-0075_P2,165,165
sub-0075_P2,166,166
sub-0075_P2,167,167
sub-0075_P2,168,168
sub-0075_P2,169,169
sub-0075_P2,170,51
sub-0075_P2,171,171
sub-0075_P2,172,172
sub-0075_P2,173,173
sub-0075_P2,174,174
sub-0075_P2,175,175
sub-0075_P2,176,176
sub-0075_P2,177,177
sub-0075_P2,178,178
sub-0075_P2,179,179
sub-0075_P2,180,180
sub-0075_P2,181,181
sub-0075_P2,182,182
sub-0075_P2,183,183
sub-0075_P2,184,184
sub-0075_P2,185,185
sub-0075_P2,186,186
sub-0075_P2,187,225
sub-0075_P2,188,188
sub-0075_P2,189,189
sub-0075_P2,190,190
sub-0075_P2,191,191
sub-0075_P2,192,192
sub-0075_P2,193,193
sub-0075_P2,194,194
sub-0075_P2,195,195
sub-0075_P2,196,196
sub-0075_P2,197,197
sub-0075_P2,198,198
sub-0075_P2,199,199
sub-0075_P2,200,200
sub-0075_P2,201,201
sub-0075_P2,202,162
sub-0075_P2,203,203
sub-0075_P2,204,204
sub-0075_P2,205,205
sub-0075_P2,206,206
sub-0075_P2,207,202
sub-0075_P2,208,208
sub-0075_P2,209,209
sub-0075_P2,210,210
sub-0075_P2,211,211
sub-0075_P2,212,212
sub-0075_P2,213,213
sub-0075_P2,214,214
sub-0075_P2,215,215
sub-0075_P2,216,216
sub-0075_P2,217,184
sub-0075_P2,218,218
sub-0075_P2,219,211
sub-0075_P2,220,220
sub-0075_P2,221,221
sub-0075_P2,222,222
sub-0075_P2,223,223
sub-0075_P2,224,224
sub-0075_P2,225,90
sub-0075_P2,226,226
sub-0075_P2,227,227
sub-0075_P2,228,228
sub-0075_P2,229,229
sub-0075_P2,230,230
sub-0075_P2,231,231
sub-0076_P2,0,0
sub-0076_P2,1,1
sub-0076_P2,2,2
sub-0076_P2,3,3
sub-0076_P2,4,4
sub-0076_P2,5,5
sub-0076_P2,6,6
sub-0076_P2,7,7
sub-0076_P2,8,8
sub-0076_P2,9,9
sub-0076_P2,10,10
sub-0076_P2,11,11
sub-0076_P2,12,12
sub-0076_P2,13,13
sub-0076_P2,14,14
sub-0076_P2,15,15
sub-0076_P2,16,16
sub-0076_P2,17,17
sub-0076_P2,18,18
sub-0076_P2,19,19
sub-0076_P2,20,20
sub-0076_P2,21,21
sub-0076_P2,22,22
sub-0076_P2,23,23
sub-0076_P2,24,24
sub-0076_P2,25,25
sub-0076_P2,26,26
sub-0076_P2,27,27
sub-0076_P2,28,28
sub-0076_P2,29,29
sub-0076_P2,30,30
sub-0076_P2,31,31
sub-0076_P2,32,32
sub-0076_P2,33,33
sub-0076_P2,34,34
sub-0076_P2,35,35
sub-0076_P2,36,36
sub-0076_P2,37,37
sub-0076_P2,38,38
sub-0076_P2,39,39
sub-0076_P2,40,40
sub-0076_P2,41,41
sub-0076_P2,42,42
sub-0076_P2,43,43
sub-0076_P2,44,44
sub-0076_P2,45,45
sub-0076_P2,46,46
sub-0076_P2,47,47
sub-0076_P2,48,48
sub-0076_P2,49,49
sub-0076_P2,50,50
sub-0076_P2,51,51
sub-0076_P2,52,52
sub-0076_P2,53,82
sub-0076_P2,54,54
sub-0076_P2,55,55
sub-0076_P2,56,56
sub-0076_P2,57,57
sub-0076_P2,58,58
sub-0076_P2,59,59
sub-0076_P2,60,60
sub-0076_P2,61,61
sub-0076_P2,62,62
sub-0076_P2,63,63
sub-0076_P2,64,68
sub-0076_P2,65,65
sub-0076_P2,66,66
sub-0076_P2,67,67
sub-0076_P2,68,68
sub-0076_P2,69,69
sub-0076_P2,70,70
sub-0076_P2,71,71
sub-0076_P2,72,72
sub-0076_P2,73,73
sub-0076_P2,74,74
sub-0076_P2,75,75
sub-0076_P2,76,76
sub-0076_P2,77,77
sub-0076_P2,78,78
sub-0076_P2,79,79
sub-0076_P2,80,80
sub-0076_P2,81,81
sub-0076_P2,82,82
sub-0076_P2,83,83
sub-0076_P2,84,84
sub-0076_P2,85,85
sub-0076_P2,86,86
sub-0076_P2,87,87
sub-0076_P2,88,88
sub-0076_P2,89,89
sub-0076_P2,90,90
sub-0076_P2,91,91
sub-0076_P2,92,92
sub-0076_P2,93,93
sub-0076_P2,94,94
sub-0076_P2,95,95
sub-0076_P2,96,96
sub-0076_P2,97,97
sub-0076_P2,98,98
sub-0076_P2,99,86
sub-0076_P2,100,100
sub-0076_P2,101,101
sub-0076_P2,102,102
sub-0076_P2,103,103
sub-0076_P2,104,104
sub-0076_P2,105,105
sub-0076_P2,106,106
sub-0076_P2,107,107
sub-0076_P2,108,108
sub-0076_P2,109,109
sub-0076_P2,110,110
sub-0076_P2,111,111
sub-0076_P2,112,112
sub-0076_P2,113,113
sub-0076_P2,114,114
sub-0076_P2,115,115
sub-0076_P2,116,116
sub-0076_P2,117,117
sub-0076_P2,118,118
sub-0076_P2,119,119
sub-0076_P2,120,120
sub-0076_P2,121,121
sub-0076_P2,122,122
sub-0076_P2,123,123
sub-0076_P2,124,124
sub-0076_P2,125,125
sub-0076_P2,126,126
sub-0076_P2,127,127
sub-0076_P2,128,128
sub-0076_P2,129,129
sub-0076_P2,130,29
sub-0076_P2,131,131
sub-0076_P2,132,132
sub-0076_P2,133,133
sub-0076_P2,134,134
sub-0076_P2,135,135
sub-0076_P2,136,136
sub-0076_P2,137,137
sub-0076_P2,138,138
sub-0076_P2,139,139
sub-0076_P2,140,140
sub-0076_P2,141,141
sub-0076_P2,142,142
sub-0076_P2,143,143
sub-0076_P2,144,144
sub-0076_P2,145,145
sub-0076_P2,146,146
sub-0076_P2,147,147
sub-0076_P2,148,148
sub-0076_P2,149,149
sub-0076_P2,150,150
sub-0076_P2,151,151
sub-0076_P2,152,152
sub-0076_P2,153,55
sub-0076_P2,154,154
sub-0076_P2,155,187
sub-0076_P2,156,156
sub-0076_P2,157,157
sub-0076_P2,158,158
sub-0076_P2,159,159
sub-0076_P2,160,160
sub-0076_P2,161,161
sub-0076_P2,162,52
sub-0076_P2,163,163
sub-0076_P2,164,164
sub-0076_P2,165,164
sub-0076_P2,166,166
sub-0076_P2,167,167
sub-0076_P2,168,168
sub-0076_P2,169,169
sub-0076_P2,170,170
sub-0076_P2,171,171
sub-0076_P2,172,172
sub-0076_P2,173,173
sub-0076_P2,174,179
sub-0076_P2,175,175
sub-0076_P2,176,176
sub-0076_P2,177,177
sub-0076_P2,178,178
sub-0076_P2,179,179
sub-0076_P2,180,180
sub-0076_P2,181,181
sub-0076_P2,182,182
sub-0076_P2,183,183
sub-0076_P2,184,184
sub-0076_P2,185,185
sub-0076_P2,186,186
sub-0076_P2,187,187
sub-0076_P2,188,188
sub-0076_P2,189,189
sub-0076_P2,190,190
sub-0076_P2,191,191
sub-0076_P2,192,192
sub-0076_P2,193,193
sub-0076_P2,194,194
sub-0076_P2,195,195
sub-0076_P2,196,196
sub-0076_P2,197,197
sub-0076_P2,198,77
sub-0076_P2,199,199
sub-0076_P2,200,217
sub-0076_P2,201,201
sub-0076_P2,202,202
sub-0076_P2,203,203
sub-0076_P2,204,226
sub-0076_P2,205,205
sub-0076_P2,206,206
sub-0076_P2,207,207
sub-0076_P2,208,224
sub-0076_P2,209,209
sub-0076_P2,210,227
sub-0076_P2,211,226
sub-0076_P2,212,212
sub-0076_P2,213,213
sub-0076_P2,214,214
sub-0076_P2,215,215
sub-0076_P2,216,216
sub-0076_P2,217,217
sub-0076_P2,218,218
sub-0076_P2,219,219
sub-0076_P2,220,220
sub-0076_P2,221,221
sub-0076_P2,222,222
sub-0076_P2,223,223
sub-0076_P2,224,224
sub-0076_P2,225,225
sub-0076_P2,226,226
sub-0076_P2,227,227
sub-0076_P2,228,228
sub-0076_P2,229,229
sub-0076_P2,230,230
sub-0076_P2,231,229
sub-0077_P2,0,0
sub-0077_P2,1,1
sub-0077_P2,2,2
sub-0077_P2,3,3
sub-0077_P2,4,4
sub-0077_P2,5,5
sub-0077_P2,6,6
sub-0077_P2,7,7
sub-0077_P2,8,8
sub-0077_P2,9,9
sub-0077_P2,10,10
sub-0077_P2,11,11
sub-0077_P2,12,12
sub-0077_P2,13,13
sub-0077_P2,14,14
sub-0077_P2,15,15
sub-0077_P2,16,16
sub-0077_P2,17,17
sub-0077_P2,18,18
sub-0077_P2,19,19
sub-0077_P2,20,20
sub-0077_P2,21,21
sub-0077_P2,22,22
sub-0077_P2,23,23
sub-0077_P2,24,24
sub-0077_P2,25,25
sub-0077_P2,26,26
sub-0077_P2,27,27
sub-0077_P2,28,28
sub-0077_P2,29,29
sub-0077_P2,30,30
sub-0077_P2,31,31
sub-0077_P2,32,32
sub-0077_P2,33,33
sub-0077_P2,34,34
sub-0077_P2,35,35
sub-0077_P2,36,36
sub-0077_P2,37,37
sub-0077_P2,38,31
sub-0077_P2,39,39
sub-0077_P2,40,40
sub-0077_P2,41,41
sub-0077_P2,42,42
sub-0077_P2,43,43
sub-0077_P2,44,44
sub-0077_P2,45,45
sub-0077_P2,46,46
sub-0077_P2,47,47
sub-0077_P2,48,48
sub-0077_P2,49,49
sub-0077_P2,50,50
sub-0077_P2,51,51
sub-0077_P2,52,53
sub-0077_P2,53,53
sub-0077_P2,54,54
sub-0077_P2,55,55
sub-0077_P2,56,56
sub-0077_P2,57,57
sub-0077_P2,58,58
sub-0077_P2,59,59
sub-0077_P2,60,60
sub-0077_P2,61,61
sub-0077_P2,62,62
sub-0077_P2,63,63
sub-0077_P2,64,64
sub-0077_P2,65,65
sub-0077_P2,66,66
sub-0077_P2,67,67
sub-0077_P2,68,187
sub-0077_P2,69,69
sub-0077_P2,70,70
sub-0077_P2,71,71
sub-0077_P2,72,72
sub-0077_P2,73,73
sub-0077_P2,74,74
sub-0077_P2,75,75
sub-0077_P2,76,76
sub-0077_P2,77,77
sub-0077_P2,78,78
sub-0077_P2,79,79
sub-0077_P2,80,80
sub-0077_P2,81,81
sub-0077_P2,82,161
sub-0077_P2,83,83
sub-0077_P2,84,84
sub-0077_P2,85,85
sub-0077_P2,86,86
sub-0077_P2,87,87
sub-0077_P2,88,88
sub-0077_P2,89,89
sub-0077_P2,90,90
sub-0077_P2,91,91
sub-0077_P2,92,92
sub-0077_P2,93,93
sub-0077_P2,94,94
sub-0077_P2,95,95
sub-0077_P2,96,96
sub-0077_P2,97,97
sub-0077_P2,98,98
sub-0077_P2,99,99
sub-0077_P2,100,100
sub-0077_P2,101,101
sub-0077_P2,102,102
sub-0077_P2,103,103
sub-0077_P2,104,104
sub-0077_P2,105,105
sub-0077_P2,106,106
sub-0077_P2,107,107
sub-0077_P2,108,108
sub-0077_P2,109,109
sub-0077_P2,110,110
sub-0077_P2,111,111
sub-0077_P2,112,112
sub-0077_P2,113,113
sub-0077_P2,114,114
sub-0077_P2,115,115
sub-0077_P2,116,139
sub-0077_P2,117,117
sub-0077_P2,118,118
sub-0077_P2,119,38
sub-0077_P2,120,120
sub-0077_P2,121,121
sub-0077_P2,122,122
sub-0077_P2,123,123
sub-0077_P2,124,124
sub-0077_P2,125,125
sub-0077_P2,126,126
sub-0077_P2,127,127
sub-0077_P2,128,123
sub-0077_P2,129,129
sub-0077_P2,130,130
sub-0077_P2,131,131
sub-0077_P2,132,132
sub-0077_P2,133,133
sub-0077_P2,134,134
sub-0077_P2,135,135
sub-0077_P2,136,136
sub-0077_P2,137,137
sub-0077_P2,138,138
sub-0077_P2,139,139
sub-0077_P2,140,140
sub-0077_P2,141,141
sub-0077_P2,142,142
sub-0077_P2,143,143
sub-0077_P2,144,144
sub-0077_P2,145,124
sub-0077_P2,146,146
sub-0077_P2,147,147
sub-0077_P2,148,148
sub-0077_P2,149,149
sub-0077_P2,150,150
sub-0077_P2,151,151
sub-0077_P2,152,152
sub-0077_P2,153,153
sub-0077_P2,154,154
sub-0077_P2,155,155
sub-0077_P2,156,156
sub-0077_P2,157,157
sub-0077_P2,158,158
sub-0077_P2,159,159
sub-0077_P2,160,160
sub-0077_P2,161,161
sub-0077_P2,162,162
sub-0077_P2,163,50
sub-0077_P2,164,164
sub-0077_P2,165,165
sub-0077_P2,166,166
sub-0077_P2,167,167
sub-0077_P2,168,168
sub-0077_P2,169,169
sub-0077_P2,170,170
sub-0077_P2,171,220
sub-0077_P2,172,172
sub-0077_P2,173,173
sub-0077_P2,174,174
sub-0077_P2,175,175
sub-0077_P2,176,176
sub-0077_P2,177,177
sub-0077_P2,178,178
sub-0077_P2,179,179
sub-0077_P2,180,180
sub-0077_P2,181,181
sub-0077_P2,182,182
sub-0077_P2,183,183
sub-0077_P2,184,184
sub-0077_P2,185,185
sub-0077_P2,186,186
sub-0077_P2,187,187
sub-0077_P2,188,188
sub-0077_P2,189,189
sub-0077_P2,190,190
sub-0077_P2,191,191
sub-0077_P2,192,192
sub-0077_P2,193,193
sub-0077_P2,194,194
sub-0077_P2,195,195
sub-0077_P2,196,196
sub-0077_P2,197,197
sub-0077_P2,198,198
sub-0077_P2,199,199
sub-0077_P2,200,200
sub-0077_P2,201,201
sub-0077_P2,202,202
sub-0077_P2,203,203
sub-0077_P2,204,222
sub-0077_P2,205,223
sub-0077_P2,206,206
sub-0077_P2,207,204
sub-0077_P2,208,208
sub-0077_P2,209,209
sub-0077_P2,210,210
sub-0077_P2,211,226
sub-0077_P2,212,212
sub-0077_P2,213,213
sub-0077_P2,214,214
sub-0077_P2,215,215
sub-0077_P2,216,216
sub-0077_P2,217,217
sub-0077_P2,218,218
sub-0077_P2,219,219
sub-0077_P2,220,220
sub-0077_P2,221,221
sub-0077_P2,222,222
sub-0077_P2,223,223
sub-0077_P2,224,224
sub-0077_P2,225,225
sub-0077_P2,226,226
sub-0077_P2,227,227
sub-0077_P2,228,228
sub-0077_P2,229,229
sub-0077_P2,230,230
sub-0077_P2,231,231
sub-0078_P2,0,0
sub-0078_P2,1,102
sub-0078_P2,2,2
sub-0078_P2,3,3
sub-0078_P2,4,4
sub-0078_P2,5,5
sub-0078_P2,6,6
sub-0078_P2,7,7
sub-0078_P2,8,8
sub-0078_P2,9,9
sub-0078_P2,10,10
sub-0078_P2,11,11
sub-0078_P2,12,12
sub-0078_P2,13,13
sub-0078_P2,14,14
sub-0078_P2,15,15
sub-0078_P2,16,16
sub-0078_P2,17,17
sub-0078_P2,18,18
sub-0078_P2,19,121
sub-0078_P2,20,20
sub-0078_P2,21,21
sub-0078_P2,22,22
sub-0078_P2,23,23
sub-0078_P2,24,24
sub-0078_P2,25,127
sub-0078_P2,26,26
sub-0078_P2,27,27
sub-0078_P2,28,28
sub-0078_P2,29,29
sub-0078_P2,30,99
sub-0078_P2,31,31
sub-0078_P2,32,32
sub-0078_P2,33,33
sub-0078_P2,34,34
sub-0078_P2,35,35
sub-0078_P2,36,36
sub-0078_P2,37,37
sub-0078_P2,38,38
sub-0078_P2,39,39
sub-0078_P2,40,40
sub-0078_P2,41,41
sub-0078_P2,42,42
sub-0078_P2,43,43
sub-0078_P2,44,44
sub-0078_P2,45,45
sub-0078_P2,46,46
sub-0078_P2,47,47
sub-0078_P2,48,48
sub-0078_P2,49,49
sub-0078_P2,50,50
sub-0078_P2,51,51
sub-0078_P2,52,52
sub-0078_P2,53,53
sub-0078_P2,54,54
sub-0078_P2,55,55
sub-0078_P2,56,56
sub-0078_P2,57,57
sub-0078_P2,58,58
sub-0078_P2,59,59
sub-0078_P2,60,60
sub-0078_P2,61,61
sub-0078_P2,62,64
sub-0078_P2,63,63
sub-0078_P2,64,64
sub-0078_P2,65,65
sub-0078_P2,66,66
sub-0078_P2,67,67
sub-0078_P2,68,68
sub-0078_P2,69,226
sub-0078_P2,70,70
sub-0078_P2,71,71
sub-0078_P2,72,72
sub-0078_P2,73,73
sub-0078_P2,74,74
sub-0078_P2,75,75
sub-0078_P2,76,76
sub-0078_P2,77,77
sub-0078_P2,78,78
sub-0078_P2,79,79
sub-0078_P2,80,80
sub-0078_P2,81,81
sub-0078_P2,82,82
sub-0078_P2,83,162
sub-0078_P2,84,84
sub-0078_P2,85,85
sub-0078_P2,86,86
sub-0078_P2,87,87
sub-0078_P2,88,88
sub-0078_P2,89,89
sub-0078_P2,90,90
sub-0078_P2,91,91
sub-0078_P2,92,92
sub-0078_P2,93,93
sub-0078_P2,94,94
sub-0078_P2,95,95
sub-0078_P2,96,96
sub-0078_P2,97,97
sub-0078_P2,98,98
sub-0078_P2,99,55
sub-0078_P2,100,100
sub-0078_P2,101,101
sub-0078_P2,102,102
sub-0078_P2,103,103
sub-0078_P2,104,104
sub-0078_P2,105,105
sub-0078_P2,106,106
sub-0078_P2,107,107
sub-0078_P2,108,108
sub-0078_P2,109,109
sub-0078_P2,110,110
sub-0078_P2,111,111
sub-0078_P2,112,112
sub-0078_P2,113,113
sub-0078_P2,114,147
sub-0078_P2,115,115
sub-0078_P2,116,116
sub-0078_P2,117,117
sub-0078_P2,118,118
sub-0078_P2,119,119
sub-0078_P2,120,120
sub-0078_P2,121,121
sub-0078_P2,122,122
sub-0078_P2,123,123
sub-0078_P2,124,124
sub-0078_P2,125,125
sub-0078_P2,126,126
sub-0078_P2,127,127
sub-0078_P2,128,128
sub-0078_P2,129,129
sub-0078_P2,130,130
sub-0078_P2,131,131
sub-0078_P2,132,132
sub-0078_P2,133,133
sub-0078_P2,134,134
sub-0078_P2,135,135
sub-0078_P2,136,136
sub-0078_P2,137,137
sub-0078_P2,138,138
sub-0078_P2,139,139
sub-0078_P2,140,140
sub-0078_P2,141,141
sub-0078_P2,142,142
sub-0078_P2,143,55
sub-0078_P2,144,144
sub-0078_P2,145,145
sub-0078_P2,146,146
sub-0078_P2,147,147
sub-0078_P2,148,148
sub-0078_P2,149,149
sub-0078_P2,150,150
sub-0078_P2,151,151
sub-0078_P2,152,152
sub-0078_P2,153,153
sub-0078_P2,154,154
sub-0078_P2,155,155
sub-0078_P2,156,156
sub-0078_P2,157,157
sub-0078_P2,158,158
sub-0078_P2,159,159
sub-0078_P2,160,160
sub-0078_P2,161,161
sub-0078_P2,162,162
sub-0078_P2,163,163
sub-0078_P2,164,164
sub-0078_P2,165,165
sub-0078_P2,166,166
sub-0078_P2,167,167
sub-0078_P2,168,168
sub-0078_P2,169,169
sub-0078_P2,170,53
sub-0078_P2,171,171
sub-0078_P2,172,172
sub-0078_P2,173,173
sub-0078_P2,174,175
sub-0078_P2,175,175
sub-0078_P2,176,176
sub-0078_P2,177,177
sub-0078_P2,178,178
sub-0078_P2,179,179
sub-0078_P2,180,180
sub-0078_P2,181,181
sub-0078_P2,182,182
sub-0078_P2,183,171
sub-0078_P2,184,184
sub-0078_P2,185,185
sub-0078_P2,186,186
sub-0078_P2,187,187
sub-0078_P2,188,188
sub-0078_P2,189,189
sub-0078_P2,190,190
sub-0078_P2,191,191
sub-0078_P2,192,192
sub-0078_P2,193,193
sub-0078_P2,194,194
sub-0078_P2,195,195
sub-0078_P2,196,196
sub-0078_P2,197,99
sub-0078_P2,198,198
sub-0078_P2,199,199
sub-0078_P2,200,200
sub-0078_P2,201,201
sub-0078_P2,202,187
sub-0078_P2,203,203
sub-0078_P2,204,204
sub-0078_P2,205,205
sub-0078_P2,206,206
sub-0078_P2,207,207
sub-0078_P2,208,208
sub-0078_P2,209,209
sub-0078_P2,210,210
sub-0078_P2,211,226
sub-0078_P2,212,212
sub-0078_P2,213,213
sub-0078_P2,214,214
sub-0078_P2,215,215
sub-0078_P2,216,216
sub-0078_P2,217,217
sub-0078_P2,218,218
sub-0078_P2,219,219
sub-0078_P2,220,220
sub-0078_P2,221,221
sub-0078_P2,222,222
sub-0078_P2,223,223
sub-0078_P2,224,224
sub-0078_P2,225,225
sub-0078_P2,226,226
sub-0078_P2,227,210
sub-0078_P2,228,228
sub-0078_P2,229,229
sub-0078_P2,230,230
sub-0078_P2,231,231
sub-0079_P2,0,0
sub-0079_P2,1,1
sub-0079_P2,2,2
sub-0079_P2,3,3
sub-0079_P2,4,4
sub-0079_P2,5,5
sub-0079_P2,6,6
sub-0079_P2,7,7
sub-0079_P2,8,8
sub-0079_P2,9,9
sub-0079_P2,10,10
sub-0079_P2,11,11
sub-0079_P2,12,12
sub-0079_P2,13,13
sub-0079_P2,14,14
sub-0079_P2,15,15
sub-0079_P2,16,16
sub-0079_P2,17,17
sub-0079_P2,18,18
sub-0079_P2,19,19
sub-0079_P2,20,20
sub-0079_P2,21,21
sub-0079_P2,22,22
sub-0079_P2,23,23
sub-0079_P2,24,20
sub-0079_P2,25,25
sub-0079_P2,26,26
sub-0079_P2,27,27
sub-0079_P2,28,28
sub-0079_P2,29,29
sub-0079_P2,30,30
sub-0079_P2,31,31
sub-0079_P2,32,32
sub-0079_P2,33,33
sub-0079_P2,34,34
sub-0079_P2,35,35
sub-0079_P2,36,36
sub-0079_P2,37,37
sub-0079_P2,38,38
sub-0079_P2,39,39
sub-0079_P2,40,40
sub-0079_P2,41,41
sub-0079_P2,42,42
sub-0079_P2,43,43
sub-0079_P2,44,44
sub-0079_P2,45,45
sub-0079_P2,46,46
sub-0079_P2,47,70
sub-0079_P2,48,48
sub-0079_P2,49,49
sub-0079_P2,50,50
sub-0079_P2,51,51
sub-0079_P2,52,52
sub-0079_P2,53,53
sub-0079_P2,54,54
sub-0079_P2,55,50
sub-0079_P2,56,50
sub-0079_P2,57,57
sub-0079_P2,58,58
sub-0079_P2,59,59
sub-0079_P2,60,60
sub-0079_P2,61,50
sub-0079_P2,62,62
sub-0079_P2,63,63
sub-0079_P2,64,64
sub-0079_P2,65,65
sub-0079_P2,66,66
sub-0079_P2,67,67
sub-0079_P2,68,68
sub-0079_P2,69,69
sub-0079_P2,70,70
sub-0079_P2,71,71
sub-0079_P2,72,72
sub-0079_P2,73,73
sub-0079_P2,74,74
sub-0079_P2,75,75
sub-0079_P2,76,76
sub-0079_P2,77,77
sub-0079_P2,78,78
sub-0079_P2,79,79
sub-0079_P2,80,80
sub-0079_P2,81,81
sub-0079_P2,82,82
sub-0079_P2,83,83
sub-0079_P2,84,84
sub-0079_P2,85,85
sub-0079_P2,86,86
sub-0079_P2,87,87
sub-0079_P2,88,88
sub-0079_P2,89,89
sub-0079_P2,90,90
sub-0079_P2,91,91
sub-0079_P2,92,92
sub-0079_P2,93,93
sub-0079_P2,94,94
sub-0079_P2,95,95
sub-0079_P2,96,96
sub-0079_P2,97,97
sub-0079_P2,98,98
sub-0079_P2,99,99
sub-0079_P2,100,100
sub-0079_P2,101,101
sub-0079_P2,102,102
sub-0079_P2,103,103
sub-0079_P2,104,101
sub-0079_P2,105,105
sub-0079_P2,106,106
sub-0079_P2,107,107
sub-0079_P2,108,108
sub-0079_P2,109,109
sub-0079_P2,110,110
sub-0079_P2,111,111
sub-0079_P2,112,112
sub-0079_P2,113,113
sub-0079_P2,114,114
sub-0079_P2,115,115
sub-0079_P2,116,116
sub-0079_P2,117,117
sub-0079_P2,118,118
sub-0079_P2,119,119
sub-0079_P2,120,120
sub-0079_P2,121,121
sub-0079_P2,122,122
sub-0079_P2,123,123
sub-0079_P2,124,124
sub-0079_P2,125,125
sub-0079_P2,126,126
sub-0079_P2,127,127
sub-0079_P2,128,128
sub-0079_P2,129,129
sub-0079_P2,130,130
sub-0079_P2,131,131
sub-0079_P2,132,132
sub-0079_P2,133,133
sub-0079_P2,134,134
sub-0079_P2,135,135
sub-0079_P2,136,136
sub-0079_P2,137,137
sub-0079_P2,138,138
sub-0079_P2,139,139
sub-0079_P2,140,140
sub-0079_P2,141,141
sub-0079_P2,142,198
sub-0079_P2,143,143
sub-0079_P2,144,144
sub-0079_P2,145,145
sub-0079_P2,146,146
sub-0079_P2,147,147
sub-0079_P2,148,148
sub-0079_P2,149,149
sub-0079_P2,150,150
sub-0079_P2,151,151
sub-0079_P2,152,152
sub-0079_P2,153,153
sub-0079_P2,154,154
sub-0079_P2,155,155
sub-0079_P2,156,156
sub-0079_P2,157,157
sub-0079_P2,158,158
sub-0079_P2,159,158
sub-0079_P2,160,160
sub-0079_P2,161,161
sub-0079_P2,162,162
sub-0079_P2,163,163
sub-0079_P2,164,164
sub-0079_P2,165,165
sub-0079_P2,166,166
sub-0079_P2,167,167
sub-0079_P2,168,168
sub-0079_P2,169,169
sub-0079_P2,170,170
sub-0079_P2,171,171
sub-0079_P2,172,172
sub-0079_P2,173,140
sub-0079_P2,174,174
sub-0079_P2,175,175
sub-0079_P2,176,176
sub-0079_P2,177,177
sub-0079_P2,178,178
sub-0079_P2,179,179
sub-0079_P2,180,180
sub-0079_P2,181,181
sub-0079_P2,182,182
sub-0079_P2,183,183
sub-0079_P2,184,180
sub-0079_P2,185,185
sub-0079_P2,186,186
sub-0079_P2,187,187
sub-0079_P2,188,188
sub-0079_P2,189,189
sub-0079_P2,190,190
sub-0079_P2,191,191
sub-0079_P2,192,192
sub-0079_P2,193,193
sub-0079_P2,194,194
sub-0079_P2,195,195
sub-0079_P2,196,196
sub-0079_P2,197,197
sub-0079_P2,198,198
sub-0079_P2,199,199
sub-0079_P2,200,200
sub-0079_P2,201,201
sub-0079_P2,202,202
sub-0079_P2,203,203
sub-0079_P2,204,204
sub-0079_P2,205,205
sub-0079_P2,206,206
sub-0079_P2,207,207
sub-0079_P2,208,208
sub-0079_P2,209,209
sub-0079_P2,210,210
sub-0079_P2,211,50
sub-0079_P2,212,212
sub-0079_P2,213,213
sub-0079_P2,214,214
sub-0079_P2,215,215
sub-0079_P2,216,216
sub-0079_P2,217,217
sub-0079_P2,218,218
sub-0079_P2,219,219
sub-0079_P2,220,220
sub-0079_P2,221,221
sub-0079_P2,222,222
sub-0079_P2,223,223
sub-0079_P2,224,224
sub-0079_P2,225,225
sub-0079_P2,226,226
sub-0079_P2,227,227
sub-0079_P2,228,228
sub-0079_P2,229,229
sub-0079_P2,230,230
sub-0079_P2,231,231
sub-0080_P2,0,0
sub-0080_P2,1,1
sub-0080_P2,2,2
sub-0080_P2,3,3
sub-0080_P2,4,4
sub-0080_P2,5,5
sub-0080_P2,6,6
sub-0080_P2,7,7
sub-0080_P2,8,8
sub-0080_P2,9,9
sub-0080_P2,10,10
sub-0080_P2,11,11
sub-0080_P2,12,12
sub-0080_P2,13,13
sub-0080_P2,14,14
sub-0080_P2,15,15
sub-0080_P2,16,16
sub-0080_P2,17,17
sub-0080_P2,18,18
sub-0080_P2,19,19
sub-0080_P2,20,20
sub-0080_P2,21,21
sub-0080_P2,22,22
sub-0080_P2,23,23
sub-0080_P2,24,20
sub-0080_P2,25,25
sub-0080_P2,26,26
sub-0080_P2,27,27
sub-0080_P2,28,28
sub-0080_P2,29,29
sub-0080_P2,30,30
sub-0080_P2,31,31
sub-0080_P2,32,32
sub-0080_P2,33,33
sub-0080_P2,34,34
sub-0080_P2,35,35
sub-0080_P2,36,36
sub-0080_P2,37,37
sub-0080_P2,38,38
sub-0080_P2,39,39
sub-0080_P2,40,40
sub-0080_P2,41,41
sub-0080_P2,42,42
sub-0080_P2,43,43
sub-0080_P2,44,44
sub-0080_P2,45,45
sub-0080_P2,46,46
sub-0080_P2,47,47
sub-0080_P2,48,48
sub-0080_P2,49,49
sub-0080_P2,50,187
sub-0080_P2,51,51
sub-0080_P2,52,52
sub-0080_P2,53,53
sub-0080_P2,54,54
sub-0080_P2,55,55
sub-0080_P2,56,56
sub-0080_P2,57,57
sub-0080_P2,58,58
sub-0080_P2,59,59
sub-0080_P2,60,60
sub-0080_P2,61,61
sub-0080_P2,62,62
sub-0080_P2,63,63
sub-0080_P2,64,64
sub-0080_P2,65,65
sub-0080_P2,66,66
sub-0080_P2,67,64
sub-0080_P2,68,68
sub-0080_P2,69,69
sub-0080_P2,70,70
sub-0080_P2,71,71
sub-0080_P2,72,72
sub-0080_P2,73,73
sub-0080_P2,74,74
sub-0080_P2,75,75
sub-0080_P2,76,76
sub-0080_P2,77,77
sub-0080_P2,78,78
sub-0080_P2,79,79
sub-0080_P2,80,80
sub-0080_P2,81,81
sub-0080_P2,82,82
sub-0080_P2,83,83
sub-0080_P2,84,84
sub-0080_P2,85,85
sub-0080_P2,86,86
sub-0080_P2,87,87
sub-0080_P2,88,88
sub-0080_P2,89,64
sub-0080_P2,90,90
sub-0080_P2,91,91
sub-0080_P2,92,92
sub-0080_P2,93,93
sub-0080_P2,94,94
sub-0080_P2,95,95
sub-0080_P2,96,96
sub-0080_P2,97,97
sub-0080_P2,98,98
sub-0080_P2,99,99
sub-0080_P2,100,100
sub-0080_P2,101,101
sub-0080_P2,102,102
sub-0080_P2,103,103
sub-0080_P2,104,104
sub-0080_P2,105,105
sub-0080_P2,106,106
sub-0080_P2,107,107
sub-0080_P2,108,108
sub-0080_P2,109,109
sub-0080_P2,110,110
sub-0080_P2,111,42
sub-0080_P2,112,112
sub-0080_P2,113,113
sub-0080_P2,114,114
sub-0080_P2,115,115
sub-0080_P2,116,116
sub-0080_P2,117,117
sub-0080_P2,118,118
sub-0080_P2,119,119
sub-0080_P2,120,120
sub-0080_P2,121,121
sub-0080_P2,122,122
sub-0080_P2,123,123
sub-0080_P2,124,124
sub-0080_P2,125,125
sub-0080_P2,126,126
sub-0080_P2,127,127
sub-0080_P2,128,128
sub-0080_P2,129,129
sub-0080_P2,130,130
sub-0080_P2,131,131
sub-0080_P2,132,132
sub-0080_P2,133,133
sub-0080_P2,134,134
sub-0080_P2,135,135
sub-0080_P2,136,136
sub-0080_P2,137,137
sub-0080_P2,138,138
sub-0080_P2,139,139
sub-0080_P2,140,140
sub-0080_P2,141,141
sub-0080_P2,142,142
sub-0080_P2,143,143
sub-0080_P2,144,143
sub-0080_P2,145,145
sub-0080_P2,146,146
sub-0080_P2,147,147
sub-0080_P2,148,148
sub-0080_P2,149,149
sub-0080_P2,150,150
sub-0080_P2,151,151
sub-0080_P2,152,152
sub-0080_P2,153,153
sub-0080_P2,154,154
sub-0080_P2,155,155
sub-0080_P2,156,156
sub-0080_P2,157,157
sub-0080_P2,158,158
sub-0080_P2,159,159
sub-0080_P2,160,54
sub-0080_P2,161,161
sub-0080_P2,162,162
sub-0080_P2,163,163
sub-0080_P2,164,164
sub-0080_P2,165,165
sub-0080_P2,166,166
sub-0080_P2,167,167
sub-0080_P2,168,168
sub-0080_P2,169,143
sub-0080_P2,170,203
sub-0080_P2,171,171
sub-0080_P2,172,172
sub-0080_P2,173,173
sub-0080_P2,174,174
sub-0080_P2,175,175
sub-0080_P2,176,176
sub-0080_P2,177,177
sub-0080_P2,178,178
sub-0080_P2,179,179
sub-0080_P2,180,180
sub-0080_P2,181,181
sub-0080_P2,182,182
sub-0080_P2,183,183
sub-0080_P2,184,184
sub-0080_P2,185,185
sub-0080_P2,186,186
sub-0080_P2,187,187
sub-0080_P2,188,188
sub-0080_P2,189,189
sub-0080_P2,190,190
sub-0080_P2,191,191
sub-0080_P2,192,192
sub-0080_P2,193,193
sub-0080_P2,194,194
sub-0080_P2,195,195
sub-0080_P2,196,196
sub-0080_P2,197,197
sub-0080_P2,198,198
sub-0080_P2,199,99
sub-0080_P2,200,200
sub-0080_P2,201,201
sub-0080_P2,202,202
sub-0080_P2,203,203
sub-0080_P2,204,204
sub-0080_P2,205,205
sub-0080_P2,206,206
sub-0080_P2,207,207
sub-0080_P2,208,208
sub-0080_P2,209,224
sub-0080_P2,210,210
sub-0080_P2,211,211
sub-0080_P2,212,212
sub-0080_P2,213,213
sub-0080_P2,214,214
sub-0080_P2,215,215
sub-0080_P2,216,216
sub-0080_P2,217,201
sub-0080_P2,218,218
sub-0080_P2,219,203
sub-0080_P2,220,220
sub-0080_P2,221,221
sub-0080_P2,222,222
sub-0080_P2,223,223
sub-0080_P2,224,224
sub-0080_P2,225,225
sub-0080_P2,226,227
sub-0080_P2,227,226
sub-0080_P2,228,228
sub-0080_P2,229,229
sub-0080_P2,230,230
sub-0080_P2,231,214
sub-0081_P2,0,0
sub-0081_P2,1,1
sub-0081_P2,2,7
sub-0081_P2,3,3
sub-0081_P2,4,4
sub-0081_P2,5,5
sub-0081_P2,6,6
sub-0081_P2,7,7
sub-0081_P2,8,8
sub-0081_P2,9,9
sub-0081_P2,10,10
sub-0081_P2,11,11
sub-0081_P2,12,12
sub-0081_P2,13,13
sub-0081_P2,14,14
sub-0081_P2,15,15
sub-0081_P2,16,16
sub-0081_P2,17,17
sub-0081_P2,18,18
sub-0081_P2,19,19
sub-0081_P2,20,20
sub-0081_P2,21,21
sub-0081_P2,22,22
sub-0081_P2,23,23
sub-0081_P2,24,24
sub-0081_P2,25,25
sub-0081_P2,26,26
sub-0081_P2,27,27
sub-0081_P2,28,28
sub-0081_P2,29,29
sub-0081_P2,30,30
sub-0081_P2,31,31
sub-0081_P2,32,32
sub-0081_P2,33,33
sub-0081_P2,34,34
sub-0081_P2,35,35
sub-0081_P2,36,120
sub-0081_P2,37,37
sub-0081_P2,38,38
sub-0081_P2,39,142
sub-0081_P2,40,40
sub-0081_P2,41,24
sub-0081_P2,42,42
sub-0081_P2,43,43
sub-0081_P2,44,44
sub-0081_P2,45,45
sub-0081_P2,46,46
sub-0081_P2,47,47
sub-0081_P2,48,48
sub-0081_P2,49,49
sub-0081_P2,50,50
sub-0081_P2,51,53
sub-0081_P2,52,52
sub-0081_P2,53,53
sub-0081_P2,54,54
sub-0081_P2,55,55
sub-0081_P2,56,56
sub-0081_P2,57,57
sub-0081_P2,58,58
sub-0081_P2,59,31
sub-0081_P2,60,60
sub-0081_P2,61,61
sub-0081_P2,62,62
sub-0081_P2,63,63
sub-0081_P2,64,57
sub-0081_P2,65,65
sub-0081_P2,66,66
sub-0081_P2,67,67
sub-0081_P2,68,68
sub-0081_P2,69,69
sub-0081_P2,70,70
sub-0081_P2,71,71
sub-0081_P2,72,72
sub-0081_P2,73,73
sub-0081_P2,74,74
sub-0081_P2,75,75
sub-0081_P2,76,76
sub-0081_P2,77,77
sub-0081_P2,78,78
sub-0081_P2,79,79
sub-0081_P2,80,80
sub-0081_P2,81,81
sub-0081_P2,82,82
sub-0081_P2,83,92
sub-0081_P2,84,84
sub-0081_P2,85,85
sub-0081_P2,86,86
sub-0081_P2,87,87
sub-0081_P2,88,88
sub-0081_P2,89,89
sub-0081_P2,90,90
sub-0081_P2,91,91
sub-0081_P2,92,92
sub-0081_P2,93,93
sub-0081_P2,94,94
sub-0081_P2,95,95
sub-0081_P2,96,96
sub-0081_P2,97,97
sub-0081_P2,98,98
sub-0081_P2,99,99
sub-0081_P2,100,100
sub-0081_P2,101,101
sub-0081_P2,102,102
sub-0081_P2,103,103
sub-0081_P2,104,104
sub-0081_P2,105,105
sub-0081_P2,106,106
sub-0081_P2,107,107
sub-0081_P2,108,108
sub-0081_P2,109,109
sub-0081_P2,110,110
sub-0081_P2,111,31
sub-0081_P2,112,112
sub-0081_P2,113,113
sub-0081_P2,114,114
sub-0081_P2,115,115
sub-0081_P2,116,116
sub-0081_P2,117,117
sub-0081_P2,118,118
sub-0081_P2,119,119
sub-0081_P2,120,120
sub-0081_P2,121,121
sub-0081_P2,122,122
sub-0081_P2,123,123
sub-0081_P2,124,20
sub-0081_P2,125,125
sub-0081_P2,126,126
sub-0081_P2,127,127
sub-0081_P2,128,128
sub-0081_P2,129,129
sub-0081_P2,130,130
sub-0081_P2,131,131
sub-0081_P2,132,132
sub-0081_P2,133,133
sub-0081_P2,134,33
sub-0081_P2,135,135
sub-0081_P2,136,136
sub-0081_P2,137,137
sub-0081_P2,138,138
sub-0081_P2,139,139
sub-0081_P2,140,140
sub-0081_P2,141,141
sub-0081_P2,142,142
sub-0081_P2,143,143
sub-0081_P2,144,143
sub-0081_P2,145,145
sub-0081_P2,146,146
sub-0081_P2,147,197
sub-0081_P2,148,148
sub-0081_P2,149,149
sub-0081_P2,150,150
sub-0081_P2,151,151
sub-0081_P2,152,152
sub-0081_P2,153,153
sub-0081_P2,154,222
sub-0081_P2,155,155
sub-0081_P2,156,156
sub-0081_P2,157,157
sub-0081_P2,158,158
sub-0081_P2,159,159
sub-0081_P2,160,55
sub-0081_P2,161,161
sub-0081_P2,162,162
sub-0081_P2,163,163
sub-0081_P2,164,164
sub-0081_P2,165,165
sub-0081_P2,166,166
sub-0081_P2,167,46
sub-0081_P2,168,168
sub-0081_P2,169,169
sub-0081_P2,170,170
sub-0081_P2,171,171
sub-0081_P2,172,172
sub-0081_P2,173,173
sub-0081_P2,174,174
sub-0081_P2,175,175
sub-0081_P2,176,176
sub-0081_P2,177,177
sub-0081_P2,178,178
sub-0081_P2,179,179
sub-0081_P2,180,180
sub-0081_P2,181,181
sub-0081_P2,182,182
sub-0081_P2,183,183
sub-0081_P2,184,184
sub-0081_P2,185,185
sub-0081_P2,186,186
sub-0081_P2,187,187
sub-0081_P2,188,188
sub-0081_P2,189,189
sub-0081_P2,190,190
sub-0081_P2,191,191
sub-0081_P2,192,192
sub-0081_P2,193,193
sub-0081_P2,194,194
sub-0081_P2,195,195
sub-0081_P2,196,196
sub-0081_P2,197,197
sub-0081_P2,198,198
sub-0081_P2,199,199
sub-0081_P2,200,208
sub-0081_P2,201,201
sub-0081_P2,202,219
sub-0081_P2,203,203
sub-0081_P2,204,204
sub-0081_P2,205,205
sub-0081_P2,206,206
sub-0081_P2,207,207
sub-0081_P2,208,208
sub-0081_P2,209,209
sub-0081_P2,210,211
sub-0081_P2,211,211
sub-0081_P2,212,212
sub-0081_P2,213,227
sub-0081_P2,214,214
sub-0081_P2,215,215
sub-0081_P2,216,216
sub-0081_P2,217,208
sub-0081_P2,218,218
sub-0081_P2,219,219
sub-0081_P2,220,220
sub-0081_P2,221,221
sub-0081_P2,222,222
sub-0081_P2,223,223
sub-0081_P2,224,224
sub-0081_P2,225,225
sub-0081_P2,226,226
sub-0081_P2,227,227
sub-0081_P2,228,228
sub-0081_P2,229,229
sub-0081_P2,230,176
sub-0081_P2,231,231
sub-0082_P2,0,0
sub-0082_P2,1,1
sub-0082_P2,2,2
sub-0082_P2,3,3
sub-0082_P2,4,4
sub-0082_P2,5,5
sub-0082_P2,6,6
sub-0082_P2,7,7
sub-0082_P2,8,8
sub-0082_P2,9,9
sub-0082_P2,10,10
sub-0082_P2,11,11
sub-0082_P2,12,12
sub-0082_P2,13,13
sub-0082_P2,14,14
sub-0082_P2,15,15
sub-0082_P2,16,16
sub-0082_P2,17,17
sub-0082_P2,18,18
sub-0082_P2,19,19
sub-0082_P2,20,20
sub-0082_P2,21,21
sub-0082_P2,22,22
sub-0082_P2,23,23
sub-0082_P2,24,24
sub-0082_P2,25,25
sub-0082_P2,26,26
sub-0082_P2,27,27
sub-0082_P2,28,53
sub-0082_P2,29,29
sub-0082_P2,30,103
sub-0082_P2,31,31
sub-0082_P2,32,32
sub-0082_P2,33,33
sub-0082_P2,34,34
sub-0082_P2,35,35
sub-0082_P2,36,36
sub-0082_P2,37,37
sub-0082_P2,38,38
sub-0082_P2,39,39
sub-0082_P2,40,40
sub-0082_P2,41,41
sub-0082_P2,42,42
sub-0082_P2,43,43
sub-0082_P2,44,44
sub-0082_P2,45,45
sub-0082_P2,46,46
sub-0082_P2,47,47
sub-0082_P2,48,48
sub-0082_P2,49,49
sub-0082_P2,50,50
sub-0082_P2,51,51
sub-0082_P2,52,52
sub-0082_P2,53,53
sub-0082_P2,54,54
sub-0082_P2,55,55
sub-0082_P2,56,53
sub-0082_P2,57,57
sub-0082_P2,58,58
sub-0082_P2,59,59
sub-0082_P2,60,60
sub-0082_P2,61,61
sub-0082_P2,62,62
sub-0082_P2,63,63
sub-0082_P2,64,64
sub-0082_P2,65,65
sub-0082_P2,66,66
sub-0082_P2,67,67
sub-0082_P2,68,68
sub-0082_P2,69,69
sub-0082_P2,70,70
sub-0082_P2,71,71
sub-0082_P2,72,72
sub-0082_P2,73,73
sub-0082_P2,74,74
sub-0082_P2,75,75
sub-0082_P2,76,76
sub-0082_P2,77,77
sub-0082_P2,78,78
sub-0082_P2,79,217
sub-0082_P2,80,80
sub-0082_P2,81,81
sub-0082_P2,82,82
sub-0082_P2,83,83
sub-0082_P2,84,84
sub-0082_P2,85,85
sub-0082_P2,86,86
sub-0082_P2,87,87
sub-0082_P2,88,88
sub-0082_P2,89,89
sub-0082_P2,90,90
sub-0082_P2,91,91
sub-0082_P2,92,92
sub-0082_P2,93,93
sub-0082_P2,94,94
sub-0082_P2,95,95
sub-0082_P2,96,96
sub-0082_P2,97,97
sub-0082_P2,98,98
sub-0082_P2,99,86
sub-0082_P2,100,100
sub-0082_P2,101,101
sub-0082_P2,102,102
sub-0082_P2,103,103
sub-0082_P2,104,104
sub-0082_P2,105,105
sub-0082_P2,106,106
sub-0082_P2,107,107
sub-0082_P2,108,108
sub-0082_P2,109,109
sub-0082_P2,110,110
sub-0082_P2,111,111
sub-0082_P2,112,112
sub-0082_P2,113,113
sub-0082_P2,114,114
sub-0082_P2,115,115
sub-0082_P2,116,116
sub-0082_P2,117,117
sub-0082_P2,118,118
sub-0082_P2,119,119
sub-0082_P2,120,120
sub-0082_P2,121,121
sub-0082_P2,122,122
sub-0082_P2,123,123
sub-0082_P2,124,124
sub-0082_P2,125,125
sub-0082_P2,126,126
sub-0082_P2,127,127
sub-0082_P2,128,128
sub-0082_P2,129,129
sub-0082_P2,130,130
sub-0082_P2,131,131
sub-0082_P2,132,132
sub-0082_P2,133,133
sub-0082_P2,134,33
sub-0082_P2,135,135
sub-0082_P2,136,136
sub-0082_P2,137,137
sub-0082_P2,138,138
sub-0082_P2,139,139
sub-0082_P2,140,140
sub-0082_P2,141,141
sub-0082_P2,142,142
sub-0082_P2,143,143
sub-0082_P2,144,144
sub-0082_P2,145,145
sub-0082_P2,146,146
sub-0082_P2,147,147
sub-0082_P2,148,148
sub-0082_P2,149,149
sub-0082_P2,150,150
sub-0082_P2,151,151
sub-0082_P2,152,152
sub-0082_P2,153,153
sub-0082_P2,154,154
sub-0082_P2,155,155
sub-0082_P2,156,156
sub-0082_P2,157,187
sub-0082_P2,158,158
sub-0082_P2,159,159
sub-0082_P2,160,160
sub-0082_P2,161,161
sub-0082_P2,162,162
sub-0082_P2,163,163
sub-0082_P2,164,164
sub-0082_P2,165,165
sub-0082_P2,166,166
sub-0082_P2,167,167
sub-0082_P2,168,168
sub-0082_P2,169,169
sub-0082_P2,170,170
sub-0082_P2,171,171
sub-0082_P2,172,172
sub-0082_P2,173,173
sub-0082_P2,174,174
sub-0082_P2,175,175
sub-0082_P2,176,176
sub-0082_P2,177,177
sub-0082_P2,178,178
sub-0082_P2,179,179
sub-0082_P2,180,180
sub-0082_P2,181,181
sub-0082_P2,182,182
sub-0082_P2,183,183
sub-0082_P2,184,184
sub-0082_P2,185,185
sub-0082_P2,186,186
sub-0082_P2,187,161
sub-0082_P2,188,188
sub-0082_P2,189,83
sub-0082_P2,190,190
sub-0082_P2,191,191
sub-0082_P2,192,192
sub-0082_P2,193,193
sub-0082_P2,194,194
sub-0082_P2,195,195
sub-0082_P2,196,196
sub-0082_P2,197,197
sub-0082_P2,198,198
sub-0082_P2,199,199
sub-0082_P2,200,200
sub-0082_P2,201,201
sub-0082_P2,202,202
sub-0082_P2,203,203
sub-0082_P2,204,204
sub-0082_P2,205,205
sub-0082_P2,206,206
sub-0082_P2,207,207
sub-0082_P2,208,208
sub-0082_P2,209,209
sub-0082_P2,210,217
sub-0082_P2,211,227
sub-0082_P2,212,227
sub-0082_P2,213,213
sub-0082_P2,214,214
sub-0082_P2,215,215
sub-0082_P2,216,216
sub-0082_P2,217,217
sub-0082_P2,218,218
sub-0082_P2,219,219
sub-0082_P2,220,220
sub-0082_P2,221,221
sub-0082_P2,222,222
sub-0082_P2,223,223
sub-0082_P2,224,224
sub-0082_P2,225,225
sub-0082_P2,226,226
sub-0082_P2,227,227
sub-0082_P2,228,228
sub-0082_P2,229,229
sub-0082_P2,230,230
sub-0082_P2,231,231
sub-0083_P2,0,0
sub-0083_P2,1,1
sub-0083_P2,2,2
sub-0083_P2,3,3
sub-0083_P2,4,4
sub-0083_P2,5,5
sub-0083_P2,6,6
sub-0083_P2,7,7
sub-0083_P2,8,8
sub-0083_P2,9,9
sub-0083_P2,10,10
sub-0083_P2,11,11
sub-0083_P2,12,12
sub-0083_P2,13,13
sub-0083_P2,14,14
sub-0083_P2,15,15
sub-0083_P2,16,16
sub-0083_P2,17,17
sub-0083_P2,18,18
sub-0083_P2,19,121
sub-0083_P2,20,20
sub-0083_P2,21,21
sub-0083_P2,22,22
sub-0083_P2,23,23
sub-0083_P2,24,126
sub-0083_P2,25,25
sub-0083_P2,26,26
sub-0083_P2,27,27
sub-0083_P2,28,28
sub-0083_P2,29,29
sub-0083_P2,30,30
sub-0083_P2,31,31
sub-0083_P2,32,32
sub-0083_P2,33,33
sub-0083_P2,34,34
sub-0083_P2,35,35
sub-0083_P2,36,36
sub-0083_P2,37,37
sub-0083_P2,38,38
sub-0083_P2,39,39
sub-0083_P2,40,40
sub-0083_P2,41,41
sub-0083_P2,42,42
sub-0083_P2,43,43
sub-0083_P2,44,44
sub-0083_P2,45,45
sub-0083_P2,46,46
sub-0083_P2,47,47
sub-0083_P2,48,48
sub-0083_P2,49,49
sub-0083_P2,50,50
sub-0083_P2,51,51
sub-0083_P2,52,52
sub-0083_P2,53,53
sub-0083_P2,54,202
sub-0083_P2,55,20
sub-0083_P2,56,56
sub-0083_P2,57,57
sub-0083_P2,58,58
sub-0083_P2,59,59
sub-0083_P2,60,60
sub-0083_P2,61,61
sub-0083_P2,62,66
sub-0083_P2,63,63
sub-0083_P2,64,64
sub-0083_P2,65,65
sub-0083_P2,66,66
sub-0083_P2,67,67
sub-0083_P2,68,68
sub-0083_P2,69,69
sub-0083_P2,70,70
sub-0083_P2,71,71
sub-0083_P2,72,72
sub-0083_P2,73,73
sub-0083_P2,74,74
sub-0083_P2,75,75
sub-0083_P2,76,76
sub-0083_P2,77,77
sub-0083_P2,78,78
sub-0083_P2,79,79
sub-0083_P2,80,51
sub-0083_P2,81,81
sub-0083_P2,82,82
sub-0083_P2,83,83
sub-0083_P2,84,84
sub-0083_P2,85,85
sub-0083_P2,86,86
sub-0083_P2,87,87
sub-0083_P2,88,88
sub-0083_P2,89,89
sub-0083_P2,90,90
sub-0083_P2,91,91
sub-0083_P2,92,92
sub-0083_P2,93,93
sub-0083_P2,94,94
sub-0083_P2,95,95
sub-0083_P2,96,96
sub-0083_P2,97,97
sub-0083_P2,98,98
sub-0083_P2,99,99
sub-0083_P2,100,100
sub-0083_P2,101,101
sub-0083_P2,102,102
sub-0083_P2,103,103
sub-0083_P2,104,104
sub-0083_P2,105,105
sub-0083_P2,106,106
sub-0083_P2,107,107
sub-0083_P2,108,108
sub-0083_P2,109,109
sub-0083_P2,110,110
sub-0083_P2,111,111
sub-0083_P2,112,112
sub-0083_P2,113,14
sub-0083_P2,114,13
sub-0083_P2,115,115
sub-0083_P2,116,116
sub-0083_P2,117,117
sub-0083_P2,118,118
sub-0083_P2,119,119
sub-0083_P2,120,120
sub-0083_P2,121,121
sub-0083_P2,122,122
sub-0083_P2,123,123
sub-0083_P2,124,124
sub-0083_P2,125,125
sub-0083_P2,126,126
sub-0083_P2,127,127
sub-0083_P2,128,128
sub-0083_P2,129,129
sub-0083_P2,130,29
sub-0083_P2,131,99
sub-0083_P2,132,132
sub-0083_P2,133,133
sub-0083_P2,134,134
sub-0083_P2,135,135
sub-0083_P2,136,42
sub-0083_P2,137,119
sub-0083_P2,138,138
sub-0083_P2,139,139
sub-0083_P2,140,13
sub-0083_P2,141,141
sub-0083_P2,142,142
sub-0083_P2,143,143
sub-0083_P2,144,144
sub-0083_P2,145,145
sub-0083_P2,146,146
sub-0083_P2,147,147
sub-0083_P2,148,148
sub-0083_P2,149,149
sub-0083_P2,150,150
sub-0083_P2,151,151
sub-0083_P2,152,152
sub-0083_P2,153,153
sub-0083_P2,154,154
sub-0083_P2,155,155
sub-0083_P2,156,156
sub-0083_P2,157,157
sub-0083_P2,158,158
sub-0083_P2,159,159
sub-0083_P2,160,160
sub-0083_P2,161,161
sub-0083_P2,162,162
sub-0083_P2,163,29
sub-0083_P2,164,164
sub-0083_P2,165,165
sub-0083_P2,166,166
sub-0083_P2,167,167
sub-0083_P2,168,168
sub-0083_P2,169,169
sub-0083_P2,170,170
sub-0083_P2,171,171
sub-0083_P2,172,172
sub-0083_P2,173,173
sub-0083_P2,174,174
sub-0083_P2,175,175
sub-0083_P2,176,176
sub-0083_P2,177,177
sub-0083_P2,178,178
sub-0083_P2,179,179
sub-0083_P2,180,180
sub-0083_P2,181,181
sub-0083_P2,182,182
sub-0083_P2,183,183
sub-0083_P2,184,184
sub-0083_P2,185,185
sub-0083_P2,186,186
sub-0083_P2,187,187
sub-0083_P2,188,188
sub-0083_P2,189,189
sub-0083_P2,190,190
sub-0083_P2,191,191
sub-0083_P2,192,192
sub-0083_P2,193,193
sub-0083_P2,194,194
sub-0083_P2,195,195
sub-0083_P2,196,224
sub-0083_P2,197,197
sub-0083_P2,198,198
sub-0083_P2,199,199
sub-0083_P2,200,200
sub-0083_P2,201,201
sub-0083_P2,202,202
sub-0083_P2,203,203
sub-0083_P2,204,204
sub-0083_P2,205,205
sub-0083_P2,206,206
sub-0083_P2,207,207
sub-0083_P2,208,208
sub-0083_P2,209,209
sub-0083_P2,210,210
sub-0083_P2,211,211
sub-0083_P2,212,212
sub-0083_P2,213,213
sub-0083_P2,214,214
sub-0083_P2,215,215
sub-0083_P2,216,216
sub-0083_P2,217,217
sub-0083_P2,218,218
sub-0083_P2,219,219
sub-0083_P2,220,220
sub-0083_P2,221,221
sub-0083_P2,222,222
sub-0083_P2,223,223
sub-0083_P2,224,224
sub-0083_P2,225,225
sub-0083_P2,226,210
sub-0083_P2,227,227
sub-0083_P2,228,228
sub-0083_P2,229,229
sub-0083_P2,230,230
sub-0083_P2,231,231
sub-0084_P2,0,0
sub-0084_P2,1,1
sub-0084_P2,2,2
sub-0084_P2,3,3
sub-0084_P2,4,4
sub-0084_P2,5,5
sub-0084_P2,6,6
sub-0084_P2,7,7
sub-0084_P2,8,8
sub-0084_P2,9,9
sub-0084_P2,10,10
sub-0084_P2,11,11
sub-0084_P2,12,12
sub-0084_P2,13,13
sub-0084_P2,14,14
sub-0084_P2,15,15
sub-0084_P2,16,16
sub-0084_P2,17,229
sub-0084_P2,18,18
sub-0084_P2,19,19
sub-0084_P2,20,41
sub-0084_P2,21,21
sub-0084_P2,22,22
sub-0084_P2,23,23
sub-0084_P2,24,20
sub-0084_P2,25,25
sub-0084_P2,26,26
sub-0084_P2,27,27
sub-0084_P2,28,28
sub-0084_P2,29,29
sub-0084_P2,30,30
sub-0084_P2,31,31
sub-0084_P2,32,32
sub-0084_P2,33,33
sub-0084_P2,34,34
sub-0084_P2,35,35
sub-0084_P2,36,36
sub-0084_P2,37,37
sub-0084_P2,38,63
sub-0084_P2,39,39
sub-0084_P2,40,40
sub-0084_P2,41,41
sub-0084_P2,42,42
sub-0084_P2,43,43
sub-0084_P2,44,44
sub-0084_P2,45,45
sub-0084_P2,46,46
sub-0084_P2,47,47
sub-0084_P2,48,48
sub-0084_P2,49,49
sub-0084_P2,50,55
sub-0084_P2,51,51
sub-0084_P2,52,50
sub-0084_P2,53,53
sub-0084_P2,54,54
sub-0084_P2,55,55
sub-0084_P2,56,56
sub-0084_P2,57,64
sub-0084_P2,58,58
sub-0084_P2,59,59
sub-0084_P2,60,47
sub-0084_P2,61,61
sub-0084_P2,62,62
sub-0084_P2,63,63
sub-0084_P2,64,160
sub-0084_P2,65,65
sub-0084_P2,66,66
sub-0084_P2,67,67
sub-0084_P2,68,99
sub-0084_P2,69,69
sub-0084_P2,70,70
sub-0084_P2,71,71
sub-0084_P2,72,72
sub-0084_P2,73,73
sub-0084_P2,74,74
sub-0084_P2,75,75
sub-0084_P2,76,99
sub-0084_P2,77,77
sub-0084_P2,78,78
sub-0084_P2,79,201
sub-0084_P2,80,80
sub-0084_P2,81,81
sub-0084_P2,82,82
sub-0084_P2,83,83
sub-0084_P2,84,84
sub-0084_P2,85,85
sub-0084_P2,86,86
sub-0084_P2,87,87
sub-0084_P2,88,88
sub-0084_P2,89,89
sub-0084_P2,90,90
sub-0084_P2,91,91
sub-0084_P2,92,54
sub-0084_P2,93,93
sub-0084_P2,94,94
sub-0084_P2,95,95
sub-0084_P2,96,96
sub-0084_P2,97,97
sub-0084_P2,98,98
sub-0084_P2,99,99
sub-0084_P2,100,100
sub-0084_P2,101,101
sub-0084_P2,102,102
sub-0084_P2,103,103
sub-0084_P2,104,104
sub-0084_P2,105,105
sub-0084_P2,106,106
sub-0084_P2,107,107
sub-0084_P2,108,108
sub-0084_P2,109,109
sub-0084_P2,110,110
sub-0084_P2,111,111
sub-0084_P2,112,112
sub-0084_P2,113,227
sub-0084_P2,114,114
sub-0084_P2,115,115
sub-0084_P2,116,120
sub-0084_P2,117,117
sub-0084_P2,118,118
sub-0084_P2,119,119
sub-0084_P2,120,120
sub-0084_P2,121,121
sub-0084_P2,122,122
sub-0084_P2,123,123
sub-0084_P2,124,124
sub-0084_P2,125,125
sub-0084_P2,126,126
sub-0084_P2,127,127
sub-0084_P2,128,128
sub-0084_P2,129,129
sub-0084_P2,130,130
sub-0084_P2,131,131
sub-0084_P2,132,132
sub-0084_P2,133,133
sub-0084_P2,134,134
sub-0084_P2,135,135
sub-0084_P2,136,136
sub-0084_P2,137,137
sub-0084_P2,138,138
sub-0084_P2,139,139
sub-0084_P2,140,140
sub-0084_P2,141,141
sub-0084_P2,142,142
sub-0084_P2,143,143
sub-0084_P2,144,144
sub-0084_P2,145,145
sub-0084_P2,146,146
sub-0084_P2,147,147
sub-0084_P2,148,148
sub-0084_P2,149,149
sub-0084_P2,150,150
sub-0084_P2,151,151
sub-0084_P2,152,152
sub-0084_P2,153,197
sub-0084_P2,154,154
sub-0084_P2,155,155
sub-0084_P2,156,156
sub-0084_P2,157,157
sub-0084_P2,158,158
sub-0084_P2,159,159
sub-0084_P2,160,160
sub-0084_P2,161,161
sub-0084_P2,162,162
sub-0084_P2,163,163
sub-0084_P2,164,164
sub-0084_P2,165,165
sub-0084_P2,166,166
sub-0084_P2,167,142
sub-0084_P2,168,168
sub-0084_P2,169,169
sub-0084_P2,170,170
sub-0084_P2,171,171
sub-0084_P2,172,172
sub-0084_P2,173,173
sub-0084_P2,174,174
sub-0084_P2,175,175
sub-0084_P2,176,176
sub-0084_P2,177,177
sub-0084_P2,178,178
sub-0084_P2,179,179
sub-0084_P2,180,180
sub-0084_P2,181,181
sub-0084_P2,182,182
sub-0084_P2,183,183
sub-0084_P2,184,184
sub-0084_P2,185,185
sub-0084_P2,186,186
sub-0084_P2,187,99
sub-0084_P2,188,188
sub-0084_P2,189,189
sub-0084_P2,190,190
sub-0084_P2,191,191
sub-0084_P2,192,192
sub-0084_P2,193,95
sub-0084_P2,194,95
sub-0084_P2,195,195
sub-0084_P2,196,196
sub-0084_P2,197,197
sub-0084_P2,198,198
sub-0084_P2,199,199
sub-0084_P2,200,219
sub-0084_P2,201,201
sub-0084_P2,202,202
sub-0084_P2,203,219
sub-0084_P2,204,204
sub-0084_P2,205,210
sub-0084_P2,206,206
sub-0084_P2,207,207
sub-0084_P2,208,219
sub-0084_P2,209,209
sub-0084_P2,210,210
sub-0084_P2,211,211
sub-0084_P2,212,212
sub-0084_P2,213,213
sub-0084_P2,214,199
sub-0084_P2,215,215
sub-0084_P2,216,216
sub-0084_P2,217,217
sub-0084_P2,218,218
sub-0084_P2,219,219
sub-0084_P2,220,55
sub-0084_P2,221,204
sub-0084_P2,222,222
sub-0084_P2,223,223
sub-0084_P2,224,224
sub-0084_P2,225,210
sub-0084_P2,226,226
sub-0084_P2,227,227
sub-0084_P2,228,228
sub-0084_P2,229,229
sub-0084_P2,230,230
sub-0084_P2,231,231
sub-0085_P2,0,0
sub-0085_P2,1,1
sub-0085_P2,2,2
sub-0085_P2,3,3
sub-0085_P2,4,4
sub-0085_P2,5,6
sub-0085_P2,6,6
sub-0085_P2,7,7
sub-0085_P2,8,8
sub-0085_P2,9,9
sub-0085_P2,10,10
sub-0085_P2,11,11
sub-0085_P2,12,12
sub-0085_P2,13,13
sub-0085_P2,14,14
sub-0085_P2,15,15
sub-0085_P2,16,16
sub-0085_P2,17,17
sub-0085_P2,18,18
sub-0085_P2,19,19
sub-0085_P2,20,20
sub-0085_P2,21,21
sub-0085_P2,22,22
sub-0085_P2,23,23
sub-0085_P2,24,24
sub-0085_P2,25,25
sub-0085_P2,26,26
sub-0085_P2,27,27
sub-0085_P2,28,28
sub-0085_P2,29,29
sub-0085_P2,30,99
sub-0085_P2,31,31
sub-0085_P2,32,32
sub-0085_P2,33,33
sub-0085_P2,34,34
sub-0085_P2,35,35
sub-0085_P2,36,36
sub-0085_P2,37,37
sub-0085_P2,38,38
sub-0085_P2,39,39
sub-0085_P2,40,40
sub-0085_P2,41,41
sub-0085_P2,42,42
sub-0085_P2,43,43
sub-0085_P2,44,44
sub-0085_P2,45,147
sub-0085_P2,46,46
sub-0085_P2,47,47
sub-0085_P2,48,48
sub-0085_P2,49,49
sub-0085_P2,50,50
sub-0085_P2,51,51
sub-0085_P2,52,52
sub-0085_P2,53,53
sub-0085_P2,54,53
sub-0085_P2,55,55
sub-0085_P2,56,55
sub-0085_P2,57,57
sub-0085_P2,58,58
sub-0085_P2,59,59
sub-0085_P2,60,60
sub-0085_P2,61,61
sub-0085_P2,62,62
sub-0085_P2,63,63
sub-0085_P2,64,64
sub-0085_P2,65,65
sub-0085_P2,66,66
sub-0085_P2,67,67
sub-0085_P2,68,68
sub-0085_P2,69,69
sub-0085_P2,70,70
sub-0085_P2,71,71
sub-0085_P2,72,72
sub-0085_P2,73,73
sub-0085_P2,74,74
sub-0085_P2,75,75
sub-0085_P2,76,76
sub-0085_P2,77,77
sub-0085_P2,78,78
sub-0085_P2,79,79
sub-0085_P2,80,80
sub-0085_P2,81,81
sub-0085_P2,82,82
sub-0085_P2,83,160
sub-0085_P2,84,84
sub-0085_P2,85,85
sub-0085_P2,86,86
sub-0085_P2,87,87
sub-0085_P2,88,88
sub-0085_P2,89,89
sub-0085_P2,90,90
sub-0085_P2,91,91
sub-0085_P2,92,92
sub-0085_P2,93,93
sub-0085_P2,94,94
sub-0085_P2,95,95
sub-0085_P2,96,96
sub-0085_P2,97,97
sub-0085_P2,98,98
sub-0085_P2,99,99
sub-0085_P2,100,100
sub-0085_P2,101,101
sub-0085_P2,102,102
sub-0085_P2,103,103
sub-0085_P2,104,104
sub-0085_P2,105,105
sub-0085_P2,106,106
sub-0085_P2,107,107
sub-0085_P2,108,108
sub-0085_P2,109,109
sub-0085_P2,110,110
sub-0085_P2,111,111
sub-0085_P2,112,112
sub-0085_P2,113,113
sub-0085_P2,114,114
sub-0085_P2,115,115
sub-0085_P2,116,116
sub-0085_P2,117,117
sub-0085_P2,118,118
sub-0085_P2,119,119
sub-0085_P2,120,120
sub-0085_P2,121,121
sub-0085_P2,122,122
sub-0085_P2,123,123
sub-0085_P2,124,124
sub-0085_P2,125,125
sub-0085_P2,126,126
sub-0085_P2,127,127
sub-0085_P2,128,128
sub-0085_P2,129,129
sub-0085_P2,130,28
sub-0085_P2,131,131
sub-0085_P2,132,132
sub-0085_P2,133,133
sub-0085_P2,134,134
sub-0085_P2,135,135
sub-0085_P2,136,136
sub-0085_P2,137,137
sub-0085_P2,138,138
sub-0085_P2,139,139
sub-0085_P2,140,140
sub-0085_P2,141,141
sub-0085_P2,142,142
sub-0085_P2,143,143
sub-0085_P2,144,144
sub-0085_P2,145,145
sub-0085_P2,146,146
sub-0085_P2,147,147
sub-0085_P2,148,148
sub-0085_P2,149,149
sub-0085_P2,150,150
sub-0085_P2,151,151
sub-0085_P2,152,152
sub-0085_P2,153,153
sub-0085_P2,154,154
sub-0085_P2,155,155
sub-0085_P2,156,156
sub-0085_P2,157,157
sub-0085_P2,158,158
sub-0085_P2,159,159
sub-0085_P2,160,160
sub-0085_P2,161,161
sub-0085_P2,162,162
sub-0085_P2,163,163
sub-0085_P2,164,164
sub-0085_P2,165,165
sub-0085_P2,166,166
sub-0085_P2,167,167
sub-0085_P2,168,168
sub-0085_P2,169,169
sub-0085_P2,170,170
sub-0085_P2,171,171
sub-0085_P2,172,172
sub-0085_P2,173,173
sub-0085_P2,174,174
sub-0085_P2,175,175
sub-0085_P2,176,176
sub-0085_P2,177,177
sub-0085_P2,178,178
sub-0085_P2,179,179
sub-0085_P2,180,180
sub-0085_P2,181,181
sub-0085_P2,182,182
sub-0085_P2,183,183
sub-0085_P2,184,184
sub-0085_P2,185,185
sub-0085_P2,186,186
sub-0085_P2,187,187
sub-0085_P2,188,188
sub-0085_P2,189,189
sub-0085_P2,190,190
sub-0085_P2,191,191
sub-0085_P2,192,192
sub-0085_P2,193,193
sub-0085_P2,194,194
sub-0085_P2,195,195
sub-0085_P2,196,199
sub-0085_P2,197,197
sub-0085_P2,198,198
sub-0085_P2,199,199
sub-0085_P2,200,200
sub-0085_P2,201,201
sub-0085_P2,202,202
sub-0085_P2,203,203
sub-0085_P2,204,204
sub-0085_P2,205,205
sub-0085_P2,206,206
sub-0085_P2,207,207
sub-0085_P2,208,208
sub-0085_P2,209,209
sub-0085_P2,210,210
sub-0085_P2,211,211
sub-0085_P2,212,212
sub-0085_P2,213,222
sub-0085_P2,214,214
sub-0085_P2,215,224
sub-0085_P2,216,216
sub-0085_P2,217,217
sub-0085_P2,218,218
sub-0085_P2,219,219
sub-0085_P2,220,220
sub-0085_P2,221,221
sub-0085_P2,222,94
sub-0085_P2,223,223
sub-0085_P2,224,224
sub-0085_P2,225,225
sub-0085_P2,226,226
sub-0085_P2,227,226
sub-0085_P2,228,228
sub-0085_P2,229,229
sub-0085_P2,230,230
sub-0085_P2,231,231
sub-0086_P2,0,0
sub-0086_P2,1,1
sub-0086_P2,2,2
sub-0086_P2,3,3
sub-0086_P2,4,4
sub-0086_P2,5,5
sub-0086_P2,6,6
sub-0086_P2,7,189
sub-0086_P2,8,8
sub-0086_P2,9,9
sub-0086_P2,10,10
sub-0086_P2,11,11
sub-0086_P2,12,12
sub-0086_P2,13,13
sub-0086_P2,14,14
sub-0086_P2,15,15
sub-0086_P2,16,16
sub-0086_P2,17,17
sub-0086_P2,18,18
sub-0086_P2,19,19
sub-0086_P2,20,20
sub-0086_P2,21,21
sub-0086_P2,22,22
sub-0086_P2,23,23
sub-0086_P2,24,24
sub-0086_P2,25,25
sub-0086_P2,26,26
sub-0086_P2,27,27
sub-0086_P2,28,28
sub-0086_P2,29,29
sub-0086_P2,30,30
sub-0086_P2,31,31
sub-0086_P2,32,32
sub-0086_P2,33,33
sub-0086_P2,34,34
sub-0086_P2,35,35
sub-0086_P2,36,36
sub-0086_P2,37,37
sub-0086_P2,38,140
sub-0086_P2,39,39
sub-0086_P2,40,40
sub-0086_P2,41,41
sub-0086_P2,42,42
sub-0086_P2,43,43
sub-0086_P2,44,44
sub-0086_P2,45,45
sub-0086_P2,46,46
sub-0086_P2,47,47
sub-0086_P2,48,48
sub-0086_P2,49,49
sub-0086_P2,50,50
sub-0086_P2,51,51
sub-0086_P2,52,52
sub-0086_P2,53,162
sub-0086_P2,54,54
sub-0086_P2,55,55
sub-0086_P2,56,163
sub-0086_P2,57,57
sub-0086_P2,58,58
sub-0086_P2,59,59
sub-0086_P2,60,60
sub-0086_P2,61,61
sub-0086_P2,62,62
sub-0086_P2,63,63
sub-0086_P2,64,64
sub-0086_P2,65,65
sub-0086_P2,66,66
sub-0086_P2,67,67
sub-0086_P2,68,68
sub-0086_P2,69,69
sub-0086_P2,70,70
sub-0086_P2,71,71
sub-0086_P2,72,72
sub-0086_P2,73,73
sub-0086_P2,74,74
sub-0086_P2,75,75
sub-0086_P2,76,76
sub-0086_P2,77,77
sub-0086_P2,78,78
sub-0086_P2,79,79
sub-0086_P2,80,80
sub-0086_P2,81,81
sub-0086_P2,82,82
sub-0086_P2,83,83
sub-0086_P2,84,84
sub-0086_P2,85,85
sub-0086_P2,86,86
sub-0086_P2,87,87
sub-0086_P2,88,88
sub-0086_P2,89,89
sub-0086_P2,90,90
sub-0086_P2,91,91
sub-0086_P2,92,92
sub-0086_P2,93,153
sub-0086_P2,94,94
sub-0086_P2,95,95
sub-0086_P2,96,96
sub-0086_P2,97,97
sub-0086_P2,98,98
sub-0086_P2,99,99
sub-0086_P2,100,100
sub-0086_P2,101,101
sub-0086_P2,102,102
sub-0086_P2,103,103
sub-0086_P2,104,104
sub-0086_P2,105,105
sub-0086_P2,106,109
sub-0086_P2,107,107
sub-0086_P2,108,102
sub-0086_P2,109,109
sub-0086_P2,110,110
sub-0086_P2,111,111
sub-0086_P2,112,112
sub-0086_P2,113,113
sub-0086_P2,114,114
sub-0086_P2,115,115
sub-0086_P2,116,116
sub-0086_P2,117,117
sub-0086_P2,118,118
sub-0086_P2,119,119
sub-0086_P2,120,120
sub-0086_P2,121,121
sub-0086_P2,122,122
sub-0086_P2,123,123
sub-0086_P2,124,124
sub-0086_P2,125,161
sub-0086_P2,126,126
sub-0086_P2,127,127
sub-0086_P2,128,128
sub-0086_P2,129,129
sub-0086_P2,130,130
sub-0086_P2,131,131
sub-0086_P2,132,132
sub-0086_P2,133,133
sub-0086_P2,134,134
sub-0086_P2,135,135
sub-0086_P2,136,136
sub-0086_P2,137,137
sub-0086_P2,138,138
sub-0086_P2,139,139
sub-0086_P2,140,140
sub-0086_P2,141,141
sub-0086_P2,142,142
sub-0086_P2,143,143
sub-0086_P2,144,144
sub-0086_P2,145,145
sub-0086_P2,146,146
sub-0086_P2,147,147
sub-0086_P2,148,148
sub-0086_P2,149,149
sub-0086_P2,150,150
sub-0086_P2,151,151
sub-0086_P2,152,152
sub-0086_P2,153,192
sub-0086_P2,154,154
sub-0086_P2,155,155
sub-0086_P2,156,156
sub-0086_P2,157,157
sub-0086_P2,158,92
sub-0086_P2,159,187
sub-0086_P2,160,160
sub-0086_P2,161,161
sub-0086_P2,162,162
sub-0086_P2,163,163
sub-0086_P2,164,164
sub-0086_P2,165,140
sub-0086_P2,166,166
sub-0086_P2,167,167
sub-0086_P2,168,168
sub-0086_P2,169,169
sub-0086_P2,170,170
sub-0086_P2,171,171
sub-0086_P2,172,69
sub-0086_P2,173,173
sub-0086_P2,174,174
sub-0086_P2,175,175
sub-0086_P2,176,176
sub-0086_P2,177,177
sub-0086_P2,178,178
sub-0086_P2,179,179
sub-0086_P2,180,180
sub-0086_P2,181,181
sub-0086_P2,182,182
sub-0086_P2,183,183
sub-0086_P2,184,184
sub-0086_P2,185,185
sub-0086_P2,186,186
sub-0086_P2,187,187
sub-0086_P2,188,188
sub-0086_P2,189,189
sub-0086_P2,190,190
sub-0086_P2,191,191
sub-0086_P2,192,192
sub-0086_P2,193,193
sub-0086_P2,194,194
sub-0086_P2,195,195
sub-0086_P2,196,196
sub-0086_P2,197,197
sub-0086_P2,198,99
sub-0086_P2,199,199
sub-0086_P2,200,200
sub-0086_P2,201,217
sub-0086_P2,202,202
sub-0086_P2,203,55
sub-0086_P2,204,204
sub-0086_P2,205,205
sub-0086_P2,206,206
sub-0086_P2,207,207
sub-0086_P2,208,208
sub-0086_P2,209,209
sub-0086_P2,210,210
sub-0086_P2,211,211
sub-0086_P2,212,212
sub-0086_P2,213,213
sub-0086_P2,214,214
sub-0086_P2,215,215
sub-0086_P2,216,216
sub-0086_P2,217,204
sub-0086_P2,218,143
sub-0086_P2,219,219
sub-0086_P2,220,220
sub-0086_P2,221,204
sub-0086_P2,222,222
sub-0086_P2,223,223
sub-0086_P2,224,224
sub-0086_P2,225,225
sub-0086_P2,226,226
sub-0086_P2,227,227
sub-0086_P2,228,228
sub-0086_P2,229,229
sub-0086_P2,230,230
sub-0086_P2,231,231
sub-0087_P2,0,0
sub-0087_P2,1,1
sub-0087_P2,2,2
sub-0087_P2,3,3
sub-0087_P2,4,4
sub-0087_P2,5,5
sub-0087_P2,6,6
sub-0087_P2,7,7
sub-0087_P2,8,8
sub-0087_P2,9,9
sub-0087_P2,10,10
sub-0087_P2,11,11
sub-0087_P2,12,12
sub-0087_P2,13,13
sub-0087_P2,14,14
sub-0087_P2,15,15
sub-0087_P2,16,16
sub-0087_P2,17,17
sub-0087_P2,18,18
sub-0087_P2,19,19
sub-0087_P2,20,20
sub-0087_P2,21,21
sub-0087_P2,22,42
sub-0087_P2,23,23
sub-0087_P2,24,24
sub-0087_P2,25,22
sub-0087_P2,26,26
sub-0087_P2,27,27
sub-0087_P2,28,28
sub-0087_P2,29,29
sub-0087_P2,30,104
sub-0087_P2,31,31
sub-0087_P2,32,32
sub-0087_P2,33,33
sub-0087_P2,34,34
sub-0087_P2,35,35
sub-0087_P2,36,36
sub-0087_P2,37,37
sub-0087_P2,38,38
sub-0087_P2,39,39
sub-0087_P2,40,40
sub-0087_P2,41,41
sub-0087_P2,42,42
sub-0087_P2,43,43
sub-0087_P2,44,44
sub-0087_P2,45,45
sub-0087_P2,46,46
sub-0087_P2,47,89
sub-0087_P2,48,48
sub-0087_P2,49,49
sub-0087_P2,50,208
sub-0087_P2,51,51
sub-0087_P2,52,52
sub-0087_P2,53,53
sub-0087_P2,54,54
sub-0087_P2,55,55
sub-0087_P2,56,56
sub-0087_P2,57,57
sub-0087_P2,58,58
sub-0087_P2,59,59
sub-0087_P2,60,60
sub-0087_P2,61,61
sub-0087_P2,62,62
sub-0087_P2,63,63
sub-0087_P2,64,64
sub-0087_P2,65,168
sub-0087_P2,66,66
sub-0087_P2,67,67
sub-0087_P2,68,68
sub-0087_P2,69,69
sub-0087_P2,70,70
sub-0087_P2,71,71
sub-0087_P2,72,72
sub-0087_P2,73,73
sub-0087_P2,74,74
sub-0087_P2,75,75
sub-0087_P2,76,76
sub-0087_P2,77,77
sub-0087_P2,78,78
sub-0087_P2,79,79
sub-0087_P2,80,80
sub-0087_P2,81,81
sub-0087_P2,82,82
sub-0087_P2,83,83
sub-0087_P2,84,84
sub-0087_P2,85,85
sub-0087_P2,86,86
sub-0087_P2,87,87
sub-0087_P2,88,88
sub-0087_P2,89,89
sub-0087_P2,90,90
sub-0087_P2,91,91
sub-0087_P2,92,92
sub-0087_P2,93,64
sub-0087_P2,94,94
sub-0087_P2,95,95
sub-0087_P2,96,96
sub-0087_P2,97,97
sub-0087_P2,98,98
sub-0087_P2,99,99
sub-0087_P2,100,100
sub-0087_P2,101,101
sub-0087_P2,102,102
sub-0087_P2,103,103
sub-0087_P2,104,104
sub-0087_P2,105,105
sub-0087_P2,106,106
sub-0087_P2,107,107
sub-0087_P2,108,108
sub-0087_P2,109,109
sub-0087_P2,110,110
sub-0087_P2,111,111
sub-0087_P2,112,112
sub-0087_P2,113,113
sub-0087_P2,114,114
sub-0087_P2,115,115
sub-0087_P2,116,116
sub-0087_P2,117,117
sub-0087_P2,118,118
sub-0087_P2,119,119
sub-0087_P2,120,120
sub-0087_P2,121,121
sub-0087_P2,122,122
sub-0087_P2,123,98
sub-0087_P2,124,124
sub-0087_P2,125,125
sub-0087_P2,126,126
sub-0087_P2,127,127
sub-0087_P2,128,128
sub-0087_P2,129,129
sub-0087_P2,130,130
sub-0087_P2,131,131
sub-0087_P2,132,132
sub-0087_P2,133,133
sub-0087_P2,134,135
sub-0087_P2,135,135
sub-0087_P2,136,136
sub-0087_P2,137,137
sub-0087_P2,138,138
sub-0087_P2,139,139
sub-0087_P2,140,140
sub-0087_P2,141,141
sub-0087_P2,142,142
sub-0087_P2,143,143
sub-0087_P2,144,144
sub-0087_P2,145,145
sub-0087_P2,146,146
sub-0087_P2,147,147
sub-0087_P2,148,148
sub-0087_P2,149,149
sub-0087_P2,150,150
sub-0087_P2,151,151
sub-0087_P2,152,152
sub-0087_P2,153,153
sub-0087_P2,154,154
sub-0087_P2,155,155
sub-0087_P2,156,156
sub-0087_P2,157,157
sub-0087_P2,158,158
sub-0087_P2,159,159
sub-0087_P2,160,160
sub-0087_P2,161,161
sub-0087_P2,162,162
sub-0087_P2,163,163
sub-0087_P2,164,164
sub-0087_P2,165,165
sub-0087_P2,166,166
sub-0087_P2,167,167
sub-0087_P2,168,168
sub-0087_P2,169,169
sub-0087_P2,170,170
sub-0087_P2,171,171
sub-0087_P2,172,172
sub-0087_P2,173,173
sub-0087_P2,174,174
sub-0087_P2,175,175
sub-0087_P2,176,176
sub-0087_P2,177,177
sub-0087_P2,178,178
sub-0087_P2,179,179
sub-0087_P2,180,180
sub-0087_P2,181,181
sub-0087_P2,182,182
sub-0087_P2,183,86
sub-0087_P2,184,191
sub-0087_P2,185,185
sub-0087_P2,186,186
sub-0087_P2,187,187
sub-0087_P2,188,188
sub-0087_P2,189,189
sub-0087_P2,190,190
sub-0087_P2,191,191
sub-0087_P2,192,192
sub-0087_P2,193,193
sub-0087_P2,194,194
sub-0087_P2,195,195
sub-0087_P2,196,196
sub-0087_P2,197,197
sub-0087_P2,198,198
sub-0087_P2,199,199
sub-0087_P2,200,200
sub-0087_P2,201,201
sub-0087_P2,202,202
sub-0087_P2,203,203
sub-0087_P2,204,204
sub-0087_P2,205,205
sub-0087_P2,206,206
sub-0087_P2,207,207
sub-0087_P2,208,92
sub-0087_P2,209,209
sub-0087_P2,210,227
sub-0087_P2,211,208
sub-0087_P2,212,212
sub-0087_P2,213,213
sub-0087_P2,214,214
sub-0087_P2,215,215
sub-0087_P2,216,216
sub-0087_P2,217,217
sub-0087_P2,218,218
sub-0087_P2,219,219
sub-0087_P2,220,52
sub-0087_P2,221,205
sub-0087_P2,222,222
sub-0087_P2,223,223
sub-0087_P2,224,224
sub-0087_P2,225,225
sub-0087_P2,226,226
sub-0087_P2,227,227
sub-0087_P2,228,228
sub-0087_P2,229,229
sub-0087_P2,230,230
sub-0087_P2,231,231
sub-0088_P2,0,0
sub-0088_P2,1,1
sub-0088_P2,2,2
sub-0088_P2,3,3
sub-0088_P2,4,4
sub-0088_P2,5,5
sub-0088_P2,6,107
sub-0088_P2,7,8
sub-0088_P2,8,8
sub-0088_P2,9,9
sub-0088_P2,10,10
sub-0088_P2,11,11
sub-0088_P2,12,12
sub-0088_P2,13,13
sub-0088_P2,14,14
sub-0088_P2,15,15
sub-0088_P2,16,16
sub-0088_P2,17,17
sub-0088_P2,18,18
sub-0088_P2,19,19
sub-0088_P2,20,20
sub-0088_P2,21,21
sub-0088_P2,22,22
sub-0088_P2,23,23
sub-0088_P2,24,24
sub-0088_P2,25,25
sub-0088_P2,26,26
sub-0088_P2,27,27
sub-0088_P2,28,28
sub-0088_P2,29,29
sub-0088_P2,30,30
sub-0088_P2,31,31
sub-0088_P2,32,32
sub-0088_P2,33,33
sub-0088_P2,34,34
sub-0088_P2,35,63
sub-0088_P2,36,36
sub-0088_P2,37,37
sub-0088_P2,38,38
sub-0088_P2,39,39
sub-0088_P2,40,40
sub-0088_P2,41,40
sub-0088_P2,42,42
sub-0088_P2,43,43
sub-0088_P2,44,44
sub-0088_P2,45,45
sub-0088_P2,46,46
sub-0088_P2,47,47
sub-0088_P2,48,48
sub-0088_P2,49,92
sub-0088_P2,50,50
sub-0088_P2,51,51
sub-0088_P2,52,219
sub-0088_P2,53,53
sub-0088_P2,54,54
sub-0088_P2,55,55
sub-0088_P2,56,56
sub-0088_P2,57,57
sub-0088_P2,58,58
sub-0088_P2,59,59
sub-0088_P2,60,60
sub-0088_P2,61,61
sub-0088_P2,62,62
sub-0088_P2,63,63
sub-0088_P2,64,62
sub-0088_P2,65,65
sub-0088_P2,66,66
sub-0088_P2,67,67
sub-0088_P2,68,68
sub-0088_P2,69,69
sub-0088_P2,70,70
sub-0088_P2,71,71
sub-0088_P2,72,72
sub-0088_P2,73,73
sub-0088_P2,74,74
sub-0088_P2,75,75
sub-0088_P2,76,76
sub-0088_P2,77,77
sub-0088_P2,78,78
sub-0088_P2,79,79
sub-0088_P2,80,80
sub-0088_P2,81,81
sub-0088_P2,82,82
sub-0088_P2,83,83
sub-0088_P2,84,83
sub-0088_P2,85,85
sub-0088_P2,86,86
sub-0088_P2,87,87
sub-0088_P2,88,88
sub-0088_P2,89,89
sub-0088_P2,90,90
sub-0088_P2,91,91
sub-0088_P2,92,92
sub-0088_P2,93,93
sub-0088_P2,94,94
sub-0088_P2,95,95
sub-0088_P2,96,96
sub-0088_P2,97,97
sub-0088_P2,98,98
sub-0088_P2,99,99
sub-0088_P2,100,100
sub-0088_P2,101,101
sub-0088_P2,102,102
sub-0088_P2,103,103
sub-0088_P2,104,104
sub-0088_P2,105,105
sub-0088_P2,106,106
sub-0088_P2,107,107
sub-0088_P2,108,108
sub-0088_P2,109,109
sub-0088_P2,110,110
sub-0088_P2,111,111
sub-0088_P2,112,112
sub-0088_P2,113,113
sub-0088_P2,114,114
sub-0088_P2,115,115
sub-0088_P2,116,114
sub-0088_P2,117,117
sub-0088_P2,118,118
sub-0088_P2,119,119
sub-0088_P2,120,120
sub-0088_P2,121,121
sub-0088_P2,122,122
sub-0088_P2,123,123
sub-0088_P2,124,114
sub-0088_P2,125,125
sub-0088_P2,126,126
sub-0088_P2,127,127
sub-0088_P2,128,128
sub-0088_P2,129,129
sub-0088_P2,130,130
sub-0088_P2,131,131
sub-0088_P2,132,132
sub-0088_P2,133,180
sub-0088_P2,134,134
sub-0088_P2,135,135
sub-0088_P2,136,136
sub-0088_P2,137,137
sub-0088_P2,138,138
sub-0088_P2,139,139
sub-0088_P2,140,140
sub-0088_P2,141,141
sub-0088_P2,142,142
sub-0088_P2,143,143
sub-0088_P2,144,144
sub-0088_P2,145,145
sub-0088_P2,146,146
sub-0088_P2,147,147
sub-0088_P2,148,148
sub-0088_P2,149,149
sub-0088_P2,150,150
sub-0088_P2,151,151
sub-0088_P2,152,152
sub-0088_P2,153,153
sub-0088_P2,154,154
sub-0088_P2,155,155
sub-0088_P2,156,156
sub-0088_P2,157,157
sub-0088_P2,158,158
sub-0088_P2,159,159
sub-0088_P2,160,160
sub-0088_P2,161,161
sub-0088_P2,162,162
sub-0088_P2,163,163
sub-0088_P2,164,164
sub-0088_P2,165,165
sub-0088_P2,166,166
sub-0088_P2,167,167
sub-0088_P2,168,168
sub-0088_P2,169,169
sub-0088_P2,170,170
sub-0088_P2,171,171
sub-0088_P2,172,172
sub-0088_P2,173,173
sub-0088_P2,174,174
sub-0088_P2,175,175
sub-0088_P2,176,176
sub-0088_P2,177,177
sub-0088_P2,178,178
sub-0088_P2,179,179
sub-0088_P2,180,180
sub-0088_P2,181,181
sub-0088_P2,182,182
sub-0088_P2,183,183
sub-0088_P2,184,184
sub-0088_P2,185,185
sub-0088_P2,186,186
sub-0088_P2,187,92
sub-0088_P2,188,188
sub-0088_P2,189,189
sub-0088_P2,190,190
sub-0088_P2,191,191
sub-0088_P2,192,192
sub-0088_P2,193,193
sub-0088_P2,194,194
sub-0088_P2,195,195
sub-0088_P2,196,196
sub-0088_P2,197,197
sub-0088_P2,198,198
sub-0088_P2,199,199
sub-0088_P2,200,200
sub-0088_P2,201,201
sub-0088_P2,202,202
sub-0088_P2,203,203
sub-0088_P2,204,204
sub-0088_P2,205,205
sub-0088_P2,206,206
sub-0088_P2,207,207
sub-0088_P2,208,225
sub-0088_P2,209,209
sub-0088_P2,210,210
sub-0088_P2,211,211
sub-0088_P2,212,212
sub-0088_P2,213,213
sub-0088_P2,214,92
sub-0088_P2,215,215
sub-0088_P2,216,216
sub-0088_P2,217,217
sub-0088_P2,218,162
sub-0088_P2,219,219
sub-0088_P2,220,220
sub-0088_P2,221,221
sub-0088_P2,222,222
sub-0088_P2,223,223
sub-0088_P2,224,224
sub-0088_P2,225,225
sub-0088_P2,226,226
sub-0088_P2,227,227
sub-0088_P2,228,228
sub-0088_P2,229,229
sub-0088_P2,230,215
sub-0088_P2,231,231
sub-0089_P2,0,0
sub-0089_P2,1,1
sub-0089_P2,2,2
sub-0089_P2,3,29
sub-0089_P2,4,4
sub-0089_P2,5,5
sub-0089_P2,6,6
sub-0089_P2,7,7
sub-0089_P2,8,7
sub-0089_P2,9,9
sub-0089_P2,10,10
sub-0089_P2,11,11
sub-0089_P2,12,12
sub-0089_P2,13,13
sub-0089_P2,14,14
sub-0089_P2,15,15
sub-0089_P2,16,16
sub-0089_P2,17,17
sub-0089_P2,18,18
sub-0089_P2,19,121
sub-0089_P2,20,20
sub-0089_P2,21,21
sub-0089_P2,22,22
sub-0089_P2,23,23
sub-0089_P2,24,123
sub-0089_P2,25,136
sub-0089_P2,26,26
sub-0089_P2,27,27
sub-0089_P2,28,28
sub-0089_P2,29,29
sub-0089_P2,30,30
sub-0089_P2,31,31
sub-0089_P2,32,32
sub-0089_P2,33,33
sub-0089_P2,34,34
sub-0089_P2,35,35
sub-0089_P2,36,36
sub-0089_P2,37,37
sub-0089_P2,38,38
sub-0089_P2,39,39
sub-0089_P2,40,40
sub-0089_P2,41,41
sub-0089_P2,42,42
sub-0089_P2,43,43
sub-0089_P2,44,44
sub-0089_P2,45,45
sub-0089_P2,46,46
sub-0089_P2,47,47
sub-0089_P2,48,48
sub-0089_P2,49,49
sub-0089_P2,50,50
sub-0089_P2,51,51
sub-0089_P2,52,52
sub-0089_P2,53,53
sub-0089_P2,54,54
sub-0089_P2,55,55
sub-0089_P2,56,56
sub-0089_P2,57,57
sub-0089_P2,58,58
sub-0089_P2,59,59
sub-0089_P2,60,60
sub-0089_P2,61,61
sub-0089_P2,62,62
sub-0089_P2,63,63
sub-0089_P2,64,64
sub-0089_P2,65,65
sub-0089_P2,66,66
sub-0089_P2,67,67
sub-0089_P2,68,68
sub-0089_P2,69,69
sub-0089_P2,70,70
sub-0089_P2,71,71
sub-0089_P2,72,72
sub-0089_P2,73,73
sub-0089_P2,74,74
sub-0089_P2,75,75
sub-0089_P2,76,76
sub-0089_P2,77,77
sub-0089_P2,78,78
sub-0089_P2,79,79
sub-0089_P2,80,80
sub-0089_P2,81,81
sub-0089_P2,82,82
sub-0089_P2,83,83
sub-0089_P2,84,84
sub-0089_P2,85,85
sub-0089_P2,86,86
sub-0089_P2,87,87
sub-0089_P2,88,88
sub-0089_P2,89,89
sub-0089_P2,90,90
sub-0089_P2,91,91
sub-0089_P2,92,92
sub-0089_P2,93,93
sub-0089_P2,94,94
sub-0089_P2,95,95
sub-0089_P2,96,96
sub-0089_P2,97,97
sub-0089_P2,98,98
sub-0089_P2,99,99
sub-0089_P2,100,100
sub-0089_P2,101,101
sub-0089_P2,102,102
sub-0089_P2,103,103
sub-0089_P2,104,104
sub-0089_P2,105,105
sub-0089_P2,106,106
sub-0089_P2,107,107
sub-0089_P2,108,108
sub-0089_P2,109,109
sub-0089_P2,110,110
sub-0089_P2,111,111
sub-0089_P2,112,112
sub-0089_P2,113,113
sub-0089_P2,114,114
sub-0089_P2,115,115
sub-0089_P2,116,116
sub-0089_P2,117,117
sub-0089_P2,118,118
sub-0089_P2,119,119
sub-0089_P2,120,121
sub-0089_P2,121,121
sub-0089_P2,122,122
sub-0089_P2,123,123
sub-0089_P2,124,143
sub-0089_P2,125,125
sub-0089_P2,126,126
sub-0089_P2,127,127
sub-0089_P2,128,128
sub-0089_P2,129,129
sub-0089_P2,130,130
sub-0089_P2,131,131
sub-0089_P2,132,132
sub-0089_P2,133,171
sub-0089_P2,134,134
sub-0089_P2,135,135
sub-0089_P2,136,136
sub-0089_P2,137,137
sub-0089_P2,138,138
sub-0089_P2,139,139
sub-0089_P2,140,140
sub-0089_P2,141,141
sub-0089_P2,142,142
sub-0089_P2,143,55
sub-0089_P2,144,144
sub-0089_P2,145,145
sub-0089_P2,146,146
sub-0089_P2,147,147
sub-0089_P2,148,148
sub-0089_P2,149,149
sub-0089_P2,150,150
sub-0089_P2,151,151
sub-0089_P2,152,152
sub-0089_P2,153,153
sub-0089_P2,154,154
sub-0089_P2,155,155
sub-0089_P2,156,156
sub-0089_P2,157,143
sub-0089_P2,158,158
sub-0089_P2,159,201
sub-0089_P2,160,160
sub-0089_P2,161,227
sub-0089_P2,162,162
sub-0089_P2,163,163
sub-0089_P2,164,164
sub-0089_P2,165,165
sub-0089_P2,166,166
sub-0089_P2,167,167
sub-0089_P2,168,168
sub-0089_P2,169,169
sub-0089_P2,170,170
sub-0089_P2,171,171
sub-0089_P2,172,172
sub-0089_P2,173,173
sub-0089_P2,174,174
sub-0089_P2,175,175
sub-0089_P2,176,176
sub-0089_P2,177,177
sub-0089_P2,178,178
sub-0089_P2,179,179
sub-0089_P2,180,180
sub-0089_P2,181,181
sub-0089_P2,182,182
sub-0089_P2,183,183
sub-0089_P2,184,184
sub-0089_P2,185,185
sub-0089_P2,186,186
sub-0089_P2,187,200
sub-0089_P2,188,188
sub-0089_P2,189,189
sub-0089_P2,190,190
sub-0089_P2,191,191
sub-0089_P2,192,192
sub-0089_P2,193,193
sub-0089_P2,194,194
sub-0089_P2,195,195
sub-0089_P2,196,196
sub-0089_P2,197,197
sub-0089_P2,198,198
sub-0089_P2,199,199
sub-0089_P2,200,200
sub-0089_P2,201,201
sub-0089_P2,202,202
sub-0089_P2,203,203
sub-0089_P2,204,221
sub-0089_P2,205,205
sub-0089_P2,206,206
sub-0089_P2,207,207
sub-0089_P2,208,208
sub-0089_P2,209,209
sub-0089_P2,210,224
sub-0089_P2,211,211
sub-0089_P2,212,212
sub-0089_P2,213,213
sub-0089_P2,214,228
sub-0089_P2,215,215
sub-0089_P2,216,216
sub-0089_P2,217,217
sub-0089_P2,218,218
sub-0089_P2,219,219
sub-0089_P2,220,220
sub-0089_P2,221,221
sub-0089_P2,222,222
sub-0089_P2,223,223
sub-0089_P2,224,224
sub-0089_P2,225,225
sub-0089_P2,226,226
sub-0089_P2,227,227
sub-0089_P2,228,228
sub-0089_P2,229,147
sub-0089_P2,230,230
sub-0089_P2,231,231
sub-0090_P2,0,0
sub-0090_P2,1,1
sub-0090_P2,2,2
sub-0090_P2,3,3
sub-0090_P2,4,4
sub-0090_P2,5,5
sub-0090_P2,6,6
sub-0090_P2,7,204
sub-0090_P2,8,8
sub-0090_P2,9,9
sub-0090_P2,10,10
sub-0090_P2,11,11
sub-0090_P2,12,12
sub-0090_P2,13,13
sub-0090_P2,14,14
sub-0090_P2,15,15
sub-0090_P2,16,16
sub-0090_P2,17,17
sub-0090_P2,18,18
sub-0090_P2,19,19
sub-0090_P2,20,20
sub-0090_P2,21,21
sub-0090_P2,22,22
sub-0090_P2,23,23
sub-0090_P2,24,24
sub-0090_P2,25,25
sub-0090_P2,26,26
sub-0090_P2,27,27
sub-0090_P2,28,28
sub-0090_P2,29,29
sub-0090_P2,30,30
sub-0090_P2,31,31
sub-0090_P2,32,32
sub-0090_P2,33,33
sub-0090_P2,34,34
sub-0090_P2,35,35
sub-0090_P2,36,36
sub-0090_P2,37,37
sub-0090_P2,38,38
sub-0090_P2,39,39
sub-0090_P2,40,40
sub-0090_P2,41,41
sub-0090_P2,42,42
sub-0090_P2,43,43
sub-0090_P2,44,44
sub-0090_P2,45,45
sub-0090_P2,46,46
sub-0090_P2,47,47
sub-0090_P2,48,227
sub-0090_P2,49,49
sub-0090_P2,50,50
sub-0090_P2,51,51
sub-0090_P2,52,160
sub-0090_P2,53,53
sub-0090_P2,54,54
sub-0090_P2,55,92
sub-0090_P2,56,56
sub-0090_P2,57,57
sub-0090_P2,58,58
sub-0090_P2,59,59
sub-0090_P2,60,60
sub-0090_P2,61,86
sub-0090_P2,62,62
sub-0090_P2,63,63
sub-0090_P2,64,75
sub-0090_P2,65,65
sub-0090_P2,66,66
sub-0090_P2,67,67
sub-0090_P2,68,68
sub-0090_P2,69,69
sub-0090_P2,70,70
sub-0090_P2,71,71
sub-0090_P2,72,72
sub-0090_P2,73,73
sub-0090_P2,74,74
sub-0090_P2,75,75
sub-0090_P2,76,76
sub-0090_P2,77,77
sub-0090_P2,78,78
sub-0090_P2,79,79
sub-0090_P2,80,80
sub-0090_P2,81,81
sub-0090_P2,82,82
sub-0090_P2,83,83
sub-0090_P2,84,84
sub-0090_P2,85,92
sub-0090_P2,86,86
sub-0090_P2,87,87
sub-0090_P2,88,88
sub-0090_P2,89,89
sub-0090_P2,90,90
sub-0090_P2,91,86
sub-0090_P2,92,92
sub-0090_P2,93,93
sub-0090_P2,94,94
sub-0090_P2,95,95
sub-0090_P2,96,96
sub-0090_P2,97,97
sub-0090_P2,98,98
sub-0090_P2,99,99
sub-0090_P2,100,100
sub-0090_P2,101,101
sub-0090_P2,102,102
sub-0090_P2,103,103
sub-0090_P2,104,104
sub-0090_P2,105,4
sub-0090_P2,106,106
sub-0090_P2,107,107
sub-0090_P2,108,108
sub-0090_P2,109,109
sub-0090_P2,110,110
sub-0090_P2,111,111
sub-0090_P2,112,112
sub-0090_P2,113,113
sub-0090_P2,114,114
sub-0090_P2,115,115
sub-0090_P2,116,116
sub-0090_P2,117,117
sub-0090_P2,118,118
sub-0090_P2,119,119
sub-0090_P2,120,120
sub-0090_P2,121,121
sub-0090_P2,122,122
sub-0090_P2,123,123
sub-0090_P2,124,124
sub-0090_P2,125,125
sub-0090_P2,126,126
sub-0090_P2,127,127
sub-0090_P2,128,128
sub-0090_P2,129,129
sub-0090_P2,130,130
sub-0090_P2,131,131
sub-0090_P2,132,132
sub-0090_P2,133,133
sub-0090_P2,134,134
sub-0090_P2,135,135
sub-0090_P2,136,136
sub-0090_P2,137,137
sub-0090_P2,138,138
sub-0090_P2,139,139
sub-0090_P2,140,140
sub-0090_P2,141,141
sub-0090_P2,142,142
sub-0090_P2,143,153
sub-0090_P2,144,144
sub-0090_P2,145,145
sub-0090_P2,146,146
sub-0090_P2,147,147
sub-0090_P2,148,148
sub-0090_P2,149,149
sub-0090_P2,150,150
sub-0090_P2,151,151
sub-0090_P2,152,152
sub-0090_P2,153,153
sub-0090_P2,154,154
sub-0090_P2,155,155
sub-0090_P2,156,156
sub-0090_P2,157,224
sub-0090_P2,158,158
sub-0090_P2,159,159
sub-0090_P2,160,160
sub-0090_P2,161,161
sub-0090_P2,162,162
sub-0090_P2,163,163
sub-0090_P2,164,135
sub-0090_P2,165,165
sub-0090_P2,166,166
sub-0090_P2,167,167
sub-0090_P2,168,168
sub-0090_P2,169,169
sub-0090_P2,170,170
sub-0090_P2,171,171
sub-0090_P2,172,172
sub-0090_P2,173,173
sub-0090_P2,174,174
sub-0090_P2,175,175
sub-0090_P2,176,176
sub-0090_P2,177,177
sub-0090_P2,178,178
sub-0090_P2,179,179
sub-0090_P2,180,180
sub-0090_P2,181,181
sub-0090_P2,182,182
sub-0090_P2,183,183
sub-0090_P2,184,184
sub-0090_P2,185,185
sub-0090_P2,186,186
sub-0090_P2,187,187
sub-0090_P2,188,188
sub-0090_P2,189,189
sub-0090_P2,190,190
sub-0090_P2,191,191
sub-0090_P2,192,192
sub-0090_P2,193,193
sub-0090_P2,194,194
sub-0090_P2,195,195
sub-0090_P2,196,196
sub-0090_P2,197,197
sub-0090_P2,198,198
sub-0090_P2,199,199
sub-0090_P2,200,200
sub-0090_P2,201,201
sub-0090_P2,202,202
sub-0090_P2,203,203
sub-0090_P2,204,204
sub-0090_P2,205,205
sub-0090_P2,206,206
sub-0090_P2,207,207
sub-0090_P2,208,208
sub-0090_P2,209,209
sub-0090_P2,210,210
sub-0090_P2,211,211
sub-0090_P2,212,212
sub-0090_P2,213,213
sub-0090_P2,214,214
sub-0090_P2,215,215
sub-0090_P2,216,216
sub-0090_P2,217,217
sub-0090_P2,218,218
sub-0090_P2,219,219
sub-0090_P2,220,220
sub-0090_P2,221,221
sub-0090_P2,222,222
sub-0090_P2,223,223
sub-0090_P2,224,224
sub-0090_P2,225,225
sub-0090_P2,226,226
sub-0090_P2,227,227
sub-0090_P2,228,228
sub-0090_P2,229,229
sub-0090_P2,230,230
sub-0090_P2,231,231
sub-0091_P2,0,210
sub-0091_P2,1,1
sub-0091_P2,2,2
sub-0091_P2,3,3
sub-0091_P2,4,4
sub-0091_P2,5,29
sub-0091_P2,6,6
sub-0091_P2,7,7
sub-0091_P2,8,8
sub-0091_P2,9,9
sub-0091_P2,10,10
sub-0091_P2,11,11
sub-0091_P2,12,12
sub-0091_P2,13,13
sub-0091_P2,14,14
sub-0091_P2,15,15
sub-0091_P2,16,16
sub-0091_P2,17,17
sub-0091_P2,18,18
sub-0091_P2,19,15
sub-0091_P2,20,20
sub-0091_P2,21,21
sub-0091_P2,22,22
sub-0091_P2,23,23
sub-0091_P2,24,24
sub-0091_P2,25,25
sub-0091_P2,26,26
sub-0091_P2,27,27
sub-0091_P2,28,28
sub-0091_P2,29,29
sub-0091_P2,30,30
sub-0091_P2,31,31
sub-0091_P2,32,32
sub-0091_P2,33,33
sub-0091_P2,34,34
sub-0091_P2,35,210
sub-0091_P2,36,112
sub-0091_P2,37,37
sub-0091_P2,38,38
sub-0091_P2,39,39
sub-0091_P2,40,40
sub-0091_P2,41,41
sub-0091_P2,42,42
sub-0091_P2,43,43
sub-0091_P2,44,44
sub-0091_P2,45,45
sub-0091_P2,46,46
sub-0091_P2,47,47
sub-0091_P2,48,48
sub-0091_P2,49,47
sub-0091_P2,50,50
sub-0091_P2,51,83
sub-0091_P2,52,53
sub-0091_P2,53,53
sub-0091_P2,54,219
sub-0091_P2,55,55
sub-0091_P2,56,56
sub-0091_P2,57,57
sub-0091_P2,58,58
sub-0091_P2,59,59
sub-0091_P2,60,60
sub-0091_P2,61,61
sub-0091_P2,62,62
sub-0091_P2,63,63
sub-0091_P2,64,83
sub-0091_P2,65,65
sub-0091_P2,66,66
sub-0091_P2,67,67
sub-0091_P2,68,68
sub-0091_P2,69,69
sub-0091_P2,70,70
sub-0091_P2,71,71
sub-0091_P2,72,72
sub-0091_P2,73,73
sub-0091_P2,74,74
sub-0091_P2,75,75
sub-0091_P2,76,76
sub-0091_P2,77,77
sub-0091_P2,78,78
sub-0091_P2,79,208
sub-0091_P2,80,80
sub-0091_P2,81,81
sub-0091_P2,82,82
sub-0091_P2,83,83
sub-0091_P2,84,84
sub-0091_P2,85,85
sub-0091_P2,86,86
sub-0091_P2,87,87
sub-0091_P2,88,88
sub-0091_P2,89,89
sub-0091_P2,90,90
sub-0091_P2,91,91
sub-0091_P2,92,92
sub-0091_P2,93,93
sub-0091_P2,94,94
sub-0091_P2,95,95
sub-0091_P2,96,96
sub-0091_P2,97,97
sub-0091_P2,98,98
sub-0091_P2,99,99
sub-0091_P2,100,100
sub-0091_P2,101,101
sub-0091_P2,102,102
sub-0091_P2,103,103
sub-0091_P2,104,104
sub-0091_P2,105,105
sub-0091_P2,106,106
sub-0091_P2,107,107
sub-0091_P2,108,108
sub-0091_P2,109,109
sub-0091_P2,110,110
sub-0091_P2,111,111
sub-0091_P2,112,112
sub-0091_P2,113,113
sub-0091_P2,114,114
sub-0091_P2,115,115
sub-0091_P2,116,116
sub-0091_P2,117,117
sub-0091_P2,118,118
sub-0091_P2,119,119
sub-0091_P2,120,120
sub-0091_P2,121,121
sub-0091_P2,122,122
sub-0091_P2,123,123
sub-0091_P2,124,124
sub-0091_P2,125,125
sub-0091_P2,126,126
sub-0091_P2,127,127
sub-0091_P2,128,128
sub-0091_P2,129,129
sub-0091_P2,130,130
sub-0091_P2,131,131
sub-0091_P2,132,132
sub-0091_P2,133,133
sub-0091_P2,134,134
sub-0091_P2,135,135
sub-0091_P2,136,136
sub-0091_P2,137,137
sub-0091_P2,138,138
sub-0091_P2,139,139
sub-0091_P2,140,140
sub-0091_P2,141,141
sub-0091_P2,142,142
sub-0091_P2,143,143
sub-0091_P2,144,144
sub-0091_P2,145,145
sub-0091_P2,146,146
sub-0091_P2,147,147
sub-0091_P2,148,148
sub-0091_P2,149,149
sub-0091_P2,150,210
sub-0091_P2,151,151
sub-0091_P2,152,152
sub-0091_P2,153,192
sub-0091_P2,154,154
sub-0091_P2,155,155
sub-0091_P2,156,156
sub-0091_P2,157,157
sub-0091_P2,158,158
sub-0091_P2,159,159
sub-0091_P2,160,196
sub-0091_P2,161,161
sub-0091_P2,162,53
sub-0091_P2,163,163
sub-0091_P2,164,164
sub-0091_P2,165,165
sub-0091_P2,166,166
sub-0091_P2,167,167
sub-0091_P2,168,168
sub-0091_P2,169,169
sub-0091_P2,170,170
sub-0091_P2,171,171
sub-0091_P2,172,172
sub-0091_P2,173,173
sub-0091_P2,174,174
sub-0091_P2,175,175
sub-0091_P2,176,176
sub-0091_P2,177,177
sub-0091_P2,178,178
sub-0091_P2,179,179
sub-0091_P2,180,180
sub-0091_P2,181,181
sub-0091_P2,182,182
sub-0091_P2,183,198
sub-0091_P2,184,184
sub-0091_P2,185,185
sub-0091_P2,186,70
sub-0091_P2,187,201
sub-0091_P2,188,188
sub-0091_P2,189,189
sub-0091_P2,190,190
sub-0091_P2,191,191
sub-0091_P2,192,192
sub-0091_P2,193,193
sub-0091_P2,194,194
sub-0091_P2,195,195
sub-0091_P2,196,196
sub-0091_P2,197,197
sub-0091_P2,198,198
sub-0091_P2,199,199
sub-0091_P2,200,200
sub-0091_P2,201,201
sub-0091_P2,202,54
sub-0091_P2,203,203
sub-0091_P2,204,204
sub-0091_P2,205,205
sub-0091_P2,206,206
sub-0091_P2,207,207
sub-0091_P2,208,227
sub-0091_P2,209,209
sub-0091_P2,210,210
sub-0091_P2,211,211
sub-0091_P2,212,212
sub-0091_P2,213,213
sub-0091_P2,214,214
sub-0091_P2,215,215
sub-0091_P2,216,220
sub-0091_P2,217,217
sub-0091_P2,218,218
sub-0091_P2,219,55
sub-0091_P2,220,220
sub-0091_P2,221,221
sub-0091_P2,222,227
sub-0091_P2,223,223
sub-0091_P2,224,208
sub-0091_P2,225,225
sub-0091_P2,226,210
sub-0091_P2,227,227
sub-0091_P2,228,228
sub-0091_P2,229,229
sub-0091_P2,230,230
sub-0091_P2,231,231
sub-0092_P2,0,0
sub-0092_P2,1,1
sub-0092_P2,2,2
sub-0092_P2,3,3
sub-0092_P2,4,4
sub-0092_P2,5,5
sub-0092_P2,6,6
sub-0092_P2,7,7
sub-0092_P2,8,8
sub-0092_P2,9,9
sub-0092_P2,10,10
sub-0092_P2,11,11
sub-0092_P2,12,12
sub-0092_P2,13,13
sub-0092_P2,14,14
sub-0092_P2,15,15
sub-0092_P2,16,16
sub-0092_P2,17,17
sub-0092_P2,18,18
sub-0092_P2,19,19
sub-0092_P2,20,20
sub-0092_P2,21,21
sub-0092_P2,22,22
sub-0092_P2,23,23
sub-0092_P2,24,24
sub-0092_P2,25,25
sub-0092_P2,26,26
sub-0092_P2,27,27
sub-0092_P2,28,28
sub-0092_P2,29,29
sub-0092_P2,30,211
sub-0092_P2,31,31
sub-0092_P2,32,32
sub-0092_P2,33,33
sub-0092_P2,34,34
sub-0092_P2,35,35
sub-0092_P2,36,36
sub-0092_P2,37,37
sub-0092_P2,38,38
sub-0092_P2,39,39
sub-0092_P2,40,40
sub-0092_P2,41,41
sub-0092_P2,42,42
sub-0092_P2,43,43
sub-0092_P2,44,44
sub-0092_P2,45,45
sub-0092_P2,46,46
sub-0092_P2,47,47
sub-0092_P2,48,48
sub-0092_P2,49,49
sub-0092_P2,50,211
sub-0092_P2,51,51
sub-0092_P2,52,52
sub-0092_P2,53,53
sub-0092_P2,54,54
sub-0092_P2,55,55
sub-0092_P2,56,56
sub-0092_P2,57,57
sub-0092_P2,58,58
sub-0092_P2,59,32
sub-0092_P2,60,60
sub-0092_P2,61,61
sub-0092_P2,62,62
sub-0092_P2,63,63
sub-0092_P2,64,67
sub-0092_P2,65,65
sub-0092_P2,66,66
sub-0092_P2,67,67
sub-0092_P2,68,68
sub-0092_P2,69,69
sub-0092_P2,70,70
sub-0092_P2,71,71
sub-0092_P2,72,72
sub-0092_P2,73,73
sub-0092_P2,74,74
sub-0092_P2,75,75
sub-0092_P2,76,76
sub-0092_P2,77,77
sub-0092_P2,78,78
sub-0092_P2,79,79
sub-0092_P2,80,80
sub-0092_P2,81,81
sub-0092_P2,82,82
sub-0092_P2,83,83
sub-0092_P2,84,84
sub-0092_P2,85,85
sub-0092_P2,86,86
sub-0092_P2,87,87
sub-0092_P2,88,190
sub-0092_P2,89,89
sub-0092_P2,90,90
sub-0092_P2,91,91
sub-0092_P2,92,201
sub-0092_P2,93,93
sub-0092_P2,94,94
sub-0092_P2,95,95
sub-0092_P2,96,96
sub-0092_P2,97,97
sub-0092_P2,98,98
sub-0092_P2,99,99
sub-0092_P2,100,100
sub-0092_P2,101,101
sub-0092_P2,102,102
sub-0092_P2,103,103
sub-0092_P2,104,104
sub-0092_P2,105,105
sub-0092_P2,106,106
sub-0092_P2,107,107
sub-0092_P2,108,102
sub-0092_P2,109,109
sub-0092_P2,110,110
sub-0092_P2,111,111
sub-0092_P2,112,112
sub-0092_P2,113,113
sub-0092_P2,114,114
sub-0092_P2,115,115
sub-0092_P2,116,116
sub-0092_P2,117,117
sub-0092_P2,118,118
sub-0092_P2,119,119
sub-0092_P2,120,120
sub-0092_P2,121,121
sub-0092_P2,122,122
sub-0092_P2,123,123
sub-0092_P2,124,124
sub-0092_P2,125,125
sub-0092_P2,126,126
sub-0092_P2,127,127
sub-0092_P2,128,128
sub-0092_P2,129,129
sub-0092_P2,130,130
sub-0092_P2,131,131
sub-0092_P2,132,132
sub-0092_P2,133,133
sub-0092_P2,134,134
sub-0092_P2,135,135
sub-0092_P2,136,136
sub-0092_P2,137,137
sub-0092_P2,138,138
sub-0092_P2,139,139
sub-0092_P2,140,140
sub-0092_P2,141,141
sub-0092_P2,142,56
sub-0092_P2,143,143
sub-0092_P2,144,144
sub-0092_P2,145,145
sub-0092_P2,146,146
sub-0092_P2,147,147
sub-0092_P2,148,148
sub-0092_P2,149,149
sub-0092_P2,150,150
sub-0092_P2,151,151
sub-0092_P2,152,152
sub-0092_P2,153,153
sub-0092_P2,154,211
sub-0092_P2,155,155
sub-0092_P2,156,217
sub-0092_P2,157,157
sub-0092_P2,158,158
sub-0092_P2,159,159
sub-0092_P2,160,160
sub-0092_P2,161,161
sub-0092_P2,162,162
sub-0092_P2,163,163
sub-0092_P2,164,164
sub-0092_P2,165,165
sub-0092_P2,166,166
sub-0092_P2,167,167
sub-0092_P2,168,168
sub-0092_P2,169,169
sub-0092_P2,170,170
sub-0092_P2,171,171
sub-0092_P2,172,172
sub-0092_P2,173,173
sub-0092_P2,174,174
sub-0092_P2,175,175
sub-0092_P2,176,176
sub-0092_P2,177,177
sub-0092_P2,178,178
sub-0092_P2,179,179
sub-0092_P2,180,180
sub-0092_P2,181,181
sub-0092_P2,182,182
sub-0092_P2,183,183
sub-0092_P2,184,184
sub-0092_P2,185,185
sub-0092_P2,186,186
sub-0092_P2,187,187
sub-0092_P2,188,188
sub-0092_P2,189,189
sub-0092_P2,190,190
sub-0092_P2,191,191
sub-0092_P2,192,192
sub-0092_P2,193,193
sub-0092_P2,194,194
sub-0092_P2,195,195
sub-0092_P2,196,196
sub-0092_P2,197,197
sub-0092_P2,198,198
sub-0092_P2,199,199
sub-0092_P2,200,200
sub-0092_P2,201,201
sub-0092_P2,202,217
sub-0092_P2,203,203
sub-0092_P2,204,220
sub-0092_P2,205,220
sub-0092_P2,206,226
sub-0092_P2,207,207
sub-0092_P2,208,208
sub-0092_P2,209,208
sub-0092_P2,210,210
sub-0092_P2,211,211
sub-0092_P2,212,212
sub-0092_P2,213,213
sub-0092_P2,214,214
sub-0092_P2,215,215
sub-0092_P2,216,216
sub-0092_P2,217,217
sub-0092_P2,218,203
sub-0092_P2,219,219
sub-0092_P2,220,217
sub-0092_P2,221,207
sub-0092_P2,222,222
sub-0092_P2,223,223
sub-0092_P2,224,224
sub-0092_P2,225,225
sub-0092_P2,226,226
sub-0092_P2,227,227
sub-0092_P2,228,228
sub-0092_P2,229,229
sub-0092_P2,230,230
sub-0092_P2,231,231
sub-0093_P2,0,0
sub-0093_P2,1,1
sub-0093_P2,2,2
sub-0093_P2,3,3
sub-0093_P2,4,4
sub-0093_P2,5,5
sub-0093_P2,6,6
sub-0093_P2,7,7
sub-0093_P2,8,8
sub-0093_P2,9,9
sub-0093_P2,10,10
sub-0093_P2,11,11
sub-0093_P2,12,12
sub-0093_P2,13,13
sub-0093_P2,14,14
sub-0093_P2,15,15
sub-0093_P2,16,16
sub-0093_P2,17,17
sub-0093_P2,18,18
sub-0093_P2,19,19
sub-0093_P2,20,20
sub-0093_P2,21,21
sub-0093_P2,22,22
sub-0093_P2,23,23
sub-0093_P2,24,24
sub-0093_P2,25,25
sub-0093_P2,26,26
sub-0093_P2,27,202
sub-0093_P2,28,28
sub-0093_P2,29,163
sub-0093_P2,30,30
sub-0093_P2,31,31
sub-0093_P2,32,32
sub-0093_P2,33,33
sub-0093_P2,34,34
sub-0093_P2,35,35
sub-0093_P2,36,36
sub-0093_P2,37,37
sub-0093_P2,38,38
sub-0093_P2,39,39
sub-0093_P2,40,40
sub-0093_P2,41,41
sub-0093_P2,42,42
sub-0093_P2,43,43
sub-0093_P2,44,44
sub-0093_P2,45,45
sub-0093_P2,46,46
sub-0093_P2,47,47
sub-0093_P2,48,48
sub-0093_P2,49,49
sub-0093_P2,50,50
sub-0093_P2,51,51
sub-0093_P2,52,52
sub-0093_P2,53,53
sub-0093_P2,54,54
sub-0093_P2,55,55
sub-0093_P2,56,56
sub-0093_P2,57,57
sub-0093_P2,58,58
sub-0093_P2,59,59
sub-0093_P2,60,60
sub-0093_P2,61,61
sub-0093_P2,62,62
sub-0093_P2,63,63
sub-0093_P2,64,64
sub-0093_P2,65,65
sub-0093_P2,66,66
sub-0093_P2,67,67
sub-0093_P2,68,68
sub-0093_P2,69,69
sub-0093_P2,70,86
sub-0093_P2,71,71
sub-0093_P2,72,72
sub-0093_P2,73,73
sub-0093_P2,74,74
sub-0093_P2,75,174
sub-0093_P2,76,76
sub-0093_P2,77,77
sub-0093_P2,78,78
sub-0093_P2,79,79
sub-0093_P2,80,80
sub-0093_P2,81,81
sub-0093_P2,82,82
sub-0093_P2,83,83
sub-0093_P2,84,84
sub-0093_P2,85,85
sub-0093_P2,86,86
sub-0093_P2,87,87
sub-0093_P2,88,88
sub-0093_P2,89,89
sub-0093_P2,90,90
sub-0093_P2,91,91
sub-0093_P2,92,50
sub-0093_P2,93,93
sub-0093_P2,94,94
sub-0093_P2,95,95
sub-0093_P2,96,96
sub-0093_P2,97,97
sub-0093_P2,98,98
sub-0093_P2,99,99
sub-0093_P2,100,100
sub-0093_P2,101,101
sub-0093_P2,102,102
sub-0093_P2,103,103
sub-0093_P2,104,104
sub-0093_P2,105,105
sub-0093_P2,106,106
sub-0093_P2,107,107
sub-0093_P2,108,108
sub-0093_P2,109,109
sub-0093_P2,110,110
sub-0093_P2,111,111
sub-0093_P2,112,112
sub-0093_P2,113,113
sub-0093_P2,114,213
sub-0093_P2,115,115
sub-0093_P2,116,116
sub-0093_P2,117,117
sub-0093_P2,118,118
sub-0093_P2,119,119
sub-0093_P2,120,120
sub-0093_P2,121,121
sub-0093_P2,122,122
sub-0093_P2,123,123
sub-0093_P2,124,124
sub-0093_P2,125,125
sub-0093_P2,126,126
sub-0093_P2,127,127
sub-0093_P2,128,128
sub-0093_P2,129,129
sub-0093_P2,130,130
sub-0093_P2,131,131
sub-0093_P2,132,132
sub-0093_P2,133,133
sub-0093_P2,134,134
sub-0093_P2,135,135
sub-0093_P2,136,27
sub-0093_P2,137,137
sub-0093_P2,138,138
sub-0093_P2,139,139
sub-0093_P2,140,27
sub-0093_P2,141,141
sub-0093_P2,142,142
sub-0093_P2,143,143
sub-0093_P2,144,144
sub-0093_P2,145,145
sub-0093_P2,146,146
sub-0093_P2,147,147
sub-0093_P2,148,148
sub-0093_P2,149,149
sub-0093_P2,150,150
sub-0093_P2,151,151
sub-0093_P2,152,152
sub-0093_P2,153,153
sub-0093_P2,154,154
sub-0093_P2,155,155
sub-0093_P2,156,50
sub-0093_P2,157,157
sub-0093_P2,158,158
sub-0093_P2,159,159
sub-0093_P2,160,160
sub-0093_P2,161,161
sub-0093_P2,162,162
sub-0093_P2,163,163
sub-0093_P2,164,164
sub-0093_P2,165,165
sub-0093_P2,166,166
sub-0093_P2,167,167
sub-0093_P2,168,168
sub-0093_P2,169,169
sub-0093_P2,170,170
sub-0093_P2,171,171
sub-0093_P2,172,172
sub-0093_P2,173,173
sub-0093_P2,174,174
sub-0093_P2,175,175
sub-0093_P2,176,176
sub-0093_P2,177,177
sub-0093_P2,178,178
sub-0093_P2,179,179
sub-0093_P2,180,180
sub-0093_P2,181,181
sub-0093_P2,182,182
sub-0093_P2,183,183
sub-0093_P2,184,184
sub-0093_P2,185,185
sub-0093_P2,186,159
sub-0093_P2,187,187
sub-0093_P2,188,188
sub-0093_P2,189,189
sub-0093_P2,190,190
sub-0093_P2,191,191
sub-0093_P2,192,192
sub-0093_P2,193,193
sub-0093_P2,194,194
sub-0093_P2,195,195
sub-0093_P2,196,196
sub-0093_P2,197,197
sub-0093_P2,198,196
sub-0093_P2,199,199
sub-0093_P2,200,200
sub-0093_P2,201,201
sub-0093_P2,202,203
sub-0093_P2,203,203
sub-0093_P2,204,204
sub-0093_P2,205,205
sub-0093_P2,206,206
sub-0093_P2,207,86
sub-0093_P2,208,208
sub-0093_P2,209,187
sub-0093_P2,210,226
sub-0093_P2,211,211
sub-0093_P2,212,212
sub-0093_P2,213,213
sub-0093_P2,214,214
sub-0093_P2,215,226
sub-0093_P2,216,216
sub-0093_P2,217,217
sub-0093_P2,218,54
sub-0093_P2,219,219
sub-0093_P2,220,204
sub-0093_P2,221,221
sub-0093_P2,222,222
sub-0093_P2,223,223
sub-0093_P2,224,224
sub-0093_P2,225,208
sub-0093_P2,226,50
sub-0093_P2,227,227
sub-0093_P2,228,228
sub-0093_P2,229,213
sub-0093_P2,230,230
sub-0093_P2,231,231
sub-0094_P2,0,0
sub-0094_P2,1,1
sub-0094_P2,2,2
sub-0094_P2,3,3
sub-0094_P2,4,4
sub-0094_P2,5,5
sub-0094_P2,6,6
sub-0094_P2,7,7
sub-0094_P2,8,8
sub-0094_P2,9,9
sub-0094_P2,10,10
sub-0094_P2,11,11
sub-0094_P2,12,12
sub-0094_P2,13,13
sub-0094_P2,14,14
sub-0094_P2,15,120
sub-0094_P2,16,16
sub-0094_P2,17,17
sub-0094_P2,18,18
sub-0094_P2,19,19
sub-0094_P2,20,20
sub-0094_P2,21,21
sub-0094_P2,22,22
sub-0094_P2,23,23
sub-0094_P2,24,24
sub-0094_P2,25,25
sub-0094_P2,26,26
sub-0094_P2,27,27
sub-0094_P2,28,28
sub-0094_P2,29,29
sub-0094_P2,30,30
sub-0094_P2,31,31
sub-0094_P2,32,32
sub-0094_P2,33,33
sub-0094_P2,34,34
sub-0094_P2,35,35
sub-0094_P2,36,36
sub-0094_P2,37,36
sub-0094_P2,38,38
sub-0094_P2,39,144
sub-0094_P2,40,42
sub-0094_P2,41,41
sub-0094_P2,42,42
sub-0094_P2,43,43
sub-0094_P2,44,44
sub-0094_P2,45,45
sub-0094_P2,46,46
sub-0094_P2,47,47
sub-0094_P2,48,48
sub-0094_P2,49,49
sub-0094_P2,50,50
sub-0094_P2,51,51
sub-0094_P2,52,52
sub-0094_P2,53,53
sub-0094_P2,54,54
sub-0094_P2,55,55
sub-0094_P2,56,56
sub-0094_P2,57,57
sub-0094_P2,58,58
sub-0094_P2,59,59
sub-0094_P2,60,60
sub-0094_P2,61,61
sub-0094_P2,62,63
sub-0094_P2,63,63
sub-0094_P2,64,42
sub-0094_P2,65,65
sub-0094_P2,66,66
sub-0094_P2,67,67
sub-0094_P2,68,68
sub-0094_P2,69,69
sub-0094_P2,70,70
sub-0094_P2,71,71
sub-0094_P2,72,72
sub-0094_P2,73,73
sub-0094_P2,74,74
sub-0094_P2,75,75
sub-0094_P2,76,76
sub-0094_P2,77,77
sub-0094_P2,78,78
sub-0094_P2,79,79
sub-0094_P2,80,80
sub-0094_P2,81,81
sub-0094_P2,82,82
sub-0094_P2,83,52
sub-0094_P2,84,84
sub-0094_P2,85,85
sub-0094_P2,86,84
sub-0094_P2,87,87
sub-0094_P2,88,88
sub-0094_P2,89,89
sub-0094_P2,90,90
sub-0094_P2,91,91
sub-0094_P2,92,92
sub-0094_P2,93,93
sub-0094_P2,94,94
sub-0094_P2,95,95
sub-0094_P2,96,96
sub-0094_P2,97,97
sub-0094_P2,98,98
sub-0094_P2,99,99
sub-0094_P2,100,100
sub-0094_P2,101,101
sub-0094_P2,102,102
sub-0094_P2,103,103
sub-0094_P2,104,104
sub-0094_P2,105,105
sub-0094_P2,106,106
sub-0094_P2,107,107
sub-0094_P2,108,108
sub-0094_P2,109,109
sub-0094_P2,110,110
sub-0094_P2,111,111
sub-0094_P2,112,112
sub-0094_P2,113,113
sub-0094_P2,114,114
sub-0094_P2,115,115
sub-0094_P2,116,116
sub-0094_P2,117,117
sub-0094_P2,118,118
sub-0094_P2,119,119
sub-0094_P2,120,120
sub-0094_P2,121,121
sub-0094_P2,122,122
sub-0094_P2,123,123
sub-0094_P2,124,124
sub-0094_P2,125,125
sub-0094_P2,126,126
sub-0094_P2,127,128
sub-0094_P2,128,227
sub-0094_P2,129,129
sub-0094_P2,130,130
sub-0094_P2,131,131
sub-0094_P2,132,33
sub-0094_P2,133,133
sub-0094_P2,134,134
sub-0094_P2,135,135
sub-0094_P2,136,136
sub-0094_P2,137,137
sub-0094_P2,138,138
sub-0094_P2,139,139
sub-0094_P2,140,140
sub-0094_P2,141,141
sub-0094_P2,142,142
sub-0094_P2,143,143
sub-0094_P2,144,144
sub-0094_P2,145,145
sub-0094_P2,146,146
sub-0094_P2,147,147
sub-0094_P2,148,148
sub-0094_P2,149,149
sub-0094_P2,150,150
sub-0094_P2,151,151
sub-0094_P2,152,152
sub-0094_P2,153,153
sub-0094_P2,154,154
sub-0094_P2,155,155
sub-0094_P2,156,156
sub-0094_P2,157,157
sub-0094_P2,158,158
sub-0094_P2,159,159
sub-0094_P2,160,160
sub-0094_P2,161,161
sub-0094_P2,162,162
sub-0094_P2,163,163
sub-0094_P2,164,164
sub-0094_P2,165,165
sub-0094_P2,166,166
sub-0094_P2,167,142
sub-0094_P2,168,168
sub-0094_P2,169,169
sub-0094_P2,170,170
sub-0094_P2,171,171
sub-0094_P2,172,172
sub-0094_P2,173,173
sub-0094_P2,174,174
sub-0094_P2,175,175
sub-0094_P2,176,176
sub-0094_P2,177,153
sub-0094_P2,178,178
sub-0094_P2,179,179
sub-0094_P2,180,180
sub-0094_P2,181,181
sub-0094_P2,182,182
sub-0094_P2,183,183
sub-0094_P2,184,184
sub-0094_P2,185,185
sub-0094_P2,186,186
sub-0094_P2,187,214
sub-0094_P2,188,188
sub-0094_P2,189,189
sub-0094_P2,190,190
sub-0094_P2,191,191
sub-0094_P2,192,192
sub-0094_P2,193,193
sub-0094_P2,194,194
sub-0094_P2,195,195
sub-0094_P2,196,196
sub-0094_P2,197,197
sub-0094_P2,198,198
sub-0094_P2,199,199
sub-0094_P2,200,200
sub-0094_P2,201,201
sub-0094_P2,202,202
sub-0094_P2,203,203
sub-0094_P2,204,204
sub-0094_P2,205,205
sub-0094_P2,206,204
sub-0094_P2,207,207
sub-0094_P2,208,208
sub-0094_P2,209,209
sub-0094_P2,210,226
sub-0094_P2,211,211
sub-0094_P2,212,212
sub-0094_P2,213,213
sub-0094_P2,214,214
sub-0094_P2,215,215
sub-0094_P2,216,216
sub-0094_P2,217,217
sub-0094_P2,218,218
sub-0094_P2,219,202
sub-0094_P2,220,210
sub-0094_P2,221,221
sub-0094_P2,222,222
sub-0094_P2,223,223
sub-0094_P2,224,224
sub-0094_P2,225,225
sub-0094_P2,226,42
sub-0094_P2,227,226
sub-0094_P2,228,228
sub-0094_P2,229,229
sub-0094_P2,230,230
sub-0094_P2,231,231
sub-0095_P2,0,0
sub-0095_P2,1,1
sub-0095_P2,2,2
sub-0095_P2,3,3
sub-0095_P2,4,4
sub-0095_P2,5,5
sub-0095_P2,6,6
sub-0095_P2,7,7
sub-0095_P2,8,8
sub-0095_P2,9,9
sub-0095_P2,10,10
sub-0095_P2,11,11
sub-0095_P2,12,12
sub-0095_P2,13,13
sub-0095_P2,14,14
sub-0095_P2,15,15
sub-0095_P2,16,16
sub-0095_P2,17,17
sub-0095_P2,18,18
sub-0095_P2,19,19
sub-0095_P2,20,20
sub-0095_P2,21,21
sub-0095_P2,22,22
sub-0095_P2,23,23
sub-0095_P2,24,24
sub-0095_P2,25,25
sub-0095_P2,26,26
sub-0095_P2,27,27
sub-0095_P2,28,28
sub-0095_P2,29,29
sub-0095_P2,30,30
sub-0095_P2,31,31
sub-0095_P2,32,32
sub-0095_P2,33,33
sub-0095_P2,34,34
sub-0095_P2,35,35
sub-0095_P2,36,36
sub-0095_P2,37,37
sub-0095_P2,38,38
sub-0095_P2,39,39
sub-0095_P2,40,40
sub-0095_P2,41,41
sub-0095_P2,42,94
sub-0095_P2,43,43
sub-0095_P2,44,44
sub-0095_P2,45,45
sub-0095_P2,46,46
sub-0095_P2,47,47
sub-0095_P2,48,48
sub-0095_P2,49,49
sub-0095_P2,50,157
sub-0095_P2,51,51
sub-0095_P2,52,52
sub-0095_P2,53,162
sub-0095_P2,54,54
sub-0095_P2,55,55
sub-0095_P2,56,56
sub-0095_P2,57,57
sub-0095_P2,58,58
sub-0095_P2,59,59
sub-0095_P2,60,60
sub-0095_P2,61,61
sub-0095_P2,62,62
sub-0095_P2,63,63
sub-0095_P2,64,64
sub-0095_P2,65,65
sub-0095_P2,66,66
sub-0095_P2,67,67
sub-0095_P2,68,68
sub-0095_P2,69,86
sub-0095_P2,70,70
sub-0095_P2,71,71
sub-0095_P2,72,72
sub-0095_P2,73,73
sub-0095_P2,74,74
sub-0095_P2,75,75
sub-0095_P2,76,76
sub-0095_P2,77,77
sub-0095_P2,78,78
sub-0095_P2,79,79
sub-0095_P2,80,80
sub-0095_P2,81,157
sub-0095_P2,82,82
sub-0095_P2,83,83
sub-0095_P2,84,84
sub-0095_P2,85,99
sub-0095_P2,86,86
sub-0095_P2,87,87
sub-0095_P2,88,88
sub-0095_P2,89,89
sub-0095_P2,90,90
sub-0095_P2,91,91
sub-0095_P2,92,92
sub-0095_P2,93,93
sub-0095_P2,94,94
sub-0095_P2,95,95
sub-0095_P2,96,96
sub-0095_P2,97,97
sub-0095_P2,98,98
sub-0095_P2,99,99
sub-0095_P2,100,100
sub-0095_P2,101,101
sub-0095_P2,102,102
sub-0095_P2,103,103
sub-0095_P2,104,104
sub-0095_P2,105,105
sub-0095_P2,106,106
sub-0095_P2,107,107
sub-0095_P2,108,108
sub-0095_P2,109,109
sub-0095_P2,110,110
sub-0095_P2,111,111
sub-0095_P2,112,112
sub-0095_P2,113,113
sub-0095_P2,114,114
sub-0095_P2,115,115
sub-0095_P2,116,116
sub-0095_P2,117,117
sub-0095_P2,118,118
sub-0095_P2,119,119
sub-0095_P2,120,120
sub-0095_P2,121,121
sub-0095_P2,122,122
sub-0095_P2,123,123
sub-0095_P2,124,124
sub-0095_P2,125,125
sub-0095_P2,126,126
sub-0095_P2,127,127
sub-0095_P2,128,128
sub-0095_P2,129,129
sub-0095_P2,130,130
sub-0095_P2,131,131
sub-0095_P2,132,132
sub-0095_P2,133,133
sub-0095_P2,134,134
sub-0095_P2,135,135
sub-0095_P2,136,136
sub-0095_P2,137,137
sub-0095_P2,138,138
sub-0095_P2,139,139
sub-0095_P2,140,140
sub-0095_P2,141,141
sub-0095_P2,142,154
sub-0095_P2,143,40
sub-0095_P2,144,144
sub-0095_P2,145,145
sub-0095_P2,146,146
sub-0095_P2,147,147
sub-0095_P2,148,148
sub-0095_P2,149,149
sub-0095_P2,150,150
sub-0095_P2,151,151
sub-0095_P2,152,152
sub-0095_P2,153,153
sub-0095_P2,154,154
sub-0095_P2,155,155
sub-0095_P2,156,156
sub-0095_P2,157,157
sub-0095_P2,158,158
sub-0095_P2,159,159
sub-0095_P2,160,160
sub-0095_P2,161,161
sub-0095_P2,162,211
sub-0095_P2,163,163
sub-0095_P2,164,164
sub-0095_P2,165,165
sub-0095_P2,166,166
sub-0095_P2,167,167
sub-0095_P2,168,63
sub-0095_P2,169,169
sub-0095_P2,170,170
sub-0095_P2,171,171
sub-0095_P2,172,172
sub-0095_P2,173,173
sub-0095_P2,174,174
sub-0095_P2,175,175
sub-0095_P2,176,176
sub-0095_P2,177,177
sub-0095_P2,178,178
sub-0095_P2,179,179
sub-0095_P2,180,180
sub-0095_P2,181,181
sub-0095_P2,182,182
sub-0095_P2,183,183
sub-0095_P2,184,184
sub-0095_P2,185,185
sub-0095_P2,186,186
sub-0095_P2,187,187
sub-0095_P2,188,188
sub-0095_P2,189,171
sub-0095_P2,190,190
sub-0095_P2,191,191
sub-0095_P2,192,93
sub-0095_P2,193,193
sub-0095_P2,194,194
sub-0095_P2,195,97
sub-0095_P2,196,196
sub-0095_P2,197,196
sub-0095_P2,198,198
sub-0095_P2,199,40
sub-0095_P2,200,200
sub-0095_P2,201,201
sub-0095_P2,202,219
sub-0095_P2,203,203
sub-0095_P2,204,204
sub-0095_P2,205,226
sub-0095_P2,206,206
sub-0095_P2,207,207
sub-0095_P2,208,208
sub-0095_P2,209,209
sub-0095_P2,210,210
sub-0095_P2,211,211
sub-0095_P2,212,212
sub-0095_P2,213,211
sub-0095_P2,214,214
sub-0095_P2,215,215
sub-0095_P2,216,216
sub-0095_P2,217,217
sub-0095_P2,218,218
sub-0095_P2,219,219
sub-0095_P2,220,220
sub-0095_P2,221,221
sub-0095_P2,222,222
sub-0095_P2,223,223
sub-0095_P2,224,224
sub-0095_P2,225,225
sub-0095_P2,226,226
sub-0095_P2,227,227
sub-0095_P2,228,228
sub-0095_P2,229,229
sub-0095_P2,230,230
sub-0095_P2,231,231
sub-0096_P2,0,0
sub-0096_P2,1,1
sub-0096_P2,2,2
sub-0096_P2,3,3
sub-0096_P2,4,4
sub-0096_P2,5,5
sub-0096_P2,6,6
sub-0096_P2,7,7
sub-0096_P2,8,8
sub-0096_P2,9,9
sub-0096_P2,10,10
sub-0096_P2,11,11
sub-0096_P2,12,12
sub-0096_P2,13,13
sub-0096_P2,14,14
sub-0096_P2,15,15
sub-0096_P2,16,16
sub-0096_P2,17,17
sub-0096_P2,18,18
sub-0096_P2,19,19
sub-0096_P2,20,20
sub-0096_P2,21,21
sub-0096_P2,22,22
sub-0096_P2,23,23
sub-0096_P2,24,24
sub-0096_P2,25,25
sub-0096_P2,26,26
sub-0096_P2,27,27
sub-0096_P2,28,28
sub-0096_P2,29,29
sub-0096_P2,30,30
sub-0096_P2,31,31
sub-0096_P2,32,32
sub-0096_P2,33,33
sub-0096_P2,34,34
sub-0096_P2,35,35
sub-0096_P2,36,36
sub-0096_P2,37,37
sub-0096_P2,38,38
sub-0096_P2,39,39
sub-0096_P2,40,40
sub-0096_P2,41,41
sub-0096_P2,42,42
sub-0096_P2,43,43
sub-0096_P2,44,44
sub-0096_P2,45,45
sub-0096_P2,46,46
sub-0096_P2,47,47
sub-0096_P2,48,48
sub-0096_P2,49,49
sub-0096_P2,50,50
sub-0096_P2,51,51
sub-0096_P2,52,52
sub-0096_P2,53,53
sub-0096_P2,54,54
sub-0096_P2,55,55
sub-0096_P2,56,56
sub-0096_P2,57,57
sub-0096_P2,58,58
sub-0096_P2,59,59
sub-0096_P2,60,60
sub-0096_P2,61,61
sub-0096_P2,62,62
sub-0096_P2,63,63
sub-0096_P2,64,64
sub-0096_P2,65,65
sub-0096_P2,66,66
sub-0096_P2,67,67
sub-0096_P2,68,68
sub-0096_P2,69,69
sub-0096_P2,70,70
sub-0096_P2,71,71
sub-0096_P2,72,72
sub-0096_P2,73,73
sub-0096_P2,74,74
sub-0096_P2,75,75
sub-0096_P2,76,76
sub-0096_P2,77,77
sub-0096_P2,78,78
sub-0096_P2,79,79
sub-0096_P2,80,80
sub-0096_P2,81,81
sub-0096_P2,82,82
sub-0096_P2,83,83
sub-0096_P2,84,84
sub-0096_P2,85,85
sub-0096_P2,86,86
sub-0096_P2,87,87
sub-0096_P2,88,88
sub-0096_P2,89,89
sub-0096_P2,90,90
sub-0096_P2,91,91
sub-0096_P2,92,92
sub-0096_P2,93,93
sub-0096_P2,94,94
sub-0096_P2,95,95
sub-0096_P2,96,96
sub-0096_P2,97,97
sub-0096_P2,98,98
sub-0096_P2,99,99
sub-0096_P2,100,100
sub-0096_P2,101,101
sub-0096_P2,102,102
sub-0096_P2,103,103
sub-0096_P2,104,104
sub-0096_P2,105,105
sub-0096_P2,106,106
sub-0096_P2,107,107
sub-0096_P2,108,108
sub-0096_P2,109,109
sub-0096_P2,110,110
sub-0096_P2,111,111
sub-0096_P2,112,112
sub-0096_P2,113,113
sub-0096_P2,114,114
sub-0096_P2,115,115
sub-0096_P2,116,116
sub-0096_P2,117,117
sub-0096_P2,118,118
sub-0096_P2,119,119
sub-0096_P2,120,120
sub-0096_P2,121,121
sub-0096_P2,122,122
sub-0096_P2,123,22
sub-0096_P2,124,124
sub-0096_P2,125,125
sub-0096_P2,126,126
sub-0096_P2,127,127
sub-0096_P2,128,128
sub-0096_P2,129,129
sub-0096_P2,130,130
sub-0096_P2,131,131
sub-0096_P2,132,132
sub-0096_P2,133,133
sub-0096_P2,134,134
sub-0096_P2,135,135
sub-0096_P2,136,136
sub-0096_P2,137,137
sub-0096_P2,138,138
sub-0096_P2,139,139
sub-0096_P2,140,140
sub-0096_P2,141,141
sub-0096_P2,142,142
sub-0096_P2,143,143
sub-0096_P2,144,144
sub-0096_P2,145,145
sub-0096_P2,146,146
sub-0096_P2,147,147
sub-0096_P2,148,148
sub-0096_P2,149,45
sub-0096_P2,150,150
sub-0096_P2,151,151
sub-0096_P2,152,152
sub-0096_P2,153,153
sub-0096_P2,154,154
sub-0096_P2,155,155
sub-0096_P2,156,156
sub-0096_P2,157,157
sub-0096_P2,158,158
sub-0096_P2,159,159
sub-0096_P2,160,160
sub-0096_P2,161,162
sub-0096_P2,162,162
sub-0096_P2,163,163
sub-0096_P2,164,164
sub-0096_P2,165,165
sub-0096_P2,166,166
sub-0096_P2,167,167
sub-0096_P2,168,168
sub-0096_P2,169,169
sub-0096_P2,170,170
sub-0096_P2,171,171
sub-0096_P2,172,172
sub-0096_P2,173,173
sub-0096_P2,174,174
sub-0096_P2,175,175
sub-0096_P2,176,176
sub-0096_P2,177,177
sub-0096_P2,178,178
sub-0096_P2,179,183
sub-0096_P2,180,180
sub-0096_P2,181,181
sub-0096_P2,182,182
sub-0096_P2,183,183
sub-0096_P2,184,184
sub-0096_P2,185,185
sub-0096_P2,186,186
sub-0096_P2,187,131
sub-0096_P2,188,188
sub-0096_P2,189,189
sub-0096_P2,190,190
sub-0096_P2,191,191
sub-0096_P2,192,192
sub-0096_P2,193,193
sub-0096_P2,194,194
sub-0096_P2,195,195
sub-0096_P2,196,196
sub-0096_P2,197,197
sub-0096_P2,198,198
sub-0096_P2,199,199
sub-0096_P2,200,220
sub-0096_P2,201,201
sub-0096_P2,202,202
sub-0096_P2,203,203
sub-0096_P2,204,204
sub-0096_P2,205,205
sub-0096_P2,206,176
sub-0096_P2,207,207
sub-0096_P2,208,208
sub-0096_P2,209,209
sub-0096_P2,210,210
sub-0096_P2,211,211
sub-0096_P2,212,212
sub-0096_P2,213,213
sub-0096_P2,214,214
sub-0096_P2,215,215
sub-0096_P2,216,202
sub-0096_P2,217,8
sub-0096_P2,218,162
sub-0096_P2,219,219
sub-0096_P2,220,220
sub-0096_P2,221,221
sub-0096_P2,222,222
sub-0096_P2,223,223
sub-0096_P2,224,224
sub-0096_P2,225,225
sub-0096_P2,226,226
sub-0096_P2,227,227
sub-0096_P2,228,228
sub-0096_P2,229,229
sub-0096_P2,230,230
sub-0096_P2,231,231
sub-0097_P2,0,0
sub-0097_P2,1,1
sub-0097_P2,2,2
sub-0097_P2,3,3
sub-0097_P2,4,4
sub-0097_P2,5,5
sub-0097_P2,6,6
sub-0097_P2,7,7
sub-0097_P2,8,227
sub-0097_P2,9,9
sub-0097_P2,10,10
sub-0097_P2,11,11
sub-0097_P2,12,114
sub-0097_P2,13,13
sub-0097_P2,14,14
sub-0097_P2,15,15
sub-0097_P2,16,16
sub-0097_P2,17,17
sub-0097_P2,18,18
sub-0097_P2,19,19
sub-0097_P2,20,20
sub-0097_P2,21,21
sub-0097_P2,22,22
sub-0097_P2,23,22
sub-0097_P2,24,24
sub-0097_P2,25,25
sub-0097_P2,26,26
sub-0097_P2,27,27
sub-0097_P2,28,28
sub-0097_P2,29,29
sub-0097_P2,30,30
sub-0097_P2,31,31
sub-0097_P2,32,32
sub-0097_P2,33,33
sub-0097_P2,34,34
sub-0097_P2,35,35
sub-0097_P2,36,36
sub-0097_P2,37,37
sub-0097_P2,38,38
sub-0097_P2,39,39
sub-0097_P2,40,40
sub-0097_P2,41,145
sub-0097_P2,42,42
sub-0097_P2,43,43
sub-0097_P2,44,44
sub-0097_P2,45,45
sub-0097_P2,46,46
sub-0097_P2,47,47
sub-0097_P2,48,48
sub-0097_P2,49,49
sub-0097_P2,50,50
sub-0097_P2,51,51
sub-0097_P2,52,221
sub-0097_P2,53,203
sub-0097_P2,54,54
sub-0097_P2,55,55
sub-0097_P2,56,56
sub-0097_P2,57,57
sub-0097_P2,58,58
sub-0097_P2,59,59
sub-0097_P2,60,60
sub-0097_P2,61,61
sub-0097_P2,62,62
sub-0097_P2,63,63
sub-0097_P2,64,64
sub-0097_P2,65,65
sub-0097_P2,66,66
sub-0097_P2,67,67
sub-0097_P2,68,68
sub-0097_P2,69,69
sub-0097_P2,70,230
sub-0097_P2,71,71
sub-0097_P2,72,72
sub-0097_P2,73,73
sub-0097_P2,74,74
sub-0097_P2,75,75
sub-0097_P2,76,76
sub-0097_P2,77,77
sub-0097_P2,78,78
sub-0097_P2,79,79
sub-0097_P2,80,80
sub-0097_P2,81,81
sub-0097_P2,82,82
sub-0097_P2,83,83
sub-0097_P2,84,84
sub-0097_P2,85,85
sub-0097_P2,86,86
sub-0097_P2,87,87
sub-0097_P2,88,88
sub-0097_P2,89,89
sub-0097_P2,90,90
sub-0097_P2,91,91
sub-0097_P2,92,92
sub-0097_P2,93,93
sub-0097_P2,94,94
sub-0097_P2,95,95
sub-0097_P2,96,96
sub-0097_P2,97,97
sub-0097_P2,98,98
sub-0097_P2,99,99
sub-0097_P2,100,100
sub-0097_P2,101,101
sub-0097_P2,102,102
sub-0097_P2,103,103
sub-0097_P2,104,104
sub-0097_P2,105,105
sub-0097_P2,106,106
sub-0097_P2,107,107
sub-0097_P2,108,108
sub-0097_P2,109,109
sub-0097_P2,110,110
sub-0097_P2,111,111
sub-0097_P2,112,112
sub-0097_P2,113,113
sub-0097_P2,114,114
sub-0097_P2,115,115
sub-0097_P2,116,116
sub-0097_P2,117,117
sub-0097_P2,118,118
sub-0097_P2,119,119
sub-0097_P2,120,120
sub-0097_P2,121,121
sub-0097_P2,122,122
sub-0097_P2,123,123
sub-0097_P2,124,124
sub-0097_P2,125,125
sub-0097_P2,126,126
sub-0097_P2,127,123
sub-0097_P2,128,128
sub-0097_P2,129,129
sub-0097_P2,130,130
sub-0097_P2,131,131
sub-0097_P2,132,132
sub-0097_P2,133,133
sub-0097_P2,134,134
sub-0097_P2,135,135
sub-0097_P2,136,136
sub-0097_P2,137,137
sub-0097_P2,138,138
sub-0097_P2,139,139
sub-0097_P2,140,140
sub-0097_P2,141,141
sub-0097_P2,142,142
sub-0097_P2,143,143
sub-0097_P2,144,144
sub-0097_P2,145,145
sub-0097_P2,146,146
sub-0097_P2,147,147
sub-0097_P2,148,148
sub-0097_P2,149,149
sub-0097_P2,150,150
sub-0097_P2,151,151
sub-0097_P2,152,152
sub-0097_P2,153,153
sub-0097_P2,154,154
sub-0097_P2,155,155
sub-0097_P2,156,156
sub-0097_P2,157,157
sub-0097_P2,158,158
sub-0097_P2,159,159
sub-0097_P2,160,160
sub-0097_P2,161,143
sub-0097_P2,162,162
sub-0097_P2,163,163
sub-0097_P2,164,164
sub-0097_P2,165,165
sub-0097_P2,166,166
sub-0097_P2,167,167
sub-0097_P2,168,168
sub-0097_P2,169,169
sub-0097_P2,170,170
sub-0097_P2,171,171
sub-0097_P2,172,172
sub-0097_P2,173,173
sub-0097_P2,174,174
sub-0097_P2,175,171
sub-0097_P2,176,176
sub-0097_P2,177,177
sub-0097_P2,178,178
sub-0097_P2,179,179
sub-0097_P2,180,180
sub-0097_P2,181,181
sub-0097_P2,182,182
sub-0097_P2,183,183
sub-0097_P2,184,184
sub-0097_P2,185,185
sub-0097_P2,186,186
sub-0097_P2,187,187
sub-0097_P2,188,188
sub-0097_P2,189,171
sub-0097_P2,190,218
sub-0097_P2,191,191
sub-0097_P2,192,192
sub-0097_P2,193,193
sub-0097_P2,194,194
sub-0097_P2,195,195
sub-0097_P2,196,196
sub-0097_P2,197,226
sub-0097_P2,198,198
sub-0097_P2,199,199
sub-0097_P2,200,200
sub-0097_P2,201,201
sub-0097_P2,202,202
sub-0097_P2,203,203
sub-0097_P2,204,204
sub-0097_P2,205,221
sub-0097_P2,206,206
sub-0097_P2,207,207
sub-0097_P2,208,208
sub-0097_P2,209,209
sub-0097_P2,210,210
sub-0097_P2,211,211
sub-0097_P2,212,212
sub-0097_P2,213,213
sub-0097_P2,214,214
sub-0097_P2,215,215
sub-0097_P2,216,216
sub-0097_P2,217,217
sub-0097_P2,218,218
sub-0097_P2,219,55
sub-0097_P2,220,51
sub-0097_P2,221,221
sub-0097_P2,222,222
sub-0097_P2,223,205
sub-0097_P2,224,224
sub-0097_P2,225,225
sub-0097_P2,226,226
sub-0097_P2,227,227
sub-0097_P2,228,228
sub-0097_P2,229,114
sub-0097_P2,230,230
sub-0097_P2,231,231
sub-0098_P2,0,0
sub-0098_P2,1,1
sub-0098_P2,2,1
sub-0098_P2,3,3
sub-0098_P2,4,4
sub-0098_P2,5,5
sub-0098_P2,6,6
sub-0098_P2,7,7
sub-0098_P2,8,8
sub-0098_P2,9,9
sub-0098_P2,10,10
sub-0098_P2,11,11
sub-0098_P2,12,12
sub-0098_P2,13,13
sub-0098_P2,14,14
sub-0098_P2,15,15
sub-0098_P2,16,16
sub-0098_P2,17,17
sub-0098_P2,18,18
sub-0098_P2,19,19
sub-0098_P2,20,20
sub-0098_P2,21,21
sub-0098_P2,22,22
sub-0098_P2,23,23
sub-0098_P2,24,24
sub-0098_P2,25,25
sub-0098_P2,26,26
sub-0098_P2,27,27
sub-0098_P2,28,28
sub-0098_P2,29,29
sub-0098_P2,30,30
sub-0098_P2,31,31
sub-0098_P2,32,32
sub-0098_P2,33,33
sub-0098_P2,34,34
sub-0098_P2,35,35
sub-0098_P2,36,36
sub-0098_P2,37,37
sub-0098_P2,38,38
sub-0098_P2,39,39
sub-0098_P2,40,40
sub-0098_P2,41,41
sub-0098_P2,42,42
sub-0098_P2,43,43
sub-0098_P2,44,44
sub-0098_P2,45,45
sub-0098_P2,46,46
sub-0098_P2,47,47
sub-0098_P2,48,48
sub-0098_P2,49,49
sub-0098_P2,50,50
sub-0098_P2,51,51
sub-0098_P2,52,52
sub-0098_P2,53,53
sub-0098_P2,54,54
sub-0098_P2,55,55
sub-0098_P2,56,56
sub-0098_P2,57,57
sub-0098_P2,58,58
sub-0098_P2,59,59
sub-0098_P2,60,60
sub-0098_P2,61,61
sub-0098_P2,62,62
sub-0098_P2,63,63
sub-0098_P2,64,64
sub-0098_P2,65,65
sub-0098_P2,66,66
sub-0098_P2,67,67
sub-0098_P2,68,68
sub-0098_P2,69,69
sub-0098_P2,70,70
sub-0098_P2,71,71
sub-0098_P2,72,72
sub-0098_P2,73,73
sub-0098_P2,74,74
sub-0098_P2,75,75
sub-0098_P2,76,76
sub-0098_P2,77,77
sub-0098_P2,78,78
sub-0098_P2,79,79
sub-0098_P2,80,80
sub-0098_P2,81,81
sub-0098_P2,82,82
sub-0098_P2,83,83
sub-0098_P2,84,84
sub-0098_P2,85,85
sub-0098_P2,86,86
sub-0098_P2,87,87
sub-0098_P2,88,88
sub-0098_P2,89,89
sub-0098_P2,90,90
sub-0098_P2,91,91
sub-0098_P2,92,187
sub-0098_P2,93,93
sub-0098_P2,94,94
sub-0098_P2,95,95
sub-0098_P2,96,96
sub-0098_P2,97,97
sub-0098_P2,98,98
sub-0098_P2,99,99
sub-0098_P2,100,100
sub-0098_P2,101,101
sub-0098_P2,102,102
sub-0098_P2,103,103
sub-0098_P2,104,0
sub-0098_P2,105,105
sub-0098_P2,106,106
sub-0098_P2,107,107
sub-0098_P2,108,108
sub-0098_P2,109,109
sub-0098_P2,110,110
sub-0098_P2,111,111
sub-0098_P2,112,112
sub-0098_P2,113,113
sub-0098_P2,114,114
sub-0098_P2,115,115
sub-0098_P2,116,116
sub-0098_P2,117,117
sub-0098_P2,118,118
sub-0098_P2,119,119
sub-0098_P2,120,120
sub-0098_P2,121,207
sub-0098_P2,122,122
sub-0098_P2,123,123
sub-0098_P2,124,124
sub-0098_P2,125,125
sub-0098_P2,126,126
sub-0098_P2,127,127
sub-0098_P2,128,128
sub-0098_P2,129,129
sub-0098_P2,130,130
sub-0098_P2,131,131
sub-0098_P2,132,132
sub-0098_P2,133,133
sub-0098_P2,134,134
sub-0098_P2,135,135
sub-0098_P2,136,136
sub-0098_P2,137,137
sub-0098_P2,138,138
sub-0098_P2,139,139
sub-0098_P2,140,140
sub-0098_P2,141,141
sub-0098_P2,142,142
sub-0098_P2,143,143
sub-0098_P2,144,144
sub-0098_P2,145,145
sub-0098_P2,146,146
sub-0098_P2,147,147
sub-0098_P2,148,148
sub-0098_P2,149,149
sub-0098_P2,150,150
sub-0098_P2,151,151
sub-0098_P2,152,152
sub-0098_P2,153,153
sub-0098_P2,154,154
sub-0098_P2,155,155
sub-0098_P2,156,156
sub-0098_P2,157,84
sub-0098_P2,158,158
sub-0098_P2,159,159
sub-0098_P2,160,160
sub-0098_P2,161,161
sub-0098_P2,162,162
sub-0098_P2,163,163
sub-0098_P2,164,164
sub-0098_P2,165,165
sub-0098_P2,166,166
sub-0098_P2,167,167
sub-0098_P2,168,168
sub-0098_P2,169,169
sub-0098_P2,170,170
sub-0098_P2,171,171
sub-0098_P2,172,172
sub-0098_P2,173,173
sub-0098_P2,174,174
sub-0098_P2,175,175
sub-0098_P2,176,176
sub-0098_P2,177,177
sub-0098_P2,178,178
sub-0098_P2,179,179
sub-0098_P2,180,180
sub-0098_P2,181,181
sub-0098_P2,182,182
sub-0098_P2,183,183
sub-0098_P2,184,184
sub-0098_P2,185,185
sub-0098_P2,186,186
sub-0098_P2,187,187
sub-0098_P2,188,188
sub-0098_P2,189,189
sub-0098_P2,190,190
sub-0098_P2,191,191
sub-0098_P2,192,192
sub-0098_P2,193,193
sub-0098_P2,194,194
sub-0098_P2,195,195
sub-0098_P2,196,196
sub-0098_P2,197,197
sub-0098_P2,198,198
sub-0098_P2,199,199
sub-0098_P2,200,200
sub-0098_P2,201,201
sub-0098_P2,202,220
sub-0098_P2,203,203
sub-0098_P2,204,92
sub-0098_P2,205,205
sub-0098_P2,206,206
sub-0098_P2,207,207
sub-0098_P2,208,208
sub-0098_P2,209,225
sub-0098_P2,210,210
sub-0098_P2,211,211
sub-0098_P2,212,212
sub-0098_P2,213,213
sub-0098_P2,214,214
sub-0098_P2,215,215
sub-0098_P2,216,216
sub-0098_P2,217,217
sub-0098_P2,218,218
sub-0098_P2,219,219
sub-0098_P2,220,220
sub-0098_P2,221,227
sub-0098_P2,222,222
sub-0098_P2,223,223
sub-0098_P2,224,224
sub-0098_P2,225,225
sub-0098_P2,226,226
sub-0098_P2,227,227
sub-0098_P2,228,228
sub-0098_P2,229,229
sub-0098_P2,230,230
sub-0098_P2,231,231
sub-0099_P2,0,0
sub-0099_P2,1,1
sub-0099_P2,2,2
sub-0099_P2,3,3
sub-0099_P2,4,4
sub-0099_P2,5,5
sub-0099_P2,6,6
sub-0099_P2,7,7
sub-0099_P2,8,8
sub-0099_P2,9,9
sub-0099_P2,10,10
sub-0099_P2,11,11
sub-0099_P2,12,12
sub-0099_P2,13,13
sub-0099_P2,14,14
sub-0099_P2,15,15
sub-0099_P2,16,16
sub-0099_P2,17,17
sub-0099_P2,18,122
sub-0099_P2,19,19
sub-0099_P2,20,20
sub-0099_P2,21,21
sub-0099_P2,22,22
sub-0099_P2,23,23
sub-0099_P2,24,24
sub-0099_P2,25,25
sub-0099_P2,26,26
sub-0099_P2,27,27
sub-0099_P2,28,28
sub-0099_P2,29,29
sub-0099_P2,30,30
sub-0099_P2,31,31
sub-0099_P2,32,32
sub-0099_P2,33,33
sub-0099_P2,34,34
sub-0099_P2,35,35
sub-0099_P2,36,36
sub-0099_P2,37,37
sub-0099_P2,38,38
sub-0099_P2,39,39
sub-0099_P2,40,40
sub-0099_P2,41,41
sub-0099_P2,42,42
sub-0099_P2,43,43
sub-0099_P2,44,44
sub-0099_P2,45,45
sub-0099_P2,46,46
sub-0099_P2,47,47
sub-0099_P2,48,48
sub-0099_P2,49,49
sub-0099_P2,50,50
sub-0099_P2,51,67
sub-0099_P2,52,160
sub-0099_P2,53,53
sub-0099_P2,54,54
sub-0099_P2,55,55
sub-0099_P2,56,56
sub-0099_P2,57,57
sub-0099_P2,58,58
sub-0099_P2,59,59
sub-0099_P2,60,60
sub-0099_P2,61,61
sub-0099_P2,62,62
sub-0099_P2,63,63
sub-0099_P2,64,64
sub-0099_P2,65,65
sub-0099_P2,66,66
sub-0099_P2,67,67
sub-0099_P2,68,68
sub-0099_P2,69,69
sub-0099_P2,70,70
sub-0099_P2,71,71
sub-0099_P2,72,72
sub-0099_P2,73,73
sub-0099_P2,74,74
sub-0099_P2,75,75
sub-0099_P2,76,76
sub-0099_P2,77,77
sub-0099_P2,78,78
sub-0099_P2,79,79
sub-0099_P2,80,80
sub-0099_P2,81,81
sub-0099_P2,82,82
sub-0099_P2,83,83
sub-0099_P2,84,84
sub-0099_P2,85,85
sub-0099_P2,86,86
sub-0099_P2,87,87
sub-0099_P2,88,88
sub-0099_P2,89,89
sub-0099_P2,90,90
sub-0099_P2,91,91
sub-0099_P2,92,92
sub-0099_P2,93,93
sub-0099_P2,94,94
sub-0099_P2,95,95
sub-0099_P2,96,96
sub-0099_P2,97,97
sub-0099_P2,98,93
sub-0099_P2,99,99
sub-0099_P2,100,100
sub-0099_P2,101,101
sub-0099_P2,102,102
sub-0099_P2,103,103
sub-0099_P2,104,104
sub-0099_P2,105,105
sub-0099_P2,106,106
sub-0099_P2,107,107
sub-0099_P2,108,108
sub-0099_P2,109,109
sub-0099_P2,110,110
sub-0099_P2,111,111
sub-0099_P2,112,112
sub-0099_P2,113,113
sub-0099_P2,114,114
sub-0099_P2,115,115
sub-0099_P2,116,116
sub-0099_P2,117,117
sub-0099_P2,118,118
sub-0099_P2,119,119
sub-0099_P2,120,120
sub-0099_P2,121,121
sub-0099_P2,122,122
sub-0099_P2,123,123
sub-0099_P2,124,124
sub-0099_P2,125,125
sub-0099_P2,126,126
sub-0099_P2,127,127
sub-0099_P2,128,128
sub-0099_P2,129,129
sub-0099_P2,130,130
sub-0099_P2,131,131
sub-0099_P2,132,132
sub-0099_P2,133,133
sub-0099_P2,134,134
sub-0099_P2,135,135
sub-0099_P2,136,136
sub-0099_P2,137,137
sub-0099_P2,138,138
sub-0099_P2,139,139
sub-0099_P2,140,140
sub-0099_P2,141,141
sub-0099_P2,142,142
sub-0099_P2,143,143
sub-0099_P2,144,144
sub-0099_P2,145,145
sub-0099_P2,146,146
sub-0099_P2,147,147
sub-0099_P2,148,148
sub-0099_P2,149,149
sub-0099_P2,150,150
sub-0099_P2,151,151
sub-0099_P2,152,152
sub-0099_P2,153,153
sub-0099_P2,154,154
sub-0099_P2,155,155
sub-0099_P2,156,156
sub-0099_P2,157,157
sub-0099_P2,158,158
sub-0099_P2,159,159
sub-0099_P2,160,160
sub-0099_P2,161,161
sub-0099_P2,162,162
sub-0099_P2,163,163
sub-0099_P2,164,164
sub-0099_P2,165,165
sub-0099_P2,166,166
sub-0099_P2,167,167
sub-0099_P2,168,168
sub-0099_P2,169,169
sub-0099_P2,170,170
sub-0099_P2,171,171
sub-0099_P2,172,172
sub-0099_P2,173,173
sub-0099_P2,174,174
sub-0099_P2,175,175
sub-0099_P2,176,176
sub-0099_P2,177,177
sub-0099_P2,178,178
sub-0099_P2,179,179
sub-0099_P2,180,180
sub-0099_P2,181,181
sub-0099_P2,182,182
sub-0099_P2,183,183
sub-0099_P2,184,184
sub-0099_P2,185,185
sub-0099_P2,186,187
sub-0099_P2,187,187
sub-0099_P2,188,188
sub-0099_P2,189,189
sub-0099_P2,190,190
sub-0099_P2,191,191
sub-0099_P2,192,192
sub-0099_P2,193,193
sub-0099_P2,194,194
sub-0099_P2,195,195
sub-0099_P2,196,196
sub-0099_P2,197,197
sub-0099_P2,198,198
sub-0099_P2,199,199
sub-0099_P2,200,162
sub-0099_P2,201,201
sub-0099_P2,202,210
sub-0099_P2,203,211
sub-0099_P2,204,204
sub-0099_P2,205,205
sub-0099_P2,206,206
sub-0099_P2,207,207
sub-0099_P2,208,208
sub-0099_P2,209,209
sub-0099_P2,210,210
sub-0099_P2,211,208
sub-0099_P2,212,211
sub-0099_P2,213,213
sub-0099_P2,214,214
sub-0099_P2,215,215
sub-0099_P2,216,216
sub-0099_P2,217,217
sub-0099_P2,218,218
sub-0099_P2,219,219
sub-0099_P2,220,220
sub-0099_P2,221,221
sub-0099_P2,222,222
sub-0099_P2,223,223
sub-0099_P2,224,224
sub-0099_P2,225,225
sub-0099_P2,226,221
sub-0099_P2,227,227
sub-0099_P2,228,228
sub-0099_P2,229,229
sub-0099_P2,230,230
sub-0099_P2,231,231
sub-0100_P2,0,0
sub-0100_P2,1,1
sub-0100_P2,2,2
sub-0100_P2,3,3
sub-0100_P2,4,4
sub-0100_P2,5,5
sub-0100_P2,6,6
sub-0100_P2,7,7
sub-0100_P2,8,8
sub-0100_P2,9,9
sub-0100_P2,10,10
sub-0100_P2,11,11
sub-0100_P2,12,12
sub-0100_P2,13,13
sub-0100_P2,14,14
sub-0100_P2,15,15
sub-0100_P2,16,16
sub-0100_P2,17,17
sub-0100_P2,18,18
sub-0100_P2,19,19
sub-0100_P2,20,20
sub-0100_P2,21,21
sub-0100_P2,22,22
sub-0100_P2,23,23
sub-0100_P2,24,24
sub-0100_P2,25,144
sub-0100_P2,26,26
sub-0100_P2,27,27
sub-0100_P2,28,28
sub-0100_P2,29,29
sub-0100_P2,30,30
sub-0100_P2,31,31
sub-0100_P2,32,32
sub-0100_P2,33,33
sub-0100_P2,34,34
sub-0100_P2,35,35
sub-0100_P2,36,36
sub-0100_P2,37,37
sub-0100_P2,38,38
sub-0100_P2,39,41
sub-0100_P2,40,40
sub-0100_P2,41,41
sub-0100_P2,42,42
sub-0100_P2,43,43
sub-0100_P2,44,44
sub-0100_P2,45,45
sub-0100_P2,46,46
sub-0100_P2,47,47
sub-0100_P2,48,207
sub-0100_P2,49,49
sub-0100_P2,50,50
sub-0100_P2,51,66
sub-0100_P2,52,52
sub-0100_P2,53,53
sub-0100_P2,54,54
sub-0100_P2,55,55
sub-0100_P2,56,56
sub-0100_P2,57,57
sub-0100_P2,58,58
sub-0100_P2,59,59
sub-0100_P2,60,35
sub-0100_P2,61,61
sub-0100_P2,62,62
sub-0100_P2,63,63
sub-0100_P2,64,64
sub-0100_P2,65,65
sub-0100_P2,66,66
sub-0100_P2,67,67
sub-0100_P2,68,68
sub-0100_P2,69,69
sub-0100_P2,70,70
sub-0100_P2,71,71
sub-0100_P2,72,72
sub-0100_P2,73,73
sub-0100_P2,74,74
sub-0100_P2,75,75
sub-0100_P2,76,76
sub-0100_P2,77,77
sub-0100_P2,78,78
sub-0100_P2,79,79
sub-0100_P2,80,80
sub-0100_P2,81,81
sub-0100_P2,82,161
sub-0100_P2,83,83
sub-0100_P2,84,85
sub-0100_P2,85,85
sub-0100_P2,86,86
sub-0100_P2,87,87
sub-0100_P2,88,88
sub-0100_P2,89,89
sub-0100_P2,90,90
sub-0100_P2,91,91
sub-0100_P2,92,92
sub-0100_P2,93,93
sub-0100_P2,94,94
sub-0100_P2,95,95
sub-0100_P2,96,96
sub-0100_P2,97,97
sub-0100_P2,98,98
sub-0100_P2,99,99
sub-0100_P2,100,100
sub-0100_P2,101,101
sub-0100_P2,102,102
sub-0100_P2,103,103
sub-0100_P2,104,104
sub-0100_P2,105,105
sub-0100_P2,106,106
sub-0100_P2,107,107
sub-0100_P2,108,108
sub-0100_P2,109,109
sub-0100_P2,110,110
sub-0100_P2,111,111
sub-0100_P2,112,112
sub-0100_P2,113,113
sub-0100_P2,114,114
sub-0100_P2,115,115
sub-0100_P2,116,116
sub-0100_P2,117,117
sub-0100_P2,118,118
sub-0100_P2,119,119
sub-0100_P2,120,120
sub-0100_P2,121,121
sub-0100_P2,122,122
sub-0100_P2,123,123
sub-0100_P2,124,124
sub-0100_P2,125,125
sub-0100_P2,126,126
sub-0100_P2,127,127
sub-0100_P2,128,128
sub-0100_P2,129,129
sub-0100_P2,130,130
sub-0100_P2,131,131
sub-0100_P2,132,132
sub-0100_P2,133,133
sub-0100_P2,134,134
sub-0100_P2,135,135
sub-0100_P2,136,136
sub-0100_P2,137,137
sub-0100_P2,138,138
sub-0100_P2,139,139
sub-0100_P2,140,140
sub-0100_P2,141,141
sub-0100_P2,142,142
sub-0100_P2,143,143
sub-0100_P2,144,144
sub-0100_P2,145,145
sub-0100_P2,146,146
sub-0100_P2,147,147
sub-0100_P2,148,148
sub-0100_P2,149,149
sub-0100_P2,150,150
sub-0100_P2,151,151
sub-0100_P2,152,152
sub-0100_P2,153,153
sub-0100_P2,154,154
sub-0100_P2,155,155
sub-0100_P2,156,156
sub-0100_P2,157,157
sub-0100_P2,158,158
sub-0100_P2,159,159
sub-0100_P2,160,160
sub-0100_P2,161,161
sub-0100_P2,162,162
sub-0100_P2,163,163
sub-0100_P2,164,164
sub-0100_P2,165,165
sub-0100_P2,166,166
sub-0100_P2,167,167
sub-0100_P2,168,168
sub-0100_P2,169,169
sub-0100_P2,170,170
sub-0100_P2,171,171
sub-0100_P2,172,172
sub-0100_P2,173,173
sub-0100_P2,174,174
sub-0100_P2,175,175
sub-0100_P2,176,176
sub-0100_P2,177,177
sub-0100_P2,178,178
sub-0100_P2,179,179
sub-0100_P2,180,180
sub-0100_P2,181,181
sub-0100_P2,182,182
sub-0100_P2,183,183
sub-0100_P2,184,184
sub-0100_P2,185,185
sub-0100_P2,186,186
sub-0100_P2,187,187
sub-0100_P2,188,188
sub-0100_P2,189,189
sub-0100_P2,190,190
sub-0100_P2,191,191
sub-0100_P2,192,192
sub-0100_P2,193,193
sub-0100_P2,194,194
sub-0100_P2,195,195
sub-0100_P2,196,196
sub-0100_P2,197,197
sub-0100_P2,198,198
sub-0100_P2,199,199
sub-0100_P2,200,200
sub-0100_P2,201,201
sub-0100_P2,202,202
sub-0100_P2,203,203
sub-0100_P2,204,204
sub-0100_P2,205,160
sub-0100_P2,206,206
sub-0100_P2,207,207
sub-0100_P2,208,208
sub-0100_P2,209,209
sub-0100_P2,210,210
sub-0100_P2,211,211
sub-0100_P2,212,212
sub-0100_P2,213,213
sub-0100_P2,214,214
sub-0100_P2,215,215
sub-0100_P2,216,216
sub-0100_P2,217,217
sub-0100_P2,218,218
sub-0100_P2,219,219
sub-0100_P2,220,220
sub-0100_P2,221,221
sub-0100_P2,222,222
sub-0100_P2,223,223
sub-0100_P2,224,208
sub-0100_P2,225,207
sub-0100_P2,226,227
sub-0100_P2,227,218
sub-0100_P2,228,228
sub-0100_P2,229,229
sub-0100_P2,230,230
sub-0100_P2,231,231
sub-0101_P2,0,0
sub-0101_P2,1,1
sub-0101_P2,2,2
sub-0101_P2,3,3
sub-0101_P2,4,4
sub-0101_P2,5,5
sub-0101_P2,6,6
sub-0101_P2,7,226
sub-0101_P2,8,217
sub-0101_P2,9,9
sub-0101_P2,10,10
sub-0101_P2,11,11
sub-0101_P2,12,211
sub-0101_P2,13,13
sub-0101_P2,14,14
sub-0101_P2,15,15
sub-0101_P2,16,16
sub-0101_P2,17,17
sub-0101_P2,18,18
sub-0101_P2,19,19
sub-0101_P2,20,20
sub-0101_P2,21,21
sub-0101_P2,22,22
sub-0101_P2,23,23
sub-0101_P2,24,24
sub-0101_P2,25,223
sub-0101_P2,26,26
sub-0101_P2,27,27
sub-0101_P2,28,28
sub-0101_P2,29,29
sub-0101_P2,30,30
sub-0101_P2,31,31
sub-0101_P2,32,32
sub-0101_P2,33,33
sub-0101_P2,34,34
sub-0101_P2,35,35
sub-0101_P2,36,36
sub-0101_P2,37,37
sub-0101_P2,38,38
sub-0101_P2,39,39
sub-0101_P2,40,40
sub-0101_P2,41,41
sub-0101_P2,42,42
sub-0101_P2,43,43
sub-0101_P2,44,44
sub-0101_P2,45,42
sub-0101_P2,46,46
sub-0101_P2,47,47
sub-0101_P2,48,48
sub-0101_P2,49,49
sub-0101_P2,50,50
sub-0101_P2,51,51
sub-0101_P2,52,52
sub-0101_P2,53,53
sub-0101_P2,54,218
sub-0101_P2,55,55
sub-0101_P2,56,56
sub-0101_P2,57,57
sub-0101_P2,58,58
sub-0101_P2,59,59
sub-0101_P2,60,60
sub-0101_P2,61,61
sub-0101_P2,62,62
sub-0101_P2,63,63
sub-0101_P2,64,64
sub-0101_P2,65,65
sub-0101_P2,66,66
sub-0101_P2,67,67
sub-0101_P2,68,68
sub-0101_P2,69,69
sub-0101_P2,70,70
sub-0101_P2,71,71
sub-0101_P2,72,72
sub-0101_P2,73,73
sub-0101_P2,74,74
sub-0101_P2,75,75
sub-0101_P2,76,76
sub-0101_P2,77,77
sub-0101_P2,78,78
sub-0101_P2,79,79
sub-0101_P2,80,80
sub-0101_P2,81,81
sub-0101_P2,82,82
sub-0101_P2,83,161
sub-0101_P2,84,84
sub-0101_P2,85,85
sub-0101_P2,86,86
sub-0101_P2,87,87
sub-0101_P2,88,88
sub-0101_P2,89,89
sub-0101_P2,90,90
sub-0101_P2,91,91
sub-0101_P2,92,92
sub-0101_P2,93,93
sub-0101_P2,94,94
sub-0101_P2,95,31
sub-0101_P2,96,96
sub-0101_P2,97,97
sub-0101_P2,98,98
sub-0101_P2,99,99
sub-0101_P2,100,100
sub-0101_P2,101,101
sub-0101_P2,102,102
sub-0101_P2,103,103
sub-0101_P2,104,104
sub-0101_P2,105,105
sub-0101_P2,106,106
sub-0101_P2,107,107
sub-0101_P2,108,108
sub-0101_P2,109,109
sub-0101_P2,110,110
sub-0101_P2,111,111
sub-0101_P2,112,221
sub-0101_P2,113,113
sub-0101_P2,114,114
sub-0101_P2,115,115
sub-0101_P2,116,116
sub-0101_P2,117,117
sub-0101_P2,118,118
sub-0101_P2,119,119
sub-0101_P2,120,120
sub-0101_P2,121,121
sub-0101_P2,122,122
sub-0101_P2,123,227
sub-0101_P2,124,198
sub-0101_P2,125,125
sub-0101_P2,126,126
sub-0101_P2,127,127
sub-0101_P2,128,128
sub-0101_P2,129,129
sub-0101_P2,130,130
sub-0101_P2,131,131
sub-0101_P2,132,132
sub-0101_P2,133,31
sub-0101_P2,134,134
sub-0101_P2,135,135
sub-0101_P2,136,136
sub-0101_P2,137,137
sub-0101_P2,138,138
sub-0101_P2,139,139
sub-0101_P2,140,140
sub-0101_P2,141,141
sub-0101_P2,142,142
sub-0101_P2,143,143
sub-0101_P2,144,144
sub-0101_P2,145,145
sub-0101_P2,146,146
sub-0101_P2,147,147
sub-0101_P2,148,148
sub-0101_P2,149,149
sub-0101_P2,150,174
sub-0101_P2,151,151
sub-0101_P2,152,152
sub-0101_P2,153,153
sub-0101_P2,154,154
sub-0101_P2,155,155
sub-0101_P2,156,156
sub-0101_P2,157,157
sub-0101_P2,158,158
sub-0101_P2,159,159
sub-0101_P2,160,160
sub-0101_P2,161,161
sub-0101_P2,162,162
sub-0101_P2,163,53
sub-0101_P2,164,164
sub-0101_P2,165,165
sub-0101_P2,166,140
sub-0101_P2,167,167
sub-0101_P2,168,168
sub-0101_P2,169,169
sub-0101_P2,170,170
sub-0101_P2,171,171
sub-0101_P2,172,172
sub-0101_P2,173,173
sub-0101_P2,174,174
sub-0101_P2,175,175
sub-0101_P2,176,176
sub-0101_P2,177,177
sub-0101_P2,178,178
sub-0101_P2,179,179
sub-0101_P2,180,180
sub-0101_P2,181,181
sub-0101_P2,182,182
sub-0101_P2,183,183
sub-0101_P2,184,184
sub-0101_P2,185,185
sub-0101_P2,186,186
sub-0101_P2,187,187
sub-0101_P2,188,188
sub-0101_P2,189,189
sub-0101_P2,190,190
sub-0101_P2,191,191
sub-0101_P2,192,192
sub-0101_P2,193,131
sub-0101_P2,194,194
sub-0101_P2,195,195
sub-0101_P2,196,196
sub-0101_P2,197,197
sub-0101_P2,198,198
sub-0101_P2,199,199
sub-0101_P2,200,200
sub-0101_P2,201,201
sub-0101_P2,202,202
sub-0101_P2,203,203
sub-0101_P2,204,204
sub-0101_P2,205,205
sub-0101_P2,206,206
sub-0101_P2,207,50
sub-0101_P2,208,208
sub-0101_P2,209,209
sub-0101_P2,210,226
sub-0101_P2,211,211
sub-0101_P2,212,212
sub-0101_P2,213,213
sub-0101_P2,214,214
sub-0101_P2,215,215
sub-0101_P2,216,216
sub-0101_P2,217,217
sub-0101_P2,218,218
sub-0101_P2,219,219
sub-0101_P2,220,220
sub-0101_P2,221,221
sub-0101_P2,222,222
sub-0101_P2,223,227
sub-0101_P2,224,224
sub-0101_P2,225,225
sub-0101_P2,226,226
sub-0101_P2,227,227
sub-0101_P2,228,228
sub-0101_P2,229,229
sub-0101_P2,230,230
sub-0101_P2,231,231
sub-0102_P2,0,0
sub-0102_P2,1,1
sub-0102_P2,2,2
sub-0102_P2,3,3
sub-0102_P2,4,4
sub-0102_P2,5,5
sub-0102_P2,6,6
sub-0102_P2,7,7
sub-0102_P2,8,8
sub-0102_P2,9,9
sub-0102_P2,10,10
sub-0102_P2,11,11
sub-0102_P2,12,12
sub-0102_P2,13,13
sub-0102_P2,14,230
sub-0102_P2,15,15
sub-0102_P2,16,16
sub-0102_P2,17,17
sub-0102_P2,18,18
sub-0102_P2,19,19
sub-0102_P2,20,20
sub-0102_P2,21,21
sub-0102_P2,22,22
sub-0102_P2,23,23
sub-0102_P2,24,24
sub-0102_P2,25,25
sub-0102_P2,26,26
sub-0102_P2,27,27
sub-0102_P2,28,28
sub-0102_P2,29,29
sub-0102_P2,30,30
sub-0102_P2,31,31
sub-0102_P2,32,32
sub-0102_P2,33,33
sub-0102_P2,34,34
sub-0102_P2,35,35
sub-0102_P2,36,36
sub-0102_P2,37,37
sub-0102_P2,38,14
sub-0102_P2,39,39
sub-0102_P2,40,40
sub-0102_P2,41,41
sub-0102_P2,42,42
sub-0102_P2,43,43
sub-0102_P2,44,44
sub-0102_P2,45,45
sub-0102_P2,46,46
sub-0102_P2,47,47
sub-0102_P2,48,48
sub-0102_P2,49,49
sub-0102_P2,50,50
sub-0102_P2,51,51
sub-0102_P2,52,52
sub-0102_P2,53,53
sub-0102_P2,54,54
sub-0102_P2,55,203
sub-0102_P2,56,56
sub-0102_P2,57,57
sub-0102_P2,58,58
sub-0102_P2,59,59
sub-0102_P2,60,60
sub-0102_P2,61,61
sub-0102_P2,62,62
sub-0102_P2,63,210
sub-0102_P2,64,64
sub-0102_P2,65,65
sub-0102_P2,66,66
sub-0102_P2,67,67
sub-0102_P2,68,68
sub-0102_P2,69,69
sub-0102_P2,70,70
sub-0102_P2,71,71
sub-0102_P2,72,72
sub-0102_P2,73,73
sub-0102_P2,74,74
sub-0102_P2,75,75
sub-0102_P2,76,76
sub-0102_P2,77,77
sub-0102_P2,78,78
sub-0102_P2,79,79
sub-0102_P2,80,80
sub-0102_P2,81,81
sub-0102_P2,82,82
sub-0102_P2,83,83
sub-0102_P2,84,84
sub-0102_P2,85,85
sub-0102_P2,86,86
sub-0102_P2,87,87
sub-0102_P2,88,88
sub-0102_P2,89,89
sub-0102_P2,90,90
sub-0102_P2,91,91
sub-0102_P2,92,143
sub-0102_P2,93,93
sub-0102_P2,94,94
sub-0102_P2,95,95
sub-0102_P2,96,96
sub-0102_P2,97,97
sub-0102_P2,98,98
sub-0102_P2,99,99
sub-0102_P2,100,100
sub-0102_P2,101,101
sub-0102_P2,102,102
sub-0102_P2,103,103
sub-0102_P2,104,104
sub-0102_P2,105,105
sub-0102_P2,106,106
sub-0102_P2,107,107
sub-0102_P2,108,108
sub-0102_P2,109,109
sub-0102_P2,110,110
sub-0102_P2,111,111
sub-0102_P2,112,112
sub-0102_P2,113,113
sub-0102_P2,114,114
sub-0102_P2,115,115
sub-0102_P2,116,116
sub-0102_P2,117,117
sub-0102_P2,118,118
sub-0102_P2,119,119
sub-0102_P2,120,120
sub-0102_P2,121,121
sub-0102_P2,122,122
sub-0102_P2,123,123
sub-0102_P2,124,124
sub-0102_P2,125,125
sub-0102_P2,126,126
sub-0102_P2,127,127
sub-0102_P2,128,128
sub-0102_P2,129,129
sub-0102_P2,130,130
sub-0102_P2,131,131
sub-0102_P2,132,132
sub-0102_P2,133,133
sub-0102_P2,134,134
sub-0102_P2,135,135
sub-0102_P2,136,136
sub-0102_P2,137,137
sub-0102_P2,138,138
sub-0102_P2,139,139
sub-0102_P2,140,140
sub-0102_P2,141,141
sub-0102_P2,142,142
sub-0102_P2,143,143
sub-0102_P2,144,144
sub-0102_P2,145,145
sub-0102_P2,146,146
sub-0102_P2,147,147
sub-0102_P2,148,148
sub-0102_P2,149,149
sub-0102_P2,150,150
sub-0102_P2,151,151
sub-0102_P2,152,152
sub-0102_P2,153,186
sub-0102_P2,154,154
sub-0102_P2,155,155
sub-0102_P2,156,156
sub-0102_P2,157,157
sub-0102_P2,158,158
sub-0102_P2,159,159
sub-0102_P2,160,160
sub-0102_P2,161,162
sub-0102_P2,162,162
sub-0102_P2,163,162
sub-0102_P2,164,164
sub-0102_P2,165,165
sub-0102_P2,166,166
sub-0102_P2,167,167
sub-0102_P2,168,168
sub-0102_P2,169,169
sub-0102_P2,170,170
sub-0102_P2,171,171
sub-0102_P2,172,172
sub-0102_P2,173,173
sub-0102_P2,174,174
sub-0102_P2,175,175
sub-0102_P2,176,176
sub-0102_P2,177,177
sub-0102_P2,178,178
sub-0102_P2,179,179
sub-0102_P2,180,180
sub-0102_P2,181,181
sub-0102_P2,182,182
sub-0102_P2,183,183
sub-0102_P2,184,184
sub-0102_P2,185,185
sub-0102_P2,186,229
sub-0102_P2,187,177
sub-0102_P2,188,188
sub-0102_P2,189,189
sub-0102_P2,190,190
sub-0102_P2,191,191
sub-0102_P2,192,192
sub-0102_P2,193,193
sub-0102_P2,194,194
sub-0102_P2,195,195
sub-0102_P2,196,196
sub-0102_P2,197,197
sub-0102_P2,198,168
sub-0102_P2,199,199
sub-0102_P2,200,50
sub-0102_P2,201,201
sub-0102_P2,202,227
sub-0102_P2,203,203
sub-0102_P2,204,204
sub-0102_P2,205,205
sub-0102_P2,206,207
sub-0102_P2,207,207
sub-0102_P2,208,227
sub-0102_P2,209,224
sub-0102_P2,210,226
sub-0102_P2,211,221
sub-0102_P2,212,212
sub-0102_P2,213,213
sub-0102_P2,214,214
sub-0102_P2,215,215
sub-0102_P2,216,216
sub-0102_P2,217,217
sub-0102_P2,218,218
sub-0102_P2,219,219
sub-0102_P2,220,220
sub-0102_P2,221,221
sub-0102_P2,222,222
sub-0102_P2,223,223
sub-0102_P2,224,225
sub-0102_P2,225,225
sub-0102_P2,226,140
sub-0102_P2,227,227
sub-0102_P2,228,228
sub-0102_P2,229,229
sub-0102_P2,230,230
sub-0102_P2,231,231
sub-0103_P2,0,0
sub-0103_P2,1,1
sub-0103_P2,2,2
sub-0103_P2,3,3
sub-0103_P2,4,4
sub-0103_P2,5,5
sub-0103_P2,6,6
sub-0103_P2,7,7
sub-0103_P2,8,8
sub-0103_P2,9,9
sub-0103_P2,10,10
sub-0103_P2,11,11
sub-0103_P2,12,12
sub-0103_P2,13,13
sub-0103_P2,14,14
sub-0103_P2,15,15
sub-0103_P2,16,16
sub-0103_P2,17,17
sub-0103_P2,18,18
sub-0103_P2,19,19
sub-0103_P2,20,20
sub-0103_P2,21,21
sub-0103_P2,22,22
sub-0103_P2,23,23
sub-0103_P2,24,24
sub-0103_P2,25,25
sub-0103_P2,26,26
sub-0103_P2,27,27
sub-0103_P2,28,28
sub-0103_P2,29,29
sub-0103_P2,30,30
sub-0103_P2,31,31
sub-0103_P2,32,32
sub-0103_P2,33,33
sub-0103_P2,34,34
sub-0103_P2,35,35
sub-0103_P2,36,36
sub-0103_P2,37,37
sub-0103_P2,38,38
sub-0103_P2,39,39
sub-0103_P2,40,40
sub-0103_P2,41,41
sub-0103_P2,42,42
sub-0103_P2,43,43
sub-0103_P2,44,44
sub-0103_P2,45,45
sub-0103_P2,46,46
sub-0103_P2,47,90
sub-0103_P2,48,48
sub-0103_P2,49,49
sub-0103_P2,50,50
sub-0103_P2,51,51
sub-0103_P2,52,52
sub-0103_P2,53,99
sub-0103_P2,54,54
sub-0103_P2,55,55
sub-0103_P2,56,56
sub-0103_P2,57,57
sub-0103_P2,58,58
sub-0103_P2,59,59
sub-0103_P2,60,60
sub-0103_P2,61,61
sub-0103_P2,62,62
sub-0103_P2,63,168
sub-0103_P2,64,64
sub-0103_P2,65,65
sub-0103_P2,66,66
sub-0103_P2,67,67
sub-0103_P2,68,68
sub-0103_P2,69,69
sub-0103_P2,70,70
sub-0103_P2,71,71
sub-0103_P2,72,72
sub-0103_P2,73,73
sub-0103_P2,74,74
sub-0103_P2,75,75
sub-0103_P2,76,76
sub-0103_P2,77,77
sub-0103_P2,78,78
sub-0103_P2,79,79
sub-0103_P2,80,80
sub-0103_P2,81,81
sub-0103_P2,82,82
sub-0103_P2,83,83
sub-0103_P2,84,84
sub-0103_P2,85,85
sub-0103_P2,86,98
sub-0103_P2,87,186
sub-0103_P2,88,88
sub-0103_P2,89,89
sub-0103_P2,90,90
sub-0103_P2,91,91
sub-0103_P2,92,92
sub-0103_P2,93,93
sub-0103_P2,94,94
sub-0103_P2,95,95
sub-0103_P2,96,96
sub-0103_P2,97,97
sub-0103_P2,98,98
sub-0103_P2,99,99
sub-0103_P2,100,100
sub-0103_P2,101,101
sub-0103_P2,102,102
sub-0103_P2,103,224
sub-0103_P2,104,104
sub-0103_P2,105,105
sub-0103_P2,106,106
sub-0103_P2,107,107
sub-0103_P2,108,108
sub-0103_P2,109,109
sub-0103_P2,110,110
sub-0103_P2,111,111
sub-0103_P2,112,112
sub-0103_P2,113,113
sub-0103_P2,114,114
sub-0103_P2,115,115
sub-0103_P2,116,116
sub-0103_P2,117,117
sub-0103_P2,118,118
sub-0103_P2,119,119
sub-0103_P2,120,120
sub-0103_P2,121,121
sub-0103_P2,122,122
sub-0103_P2,123,123
sub-0103_P2,124,124
sub-0103_P2,125,125
sub-0103_P2,126,126
sub-0103_P2,127,127
sub-0103_P2,128,128
sub-0103_P2,129,129
sub-0103_P2,130,130
sub-0103_P2,131,131
sub-0103_P2,132,132
sub-0103_P2,133,133
sub-0103_P2,134,134
sub-0103_P2,135,135
sub-0103_P2,136,136
sub-0103_P2,137,137
sub-0103_P2,138,138
sub-0103_P2,139,139
sub-0103_P2,140,140
sub-0103_P2,141,141
sub-0103_P2,142,143
sub-0103_P2,143,143
sub-0103_P2,144,143
sub-0103_P2,145,145
sub-0103_P2,146,146
sub-0103_P2,147,147
sub-0103_P2,148,148
sub-0103_P2,149,149
sub-0103_P2,150,150
sub-0103_P2,151,151
sub-0103_P2,152,152
sub-0103_P2,153,153
sub-0103_P2,154,154
sub-0103_P2,155,155
sub-0103_P2,156,156
sub-0103_P2,157,157
sub-0103_P2,158,158
sub-0103_P2,159,159
sub-0103_P2,160,160
sub-0103_P2,161,161
sub-0103_P2,162,162
sub-0103_P2,163,163
sub-0103_P2,164,164
sub-0103_P2,165,165
sub-0103_P2,166,166
sub-0103_P2,167,167
sub-0103_P2,168,168
sub-0103_P2,169,169
sub-0103_P2,170,170
sub-0103_P2,171,171
sub-0103_P2,172,172
sub-0103_P2,173,173
sub-0103_P2,174,174
sub-0103_P2,175,174
sub-0103_P2,176,176
sub-0103_P2,177,55
sub-0103_P2,178,178
sub-0103_P2,179,179
sub-0103_P2,180,180
sub-0103_P2,181,181
sub-0103_P2,182,182
sub-0103_P2,183,183
sub-0103_P2,184,184
sub-0103_P2,185,185
sub-0103_P2,186,186
sub-0103_P2,187,187
sub-0103_P2,188,188
sub-0103_P2,189,189
sub-0103_P2,190,190
sub-0103_P2,191,191
sub-0103_P2,192,192
sub-0103_P2,193,193
sub-0103_P2,194,194
sub-0103_P2,195,195
sub-0103_P2,196,196
sub-0103_P2,197,197
sub-0103_P2,198,198
sub-0103_P2,199,199
sub-0103_P2,200,200
sub-0103_P2,201,201
sub-0103_P2,202,218
sub-0103_P2,203,203
sub-0103_P2,204,204
sub-0103_P2,205,205
sub-0103_P2,206,206
sub-0103_P2,207,207
sub-0103_P2,208,208
sub-0103_P2,209,228
sub-0103_P2,210,226
sub-0103_P2,211,211
sub-0103_P2,212,212
sub-0103_P2,213,213
sub-0103_P2,214,214
sub-0103_P2,215,215
sub-0103_P2,216,216
sub-0103_P2,217,226
sub-0103_P2,218,218
sub-0103_P2,219,162
sub-0103_P2,220,220
sub-0103_P2,221,221
sub-0103_P2,222,222
sub-0103_P2,223,223
sub-0103_P2,224,224
sub-0103_P2,225,225
sub-0103_P2,226,226
sub-0103_P2,227,210
sub-0103_P2,228,228
sub-0103_P2,229,229
sub-0103_P2,230,224
sub-0103_P2,231,231
sub-0104_P2,0,0
sub-0104_P2,1,1
sub-0104_P2,2,2
sub-0104_P2,3,3
sub-0104_P2,4,4
sub-0104_P2,5,5
sub-0104_P2,6,6
sub-0104_P2,7,7
sub-0104_P2,8,8
sub-0104_P2,9,9
sub-0104_P2,10,10
sub-0104_P2,11,11
sub-0104_P2,12,12
sub-0104_P2,13,13
sub-0104_P2,14,14
sub-0104_P2,15,15
sub-0104_P2,16,13
sub-0104_P2,17,224
sub-0104_P2,18,18
sub-0104_P2,19,19
sub-0104_P2,20,20
sub-0104_P2,21,21
sub-0104_P2,22,22
sub-0104_P2,23,23
sub-0104_P2,24,24
sub-0104_P2,25,25
sub-0104_P2,26,26
sub-0104_P2,27,27
sub-0104_P2,28,28
sub-0104_P2,29,29
sub-0104_P2,30,30
sub-0104_P2,31,57
sub-0104_P2,32,72
sub-0104_P2,33,33
sub-0104_P2,34,34
sub-0104_P2,35,35
sub-0104_P2,36,38
sub-0104_P2,37,37
sub-0104_P2,38,38
sub-0104_P2,39,39
sub-0104_P2,40,40
sub-0104_P2,41,41
sub-0104_P2,42,42
sub-0104_P2,43,43
sub-0104_P2,44,44
sub-0104_P2,45,45
sub-0104_P2,46,46
sub-0104_P2,47,47
sub-0104_P2,48,48
sub-0104_P2,49,49
sub-0104_P2,50,50
sub-0104_P2,51,51
sub-0104_P2,52,52
sub-0104_P2,53,53
sub-0104_P2,54,54
sub-0104_P2,55,55
sub-0104_P2,56,153
sub-0104_P2,57,57
sub-0104_P2,58,58
sub-0104_P2,59,59
sub-0104_P2,60,60
sub-0104_P2,61,61
sub-0104_P2,62,62
sub-0104_P2,63,63
sub-0104_P2,64,64
sub-0104_P2,65,65
sub-0104_P2,66,66
sub-0104_P2,67,67
sub-0104_P2,68,68
sub-0104_P2,69,64
sub-0104_P2,70,70
sub-0104_P2,71,71
sub-0104_P2,72,72
sub-0104_P2,73,73
sub-0104_P2,74,74
sub-0104_P2,75,75
sub-0104_P2,76,76
sub-0104_P2,77,77
sub-0104_P2,78,78
sub-0104_P2,79,79
sub-0104_P2,80,80
sub-0104_P2,81,81
sub-0104_P2,82,82
sub-0104_P2,83,83
sub-0104_P2,84,84
sub-0104_P2,85,85
sub-0104_P2,86,86
sub-0104_P2,87,87
sub-0104_P2,88,88
sub-0104_P2,89,89
sub-0104_P2,90,90
sub-0104_P2,91,91
sub-0104_P2,92,161
sub-0104_P2,93,93
sub-0104_P2,94,94
sub-0104_P2,95,95
sub-0104_P2,96,96
sub-0104_P2,97,97
sub-0104_P2,98,98
sub-0104_P2,99,84
sub-0104_P2,100,100
sub-0104_P2,101,101
sub-0104_P2,102,102
sub-0104_P2,103,103
sub-0104_P2,104,104
sub-0104_P2,105,105
sub-0104_P2,106,106
sub-0104_P2,107,107
sub-0104_P2,108,108
sub-0104_P2,109,109
sub-0104_P2,110,110
sub-0104_P2,111,111
sub-0104_P2,112,112
sub-0104_P2,113,147
sub-0104_P2,114,114
sub-0104_P2,115,115
sub-0104_P2,116,116
sub-0104_P2,117,117
sub-0104_P2,118,118
sub-0104_P2,119,119
sub-0104_P2,120,120
sub-0104_P2,121,121
sub-0104_P2,122,122
sub-0104_P2,123,123
sub-0104_P2,124,124
sub-0104_P2,125,125
sub-0104_P2,126,126
sub-0104_P2,127,127
sub-0104_P2,128,128
sub-0104_P2,129,129
sub-0104_P2,130,130
sub-0104_P2,131,131
sub-0104_P2,132,132
sub-0104_P2,133,133
sub-0104_P2,134,134
sub-0104_P2,135,135
sub-0104_P2,136,136
sub-0104_P2,137,86
sub-0104_P2,138,138
sub-0104_P2,139,139
sub-0104_P2,140,140
sub-0104_P2,141,141
sub-0104_P2,142,142
sub-0104_P2,143,143
sub-0104_P2,144,142
sub-0104_P2,145,145
sub-0104_P2,146,146
sub-0104_P2,147,147
sub-0104_P2,148,148
sub-0104_P2,149,149
sub-0104_P2,150,150
sub-0104_P2,151,151
sub-0104_P2,152,152
sub-0104_P2,153,153
sub-0104_P2,154,154
sub-0104_P2,155,155
sub-0104_P2,156,156
sub-0104_P2,157,157
sub-0104_P2,158,158
sub-0104_P2,159,161
sub-0104_P2,160,160
sub-0104_P2,161,161
sub-0104_P2,162,162
sub-0104_P2,163,163
sub-0104_P2,164,164
sub-0104_P2,165,165
sub-0104_P2,166,166
sub-0104_P2,167,167
sub-0104_P2,168,168
sub-0104_P2,169,169
sub-0104_P2,170,170
sub-0104_P2,171,171
sub-0104_P2,172,172
sub-0104_P2,173,173
sub-0104_P2,174,174
sub-0104_P2,175,175
sub-0104_P2,176,176
sub-0104_P2,177,177
sub-0104_P2,178,178
sub-0104_P2,179,179
sub-0104_P2,180,180
sub-0104_P2,181,181
sub-0104_P2,182,182
sub-0104_P2,183,183
sub-0104_P2,184,184
sub-0104_P2,185,185
sub-0104_P2,186,186
sub-0104_P2,187,50
sub-0104_P2,188,188
sub-0104_P2,189,189
sub-0104_P2,190,190
sub-0104_P2,191,191
sub-0104_P2,192,192
sub-0104_P2,193,193
sub-0104_P2,194,194
sub-0104_P2,195,195
sub-0104_P2,196,196
sub-0104_P2,197,197
sub-0104_P2,198,198
sub-0104_P2,199,199
sub-0104_P2,200,200
sub-0104_P2,201,201
sub-0104_P2,202,202
sub-0104_P2,203,203
sub-0104_P2,204,204
sub-0104_P2,205,205
sub-0104_P2,206,206
sub-0104_P2,207,207
sub-0104_P2,208,208
sub-0104_P2,209,209
sub-0104_P2,210,218
sub-0104_P2,211,211
sub-0104_P2,212,212
sub-0104_P2,213,213
sub-0104_P2,214,214
sub-0104_P2,215,178
sub-0104_P2,216,216
sub-0104_P2,217,217
sub-0104_P2,218,218
sub-0104_P2,219,219
sub-0104_P2,220,220
sub-0104_P2,221,221
sub-0104_P2,222,222
sub-0104_P2,223,223
sub-0104_P2,224,201
sub-0104_P2,225,225
sub-0104_P2,226,210
sub-0104_P2,227,227
sub-0104_P2,228,228
sub-0104_P2,229,229
sub-0104_P2,230,230
sub-0104_P2,231,231
sub-0105_P2,0,0
sub-0105_P2,1,1
sub-0105_P2,2,2
sub-0105_P2,3,3
sub-0105_P2,4,4
sub-0105_P2,5,5
sub-0105_P2,6,6
sub-0105_P2,7,7
sub-0105_P2,8,8
sub-0105_P2,9,9
sub-0105_P2,10,10
sub-0105_P2,11,11
sub-0105_P2,12,17
sub-0105_P2,13,13
sub-0105_P2,14,14
sub-0105_P2,15,15
sub-0105_P2,16,16
sub-0105_P2,17,17
sub-0105_P2,18,18
sub-0105_P2,19,19
sub-0105_P2,20,20
sub-0105_P2,21,21
sub-0105_P2,22,22
sub-0105_P2,23,23
sub-0105_P2,24,24
sub-0105_P2,25,25
sub-0105_P2,26,26
sub-0105_P2,27,27
sub-0105_P2,28,132
sub-0105_P2,29,29
sub-0105_P2,30,30
sub-0105_P2,31,31
sub-0105_P2,32,32
sub-0105_P2,33,33
sub-0105_P2,34,34
sub-0105_P2,35,35
sub-0105_P2,36,211
sub-0105_P2,37,37
sub-0105_P2,38,38
sub-0105_P2,39,39
sub-0105_P2,40,40
sub-0105_P2,41,41
sub-0105_P2,42,42
sub-0105_P2,43,43
sub-0105_P2,44,44
sub-0105_P2,45,45
sub-0105_P2,46,46
sub-0105_P2,47,47
sub-0105_P2,48,48
sub-0105_P2,49,49
sub-0105_P2,50,50
sub-0105_P2,51,51
sub-0105_P2,52,52
sub-0105_P2,53,53
sub-0105_P2,54,162
sub-0105_P2,55,55
sub-0105_P2,56,56
sub-0105_P2,57,57
sub-0105_P2,58,58
sub-0105_P2,59,59
sub-0105_P2,60,60
sub-0105_P2,61,61
sub-0105_P2,62,62
sub-0105_P2,63,63
sub-0105_P2,64,64
sub-0105_P2,65,65
sub-0105_P2,66,66
sub-0105_P2,67,67
sub-0105_P2,68,68
sub-0105_P2,69,69
sub-0105_P2,70,70
sub-0105_P2,71,71
sub-0105_P2,72,72
sub-0105_P2,73,73
sub-0105_P2,74,74
sub-0105_P2,75,75
sub-0105_P2,76,76
sub-0105_P2,77,77
sub-0105_P2,78,78
sub-0105_P2,79,79
sub-0105_P2,80,80
sub-0105_P2,81,81
sub-0105_P2,82,82
sub-0105_P2,83,83
sub-0105_P2,84,84
sub-0105_P2,85,85
sub-0105_P2,86,86
sub-0105_P2,87,87
sub-0105_P2,88,88
sub-0105_P2,89,89
sub-0105_P2,90,90
sub-0105_P2,91,91
sub-0105_P2,92,92
sub-0105_P2,93,93
sub-0105_P2,94,94
sub-0105_P2,95,95
sub-0105_P2,96,96
sub-0105_P2,97,200
sub-0105_P2,98,98
sub-0105_P2,99,99
sub-0105_P2,100,100
sub-0105_P2,101,101
sub-0105_P2,102,102
sub-0105_P2,103,224
sub-0105_P2,104,104
sub-0105_P2,105,105
sub-0105_P2,106,106
sub-0105_P2,107,107
sub-0105_P2,108,108
sub-0105_P2,109,109
sub-0105_P2,110,110
sub-0105_P2,111,111
sub-0105_P2,112,112
sub-0105_P2,113,113
sub-0105_P2,114,114
sub-0105_P2,115,115
sub-0105_P2,116,119
sub-0105_P2,117,117
sub-0105_P2,118,118
sub-0105_P2,119,119
sub-0105_P2,120,120
sub-0105_P2,121,121
sub-0105_P2,122,139
sub-0105_P2,123,123
sub-0105_P2,124,124
sub-0105_P2,125,125
sub-0105_P2,126,24
sub-0105_P2,127,127
sub-0105_P2,128,128
sub-0105_P2,129,129
sub-0105_P2,130,130
sub-0105_P2,131,131
sub-0105_P2,132,132
sub-0105_P2,133,133
sub-0105_P2,134,134
sub-0105_P2,135,135
sub-0105_P2,136,136
sub-0105_P2,137,137
sub-0105_P2,138,138
sub-0105_P2,139,139
sub-0105_P2,140,140
sub-0105_P2,141,141
sub-0105_P2,142,142
sub-0105_P2,143,143
sub-0105_P2,144,144
sub-0105_P2,145,145
sub-0105_P2,146,146
sub-0105_P2,147,147
sub-0105_P2,148,148
sub-0105_P2,149,149
sub-0105_P2,150,150
sub-0105_P2,151,151
sub-0105_P2,152,152
sub-0105_P2,153,153
sub-0105_P2,154,154
sub-0105_P2,155,155
sub-0105_P2,156,156
sub-0105_P2,157,157
sub-0105_P2,158,158
sub-0105_P2,159,51
sub-0105_P2,160,160
sub-0105_P2,161,162
sub-0105_P2,162,162
sub-0105_P2,163,163
sub-0105_P2,164,164
sub-0105_P2,165,165
sub-0105_P2,166,166
sub-0105_P2,167,167
sub-0105_P2,168,168
sub-0105_P2,169,169
sub-0105_P2,170,170
sub-0105_P2,171,171
sub-0105_P2,172,172
sub-0105_P2,173,173
sub-0105_P2,174,174
sub-0105_P2,175,175
sub-0105_P2,176,176
sub-0105_P2,177,153
sub-0105_P2,178,178
sub-0105_P2,179,179
sub-0105_P2,180,180
sub-0105_P2,181,181
sub-0105_P2,182,182
sub-0105_P2,183,183
sub-0105_P2,184,184
sub-0105_P2,185,185
sub-0105_P2,186,186
sub-0105_P2,187,187
sub-0105_P2,188,188
sub-0105_P2,189,189
sub-0105_P2,190,190
sub-0105_P2,191,191
sub-0105_P2,192,192
sub-0105_P2,193,193
sub-0105_P2,194,194
sub-0105_P2,195,195
sub-0105_P2,196,196
sub-0105_P2,197,197
sub-0105_P2,198,198
sub-0105_P2,199,199
sub-0105_P2,200,200
sub-0105_P2,201,201
sub-0105_P2,202,202
sub-0105_P2,203,203
sub-0105_P2,204,204
sub-0105_P2,205,205
sub-0105_P2,206,143
sub-0105_P2,207,207
sub-0105_P2,208,208
sub-0105_P2,209,209
sub-0105_P2,210,210
sub-0105_P2,211,211
sub-0105_P2,212,212
sub-0105_P2,213,213
sub-0105_P2,214,153
sub-0105_P2,215,215
sub-0105_P2,216,216
sub-0105_P2,217,203
sub-0105_P2,218,203
sub-0105_P2,219,219
sub-0105_P2,220,220
sub-0105_P2,221,221
sub-0105_P2,222,55
sub-0105_P2,223,223
sub-0105_P2,224,224
sub-0105_P2,225,209
sub-0105_P2,226,226
sub-0105_P2,227,227
sub-0105_P2,228,228
sub-0105_P2,229,229
sub-0105_P2,230,230
sub-0105_P2,231,231
sub-0106_P2,0,0
sub-0106_P2,1,1
sub-0106_P2,2,2
sub-0106_P2,3,3
sub-0106_P2,4,4
sub-0106_P2,5,5
sub-0106_P2,6,6
sub-0106_P2,7,7
sub-0106_P2,8,8
sub-0106_P2,9,9
sub-0106_P2,10,10
sub-0106_P2,11,11
sub-0106_P2,12,12
sub-0106_P2,13,13
sub-0106_P2,14,14
sub-0106_P2,15,15
sub-0106_P2,16,16
sub-0106_P2,17,17
sub-0106_P2,18,18
sub-0106_P2,19,19
sub-0106_P2,20,20
sub-0106_P2,21,21
sub-0106_P2,22,22
sub-0106_P2,23,23
sub-0106_P2,24,24
sub-0106_P2,25,25
sub-0106_P2,26,26
sub-0106_P2,27,205
sub-0106_P2,28,28
sub-0106_P2,29,29
sub-0106_P2,30,30
sub-0106_P2,31,31
sub-0106_P2,32,32
sub-0106_P2,33,33
sub-0106_P2,34,34
sub-0106_P2,35,35
sub-0106_P2,36,36
sub-0106_P2,37,37
sub-0106_P2,38,60
sub-0106_P2,39,39
sub-0106_P2,40,40
sub-0106_P2,41,41
sub-0106_P2,42,42
sub-0106_P2,43,43
sub-0106_P2,44,44
sub-0106_P2,45,45
sub-0106_P2,46,46
sub-0106_P2,47,47
sub-0106_P2,48,48
sub-0106_P2,49,49
sub-0106_P2,50,50
sub-0106_P2,51,51
sub-0106_P2,52,52
sub-0106_P2,53,53
sub-0106_P2,54,54
sub-0106_P2,55,55
sub-0106_P2,56,56
sub-0106_P2,57,57
sub-0106_P2,58,56
sub-0106_P2,59,59
sub-0106_P2,60,60
sub-0106_P2,61,61
sub-0106_P2,62,62
sub-0106_P2,63,63
sub-0106_P2,64,64
sub-0106_P2,65,65
sub-0106_P2,66,66
sub-0106_P2,67,67
sub-0106_P2,68,68
sub-0106_P2,69,69
sub-0106_P2,70,70
sub-0106_P2,71,71
sub-0106_P2,72,72
sub-0106_P2,73,73
sub-0106_P2,74,74
sub-0106_P2,75,75
sub-0106_P2,76,76
sub-0106_P2,77,77
sub-0106_P2,78,78
sub-0106_P2,79,79
sub-0106_P2,80,80
sub-0106_P2,81,81
sub-0106_P2,82,82
sub-0106_P2,83,83
sub-0106_P2,84,84
sub-0106_P2,85,85
sub-0106_P2,86,86
sub-0106_P2,87,87
sub-0106_P2,88,88
sub-0106_P2,89,89
sub-0106_P2,90,90
sub-0106_P2,91,91
sub-0106_P2,92,92
sub-0106_P2,93,93
sub-0106_P2,94,94
sub-0106_P2,95,166
sub-0106_P2,96,96
sub-0106_P2,97,97
sub-0106_P2,98,98
sub-0106_P2,99,99
sub-0106_P2,100,100
sub-0106_P2,101,205
sub-0106_P2,102,102
sub-0106_P2,103,205
sub-0106_P2,104,104
sub-0106_P2,105,105
sub-0106_P2,106,106
sub-0106_P2,107,107
sub-0106_P2,108,108
sub-0106_P2,109,109
sub-0106_P2,110,110
sub-0106_P2,111,111
sub-0106_P2,112,112
sub-0106_P2,113,113
sub-0106_P2,114,114
sub-0106_P2,115,115
sub-0106_P2,116,116
sub-0106_P2,117,117
sub-0106_P2,118,118
sub-0106_P2,119,119
sub-0106_P2,120,120
sub-0106_P2,121,121
sub-0106_P2,122,122
sub-0106_P2,123,123
sub-0106_P2,124,124
sub-0106_P2,125,125
sub-0106_P2,126,126
sub-0106_P2,127,127
sub-0106_P2,128,128
sub-0106_P2,129,129
sub-0106_P2,130,130
sub-0106_P2,131,131
sub-0106_P2,132,132
sub-0106_P2,133,133
sub-0106_P2,134,134
sub-0106_P2,135,135
sub-0106_P2,136,136
sub-0106_P2,137,137
sub-0106_P2,138,138
sub-0106_P2,139,139
sub-0106_P2,140,137
sub-0106_P2,141,141
sub-0106_P2,142,55
sub-0106_P2,143,143
sub-0106_P2,144,144
sub-0106_P2,145,145
sub-0106_P2,146,146
sub-0106_P2,147,147
sub-0106_P2,148,148
sub-0106_P2,149,149
sub-0106_P2,150,150
sub-0106_P2,151,151
sub-0106_P2,152,152
sub-0106_P2,153,153
sub-0106_P2,154,154
sub-0106_P2,155,155
sub-0106_P2,156,156
sub-0106_P2,157,157
sub-0106_P2,158,158
sub-0106_P2,159,159
sub-0106_P2,160,160
sub-0106_P2,161,161
sub-0106_P2,162,162
sub-0106_P2,163,163
sub-0106_P2,164,164
sub-0106_P2,165,165
sub-0106_P2,166,166
sub-0106_P2,167,55
sub-0106_P2,168,168
sub-0106_P2,169,169
sub-0106_P2,170,170
sub-0106_P2,171,171
sub-0106_P2,172,172
sub-0106_P2,173,173
sub-0106_P2,174,174
sub-0106_P2,175,175
sub-0106_P2,176,176
sub-0106_P2,177,177
sub-0106_P2,178,178
sub-0106_P2,179,179
sub-0106_P2,180,180
sub-0106_P2,181,181
sub-0106_P2,182,182
sub-0106_P2,183,183
sub-0106_P2,184,166
sub-0106_P2,185,185
sub-0106_P2,186,186
sub-0106_P2,187,187
sub-0106_P2,188,188
sub-0106_P2,189,189
sub-0106_P2,190,190
sub-0106_P2,191,191
sub-0106_P2,192,192
sub-0106_P2,193,193
sub-0106_P2,194,194
sub-0106_P2,195,195
sub-0106_P2,196,196
sub-0106_P2,197,197
sub-0106_P2,198,198
sub-0106_P2,199,199
sub-0106_P2,200,200
sub-0106_P2,201,201
sub-0106_P2,202,218
sub-0106_P2,203,203
sub-0106_P2,204,204
sub-0106_P2,205,205
sub-0106_P2,206,206
sub-0106_P2,207,207
sub-0106_P2,208,208
sub-0106_P2,209,209
sub-0106_P2,210,210
sub-0106_P2,211,211
sub-0106_P2,212,212
sub-0106_P2,213,213
sub-0106_P2,214,214
sub-0106_P2,215,215
sub-0106_P2,216,216
sub-0106_P2,217,217
sub-0106_P2,218,218
sub-0106_P2,219,160
sub-0106_P2,220,220
sub-0106_P2,221,221
sub-0106_P2,222,207
sub-0106_P2,223,223
sub-0106_P2,224,224
sub-0106_P2,225,208
sub-0106_P2,226,226
sub-0106_P2,227,227
sub-0106_P2,228,228
sub-0106_P2,229,229
sub-0106_P2,230,230
sub-0106_P2,231,228
sub-0107_P2,0,0
sub-0107_P2,1,1
sub-0107_P2,2,2
sub-0107_P2,3,3
sub-0107_P2,4,4
sub-0107_P2,5,5
sub-0107_P2,6,8
sub-0107_P2,7,7
sub-0107_P2,8,8
sub-0107_P2,9,9
sub-0107_P2,10,10
sub-0107_P2,11,11
sub-0107_P2,12,12
sub-0107_P2,13,13
sub-0107_P2,14,14
sub-0107_P2,15,15
sub-0107_P2,16,16
sub-0107_P2,17,17
sub-0107_P2,18,18
sub-0107_P2,19,19
sub-0107_P2,20,20
sub-0107_P2,21,21
sub-0107_P2,22,22
sub-0107_P2,23,23
sub-0107_P2,24,21
sub-0107_P2,25,25
sub-0107_P2,26,26
sub-0107_P2,27,27
sub-0107_P2,28,28
sub-0107_P2,29,29
sub-0107_P2,30,30
sub-0107_P2,31,31
sub-0107_P2,32,32
sub-0107_P2,33,33
sub-0107_P2,34,34
sub-0107_P2,35,35
sub-0107_P2,36,36
sub-0107_P2,37,37
sub-0107_P2,38,38
sub-0107_P2,39,39
sub-0107_P2,40,40
sub-0107_P2,41,41
sub-0107_P2,42,42
sub-0107_P2,43,43
sub-0107_P2,44,44
sub-0107_P2,45,45
sub-0107_P2,46,46
sub-0107_P2,47,47
sub-0107_P2,48,48
sub-0107_P2,49,49
sub-0107_P2,50,219
sub-0107_P2,51,51
sub-0107_P2,52,52
sub-0107_P2,53,162
sub-0107_P2,54,54
sub-0107_P2,55,55
sub-0107_P2,56,56
sub-0107_P2,57,57
sub-0107_P2,58,58
sub-0107_P2,59,59
sub-0107_P2,60,60
sub-0107_P2,61,61
sub-0107_P2,62,62
sub-0107_P2,63,63
sub-0107_P2,64,64
sub-0107_P2,65,65
sub-0107_P2,66,66
sub-0107_P2,67,67
sub-0107_P2,68,68
sub-0107_P2,69,69
sub-0107_P2,70,70
sub-0107_P2,71,71
sub-0107_P2,72,72
sub-0107_P2,73,73
sub-0107_P2,74,74
sub-0107_P2,75,75
sub-0107_P2,76,76
sub-0107_P2,77,77
sub-0107_P2,78,78
sub-0107_P2,79,79
sub-0107_P2,80,80
sub-0107_P2,81,201
sub-0107_P2,82,8
sub-0107_P2,83,83
sub-0107_P2,84,197
sub-0107_P2,85,68
sub-0107_P2,86,86
sub-0107_P2,87,87
sub-0107_P2,88,80
sub-0107_P2,89,89
sub-0107_P2,90,90
sub-0107_P2,91,91
sub-0107_P2,92,92
sub-0107_P2,93,93
sub-0107_P2,94,94
sub-0107_P2,95,95
sub-0107_P2,96,96
sub-0107_P2,97,97
sub-0107_P2,98,98
sub-0107_P2,99,99
sub-0107_P2,100,100
sub-0107_P2,101,101
sub-0107_P2,102,102
sub-0107_P2,103,103
sub-0107_P2,104,104
sub-0107_P2,105,105
sub-0107_P2,106,106
sub-0107_P2,107,107
sub-0107_P2,108,108
sub-0107_P2,109,109
sub-0107_P2,110,110
sub-0107_P2,111,111
sub-0107_P2,112,112
sub-0107_P2,113,113
sub-0107_P2,114,114
sub-0107_P2,115,115
sub-0107_P2,116,116
sub-0107_P2,117,117
sub-0107_P2,118,118
sub-0107_P2,119,119
sub-0107_P2,120,119
sub-0107_P2,121,205
sub-0107_P2,122,122
sub-0107_P2,123,123
sub-0107_P2,124,124
sub-0107_P2,125,23
sub-0107_P2,126,126
sub-0107_P2,127,127
sub-0107_P2,128,128
sub-0107_P2,129,129
sub-0107_P2,130,130
sub-0107_P2,131,131
sub-0107_P2,132,132
sub-0107_P2,133,133
sub-0107_P2,134,134
sub-0107_P2,135,135
sub-0107_P2,136,136
sub-0107_P2,137,137
sub-0107_P2,138,138
sub-0107_P2,139,135
sub-0107_P2,140,140
sub-0107_P2,141,141
sub-0107_P2,142,142
sub-0107_P2,143,143
sub-0107_P2,144,144
sub-0107_P2,145,145
sub-0107_P2,146,146
sub-0107_P2,147,147
sub-0107_P2,148,148
sub-0107_P2,149,149
sub-0107_P2,150,150
sub-0107_P2,151,151
sub-0107_P2,152,152
sub-0107_P2,153,153
sub-0107_P2,154,154
sub-0107_P2,155,155
sub-0107_P2,156,156
sub-0107_P2,157,157
sub-0107_P2,158,158
sub-0107_P2,159,159
sub-0107_P2,160,160
sub-0107_P2,161,161
sub-0107_P2,162,163
sub-0107_P2,163,163
sub-0107_P2,164,164
sub-0107_P2,165,165
sub-0107_P2,166,166
sub-0107_P2,167,167
sub-0107_P2,168,168
sub-0107_P2,169,169
sub-0107_P2,170,170
sub-0107_P2,171,171
sub-0107_P2,172,172
sub-0107_P2,173,173
sub-0107_P2,174,174
sub-0107_P2,175,175
sub-0107_P2,176,166
sub-0107_P2,177,177
sub-0107_P2,178,178
sub-0107_P2,179,179
sub-0107_P2,180,180
sub-0107_P2,181,181
sub-0107_P2,182,182
sub-0107_P2,183,183
sub-0107_P2,184,184
sub-0107_P2,185,185
sub-0107_P2,186,186
sub-0107_P2,187,86
sub-0107_P2,188,188
sub-0107_P2,189,189
sub-0107_P2,190,190
sub-0107_P2,191,191
sub-0107_P2,192,192
sub-0107_P2,193,193
sub-0107_P2,194,194
sub-0107_P2,195,195
sub-0107_P2,196,196
sub-0107_P2,197,197
sub-0107_P2,198,198
sub-0107_P2,199,199
sub-0107_P2,200,200
sub-0107_P2,201,201
sub-0107_P2,202,162
sub-0107_P2,203,203
sub-0107_P2,204,204
sub-0107_P2,205,205
sub-0107_P2,206,223
sub-0107_P2,207,207
sub-0107_P2,208,208
sub-0107_P2,209,209
sub-0107_P2,210,210
sub-0107_P2,211,227
sub-0107_P2,212,212
sub-0107_P2,213,213
sub-0107_P2,214,230
sub-0107_P2,215,215
sub-0107_P2,216,216
sub-0107_P2,217,220
sub-0107_P2,218,202
sub-0107_P2,219,219
sub-0107_P2,220,220
sub-0107_P2,221,221
sub-0107_P2,222,222
sub-0107_P2,223,223
sub-0107_P2,224,224
sub-0107_P2,225,225
sub-0107_P2,226,226
sub-0107_P2,227,227
sub-0107_P2,228,228
sub-0107_P2,229,229
sub-0107_P2,230,230
sub-0107_P2,231,231
sub-0108_P2,0,0
sub-0108_P2,1,1
sub-0108_P2,2,2
sub-0108_P2,3,3
sub-0108_P2,4,4
sub-0108_P2,5,5
sub-0108_P2,6,6
sub-0108_P2,7,7
sub-0108_P2,8,8
sub-0108_P2,9,9
sub-0108_P2,10,10
sub-0108_P2,11,11
sub-0108_P2,12,12
sub-0108_P2,13,13
sub-0108_P2,14,14
sub-0108_P2,15,15
sub-0108_P2,16,16
sub-0108_P2,17,17
sub-0108_P2,18,18
sub-0108_P2,19,19
sub-0108_P2,20,20
sub-0108_P2,21,21
sub-0108_P2,22,126
sub-0108_P2,23,23
sub-0108_P2,24,24
sub-0108_P2,25,25
sub-0108_P2,26,26
sub-0108_P2,27,27
sub-0108_P2,28,28
sub-0108_P2,29,29
sub-0108_P2,30,30
sub-0108_P2,31,31
sub-0108_P2,32,32
sub-0108_P2,33,33
sub-0108_P2,34,34
sub-0108_P2,35,35
sub-0108_P2,36,36
sub-0108_P2,37,37
sub-0108_P2,38,116
sub-0108_P2,39,145
sub-0108_P2,40,169
sub-0108_P2,41,41
sub-0108_P2,42,42
sub-0108_P2,43,43
sub-0108_P2,44,44
sub-0108_P2,45,45
sub-0108_P2,46,46
sub-0108_P2,47,47
sub-0108_P2,48,48
sub-0108_P2,49,49
sub-0108_P2,50,50
sub-0108_P2,51,51
sub-0108_P2,52,52
sub-0108_P2,53,53
sub-0108_P2,54,162
sub-0108_P2,55,55
sub-0108_P2,56,56
sub-0108_P2,57,57
sub-0108_P2,58,58
sub-0108_P2,59,59
sub-0108_P2,60,60
sub-0108_P2,61,61
sub-0108_P2,62,62
sub-0108_P2,63,63
sub-0108_P2,64,64
sub-0108_P2,65,65
sub-0108_P2,66,66
sub-0108_P2,67,67
sub-0108_P2,68,68
sub-0108_P2,69,24
sub-0108_P2,70,70
sub-0108_P2,71,71
sub-0108_P2,72,72
sub-0108_P2,73,73
sub-0108_P2,74,74
sub-0108_P2,75,75
sub-0108_P2,76,76
sub-0108_P2,77,77
sub-0108_P2,78,78
sub-0108_P2,79,79
sub-0108_P2,80,80
sub-0108_P2,81,81
sub-0108_P2,82,82
sub-0108_P2,83,83
sub-0108_P2,84,84
sub-0108_P2,85,85
sub-0108_P2,86,86
sub-0108_P2,87,87
sub-0108_P2,88,88
sub-0108_P2,89,89
sub-0108_P2,90,90
sub-0108_P2,91,224
sub-0108_P2,92,92
sub-0108_P2,93,93
sub-0108_P2,94,94
sub-0108_P2,95,95
sub-0108_P2,96,96
sub-0108_P2,97,97
sub-0108_P2,98,98
sub-0108_P2,99,99
sub-0108_P2,100,100
sub-0108_P2,101,101
sub-0108_P2,102,102
sub-0108_P2,103,103
sub-0108_P2,104,104
sub-0108_P2,105,105
sub-0108_P2,106,106
sub-0108_P2,107,107
sub-0108_P2,108,108
sub-0108_P2,109,109
sub-0108_P2,110,110
sub-0108_P2,111,111
sub-0108_P2,112,112
sub-0108_P2,113,113
sub-0108_P2,114,114
sub-0108_P2,115,115
sub-0108_P2,116,116
sub-0108_P2,117,117
sub-0108_P2,118,118
sub-0108_P2,119,119
sub-0108_P2,120,120
sub-0108_P2,121,121
sub-0108_P2,122,122
sub-0108_P2,123,123
sub-0108_P2,124,124
sub-0108_P2,125,125
sub-0108_P2,126,126
sub-0108_P2,127,127
sub-0108_P2,128,128
sub-0108_P2,129,129
sub-0108_P2,130,130
sub-0108_P2,131,131
sub-0108_P2,132,132
sub-0108_P2,133,133
sub-0108_P2,134,134
sub-0108_P2,135,135
sub-0108_P2,136,136
sub-0108_P2,137,137
sub-0108_P2,138,138
sub-0108_P2,139,139
sub-0108_P2,140,140
sub-0108_P2,141,141
sub-0108_P2,142,142
sub-0108_P2,143,143
sub-0108_P2,144,144
sub-0108_P2,145,145
sub-0108_P2,146,146
sub-0108_P2,147,147
sub-0108_P2,148,148
sub-0108_P2,149,149
sub-0108_P2,150,150
sub-0108_P2,151,151
sub-0108_P2,152,152
sub-0108_P2,153,153
sub-0108_P2,154,154
sub-0108_P2,155,155
sub-0108_P2,156,156
sub-0108_P2,157,157
sub-0108_P2,158,158
sub-0108_P2,159,159
sub-0108_P2,160,160
sub-0108_P2,161,160
sub-0108_P2,162,162
sub-0108_P2,163,163
sub-0108_P2,164,164
sub-0108_P2,165,165
sub-0108_P2,166,166
sub-0108_P2,167,167
sub-0108_P2,168,168
sub-0108_P2,169,169
sub-0108_P2,170,170
sub-0108_P2,171,171
sub-0108_P2,172,172
sub-0108_P2,173,173
sub-0108_P2,174,174
sub-0108_P2,175,175
sub-0108_P2,176,176
sub-0108_P2,177,177
sub-0108_P2,178,174
sub-0108_P2,179,179
sub-0108_P2,180,180
sub-0108_P2,181,181
sub-0108_P2,182,182
sub-0108_P2,183,183
sub-0108_P2,184,184
sub-0108_P2,185,185
sub-0108_P2,186,186
sub-0108_P2,187,226
sub-0108_P2,188,188
sub-0108_P2,189,189
sub-0108_P2,190,190
sub-0108_P2,191,191
sub-0108_P2,192,192
sub-0108_P2,193,193
sub-0108_P2,194,194
sub-0108_P2,195,195
sub-0108_P2,196,196
sub-0108_P2,197,197
sub-0108_P2,198,198
sub-0108_P2,199,199
sub-0108_P2,200,200
sub-0108_P2,201,201
sub-0108_P2,202,226
sub-0108_P2,203,203
sub-0108_P2,204,217
sub-0108_P2,205,205
sub-0108_P2,206,206
sub-0108_P2,207,207
sub-0108_P2,208,208
sub-0108_P2,209,209
sub-0108_P2,210,210
sub-0108_P2,211,211
sub-0108_P2,212,212
sub-0108_P2,213,213
sub-0108_P2,214,214
sub-0108_P2,215,213
sub-0108_P2,216,216
sub-0108_P2,217,201
sub-0108_P2,218,218
sub-0108_P2,219,219
sub-0108_P2,220,67
sub-0108_P2,221,221
sub-0108_P2,222,222
sub-0108_P2,223,223
sub-0108_P2,224,224
sub-0108_P2,225,225
sub-0108_P2,226,226
sub-0108_P2,227,227
sub-0108_P2,228,228
sub-0108_P2,229,229
sub-0108_P2,230,230
sub-0108_P2,231,231
sub-0109_P2,0,0
sub-0109_P2,1,1
sub-0109_P2,2,2
sub-0109_P2,3,3
sub-0109_P2,4,4
sub-0109_P2,5,5
sub-0109_P2,6,6
sub-0109_P2,7,7
sub-0109_P2,8,8
sub-0109_P2,9,9
sub-0109_P2,10,10
sub-0109_P2,11,11
sub-0109_P2,12,12
sub-0109_P2,13,13
sub-0109_P2,14,14
sub-0109_P2,15,15
sub-0109_P2,16,16
sub-0109_P2,17,17
sub-0109_P2,18,18
sub-0109_P2,19,19
sub-0109_P2,20,20
sub-0109_P2,21,21
sub-0109_P2,22,22
sub-0109_P2,23,23
sub-0109_P2,24,24
sub-0109_P2,25,25
sub-0109_P2,26,26
sub-0109_P2,27,27
sub-0109_P2,28,28
sub-0109_P2,29,29
sub-0109_P2,30,30
sub-0109_P2,31,98
sub-0109_P2,32,32
sub-0109_P2,33,33
sub-0109_P2,34,34
sub-0109_P2,35,35
sub-0109_P2,36,36
sub-0109_P2,37,37
sub-0109_P2,38,38
sub-0109_P2,39,39
sub-0109_P2,40,40
sub-0109_P2,41,41
sub-0109_P2,42,42
sub-0109_P2,43,43
sub-0109_P2,44,44
sub-0109_P2,45,45
sub-0109_P2,46,46
sub-0109_P2,47,47
sub-0109_P2,48,48
sub-0109_P2,49,49
sub-0109_P2,50,50
sub-0109_P2,51,51
sub-0109_P2,52,52
sub-0109_P2,53,53
sub-0109_P2,54,157
sub-0109_P2,55,55
sub-0109_P2,56,56
sub-0109_P2,57,57
sub-0109_P2,58,58
sub-0109_P2,59,59
sub-0109_P2,60,60
sub-0109_P2,61,61
sub-0109_P2,62,175
sub-0109_P2,63,63
sub-0109_P2,64,64
sub-0109_P2,65,65
sub-0109_P2,66,66
sub-0109_P2,67,67
sub-0109_P2,68,68
sub-0109_P2,69,69
sub-0109_P2,70,70
sub-0109_P2,71,71
sub-0109_P2,72,72
sub-0109_P2,73,73
sub-0109_P2,74,74
sub-0109_P2,75,75
sub-0109_P2,76,76
sub-0109_P2,77,77
sub-0109_P2,78,78
sub-0109_P2,79,79
sub-0109_P2,80,80
sub-0109_P2,81,81
sub-0109_P2,82,82
sub-0109_P2,83,83
sub-0109_P2,84,84
sub-0109_P2,85,85
sub-0109_P2,86,86
sub-0109_P2,87,87
sub-0109_P2,88,88
sub-0109_P2,89,89
sub-0109_P2,90,90
sub-0109_P2,91,91
sub-0109_P2,92,92
sub-0109_P2,93,93
sub-0109_P2,94,94
sub-0109_P2,95,95
sub-0109_P2,96,96
sub-0109_P2,97,97
sub-0109_P2,98,98
sub-0109_P2,99,56
sub-0109_P2,100,100
sub-0109_P2,101,101
sub-0109_P2,102,102
sub-0109_P2,103,103
sub-0109_P2,104,104
sub-0109_P2,105,105
sub-0109_P2,106,106
sub-0109_P2,107,107
sub-0109_P2,108,108
sub-0109_P2,109,109
sub-0109_P2,110,110
sub-0109_P2,111,180
sub-0109_P2,112,112
sub-0109_P2,113,113
sub-0109_P2,114,114
sub-0109_P2,115,115
sub-0109_P2,116,116
sub-0109_P2,117,117
sub-0109_P2,118,118
sub-0109_P2,119,119
sub-0109_P2,120,120
sub-0109_P2,121,121
sub-0109_P2,122,122
sub-0109_P2,123,123
sub-0109_P2,124,124
sub-0109_P2,125,125
sub-0109_P2,126,126
sub-0109_P2,127,127
sub-0109_P2,128,128
sub-0109_P2,129,129
sub-0109_P2,130,130
sub-0109_P2,131,131
sub-0109_P2,132,132
sub-0109_P2,133,133
sub-0109_P2,134,134
sub-0109_P2,135,135
sub-0109_P2,136,136
sub-0109_P2,137,137
sub-0109_P2,138,138
sub-0109_P2,139,116
sub-0109_P2,140,140
sub-0109_P2,141,141
sub-0109_P2,142,142
sub-0109_P2,143,143
sub-0109_P2,144,144
sub-0109_P2,145,145
sub-0109_P2,146,146
sub-0109_P2,147,147
sub-0109_P2,148,148
sub-0109_P2,149,149
sub-0109_P2,150,150
sub-0109_P2,151,151
sub-0109_P2,152,152
sub-0109_P2,153,211
sub-0109_P2,154,154
sub-0109_P2,155,155
sub-0109_P2,156,156
sub-0109_P2,157,157
sub-0109_P2,158,158
sub-0109_P2,159,159
sub-0109_P2,160,218
sub-0109_P2,161,161
sub-0109_P2,162,162
sub-0109_P2,163,163
sub-0109_P2,164,164
sub-0109_P2,165,165
sub-0109_P2,166,166
sub-0109_P2,167,167
sub-0109_P2,168,168
sub-0109_P2,169,169
sub-0109_P2,170,170
sub-0109_P2,171,171
sub-0109_P2,172,172
sub-0109_P2,173,173
sub-0109_P2,174,174
sub-0109_P2,175,175
sub-0109_P2,176,176
sub-0109_P2,177,177
sub-0109_P2,178,178
sub-0109_P2,179,179
sub-0109_P2,180,180
sub-0109_P2,181,181
sub-0109_P2,182,182
sub-0109_P2,183,183
sub-0109_P2,184,184
sub-0109_P2,185,185
sub-0109_P2,186,186
sub-0109_P2,187,187
sub-0109_P2,188,188
sub-0109_P2,189,189
sub-0109_P2,190,54
sub-0109_P2,191,191
sub-0109_P2,192,192
sub-0109_P2,193,84
sub-0109_P2,194,194
sub-0109_P2,195,195
sub-0109_P2,196,196
sub-0109_P2,197,85
sub-0109_P2,198,198
sub-0109_P2,199,199
sub-0109_P2,200,162
sub-0109_P2,201,201
sub-0109_P2,202,202
sub-0109_P2,203,203
sub-0109_P2,204,204
sub-0109_P2,205,205
sub-0109_P2,206,206
sub-0109_P2,207,207
sub-0109_P2,208,208
sub-0109_P2,209,208
sub-0109_P2,210,210
sub-0109_P2,211,211
sub-0109_P2,212,212
sub-0109_P2,213,213
sub-0109_P2,214,214
sub-0109_P2,215,215
sub-0109_P2,216,216
sub-0109_P2,217,204
sub-0109_P2,218,218
sub-0109_P2,219,219
sub-0109_P2,220,220
sub-0109_P2,221,221
sub-0109_P2,222,50
sub-0109_P2,223,223
sub-0109_P2,224,225
sub-0109_P2,225,208
sub-0109_P2,226,226
sub-0109_P2,227,227
sub-0109_P2,228,228
sub-0109_P2,229,229
sub-0109_P2,230,230
sub-0109_P2,231,231
sub-0110_P2,0,0
sub-0110_P2,1,1
sub-0110_P2,2,102
sub-0110_P2,3,3
sub-0110_P2,4,4
sub-0110_P2,5,5
sub-0110_P2,6,6
sub-0110_P2,7,7
sub-0110_P2,8,8
sub-0110_P2,9,9
sub-0110_P2,10,10
sub-0110_P2,11,11
sub-0110_P2,12,12
sub-0110_P2,13,13
sub-0110_P2,14,14
sub-0110_P2,15,15
sub-0110_P2,16,16
sub-0110_P2,17,17
sub-0110_P2,18,18
sub-0110_P2,19,19
sub-0110_P2,20,20
sub-0110_P2,21,21
sub-0110_P2,22,22
sub-0110_P2,23,23
sub-0110_P2,24,98
sub-0110_P2,25,25
sub-0110_P2,26,26
sub-0110_P2,27,27
sub-0110_P2,28,28
sub-0110_P2,29,29
sub-0110_P2,30,30
sub-0110_P2,31,31
sub-0110_P2,32,32
sub-0110_P2,33,33
sub-0110_P2,34,34
sub-0110_P2,35,35
sub-0110_P2,36,119
sub-0110_P2,37,37
sub-0110_P2,38,38
sub-0110_P2,39,39
sub-0110_P2,40,40
sub-0110_P2,41,41
sub-0110_P2,42,42
sub-0110_P2,43,43
sub-0110_P2,44,44
sub-0110_P2,45,45
sub-0110_P2,46,46
sub-0110_P2,47,47
sub-0110_P2,48,48
sub-0110_P2,49,49
sub-0110_P2,50,50
sub-0110_P2,51,51
sub-0110_P2,52,52
sub-0110_P2,53,53
sub-0110_P2,54,54
sub-0110_P2,55,55
sub-0110_P2,56,56
sub-0110_P2,57,57
sub-0110_P2,58,58
sub-0110_P2,59,59
sub-0110_P2,60,142
sub-0110_P2,61,61
sub-0110_P2,62,62
sub-0110_P2,63,63
sub-0110_P2,64,64
sub-0110_P2,65,65
sub-0110_P2,66,66
sub-0110_P2,67,67
sub-0110_P2,68,68
sub-0110_P2,69,168
sub-0110_P2,70,70
sub-0110_P2,71,71
sub-0110_P2,72,72
sub-0110_P2,73,73
sub-0110_P2,74,74
sub-0110_P2,75,75
sub-0110_P2,76,76
sub-0110_P2,77,77
sub-0110_P2,78,78
sub-0110_P2,79,79
sub-0110_P2,80,80
sub-0110_P2,81,81
sub-0110_P2,82,82
sub-0110_P2,83,83
sub-0110_P2,84,84
sub-0110_P2,85,85
sub-0110_P2,86,86
sub-0110_P2,87,87
sub-0110_P2,88,88
sub-0110_P2,89,89
sub-0110_P2,90,90
sub-0110_P2,91,91
sub-0110_P2,92,50
sub-0110_P2,93,93
sub-0110_P2,94,94
sub-0110_P2,95,95
sub-0110_P2,96,96
sub-0110_P2,97,97
sub-0110_P2,98,98
sub-0110_P2,99,99
sub-0110_P2,100,100
sub-0110_P2,101,101
sub-0110_P2,102,102
sub-0110_P2,103,103
sub-0110_P2,104,104
sub-0110_P2,105,105
sub-0110_P2,106,106
sub-0110_P2,107,169
sub-0110_P2,108,108
sub-0110_P2,109,109
sub-0110_P2,110,110
sub-0110_P2,111,147
sub-0110_P2,112,112
sub-0110_P2,113,113
sub-0110_P2,114,114
sub-0110_P2,115,115
sub-0110_P2,116,116
sub-0110_P2,117,117
sub-0110_P2,118,113
sub-0110_P2,119,119
sub-0110_P2,120,120
sub-0110_P2,121,121
sub-0110_P2,122,122
sub-0110_P2,123,123
sub-0110_P2,124,124
sub-0110_P2,125,125
sub-0110_P2,126,126
sub-0110_P2,127,127
sub-0110_P2,128,128
sub-0110_P2,129,129
sub-0110_P2,130,130
sub-0110_P2,131,131
sub-0110_P2,132,132
sub-0110_P2,133,133
sub-0110_P2,134,134
sub-0110_P2,135,135
sub-0110_P2,136,136
sub-0110_P2,137,137
sub-0110_P2,138,166
sub-0110_P2,139,139
sub-0110_P2,140,140
sub-0110_P2,141,141
sub-0110_P2,142,142
sub-0110_P2,143,143
sub-0110_P2,144,144
sub-0110_P2,145,145
sub-0110_P2,146,146
sub-0110_P2,147,147
sub-0110_P2,148,148
sub-0110_P2,149,149
sub-0110_P2,150,150
sub-0110_P2,151,151
sub-0110_P2,152,152
sub-0110_P2,153,153
sub-0110_P2,154,154
sub-0110_P2,155,155
sub-0110_P2,156,156
sub-0110_P2,157,157
sub-0110_P2,158,158
sub-0110_P2,159,159
sub-0110_P2,160,160
sub-0110_P2,161,83
sub-0110_P2,162,162
sub-0110_P2,163,162
sub-0110_P2,164,164
sub-0110_P2,165,165
sub-0110_P2,166,166
sub-0110_P2,167,167
sub-0110_P2,168,168
sub-0110_P2,169,169
sub-0110_P2,170,170
sub-0110_P2,171,171
sub-0110_P2,172,172
sub-0110_P2,173,173
sub-0110_P2,174,174
sub-0110_P2,175,175
sub-0110_P2,176,176
sub-0110_P2,177,177
sub-0110_P2,178,178
sub-0110_P2,179,179
sub-0110_P2,180,180
sub-0110_P2,181,181
sub-0110_P2,182,182
sub-0110_P2,183,183
sub-0110_P2,184,184
sub-0110_P2,185,185
sub-0110_P2,186,186
sub-0110_P2,187,187
sub-0110_P2,188,188
sub-0110_P2,189,189
sub-0110_P2,190,84
sub-0110_P2,191,191
sub-0110_P2,192,192
sub-0110_P2,193,193
sub-0110_P2,194,194
sub-0110_P2,195,195
sub-0110_P2,196,196
sub-0110_P2,197,197
sub-0110_P2,198,198
sub-0110_P2,199,199
sub-0110_P2,200,200
sub-0110_P2,201,201
sub-0110_P2,202,202
sub-0110_P2,203,203
sub-0110_P2,204,204
sub-0110_P2,205,205
sub-0110_P2,206,207
sub-0110_P2,207,207
sub-0110_P2,208,208
sub-0110_P2,209,209
sub-0110_P2,210,220
sub-0110_P2,211,211
sub-0110_P2,212,212
sub-0110_P2,213,213
sub-0110_P2,214,214
sub-0110_P2,215,215
sub-0110_P2,216,160
sub-0110_P2,217,220
sub-0110_P2,218,218
sub-0110_P2,219,219
sub-0110_P2,220,220
sub-0110_P2,221,221
sub-0110_P2,222,222
sub-0110_P2,223,223
sub-0110_P2,224,224
sub-0110_P2,225,225
sub-0110_P2,226,226
sub-0110_P2,227,227
sub-0110_P2,228,228
sub-0110_P2,229,229
sub-0110_P2,230,230
sub-0110_P2,231,231
sub-0111_P2,0,0
sub-0111_P2,1,1
sub-0111_P2,2,2
sub-0111_P2,3,3
sub-0111_P2,4,4
sub-0111_P2,5,5
sub-0111_P2,6,6
sub-0111_P2,7,7
sub-0111_P2,8,8
sub-0111_P2,9,9
sub-0111_P2,10,10
sub-0111_P2,11,11
sub-0111_P2,12,12
sub-0111_P2,13,13
sub-0111_P2,14,14
sub-0111_P2,15,15
sub-0111_P2,16,16
sub-0111_P2,17,17
sub-0111_P2,18,18
sub-0111_P2,19,19
sub-0111_P2,20,20
sub-0111_P2,21,21
sub-0111_P2,22,22
sub-0111_P2,23,23
sub-0111_P2,24,126
sub-0111_P2,25,25
sub-0111_P2,26,26
sub-0111_P2,27,27
sub-0111_P2,28,28
sub-0111_P2,29,29
sub-0111_P2,30,30
sub-0111_P2,31,31
sub-0111_P2,32,32
sub-0111_P2,33,33
sub-0111_P2,34,34
sub-0111_P2,35,35
sub-0111_P2,36,36
sub-0111_P2,37,37
sub-0111_P2,38,38
sub-0111_P2,39,39
sub-0111_P2,40,40
sub-0111_P2,41,41
sub-0111_P2,42,42
sub-0111_P2,43,43
sub-0111_P2,44,44
sub-0111_P2,45,45
sub-0111_P2,46,46
sub-0111_P2,47,75
sub-0111_P2,48,48
sub-0111_P2,49,49
sub-0111_P2,50,224
sub-0111_P2,51,51
sub-0111_P2,52,52
sub-0111_P2,53,52
sub-0111_P2,54,54
sub-0111_P2,55,55
sub-0111_P2,56,56
sub-0111_P2,57,57
sub-0111_P2,58,58
sub-0111_P2,59,59
sub-0111_P2,60,68
sub-0111_P2,61,61
sub-0111_P2,62,62
sub-0111_P2,63,63
sub-0111_P2,64,64
sub-0111_P2,65,65
sub-0111_P2,66,66
sub-0111_P2,67,67
sub-0111_P2,68,68
sub-0111_P2,69,69
sub-0111_P2,70,70
sub-0111_P2,71,71
sub-0111_P2,72,95
sub-0111_P2,73,73
sub-0111_P2,74,74
sub-0111_P2,75,75
sub-0111_P2,76,76
sub-0111_P2,77,77
sub-0111_P2,78,78
sub-0111_P2,79,79
sub-0111_P2,80,186
sub-0111_P2,81,81
sub-0111_P2,82,82
sub-0111_P2,83,83
sub-0111_P2,84,84
sub-0111_P2,85,85
sub-0111_P2,86,86
sub-0111_P2,87,87
sub-0111_P2,88,88
sub-0111_P2,89,89
sub-0111_P2,90,90
sub-0111_P2,91,157
sub-0111_P2,92,61
sub-0111_P2,93,69
sub-0111_P2,94,94
sub-0111_P2,95,95
sub-0111_P2,96,97
sub-0111_P2,97,97
sub-0111_P2,98,98
sub-0111_P2,99,99
sub-0111_P2,100,100
sub-0111_P2,101,101
sub-0111_P2,102,102
sub-0111_P2,103,103
sub-0111_P2,104,104
sub-0111_P2,105,105
sub-0111_P2,106,106
sub-0111_P2,107,107
sub-0111_P2,108,108
sub-0111_P2,109,109
sub-0111_P2,110,110
sub-0111_P2,111,111
sub-0111_P2,112,112
sub-0111_P2,113,113
sub-0111_P2,114,114
sub-0111_P2,115,115
sub-0111_P2,116,116
sub-0111_P2,117,117
sub-0111_P2,118,118
sub-0111_P2,119,113
sub-0111_P2,120,120
sub-0111_P2,121,121
sub-0111_P2,122,122
sub-0111_P2,123,123
sub-0111_P2,124,124
sub-0111_P2,125,125
sub-0111_P2,126,21
sub-0111_P2,127,127
sub-0111_P2,128,128
sub-0111_P2,129,129
sub-0111_P2,130,130
sub-0111_P2,131,131
sub-0111_P2,132,132
sub-0111_P2,133,133
sub-0111_P2,134,134
sub-0111_P2,135,135
sub-0111_P2,136,136
sub-0111_P2,137,137
sub-0111_P2,138,138
sub-0111_P2,139,139
sub-0111_P2,140,112
sub-0111_P2,141,141
sub-0111_P2,142,142
sub-0111_P2,143,143
sub-0111_P2,144,144
sub-0111_P2,145,145
sub-0111_P2,146,146
sub-0111_P2,147,147
sub-0111_P2,148,148
sub-0111_P2,149,149
sub-0111_P2,150,150
sub-0111_P2,151,151
sub-0111_P2,152,47
sub-0111_P2,153,153
sub-0111_P2,154,154
sub-0111_P2,155,155
sub-0111_P2,156,156
sub-0111_P2,157,157
sub-0111_P2,158,158
sub-0111_P2,159,224
sub-0111_P2,160,161
sub-0111_P2,161,161
sub-0111_P2,162,162
sub-0111_P2,163,163
sub-0111_P2,164,164
sub-0111_P2,165,165
sub-0111_P2,166,166
sub-0111_P2,167,167
sub-0111_P2,168,168
sub-0111_P2,169,169
sub-0111_P2,170,170
sub-0111_P2,171,171
sub-0111_P2,172,172
sub-0111_P2,173,173
sub-0111_P2,174,174
sub-0111_P2,175,175
sub-0111_P2,176,176
sub-0111_P2,177,177
sub-0111_P2,178,178
sub-0111_P2,179,179
sub-0111_P2,180,180
sub-0111_P2,181,181
sub-0111_P2,182,182
sub-0111_P2,183,183
sub-0111_P2,184,184
sub-0111_P2,185,185
sub-0111_P2,186,186
sub-0111_P2,187,187
sub-0111_P2,188,188
sub-0111_P2,189,189
sub-0111_P2,190,190
sub-0111_P2,191,191
sub-0111_P2,192,192
sub-0111_P2,193,193
sub-0111_P2,194,194
sub-0111_P2,195,195
sub-0111_P2,196,196
sub-0111_P2,197,197
sub-0111_P2,198,198
sub-0111_P2,199,199
sub-0111_P2,200,200
sub-0111_P2,201,201
sub-0111_P2,202,202
sub-0111_P2,203,203
sub-0111_P2,204,204
sub-0111_P2,205,205
sub-0111_P2,206,206
sub-0111_P2,207,211
sub-0111_P2,208,208
sub-0111_P2,209,209
sub-0111_P2,210,226
sub-0111_P2,211,211
sub-0111_P2,212,212
sub-0111_P2,213,213
sub-0111_P2,214,214
sub-0111_P2,215,215
sub-0111_P2,216,216
sub-0111_P2,217,217
sub-0111_P2,218,218
sub-0111_P2,219,219
sub-0111_P2,220,220
sub-0111_P2,221,221
sub-0111_P2,222,222
sub-0111_P2,223,223
sub-0111_P2,224,224
sub-0111_P2,225,225
sub-0111_P2,226,226
sub-0111_P2,227,227
sub-0111_P2,228,228
sub-0111_P2,229,229
sub-0111_P2,230,230
sub-0111_P2,231,231
sub-0112_P2,0,0
sub-0112_P2,1,1
sub-0112_P2,2,2
sub-0112_P2,3,3
sub-0112_P2,4,29
sub-0112_P2,5,5
sub-0112_P2,6,6
sub-0112_P2,7,7
sub-0112_P2,8,8
sub-0112_P2,9,9
sub-0112_P2,10,10
sub-0112_P2,11,11
sub-0112_P2,12,12
sub-0112_P2,13,13
sub-0112_P2,14,14
sub-0112_P2,15,15
sub-0112_P2,16,16
sub-0112_P2,17,17
sub-0112_P2,18,18
sub-0112_P2,19,17
sub-0112_P2,20,20
sub-0112_P2,21,21
sub-0112_P2,22,22
sub-0112_P2,23,23
sub-0112_P2,24,143
sub-0112_P2,25,25
sub-0112_P2,26,26
sub-0112_P2,27,27
sub-0112_P2,28,163
sub-0112_P2,29,29
sub-0112_P2,30,30
sub-0112_P2,31,31
sub-0112_P2,32,32
sub-0112_P2,33,38
sub-0112_P2,34,34
sub-0112_P2,35,35
sub-0112_P2,36,36
sub-0112_P2,37,37
sub-0112_P2,38,38
sub-0112_P2,39,39
sub-0112_P2,40,40
sub-0112_P2,41,41
sub-0112_P2,42,42
sub-0112_P2,43,43
sub-0112_P2,44,44
sub-0112_P2,45,45
sub-0112_P2,46,46
sub-0112_P2,47,47
sub-0112_P2,48,48
sub-0112_P2,49,49
sub-0112_P2,50,50
sub-0112_P2,51,51
sub-0112_P2,52,52
sub-0112_P2,53,53
sub-0112_P2,54,54
sub-0112_P2,55,55
sub-0112_P2,56,56
sub-0112_P2,57,57
sub-0112_P2,58,58
sub-0112_P2,59,59
sub-0112_P2,60,60
sub-0112_P2,61,61
sub-0112_P2,62,62
sub-0112_P2,63,169
sub-0112_P2,64,64
sub-0112_P2,65,65
sub-0112_P2,66,66
sub-0112_P2,67,67
sub-0112_P2,68,68
sub-0112_P2,69,69
sub-0112_P2,70,70
sub-0112_P2,71,71
sub-0112_P2,72,72
sub-0112_P2,73,73
sub-0112_P2,74,74
sub-0112_P2,75,75
sub-0112_P2,76,76
sub-0112_P2,77,77
sub-0112_P2,78,78
sub-0112_P2,79,79
sub-0112_P2,80,80
sub-0112_P2,81,81
sub-0112_P2,82,82
sub-0112_P2,83,83
sub-0112_P2,84,84
sub-0112_P2,85,85
sub-0112_P2,86,86
sub-0112_P2,87,87
sub-0112_P2,88,88
sub-0112_P2,89,89
sub-0112_P2,90,90
sub-0112_P2,91,91
sub-0112_P2,92,144
sub-0112_P2,93,93
sub-0112_P2,94,94
sub-0112_P2,95,95
sub-0112_P2,96,96
sub-0112_P2,97,97
sub-0112_P2,98,98
sub-0112_P2,99,99
sub-0112_P2,100,100
sub-0112_P2,101,101
sub-0112_P2,102,102
sub-0112_P2,103,103
sub-0112_P2,104,104
sub-0112_P2,105,105
sub-0112_P2,106,106
sub-0112_P2,107,107
sub-0112_P2,108,108
sub-0112_P2,109,8
sub-0112_P2,110,110
sub-0112_P2,111,111
sub-0112_P2,112,112
sub-0112_P2,113,113
sub-0112_P2,114,114
sub-0112_P2,115,115
sub-0112_P2,116,116
sub-0112_P2,117,117
sub-0112_P2,118,118
sub-0112_P2,119,119
sub-0112_P2,120,120
sub-0112_P2,121,121
sub-0112_P2,122,122
sub-0112_P2,123,126
sub-0112_P2,124,124
sub-0112_P2,125,125
sub-0112_P2,126,126
sub-0112_P2,127,127
sub-0112_P2,128,128
sub-0112_P2,129,129
sub-0112_P2,130,130
sub-0112_P2,131,131
sub-0112_P2,132,132
sub-0112_P2,133,134
sub-0112_P2,134,134
sub-0112_P2,135,135
sub-0112_P2,136,136
sub-0112_P2,137,137
sub-0112_P2,138,138
sub-0112_P2,139,139
sub-0112_P2,140,140
sub-0112_P2,141,141
sub-0112_P2,142,142
sub-0112_P2,143,143
sub-0112_P2,144,144
sub-0112_P2,145,145
sub-0112_P2,146,146
sub-0112_P2,147,147
sub-0112_P2,148,148
sub-0112_P2,149,149
sub-0112_P2,150,150
sub-0112_P2,151,151
sub-0112_P2,152,70
sub-0112_P2,153,153
sub-0112_P2,154,154
sub-0112_P2,155,155
sub-0112_P2,156,92
sub-0112_P2,157,157
sub-0112_P2,158,158
sub-0112_P2,159,159
sub-0112_P2,160,160
sub-0112_P2,161,161
sub-0112_P2,162,162
sub-0112_P2,163,163
sub-0112_P2,164,164
sub-0112_P2,165,165
sub-0112_P2,166,166
sub-0112_P2,167,167
sub-0112_P2,168,168
sub-0112_P2,169,169
sub-0112_P2,170,170
sub-0112_P2,171,171
sub-0112_P2,172,172
sub-0112_P2,173,173
sub-0112_P2,174,174
sub-0112_P2,175,175
sub-0112_P2,176,176
sub-0112_P2,177,177
sub-0112_P2,178,178
sub-0112_P2,179,179
sub-0112_P2,180,180
sub-0112_P2,181,181
sub-0112_P2,182,187
sub-0112_P2,183,183
sub-0112_P2,184,184
sub-0112_P2,185,185
sub-0112_P2,186,186
sub-0112_P2,187,187
sub-0112_P2,188,188
sub-0112_P2,189,189
sub-0112_P2,190,190
sub-0112_P2,191,191
sub-0112_P2,192,198
sub-0112_P2,193,193
sub-0112_P2,194,194
sub-0112_P2,195,195
sub-0112_P2,196,196
sub-0112_P2,197,197
sub-0112_P2,198,198
sub-0112_P2,199,199
sub-0112_P2,200,200
sub-0112_P2,201,201
sub-0112_P2,202,202
sub-0112_P2,203,203
sub-0112_P2,204,204
sub-0112_P2,205,205
sub-0112_P2,206,206
sub-0112_P2,207,207
sub-0112_P2,208,208
sub-0112_P2,209,209
sub-0112_P2,210,210
sub-0112_P2,211,226
sub-0112_P2,212,212
sub-0112_P2,213,213
sub-0112_P2,214,214
sub-0112_P2,215,215
sub-0112_P2,216,216
sub-0112_P2,217,217
sub-0112_P2,218,203
sub-0112_P2,219,143
sub-0112_P2,220,220
sub-0112_P2,221,8
sub-0112_P2,222,222
sub-0112_P2,223,223
sub-0112_P2,224,224
sub-0112_P2,225,225
sub-0112_P2,226,226
sub-0112_P2,227,227
sub-0112_P2,228,209
sub-0112_P2,229,229
sub-0112_P2,230,230
sub-0112_P2,231,231
sub-0113_P2,0,0
sub-0113_P2,1,1
sub-0113_P2,2,2
sub-0113_P2,3,3
sub-0113_P2,4,4
sub-0113_P2,5,5
sub-0113_P2,6,6
sub-0113_P2,7,7
sub-0113_P2,8,8
sub-0113_P2,9,9
sub-0113_P2,10,10
sub-0113_P2,11,11
sub-0113_P2,12,12
sub-0113_P2,13,13
sub-0113_P2,14,14
sub-0113_P2,15,15
sub-0113_P2,16,16
sub-0113_P2,17,17
sub-0113_P2,18,18
sub-0113_P2,19,19
sub-0113_P2,20,20
sub-0113_P2,21,21
sub-0113_P2,22,22
sub-0113_P2,23,23
sub-0113_P2,24,24
sub-0113_P2,25,25
sub-0113_P2,26,26
sub-0113_P2,27,27
sub-0113_P2,28,28
sub-0113_P2,29,29
sub-0113_P2,30,30
sub-0113_P2,31,31
sub-0113_P2,32,32
sub-0113_P2,33,33
sub-0113_P2,34,34
sub-0113_P2,35,35
sub-0113_P2,36,36
sub-0113_P2,37,37
sub-0113_P2,38,38
sub-0113_P2,39,39
sub-0113_P2,40,40
sub-0113_P2,41,25
sub-0113_P2,42,42
sub-0113_P2,43,43
sub-0113_P2,44,44
sub-0113_P2,45,45
sub-0113_P2,46,46
sub-0113_P2,47,47
sub-0113_P2,48,48
sub-0113_P2,49,49
sub-0113_P2,50,50
sub-0113_P2,51,51
sub-0113_P2,52,52
sub-0113_P2,53,53
sub-0113_P2,54,54
sub-0113_P2,55,50
sub-0113_P2,56,56
sub-0113_P2,57,57
sub-0113_P2,58,58
sub-0113_P2,59,59
sub-0113_P2,60,60
sub-0113_P2,61,61
sub-0113_P2,62,62
sub-0113_P2,63,63
sub-0113_P2,64,64
sub-0113_P2,65,65
sub-0113_P2,66,66
sub-0113_P2,67,67
sub-0113_P2,68,68
sub-0113_P2,69,69
sub-0113_P2,70,50
sub-0113_P2,71,71
sub-0113_P2,72,72
sub-0113_P2,73,73
sub-0113_P2,74,74
sub-0113_P2,75,75
sub-0113_P2,76,76
sub-0113_P2,77,77
sub-0113_P2,78,78
sub-0113_P2,79,92
sub-0113_P2,80,80
sub-0113_P2,81,81
sub-0113_P2,82,82
sub-0113_P2,83,83
sub-0113_P2,84,84
sub-0113_P2,85,85
sub-0113_P2,86,86
sub-0113_P2,87,87
sub-0113_P2,88,88
sub-0113_P2,89,89
sub-0113_P2,90,90
sub-0113_P2,91,91
sub-0113_P2,92,92
sub-0113_P2,93,93
sub-0113_P2,94,94
sub-0113_P2,95,95
sub-0113_P2,96,96
sub-0113_P2,97,97
sub-0113_P2,98,98
sub-0113_P2,99,99
sub-0113_P2,100,100
sub-0113_P2,101,101
sub-0113_P2,102,102
sub-0113_P2,103,103
sub-0113_P2,104,104
sub-0113_P2,105,105
sub-0113_P2,106,106
sub-0113_P2,107,107
sub-0113_P2,108,108
sub-0113_P2,109,109
sub-0113_P2,110,110
sub-0113_P2,111,111
sub-0113_P2,112,112
sub-0113_P2,113,113
sub-0113_P2,114,114
sub-0113_P2,115,115
sub-0113_P2,116,116
sub-0113_P2,117,117
sub-0113_P2,118,118
sub-0113_P2,119,119
sub-0113_P2,120,120
sub-0113_P2,121,121
sub-0113_P2,122,122
sub-0113_P2,123,123
sub-0113_P2,124,124
sub-0113_P2,125,125
sub-0113_P2,126,126
sub-0113_P2,127,127
sub-0113_P2,128,128
sub-0113_P2,129,129
sub-0113_P2,130,130
sub-0113_P2,131,131
sub-0113_P2,132,132
sub-0113_P2,133,133
sub-0113_P2,134,134
sub-0113_P2,135,135
sub-0113_P2,136,136
sub-0113_P2,137,137
sub-0113_P2,138,138
sub-0113_P2,139,139
sub-0113_P2,140,140
sub-0113_P2,141,141
sub-0113_P2,142,142
sub-0113_P2,143,210
sub-0113_P2,144,144
sub-0113_P2,145,145
sub-0113_P2,146,146
sub-0113_P2,147,147
sub-0113_P2,148,148
sub-0113_P2,149,149
sub-0113_P2,150,150
sub-0113_P2,151,151
sub-0113_P2,152,152
sub-0113_P2,153,153
sub-0113_P2,154,154
sub-0113_P2,155,155
sub-0113_P2,156,156
sub-0113_P2,157,157
sub-0113_P2,158,158
sub-0113_P2,159,159
sub-0113_P2,160,160
sub-0113_P2,161,161
sub-0113_P2,162,205
sub-0113_P2,163,163
sub-0113_P2,164,164
sub-0113_P2,165,165
sub-0113_P2,166,166
sub-0113_P2,167,167
sub-0113_P2,168,168
sub-0113_P2,169,169
sub-0113_P2,170,170
sub-0113_P2,171,171
sub-0113_P2,172,172
sub-0113_P2,173,173
sub-0113_P2,174,174
sub-0113_P2,175,175
sub-0113_P2,176,176
sub-0113_P2,177,177
sub-0113_P2,178,178
sub-0113_P2,179,179
sub-0113_P2,180,180
sub-0113_P2,181,181
sub-0113_P2,182,182
sub-0113_P2,183,183
sub-0113_P2,184,184
sub-0113_P2,185,185
sub-0113_P2,186,186
sub-0113_P2,187,187
sub-0113_P2,188,81
sub-0113_P2,189,189
sub-0113_P2,190,190
sub-0113_P2,191,191
sub-0113_P2,192,192
sub-0113_P2,193,193
sub-0113_P2,194,194
sub-0113_P2,195,195
sub-0113_P2,196,196
sub-0113_P2,197,197
sub-0113_P2,198,198
sub-0113_P2,199,147
sub-0113_P2,200,200
sub-0113_P2,201,201
sub-0113_P2,202,220
sub-0113_P2,203,203
sub-0113_P2,204,220
sub-0113_P2,205,205
sub-0113_P2,206,206
sub-0113_P2,207,207
sub-0113_P2,208,208
sub-0113_P2,209,209
sub-0113_P2,210,210
sub-0113_P2,211,55
sub-0113_P2,212,212
sub-0113_P2,213,213
sub-0113_P2,214,214
sub-0113_P2,215,215
sub-0113_P2,216,203
sub-0113_P2,217,217
sub-0113_P2,218,218
sub-0113_P2,219,219
sub-0113_P2,220,220
sub-0113_P2,221,221
sub-0113_P2,222,222
sub-0113_P2,223,223
sub-0113_P2,224,224
sub-0113_P2,225,225
sub-0113_P2,226,226
sub-0113_P2,227,227
sub-0113_P2,228,228
sub-0113_P2,229,211
sub-0113_P2,230,215
sub-0113_P2,231,231
sub-0114_P2,0,0
sub-0114_P2,1,1
sub-0114_P2,2,2
sub-0114_P2,3,3
sub-0114_P2,4,4
sub-0114_P2,5,5
sub-0114_P2,6,6
sub-0114_P2,7,7
sub-0114_P2,8,8
sub-0114_P2,9,9
sub-0114_P2,10,10
sub-0114_P2,11,11
sub-0114_P2,12,12
sub-0114_P2,13,13
sub-0114_P2,14,14
sub-0114_P2,15,15
sub-0114_P2,16,16
sub-0114_P2,17,114
sub-0114_P2,18,18
sub-0114_P2,19,19
sub-0114_P2,20,20
sub-0114_P2,21,21
sub-0114_P2,22,22
sub-0114_P2,23,23
sub-0114_P2,24,24
sub-0114_P2,25,25
sub-0114_P2,26,26
sub-0114_P2,27,27
sub-0114_P2,28,28
sub-0114_P2,29,29
sub-0114_P2,30,30
sub-0114_P2,31,31
sub-0114_P2,32,32
sub-0114_P2,33,33
sub-0114_P2,34,34
sub-0114_P2,35,35
sub-0114_P2,36,36
sub-0114_P2,37,37
sub-0114_P2,38,38
sub-0114_P2,39,39
sub-0114_P2,40,40
sub-0114_P2,41,41
sub-0114_P2,42,42
sub-0114_P2,43,43
sub-0114_P2,44,44
sub-0114_P2,45,45
sub-0114_P2,46,46
sub-0114_P2,47,47
sub-0114_P2,48,48
sub-0114_P2,49,49
sub-0114_P2,50,50
sub-0114_P2,51,51
sub-0114_P2,52,52
sub-0114_P2,53,53
sub-0114_P2,54,54
sub-0114_P2,55,143
sub-0114_P2,56,56
sub-0114_P2,57,57
sub-0114_P2,58,58
sub-0114_P2,59,59
sub-0114_P2,60,60
sub-0114_P2,61,61
sub-0114_P2,62,62
sub-0114_P2,63,63
sub-0114_P2,64,64
sub-0114_P2,65,65
sub-0114_P2,66,66
sub-0114_P2,67,67
sub-0114_P2,68,68
sub-0114_P2,69,69
sub-0114_P2,70,93
sub-0114_P2,71,71
sub-0114_P2,72,72
sub-0114_P2,73,73
sub-0114_P2,74,74
sub-0114_P2,75,75
sub-0114_P2,76,76
sub-0114_P2,77,77
sub-0114_P2,78,78
sub-0114_P2,79,79
sub-0114_P2,80,80
sub-0114_P2,81,81
sub-0114_P2,82,82
sub-0114_P2,83,83
sub-0114_P2,84,84
sub-0114_P2,85,85
sub-0114_P2,86,86
sub-0114_P2,87,87
sub-0114_P2,88,88
sub-0114_P2,89,89
sub-0114_P2,90,90
sub-0114_P2,91,91
sub-0114_P2,92,50
sub-0114_P2,93,93
sub-0114_P2,94,94
sub-0114_P2,95,95
sub-0114_P2,96,96
sub-0114_P2,97,97
sub-0114_P2,98,98
sub-0114_P2,99,99
sub-0114_P2,100,100
sub-0114_P2,101,101
sub-0114_P2,102,102
sub-0114_P2,103,103
sub-0114_P2,104,104
sub-0114_P2,105,105
sub-0114_P2,106,106
sub-0114_P2,107,107
sub-0114_P2,108,108
sub-0114_P2,109,109
sub-0114_P2,110,110
sub-0114_P2,111,111
sub-0114_P2,112,112
sub-0114_P2,113,113
sub-0114_P2,114,114
sub-0114_P2,115,115
sub-0114_P2,116,116
sub-0114_P2,117,117
sub-0114_P2,118,114
sub-0114_P2,119,114
sub-0114_P2,120,120
sub-0114_P2,121,121
sub-0114_P2,122,122
sub-0114_P2,123,123
sub-0114_P2,124,124
sub-0114_P2,125,125
sub-0114_P2,126,126
sub-0114_P2,127,127
sub-0114_P2,128,128
sub-0114_P2,129,129
sub-0114_P2,130,130
sub-0114_P2,131,131
sub-0114_P2,132,132
sub-0114_P2,133,133
sub-0114_P2,134,134
sub-0114_P2,135,135
sub-0114_P2,136,136
sub-0114_P2,137,137
sub-0114_P2,138,138
sub-0114_P2,139,139
sub-0114_P2,140,140
sub-0114_P2,141,141
sub-0114_P2,142,142
sub-0114_P2,143,143
sub-0114_P2,144,126
sub-0114_P2,145,145
sub-0114_P2,146,146
sub-0114_P2,147,147
sub-0114_P2,148,148
sub-0114_P2,149,149
sub-0114_P2,150,150
sub-0114_P2,151,151
sub-0114_P2,152,152
sub-0114_P2,153,153
sub-0114_P2,154,154
sub-0114_P2,155,155
sub-0114_P2,156,156
sub-0114_P2,157,157
sub-0114_P2,158,158
sub-0114_P2,159,159
sub-0114_P2,160,160
sub-0114_P2,161,161
sub-0114_P2,162,162
sub-0114_P2,163,163
sub-0114_P2,164,164
sub-0114_P2,165,165
sub-0114_P2,166,166
sub-0114_P2,167,167
sub-0114_P2,168,168
sub-0114_P2,169,169
sub-0114_P2,170,170
sub-0114_P2,171,171
sub-0114_P2,172,172
sub-0114_P2,173,169
sub-0114_P2,174,174
sub-0114_P2,175,175
sub-0114_P2,176,176
sub-0114_P2,177,177
sub-0114_P2,178,178
sub-0114_P2,179,179
sub-0114_P2,180,180
sub-0114_P2,181,181
sub-0114_P2,182,182
sub-0114_P2,183,150
sub-0114_P2,184,184
sub-0114_P2,185,185
sub-0114_P2,186,186
sub-0114_P2,187,187
sub-0114_P2,188,188
sub-0114_P2,189,189
sub-0114_P2,190,190
sub-0114_P2,191,191
sub-0114_P2,192,192
sub-0114_P2,193,193
sub-0114_P2,194,194
sub-0114_P2,195,195
sub-0114_P2,196,196
sub-0114_P2,197,197
sub-0114_P2,198,198
sub-0114_P2,199,199
sub-0114_P2,200,217
sub-0114_P2,201,201
sub-0114_P2,202,202
sub-0114_P2,203,203
sub-0114_P2,204,204
sub-0114_P2,205,205
sub-0114_P2,206,206
sub-0114_P2,207,207
sub-0114_P2,208,208
sub-0114_P2,209,209
sub-0114_P2,210,210
sub-0114_P2,211,211
sub-0114_P2,212,212
sub-0114_P2,213,213
sub-0114_P2,214,214
sub-0114_P2,215,215
sub-0114_P2,216,216
sub-0114_P2,217,217
sub-0114_P2,218,218
sub-0114_P2,219,219
sub-0114_P2,220,220
sub-0114_P2,221,221
sub-0114_P2,222,222
sub-0114_P2,223,223
sub-0114_P2,224,224
sub-0114_P2,225,225
sub-0114_P2,226,210
sub-0114_P2,227,227
sub-0114_P2,228,228
sub-0114_P2,229,229
sub-0114_P2,230,230
sub-0114_P2,231,231
sub-0115_P2,0,0
sub-0115_P2,1,1
sub-0115_P2,2,2
sub-0115_P2,3,3
sub-0115_P2,4,4
sub-0115_P2,5,5
sub-0115_P2,6,6
sub-0115_P2,7,7
sub-0115_P2,8,8
sub-0115_P2,9,9
sub-0115_P2,10,10
sub-0115_P2,11,11
sub-0115_P2,12,12
sub-0115_P2,13,13
sub-0115_P2,14,14
sub-0115_P2,15,15
sub-0115_P2,16,16
sub-0115_P2,17,17
sub-0115_P2,18,18
sub-0115_P2,19,19
sub-0115_P2,20,20
sub-0115_P2,21,21
sub-0115_P2,22,22
sub-0115_P2,23,23
sub-0115_P2,24,24
sub-0115_P2,25,25
sub-0115_P2,26,26
sub-0115_P2,27,27
sub-0115_P2,28,29
sub-0115_P2,29,29
sub-0115_P2,30,30
sub-0115_P2,31,31
sub-0115_P2,32,32
sub-0115_P2,33,33
sub-0115_P2,34,34
sub-0115_P2,35,35
sub-0115_P2,36,27
sub-0115_P2,37,37
sub-0115_P2,38,119
sub-0115_P2,39,39
sub-0115_P2,40,40
sub-0115_P2,41,41
sub-0115_P2,42,42
sub-0115_P2,43,43
sub-0115_P2,44,44
sub-0115_P2,45,45
sub-0115_P2,46,46
sub-0115_P2,47,47
sub-0115_P2,48,48
sub-0115_P2,49,49
sub-0115_P2,50,50
sub-0115_P2,51,51
sub-0115_P2,52,52
sub-0115_P2,53,53
sub-0115_P2,54,54
sub-0115_P2,55,55
sub-0115_P2,56,56
sub-0115_P2,57,57
sub-0115_P2,58,58
sub-0115_P2,59,59
sub-0115_P2,60,60
sub-0115_P2,61,61
sub-0115_P2,62,62
sub-0115_P2,63,63
sub-0115_P2,64,64
sub-0115_P2,65,65
sub-0115_P2,66,66
sub-0115_P2,67,67
sub-0115_P2,68,68
sub-0115_P2,69,69
sub-0115_P2,70,70
sub-0115_P2,71,71
sub-0115_P2,72,72
sub-0115_P2,73,73
sub-0115_P2,74,74
sub-0115_P2,75,75
sub-0115_P2,76,76
sub-0115_P2,77,77
sub-0115_P2,78,78
sub-0115_P2,79,79
sub-0115_P2,80,80
sub-0115_P2,81,81
sub-0115_P2,82,82
sub-0115_P2,83,83
sub-0115_P2,84,84
sub-0115_P2,85,85
sub-0115_P2,86,86
sub-0115_P2,87,87
sub-0115_P2,88,88
sub-0115_P2,89,89
sub-0115_P2,90,90
sub-0115_P2,91,91
sub-0115_P2,92,92
sub-0115_P2,93,93
sub-0115_P2,94,94
sub-0115_P2,95,95
sub-0115_P2,96,96
sub-0115_P2,97,187
sub-0115_P2,98,98
sub-0115_P2,99,99
sub-0115_P2,100,100
sub-0115_P2,101,101
sub-0115_P2,102,102
sub-0115_P2,103,103
sub-0115_P2,104,104
sub-0115_P2,105,105
sub-0115_P2,106,106
sub-0115_P2,107,107
sub-0115_P2,108,108
sub-0115_P2,109,109
sub-0115_P2,110,110
sub-0115_P2,111,111
sub-0115_P2,112,112
sub-0115_P2,113,113
sub-0115_P2,114,114
sub-0115_P2,115,115
sub-0115_P2,116,116
sub-0115_P2,117,117
sub-0115_P2,118,118
sub-0115_P2,119,119
sub-0115_P2,120,120
sub-0115_P2,121,121
sub-0115_P2,122,122
sub-0115_P2,123,123
sub-0115_P2,124,124
sub-0115_P2,125,125
sub-0115_P2,126,126
sub-0115_P2,127,127
sub-0115_P2,128,128
sub-0115_P2,129,129
sub-0115_P2,130,130
sub-0115_P2,131,162
sub-0115_P2,132,132
sub-0115_P2,133,5
sub-0115_P2,134,134
sub-0115_P2,135,135
sub-0115_P2,136,136
sub-0115_P2,137,137
sub-0115_P2,138,138
sub-0115_P2,139,139
sub-0115_P2,140,140
sub-0115_P2,141,141
sub-0115_P2,142,33
sub-0115_P2,143,143
sub-0115_P2,144,144
sub-0115_P2,145,145
sub-0115_P2,146,146
sub-0115_P2,147,147
sub-0115_P2,148,148
sub-0115_P2,149,149
sub-0115_P2,150,150
sub-0115_P2,151,151
sub-0115_P2,152,152
sub-0115_P2,153,153
sub-0115_P2,154,154
sub-0115_P2,155,155
sub-0115_P2,156,156
sub-0115_P2,157,157
sub-0115_P2,158,158
sub-0115_P2,159,159
sub-0115_P2,160,160
sub-0115_P2,161,161
sub-0115_P2,162,52
sub-0115_P2,163,163
sub-0115_P2,164,164
sub-0115_P2,165,165
sub-0115_P2,166,166
sub-0115_P2,167,167
sub-0115_P2,168,168
sub-0115_P2,169,169
sub-0115_P2,170,170
sub-0115_P2,171,171
sub-0115_P2,172,172
sub-0115_P2,173,173
sub-0115_P2,174,174
sub-0115_P2,175,178
sub-0115_P2,176,176
sub-0115_P2,177,177
sub-0115_P2,178,178
sub-0115_P2,179,179
sub-0115_P2,180,180
sub-0115_P2,181,181
sub-0115_P2,182,182
sub-0115_P2,183,183
sub-0115_P2,184,70
sub-0115_P2,185,185
sub-0115_P2,186,186
sub-0115_P2,187,187
sub-0115_P2,188,188
sub-0115_P2,189,189
sub-0115_P2,190,190
sub-0115_P2,191,191
sub-0115_P2,192,192
sub-0115_P2,193,193
sub-0115_P2,194,194
sub-0115_P2,195,195
sub-0115_P2,196,196
sub-0115_P2,197,197
sub-0115_P2,198,198
sub-0115_P2,199,199
sub-0115_P2,200,200
sub-0115_P2,201,201
sub-0115_P2,202,202
sub-0115_P2,203,203
sub-0115_P2,204,203
sub-0115_P2,205,205
sub-0115_P2,206,206
sub-0115_P2,207,207
sub-0115_P2,208,208
sub-0115_P2,209,209
sub-0115_P2,210,210
sub-0115_P2,211,227
sub-0115_P2,212,212
sub-0115_P2,213,213
sub-0115_P2,214,214
sub-0115_P2,215,215
sub-0115_P2,216,216
sub-0115_P2,217,217
sub-0115_P2,218,218
sub-0115_P2,219,219
sub-0115_P2,220,220
sub-0115_P2,221,221
sub-0115_P2,222,222
sub-0115_P2,223,223
sub-0115_P2,224,224
sub-0115_P2,225,225
sub-0115_P2,226,226
sub-0115_P2,227,227
sub-0115_P2,228,228
sub-0115_P2,229,229
sub-0115_P2,230,227
sub-0115_P2,231,231
sub-0116_P2,0,0
sub-0116_P2,1,1
sub-0116_P2,2,2
sub-0116_P2,3,3
sub-0116_P2,4,4
sub-0116_P2,5,5
sub-0116_P2,6,6
sub-0116_P2,7,7
sub-0116_P2,8,8
sub-0116_P2,9,9
sub-0116_P2,10,10
sub-0116_P2,11,11
sub-0116_P2,12,12
sub-0116_P2,13,13
sub-0116_P2,14,14
sub-0116_P2,15,15
sub-0116_P2,16,16
sub-0116_P2,17,45
sub-0116_P2,18,18
sub-0116_P2,19,19
sub-0116_P2,20,20
sub-0116_P2,21,21
sub-0116_P2,22,22
sub-0116_P2,23,23
sub-0116_P2,24,24
sub-0116_P2,25,25
sub-0116_P2,26,26
sub-0116_P2,27,27
sub-0116_P2,28,28
sub-0116_P2,29,29
sub-0116_P2,30,130
sub-0116_P2,31,31
sub-0116_P2,32,32
sub-0116_P2,33,33
sub-0116_P2,34,34
sub-0116_P2,35,35
sub-0116_P2,36,36
sub-0116_P2,37,37
sub-0116_P2,38,38
sub-0116_P2,39,39
sub-0116_P2,40,40
sub-0116_P2,41,41
sub-0116_P2,42,42
sub-0116_P2,43,43
sub-0116_P2,44,44
sub-0116_P2,45,45
sub-0116_P2,46,46
sub-0116_P2,47,47
sub-0116_P2,48,48
sub-0116_P2,49,49
sub-0116_P2,50,50
sub-0116_P2,51,51
sub-0116_P2,52,52
sub-0116_P2,53,53
sub-0116_P2,54,54
sub-0116_P2,55,55
sub-0116_P2,56,56
sub-0116_P2,57,57
sub-0116_P2,58,58
sub-0116_P2,59,59
sub-0116_P2,60,60
sub-0116_P2,61,61
sub-0116_P2,62,62
sub-0116_P2,63,63
sub-0116_P2,64,64
sub-0116_P2,65,65
sub-0116_P2,66,66
sub-0116_P2,67,67
sub-0116_P2,68,68
sub-0116_P2,69,69
sub-0116_P2,70,70
sub-0116_P2,71,71
sub-0116_P2,72,72
sub-0116_P2,73,73
sub-0116_P2,74,74
sub-0116_P2,75,75
sub-0116_P2,76,76
sub-0116_P2,77,77
sub-0116_P2,78,78
sub-0116_P2,79,79
sub-0116_P2,80,80
sub-0116_P2,81,81
sub-0116_P2,82,82
sub-0116_P2,83,83
sub-0116_P2,84,84
sub-0116_P2,85,85
sub-0116_P2,86,86
sub-0116_P2,87,87
sub-0116_P2,88,88
sub-0116_P2,89,68
sub-0116_P2,90,90
sub-0116_P2,91,91
sub-0116_P2,92,50
sub-0116_P2,93,93
sub-0116_P2,94,94
sub-0116_P2,95,97
sub-0116_P2,96,96
sub-0116_P2,97,97
sub-0116_P2,98,98
sub-0116_P2,99,99
sub-0116_P2,100,100
sub-0116_P2,101,101
sub-0116_P2,102,102
sub-0116_P2,103,103
sub-0116_P2,104,104
sub-0116_P2,105,105
sub-0116_P2,106,106
sub-0116_P2,107,107
sub-0116_P2,108,108
sub-0116_P2,109,109
sub-0116_P2,110,110
sub-0116_P2,111,111
sub-0116_P2,112,112
sub-0116_P2,113,113
sub-0116_P2,114,114
sub-0116_P2,115,115
sub-0116_P2,116,116
sub-0116_P2,117,117
sub-0116_P2,118,118
sub-0116_P2,119,119
sub-0116_P2,120,120
sub-0116_P2,121,121
sub-0116_P2,122,122
sub-0116_P2,123,123
sub-0116_P2,124,124
sub-0116_P2,125,125
sub-0116_P2,126,126
sub-0116_P2,127,127
sub-0116_P2,128,128
sub-0116_P2,129,129
sub-0116_P2,130,130
sub-0116_P2,131,131
sub-0116_P2,132,132
sub-0116_P2,133,133
sub-0116_P2,134,134
sub-0116_P2,135,135
sub-0116_P2,136,136
sub-0116_P2,137,137
sub-0116_P2,138,138
sub-0116_P2,139,139
sub-0116_P2,140,140
sub-0116_P2,141,141
sub-0116_P2,142,142
sub-0116_P2,143,143
sub-0116_P2,144,144
sub-0116_P2,145,145
sub-0116_P2,146,146
sub-0116_P2,147,147
sub-0116_P2,148,148
sub-0116_P2,149,149
sub-0116_P2,150,150
sub-0116_P2,151,151
sub-0116_P2,152,152
sub-0116_P2,153,207
sub-0116_P2,154,154
sub-0116_P2,155,155
sub-0116_P2,156,156
sub-0116_P2,157,157
sub-0116_P2,158,158
sub-0116_P2,159,159
sub-0116_P2,160,160
sub-0116_P2,161,161
sub-0116_P2,162,162
sub-0116_P2,163,163
sub-0116_P2,164,164
sub-0116_P2,165,165
sub-0116_P2,166,166
sub-0116_P2,167,167
sub-0116_P2,168,168
sub-0116_P2,169,169
sub-0116_P2,170,170
sub-0116_P2,171,171
sub-0116_P2,172,172
sub-0116_P2,173,173
sub-0116_P2,174,174
sub-0116_P2,175,175
sub-0116_P2,176,176
sub-0116_P2,177,177
sub-0116_P2,178,178
sub-0116_P2,179,179
sub-0116_P2,180,180
sub-0116_P2,181,181
sub-0116_P2,182,182
sub-0116_P2,183,183
sub-0116_P2,184,184
sub-0116_P2,185,185
sub-0116_P2,186,186
sub-0116_P2,187,187
sub-0116_P2,188,188
sub-0116_P2,189,189
sub-0116_P2,190,190
sub-0116_P2,191,191
sub-0116_P2,192,192
sub-0116_P2,193,193
sub-0116_P2,194,194
sub-0116_P2,195,195
sub-0116_P2,196,196
sub-0116_P2,197,197
sub-0116_P2,198,198
sub-0116_P2,199,199
sub-0116_P2,200,163
sub-0116_P2,201,201
sub-0116_P2,202,202
sub-0116_P2,203,203
sub-0116_P2,204,204
sub-0116_P2,205,205
sub-0116_P2,206,206
sub-0116_P2,207,207
sub-0116_P2,208,208
sub-0116_P2,209,209
sub-0116_P2,210,210
sub-0116_P2,211,211
sub-0116_P2,212,212
sub-0116_P2,213,211
sub-0116_P2,214,214
sub-0116_P2,215,215
sub-0116_P2,216,216
sub-0116_P2,217,217
sub-0116_P2,218,218
sub-0116_P2,219,219
sub-0116_P2,220,204
sub-0116_P2,221,221
sub-0116_P2,222,222
sub-0116_P2,223,223
sub-0116_P2,224,224
sub-0116_P2,225,225
sub-0116_P2,226,226
sub-0116_P2,227,227
sub-0116_P2,228,228
sub-0116_P2,229,229
sub-0116_P2,230,230
sub-0116_P2,231,231
sub-0117_P2,0,0
sub-0117_P2,1,1
sub-0117_P2,2,2
sub-0117_P2,3,3
sub-0117_P2,4,4
sub-0117_P2,5,5
sub-0117_P2,6,6
sub-0117_P2,7,7
sub-0117_P2,8,8
sub-0117_P2,9,9
sub-0117_P2,10,10
sub-0117_P2,11,11
sub-0117_P2,12,140
sub-0117_P2,13,13
sub-0117_P2,14,14
sub-0117_P2,15,15
sub-0117_P2,16,16
sub-0117_P2,17,17
sub-0117_P2,18,18
sub-0117_P2,19,19
sub-0117_P2,20,20
sub-0117_P2,21,21
sub-0117_P2,22,22
sub-0117_P2,23,23
sub-0117_P2,24,131
sub-0117_P2,25,25
sub-0117_P2,26,26
sub-0117_P2,27,27
sub-0117_P2,28,28
sub-0117_P2,29,29
sub-0117_P2,30,30
sub-0117_P2,31,31
sub-0117_P2,32,32
sub-0117_P2,33,33
sub-0117_P2,34,34
sub-0117_P2,35,35
sub-0117_P2,36,36
sub-0117_P2,37,140
sub-0117_P2,38,38
sub-0117_P2,39,39
sub-0117_P2,40,40
sub-0117_P2,41,41
sub-0117_P2,42,42
sub-0117_P2,43,43
sub-0117_P2,44,44
sub-0117_P2,45,45
sub-0117_P2,46,46
sub-0117_P2,47,49
sub-0117_P2,48,48
sub-0117_P2,49,49
sub-0117_P2,50,50
sub-0117_P2,51,51
sub-0117_P2,52,52
sub-0117_P2,53,53
sub-0117_P2,54,54
sub-0117_P2,55,55
sub-0117_P2,56,56
sub-0117_P2,57,57
sub-0117_P2,58,58
sub-0117_P2,59,59
sub-0117_P2,60,60
sub-0117_P2,61,61
sub-0117_P2,62,62
sub-0117_P2,63,63
sub-0117_P2,64,64
sub-0117_P2,65,65
sub-0117_P2,66,66
sub-0117_P2,67,67
sub-0117_P2,68,68
sub-0117_P2,69,69
sub-0117_P2,70,70
sub-0117_P2,71,71
sub-0117_P2,72,72
sub-0117_P2,73,73
sub-0117_P2,74,74
sub-0117_P2,75,68
sub-0117_P2,76,76
sub-0117_P2,77,77
sub-0117_P2,78,78
sub-0117_P2,79,79
sub-0117_P2,80,80
sub-0117_P2,81,81
sub-0117_P2,82,218
sub-0117_P2,83,83
sub-0117_P2,84,84
sub-0117_P2,85,85
sub-0117_P2,86,86
sub-0117_P2,87,87
sub-0117_P2,88,88
sub-0117_P2,89,89
sub-0117_P2,90,90
sub-0117_P2,91,91
sub-0117_P2,92,92
sub-0117_P2,93,93
sub-0117_P2,94,94
sub-0117_P2,95,95
sub-0117_P2,96,96
sub-0117_P2,97,97
sub-0117_P2,98,98
sub-0117_P2,99,99
sub-0117_P2,100,100
sub-0117_P2,101,101
sub-0117_P2,102,102
sub-0117_P2,103,103
sub-0117_P2,104,104
sub-0117_P2,105,105
sub-0117_P2,106,106
sub-0117_P2,107,107
sub-0117_P2,108,108
sub-0117_P2,109,109
sub-0117_P2,110,110
sub-0117_P2,111,111
sub-0117_P2,112,112
sub-0117_P2,113,113
sub-0117_P2,114,114
sub-0117_P2,115,115
sub-0117_P2,116,116
sub-0117_P2,117,117
sub-0117_P2,118,118
sub-0117_P2,119,119
sub-0117_P2,120,120
sub-0117_P2,121,121
sub-0117_P2,122,122
sub-0117_P2,123,123
sub-0117_P2,124,124
sub-0117_P2,125,125
sub-0117_P2,126,126
sub-0117_P2,127,127
sub-0117_P2,128,128
sub-0117_P2,129,129
sub-0117_P2,130,130
sub-0117_P2,131,131
sub-0117_P2,132,132
sub-0117_P2,133,133
sub-0117_P2,134,134
sub-0117_P2,135,135
sub-0117_P2,136,136
sub-0117_P2,137,137
sub-0117_P2,138,138
sub-0117_P2,139,139
sub-0117_P2,140,140
sub-0117_P2,141,141
sub-0117_P2,142,142
sub-0117_P2,143,143
sub-0117_P2,144,144
sub-0117_P2,145,145
sub-0117_P2,146,146
sub-0117_P2,147,147
sub-0117_P2,148,148
sub-0117_P2,149,149
sub-0117_P2,150,150
sub-0117_P2,151,151
sub-0117_P2,152,152
sub-0117_P2,153,153
sub-0117_P2,154,154
sub-0117_P2,155,155
sub-0117_P2,156,156
sub-0117_P2,157,157
sub-0117_P2,158,158
sub-0117_P2,159,159
sub-0117_P2,160,211
sub-0117_P2,161,161
sub-0117_P2,162,202
sub-0117_P2,163,163
sub-0117_P2,164,164
sub-0117_P2,165,165
sub-0117_P2,166,166
sub-0117_P2,167,167
sub-0117_P2,168,168
sub-0117_P2,169,169
sub-0117_P2,170,82
sub-0117_P2,171,199
sub-0117_P2,172,172
sub-0117_P2,173,173
sub-0117_P2,174,174
sub-0117_P2,175,175
sub-0117_P2,176,176
sub-0117_P2,177,177
sub-0117_P2,178,178
sub-0117_P2,179,179
sub-0117_P2,180,180
sub-0117_P2,181,181
sub-0117_P2,182,182
sub-0117_P2,183,172
sub-0117_P2,184,184
sub-0117_P2,185,185
sub-0117_P2,186,186
sub-0117_P2,187,187
sub-0117_P2,188,188
sub-0117_P2,189,189
sub-0117_P2,190,190
sub-0117_P2,191,191
sub-0117_P2,192,192
sub-0117_P2,193,193
sub-0117_P2,194,194
sub-0117_P2,195,195
sub-0117_P2,196,196
sub-0117_P2,197,197
sub-0117_P2,198,198
sub-0117_P2,199,199
sub-0117_P2,200,200
sub-0117_P2,201,201
sub-0117_P2,202,218
sub-0117_P2,203,203
sub-0117_P2,204,204
sub-0117_P2,205,205
sub-0117_P2,206,206
sub-0117_P2,207,207
sub-0117_P2,208,55
sub-0117_P2,209,209
sub-0117_P2,210,210
sub-0117_P2,211,211
sub-0117_P2,212,212
sub-0117_P2,213,213
sub-0117_P2,214,214
sub-0117_P2,215,215
sub-0117_P2,216,216
sub-0117_P2,217,217
sub-0117_P2,218,218
sub-0117_P2,219,219
sub-0117_P2,220,210
sub-0117_P2,221,221
sub-0117_P2,222,222
sub-0117_P2,223,223
sub-0117_P2,224,224
sub-0117_P2,225,225
sub-0117_P2,226,226
sub-0117_P2,227,227
sub-0117_P2,228,228
sub-0117_P2,229,229
sub-0117_P2,230,230
sub-0117_P2,231,231
sub-0118_P2,0,0
sub-0118_P2,1,1
sub-0118_P2,2,2
sub-0118_P2,3,3
sub-0118_P2,4,33
sub-0118_P2,5,5
sub-0118_P2,6,6
sub-0118_P2,7,7
sub-0118_P2,8,8
sub-0118_P2,9,9
sub-0118_P2,10,107
sub-0118_P2,11,11
sub-0118_P2,12,22
sub-0118_P2,13,13
sub-0118_P2,14,14
sub-0118_P2,15,15
sub-0118_P2,16,16
sub-0118_P2,17,17
sub-0118_P2,18,18
sub-0118_P2,19,19
sub-0118_P2,20,20
sub-0118_P2,21,21
sub-0118_P2,22,22
sub-0118_P2,23,23
sub-0118_P2,24,24
sub-0118_P2,25,25
sub-0118_P2,26,26
sub-0118_P2,27,27
sub-0118_P2,28,28
sub-0118_P2,29,29
sub-0118_P2,30,30
sub-0118_P2,31,31
sub-0118_P2,32,32
sub-0118_P2,33,33
sub-0118_P2,34,34
sub-0118_P2,35,35
sub-0118_P2,36,36
sub-0118_P2,37,37
sub-0118_P2,38,38
sub-0118_P2,39,39
sub-0118_P2,40,40
sub-0118_P2,41,41
sub-0118_P2,42,42
sub-0118_P2,43,43
sub-0118_P2,44,44
sub-0118_P2,45,45
sub-0118_P2,46,46
sub-0118_P2,47,47
sub-0118_P2,48,48
sub-0118_P2,49,49
sub-0118_P2,50,50
sub-0118_P2,51,51
sub-0118_P2,52,52
sub-0118_P2,53,208
sub-0118_P2,54,54
sub-0118_P2,55,202
sub-0118_P2,56,56
sub-0118_P2,57,57
sub-0118_P2,58,58
sub-0118_P2,59,59
sub-0118_P2,60,60
sub-0118_P2,61,61
sub-0118_P2,62,62
sub-0118_P2,63,63
sub-0118_P2,64,64
sub-0118_P2,65,169
sub-0118_P2,66,66
sub-0118_P2,67,67
sub-0118_P2,68,68
sub-0118_P2,69,69
sub-0118_P2,70,70
sub-0118_P2,71,182
sub-0118_P2,72,72
sub-0118_P2,73,73
sub-0118_P2,74,74
sub-0118_P2,75,75
sub-0118_P2,76,76
sub-0118_P2,77,77
sub-0118_P2,78,78
sub-0118_P2,79,79
sub-0118_P2,80,80
sub-0118_P2,81,81
sub-0118_P2,82,153
sub-0118_P2,83,187
sub-0118_P2,84,84
sub-0118_P2,85,85
sub-0118_P2,86,187
sub-0118_P2,87,87
sub-0118_P2,88,88
sub-0118_P2,89,89
sub-0118_P2,90,50
sub-0118_P2,91,91
sub-0118_P2,92,92
sub-0118_P2,93,93
sub-0118_P2,94,52
sub-0118_P2,95,95
sub-0118_P2,96,96
sub-0118_P2,97,97
sub-0118_P2,98,98
sub-0118_P2,99,99
sub-0118_P2,100,100
sub-0118_P2,101,101
sub-0118_P2,102,3
sub-0118_P2,103,103
sub-0118_P2,104,104
sub-0118_P2,105,105
sub-0118_P2,106,106
sub-0118_P2,107,107
sub-0118_P2,108,108
sub-0118_P2,109,109
sub-0118_P2,110,110
sub-0118_P2,111,111
sub-0118_P2,112,112
sub-0118_P2,113,113
sub-0118_P2,114,114
sub-0118_P2,115,115
sub-0118_P2,116,116
sub-0118_P2,117,117
sub-0118_P2,118,27
sub-0118_P2,119,119
sub-0118_P2,120,120
sub-0118_P2,121,121
sub-0118_P2,122,122
sub-0118_P2,123,123
sub-0118_P2,124,124
sub-0118_P2,125,125
sub-0118_P2,126,126
sub-0118_P2,127,127
sub-0118_P2,128,128
sub-0118_P2,129,129
sub-0118_P2,130,130
sub-0118_P2,131,131
sub-0118_P2,132,132
sub-0118_P2,133,133
sub-0118_P2,134,134
sub-0118_P2,135,135
sub-0118_P2,136,136
sub-0118_P2,137,137
sub-0118_P2,138,138
sub-0118_P2,139,139
sub-0118_P2,140,140
sub-0118_P2,141,141
sub-0118_P2,142,198
sub-0118_P2,143,55
sub-0118_P2,144,126
sub-0118_P2,145,145
sub-0118_P2,146,146
sub-0118_P2,147,147
sub-0118_P2,148,148
sub-0118_P2,149,149
sub-0118_P2,150,198
sub-0118_P2,151,151
sub-0118_P2,152,152
sub-0118_P2,153,153
sub-0118_P2,154,154
sub-0118_P2,155,155
sub-0118_P2,156,156
sub-0118_P2,157,157
sub-0118_P2,158,158
sub-0118_P2,159,159
sub-0118_P2,160,158
sub-0118_P2,161,161
sub-0118_P2,162,52
sub-0118_P2,163,163
sub-0118_P2,164,164
sub-0118_P2,165,165
sub-0118_P2,166,166
sub-0118_P2,167,167
sub-0118_P2,168,168
sub-0118_P2,169,169
sub-0118_P2,170,170
sub-0118_P2,171,171
sub-0118_P2,172,172
sub-0118_P2,173,173
sub-0118_P2,174,174
sub-0118_P2,175,175
sub-0118_P2,176,176
sub-0118_P2,177,177
sub-0118_P2,178,178
sub-0118_P2,179,179
sub-0118_P2,180,180
sub-0118_P2,181,184
sub-0118_P2,182,182
sub-0118_P2,183,183
sub-0118_P2,184,184
sub-0118_P2,185,185
sub-0118_P2,186,186
sub-0118_P2,187,187
sub-0118_P2,188,188
sub-0118_P2,189,189
sub-0118_P2,190,190
sub-0118_P2,191,191
sub-0118_P2,192,192
sub-0118_P2,193,193
sub-0118_P2,194,194
sub-0118_P2,195,195
sub-0118_P2,196,196
sub-0118_P2,197,197
sub-0118_P2,198,198
sub-0118_P2,199,199
sub-0118_P2,200,203
sub-0118_P2,201,201
sub-0118_P2,202,202
sub-0118_P2,203,203
sub-0118_P2,204,204
sub-0118_P2,205,205
sub-0118_P2,206,206
sub-0118_P2,207,207
sub-0118_P2,208,208
sub-0118_P2,209,209
sub-0118_P2,210,210
sub-0118_P2,211,211
sub-0118_P2,212,224
sub-0118_P2,213,213
sub-0118_P2,214,214
sub-0118_P2,215,215
sub-0118_P2,216,216
sub-0118_P2,217,217
sub-0118_P2,218,218
sub-0118_P2,219,219
sub-0118_P2,220,204
sub-0118_P2,221,221
sub-0118_P2,222,222
sub-0118_P2,223,223
sub-0118_P2,224,224
sub-0118_P2,225,225
sub-0118_P2,226,226
sub-0118_P2,227,227
sub-0118_P2,228,228
sub-0118_P2,229,229
sub-0118_P2,230,230
sub-0118_P2,231,231
sub-0119_P2,0,0
sub-0119_P2,1,1
sub-0119_P2,2,2
sub-0119_P2,3,3
sub-0119_P2,4,4
sub-0119_P2,5,5
sub-0119_P2,6,6
sub-0119_P2,7,7
sub-0119_P2,8,8
sub-0119_P2,9,9
sub-0119_P2,10,10
sub-0119_P2,11,11
sub-0119_P2,12,12
sub-0119_P2,13,13
sub-0119_P2,14,14
sub-0119_P2,15,15
sub-0119_P2,16,16
sub-0119_P2,17,17
sub-0119_P2,18,18
sub-0119_P2,19,19
sub-0119_P2,20,20
sub-0119_P2,21,21
sub-0119_P2,22,22
sub-0119_P2,23,23
sub-0119_P2,24,24
sub-0119_P2,25,25
sub-0119_P2,26,26
sub-0119_P2,27,210
sub-0119_P2,28,28
sub-0119_P2,29,29
sub-0119_P2,30,30
sub-0119_P2,31,31
sub-0119_P2,32,32
sub-0119_P2,33,33
sub-0119_P2,34,34
sub-0119_P2,35,35
sub-0119_P2,36,36
sub-0119_P2,37,37
sub-0119_P2,38,38
sub-0119_P2,39,39
sub-0119_P2,40,210
sub-0119_P2,41,41
sub-0119_P2,42,42
sub-0119_P2,43,43
sub-0119_P2,44,44
sub-0119_P2,45,45
sub-0119_P2,46,46
sub-0119_P2,47,47
sub-0119_P2,48,48
sub-0119_P2,49,49
sub-0119_P2,50,50
sub-0119_P2,51,51
sub-0119_P2,52,52
sub-0119_P2,53,53
sub-0119_P2,54,54
sub-0119_P2,55,55
sub-0119_P2,56,56
sub-0119_P2,57,57
sub-0119_P2,58,58
sub-0119_P2,59,59
sub-0119_P2,60,60
sub-0119_P2,61,61
sub-0119_P2,62,62
sub-0119_P2,63,63
sub-0119_P2,64,64
sub-0119_P2,65,65
sub-0119_P2,66,66
sub-0119_P2,67,67
sub-0119_P2,68,68
sub-0119_P2,69,69
sub-0119_P2,70,93
sub-0119_P2,71,71
sub-0119_P2,72,72
sub-0119_P2,73,73
sub-0119_P2,74,74
sub-0119_P2,75,75
sub-0119_P2,76,76
sub-0119_P2,77,77
sub-0119_P2,78,78
sub-0119_P2,79,79
sub-0119_P2,80,80
sub-0119_P2,81,81
sub-0119_P2,82,82
sub-0119_P2,83,83
sub-0119_P2,84,84
sub-0119_P2,85,85
sub-0119_P2,86,86
sub-0119_P2,87,87
sub-0119_P2,88,88
sub-0119_P2,89,89
sub-0119_P2,90,90
sub-0119_P2,91,91
sub-0119_P2,92,92
sub-0119_P2,93,93
sub-0119_P2,94,94
sub-0119_P2,95,95
sub-0119_P2,96,96
sub-0119_P2,97,97
sub-0119_P2,98,98
sub-0119_P2,99,99
sub-0119_P2,100,100
sub-0119_P2,101,101
sub-0119_P2,102,102
sub-0119_P2,103,103
sub-0119_P2,104,104
sub-0119_P2,105,105
sub-0119_P2,106,106
sub-0119_P2,107,8
sub-0119_P2,108,108
sub-0119_P2,109,109
sub-0119_P2,110,110
sub-0119_P2,111,111
sub-0119_P2,112,112
sub-0119_P2,113,113
sub-0119_P2,114,114
sub-0119_P2,115,115
sub-0119_P2,116,116
sub-0119_P2,117,117
sub-0119_P2,118,118
sub-0119_P2,119,119
sub-0119_P2,120,120
sub-0119_P2,121,121
sub-0119_P2,122,122
sub-0119_P2,123,123
sub-0119_P2,124,124
sub-0119_P2,125,125
sub-0119_P2,126,126
sub-0119_P2,127,205
sub-0119_P2,128,128
sub-0119_P2,129,129
sub-0119_P2,130,130
sub-0119_P2,131,131
sub-0119_P2,132,132
sub-0119_P2,133,133
sub-0119_P2,134,134
sub-0119_P2,135,135
sub-0119_P2,136,136
sub-0119_P2,137,137
sub-0119_P2,138,138
sub-0119_P2,139,139
sub-0119_P2,140,140
sub-0119_P2,141,141
sub-0119_P2,142,142
sub-0119_P2,143,143
sub-0119_P2,144,144
sub-0119_P2,145,145
sub-0119_P2,146,146
sub-0119_P2,147,147
sub-0119_P2,148,148
sub-0119_P2,149,149
sub-0119_P2,150,150
sub-0119_P2,151,151
sub-0119_P2,152,152
sub-0119_P2,153,153
sub-0119_P2,154,154
sub-0119_P2,155,155
sub-0119_P2,156,156
sub-0119_P2,157,157
sub-0119_P2,158,158
sub-0119_P2,159,159
sub-0119_P2,160,160
sub-0119_P2,161,161
sub-0119_P2,162,162
sub-0119_P2,163,163
sub-0119_P2,164,164
sub-0119_P2,165,165
sub-0119_P2,166,166
sub-0119_P2,167,167
sub-0119_P2,168,168
sub-0119_P2,169,169
sub-0119_P2,170,170
sub-0119_P2,171,171
sub-0119_P2,172,172
sub-0119_P2,173,173
sub-0119_P2,174,174
sub-0119_P2,175,175
sub-0119_P2,176,176
sub-0119_P2,177,177
sub-0119_P2,178,178
sub-0119_P2,179,179
sub-0119_P2,180,180
sub-0119_P2,181,181
sub-0119_P2,182,182
sub-0119_P2,183,183
sub-0119_P2,184,184
sub-0119_P2,185,185
sub-0119_P2,186,186
sub-0119_P2,187,187
sub-0119_P2,188,188
sub-0119_P2,189,189
sub-0119_P2,190,190
sub-0119_P2,191,191
sub-0119_P2,192,192
sub-0119_P2,193,183
sub-0119_P2,194,194
sub-0119_P2,195,195
sub-0119_P2,196,196
sub-0119_P2,197,196
sub-0119_P2,198,189
sub-0119_P2,199,199
sub-0119_P2,200,200
sub-0119_P2,201,201
sub-0119_P2,202,202
sub-0119_P2,203,203
sub-0119_P2,204,204
sub-0119_P2,205,211
sub-0119_P2,206,206
sub-0119_P2,207,207
sub-0119_P2,208,208
sub-0119_P2,209,224
sub-0119_P2,210,210
sub-0119_P2,211,211
sub-0119_P2,212,212
sub-0119_P2,213,213
sub-0119_P2,214,214
sub-0119_P2,215,215
sub-0119_P2,216,216
sub-0119_P2,217,217
sub-0119_P2,218,218
sub-0119_P2,219,55
sub-0119_P2,220,220
sub-0119_P2,221,221
sub-0119_P2,222,222
sub-0119_P2,223,223
sub-0119_P2,224,224
sub-0119_P2,225,225
sub-0119_P2,226,210
sub-0119_P2,227,227
sub-0119_P2,228,228
sub-0119_P2,229,229
sub-0119_P2,230,230
sub-0119_P2,231,231
sub-0120_P2,0,3
sub-0120_P2,1,1
sub-0120_P2,2,2
sub-0120_P2,3,3
sub-0120_P2,4,4
sub-0120_P2,5,5
sub-0120_P2,6,6
sub-0120_P2,7,7
sub-0120_P2,8,8
sub-0120_P2,9,9
sub-0120_P2,10,10
sub-0120_P2,11,11
sub-0120_P2,12,12
sub-0120_P2,13,13
sub-0120_P2,14,14
sub-0120_P2,15,15
sub-0120_P2,16,16
sub-0120_P2,17,17
sub-0120_P2,18,18
sub-0120_P2,19,19
sub-0120_P2,20,20
sub-0120_P2,21,21
sub-0120_P2,22,22
sub-0120_P2,23,23
sub-0120_P2,24,24
sub-0120_P2,25,25
sub-0120_P2,26,26
sub-0120_P2,27,27
sub-0120_P2,28,28
sub-0120_P2,29,29
sub-0120_P2,30,30
sub-0120_P2,31,31
sub-0120_P2,32,32
sub-0120_P2,33,33
sub-0120_P2,34,34
sub-0120_P2,35,35
sub-0120_P2,36,36
sub-0120_P2,37,37
sub-0120_P2,38,38
sub-0120_P2,39,41
sub-0120_P2,40,40
sub-0120_P2,41,41
sub-0120_P2,42,42
sub-0120_P2,43,43
sub-0120_P2,44,44
sub-0120_P2,45,45
sub-0120_P2,46,46
sub-0120_P2,47,47
sub-0120_P2,48,48
sub-0120_P2,49,49
sub-0120_P2,50,50
sub-0120_P2,51,51
sub-0120_P2,52,52
sub-0120_P2,53,53
sub-0120_P2,54,54
sub-0120_P2,55,55
sub-0120_P2,56,163
sub-0120_P2,57,57
sub-0120_P2,58,58
sub-0120_P2,59,59
sub-0120_P2,60,60
sub-0120_P2,61,61
sub-0120_P2,62,62
sub-0120_P2,63,63
sub-0120_P2,64,64
sub-0120_P2,65,65
sub-0120_P2,66,66
sub-0120_P2,67,67
sub-0120_P2,68,68
sub-0120_P2,69,93
sub-0120_P2,70,70
sub-0120_P2,71,71
sub-0120_P2,72,72
sub-0120_P2,73,73
sub-0120_P2,74,74
sub-0120_P2,75,75
sub-0120_P2,76,76
sub-0120_P2,77,77
sub-0120_P2,78,78
sub-0120_P2,79,79
sub-0120_P2,80,80
sub-0120_P2,81,81
sub-0120_P2,82,82
sub-0120_P2,83,83
sub-0120_P2,84,84
sub-0120_P2,85,85
sub-0120_P2,86,86
sub-0120_P2,87,87
sub-0120_P2,88,88
sub-0120_P2,89,89
sub-0120_P2,90,90
sub-0120_P2,91,91
sub-0120_P2,92,92
sub-0120_P2,93,93
sub-0120_P2,94,94
sub-0120_P2,95,95
sub-0120_P2,96,96
sub-0120_P2,97,97
sub-0120_P2,98,98
sub-0120_P2,99,99
sub-0120_P2,100,3
sub-0120_P2,101,101
sub-0120_P2,102,102
sub-0120_P2,103,103
sub-0120_P2,104,104
sub-0120_P2,105,105
sub-0120_P2,106,106
sub-0120_P2,107,107
sub-0120_P2,108,108
sub-0120_P2,109,109
sub-0120_P2,110,110
sub-0120_P2,111,111
sub-0120_P2,112,218
sub-0120_P2,113,113
sub-0120_P2,114,114
sub-0120_P2,115,115
sub-0120_P2,116,116
sub-0120_P2,117,117
sub-0120_P2,118,118
sub-0120_P2,119,119
sub-0120_P2,120,120
sub-0120_P2,121,121
sub-0120_P2,122,122
sub-0120_P2,123,123
sub-0120_P2,124,124
sub-0120_P2,125,124
sub-0120_P2,126,126
sub-0120_P2,127,127
sub-0120_P2,128,128
sub-0120_P2,129,129
sub-0120_P2,130,130
sub-0120_P2,131,131
sub-0120_P2,132,132
sub-0120_P2,133,133
sub-0120_P2,134,134
sub-0120_P2,135,135
sub-0120_P2,136,136
sub-0120_P2,137,137
sub-0120_P2,138,138
sub-0120_P2,139,139
sub-0120_P2,140,136
sub-0120_P2,141,141
sub-0120_P2,142,142
sub-0120_P2,143,143
sub-0120_P2,144,144
sub-0120_P2,145,145
sub-0120_P2,146,146
sub-0120_P2,147,223
sub-0120_P2,148,148
sub-0120_P2,149,149
sub-0120_P2,150,150
sub-0120_P2,151,151
sub-0120_P2,152,152
sub-0120_P2,153,153
sub-0120_P2,154,154
sub-0120_P2,155,155
sub-0120_P2,156,156
sub-0120_P2,157,157
sub-0120_P2,158,158
sub-0120_P2,159,159
sub-0120_P2,160,52
sub-0120_P2,161,161
sub-0120_P2,162,162
sub-0120_P2,163,163
sub-0120_P2,164,164
sub-0120_P2,165,165
sub-0120_P2,166,166
sub-0120_P2,167,167
sub-0120_P2,168,168
sub-0120_P2,169,169
sub-0120_P2,170,170
sub-0120_P2,171,66
sub-0120_P2,172,172
sub-0120_P2,173,173
sub-0120_P2,174,174
sub-0120_P2,175,175
sub-0120_P2,176,176
sub-0120_P2,177,177
sub-0120_P2,178,178
sub-0120_P2,179,179
sub-0120_P2,180,180
sub-0120_P2,181,181
sub-0120_P2,182,182
sub-0120_P2,183,183
sub-0120_P2,184,184
sub-0120_P2,185,185
sub-0120_P2,186,186
sub-0120_P2,187,187
sub-0120_P2,188,188
sub-0120_P2,189,189
sub-0120_P2,190,190
sub-0120_P2,191,191
sub-0120_P2,192,192
sub-0120_P2,193,193
sub-0120_P2,194,194
sub-0120_P2,195,195
sub-0120_P2,196,196
sub-0120_P2,197,197
sub-0120_P2,198,198
sub-0120_P2,199,199
sub-0120_P2,200,200
sub-0120_P2,201,201
sub-0120_P2,202,202
sub-0120_P2,203,203
sub-0120_P2,204,204
sub-0120_P2,205,205
sub-0120_P2,206,206
sub-0120_P2,207,207
sub-0120_P2,208,208
sub-0120_P2,209,209
sub-0120_P2,210,210
sub-0120_P2,211,211
sub-0120_P2,212,212
sub-0120_P2,213,213
sub-0120_P2,214,214
sub-0120_P2,215,215
sub-0120_P2,216,216
sub-0120_P2,217,217
sub-0120_P2,218,218
sub-0120_P2,219,219
sub-0120_P2,220,220
sub-0120_P2,221,221
sub-0120_P2,222,222
sub-0120_P2,223,223
sub-0120_P2,224,224
sub-0120_P2,225,225
sub-0120_P2,226,211
sub-0120_P2,227,227
sub-0120_P2,228,228
sub-0120_P2,229,229
sub-0120_P2,230,230
sub-0120_P2,231,231
sub-0121_P2,0,0
sub-0121_P2,1,1
sub-0121_P2,2,2
sub-0121_P2,3,3
sub-0121_P2,4,4
sub-0121_P2,5,5
sub-0121_P2,6,6
sub-0121_P2,7,7
sub-0121_P2,8,8
sub-0121_P2,9,9
sub-0121_P2,10,10
sub-0121_P2,11,11
sub-0121_P2,12,12
sub-0121_P2,13,13
sub-0121_P2,14,14
sub-0121_P2,15,15
sub-0121_P2,16,16
sub-0121_P2,17,17
sub-0121_P2,18,18
sub-0121_P2,19,19
sub-0121_P2,20,20
sub-0121_P2,21,21
sub-0121_P2,22,22
sub-0121_P2,23,23
sub-0121_P2,24,24
sub-0121_P2,25,25
sub-0121_P2,26,26
sub-0121_P2,27,27
sub-0121_P2,28,28
sub-0121_P2,29,163
sub-0121_P2,30,30
sub-0121_P2,31,31
sub-0121_P2,32,32
sub-0121_P2,33,33
sub-0121_P2,34,34
sub-0121_P2,35,35
sub-0121_P2,36,36
sub-0121_P2,37,37
sub-0121_P2,38,38
sub-0121_P2,39,39
sub-0121_P2,40,40
sub-0121_P2,41,41
sub-0121_P2,42,42
sub-0121_P2,43,43
sub-0121_P2,44,44
sub-0121_P2,45,45
sub-0121_P2,46,46
sub-0121_P2,47,47
sub-0121_P2,48,48
sub-0121_P2,49,187
sub-0121_P2,50,50
sub-0121_P2,51,51
sub-0121_P2,52,52
sub-0121_P2,53,53
sub-0121_P2,54,54
sub-0121_P2,55,202
sub-0121_P2,56,56
sub-0121_P2,57,57
sub-0121_P2,58,58
sub-0121_P2,59,59
sub-0121_P2,60,60
sub-0121_P2,61,61
sub-0121_P2,62,62
sub-0121_P2,63,63
sub-0121_P2,64,64
sub-0121_P2,65,65
sub-0121_P2,66,66
sub-0121_P2,67,67
sub-0121_P2,68,68
sub-0121_P2,69,69
sub-0121_P2,70,70
sub-0121_P2,71,71
sub-0121_P2,72,72
sub-0121_P2,73,73
sub-0121_P2,74,74
sub-0121_P2,75,75
sub-0121_P2,76,76
sub-0121_P2,77,182
sub-0121_P2,78,78
sub-0121_P2,79,79
sub-0121_P2,80,80
sub-0121_P2,81,81
sub-0121_P2,82,82
sub-0121_P2,83,83
sub-0121_P2,84,84
sub-0121_P2,85,85
sub-0121_P2,86,86
sub-0121_P2,87,87
sub-0121_P2,88,88
sub-0121_P2,89,89
sub-0121_P2,90,90
sub-0121_P2,91,91
sub-0121_P2,92,92
sub-0121_P2,93,93
sub-0121_P2,94,94
sub-0121_P2,95,37
sub-0121_P2,96,217
sub-0121_P2,97,97
sub-0121_P2,98,98
sub-0121_P2,99,99
sub-0121_P2,100,100
sub-0121_P2,101,101
sub-0121_P2,102,102
sub-0121_P2,103,103
sub-0121_P2,104,104
sub-0121_P2,105,105
sub-0121_P2,106,106
sub-0121_P2,107,107
sub-0121_P2,108,108
sub-0121_P2,109,109
sub-0121_P2,110,110
sub-0121_P2,111,111
sub-0121_P2,112,112
sub-0121_P2,113,113
sub-0121_P2,114,118
sub-0121_P2,115,115
sub-0121_P2,116,116
sub-0121_P2,117,117
sub-0121_P2,118,118
sub-0121_P2,119,119
sub-0121_P2,120,120
sub-0121_P2,121,121
sub-0121_P2,122,122
sub-0121_P2,123,123
sub-0121_P2,124,124
sub-0121_P2,125,125
sub-0121_P2,126,126
sub-0121_P2,127,127
sub-0121_P2,128,128
sub-0121_P2,129,129
sub-0121_P2,130,130
sub-0121_P2,131,131
sub-0121_P2,132,132
sub-0121_P2,133,133
sub-0121_P2,134,134
sub-0121_P2,135,135
sub-0121_P2,136,136
sub-0121_P2,137,142
sub-0121_P2,138,138
sub-0121_P2,139,139
sub-0121_P2,140,142
sub-0121_P2,141,141
sub-0121_P2,142,142
sub-0121_P2,143,143
sub-0121_P2,144,144
sub-0121_P2,145,145
sub-0121_P2,146,146
sub-0121_P2,147,147
sub-0121_P2,148,148
sub-0121_P2,149,149
sub-0121_P2,150,150
sub-0121_P2,151,151
sub-0121_P2,152,152
sub-0121_P2,153,153
sub-0121_P2,154,154
sub-0121_P2,155,155
sub-0121_P2,156,156
sub-0121_P2,157,157
sub-0121_P2,158,158
sub-0121_P2,159,159
sub-0121_P2,160,162
sub-0121_P2,161,161
sub-0121_P2,162,162
sub-0121_P2,163,163
sub-0121_P2,164,164
sub-0121_P2,165,165
sub-0121_P2,166,166
sub-0121_P2,167,167
sub-0121_P2,168,168
sub-0121_P2,169,169
sub-0121_P2,170,170
sub-0121_P2,171,171
sub-0121_P2,172,172
sub-0121_P2,173,173
sub-0121_P2,174,174
sub-0121_P2,175,175
sub-0121_P2,176,176
sub-0121_P2,177,177
sub-0121_P2,178,178
sub-0121_P2,179,179
sub-0121_P2,180,180
sub-0121_P2,181,181
sub-0121_P2,182,182
sub-0121_P2,183,183
sub-0121_P2,184,184
sub-0121_P2,185,185
sub-0121_P2,186,186
sub-0121_P2,187,211
sub-0121_P2,188,188
sub-0121_P2,189,189
sub-0121_P2,190,190
sub-0121_P2,191,191
sub-0121_P2,192,192
sub-0121_P2,193,193
sub-0121_P2,194,194
sub-0121_P2,195,195
sub-0121_P2,196,196
sub-0121_P2,197,197
sub-0121_P2,198,198
sub-0121_P2,199,199
sub-0121_P2,200,200
sub-0121_P2,201,202
sub-0121_P2,202,202
sub-0121_P2,203,203
sub-0121_P2,204,204
sub-0121_P2,205,205
sub-0121_P2,206,206
sub-0121_P2,207,207
sub-0121_P2,208,208
sub-0121_P2,209,157
sub-0121_P2,210,210
sub-0121_P2,211,227
sub-0121_P2,212,212
sub-0121_P2,213,213
sub-0121_P2,214,214
sub-0121_P2,215,215
sub-0121_P2,216,202
sub-0121_P2,217,217
sub-0121_P2,218,218
sub-0121_P2,219,202
sub-0121_P2,220,220
sub-0121_P2,221,221
sub-0121_P2,222,222
sub-0121_P2,223,223
sub-0121_P2,224,187
sub-0121_P2,225,225
sub-0121_P2,226,222
sub-0121_P2,227,227
sub-0121_P2,228,228
sub-0121_P2,229,229
sub-0121_P2,230,230
sub-0121_P2,231,231
sub-0122_P2,0,0
sub-0122_P2,1,1
sub-0122_P2,2,2
sub-0122_P2,3,3
sub-0122_P2,4,4
sub-0122_P2,5,5
sub-0122_P2,6,6
sub-0122_P2,7,7
sub-0122_P2,8,8
sub-0122_P2,9,9
sub-0122_P2,10,10
sub-0122_P2,11,11
sub-0122_P2,12,12
sub-0122_P2,13,13
sub-0122_P2,14,14
sub-0122_P2,15,15
sub-0122_P2,16,16
sub-0122_P2,17,17
sub-0122_P2,18,18
sub-0122_P2,19,19
sub-0122_P2,20,20
sub-0122_P2,21,21
sub-0122_P2,22,22
sub-0122_P2,23,23
sub-0122_P2,24,24
sub-0122_P2,25,25
sub-0122_P2,26,26
sub-0122_P2,27,27
sub-0122_P2,28,28
sub-0122_P2,29,29
sub-0122_P2,30,30
sub-0122_P2,31,31
sub-0122_P2,32,32
sub-0122_P2,33,33
sub-0122_P2,34,34
sub-0122_P2,35,35
sub-0122_P2,36,36
sub-0122_P2,37,37
sub-0122_P2,38,38
sub-0122_P2,39,39
sub-0122_P2,40,40
sub-0122_P2,41,41
sub-0122_P2,42,42
sub-0122_P2,43,43
sub-0122_P2,44,44
sub-0122_P2,45,45
sub-0122_P2,46,46
sub-0122_P2,47,47
sub-0122_P2,48,48
sub-0122_P2,49,49
sub-0122_P2,50,92
sub-0122_P2,51,51
sub-0122_P2,52,53
sub-0122_P2,53,53
sub-0122_P2,54,54
sub-0122_P2,55,55
sub-0122_P2,56,56
sub-0122_P2,57,57
sub-0122_P2,58,34
sub-0122_P2,59,59
sub-0122_P2,60,60
sub-0122_P2,61,61
sub-0122_P2,62,62
sub-0122_P2,63,63
sub-0122_P2,64,64
sub-0122_P2,65,65
sub-0122_P2,66,66
sub-0122_P2,67,67
sub-0122_P2,68,68
sub-0122_P2,69,69
sub-0122_P2,70,70
sub-0122_P2,71,71
sub-0122_P2,72,72
sub-0122_P2,73,73
sub-0122_P2,74,68
sub-0122_P2,75,75
sub-0122_P2,76,76
sub-0122_P2,77,187
sub-0122_P2,78,78
sub-0122_P2,79,186
sub-0122_P2,80,80
sub-0122_P2,81,81
sub-0122_P2,82,82
sub-0122_P2,83,83
sub-0122_P2,84,84
sub-0122_P2,85,85
sub-0122_P2,86,86
sub-0122_P2,87,87
sub-0122_P2,88,88
sub-0122_P2,89,89
sub-0122_P2,90,90
sub-0122_P2,91,91
sub-0122_P2,92,92
sub-0122_P2,93,93
sub-0122_P2,94,94
sub-0122_P2,95,95
sub-0122_P2,96,96
sub-0122_P2,97,97
sub-0122_P2,98,227
sub-0122_P2,99,99
sub-0122_P2,100,100
sub-0122_P2,101,101
sub-0122_P2,102,102
sub-0122_P2,103,103
sub-0122_P2,104,104
sub-0122_P2,105,105
sub-0122_P2,106,106
sub-0122_P2,107,107
sub-0122_P2,108,108
sub-0122_P2,109,109
sub-0122_P2,110,110
sub-0122_P2,111,111
sub-0122_P2,112,112
sub-0122_P2,113,117
sub-0122_P2,114,114
sub-0122_P2,115,115
sub-0122_P2,116,116
sub-0122_P2,117,117
sub-0122_P2,118,118
sub-0122_P2,119,119
sub-0122_P2,120,120
sub-0122_P2,121,121
sub-0122_P2,122,122
sub-0122_P2,123,123
sub-0122_P2,124,124
sub-0122_P2,125,125
sub-0122_P2,126,126
sub-0122_P2,127,127
sub-0122_P2,128,128
sub-0122_P2,129,129
sub-0122_P2,130,130
sub-0122_P2,131,131
sub-0122_P2,132,132
sub-0122_P2,133,133
sub-0122_P2,134,134
sub-0122_P2,135,135
sub-0122_P2,136,136
sub-0122_P2,137,137
sub-0122_P2,138,138
sub-0122_P2,139,139
sub-0122_P2,140,140
sub-0122_P2,141,141
sub-0122_P2,142,142
sub-0122_P2,143,143
sub-0122_P2,144,144
sub-0122_P2,145,145
sub-0122_P2,146,146
sub-0122_P2,147,147
sub-0122_P2,148,148
sub-0122_P2,149,149
sub-0122_P2,150,150
sub-0122_P2,151,151
sub-0122_P2,152,152
sub-0122_P2,153,153
sub-0122_P2,154,154
sub-0122_P2,155,155
sub-0122_P2,156,156
sub-0122_P2,157,157
sub-0122_P2,158,158
sub-0122_P2,159,159
sub-0122_P2,160,160
sub-0122_P2,161,161
sub-0122_P2,162,162
sub-0122_P2,163,163
sub-0122_P2,164,99
sub-0122_P2,165,165
sub-0122_P2,166,166
sub-0122_P2,167,63
sub-0122_P2,168,168
sub-0122_P2,169,169
sub-0122_P2,170,170
sub-0122_P2,171,171
sub-0122_P2,172,172
sub-0122_P2,173,173
sub-0122_P2,174,227
sub-0122_P2,175,175
sub-0122_P2,176,176
sub-0122_P2,177,177
sub-0122_P2,178,178
sub-0122_P2,179,179
sub-0122_P2,180,180
sub-0122_P2,181,181
sub-0122_P2,182,182
sub-0122_P2,183,183
sub-0122_P2,184,184
sub-0122_P2,185,185
sub-0122_P2,186,186
sub-0122_P2,187,187
sub-0122_P2,188,188
sub-0122_P2,189,189
sub-0122_P2,190,190
sub-0122_P2,191,191
sub-0122_P2,192,192
sub-0122_P2,193,193
sub-0122_P2,194,194
sub-0122_P2,195,195
sub-0122_P2,196,84
sub-0122_P2,197,197
sub-0122_P2,198,198
sub-0122_P2,199,199
sub-0122_P2,200,200
sub-0122_P2,201,162
sub-0122_P2,202,202
sub-0122_P2,203,162
sub-0122_P2,204,204
sub-0122_P2,205,220
sub-0122_P2,206,206
sub-0122_P2,207,207
sub-0122_P2,208,208
sub-0122_P2,209,209
sub-0122_P2,210,210
sub-0122_P2,211,211
sub-0122_P2,212,212
sub-0122_P2,213,213
sub-0122_P2,214,214
sub-0122_P2,215,230
sub-0122_P2,216,216
sub-0122_P2,217,217
sub-0122_P2,218,218
sub-0122_P2,219,219
sub-0122_P2,220,220
sub-0122_P2,221,221
sub-0122_P2,222,222
sub-0122_P2,223,223
sub-0122_P2,224,224
sub-0122_P2,225,225
sub-0122_P2,226,226
sub-0122_P2,227,211
sub-0122_P2,228,228
sub-0122_P2,229,229
sub-0122_P2,230,230
sub-0122_P2,231,231
sub-0123_P2,0,0
sub-0123_P2,1,1
sub-0123_P2,2,2
sub-0123_P2,3,3
sub-0123_P2,4,103
sub-0123_P2,5,5
sub-0123_P2,6,6
sub-0123_P2,7,7
sub-0123_P2,8,8
sub-0123_P2,9,9
sub-0123_P2,10,10
sub-0123_P2,11,11
sub-0123_P2,12,12
sub-0123_P2,13,13
sub-0123_P2,14,14
sub-0123_P2,15,15
sub-0123_P2,16,16
sub-0123_P2,17,120
sub-0123_P2,18,18
sub-0123_P2,19,19
sub-0123_P2,20,20
sub-0123_P2,21,21
sub-0123_P2,22,22
sub-0123_P2,23,23
sub-0123_P2,24,24
sub-0123_P2,25,25
sub-0123_P2,26,26
sub-0123_P2,27,27
sub-0123_P2,28,28
sub-0123_P2,29,29
sub-0123_P2,30,46
sub-0123_P2,31,31
sub-0123_P2,32,32
sub-0123_P2,33,33
sub-0123_P2,34,34
sub-0123_P2,35,35
sub-0123_P2,36,36
sub-0123_P2,37,37
sub-0123_P2,38,38
sub-0123_P2,39,39
sub-0123_P2,40,40
sub-0123_P2,41,41
sub-0123_P2,42,42
sub-0123_P2,43,43
sub-0123_P2,44,44
sub-0123_P2,45,45
sub-0123_P2,46,46
sub-0123_P2,47,174
sub-0123_P2,48,48
sub-0123_P2,49,49
sub-0123_P2,50,50
sub-0123_P2,51,51
sub-0123_P2,52,52
sub-0123_P2,53,53
sub-0123_P2,54,54
sub-0123_P2,55,55
sub-0123_P2,56,56
sub-0123_P2,57,57
sub-0123_P2,58,58
sub-0123_P2,59,59
sub-0123_P2,60,60
sub-0123_P2,61,61
sub-0123_P2,62,62
sub-0123_P2,63,63
sub-0123_P2,64,64
sub-0123_P2,65,65
sub-0123_P2,66,66
sub-0123_P2,67,67
sub-0123_P2,68,68
sub-0123_P2,69,69
sub-0123_P2,70,70
sub-0123_P2,71,71
sub-0123_P2,72,72
sub-0123_P2,73,73
sub-0123_P2,74,74
sub-0123_P2,75,75
sub-0123_P2,76,76
sub-0123_P2,77,77
sub-0123_P2,78,78
sub-0123_P2,79,79
sub-0123_P2,80,80
sub-0123_P2,81,81
sub-0123_P2,82,82
sub-0123_P2,83,83
sub-0123_P2,84,84
sub-0123_P2,85,85
sub-0123_P2,86,86
sub-0123_P2,87,87
sub-0123_P2,88,88
sub-0123_P2,89,89
sub-0123_P2,90,90
sub-0123_P2,91,91
sub-0123_P2,92,51
sub-0123_P2,93,93
sub-0123_P2,94,94
sub-0123_P2,95,95
sub-0123_P2,96,96
sub-0123_P2,97,97
sub-0123_P2,98,98
sub-0123_P2,99,226
sub-0123_P2,100,100
sub-0123_P2,101,101
sub-0123_P2,102,102
sub-0123_P2,103,103
sub-0123_P2,104,104
sub-0123_P2,105,105
sub-0123_P2,106,106
sub-0123_P2,107,107
sub-0123_P2,108,108
sub-0123_P2,109,109
sub-0123_P2,110,110
sub-0123_P2,111,111
sub-0123_P2,112,112
sub-0123_P2,113,113
sub-0123_P2,114,114
sub-0123_P2,115,115
sub-0123_P2,116,116
sub-0123_P2,117,117
sub-0123_P2,118,118
sub-0123_P2,119,119
sub-0123_P2,120,120
sub-0123_P2,121,121
sub-0123_P2,122,122
sub-0123_P2,123,123
sub-0123_P2,124,124
sub-0123_P2,125,125
sub-0123_P2,126,126
sub-0123_P2,127,127
sub-0123_P2,128,128
sub-0123_P2,129,129
sub-0123_P2,130,130
sub-0123_P2,131,131
sub-0123_P2,132,132
sub-0123_P2,133,133
sub-0123_P2,134,134
sub-0123_P2,135,135
sub-0123_P2,136,136
sub-0123_P2,137,137
sub-0123_P2,138,138
sub-0123_P2,139,139
sub-0123_P2,140,140
sub-0123_P2,141,141
sub-0123_P2,142,142
sub-0123_P2,143,143
sub-0123_P2,144,144
sub-0123_P2,145,145
sub-0123_P2,146,146
sub-0123_P2,147,147
sub-0123_P2,148,148
sub-0123_P2,149,149
sub-0123_P2,150,150
sub-0123_P2,151,151
sub-0123_P2,152,152
sub-0123_P2,153,153
sub-0123_P2,154,147
sub-0123_P2,155,155
sub-0123_P2,156,156
sub-0123_P2,157,157
sub-0123_P2,158,158
sub-0123_P2,159,159
sub-0123_P2,160,160
sub-0123_P2,161,161
sub-0123_P2,162,162
sub-0123_P2,163,163
sub-0123_P2,164,164
sub-0123_P2,165,165
sub-0123_P2,166,166
sub-0123_P2,167,167
sub-0123_P2,168,168
sub-0123_P2,169,169
sub-0123_P2,170,201
sub-0123_P2,171,171
sub-0123_P2,172,172
sub-0123_P2,173,173
sub-0123_P2,174,174
sub-0123_P2,175,175
sub-0123_P2,176,176
sub-0123_P2,177,177
sub-0123_P2,178,178
sub-0123_P2,179,179
sub-0123_P2,180,180
sub-0123_P2,181,181
sub-0123_P2,182,182
sub-0123_P2,183,183
sub-0123_P2,184,184
sub-0123_P2,185,185
sub-0123_P2,186,186
sub-0123_P2,187,187
sub-0123_P2,188,188
sub-0123_P2,189,189
sub-0123_P2,190,53
sub-0123_P2,191,191
sub-0123_P2,192,192
sub-0123_P2,193,193
sub-0123_P2,194,194
sub-0123_P2,195,195
sub-0123_P2,196,196
sub-0123_P2,197,197
sub-0123_P2,198,198
sub-0123_P2,199,199
sub-0123_P2,200,200
sub-0123_P2,201,201
sub-0123_P2,202,202
sub-0123_P2,203,203
sub-0123_P2,204,102
sub-0123_P2,205,205
sub-0123_P2,206,206
sub-0123_P2,207,207
sub-0123_P2,208,208
sub-0123_P2,209,209
sub-0123_P2,210,226
sub-0123_P2,211,211
sub-0123_P2,212,212
sub-0123_P2,213,213
sub-0123_P2,214,214
sub-0123_P2,215,215
sub-0123_P2,216,216
sub-0123_P2,217,201
sub-0123_P2,218,218
sub-0123_P2,219,219
sub-0123_P2,220,183
sub-0123_P2,221,221
sub-0123_P2,222,222
sub-0123_P2,223,223
sub-0123_P2,224,209
sub-0123_P2,225,225
sub-0123_P2,226,226
sub-0123_P2,227,227
sub-0123_P2,228,228
sub-0123_P2,229,229
sub-0123_P2,230,230
sub-0123_P2,231,231
sub-0124_P2,0,0
sub-0124_P2,1,1
sub-0124_P2,2,2
sub-0124_P2,3,3
sub-0124_P2,4,4
sub-0124_P2,5,5
sub-0124_P2,6,6
sub-0124_P2,7,7
sub-0124_P2,8,8
sub-0124_P2,9,9
sub-0124_P2,10,10
sub-0124_P2,11,11
sub-0124_P2,12,12
sub-0124_P2,13,13
sub-0124_P2,14,14
sub-0124_P2,15,15
sub-0124_P2,16,16
sub-0124_P2,17,17
sub-0124_P2,18,18
sub-0124_P2,19,19
sub-0124_P2,20,20
sub-0124_P2,21,21
sub-0124_P2,22,22
sub-0124_P2,23,23
sub-0124_P2,24,24
sub-0124_P2,25,25
sub-0124_P2,26,26
sub-0124_P2,27,27
sub-0124_P2,28,28
sub-0124_P2,29,29
sub-0124_P2,30,30
sub-0124_P2,31,31
sub-0124_P2,32,32
sub-0124_P2,33,33
sub-0124_P2,34,34
sub-0124_P2,35,35
sub-0124_P2,36,36
sub-0124_P2,37,37
sub-0124_P2,38,38
sub-0124_P2,39,39
sub-0124_P2,40,40
sub-0124_P2,41,41
sub-0124_P2,42,42
sub-0124_P2,43,43
sub-0124_P2,44,44
sub-0124_P2,45,45
sub-0124_P2,46,46
sub-0124_P2,47,47
sub-0124_P2,48,48
sub-0124_P2,49,49
sub-0124_P2,50,50
sub-0124_P2,51,51
sub-0124_P2,52,52
sub-0124_P2,53,53
sub-0124_P2,54,54
sub-0124_P2,55,55
sub-0124_P2,56,56
sub-0124_P2,57,57
sub-0124_P2,58,58
sub-0124_P2,59,59
sub-0124_P2,60,60
sub-0124_P2,61,61
sub-0124_P2,62,62
sub-0124_P2,63,63
sub-0124_P2,64,64
sub-0124_P2,65,65
sub-0124_P2,66,66
sub-0124_P2,67,67
sub-0124_P2,68,68
sub-0124_P2,69,69
sub-0124_P2,70,70
sub-0124_P2,71,71
sub-0124_P2,72,72
sub-0124_P2,73,73
sub-0124_P2,74,74
sub-0124_P2,75,75
sub-0124_P2,76,76
sub-0124_P2,77,77
sub-0124_P2,78,78
sub-0124_P2,79,79
sub-0124_P2,80,80
sub-0124_P2,81,81
sub-0124_P2,82,82
sub-0124_P2,83,83
sub-0124_P2,84,84
sub-0124_P2,85,85
sub-0124_P2,86,86
sub-0124_P2,87,87
sub-0124_P2,88,88
sub-0124_P2,89,89
sub-0124_P2,90,90
sub-0124_P2,91,91
sub-0124_P2,92,92
sub-0124_P2,93,93
sub-0124_P2,94,94
sub-0124_P2,95,95
sub-0124_P2,96,96
sub-0124_P2,97,97
sub-0124_P2,98,98
sub-0124_P2,99,99
sub-0124_P2,100,100
sub-0124_P2,101,101
sub-0124_P2,102,102
sub-0124_P2,103,103
sub-0124_P2,104,104
sub-0124_P2,105,105
sub-0124_P2,106,106
sub-0124_P2,107,107
sub-0124_P2,108,108
sub-0124_P2,109,108
sub-0124_P2,110,110
sub-0124_P2,111,111
sub-0124_P2,112,54
sub-0124_P2,113,113
sub-0124_P2,114,114
sub-0124_P2,115,115
sub-0124_P2,116,116
sub-0124_P2,117,117
sub-0124_P2,118,118
sub-0124_P2,119,119
sub-0124_P2,120,120
sub-0124_P2,121,121
sub-0124_P2,122,122
sub-0124_P2,123,123
sub-0124_P2,124,124
sub-0124_P2,125,125
sub-0124_P2,126,126
sub-0124_P2,127,127
sub-0124_P2,128,128
sub-0124_P2,129,129
sub-0124_P2,130,130
sub-0124_P2,131,30
sub-0124_P2,132,132
sub-0124_P2,133,133
sub-0124_P2,134,134
sub-0124_P2,135,135
sub-0124_P2,136,136
sub-0124_P2,137,137
sub-0124_P2,138,138
sub-0124_P2,139,139
sub-0124_P2,140,140
sub-0124_P2,141,141
sub-0124_P2,142,142
sub-0124_P2,143,143
sub-0124_P2,144,144
sub-0124_P2,145,145
sub-0124_P2,146,146
sub-0124_P2,147,147
sub-0124_P2,148,148
sub-0124_P2,149,149
sub-0124_P2,150,154
sub-0124_P2,151,177
sub-0124_P2,152,152
sub-0124_P2,153,211
sub-0124_P2,154,154
sub-0124_P2,155,155
sub-0124_P2,156,66
sub-0124_P2,157,157
sub-0124_P2,158,158
sub-0124_P2,159,159
sub-0124_P2,160,160
sub-0124_P2,161,203
sub-0124_P2,162,162
sub-0124_P2,163,163
sub-0124_P2,164,164
sub-0124_P2,165,165
sub-0124_P2,166,166
sub-0124_P2,167,167
sub-0124_P2,168,168
sub-0124_P2,169,169
sub-0124_P2,170,170
sub-0124_P2,171,171
sub-0124_P2,172,172
sub-0124_P2,173,173
sub-0124_P2,174,174
sub-0124_P2,175,175
sub-0124_P2,176,176
sub-0124_P2,177,177
sub-0124_P2,178,178
sub-0124_P2,179,179
sub-0124_P2,180,180
sub-0124_P2,181,181
sub-0124_P2,182,182
sub-0124_P2,183,183
sub-0124_P2,184,184
sub-0124_P2,185,185
sub-0124_P2,186,186
sub-0124_P2,187,187
sub-0124_P2,188,188
sub-0124_P2,189,189
sub-0124_P2,190,190
sub-0124_P2,191,191
sub-0124_P2,192,192
sub-0124_P2,193,193
sub-0124_P2,194,194
sub-0124_P2,195,195
sub-0124_P2,196,196
sub-0124_P2,197,197
sub-0124_P2,198,198
sub-0124_P2,199,199
sub-0124_P2,200,200
sub-0124_P2,201,217
sub-0124_P2,202,202
sub-0124_P2,203,203
sub-0124_P2,204,204
sub-0124_P2,205,205
sub-0124_P2,206,206
sub-0124_P2,207,223
sub-0124_P2,208,208
sub-0124_P2,209,209
sub-0124_P2,210,211
sub-0124_P2,211,211
sub-0124_P2,212,212
sub-0124_P2,213,213
sub-0124_P2,214,214
sub-0124_P2,215,215
sub-0124_P2,216,216
sub-0124_P2,217,217
sub-0124_P2,218,218
sub-0124_P2,219,219
sub-0124_P2,220,162
sub-0124_P2,221,207
sub-0124_P2,222,222
sub-0124_P2,223,223
sub-0124_P2,224,224
sub-0124_P2,225,225
sub-0124_P2,226,226
sub-0124_P2,227,227
sub-0124_P2,228,228
sub-0124_P2,229,229
sub-0124_P2,230,230
sub-0124_P2,231,231
sub-0125_P2,0,0
sub-0125_P2,1,1
sub-0125_P2,2,2
sub-0125_P2,3,3
sub-0125_P2,4,4
sub-0125_P2,5,5
sub-0125_P2,6,6
sub-0125_P2,7,7
sub-0125_P2,8,97
sub-0125_P2,9,9
sub-0125_P2,10,10
sub-0125_P2,11,11
sub-0125_P2,12,12
sub-0125_P2,13,13
sub-0125_P2,14,14
sub-0125_P2,15,15
sub-0125_P2,16,16
sub-0125_P2,17,17
sub-0125_P2,18,18
sub-0125_P2,19,19
sub-0125_P2,20,20
sub-0125_P2,21,21
sub-0125_P2,22,22
sub-0125_P2,23,23
sub-0125_P2,24,24
sub-0125_P2,25,25
sub-0125_P2,26,26
sub-0125_P2,27,27
sub-0125_P2,28,28
sub-0125_P2,29,29
sub-0125_P2,30,147
sub-0125_P2,31,31
sub-0125_P2,32,32
sub-0125_P2,33,33
sub-0125_P2,34,34
sub-0125_P2,35,35
sub-0125_P2,36,36
sub-0125_P2,37,37
sub-0125_P2,38,38
sub-0125_P2,39,39
sub-0125_P2,40,40
sub-0125_P2,41,22
sub-0125_P2,42,42
sub-0125_P2,43,43
sub-0125_P2,44,44
sub-0125_P2,45,45
sub-0125_P2,46,46
sub-0125_P2,47,47
sub-0125_P2,48,48
sub-0125_P2,49,49
sub-0125_P2,50,50
sub-0125_P2,51,51
sub-0125_P2,52,52
sub-0125_P2,53,53
sub-0125_P2,54,54
sub-0125_P2,55,223
sub-0125_P2,56,56
sub-0125_P2,57,57
sub-0125_P2,58,58
sub-0125_P2,59,59
sub-0125_P2,60,60
sub-0125_P2,61,61
sub-0125_P2,62,62
sub-0125_P2,63,63
sub-0125_P2,64,64
sub-0125_P2,65,65
sub-0125_P2,66,66
sub-0125_P2,67,67
sub-0125_P2,68,68
sub-0125_P2,69,69
sub-0125_P2,70,70
sub-0125_P2,71,71
sub-0125_P2,72,72
sub-0125_P2,73,73
sub-0125_P2,74,74
sub-0125_P2,75,75
sub-0125_P2,76,76
sub-0125_P2,77,187
sub-0125_P2,78,78
sub-0125_P2,79,79
sub-0125_P2,80,80
sub-0125_P2,81,81
sub-0125_P2,82,82
sub-0125_P2,83,83
sub-0125_P2,84,84
sub-0125_P2,85,85
sub-0125_P2,86,86
sub-0125_P2,87,87
sub-0125_P2,88,88
sub-0125_P2,89,89
sub-0125_P2,90,90
sub-0125_P2,91,91
sub-0125_P2,92,92
sub-0125_P2,93,93
sub-0125_P2,94,94
sub-0125_P2,95,95
sub-0125_P2,96,96
sub-0125_P2,97,97
sub-0125_P2,98,98
sub-0125_P2,99,99
sub-0125_P2,100,100
sub-0125_P2,101,101
sub-0125_P2,102,102
sub-0125_P2,103,103
sub-0125_P2,104,104
sub-0125_P2,105,105
sub-0125_P2,106,106
sub-0125_P2,107,107
sub-0125_P2,108,108
sub-0125_P2,109,8
sub-0125_P2,110,110
sub-0125_P2,111,111
sub-0125_P2,112,112
sub-0125_P2,113,113
sub-0125_P2,114,114
sub-0125_P2,115,115
sub-0125_P2,116,116
sub-0125_P2,117,117
sub-0125_P2,118,118
sub-0125_P2,119,119
sub-0125_P2,120,120
sub-0125_P2,121,121
sub-0125_P2,122,122
sub-0125_P2,123,123
sub-0125_P2,124,124
sub-0125_P2,125,125
sub-0125_P2,126,126
sub-0125_P2,127,127
sub-0125_P2,128,128
sub-0125_P2,129,129
sub-0125_P2,130,130
sub-0125_P2,131,131
sub-0125_P2,132,32
sub-0125_P2,133,133
sub-0125_P2,134,134
sub-0125_P2,135,135
sub-0125_P2,136,136
sub-0125_P2,137,137
sub-0125_P2,138,138
sub-0125_P2,139,139
sub-0125_P2,140,140
sub-0125_P2,141,141
sub-0125_P2,142,142
sub-0125_P2,143,143
sub-0125_P2,144,144
sub-0125_P2,145,145
sub-0125_P2,146,146
sub-0125_P2,147,147
sub-0125_P2,148,148
sub-0125_P2,149,103
sub-0125_P2,150,40
sub-0125_P2,151,48
sub-0125_P2,152,152
sub-0125_P2,153,153
sub-0125_P2,154,154
sub-0125_P2,155,155
sub-0125_P2,156,156
sub-0125_P2,157,157
sub-0125_P2,158,158
sub-0125_P2,159,159
sub-0125_P2,160,160
sub-0125_P2,161,161
sub-0125_P2,162,162
sub-0125_P2,163,163
sub-0125_P2,164,164
sub-0125_P2,165,165
sub-0125_P2,166,166
sub-0125_P2,167,167
sub-0125_P2,168,168
sub-0125_P2,169,169
sub-0125_P2,170,170
sub-0125_P2,171,171
sub-0125_P2,172,172
sub-0125_P2,173,173
sub-0125_P2,174,174
sub-0125_P2,175,175
sub-0125_P2,176,176
sub-0125_P2,177,177
sub-0125_P2,178,178
sub-0125_P2,179,179
sub-0125_P2,180,180
sub-0125_P2,181,181
sub-0125_P2,182,182
sub-0125_P2,183,183
sub-0125_P2,184,184
sub-0125_P2,185,185
sub-0125_P2,186,186
sub-0125_P2,187,187
sub-0125_P2,188,188
sub-0125_P2,189,189
sub-0125_P2,190,190
sub-0125_P2,191,191
sub-0125_P2,192,192
sub-0125_P2,193,193
sub-0125_P2,194,194
sub-0125_P2,195,195
sub-0125_P2,196,196
sub-0125_P2,197,197
sub-0125_P2,198,198
sub-0125_P2,199,199
sub-0125_P2,200,200
sub-0125_P2,201,201
sub-0125_P2,202,202
sub-0125_P2,203,203
sub-0125_P2,204,204
sub-0125_P2,205,205
sub-0125_P2,206,206
sub-0125_P2,207,207
sub-0125_P2,208,208
sub-0125_P2,209,209
sub-0125_P2,210,210
sub-0125_P2,211,211
sub-0125_P2,212,212
sub-0125_P2,213,213
sub-0125_P2,214,214
sub-0125_P2,215,215
sub-0125_P2,216,216
sub-0125_P2,217,217
sub-0125_P2,218,218
sub-0125_P2,219,219
sub-0125_P2,220,220
sub-0125_P2,221,204
sub-0125_P2,222,222
sub-0125_P2,223,223
sub-0125_P2,224,224
sub-0125_P2,225,225
sub-0125_P2,226,226
sub-0125_P2,227,211
sub-0125_P2,228,228
sub-0125_P2,229,229
sub-0125_P2,230,230
sub-0125_P2,231,231
sub-0126_P2,0,0
sub-0126_P2,1,1
sub-0126_P2,2,2
sub-0126_P2,3,3
sub-0126_P2,4,4
sub-0126_P2,5,5
sub-0126_P2,6,6
sub-0126_P2,7,7
sub-0126_P2,8,8
sub-0126_P2,9,9
sub-0126_P2,10,10
sub-0126_P2,11,11
sub-0126_P2,12,12
sub-0126_P2,13,13
sub-0126_P2,14,14
sub-0126_P2,15,15
sub-0126_P2,16,16
sub-0126_P2,17,17
sub-0126_P2,18,18
sub-0126_P2,19,19
sub-0126_P2,20,20
sub-0126_P2,21,21
sub-0126_P2,22,22
sub-0126_P2,23,23
sub-0126_P2,24,24
sub-0126_P2,25,25
sub-0126_P2,26,26
sub-0126_P2,27,27
sub-0126_P2,28,28
sub-0126_P2,29,29
sub-0126_P2,30,30
sub-0126_P2,31,31
sub-0126_P2,32,32
sub-0126_P2,33,33
sub-0126_P2,34,34
sub-0126_P2,35,35
sub-0126_P2,36,36
sub-0126_P2,37,37
sub-0126_P2,38,147
sub-0126_P2,39,39
sub-0126_P2,40,40
sub-0126_P2,41,41
sub-0126_P2,42,42
sub-0126_P2,43,43
sub-0126_P2,44,44
sub-0126_P2,45,45
sub-0126_P2,46,46
sub-0126_P2,47,47
sub-0126_P2,48,48
sub-0126_P2,49,49
sub-0126_P2,50,50
sub-0126_P2,51,51
sub-0126_P2,52,52
sub-0126_P2,53,53
sub-0126_P2,54,54
sub-0126_P2,55,55
sub-0126_P2,56,56
sub-0126_P2,57,57
sub-0126_P2,58,58
sub-0126_P2,59,59
sub-0126_P2,60,60
sub-0126_P2,61,61
sub-0126_P2,62,62
sub-0126_P2,63,63
sub-0126_P2,64,64
sub-0126_P2,65,226
sub-0126_P2,66,66
sub-0126_P2,67,67
sub-0126_P2,68,68
sub-0126_P2,69,69
sub-0126_P2,70,70
sub-0126_P2,71,71
sub-0126_P2,72,72
sub-0126_P2,73,73
sub-0126_P2,74,74
sub-0126_P2,75,75
sub-0126_P2,76,76
sub-0126_P2,77,77
sub-0126_P2,78,78
sub-0126_P2,79,79
sub-0126_P2,80,80
sub-0126_P2,81,81
sub-0126_P2,82,82
sub-0126_P2,83,83
sub-0126_P2,84,84
sub-0126_P2,85,85
sub-0126_P2,86,86
sub-0126_P2,87,87
sub-0126_P2,88,88
sub-0126_P2,89,89
sub-0126_P2,90,90
sub-0126_P2,91,91
sub-0126_P2,92,92
sub-0126_P2,93,93
sub-0126_P2,94,94
sub-0126_P2,95,95
sub-0126_P2,96,96
sub-0126_P2,97,97
sub-0126_P2,98,98
sub-0126_P2,99,99
sub-0126_P2,100,100
sub-0126_P2,101,101
sub-0126_P2,102,102
sub-0126_P2,103,103
sub-0126_P2,104,104
sub-0126_P2,105,105
sub-0126_P2,106,106
sub-0126_P2,107,107
sub-0126_P2,108,108
sub-0126_P2,109,109
sub-0126_P2,110,110
sub-0126_P2,111,111
sub-0126_P2,112,112
sub-0126_P2,113,113
sub-0126_P2,114,114
sub-0126_P2,115,115
sub-0126_P2,116,116
sub-0126_P2,117,117
sub-0126_P2,118,118
sub-0126_P2,119,119
sub-0126_P2,120,120
sub-0126_P2,121,121
sub-0126_P2,122,122
sub-0126_P2,123,123
sub-0126_P2,124,24
sub-0126_P2,125,125
sub-0126_P2,126,126
sub-0126_P2,127,127
sub-0126_P2,128,128
sub-0126_P2,129,129
sub-0126_P2,130,130
sub-0126_P2,131,131
sub-0126_P2,132,132
sub-0126_P2,133,133
sub-0126_P2,134,134
sub-0126_P2,135,135
sub-0126_P2,136,136
sub-0126_P2,137,137
sub-0126_P2,138,138
sub-0126_P2,139,139
sub-0126_P2,140,140
sub-0126_P2,141,40
sub-0126_P2,142,211
sub-0126_P2,143,143
sub-0126_P2,144,144
sub-0126_P2,145,145
sub-0126_P2,146,146
sub-0126_P2,147,147
sub-0126_P2,148,148
sub-0126_P2,149,149
sub-0126_P2,150,150
sub-0126_P2,151,151
sub-0126_P2,152,152
sub-0126_P2,153,153
sub-0126_P2,154,154
sub-0126_P2,155,155
sub-0126_P2,156,156
sub-0126_P2,157,157
sub-0126_P2,158,158
sub-0126_P2,159,159
sub-0126_P2,160,160
sub-0126_P2,161,161
sub-0126_P2,162,162
sub-0126_P2,163,163
sub-0126_P2,164,184
sub-0126_P2,165,165
sub-0126_P2,166,166
sub-0126_P2,167,167
sub-0126_P2,168,168
sub-0126_P2,169,169
sub-0126_P2,170,170
sub-0126_P2,171,171
sub-0126_P2,172,172
sub-0126_P2,173,173
sub-0126_P2,174,174
sub-0126_P2,175,175
sub-0126_P2,176,176
sub-0126_P2,177,177
sub-0126_P2,178,178
sub-0126_P2,179,179
sub-0126_P2,180,180
sub-0126_P2,181,181
sub-0126_P2,182,182
sub-0126_P2,183,183
sub-0126_P2,184,184
sub-0126_P2,185,185
sub-0126_P2,186,186
sub-0126_P2,187,187
sub-0126_P2,188,188
sub-0126_P2,189,189
sub-0126_P2,190,190
sub-0126_P2,191,191
sub-0126_P2,192,192
sub-0126_P2,193,193
sub-0126_P2,194,194
sub-0126_P2,195,195
sub-0126_P2,196,196
sub-0126_P2,197,197
sub-0126_P2,198,198
sub-0126_P2,199,199
sub-0126_P2,200,200
sub-0126_P2,201,201
sub-0126_P2,202,202
sub-0126_P2,203,203
sub-0126_P2,204,204
sub-0126_P2,205,205
sub-0126_P2,206,206
sub-0126_P2,207,207
sub-0126_P2,208,208
sub-0126_P2,209,211
sub-0126_P2,210,210
sub-0126_P2,211,209
sub-0126_P2,212,212
sub-0126_P2,213,213
sub-0126_P2,214,214
sub-0126_P2,215,215
sub-0126_P2,216,216
sub-0126_P2,217,217
sub-0126_P2,218,218
sub-0126_P2,219,219
sub-0126_P2,220,220
sub-0126_P2,221,55
sub-0126_P2,222,222
sub-0126_P2,223,223
sub-0126_P2,224,224
sub-0126_P2,225,225
sub-0126_P2,226,210
sub-0126_P2,227,227
sub-0126_P2,228,228
sub-0126_P2,229,229
sub-0126_P2,230,230
sub-0126_P2,231,231
sub-0127_P2,0,0
sub-0127_P2,1,1
sub-0127_P2,2,7
sub-0127_P2,3,3
sub-0127_P2,4,4
sub-0127_P2,5,5
sub-0127_P2,6,6
sub-0127_P2,7,7
sub-0127_P2,8,8
sub-0127_P2,9,9
sub-0127_P2,10,10
sub-0127_P2,11,11
sub-0127_P2,12,12
sub-0127_P2,13,13
sub-0127_P2,14,218
sub-0127_P2,15,15
sub-0127_P2,16,16
sub-0127_P2,17,17
sub-0127_P2,18,18
sub-0127_P2,19,19
sub-0127_P2,20,20
sub-0127_P2,21,21
sub-0127_P2,22,22
sub-0127_P2,23,23
sub-0127_P2,24,24
sub-0127_P2,25,25
sub-0127_P2,26,26
sub-0127_P2,27,27
sub-0127_P2,28,195
sub-0127_P2,29,29
sub-0127_P2,30,30
sub-0127_P2,31,31
sub-0127_P2,32,32
sub-0127_P2,33,33
sub-0127_P2,34,34
sub-0127_P2,35,35
sub-0127_P2,36,36
sub-0127_P2,37,37
sub-0127_P2,38,38
sub-0127_P2,39,39
sub-0127_P2,40,40
sub-0127_P2,41,41
sub-0127_P2,42,42
sub-0127_P2,43,43
sub-0127_P2,44,44
sub-0127_P2,45,45
sub-0127_P2,46,46
sub-0127_P2,47,47
sub-0127_P2,48,48
sub-0127_P2,49,49
sub-0127_P2,50,50
sub-0127_P2,51,51
sub-0127_P2,52,52
sub-0127_P2,53,53
sub-0127_P2,54,54
sub-0127_P2,55,55
sub-0127_P2,56,56
sub-0127_P2,57,64
sub-0127_P2,58,58
sub-0127_P2,59,59
sub-0127_P2,60,60
sub-0127_P2,61,61
sub-0127_P2,62,62
sub-0127_P2,63,63
sub-0127_P2,64,64
sub-0127_P2,65,227
sub-0127_P2,66,66
sub-0127_P2,67,227
sub-0127_P2,68,68
sub-0127_P2,69,69
sub-0127_P2,70,70
sub-0127_P2,71,71
sub-0127_P2,72,72
sub-0127_P2,73,73
sub-0127_P2,74,74
sub-0127_P2,75,75
sub-0127_P2,76,76
sub-0127_P2,77,77
sub-0127_P2,78,50
sub-0127_P2,79,79
sub-0127_P2,80,80
sub-0127_P2,81,81
sub-0127_P2,82,82
sub-0127_P2,83,83
sub-0127_P2,84,84
sub-0127_P2,85,85
sub-0127_P2,86,86
sub-0127_P2,87,87
sub-0127_P2,88,88
sub-0127_P2,89,89
sub-0127_P2,90,90
sub-0127_P2,91,91
sub-0127_P2,92,92
sub-0127_P2,93,93
sub-0127_P2,94,94
sub-0127_P2,95,95
sub-0127_P2,96,96
sub-0127_P2,97,97
sub-0127_P2,98,98
sub-0127_P2,99,99
sub-0127_P2,100,100
sub-0127_P2,101,101
sub-0127_P2,102,102
sub-0127_P2,103,103
sub-0127_P2,104,104
sub-0127_P2,105,105
sub-0127_P2,106,106
sub-0127_P2,107,107
sub-0127_P2,108,108
sub-0127_P2,109,8
sub-0127_P2,110,110
sub-0127_P2,111,111
sub-0127_P2,112,112
sub-0127_P2,113,113
sub-0127_P2,114,114
sub-0127_P2,115,115
sub-0127_P2,116,116
sub-0127_P2,117,117
sub-0127_P2,118,118
sub-0127_P2,119,119
sub-0127_P2,120,120
sub-0127_P2,121,121
sub-0127_P2,122,122
sub-0127_P2,123,123
sub-0127_P2,124,124
sub-0127_P2,125,125
sub-0127_P2,126,126
sub-0127_P2,127,127
sub-0127_P2,128,128
sub-0127_P2,129,129
sub-0127_P2,130,130
sub-0127_P2,131,131
sub-0127_P2,132,132
sub-0127_P2,133,133
sub-0127_P2,134,134
sub-0127_P2,135,135
sub-0127_P2,136,136
sub-0127_P2,137,137
sub-0127_P2,138,33
sub-0127_P2,139,139
sub-0127_P2,140,140
sub-0127_P2,141,141
sub-0127_P2,142,142
sub-0127_P2,143,143
sub-0127_P2,144,144
sub-0127_P2,145,145
sub-0127_P2,146,146
sub-0127_P2,147,147
sub-0127_P2,148,148
sub-0127_P2,149,149
sub-0127_P2,150,150
sub-0127_P2,151,151
sub-0127_P2,152,152
sub-0127_P2,153,153
sub-0127_P2,154,154
sub-0127_P2,155,155
sub-0127_P2,156,156
sub-0127_P2,157,157
sub-0127_P2,158,158
sub-0127_P2,159,159
sub-0127_P2,160,54
sub-0127_P2,161,8
sub-0127_P2,162,162
sub-0127_P2,163,163
sub-0127_P2,164,164
sub-0127_P2,165,165
sub-0127_P2,166,166
sub-0127_P2,167,207
sub-0127_P2,168,168
sub-0127_P2,169,169
sub-0127_P2,170,170
sub-0127_P2,171,171
sub-0127_P2,172,172
sub-0127_P2,173,173
sub-0127_P2,174,174
sub-0127_P2,175,175
sub-0127_P2,176,176
sub-0127_P2,177,177
sub-0127_P2,178,178
sub-0127_P2,179,179
sub-0127_P2,180,180
sub-0127_P2,181,181
sub-0127_P2,182,182
sub-0127_P2,183,183
sub-0127_P2,184,184
sub-0127_P2,185,185
sub-0127_P2,186,186
sub-0127_P2,187,187
sub-0127_P2,188,188
sub-0127_P2,189,189
sub-0127_P2,190,54
sub-0127_P2,191,191
sub-0127_P2,192,192
sub-0127_P2,193,193
sub-0127_P2,194,194
sub-0127_P2,195,195
sub-0127_P2,196,196
sub-0127_P2,197,197
sub-0127_P2,198,198
sub-0127_P2,199,199
sub-0127_P2,200,200
sub-0127_P2,201,201
sub-0127_P2,202,203
sub-0127_P2,203,203
sub-0127_P2,204,204
sub-0127_P2,205,205
sub-0127_P2,206,206
sub-0127_P2,207,207
sub-0127_P2,208,208
sub-0127_P2,209,209
sub-0127_P2,210,210
sub-0127_P2,211,211
sub-0127_P2,212,212
sub-0127_P2,213,213
sub-0127_P2,214,214
sub-0127_P2,215,215
sub-0127_P2,216,216
sub-0127_P2,217,204
sub-0127_P2,218,218
sub-0127_P2,219,202
sub-0127_P2,220,220
sub-0127_P2,221,221
sub-0127_P2,222,222
sub-0127_P2,223,223
sub-0127_P2,224,224
sub-0127_P2,225,225
sub-0127_P2,226,211
sub-0127_P2,227,227
sub-0127_P2,228,228
sub-0127_P2,229,229
sub-0127_P2,230,230
sub-0127_P2,231,231
sub-0128_P2,0,0
sub-0128_P2,1,1
sub-0128_P2,2,2
sub-0128_P2,3,3
sub-0128_P2,4,4
sub-0128_P2,5,5
sub-0128_P2,6,6
sub-0128_P2,7,7
sub-0128_P2,8,8
sub-0128_P2,9,9
sub-0128_P2,10,10
sub-0128_P2,11,11
sub-0128_P2,12,12
sub-0128_P2,13,13
sub-0128_P2,14,14
sub-0128_P2,15,15
sub-0128_P2,16,16
sub-0128_P2,17,17
sub-0128_P2,18,18
sub-0128_P2,19,19
sub-0128_P2,20,20
sub-0128_P2,21,21
sub-0128_P2,22,22
sub-0128_P2,23,23
sub-0128_P2,24,143
sub-0128_P2,25,25
sub-0128_P2,26,26
sub-0128_P2,27,27
sub-0128_P2,28,28
sub-0128_P2,29,29
sub-0128_P2,30,30
sub-0128_P2,31,31
sub-0128_P2,32,32
sub-0128_P2,33,33
sub-0128_P2,34,34
sub-0128_P2,35,35
sub-0128_P2,36,36
sub-0128_P2,37,37
sub-0128_P2,38,38
sub-0128_P2,39,39
sub-0128_P2,40,40
sub-0128_P2,41,41
sub-0128_P2,42,42
sub-0128_P2,43,43
sub-0128_P2,44,169
sub-0128_P2,45,45
sub-0128_P2,46,46
sub-0128_P2,47,47
sub-0128_P2,48,48
sub-0128_P2,49,49
sub-0128_P2,50,50
sub-0128_P2,51,51
sub-0128_P2,52,52
sub-0128_P2,53,53
sub-0128_P2,54,54
sub-0128_P2,55,55
sub-0128_P2,56,56
sub-0128_P2,57,57
sub-0128_P2,58,58
sub-0128_P2,59,59
sub-0128_P2,60,60
sub-0128_P2,61,61
sub-0128_P2,62,62
sub-0128_P2,63,63
sub-0128_P2,64,64
sub-0128_P2,65,65
sub-0128_P2,66,66
sub-0128_P2,67,67
sub-0128_P2,68,68
sub-0128_P2,69,69
sub-0128_P2,70,70
sub-0128_P2,71,71
sub-0128_P2,72,72
sub-0128_P2,73,73
sub-0128_P2,74,74
sub-0128_P2,75,75
sub-0128_P2,76,76
sub-0128_P2,77,77
sub-0128_P2,78,78
sub-0128_P2,79,79
sub-0128_P2,80,80
sub-0128_P2,81,81
sub-0128_P2,82,82
sub-0128_P2,83,83
sub-0128_P2,84,84
sub-0128_P2,85,85
sub-0128_P2,86,86
sub-0128_P2,87,87
sub-0128_P2,88,88
sub-0128_P2,89,89
sub-0128_P2,90,90
sub-0128_P2,91,91
sub-0128_P2,92,208
sub-0128_P2,93,93
sub-0128_P2,94,142
sub-0128_P2,95,95
sub-0128_P2,96,96
sub-0128_P2,97,97
sub-0128_P2,98,98
sub-0128_P2,99,99
sub-0128_P2,100,100
sub-0128_P2,101,101
sub-0128_P2,102,102
sub-0128_P2,103,103
sub-0128_P2,104,104
sub-0128_P2,105,105
sub-0128_P2,106,106
sub-0128_P2,107,107
sub-0128_P2,108,108
sub-0128_P2,109,109
sub-0128_P2,110,110
sub-0128_P2,111,111
sub-0128_P2,112,112
sub-0128_P2,113,113
sub-0128_P2,114,114
sub-0128_P2,115,115
sub-0128_P2,116,116
sub-0128_P2,117,117
sub-0128_P2,118,118
sub-0128_P2,119,119
sub-0128_P2,120,120
sub-0128_P2,121,121
sub-0128_P2,122,122
sub-0128_P2,123,123
sub-0128_P2,124,124
sub-0128_P2,125,125
sub-0128_P2,126,126
sub-0128_P2,127,127
sub-0128_P2,128,128
sub-0128_P2,129,129
sub-0128_P2,130,130
sub-0128_P2,131,131
sub-0128_P2,132,132
sub-0128_P2,133,133
sub-0128_P2,134,134
sub-0128_P2,135,135
sub-0128_P2,136,136
sub-0128_P2,137,137
sub-0128_P2,138,138
sub-0128_P2,139,139
sub-0128_P2,140,140
sub-0128_P2,141,141
sub-0128_P2,142,140
sub-0128_P2,143,143
sub-0128_P2,144,144
sub-0128_P2,145,145
sub-0128_P2,146,146
sub-0128_P2,147,147
sub-0128_P2,148,148
sub-0128_P2,149,149
sub-0128_P2,150,150
sub-0128_P2,151,151
sub-0128_P2,152,152
sub-0128_P2,153,153
sub-0128_P2,154,154
sub-0128_P2,155,155
sub-0128_P2,156,156
sub-0128_P2,157,157
sub-0128_P2,158,158
sub-0128_P2,159,159
sub-0128_P2,160,160
sub-0128_P2,161,53
sub-0128_P2,162,53
sub-0128_P2,163,163
sub-0128_P2,164,164
sub-0128_P2,165,165
sub-0128_P2,166,140
sub-0128_P2,167,167
sub-0128_P2,168,168
sub-0128_P2,169,169
sub-0128_P2,170,170
sub-0128_P2,171,171
sub-0128_P2,172,227
sub-0128_P2,173,173
sub-0128_P2,174,174
sub-0128_P2,175,175
sub-0128_P2,176,176
sub-0128_P2,177,177
sub-0128_P2,178,178
sub-0128_P2,179,179
sub-0128_P2,180,180
sub-0128_P2,181,181
sub-0128_P2,182,182
sub-0128_P2,183,183
sub-0128_P2,184,184
sub-0128_P2,185,185
sub-0128_P2,186,186
sub-0128_P2,187,187
sub-0128_P2,188,188
sub-0128_P2,189,189
sub-0128_P2,190,190
sub-0128_P2,191,191
sub-0128_P2,192,192
sub-0128_P2,193,193
sub-0128_P2,194,194
sub-0128_P2,195,195
sub-0128_P2,196,196
sub-0128_P2,197,197
sub-0128_P2,198,198
sub-0128_P2,199,199
sub-0128_P2,200,200
sub-0128_P2,201,201
sub-0128_P2,202,202
sub-0128_P2,203,203
sub-0128_P2,204,204
sub-0128_P2,205,205
sub-0128_P2,206,206
sub-0128_P2,207,207
sub-0128_P2,208,208
sub-0128_P2,209,209
sub-0128_P2,210,227
sub-0128_P2,211,211
sub-0128_P2,212,212
sub-0128_P2,213,213
sub-0128_P2,214,214
sub-0128_P2,215,215
sub-0128_P2,216,216
sub-0128_P2,217,217
sub-0128_P2,218,218
sub-0128_P2,219,219
sub-0128_P2,220,220
sub-0128_P2,221,143
sub-0128_P2,222,222
sub-0128_P2,223,223
sub-0128_P2,224,224
sub-0128_P2,225,225
sub-0128_P2,226,211
sub-0128_P2,227,227
sub-0128_P2,228,228
sub-0128_P2,229,229
sub-0128_P2,230,230
sub-0128_P2,231,231
sub-0129_P2,0,0
sub-0129_P2,1,1
sub-0129_P2,2,2
sub-0129_P2,3,3
sub-0129_P2,4,4
sub-0129_P2,5,5
sub-0129_P2,6,8
sub-0129_P2,7,7
sub-0129_P2,8,8
sub-0129_P2,9,9
sub-0129_P2,10,10
sub-0129_P2,11,11
sub-0129_P2,12,12
sub-0129_P2,13,13
sub-0129_P2,14,14
sub-0129_P2,15,15
sub-0129_P2,16,16
sub-0129_P2,17,17
sub-0129_P2,18,18
sub-0129_P2,19,19
sub-0129_P2,20,20
sub-0129_P2,21,21
sub-0129_P2,22,22
sub-0129_P2,23,23
sub-0129_P2,24,24
sub-0129_P2,25,25
sub-0129_P2,26,26
sub-0129_P2,27,27
sub-0129_P2,28,28
sub-0129_P2,29,29
sub-0129_P2,30,204
sub-0129_P2,31,31
sub-0129_P2,32,32
sub-0129_P2,33,33
sub-0129_P2,34,34
sub-0129_P2,35,35
sub-0129_P2,36,36
sub-0129_P2,37,37
sub-0129_P2,38,38
sub-0129_P2,39,39
sub-0129_P2,40,40
sub-0129_P2,41,41
sub-0129_P2,42,42
sub-0129_P2,43,43
sub-0129_P2,44,44
sub-0129_P2,45,45
sub-0129_P2,46,46
sub-0129_P2,47,47
sub-0129_P2,48,48
sub-0129_P2,49,49
sub-0129_P2,50,50
sub-0129_P2,51,51
sub-0129_P2,52,52
sub-0129_P2,53,53
sub-0129_P2,54,54
sub-0129_P2,55,187
sub-0129_P2,56,56
sub-0129_P2,57,57
sub-0129_P2,58,58
sub-0129_P2,59,59
sub-0129_P2,60,60
sub-0129_P2,61,50
sub-0129_P2,62,62
sub-0129_P2,63,63
sub-0129_P2,64,64
sub-0129_P2,65,65
sub-0129_P2,66,66
sub-0129_P2,67,67
sub-0129_P2,68,68
sub-0129_P2,69,69
sub-0129_P2,70,70
sub-0129_P2,71,71
sub-0129_P2,72,72
sub-0129_P2,73,73
sub-0129_P2,74,77
sub-0129_P2,75,75
sub-0129_P2,76,76
sub-0129_P2,77,77
sub-0129_P2,78,78
sub-0129_P2,79,79
sub-0129_P2,80,80
sub-0129_P2,81,81
sub-0129_P2,82,82
sub-0129_P2,83,83
sub-0129_P2,84,84
sub-0129_P2,85,85
sub-0129_P2,86,86
sub-0129_P2,87,87
sub-0129_P2,88,88
sub-0129_P2,89,89
sub-0129_P2,90,90
sub-0129_P2,91,91
sub-0129_P2,92,92
sub-0129_P2,93,93
sub-0129_P2,94,94
sub-0129_P2,95,97
sub-0129_P2,96,96
sub-0129_P2,97,97
sub-0129_P2,98,98
sub-0129_P2,99,99
sub-0129_P2,100,100
sub-0129_P2,101,101
sub-0129_P2,102,102
sub-0129_P2,103,103
sub-0129_P2,104,104
sub-0129_P2,105,105
sub-0129_P2,106,106
sub-0129_P2,107,107
sub-0129_P2,108,108
sub-0129_P2,109,109
sub-0129_P2,110,110
sub-0129_P2,111,111
sub-0129_P2,112,112
sub-0129_P2,113,113
sub-0129_P2,114,114
sub-0129_P2,115,115
sub-0129_P2,116,116
sub-0129_P2,117,117
sub-0129_P2,118,118
sub-0129_P2,119,119
sub-0129_P2,120,120
sub-0129_P2,121,121
sub-0129_P2,122,122
sub-0129_P2,123,123
sub-0129_P2,124,124
sub-0129_P2,125,125
sub-0129_P2,126,126
sub-0129_P2,127,127
sub-0129_P2,128,128
sub-0129_P2,129,129
sub-0129_P2,130,130
sub-0129_P2,131,131
sub-0129_P2,132,132
sub-0129_P2,133,133
sub-0129_P2,134,134
sub-0129_P2,135,135
sub-0129_P2,136,136
sub-0129_P2,137,137
sub-0129_P2,138,138
sub-0129_P2,139,139
sub-0129_P2,140,140
sub-0129_P2,141,141
sub-0129_P2,142,167
sub-0129_P2,143,143
sub-0129_P2,144,144
sub-0129_P2,145,145
sub-0129_P2,146,146
sub-0129_P2,147,147
sub-0129_P2,148,148
sub-0129_P2,149,149
sub-0129_P2,150,206
sub-0129_P2,151,151
sub-0129_P2,152,152
sub-0129_P2,153,153
sub-0129_P2,154,167
sub-0129_P2,155,155
sub-0129_P2,156,156
sub-0129_P2,157,157
sub-0129_P2,158,158
sub-0129_P2,159,159
sub-0129_P2,160,160
sub-0129_P2,161,161
sub-0129_P2,162,162
sub-0129_P2,163,163
sub-0129_P2,164,164
sub-0129_P2,165,165
sub-0129_P2,166,166
sub-0129_P2,167,167
sub-0129_P2,168,168
sub-0129_P2,169,169
sub-0129_P2,170,170
sub-0129_P2,171,171
sub-0129_P2,172,172
sub-0129_P2,173,173
sub-0129_P2,174,174
sub-0129_P2,175,175
sub-0129_P2,176,176
sub-0129_P2,177,177
sub-0129_P2,178,178
sub-0129_P2,179,179
sub-0129_P2,180,180
sub-0129_P2,181,181
sub-0129_P2,182,182
sub-0129_P2,183,183
sub-0129_P2,184,184
sub-0129_P2,185,185
sub-0129_P2,186,186
sub-0129_P2,187,187
sub-0129_P2,188,188
sub-0129_P2,189,189
sub-0129_P2,190,190
sub-0129_P2,191,191
sub-0129_P2,192,192
sub-0129_P2,193,193
sub-0129_P2,194,194
sub-0129_P2,195,195
sub-0129_P2,196,196
sub-0129_P2,197,197
sub-0129_P2,198,198
sub-0129_P2,199,199
sub-0129_P2,200,200
sub-0129_P2,201,201
sub-0129_P2,202,219
sub-0129_P2,203,216
sub-0129_P2,204,204
sub-0129_P2,205,205
sub-0129_P2,206,206
sub-0129_P2,207,207
sub-0129_P2,208,208
sub-0129_P2,209,209
sub-0129_P2,210,210
sub-0129_P2,211,211
sub-0129_P2,212,212
sub-0129_P2,213,213
sub-0129_P2,214,214
sub-0129_P2,215,215
sub-0129_P2,216,216
sub-0129_P2,217,217
sub-0129_P2,218,218
sub-0129_P2,219,202
sub-0129_P2,220,220
sub-0129_P2,221,221
sub-0129_P2,222,222
sub-0129_P2,223,223
sub-0129_P2,224,218
sub-0129_P2,225,225
sub-0129_P2,226,226
sub-0129_P2,227,227
sub-0129_P2,228,228
sub-0129_P2,229,229
sub-0129_P2,230,230
sub-0129_P2,231,231
sub-0130_P2,0,0
sub-0130_P2,1,1
sub-0130_P2,2,2
sub-0130_P2,3,3
sub-0130_P2,4,4
sub-0130_P2,5,5
sub-0130_P2,6,6
sub-0130_P2,7,7
sub-0130_P2,8,8
sub-0130_P2,9,9
sub-0130_P2,10,10
sub-0130_P2,11,11
sub-0130_P2,12,12
sub-0130_P2,13,137
sub-0130_P2,14,14
sub-0130_P2,15,15
sub-0130_P2,16,16
sub-0130_P2,17,17
sub-0130_P2,18,18
sub-0130_P2,19,19
sub-0130_P2,20,20
sub-0130_P2,21,21
sub-0130_P2,22,22
sub-0130_P2,23,23
sub-0130_P2,24,24
sub-0130_P2,25,128
sub-0130_P2,26,26
sub-0130_P2,27,99
sub-0130_P2,28,28
sub-0130_P2,29,29
sub-0130_P2,30,30
sub-0130_P2,31,31
sub-0130_P2,32,32
sub-0130_P2,33,33
sub-0130_P2,34,34
sub-0130_P2,35,35
sub-0130_P2,36,36
sub-0130_P2,37,37
sub-0130_P2,38,38
sub-0130_P2,39,33
sub-0130_P2,40,40
sub-0130_P2,41,41
sub-0130_P2,42,64
sub-0130_P2,43,43
sub-0130_P2,44,44
sub-0130_P2,45,45
sub-0130_P2,46,46
sub-0130_P2,47,47
sub-0130_P2,48,48
sub-0130_P2,49,49
sub-0130_P2,50,50
sub-0130_P2,51,51
sub-0130_P2,52,160
sub-0130_P2,53,53
sub-0130_P2,54,160
sub-0130_P2,55,55
sub-0130_P2,56,56
sub-0130_P2,57,57
sub-0130_P2,58,58
sub-0130_P2,59,59
sub-0130_P2,60,60
sub-0130_P2,61,61
sub-0130_P2,62,62
sub-0130_P2,63,63
sub-0130_P2,64,64
sub-0130_P2,65,65
sub-0130_P2,66,66
sub-0130_P2,67,94
sub-0130_P2,68,86
sub-0130_P2,69,69
sub-0130_P2,70,70
sub-0130_P2,71,71
sub-0130_P2,72,98
sub-0130_P2,73,73
sub-0130_P2,74,74
sub-0130_P2,75,75
sub-0130_P2,76,76
sub-0130_P2,77,77
sub-0130_P2,78,78
sub-0130_P2,79,79
sub-0130_P2,80,80
sub-0130_P2,81,81
sub-0130_P2,82,82
sub-0130_P2,83,83
sub-0130_P2,84,84
sub-0130_P2,85,85
sub-0130_P2,86,86
sub-0130_P2,87,87
sub-0130_P2,88,88
sub-0130_P2,89,89
sub-0130_P2,90,90
sub-0130_P2,91,91
sub-0130_P2,92,92
sub-0130_P2,93,93
sub-0130_P2,94,94
sub-0130_P2,95,95
sub-0130_P2,96,96
sub-0130_P2,97,97
sub-0130_P2,98,98
sub-0130_P2,99,99
sub-0130_P2,100,100
sub-0130_P2,101,101
sub-0130_P2,102,102
sub-0130_P2,103,103
sub-0130_P2,104,104
sub-0130_P2,105,105
sub-0130_P2,106,106
sub-0130_P2,107,107
sub-0130_P2,108,108
sub-0130_P2,109,109
sub-0130_P2,110,110
sub-0130_P2,111,111
sub-0130_P2,112,112
sub-0130_P2,113,113
sub-0130_P2,114,114
sub-0130_P2,115,115
sub-0130_P2,116,116
sub-0130_P2,117,117
sub-0130_P2,118,118
sub-0130_P2,119,119
sub-0130_P2,120,120
sub-0130_P2,121,121
sub-0130_P2,122,122
sub-0130_P2,123,123
sub-0130_P2,124,124
sub-0130_P2,125,125
sub-0130_P2,126,126
sub-0130_P2,127,127
sub-0130_P2,128,128
sub-0130_P2,129,129
sub-0130_P2,130,130
sub-0130_P2,131,131
sub-0130_P2,132,132
sub-0130_P2,133,133
sub-0130_P2,134,134
sub-0130_P2,135,135
sub-0130_P2,136,136
sub-0130_P2,137,137
sub-0130_P2,138,138
sub-0130_P2,139,139
sub-0130_P2,140,140
sub-0130_P2,141,141
sub-0130_P2,142,142
sub-0130_P2,143,143
sub-0130_P2,144,144
sub-0130_P2,145,145
sub-0130_P2,146,146
sub-0130_P2,147,213
sub-0130_P2,148,140
sub-0130_P2,149,149
sub-0130_P2,150,150
sub-0130_P2,151,151
sub-0130_P2,152,152
sub-0130_P2,153,153
sub-0130_P2,154,154
sub-0130_P2,155,155
sub-0130_P2,156,156
sub-0130_P2,157,157
sub-0130_P2,158,158
sub-0130_P2,159,159
sub-0130_P2,160,160
sub-0130_P2,161,161
sub-0130_P2,162,162
sub-0130_P2,163,163
sub-0130_P2,164,164
sub-0130_P2,165,165
sub-0130_P2,166,166
sub-0130_P2,167,167
sub-0130_P2,168,168
sub-0130_P2,169,169
sub-0130_P2,170,170
sub-0130_P2,171,171
sub-0130_P2,172,172
sub-0130_P2,173,173
sub-0130_P2,174,177
sub-0130_P2,175,175
sub-0130_P2,176,176
sub-0130_P2,177,177
sub-0130_P2,178,178
sub-0130_P2,179,179
sub-0130_P2,180,180
sub-0130_P2,181,181
sub-0130_P2,182,182
sub-0130_P2,183,183
sub-0130_P2,184,184
sub-0130_P2,185,185
sub-0130_P2,186,186
sub-0130_P2,187,187
sub-0130_P2,188,188
sub-0130_P2,189,189
sub-0130_P2,190,54
sub-0130_P2,191,191
sub-0130_P2,192,192
sub-0130_P2,193,193
sub-0130_P2,194,194
sub-0130_P2,195,195
sub-0130_P2,196,196
sub-0130_P2,197,197
sub-0130_P2,198,198
sub-0130_P2,199,199
sub-0130_P2,200,200
sub-0130_P2,201,201
sub-0130_P2,202,202
sub-0130_P2,203,203
sub-0130_P2,204,204
sub-0130_P2,205,205
sub-0130_P2,206,206
sub-0130_P2,207,207
sub-0130_P2,208,208
sub-0130_P2,209,209
sub-0130_P2,210,210
sub-0130_P2,211,211
sub-0130_P2,212,212
sub-0130_P2,213,213
sub-0130_P2,214,214
sub-0130_P2,215,231
sub-0130_P2,216,216
sub-0130_P2,217,217
sub-0130_P2,218,218
sub-0130_P2,219,219
sub-0130_P2,220,220
sub-0130_P2,221,221
sub-0130_P2,222,222
sub-0130_P2,223,223
sub-0130_P2,224,224
sub-0130_P2,225,225
sub-0130_P2,226,226
sub-0130_P2,227,227
sub-0130_P2,228,228
sub-0130_P2,229,229
sub-0130_P2,230,230
sub-0130_P2,231,53
sub-0131_P2,0,0
sub-0131_P2,1,1
sub-0131_P2,2,2
sub-0131_P2,3,3
sub-0131_P2,4,4
sub-0131_P2,5,5
sub-0131_P2,6,6
sub-0131_P2,7,7
sub-0131_P2,8,210
sub-0131_P2,9,8
sub-0131_P2,10,10
sub-0131_P2,11,11
sub-0131_P2,12,12
sub-0131_P2,13,13
sub-0131_P2,14,14
sub-0131_P2,15,15
sub-0131_P2,16,16
sub-0131_P2,17,17
sub-0131_P2,18,18
sub-0131_P2,19,19
sub-0131_P2,20,20
sub-0131_P2,21,21
sub-0131_P2,22,22
sub-0131_P2,23,23
sub-0131_P2,24,24
sub-0131_P2,25,25
sub-0131_P2,26,26
sub-0131_P2,27,27
sub-0131_P2,28,28
sub-0131_P2,29,29
sub-0131_P2,30,30
sub-0131_P2,31,31
sub-0131_P2,32,32
sub-0131_P2,33,33
sub-0131_P2,34,34
sub-0131_P2,35,35
sub-0131_P2,36,36
sub-0131_P2,37,37
sub-0131_P2,38,38
sub-0131_P2,39,39
sub-0131_P2,40,40
sub-0131_P2,41,41
sub-0131_P2,42,42
sub-0131_P2,43,43
sub-0131_P2,44,44
sub-0131_P2,45,45
sub-0131_P2,46,46
sub-0131_P2,47,47
sub-0131_P2,48,48
sub-0131_P2,49,49
sub-0131_P2,50,50
sub-0131_P2,51,187
sub-0131_P2,52,52
sub-0131_P2,53,162
sub-0131_P2,54,83
sub-0131_P2,55,55
sub-0131_P2,56,56
sub-0131_P2,57,57
sub-0131_P2,58,58
sub-0131_P2,59,59
sub-0131_P2,60,60
sub-0131_P2,61,61
sub-0131_P2,62,62
sub-0131_P2,63,63
sub-0131_P2,64,64
sub-0131_P2,65,65
sub-0131_P2,66,66
sub-0131_P2,67,67
sub-0131_P2,68,68
sub-0131_P2,69,69
sub-0131_P2,70,70
sub-0131_P2,71,71
sub-0131_P2,72,72
sub-0131_P2,73,73
sub-0131_P2,74,74
sub-0131_P2,75,75
sub-0131_P2,76,76
sub-0131_P2,77,77
sub-0131_P2,78,78
sub-0131_P2,79,79
sub-0131_P2,80,80
sub-0131_P2,81,81
sub-0131_P2,82,82
sub-0131_P2,83,83
sub-0131_P2,84,98
sub-0131_P2,85,85
sub-0131_P2,86,68
sub-0131_P2,87,87
sub-0131_P2,88,88
sub-0131_P2,89,89
sub-0131_P2,90,90
sub-0131_P2,91,91
sub-0131_P2,92,92
sub-0131_P2,93,93
sub-0131_P2,94,94
sub-0131_P2,95,95
sub-0131_P2,96,96
sub-0131_P2,97,97
sub-0131_P2,98,98
sub-0131_P2,99,99
sub-0131_P2,100,100
sub-0131_P2,101,101
sub-0131_P2,102,102
sub-0131_P2,103,0
sub-0131_P2,104,104
sub-0131_P2,105,105
sub-0131_P2,106,106
sub-0131_P2,107,107
sub-0131_P2,108,108
sub-0131_P2,109,109
sub-0131_P2,110,110
sub-0131_P2,111,111
sub-0131_P2,112,8
sub-0131_P2,113,113
sub-0131_P2,114,114
sub-0131_P2,115,115
sub-0131_P2,116,116
sub-0131_P2,117,117
sub-0131_P2,118,118
sub-0131_P2,119,119
sub-0131_P2,120,120
sub-0131_P2,121,121
sub-0131_P2,122,190
sub-0131_P2,123,123
sub-0131_P2,124,21
sub-0131_P2,125,125
sub-0131_P2,126,126
sub-0131_P2,127,127
sub-0131_P2,128,128
sub-0131_P2,129,129
sub-0131_P2,130,130
sub-0131_P2,131,131
sub-0131_P2,132,132
sub-0131_P2,133,133
sub-0131_P2,134,142
sub-0131_P2,135,135
sub-0131_P2,136,136
sub-0131_P2,137,137
sub-0131_P2,138,138
sub-0131_P2,139,139
sub-0131_P2,140,140
sub-0131_P2,141,141
sub-0131_P2,142,142
sub-0131_P2,143,143
sub-0131_P2,144,144
sub-0131_P2,145,145
sub-0131_P2,146,146
sub-0131_P2,147,147
sub-0131_P2,148,148
sub-0131_P2,149,149
sub-0131_P2,150,150
sub-0131_P2,151,151
sub-0131_P2,152,152
sub-0131_P2,153,153
sub-0131_P2,154,154
sub-0131_P2,155,155
sub-0131_P2,156,50
sub-0131_P2,157,157
sub-0131_P2,158,158
sub-0131_P2,159,159
sub-0131_P2,160,160
sub-0131_P2,161,161
sub-0131_P2,162,162
sub-0131_P2,163,163
sub-0131_P2,164,164
sub-0131_P2,165,165
sub-0131_P2,166,166
sub-0131_P2,167,167
sub-0131_P2,168,63
sub-0131_P2,169,50
sub-0131_P2,170,170
sub-0131_P2,171,171
sub-0131_P2,172,172
sub-0131_P2,173,173
sub-0131_P2,174,151
sub-0131_P2,175,175
sub-0131_P2,176,176
sub-0131_P2,177,177
sub-0131_P2,178,178
sub-0131_P2,179,179
sub-0131_P2,180,180
sub-0131_P2,181,181
sub-0131_P2,182,182
sub-0131_P2,183,183
sub-0131_P2,184,184
sub-0131_P2,185,185
sub-0131_P2,186,186
sub-0131_P2,187,187
sub-0131_P2,188,188
sub-0131_P2,189,189
sub-0131_P2,190,190
sub-0131_P2,191,191
sub-0131_P2,192,192
sub-0131_P2,193,193
sub-0131_P2,194,194
sub-0131_P2,195,195
sub-0131_P2,196,196
sub-0131_P2,197,197
sub-0131_P2,198,198
sub-0131_P2,199,199
sub-0131_P2,200,200
sub-0131_P2,201,201
sub-0131_P2,202,202
sub-0131_P2,203,203
sub-0131_P2,204,204
sub-0131_P2,205,205
sub-0131_P2,206,142
sub-0131_P2,207,207
sub-0131_P2,208,208
sub-0131_P2,209,209
sub-0131_P2,210,210
sub-0131_P2,211,211
sub-0131_P2,212,212
sub-0131_P2,213,213
sub-0131_P2,214,214
sub-0131_P2,215,215
sub-0131_P2,216,216
sub-0131_P2,217,217
sub-0131_P2,218,218
sub-0131_P2,219,219
sub-0131_P2,220,202
sub-0131_P2,221,221
sub-0131_P2,222,222
sub-0131_P2,223,223
sub-0131_P2,224,224
sub-0131_P2,225,225
sub-0131_P2,226,227
sub-0131_P2,227,227
sub-0131_P2,228,228
sub-0131_P2,229,229
sub-0131_P2,230,230
sub-0131_P2,231,231
sub-0132_P2,0,0
sub-0132_P2,1,1
sub-0132_P2,2,2
sub-0132_P2,3,3
sub-0132_P2,4,4
sub-0132_P2,5,5
sub-0132_P2,6,6
sub-0132_P2,7,7
sub-0132_P2,8,211
sub-0132_P2,9,9
sub-0132_P2,10,10
sub-0132_P2,11,11
sub-0132_P2,12,12
sub-0132_P2,13,117
sub-0132_P2,14,14
sub-0132_P2,15,15
sub-0132_P2,16,16
sub-0132_P2,17,17
sub-0132_P2,18,18
sub-0132_P2,19,19
sub-0132_P2,20,20
sub-0132_P2,21,21
sub-0132_P2,22,22
sub-0132_P2,23,23
sub-0132_P2,24,24
sub-0132_P2,25,25
sub-0132_P2,26,26
sub-0132_P2,27,27
sub-0132_P2,28,28
sub-0132_P2,29,29
sub-0132_P2,30,56
sub-0132_P2,31,31
sub-0132_P2,32,32
sub-0132_P2,33,201
sub-0132_P2,34,34
sub-0132_P2,35,35
sub-0132_P2,36,36
sub-0132_P2,37,37
sub-0132_P2,38,38
sub-0132_P2,39,39
sub-0132_P2,40,40
sub-0132_P2,41,41
sub-0132_P2,42,42
sub-0132_P2,43,43
sub-0132_P2,44,44
sub-0132_P2,45,45
sub-0132_P2,46,46
sub-0132_P2,47,47
sub-0132_P2,48,48
sub-0132_P2,49,49
sub-0132_P2,50,50
sub-0132_P2,51,51
sub-0132_P2,52,52
sub-0132_P2,53,54
sub-0132_P2,54,54
sub-0132_P2,55,55
sub-0132_P2,56,56
sub-0132_P2,57,57
sub-0132_P2,58,58
sub-0132_P2,59,59
sub-0132_P2,60,205
sub-0132_P2,61,61
sub-0132_P2,62,62
sub-0132_P2,63,63
sub-0132_P2,64,64
sub-0132_P2,65,86
sub-0132_P2,66,66
sub-0132_P2,67,67
sub-0132_P2,68,68
sub-0132_P2,69,69
sub-0132_P2,70,70
sub-0132_P2,71,71
sub-0132_P2,72,72
sub-0132_P2,73,73
sub-0132_P2,74,86
sub-0132_P2,75,75
sub-0132_P2,76,76
sub-0132_P2,77,77
sub-0132_P2,78,78
sub-0132_P2,79,209
sub-0132_P2,80,80
sub-0132_P2,81,81
sub-0132_P2,82,54
sub-0132_P2,83,83
sub-0132_P2,84,84
sub-0132_P2,85,85
sub-0132_P2,86,86
sub-0132_P2,87,87
sub-0132_P2,88,88
sub-0132_P2,89,89
sub-0132_P2,90,90
sub-0132_P2,91,91
sub-0132_P2,92,92
sub-0132_P2,93,93
sub-0132_P2,94,94
sub-0132_P2,95,187
sub-0132_P2,96,96
sub-0132_P2,97,97
sub-0132_P2,98,98
sub-0132_P2,99,99
sub-0132_P2,100,100
sub-0132_P2,101,101
sub-0132_P2,102,102
sub-0132_P2,103,103
sub-0132_P2,104,104
sub-0132_P2,105,105
sub-0132_P2,106,106
sub-0132_P2,107,107
sub-0132_P2,108,108
sub-0132_P2,109,109
sub-0132_P2,110,110
sub-0132_P2,111,111
sub-0132_P2,112,112
sub-0132_P2,113,113
sub-0132_P2,114,114
sub-0132_P2,115,115
sub-0132_P2,116,116
sub-0132_P2,117,117
sub-0132_P2,118,118
sub-0132_P2,119,119
sub-0132_P2,120,120
sub-0132_P2,121,121
sub-0132_P2,122,122
sub-0132_P2,123,123
sub-0132_P2,124,124
sub-0132_P2,125,125
sub-0132_P2,126,126
sub-0132_P2,127,127
sub-0132_P2,128,128
sub-0132_P2,129,129
sub-0132_P2,130,130
sub-0132_P2,131,131
sub-0132_P2,132,132
sub-0132_P2,133,133
sub-0132_P2,134,134
sub-0132_P2,135,135
sub-0132_P2,136,136
sub-0132_P2,137,137
sub-0132_P2,138,138
sub-0132_P2,139,139
sub-0132_P2,140,140
sub-0132_P2,141,141
sub-0132_P2,142,142
sub-0132_P2,143,210
sub-0132_P2,144,144
sub-0132_P2,145,145
sub-0132_P2,146,146
sub-0132_P2,147,147
sub-0132_P2,148,148
sub-0132_P2,149,149
sub-0132_P2,150,150
sub-0132_P2,151,151
sub-0132_P2,152,152
sub-0132_P2,153,153
sub-0132_P2,154,154
sub-0132_P2,155,155
sub-0132_P2,156,156
sub-0132_P2,157,157
sub-0132_P2,158,158
sub-0132_P2,159,159
sub-0132_P2,160,160
sub-0132_P2,161,161
sub-0132_P2,162,162
sub-0132_P2,163,163
sub-0132_P2,164,164
sub-0132_P2,165,165
sub-0132_P2,166,166
sub-0132_P2,167,40
sub-0132_P2,168,168
sub-0132_P2,169,169
sub-0132_P2,170,170
sub-0132_P2,171,171
sub-0132_P2,172,172
sub-0132_P2,173,173
sub-0132_P2,174,174
sub-0132_P2,175,175
sub-0132_P2,176,176
sub-0132_P2,177,177
sub-0132_P2,178,178
sub-0132_P2,179,179
sub-0132_P2,180,180
sub-0132_P2,181,181
sub-0132_P2,182,182
sub-0132_P2,183,183
sub-0132_P2,184,184
sub-0132_P2,185,185
sub-0132_P2,186,186
sub-0132_P2,187,187
sub-0132_P2,188,188
sub-0132_P2,189,86
sub-0132_P2,190,190
sub-0132_P2,191,191
sub-0132_P2,192,192
sub-0132_P2,193,193
sub-0132_P2,194,194
sub-0132_P2,195,195
sub-0132_P2,196,196
sub-0132_P2,197,197
sub-0132_P2,198,198
sub-0132_P2,199,199
sub-0132_P2,200,200
sub-0132_P2,201,201
sub-0132_P2,202,219
sub-0132_P2,203,216
sub-0132_P2,204,204
sub-0132_P2,205,205
sub-0132_P2,206,206
sub-0132_P2,207,207
sub-0132_P2,208,209
sub-0132_P2,209,209
sub-0132_P2,210,210
sub-0132_P2,211,211
sub-0132_P2,212,212
sub-0132_P2,213,213
sub-0132_P2,214,214
sub-0132_P2,215,215
sub-0132_P2,216,216
sub-0132_P2,217,217
sub-0132_P2,218,218
sub-0132_P2,219,219
sub-0132_P2,220,220
sub-0132_P2,221,221
sub-0132_P2,222,222
sub-0132_P2,223,223
sub-0132_P2,224,224
sub-0132_P2,225,225
sub-0132_P2,226,210
sub-0132_P2,227,227
sub-0132_P2,228,228
sub-0132_P2,229,229
sub-0132_P2,230,230
sub-0132_P2,231,231
sub-0133_P2,0,0
sub-0133_P2,1,1
sub-0133_P2,2,2
sub-0133_P2,3,3
sub-0133_P2,4,4
sub-0133_P2,5,5
sub-0133_P2,6,6
sub-0133_P2,7,7
sub-0133_P2,8,8
sub-0133_P2,9,9
sub-0133_P2,10,10
sub-0133_P2,11,11
sub-0133_P2,12,12
sub-0133_P2,13,13
sub-0133_P2,14,14
sub-0133_P2,15,15
sub-0133_P2,16,16
sub-0133_P2,17,17
sub-0133_P2,18,18
sub-0133_P2,19,19
sub-0133_P2,20,20
sub-0133_P2,21,21
sub-0133_P2,22,22
sub-0133_P2,23,23
sub-0133_P2,24,24
sub-0133_P2,25,25
sub-0133_P2,26,26
sub-0133_P2,27,27
sub-0133_P2,28,28
sub-0133_P2,29,29
sub-0133_P2,30,30
sub-0133_P2,31,31
sub-0133_P2,32,32
sub-0133_P2,33,33
sub-0133_P2,34,34
sub-0133_P2,35,35
sub-0133_P2,36,36
sub-0133_P2,37,37
sub-0133_P2,38,38
sub-0133_P2,39,39
sub-0133_P2,40,40
sub-0133_P2,41,41
sub-0133_P2,42,42
sub-0133_P2,43,43
sub-0133_P2,44,44
sub-0133_P2,45,45
sub-0133_P2,46,46
sub-0133_P2,47,47
sub-0133_P2,48,48
sub-0133_P2,49,49
sub-0133_P2,50,50
sub-0133_P2,51,51
sub-0133_P2,52,52
sub-0133_P2,53,53
sub-0133_P2,54,54
sub-0133_P2,55,55
sub-0133_P2,56,56
sub-0133_P2,57,171
sub-0133_P2,58,58
sub-0133_P2,59,59
sub-0133_P2,60,60
sub-0133_P2,61,61
sub-0133_P2,62,62
sub-0133_P2,63,63
sub-0133_P2,64,75
sub-0133_P2,65,65
sub-0133_P2,66,66
sub-0133_P2,67,67
sub-0133_P2,68,68
sub-0133_P2,69,69
sub-0133_P2,70,70
sub-0133_P2,71,71
sub-0133_P2,72,72
sub-0133_P2,73,73
sub-0133_P2,74,74
sub-0133_P2,75,75
sub-0133_P2,76,76
sub-0133_P2,77,77
sub-0133_P2,78,78
sub-0133_P2,79,79
sub-0133_P2,80,80
sub-0133_P2,81,81
sub-0133_P2,82,82
sub-0133_P2,83,83
sub-0133_P2,84,84
sub-0133_P2,85,85
sub-0133_P2,86,86
sub-0133_P2,87,87
sub-0133_P2,88,88
sub-0133_P2,89,89
sub-0133_P2,90,90
sub-0133_P2,91,91
sub-0133_P2,92,92
sub-0133_P2,93,93
sub-0133_P2,94,94
sub-0133_P2,95,95
sub-0133_P2,96,96
sub-0133_P2,97,97
sub-0133_P2,98,98
sub-0133_P2,99,99
sub-0133_P2,100,100
sub-0133_P2,101,101
sub-0133_P2,102,102
sub-0133_P2,103,103
sub-0133_P2,104,104
sub-0133_P2,105,105
sub-0133_P2,106,106
sub-0133_P2,107,107
sub-0133_P2,108,108
sub-0133_P2,109,109
sub-0133_P2,110,110
sub-0133_P2,111,111
sub-0133_P2,112,112
sub-0133_P2,113,113
sub-0133_P2,114,114
sub-0133_P2,115,115
sub-0133_P2,116,116
sub-0133_P2,117,117
sub-0133_P2,118,118
sub-0133_P2,119,119
sub-0133_P2,120,120
sub-0133_P2,121,121
sub-0133_P2,122,122
sub-0133_P2,123,123
sub-0133_P2,124,124
sub-0133_P2,125,125
sub-0133_P2,126,126
sub-0133_P2,127,127
sub-0133_P2,128,128
sub-0133_P2,129,129
sub-0133_P2,130,130
sub-0133_P2,131,199
sub-0133_P2,132,132
sub-0133_P2,133,133
sub-0133_P2,134,134
sub-0133_P2,135,130
sub-0133_P2,136,136
sub-0133_P2,137,137
sub-0133_P2,138,138
sub-0133_P2,139,139
sub-0133_P2,140,140
sub-0133_P2,141,141
sub-0133_P2,142,142
sub-0133_P2,143,143
sub-0133_P2,144,144
sub-0133_P2,145,145
sub-0133_P2,146,146
sub-0133_P2,147,6
sub-0133_P2,148,148
sub-0133_P2,149,38
sub-0133_P2,150,150
sub-0133_P2,151,151
sub-0133_P2,152,73
sub-0133_P2,153,153
sub-0133_P2,154,154
sub-0133_P2,155,155
sub-0133_P2,156,156
sub-0133_P2,157,157
sub-0133_P2,158,158
sub-0133_P2,159,159
sub-0133_P2,160,160
sub-0133_P2,161,161
sub-0133_P2,162,162
sub-0133_P2,163,163
sub-0133_P2,164,171
sub-0133_P2,165,165
sub-0133_P2,166,166
sub-0133_P2,167,167
sub-0133_P2,168,168
sub-0133_P2,169,169
sub-0133_P2,170,170
sub-0133_P2,171,171
sub-0133_P2,172,172
sub-0133_P2,173,173
sub-0133_P2,174,174
sub-0133_P2,175,175
sub-0133_P2,176,176
sub-0133_P2,177,177
sub-0133_P2,178,178
sub-0133_P2,179,179
sub-0133_P2,180,180
sub-0133_P2,181,181
sub-0133_P2,182,182
sub-0133_P2,183,183
sub-0133_P2,184,184
sub-0133_P2,185,185
sub-0133_P2,186,186
sub-0133_P2,187,187
sub-0133_P2,188,188
sub-0133_P2,189,189
sub-0133_P2,190,190
sub-0133_P2,191,191
sub-0133_P2,192,192
sub-0133_P2,193,193
sub-0133_P2,194,194
sub-0133_P2,195,195
sub-0133_P2,196,196
sub-0133_P2,197,197
sub-0133_P2,198,198
sub-0133_P2,199,199
sub-0133_P2,200,217
sub-0133_P2,201,201
sub-0133_P2,202,55
sub-0133_P2,203,203
sub-0133_P2,204,204
sub-0133_P2,205,205
sub-0133_P2,206,206
sub-0133_P2,207,207
sub-0133_P2,208,208
sub-0133_P2,209,224
sub-0133_P2,210,210
sub-0133_P2,211,211
sub-0133_P2,212,212
sub-0133_P2,213,213
sub-0133_P2,214,214
sub-0133_P2,215,215
sub-0133_P2,216,216
sub-0133_P2,217,217
sub-0133_P2,218,218
sub-0133_P2,219,219
sub-0133_P2,220,220
sub-0133_P2,221,221
sub-0133_P2,222,222
sub-0133_P2,223,223
sub-0133_P2,224,224
sub-0133_P2,225,208
sub-0133_P2,226,226
sub-0133_P2,227,227
sub-0133_P2,228,209
sub-0133_P2,229,229
sub-0133_P2,230,230
sub-0133_P2,231,231
sub-0134_P2,0,0
sub-0134_P2,1,1
sub-0134_P2,2,2
sub-0134_P2,3,3
sub-0134_P2,4,4
sub-0134_P2,5,5
sub-0134_P2,6,6
sub-0134_P2,7,7
sub-0134_P2,8,8
sub-0134_P2,9,9
sub-0134_P2,10,10
sub-0134_P2,11,11
sub-0134_P2,12,12
sub-0134_P2,13,13
sub-0134_P2,14,14
sub-0134_P2,15,15
sub-0134_P2,16,16
sub-0134_P2,17,17
sub-0134_P2,18,18
sub-0134_P2,19,19
sub-0134_P2,20,20
sub-0134_P2,21,21
sub-0134_P2,22,22
sub-0134_P2,23,23
sub-0134_P2,24,24
sub-0134_P2,25,25
sub-0134_P2,26,26
sub-0134_P2,27,27
sub-0134_P2,28,28
sub-0134_P2,29,29
sub-0134_P2,30,30
sub-0134_P2,31,31
sub-0134_P2,32,32
sub-0134_P2,33,33
sub-0134_P2,34,34
sub-0134_P2,35,35
sub-0134_P2,36,36
sub-0134_P2,37,37
sub-0134_P2,38,38
sub-0134_P2,39,39
sub-0134_P2,40,40
sub-0134_P2,41,41
sub-0134_P2,42,42
sub-0134_P2,43,43
sub-0134_P2,44,147
sub-0134_P2,45,45
sub-0134_P2,46,131
sub-0134_P2,47,47
sub-0134_P2,48,48
sub-0134_P2,49,49
sub-0134_P2,50,50
sub-0134_P2,51,51
sub-0134_P2,52,52
sub-0134_P2,53,53
sub-0134_P2,54,54
sub-0134_P2,55,55
sub-0134_P2,56,56
sub-0134_P2,57,57
sub-0134_P2,58,58
sub-0134_P2,59,59
sub-0134_P2,60,60
sub-0134_P2,61,61
sub-0134_P2,62,62
sub-0134_P2,63,63
sub-0134_P2,64,64
sub-0134_P2,65,65
sub-0134_P2,66,66
sub-0134_P2,67,67
sub-0134_P2,68,68
sub-0134_P2,69,69
sub-0134_P2,70,70
sub-0134_P2,71,71
sub-0134_P2,72,72
sub-0134_P2,73,73
sub-0134_P2,74,74
sub-0134_P2,75,75
sub-0134_P2,76,76
sub-0134_P2,77,77
sub-0134_P2,78,78
sub-0134_P2,79,79
sub-0134_P2,80,80
sub-0134_P2,81,81
sub-0134_P2,82,82
sub-0134_P2,83,161
sub-0134_P2,84,84
sub-0134_P2,85,85
sub-0134_P2,86,86
sub-0134_P2,87,87
sub-0134_P2,88,88
sub-0134_P2,89,89
sub-0134_P2,90,90
sub-0134_P2,91,91
sub-0134_P2,92,230
sub-0134_P2,93,93
sub-0134_P2,94,94
sub-0134_P2,95,95
sub-0134_P2,96,96
sub-0134_P2,97,97
sub-0134_P2,98,85
sub-0134_P2,99,99
sub-0134_P2,100,100
sub-0134_P2,101,101
sub-0134_P2,102,102
sub-0134_P2,103,103
sub-0134_P2,104,104
sub-0134_P2,105,105
sub-0134_P2,106,106
sub-0134_P2,107,107
sub-0134_P2,108,108
sub-0134_P2,109,109
sub-0134_P2,110,110
sub-0134_P2,111,111
sub-0134_P2,112,112
sub-0134_P2,113,113
sub-0134_P2,114,114
sub-0134_P2,115,115
sub-0134_P2,116,116
sub-0134_P2,117,117
sub-0134_P2,118,118
sub-0134_P2,119,119
sub-0134_P2,120,120
sub-0134_P2,121,121
sub-0134_P2,122,122
sub-0134_P2,123,123
sub-0134_P2,124,124
sub-0134_P2,125,125
sub-0134_P2,126,126
sub-0134_P2,127,127
sub-0134_P2,128,128
sub-0134_P2,129,129
sub-0134_P2,130,130
sub-0134_P2,131,131
sub-0134_P2,132,171
sub-0134_P2,133,133
sub-0134_P2,134,134
sub-0134_P2,135,135
sub-0134_P2,136,136
sub-0134_P2,137,137
sub-0134_P2,138,138
sub-0134_P2,139,139
sub-0134_P2,140,140
sub-0134_P2,141,141
sub-0134_P2,142,142
sub-0134_P2,143,55
sub-0134_P2,144,144
sub-0134_P2,145,145
sub-0134_P2,146,146
sub-0134_P2,147,147
sub-0134_P2,148,148
sub-0134_P2,149,149
sub-0134_P2,150,173
sub-0134_P2,151,151
sub-0134_P2,152,152
sub-0134_P2,153,153
sub-0134_P2,154,154
sub-0134_P2,155,155
sub-0134_P2,156,156
sub-0134_P2,157,157
sub-0134_P2,158,158
sub-0134_P2,159,159
sub-0134_P2,160,160
sub-0134_P2,161,161
sub-0134_P2,162,162
sub-0134_P2,163,163
sub-0134_P2,164,164
sub-0134_P2,165,165
sub-0134_P2,166,166
sub-0134_P2,167,167
sub-0134_P2,168,168
sub-0134_P2,169,169
sub-0134_P2,170,170
sub-0134_P2,171,171
sub-0134_P2,172,172
sub-0134_P2,173,173
sub-0134_P2,174,174
sub-0134_P2,175,175
sub-0134_P2,176,176
sub-0134_P2,177,177
sub-0134_P2,178,178
sub-0134_P2,179,179
sub-0134_P2,180,180
sub-0134_P2,181,181
sub-0134_P2,182,182
sub-0134_P2,183,183
sub-0134_P2,184,184
sub-0134_P2,185,185
sub-0134_P2,186,186
sub-0134_P2,187,187
sub-0134_P2,188,188
sub-0134_P2,189,189
sub-0134_P2,190,161
sub-0134_P2,191,191
sub-0134_P2,192,192
sub-0134_P2,193,193
sub-0134_P2,194,194
sub-0134_P2,195,195
sub-0134_P2,196,196
sub-0134_P2,197,85
sub-0134_P2,198,198
sub-0134_P2,199,199
sub-0134_P2,200,219
sub-0134_P2,201,217
sub-0134_P2,202,202
sub-0134_P2,203,55
sub-0134_P2,204,204
sub-0134_P2,205,205
sub-0134_P2,206,206
sub-0134_P2,207,207
sub-0134_P2,208,208
sub-0134_P2,209,209
sub-0134_P2,210,210
sub-0134_P2,211,211
sub-0134_P2,212,212
sub-0134_P2,213,213
sub-0134_P2,214,214
sub-0134_P2,215,215
sub-0134_P2,216,216
sub-0134_P2,217,217
sub-0134_P2,218,218
sub-0134_P2,219,219
sub-0134_P2,220,220
sub-0134_P2,221,221
sub-0134_P2,222,222
sub-0134_P2,223,223
sub-0134_P2,224,224
sub-0134_P2,225,225
sub-0134_P2,226,226
sub-0134_P2,227,227
sub-0134_P2,228,228
sub-0134_P2,229,229
sub-0134_P2,230,230
sub-0134_P2,231,231
sub-0135_P2,0,0
sub-0135_P2,1,1
sub-0135_P2,2,2
sub-0135_P2,3,3
sub-0135_P2,4,4
sub-0135_P2,5,5
sub-0135_P2,6,6
sub-0135_P2,7,7
sub-0135_P2,8,8
sub-0135_P2,9,9
sub-0135_P2,10,10
sub-0135_P2,11,11
sub-0135_P2,12,12
sub-0135_P2,13,13
sub-0135_P2,14,14
sub-0135_P2,15,15
sub-0135_P2,16,16
sub-0135_P2,17,17
sub-0135_P2,18,18
sub-0135_P2,19,19
sub-0135_P2,20,20
sub-0135_P2,21,21
sub-0135_P2,22,22
sub-0135_P2,23,23
sub-0135_P2,24,24
sub-0135_P2,25,25
sub-0135_P2,26,26
sub-0135_P2,27,27
sub-0135_P2,28,28
sub-0135_P2,29,29
sub-0135_P2,30,30
sub-0135_P2,31,31
sub-0135_P2,32,32
sub-0135_P2,33,33
sub-0135_P2,34,34
sub-0135_P2,35,35
sub-0135_P2,36,36
sub-0135_P2,37,37
sub-0135_P2,38,38
sub-0135_P2,39,39
sub-0135_P2,40,40
sub-0135_P2,41,41
sub-0135_P2,42,42
sub-0135_P2,43,43
sub-0135_P2,44,44
sub-0135_P2,45,45
sub-0135_P2,46,46
sub-0135_P2,47,47
sub-0135_P2,48,48
sub-0135_P2,49,49
sub-0135_P2,50,50
sub-0135_P2,51,51
sub-0135_P2,52,52
sub-0135_P2,53,53
sub-0135_P2,54,54
sub-0135_P2,55,55
sub-0135_P2,56,56
sub-0135_P2,57,57
sub-0135_P2,58,58
sub-0135_P2,59,59
sub-0135_P2,60,60
sub-0135_P2,61,61
sub-0135_P2,62,62
sub-0135_P2,63,63
sub-0135_P2,64,64
sub-0135_P2,65,65
sub-0135_P2,66,66
sub-0135_P2,67,67
sub-0135_P2,68,68
sub-0135_P2,69,86
sub-0135_P2,70,86
sub-0135_P2,71,71
sub-0135_P2,72,72
sub-0135_P2,73,73
sub-0135_P2,74,74
sub-0135_P2,75,75
sub-0135_P2,76,76
sub-0135_P2,77,77
sub-0135_P2,78,78
sub-0135_P2,79,79
sub-0135_P2,80,80
sub-0135_P2,81,81
sub-0135_P2,82,82
sub-0135_P2,83,83
sub-0135_P2,84,84
sub-0135_P2,85,85
sub-0135_P2,86,86
sub-0135_P2,87,87
sub-0135_P2,88,88
sub-0135_P2,89,89
sub-0135_P2,90,90
sub-0135_P2,91,91
sub-0135_P2,92,92
sub-0135_P2,93,50
sub-0135_P2,94,94
sub-0135_P2,95,95
sub-0135_P2,96,96
sub-0135_P2,97,97
sub-0135_P2,98,98
sub-0135_P2,99,99
sub-0135_P2,100,100
sub-0135_P2,101,101
sub-0135_P2,102,102
sub-0135_P2,103,103
sub-0135_P2,104,104
sub-0135_P2,105,105
sub-0135_P2,106,106
sub-0135_P2,107,107
sub-0135_P2,108,108
sub-0135_P2,109,109
sub-0135_P2,110,110
sub-0135_P2,111,111
sub-0135_P2,112,112
sub-0135_P2,113,113
sub-0135_P2,114,114
sub-0135_P2,115,115
sub-0135_P2,116,116
sub-0135_P2,117,117
sub-0135_P2,118,118
sub-0135_P2,119,119
sub-0135_P2,120,120
sub-0135_P2,121,121
sub-0135_P2,122,122
sub-0135_P2,123,123
sub-0135_P2,124,123
sub-0135_P2,125,125
sub-0135_P2,126,126
sub-0135_P2,127,127
sub-0135_P2,128,128
sub-0135_P2,129,129
sub-0135_P2,130,130
sub-0135_P2,131,131
sub-0135_P2,132,132
sub-0135_P2,133,133
sub-0135_P2,134,134
sub-0135_P2,135,135
sub-0135_P2,136,136
sub-0135_P2,137,137
sub-0135_P2,138,138
sub-0135_P2,139,13
sub-0135_P2,140,140
sub-0135_P2,141,141
sub-0135_P2,142,142
sub-0135_P2,143,143
sub-0135_P2,144,144
sub-0135_P2,145,145
sub-0135_P2,146,45
sub-0135_P2,147,147
sub-0135_P2,148,148
sub-0135_P2,149,149
sub-0135_P2,150,150
sub-0135_P2,151,151
sub-0135_P2,152,227
sub-0135_P2,153,153
sub-0135_P2,154,154
sub-0135_P2,155,155
sub-0135_P2,156,156
sub-0135_P2,157,157
sub-0135_P2,158,158
sub-0135_P2,159,159
sub-0135_P2,160,160
sub-0135_P2,161,161
sub-0135_P2,162,162
sub-0135_P2,163,163
sub-0135_P2,164,164
sub-0135_P2,165,165
sub-0135_P2,166,166
sub-0135_P2,167,167
sub-0135_P2,168,168
sub-0135_P2,169,169
sub-0135_P2,170,170
sub-0135_P2,171,171
sub-0135_P2,172,172
sub-0135_P2,173,173
sub-0135_P2,174,174
sub-0135_P2,175,175
sub-0135_P2,176,50
sub-0135_P2,177,177
sub-0135_P2,178,178
sub-0135_P2,179,179
sub-0135_P2,180,180
sub-0135_P2,181,181
sub-0135_P2,182,182
sub-0135_P2,183,183
sub-0135_P2,184,227
sub-0135_P2,185,185
sub-0135_P2,186,186
sub-0135_P2,187,187
sub-0135_P2,188,188
sub-0135_P2,189,189
sub-0135_P2,190,190
sub-0135_P2,191,191
sub-0135_P2,192,192
sub-0135_P2,193,193
sub-0135_P2,194,194
sub-0135_P2,195,195
sub-0135_P2,196,196
sub-0135_P2,197,197
sub-0135_P2,198,198
sub-0135_P2,199,199
sub-0135_P2,200,200
sub-0135_P2,201,201
sub-0135_P2,202,202
sub-0135_P2,203,203
sub-0135_P2,204,204
sub-0135_P2,205,205
sub-0135_P2,206,206
sub-0135_P2,207,207
sub-0135_P2,208,208
sub-0135_P2,209,209
sub-0135_P2,210,210
sub-0135_P2,211,206
sub-0135_P2,212,212
sub-0135_P2,213,213
sub-0135_P2,214,214
sub-0135_P2,215,215
sub-0135_P2,216,216
sub-0135_P2,217,201
sub-0135_P2,218,218
sub-0135_P2,219,219
sub-0135_P2,220,220
sub-0135_P2,221,221
sub-0135_P2,222,222
sub-0135_P2,223,223
sub-0135_P2,224,224
sub-0135_P2,225,225
sub-0135_P2,226,226
sub-0135_P2,227,227
sub-0135_P2,228,228
sub-0135_P2,229,229
sub-0135_P2,230,230
sub-0135_P2,231,231
sub-0136_P2,0,0
sub-0136_P2,1,1
sub-0136_P2,2,2
sub-0136_P2,3,3
sub-0136_P2,4,4
sub-0136_P2,5,5
sub-0136_P2,6,6
sub-0136_P2,7,7
sub-0136_P2,8,8
sub-0136_P2,9,9
sub-0136_P2,10,10
sub-0136_P2,11,11
sub-0136_P2,12,12
sub-0136_P2,13,13
sub-0136_P2,14,14
sub-0136_P2,15,15
sub-0136_P2,16,16
sub-0136_P2,17,17
sub-0136_P2,18,18
sub-0136_P2,19,19
sub-0136_P2,20,20
sub-0136_P2,21,21
sub-0136_P2,22,22
sub-0136_P2,23,23
sub-0136_P2,24,24
sub-0136_P2,25,25
sub-0136_P2,26,26
sub-0136_P2,27,27
sub-0136_P2,28,28
sub-0136_P2,29,29
sub-0136_P2,30,30
sub-0136_P2,31,31
sub-0136_P2,32,32
sub-0136_P2,33,33
sub-0136_P2,34,34
sub-0136_P2,35,35
sub-0136_P2,36,36
sub-0136_P2,37,37
sub-0136_P2,38,38
sub-0136_P2,39,39
sub-0136_P2,40,40
sub-0136_P2,41,41
sub-0136_P2,42,42
sub-0136_P2,43,43
sub-0136_P2,44,44
sub-0136_P2,45,45
sub-0136_P2,46,67
sub-0136_P2,47,47
sub-0136_P2,48,48
sub-0136_P2,49,49
sub-0136_P2,50,50
sub-0136_P2,51,51
sub-0136_P2,52,52
sub-0136_P2,53,53
sub-0136_P2,54,54
sub-0136_P2,55,55
sub-0136_P2,56,56
sub-0136_P2,57,57
sub-0136_P2,58,58
sub-0136_P2,59,59
sub-0136_P2,60,60
sub-0136_P2,61,61
sub-0136_P2,62,62
sub-0136_P2,63,63
sub-0136_P2,64,64
sub-0136_P2,65,65
sub-0136_P2,66,66
sub-0136_P2,67,67
sub-0136_P2,68,68
sub-0136_P2,69,69
sub-0136_P2,70,70
sub-0136_P2,71,71
sub-0136_P2,72,72
sub-0136_P2,73,73
sub-0136_P2,74,74
sub-0136_P2,75,75
sub-0136_P2,76,76
sub-0136_P2,77,68
sub-0136_P2,78,78
sub-0136_P2,79,79
sub-0136_P2,80,80
sub-0136_P2,81,81
sub-0136_P2,82,82
sub-0136_P2,83,83
sub-0136_P2,84,84
sub-0136_P2,85,84
sub-0136_P2,86,86
sub-0136_P2,87,87
sub-0136_P2,88,88
sub-0136_P2,89,89
sub-0136_P2,90,90
sub-0136_P2,91,91
sub-0136_P2,92,92
sub-0136_P2,93,93
sub-0136_P2,94,94
sub-0136_P2,95,95
sub-0136_P2,96,96
sub-0136_P2,97,97
sub-0136_P2,98,98
sub-0136_P2,99,99
sub-0136_P2,100,100
sub-0136_P2,101,101
sub-0136_P2,102,102
sub-0136_P2,103,103
sub-0136_P2,104,104
sub-0136_P2,105,105
sub-0136_P2,106,106
sub-0136_P2,107,107
sub-0136_P2,108,108
sub-0136_P2,109,109
sub-0136_P2,110,110
sub-0136_P2,111,111
sub-0136_P2,112,112
sub-0136_P2,113,113
sub-0136_P2,114,114
sub-0136_P2,115,115
sub-0136_P2,116,116
sub-0136_P2,117,117
sub-0136_P2,118,205
sub-0136_P2,119,119
sub-0136_P2,120,120
sub-0136_P2,121,121
sub-0136_P2,122,122
sub-0136_P2,123,123
sub-0136_P2,124,124
sub-0136_P2,125,125
sub-0136_P2,126,126
sub-0136_P2,127,127
sub-0136_P2,128,128
sub-0136_P2,129,129
sub-0136_P2,130,130
sub-0136_P2,131,131
sub-0136_P2,132,132
sub-0136_P2,133,133
sub-0136_P2,134,134
sub-0136_P2,135,135
sub-0136_P2,136,136
sub-0136_P2,137,137
sub-0136_P2,138,138
sub-0136_P2,139,139
sub-0136_P2,140,140
sub-0136_P2,141,141
sub-0136_P2,142,142
sub-0136_P2,143,143
sub-0136_P2,144,144
sub-0136_P2,145,145
sub-0136_P2,146,48
sub-0136_P2,147,147
sub-0136_P2,148,148
sub-0136_P2,149,149
sub-0136_P2,150,150
sub-0136_P2,151,151
sub-0136_P2,152,152
sub-0136_P2,153,153
sub-0136_P2,154,154
sub-0136_P2,155,155
sub-0136_P2,156,156
sub-0136_P2,157,157
sub-0136_P2,158,158
sub-0136_P2,159,159
sub-0136_P2,160,160
sub-0136_P2,161,161
sub-0136_P2,162,162
sub-0136_P2,163,163
sub-0136_P2,164,164
sub-0136_P2,165,165
sub-0136_P2,166,166
sub-0136_P2,167,167
sub-0136_P2,168,168
sub-0136_P2,169,169
sub-0136_P2,170,170
sub-0136_P2,171,171
sub-0136_P2,172,172
sub-0136_P2,173,173
sub-0136_P2,174,174
sub-0136_P2,175,175
sub-0136_P2,176,176
sub-0136_P2,177,177
sub-0136_P2,178,178
sub-0136_P2,179,179
sub-0136_P2,180,180
sub-0136_P2,181,181
sub-0136_P2,182,182
sub-0136_P2,183,183
sub-0136_P2,184,184
sub-0136_P2,185,185
sub-0136_P2,186,186
sub-0136_P2,187,187
sub-0136_P2,188,188
sub-0136_P2,189,189
sub-0136_P2,190,197
sub-0136_P2,191,191
sub-0136_P2,192,192
sub-0136_P2,193,193
sub-0136_P2,194,194
sub-0136_P2,195,195
sub-0136_P2,196,196
sub-0136_P2,197,197
sub-0136_P2,198,198
sub-0136_P2,199,199
sub-0136_P2,200,200
sub-0136_P2,201,201
sub-0136_P2,202,218
sub-0136_P2,203,203
sub-0136_P2,204,204
sub-0136_P2,205,205
sub-0136_P2,206,206
sub-0136_P2,207,207
sub-0136_P2,208,208
sub-0136_P2,209,209
sub-0136_P2,210,227
sub-0136_P2,211,205
sub-0136_P2,212,212
sub-0136_P2,213,213
sub-0136_P2,214,231
sub-0136_P2,215,215
sub-0136_P2,216,216
sub-0136_P2,217,217
sub-0136_P2,218,218
sub-0136_P2,219,219
sub-0136_P2,220,220
sub-0136_P2,221,221
sub-0136_P2,222,222
sub-0136_P2,223,223
sub-0136_P2,224,224
sub-0136_P2,225,225
sub-0136_P2,226,226
sub-0136_P2,227,227
sub-0136_P2,228,228
sub-0136_P2,229,229
sub-0136_P2,230,230
sub-0136_P2,231,231
sub-0137_P2,0,103
sub-0137_P2,1,1
sub-0137_P2,2,2
sub-0137_P2,3,3
sub-0137_P2,4,4
sub-0137_P2,5,11
sub-0137_P2,6,6
sub-0137_P2,7,7
sub-0137_P2,8,8
sub-0137_P2,9,9
sub-0137_P2,10,10
sub-0137_P2,11,11
sub-0137_P2,12,12
sub-0137_P2,13,13
sub-0137_P2,14,14
sub-0137_P2,15,15
sub-0137_P2,16,16
sub-0137_P2,17,17
sub-0137_P2,18,18
sub-0137_P2,19,19
sub-0137_P2,20,20
sub-0137_P2,21,21
sub-0137_P2,22,22
sub-0137_P2,23,23
sub-0137_P2,24,24
sub-0137_P2,25,25
sub-0137_P2,26,26
sub-0137_P2,27,27
sub-0137_P2,28,28
sub-0137_P2,29,29
sub-0137_P2,30,30
sub-0137_P2,31,31
sub-0137_P2,32,32
sub-0137_P2,33,33
sub-0137_P2,34,34
sub-0137_P2,35,35
sub-0137_P2,36,38
sub-0137_P2,37,37
sub-0137_P2,38,38
sub-0137_P2,39,39
sub-0137_P2,40,40
sub-0137_P2,41,41
sub-0137_P2,42,42
sub-0137_P2,43,43
sub-0137_P2,44,44
sub-0137_P2,45,45
sub-0137_P2,46,46
sub-0137_P2,47,47
sub-0137_P2,48,48
sub-0137_P2,49,49
sub-0137_P2,50,50
sub-0137_P2,51,51
sub-0137_P2,52,52
sub-0137_P2,53,53
sub-0137_P2,54,54
sub-0137_P2,55,55
sub-0137_P2,56,56
sub-0137_P2,57,57
sub-0137_P2,58,58
sub-0137_P2,59,59
sub-0137_P2,60,8
sub-0137_P2,61,61
sub-0137_P2,62,62
sub-0137_P2,63,63
sub-0137_P2,64,64
sub-0137_P2,65,65
sub-0137_P2,66,66
sub-0137_P2,67,171
sub-0137_P2,68,68
sub-0137_P2,69,69
sub-0137_P2,70,70
sub-0137_P2,71,71
sub-0137_P2,72,72
sub-0137_P2,73,73
sub-0137_P2,74,74
sub-0137_P2,75,75
sub-0137_P2,76,76
sub-0137_P2,77,77
sub-0137_P2,78,78
sub-0137_P2,79,79
sub-0137_P2,80,80
sub-0137_P2,81,81
sub-0137_P2,82,82
sub-0137_P2,83,83
sub-0137_P2,84,84
sub-0137_P2,85,85
sub-0137_P2,86,86
sub-0137_P2,87,87
sub-0137_P2,88,88
sub-0137_P2,89,192
sub-0137_P2,90,90
sub-0137_P2,91,153
sub-0137_P2,92,92
sub-0137_P2,93,93
sub-0137_P2,94,94
sub-0137_P2,95,95
sub-0137_P2,96,96
sub-0137_P2,97,97
sub-0137_P2,98,98
sub-0137_P2,99,99
sub-0137_P2,100,100
sub-0137_P2,101,101
sub-0137_P2,102,102
sub-0137_P2,103,103
sub-0137_P2,104,104
sub-0137_P2,105,105
sub-0137_P2,106,106
sub-0137_P2,107,107
sub-0137_P2,108,108
sub-0137_P2,109,109
sub-0137_P2,110,110
sub-0137_P2,111,111
sub-0137_P2,112,112
sub-0137_P2,113,113
sub-0137_P2,114,114
sub-0137_P2,115,115
sub-0137_P2,116,116
sub-0137_P2,117,117
sub-0137_P2,118,118
sub-0137_P2,119,119
sub-0137_P2,120,120
sub-0137_P2,121,121
sub-0137_P2,122,122
sub-0137_P2,123,123
sub-0137_P2,124,124
sub-0137_P2,125,125
sub-0137_P2,126,126
sub-0137_P2,127,127
sub-0137_P2,128,25
sub-0137_P2,129,129
sub-0137_P2,130,130
sub-0137_P2,131,131
sub-0137_P2,132,132
sub-0137_P2,133,133
sub-0137_P2,134,130
sub-0137_P2,135,135
sub-0137_P2,136,136
sub-0137_P2,137,137
sub-0137_P2,138,138
sub-0137_P2,139,139
sub-0137_P2,140,140
sub-0137_P2,141,141
sub-0137_P2,142,142
sub-0137_P2,143,143
sub-0137_P2,144,144
sub-0137_P2,145,145
sub-0137_P2,146,146
sub-0137_P2,147,147
sub-0137_P2,148,148
sub-0137_P2,149,149
sub-0137_P2,150,150
sub-0137_P2,151,151
sub-0137_P2,152,152
sub-0137_P2,153,153
sub-0137_P2,154,154
sub-0137_P2,155,187
sub-0137_P2,156,156
sub-0137_P2,157,157
sub-0137_P2,158,158
sub-0137_P2,159,159
sub-0137_P2,160,160
sub-0137_P2,161,161
sub-0137_P2,162,202
sub-0137_P2,163,163
sub-0137_P2,164,164
sub-0137_P2,165,173
sub-0137_P2,166,166
sub-0137_P2,167,167
sub-0137_P2,168,168
sub-0137_P2,169,169
sub-0137_P2,170,170
sub-0137_P2,171,171
sub-0137_P2,172,172
sub-0137_P2,173,173
sub-0137_P2,174,177
sub-0137_P2,175,175
sub-0137_P2,176,176
sub-0137_P2,177,177
sub-0137_P2,178,178
sub-0137_P2,179,179
sub-0137_P2,180,180
sub-0137_P2,181,181
sub-0137_P2,182,182
sub-0137_P2,183,183
sub-0137_P2,184,131
sub-0137_P2,185,185
sub-0137_P2,186,186
sub-0137_P2,187,187
sub-0137_P2,188,188
sub-0137_P2,189,189
sub-0137_P2,190,190
sub-0137_P2,191,191
sub-0137_P2,192,192
sub-0137_P2,193,193
sub-0137_P2,194,194
sub-0137_P2,195,195
sub-0137_P2,196,99
sub-0137_P2,197,197
sub-0137_P2,198,131
sub-0137_P2,199,131
sub-0137_P2,200,200
sub-0137_P2,201,201
sub-0137_P2,202,221
sub-0137_P2,203,203
sub-0137_P2,204,204
sub-0137_P2,205,205
sub-0137_P2,206,206
sub-0137_P2,207,221
sub-0137_P2,208,208
sub-0137_P2,209,209
sub-0137_P2,210,210
sub-0137_P2,211,211
sub-0137_P2,212,212
sub-0137_P2,213,213
sub-0137_P2,214,214
sub-0137_P2,215,215
sub-0137_P2,216,216
sub-0137_P2,217,217
sub-0137_P2,218,218
sub-0137_P2,219,219
sub-0137_P2,220,220
sub-0137_P2,221,221
sub-0137_P2,222,222
sub-0137_P2,223,223
sub-0137_P2,224,224
sub-0137_P2,225,225
sub-0137_P2,226,226
sub-0137_P2,227,227
sub-0137_P2,228,228
sub-0137_P2,229,229
sub-0137_P2,230,230
sub-0137_P2,231,231
sub-0138_P2,0,0
sub-0138_P2,1,1
sub-0138_P2,2,2
sub-0138_P2,3,3
sub-0138_P2,4,4
sub-0138_P2,5,5
sub-0138_P2,6,6
sub-0138_P2,7,7
sub-0138_P2,8,8
sub-0138_P2,9,9
sub-0138_P2,10,10
sub-0138_P2,11,11
sub-0138_P2,12,12
sub-0138_P2,13,13
sub-0138_P2,14,14
sub-0138_P2,15,15
sub-0138_P2,16,16
sub-0138_P2,17,17
sub-0138_P2,18,18
sub-0138_P2,19,19
sub-0138_P2,20,24
sub-0138_P2,21,21
sub-0138_P2,22,22
sub-0138_P2,23,23
sub-0138_P2,24,24
sub-0138_P2,25,25
sub-0138_P2,26,26
sub-0138_P2,27,27
sub-0138_P2,28,162
sub-0138_P2,29,29
sub-0138_P2,30,30
sub-0138_P2,31,31
sub-0138_P2,32,32
sub-0138_P2,33,33
sub-0138_P2,34,34
sub-0138_P2,35,35
sub-0138_P2,36,36
sub-0138_P2,37,37
sub-0138_P2,38,38
sub-0138_P2,39,39
sub-0138_P2,40,40
sub-0138_P2,41,41
sub-0138_P2,42,42
sub-0138_P2,43,43
sub-0138_P2,44,44
sub-0138_P2,45,45
sub-0138_P2,46,46
sub-0138_P2,47,47
sub-0138_P2,48,48
sub-0138_P2,49,49
sub-0138_P2,50,50
sub-0138_P2,51,51
sub-0138_P2,52,52
sub-0138_P2,53,53
sub-0138_P2,54,54
sub-0138_P2,55,55
sub-0138_P2,56,56
sub-0138_P2,57,57
sub-0138_P2,58,58
sub-0138_P2,59,59
sub-0138_P2,60,60
sub-0138_P2,61,61
sub-0138_P2,62,62
sub-0138_P2,63,63
sub-0138_P2,64,64
sub-0138_P2,65,65
sub-0138_P2,66,66
sub-0138_P2,67,67
sub-0138_P2,68,68
sub-0138_P2,69,69
sub-0138_P2,70,70
sub-0138_P2,71,71
sub-0138_P2,72,72
sub-0138_P2,73,73
sub-0138_P2,74,74
sub-0138_P2,75,75
sub-0138_P2,76,76
sub-0138_P2,77,77
sub-0138_P2,78,78
sub-0138_P2,79,79
sub-0138_P2,80,80
sub-0138_P2,81,81
sub-0138_P2,82,82
sub-0138_P2,83,83
sub-0138_P2,84,197
sub-0138_P2,85,85
sub-0138_P2,86,86
sub-0138_P2,87,87
sub-0138_P2,88,88
sub-0138_P2,89,89
sub-0138_P2,90,90
sub-0138_P2,91,91
sub-0138_P2,92,92
sub-0138_P2,93,93
sub-0138_P2,94,94
sub-0138_P2,95,95
sub-0138_P2,96,96
sub-0138_P2,97,97
sub-0138_P2,98,98
sub-0138_P2,99,99
sub-0138_P2,100,100
sub-0138_P2,101,101
sub-0138_P2,102,102
sub-0138_P2,103,103
sub-0138_P2,104,104
sub-0138_P2,105,105
sub-0138_P2,106,106
sub-0138_P2,107,107
sub-0138_P2,108,108
sub-0138_P2,109,109
sub-0138_P2,110,110
sub-0138_P2,111,111
sub-0138_P2,112,112
sub-0138_P2,113,142
sub-0138_P2,114,114
sub-0138_P2,115,115
sub-0138_P2,116,17
sub-0138_P2,117,117
sub-0138_P2,118,118
sub-0138_P2,119,166
sub-0138_P2,120,120
sub-0138_P2,121,121
sub-0138_P2,122,122
sub-0138_P2,123,123
sub-0138_P2,124,124
sub-0138_P2,125,125
sub-0138_P2,126,126
sub-0138_P2,127,127
sub-0138_P2,128,128
sub-0138_P2,129,129
sub-0138_P2,130,130
sub-0138_P2,131,131
sub-0138_P2,132,132
sub-0138_P2,133,133
sub-0138_P2,134,134
sub-0138_P2,135,135
sub-0138_P2,136,136
sub-0138_P2,137,137
sub-0138_P2,138,138
sub-0138_P2,139,139
sub-0138_P2,140,140
sub-0138_P2,141,141
sub-0138_P2,142,142
sub-0138_P2,143,143
sub-0138_P2,144,144
sub-0138_P2,145,145
sub-0138_P2,146,146
sub-0138_P2,147,147
sub-0138_P2,148,148
sub-0138_P2,149,149
sub-0138_P2,150,150
sub-0138_P2,151,151
sub-0138_P2,152,152
sub-0138_P2,153,153
sub-0138_P2,154,154
sub-0138_P2,155,155
sub-0138_P2,156,156
sub-0138_P2,157,157
sub-0138_P2,158,158
sub-0138_P2,159,159
sub-0138_P2,160,160
sub-0138_P2,161,161
sub-0138_P2,162,162
sub-0138_P2,163,163
sub-0138_P2,164,164
sub-0138_P2,165,165
sub-0138_P2,166,166
sub-0138_P2,167,167
sub-0138_P2,168,168
sub-0138_P2,169,169
sub-0138_P2,170,170
sub-0138_P2,171,171
sub-0138_P2,172,172
sub-0138_P2,173,173
sub-0138_P2,174,174
sub-0138_P2,175,175
sub-0138_P2,176,176
sub-0138_P2,177,177
sub-0138_P2,178,178
sub-0138_P2,179,179
sub-0138_P2,180,180
sub-0138_P2,181,181
sub-0138_P2,182,182
sub-0138_P2,183,183
sub-0138_P2,184,184
sub-0138_P2,185,185
sub-0138_P2,186,186
sub-0138_P2,187,187
sub-0138_P2,188,188
sub-0138_P2,189,189
sub-0138_P2,190,190
sub-0138_P2,191,191
sub-0138_P2,192,192
sub-0138_P2,193,193
sub-0138_P2,194,194
sub-0138_P2,195,195
sub-0138_P2,196,196
sub-0138_P2,197,197
sub-0138_P2,198,198
sub-0138_P2,199,199
sub-0138_P2,200,200
sub-0138_P2,201,201
sub-0138_P2,202,202
sub-0138_P2,203,203
sub-0138_P2,204,204
sub-0138_P2,205,205
sub-0138_P2,206,206
sub-0138_P2,207,207
sub-0138_P2,208,208
sub-0138_P2,209,209
sub-0138_P2,210,210
sub-0138_P2,211,211
sub-0138_P2,212,212
sub-0138_P2,213,213
sub-0138_P2,214,214
sub-0138_P2,215,215
sub-0138_P2,216,216
sub-0138_P2,217,217
sub-0138_P2,218,218
sub-0138_P2,219,219
sub-0138_P2,220,220
sub-0138_P2,221,221
sub-0138_P2,222,222
sub-0138_P2,223,223
sub-0138_P2,224,224
sub-0138_P2,225,225
sub-0138_P2,226,226
sub-0138_P2,227,211
sub-0138_P2,228,228
sub-0138_P2,229,229
sub-0138_P2,230,230
sub-0138_P2,231,231
sub-0139_P2,0,0
sub-0139_P2,1,1
sub-0139_P2,2,2
sub-0139_P2,3,3
sub-0139_P2,4,4
sub-0139_P2,5,5
sub-0139_P2,6,6
sub-0139_P2,7,7
sub-0139_P2,8,8
sub-0139_P2,9,9
sub-0139_P2,10,10
sub-0139_P2,11,11
sub-0139_P2,12,211
sub-0139_P2,13,13
sub-0139_P2,14,116
sub-0139_P2,15,15
sub-0139_P2,16,16
sub-0139_P2,17,17
sub-0139_P2,18,18
sub-0139_P2,19,19
sub-0139_P2,20,20
sub-0139_P2,21,21
sub-0139_P2,22,22
sub-0139_P2,23,23
sub-0139_P2,24,24
sub-0139_P2,25,25
sub-0139_P2,26,26
sub-0139_P2,27,27
sub-0139_P2,28,217
sub-0139_P2,29,29
sub-0139_P2,30,30
sub-0139_P2,31,31
sub-0139_P2,32,32
sub-0139_P2,33,33
sub-0139_P2,34,34
sub-0139_P2,35,35
sub-0139_P2,36,36
sub-0139_P2,37,37
sub-0139_P2,38,38
sub-0139_P2,39,39
sub-0139_P2,40,40
sub-0139_P2,41,41
sub-0139_P2,42,42
sub-0139_P2,43,43
sub-0139_P2,44,44
sub-0139_P2,45,45
sub-0139_P2,46,46
sub-0139_P2,47,187
sub-0139_P2,48,48
sub-0139_P2,49,49
sub-0139_P2,50,50
sub-0139_P2,51,51
sub-0139_P2,52,52
sub-0139_P2,53,160
sub-0139_P2,54,54
sub-0139_P2,55,55
sub-0139_P2,56,93
sub-0139_P2,57,57
sub-0139_P2,58,58
sub-0139_P2,59,59
sub-0139_P2,60,60
sub-0139_P2,61,61
sub-0139_P2,62,62
sub-0139_P2,63,63
sub-0139_P2,64,64
sub-0139_P2,65,65
sub-0139_P2,66,66
sub-0139_P2,67,67
sub-0139_P2,68,68
sub-0139_P2,69,69
sub-0139_P2,70,70
sub-0139_P2,71,71
sub-0139_P2,72,72
sub-0139_P2,73,73
sub-0139_P2,74,161
sub-0139_P2,75,216
sub-0139_P2,76,76
sub-0139_P2,77,77
sub-0139_P2,78,78
sub-0139_P2,79,79
sub-0139_P2,80,80
sub-0139_P2,81,81
sub-0139_P2,82,82
sub-0139_P2,83,83
sub-0139_P2,84,84
sub-0139_P2,85,85
sub-0139_P2,86,86
sub-0139_P2,87,87
sub-0139_P2,88,88
sub-0139_P2,89,89
sub-0139_P2,90,90
sub-0139_P2,91,91
sub-0139_P2,92,92
sub-0139_P2,93,93
sub-0139_P2,94,94
sub-0139_P2,95,95
sub-0139_P2,96,96
sub-0139_P2,97,97
sub-0139_P2,98,98
sub-0139_P2,99,99
sub-0139_P2,100,100
sub-0139_P2,101,101
sub-0139_P2,102,102
sub-0139_P2,103,103
sub-0139_P2,104,104
sub-0139_P2,105,105
sub-0139_P2,106,106
sub-0139_P2,107,107
sub-0139_P2,108,108
sub-0139_P2,109,109
sub-0139_P2,110,110
sub-0139_P2,111,111
sub-0139_P2,112,112
sub-0139_P2,113,113
sub-0139_P2,114,114
sub-0139_P2,115,115
sub-0139_P2,116,116
sub-0139_P2,117,117
sub-0139_P2,118,118
sub-0139_P2,119,119
sub-0139_P2,120,120
sub-0139_P2,121,121
sub-0139_P2,122,122
sub-0139_P2,123,123
sub-0139_P2,124,124
sub-0139_P2,125,125
sub-0139_P2,126,126
sub-0139_P2,127,127
sub-0139_P2,128,128
sub-0139_P2,129,129
sub-0139_P2,130,130
sub-0139_P2,131,131
sub-0139_P2,132,132
sub-0139_P2,133,133
sub-0139_P2,134,211
sub-0139_P2,135,135
sub-0139_P2,136,136
sub-0139_P2,137,137
sub-0139_P2,138,138
sub-0139_P2,139,139
sub-0139_P2,140,140
sub-0139_P2,141,141
sub-0139_P2,142,142
sub-0139_P2,143,143
sub-0139_P2,144,144
sub-0139_P2,145,145
sub-0139_P2,146,146
sub-0139_P2,147,147
sub-0139_P2,148,148
sub-0139_P2,149,149
sub-0139_P2,150,150
sub-0139_P2,151,151
sub-0139_P2,152,152
sub-0139_P2,153,153
sub-0139_P2,154,154
sub-0139_P2,155,155
sub-0139_P2,156,156
sub-0139_P2,157,157
sub-0139_P2,158,158
sub-0139_P2,159,159
sub-0139_P2,160,160
sub-0139_P2,161,161
sub-0139_P2,162,216
sub-0139_P2,163,163
sub-0139_P2,164,164
sub-0139_P2,165,165
sub-0139_P2,166,166
sub-0139_P2,167,167
sub-0139_P2,168,168
sub-0139_P2,169,169
sub-0139_P2,170,170
sub-0139_P2,171,171
sub-0139_P2,172,172
sub-0139_P2,173,173
sub-0139_P2,174,211
sub-0139_P2,175,175
sub-0139_P2,176,176
sub-0139_P2,177,177
sub-0139_P2,178,178
sub-0139_P2,179,179
sub-0139_P2,180,180
sub-0139_P2,181,181
sub-0139_P2,182,182
sub-0139_P2,183,183
sub-0139_P2,184,184
sub-0139_P2,185,185
sub-0139_P2,186,186
sub-0139_P2,187,187
sub-0139_P2,188,188
sub-0139_P2,189,189
sub-0139_P2,190,190
sub-0139_P2,191,191
sub-0139_P2,192,192
sub-0139_P2,193,193
sub-0139_P2,194,194
sub-0139_P2,195,8
sub-0139_P2,196,99
sub-0139_P2,197,197
sub-0139_P2,198,198
sub-0139_P2,199,199
sub-0139_P2,200,200
sub-0139_P2,201,201
sub-0139_P2,202,202
sub-0139_P2,203,203
sub-0139_P2,204,204
sub-0139_P2,205,220
sub-0139_P2,206,206
sub-0139_P2,207,207
sub-0139_P2,208,208
sub-0139_P2,209,209
sub-0139_P2,210,210
sub-0139_P2,211,211
sub-0139_P2,212,212
sub-0139_P2,213,213
sub-0139_P2,214,214
sub-0139_P2,215,215
sub-0139_P2,216,216
sub-0139_P2,217,217
sub-0139_P2,218,218
sub-0139_P2,219,219
sub-0139_P2,220,205
sub-0139_P2,221,221
sub-0139_P2,222,222
sub-0139_P2,223,223
sub-0139_P2,224,224
sub-0139_P2,225,225
sub-0139_P2,226,226
sub-0139_P2,227,227
sub-0139_P2,228,228
sub-0139_P2,229,229
sub-0139_P2,230,230
sub-0139_P2,231,231
sub-0140_P2,0,0
sub-0140_P2,1,1
sub-0140_P2,2,2
sub-0140_P2,3,3
sub-0140_P2,4,4
sub-0140_P2,5,5
sub-0140_P2,6,6
sub-0140_P2,7,7
sub-0140_P2,8,8
sub-0140_P2,9,9
sub-0140_P2,10,10
sub-0140_P2,11,11
sub-0140_P2,12,12
sub-0140_P2,13,13
sub-0140_P2,14,14
sub-0140_P2,15,15
sub-0140_P2,16,16
sub-0140_P2,17,17
sub-0140_P2,18,18
sub-0140_P2,19,114
sub-0140_P2,20,20
sub-0140_P2,21,21
sub-0140_P2,22,22
sub-0140_P2,23,23
sub-0140_P2,24,24
sub-0140_P2,25,25
sub-0140_P2,26,26
sub-0140_P2,27,27
sub-0140_P2,28,28
sub-0140_P2,29,29
sub-0140_P2,30,17
sub-0140_P2,31,31
sub-0140_P2,32,32
sub-0140_P2,33,33
sub-0140_P2,34,34
sub-0140_P2,35,35
sub-0140_P2,36,36
sub-0140_P2,37,37
sub-0140_P2,38,38
sub-0140_P2,39,39
sub-0140_P2,40,40
sub-0140_P2,41,41
sub-0140_P2,42,42
sub-0140_P2,43,43
sub-0140_P2,44,44
sub-0140_P2,45,45
sub-0140_P2,46,46
sub-0140_P2,47,47
sub-0140_P2,48,48
sub-0140_P2,49,49
sub-0140_P2,50,50
sub-0140_P2,51,51
sub-0140_P2,52,52
sub-0140_P2,53,53
sub-0140_P2,54,54
sub-0140_P2,55,226
sub-0140_P2,56,56
sub-0140_P2,57,57
sub-0140_P2,58,58
sub-0140_P2,59,59
sub-0140_P2,60,60
sub-0140_P2,61,61
sub-0140_P2,62,62
sub-0140_P2,63,63
sub-0140_P2,64,64
sub-0140_P2,65,65
sub-0140_P2,66,66
sub-0140_P2,67,67
sub-0140_P2,68,68
sub-0140_P2,69,89
sub-0140_P2,70,70
sub-0140_P2,71,71
sub-0140_P2,72,72
sub-0140_P2,73,73
sub-0140_P2,74,74
sub-0140_P2,75,75
sub-0140_P2,76,76
sub-0140_P2,77,77
sub-0140_P2,78,78
sub-0140_P2,79,193
sub-0140_P2,80,80
sub-0140_P2,81,81
sub-0140_P2,82,82
sub-0140_P2,83,83
sub-0140_P2,84,84
sub-0140_P2,85,85
sub-0140_P2,86,86
sub-0140_P2,87,87
sub-0140_P2,88,88
sub-0140_P2,89,89
sub-0140_P2,90,90
sub-0140_P2,91,91
sub-0140_P2,92,92
sub-0140_P2,93,93
sub-0140_P2,94,94
sub-0140_P2,95,95
sub-0140_P2,96,96
sub-0140_P2,97,97
sub-0140_P2,98,98
sub-0140_P2,99,99
sub-0140_P2,100,100
sub-0140_P2,101,101
sub-0140_P2,102,102
sub-0140_P2,103,103
sub-0140_P2,104,104
sub-0140_P2,105,105
sub-0140_P2,106,106
sub-0140_P2,107,6
sub-0140_P2,108,108
sub-0140_P2,109,109
sub-0140_P2,110,110
sub-0140_P2,111,111
sub-0140_P2,112,112
sub-0140_P2,113,113
sub-0140_P2,114,147
sub-0140_P2,115,115
sub-0140_P2,116,116
sub-0140_P2,117,117
sub-0140_P2,118,118
sub-0140_P2,119,119
sub-0140_P2,120,120
sub-0140_P2,121,121
sub-0140_P2,122,122
sub-0140_P2,123,123
sub-0140_P2,124,124
sub-0140_P2,125,125
sub-0140_P2,126,126
sub-0140_P2,127,127
sub-0140_P2,128,128
sub-0140_P2,129,129
sub-0140_P2,130,173
sub-0140_P2,131,54
sub-0140_P2,132,132
sub-0140_P2,133,133
sub-0140_P2,134,134
sub-0140_P2,135,135
sub-0140_P2,136,136
sub-0140_P2,137,137
sub-0140_P2,138,138
sub-0140_P2,139,139
sub-0140_P2,140,140
sub-0140_P2,141,141
sub-0140_P2,142,142
sub-0140_P2,143,226
sub-0140_P2,144,144
sub-0140_P2,145,145
sub-0140_P2,146,146
sub-0140_P2,147,142
sub-0140_P2,148,148
sub-0140_P2,149,149
sub-0140_P2,150,150
sub-0140_P2,151,151
sub-0140_P2,152,152
sub-0140_P2,153,153
sub-0140_P2,154,154
sub-0140_P2,155,155
sub-0140_P2,156,156
sub-0140_P2,157,157
sub-0140_P2,158,158
sub-0140_P2,159,159
sub-0140_P2,160,160
sub-0140_P2,161,161
sub-0140_P2,162,162
sub-0140_P2,163,163
sub-0140_P2,164,164
sub-0140_P2,165,165
sub-0140_P2,166,166
sub-0140_P2,167,167
sub-0140_P2,168,168
sub-0140_P2,169,169
sub-0140_P2,170,170
sub-0140_P2,171,171
sub-0140_P2,172,172
sub-0140_P2,173,173
sub-0140_P2,174,174
sub-0140_P2,175,175
sub-0140_P2,176,176
sub-0140_P2,177,177
sub-0140_P2,178,178
sub-0140_P2,179,179
sub-0140_P2,180,180
sub-0140_P2,181,181
sub-0140_P2,182,182
sub-0140_P2,183,183
sub-0140_P2,184,184
sub-0140_P2,185,185
sub-0140_P2,186,186
sub-0140_P2,187,187
sub-0140_P2,188,188
sub-0140_P2,189,189
sub-0140_P2,190,54
sub-0140_P2,191,191
sub-0140_P2,192,192
sub-0140_P2,193,193
sub-0140_P2,194,194
sub-0140_P2,195,195
sub-0140_P2,196,196
sub-0140_P2,197,197
sub-0140_P2,198,198
sub-0140_P2,199,127
sub-0140_P2,200,200
sub-0140_P2,201,201
sub-0140_P2,202,202
sub-0140_P2,203,203
sub-0140_P2,204,204
sub-0140_P2,205,205
sub-0140_P2,206,206
sub-0140_P2,207,207
sub-0140_P2,208,209
sub-0140_P2,209,208
sub-0140_P2,210,210
sub-0140_P2,211,211
sub-0140_P2,212,212
sub-0140_P2,213,213
sub-0140_P2,214,214
sub-0140_P2,215,215
sub-0140_P2,216,216
sub-0140_P2,217,217
sub-0140_P2,218,218
sub-0140_P2,219,219
sub-0140_P2,220,220
sub-0140_P2,221,221
sub-0140_P2,222,222
sub-0140_P2,223,223
sub-0140_P2,224,224
sub-0140_P2,225,225
sub-0140_P2,226,226
sub-0140_P2,227,227
sub-0140_P2,228,228
sub-0140_P2,229,229
sub-0140_P2,230,230
sub-0140_P2,231,231
sub-0141_P2,0,0
sub-0141_P2,1,1
sub-0141_P2,2,2
sub-0141_P2,3,3
sub-0141_P2,4,4
sub-0141_P2,5,5
sub-0141_P2,6,6
sub-0141_P2,7,7
sub-0141_P2,8,8
sub-0141_P2,9,9
sub-0141_P2,10,10
sub-0141_P2,11,11
sub-0141_P2,12,12
sub-0141_P2,13,13
sub-0141_P2,14,14
sub-0141_P2,15,15
sub-0141_P2,16,16
sub-0141_P2,17,17
sub-0141_P2,18,18
sub-0141_P2,19,19
sub-0141_P2,20,20
sub-0141_P2,21,21
sub-0141_P2,22,22
sub-0141_P2,23,23
sub-0141_P2,24,24
sub-0141_P2,25,25
sub-0141_P2,26,26
sub-0141_P2,27,27
sub-0141_P2,28,28
sub-0141_P2,29,29
sub-0141_P2,30,30
sub-0141_P2,31,31
sub-0141_P2,32,32
sub-0141_P2,33,33
sub-0141_P2,34,34
sub-0141_P2,35,35
sub-0141_P2,36,36
sub-0141_P2,37,37
sub-0141_P2,38,38
sub-0141_P2,39,39
sub-0141_P2,40,40
sub-0141_P2,41,41
sub-0141_P2,42,42
sub-0141_P2,43,43
sub-0141_P2,44,44
sub-0141_P2,45,45
sub-0141_P2,46,46
sub-0141_P2,47,47
sub-0141_P2,48,48
sub-0141_P2,49,49
sub-0141_P2,50,157
sub-0141_P2,51,51
sub-0141_P2,52,52
sub-0141_P2,53,53
sub-0141_P2,54,54
sub-0141_P2,55,55
sub-0141_P2,56,56
sub-0141_P2,57,57
sub-0141_P2,58,58
sub-0141_P2,59,59
sub-0141_P2,60,60
sub-0141_P2,61,61
sub-0141_P2,62,62
sub-0141_P2,63,63
sub-0141_P2,64,64
sub-0141_P2,65,65
sub-0141_P2,66,66
sub-0141_P2,67,67
sub-0141_P2,68,68
sub-0141_P2,69,69
sub-0141_P2,70,70
sub-0141_P2,71,71
sub-0141_P2,72,72
sub-0141_P2,73,73
sub-0141_P2,74,74
sub-0141_P2,75,75
sub-0141_P2,76,76
sub-0141_P2,77,77
sub-0141_P2,78,78
sub-0141_P2,79,79
sub-0141_P2,80,80
sub-0141_P2,81,81
sub-0141_P2,82,82
sub-0141_P2,83,83
sub-0141_P2,84,84
sub-0141_P2,85,85
sub-0141_P2,86,86
sub-0141_P2,87,87
sub-0141_P2,88,88
sub-0141_P2,89,89
sub-0141_P2,90,90
sub-0141_P2,91,91
sub-0141_P2,92,92
sub-0141_P2,93,93
sub-0141_P2,94,86
sub-0141_P2,95,95
sub-0141_P2,96,96
sub-0141_P2,97,160
sub-0141_P2,98,98
sub-0141_P2,99,99
sub-0141_P2,100,100
sub-0141_P2,101,101
sub-0141_P2,102,102
sub-0141_P2,103,103
sub-0141_P2,104,104
sub-0141_P2,105,105
sub-0141_P2,106,106
sub-0141_P2,107,107
sub-0141_P2,108,108
sub-0141_P2,109,109
sub-0141_P2,110,110
sub-0141_P2,111,111
sub-0141_P2,112,112
sub-0141_P2,113,113
sub-0141_P2,114,114
sub-0141_P2,115,115
sub-0141_P2,116,116
sub-0141_P2,117,117
sub-0141_P2,118,118
sub-0141_P2,119,119
sub-0141_P2,120,120
sub-0141_P2,121,121
sub-0141_P2,122,122
sub-0141_P2,123,123
sub-0141_P2,124,124
sub-0141_P2,125,125
sub-0141_P2,126,126
sub-0141_P2,127,127
sub-0141_P2,128,128
sub-0141_P2,129,129
sub-0141_P2,130,130
sub-0141_P2,131,131
sub-0141_P2,132,132
sub-0141_P2,133,133
sub-0141_P2,134,134
sub-0141_P2,135,116
sub-0141_P2,136,136
sub-0141_P2,137,137
sub-0141_P2,138,138
sub-0141_P2,139,139
sub-0141_P2,140,140
sub-0141_P2,141,141
sub-0141_P2,142,142
sub-0141_P2,143,143
sub-0141_P2,144,144
sub-0141_P2,145,145
sub-0141_P2,146,146
sub-0141_P2,147,147
sub-0141_P2,148,148
sub-0141_P2,149,149
sub-0141_P2,150,150
sub-0141_P2,151,151
sub-0141_P2,152,152
sub-0141_P2,153,153
sub-0141_P2,154,154
sub-0141_P2,155,155
sub-0141_P2,156,156
sub-0141_P2,157,157
sub-0141_P2,158,158
sub-0141_P2,159,159
sub-0141_P2,160,160
sub-0141_P2,161,161
sub-0141_P2,162,160
sub-0141_P2,163,163
sub-0141_P2,164,164
sub-0141_P2,165,165
sub-0141_P2,166,166
sub-0141_P2,167,167
sub-0141_P2,168,168
sub-0141_P2,169,169
sub-0141_P2,170,170
sub-0141_P2,171,171
sub-0141_P2,172,172
sub-0141_P2,173,173
sub-0141_P2,174,174
sub-0141_P2,175,175
sub-0141_P2,176,176
sub-0141_P2,177,177
sub-0141_P2,178,178
sub-0141_P2,179,179
sub-0141_P2,180,180
sub-0141_P2,181,181
sub-0141_P2,182,182
sub-0141_P2,183,183
sub-0141_P2,184,184
sub-0141_P2,185,185
sub-0141_P2,186,186
sub-0141_P2,187,187
sub-0141_P2,188,188
sub-0141_P2,189,189
sub-0141_P2,190,190
sub-0141_P2,191,191
sub-0141_P2,192,192
sub-0141_P2,193,193
sub-0141_P2,194,194
sub-0141_P2,195,195
sub-0141_P2,196,196
sub-0141_P2,197,197
sub-0141_P2,198,198
sub-0141_P2,199,199
sub-0141_P2,200,200
sub-0141_P2,201,201
sub-0141_P2,202,202
sub-0141_P2,203,203
sub-0141_P2,204,204
sub-0141_P2,205,205
sub-0141_P2,206,206
sub-0141_P2,207,207
sub-0141_P2,208,208
sub-0141_P2,209,209
sub-0141_P2,210,210
sub-0141_P2,211,211
sub-0141_P2,212,212
sub-0141_P2,213,213
sub-0141_P2,214,214
sub-0141_P2,215,215
sub-0141_P2,216,216
sub-0141_P2,217,217
sub-0141_P2,218,218
sub-0141_P2,219,203
sub-0141_P2,220,220
sub-0141_P2,221,221
sub-0141_P2,222,222
sub-0141_P2,223,223
sub-0141_P2,224,224
sub-0141_P2,225,225
sub-0141_P2,226,211
sub-0141_P2,227,210
sub-0141_P2,228,212
sub-0141_P2,229,229
sub-0141_P2,230,230
sub-0141_P2,231,231
sub-0142_P2,0,0
sub-0142_P2,1,1
sub-0142_P2,2,2
sub-0142_P2,3,1
sub-0142_P2,4,4
sub-0142_P2,5,5
sub-0142_P2,6,6
sub-0142_P2,7,7
sub-0142_P2,8,8
sub-0142_P2,9,9
sub-0142_P2,10,10
sub-0142_P2,11,11
sub-0142_P2,12,12
sub-0142_P2,13,13
sub-0142_P2,14,14
sub-0142_P2,15,15
sub-0142_P2,16,16
sub-0142_P2,17,17
sub-0142_P2,18,18
sub-0142_P2,19,19
sub-0142_P2,20,20
sub-0142_P2,21,21
sub-0142_P2,22,22
sub-0142_P2,23,23
sub-0142_P2,24,145
sub-0142_P2,25,41
sub-0142_P2,26,26
sub-0142_P2,27,27
sub-0142_P2,28,28
sub-0142_P2,29,29
sub-0142_P2,30,30
sub-0142_P2,31,31
sub-0142_P2,32,32
sub-0142_P2,33,33
sub-0142_P2,34,165
sub-0142_P2,35,35
sub-0142_P2,36,36
sub-0142_P2,37,37
sub-0142_P2,38,38
sub-0142_P2,39,39
sub-0142_P2,40,40
sub-0142_P2,41,41
sub-0142_P2,42,42
sub-0142_P2,43,43
sub-0142_P2,44,44
sub-0142_P2,45,45
sub-0142_P2,46,46
sub-0142_P2,47,47
sub-0142_P2,48,48
sub-0142_P2,49,49
sub-0142_P2,50,50
sub-0142_P2,51,51
sub-0142_P2,52,52
sub-0142_P2,53,53
sub-0142_P2,54,54
sub-0142_P2,55,190
sub-0142_P2,56,56
sub-0142_P2,57,57
sub-0142_P2,58,58
sub-0142_P2,59,56
sub-0142_P2,60,60
sub-0142_P2,61,61
sub-0142_P2,62,64
sub-0142_P2,63,63
sub-0142_P2,64,63
sub-0142_P2,65,65
sub-0142_P2,66,66
sub-0142_P2,67,56
sub-0142_P2,68,68
sub-0142_P2,69,90
sub-0142_P2,70,70
sub-0142_P2,71,71
sub-0142_P2,72,72
sub-0142_P2,73,73
sub-0142_P2,74,74
sub-0142_P2,75,75
sub-0142_P2,76,76
sub-0142_P2,77,77
sub-0142_P2,78,78
sub-0142_P2,79,79
sub-0142_P2,80,80
sub-0142_P2,81,81
sub-0142_P2,82,82
sub-0142_P2,83,83
sub-0142_P2,84,84
sub-0142_P2,85,85
sub-0142_P2,86,86
sub-0142_P2,87,87
sub-0142_P2,88,88
sub-0142_P2,89,89
sub-0142_P2,90,90
sub-0142_P2,91,91
sub-0142_P2,92,92
sub-0142_P2,93,93
sub-0142_P2,94,94
sub-0142_P2,95,95
sub-0142_P2,96,96
sub-0142_P2,97,97
sub-0142_P2,98,98
sub-0142_P2,99,99
sub-0142_P2,100,100
sub-0142_P2,101,101
sub-0142_P2,102,102
sub-0142_P2,103,103
sub-0142_P2,104,104
sub-0142_P2,105,105
sub-0142_P2,106,106
sub-0142_P2,107,107
sub-0142_P2,108,108
sub-0142_P2,109,109
sub-0142_P2,110,110
sub-0142_P2,111,111
sub-0142_P2,112,112
sub-0142_P2,113,113
sub-0142_P2,114,114
sub-0142_P2,115,117
sub-0142_P2,116,116
sub-0142_P2,117,117
sub-0142_P2,118,118
sub-0142_P2,119,119
sub-0142_P2,120,120
sub-0142_P2,121,121
sub-0142_P2,122,122
sub-0142_P2,123,123
sub-0142_P2,124,124
sub-0142_P2,125,125
sub-0142_P2,126,126
sub-0142_P2,127,127
sub-0142_P2,128,128
sub-0142_P2,129,129
sub-0142_P2,130,130
sub-0142_P2,131,131
sub-0142_P2,132,132
sub-0142_P2,133,133
sub-0142_P2,134,134
sub-0142_P2,135,135
sub-0142_P2,136,136
sub-0142_P2,137,137
sub-0142_P2,138,138
sub-0142_P2,139,139
sub-0142_P2,140,140
sub-0142_P2,141,141
sub-0142_P2,142,142
sub-0142_P2,143,143
sub-0142_P2,144,144
sub-0142_P2,145,145
sub-0142_P2,146,146
sub-0142_P2,147,147
sub-0142_P2,148,148
sub-0142_P2,149,149
sub-0142_P2,150,56
sub-0142_P2,151,151
sub-0142_P2,152,152
sub-0142_P2,153,91
sub-0142_P2,154,154
sub-0142_P2,155,155
sub-0142_P2,156,156
sub-0142_P2,157,157
sub-0142_P2,158,158
sub-0142_P2,159,159
sub-0142_P2,160,160
sub-0142_P2,161,161
sub-0142_P2,162,162
sub-0142_P2,163,163
sub-0142_P2,164,164
sub-0142_P2,165,165
sub-0142_P2,166,166
sub-0142_P2,167,167
sub-0142_P2,168,168
sub-0142_P2,169,169
sub-0142_P2,170,170
sub-0142_P2,171,171
sub-0142_P2,172,172
sub-0142_P2,173,173
sub-0142_P2,174,174
sub-0142_P2,175,175
sub-0142_P2,176,176
sub-0142_P2,177,177
sub-0142_P2,178,178
sub-0142_P2,179,179
sub-0142_P2,180,180
sub-0142_P2,181,181
sub-0142_P2,182,182
sub-0142_P2,183,183
sub-0142_P2,184,184
sub-0142_P2,185,185
sub-0142_P2,186,186
sub-0142_P2,187,187
sub-0142_P2,188,188
sub-0142_P2,189,189
sub-0142_P2,190,190
sub-0142_P2,191,191
sub-0142_P2,192,192
sub-0142_P2,193,195
sub-0142_P2,194,194
sub-0142_P2,195,195
sub-0142_P2,196,196
sub-0142_P2,197,197
sub-0142_P2,198,198
sub-0142_P2,199,199
sub-0142_P2,200,200
sub-0142_P2,201,201
sub-0142_P2,202,202
sub-0142_P2,203,203
sub-0142_P2,204,204
sub-0142_P2,205,220
sub-0142_P2,206,206
sub-0142_P2,207,207
sub-0142_P2,208,208
sub-0142_P2,209,209
sub-0142_P2,210,210
sub-0142_P2,211,227
sub-0142_P2,212,212
sub-0142_P2,213,213
sub-0142_P2,214,214
sub-0142_P2,215,215
sub-0142_P2,216,216
sub-0142_P2,217,217
sub-0142_P2,218,218
sub-0142_P2,219,219
sub-0142_P2,220,220
sub-0142_P2,221,221
sub-0142_P2,222,222
sub-0142_P2,223,205
sub-0142_P2,224,224
sub-0142_P2,225,225
sub-0142_P2,226,210
sub-0142_P2,227,227
sub-0142_P2,228,228
sub-0142_P2,229,229
sub-0142_P2,230,230
sub-0142_P2,231,231
sub-0143_P2,0,0
sub-0143_P2,1,1
sub-0143_P2,2,7
sub-0143_P2,3,3
sub-0143_P2,4,4
sub-0143_P2,5,5
sub-0143_P2,6,6
sub-0143_P2,7,7
sub-0143_P2,8,8
sub-0143_P2,9,9
sub-0143_P2,10,10
sub-0143_P2,11,11
sub-0143_P2,12,119
sub-0143_P2,13,13
sub-0143_P2,14,14
sub-0143_P2,15,15
sub-0143_P2,16,16
sub-0143_P2,17,17
sub-0143_P2,18,18
sub-0143_P2,19,19
sub-0143_P2,20,20
sub-0143_P2,21,21
sub-0143_P2,22,22
sub-0143_P2,23,23
sub-0143_P2,24,24
sub-0143_P2,25,25
sub-0143_P2,26,26
sub-0143_P2,27,27
sub-0143_P2,28,28
sub-0143_P2,29,29
sub-0143_P2,30,30
sub-0143_P2,31,31
sub-0143_P2,32,32
sub-0143_P2,33,33
sub-0143_P2,34,34
sub-0143_P2,35,35
sub-0143_P2,36,36
sub-0143_P2,37,37
sub-0143_P2,38,38
sub-0143_P2,39,39
sub-0143_P2,40,40
sub-0143_P2,41,41
sub-0143_P2,42,42
sub-0143_P2,43,43
sub-0143_P2,44,44
sub-0143_P2,45,45
sub-0143_P2,46,46
sub-0143_P2,47,47
sub-0143_P2,48,48
sub-0143_P2,49,49
sub-0143_P2,50,50
sub-0143_P2,51,51
sub-0143_P2,52,52
sub-0143_P2,53,53
sub-0143_P2,54,54
sub-0143_P2,55,55
sub-0143_P2,56,56
sub-0143_P2,57,57
sub-0143_P2,58,58
sub-0143_P2,59,59
sub-0143_P2,60,60
sub-0143_P2,61,61
sub-0143_P2,62,63
sub-0143_P2,63,63
sub-0143_P2,64,64
sub-0143_P2,65,65
sub-0143_P2,66,66
sub-0143_P2,67,211
sub-0143_P2,68,68
sub-0143_P2,69,92
sub-0143_P2,70,70
sub-0143_P2,71,71
sub-0143_P2,72,181
sub-0143_P2,73,73
sub-0143_P2,74,74
sub-0143_P2,75,75
sub-0143_P2,76,76
sub-0143_P2,77,77
sub-0143_P2,78,78
sub-0143_P2,79,79
sub-0143_P2,80,75
sub-0143_P2,81,81
sub-0143_P2,82,82
sub-0143_P2,83,83
sub-0143_P2,84,84
sub-0143_P2,85,85
sub-0143_P2,86,86
sub-0143_P2,87,87
sub-0143_P2,88,88
sub-0143_P2,89,89
sub-0143_P2,90,90
sub-0143_P2,91,91
sub-0143_P2,92,92
sub-0143_P2,93,93
sub-0143_P2,94,94
sub-0143_P2,95,195
sub-0143_P2,96,96
sub-0143_P2,97,97
sub-0143_P2,98,98
sub-0143_P2,99,99
sub-0143_P2,100,100
sub-0143_P2,101,101
sub-0143_P2,102,102
sub-0143_P2,103,103
sub-0143_P2,104,104
sub-0143_P2,105,105
sub-0143_P2,106,106
sub-0143_P2,107,107
sub-0143_P2,108,108
sub-0143_P2,109,109
sub-0143_P2,110,110
sub-0143_P2,111,111
sub-0143_P2,112,112
sub-0143_P2,113,113
sub-0143_P2,114,114
sub-0143_P2,115,115
sub-0143_P2,116,116
sub-0143_P2,117,117
sub-0143_P2,118,118
sub-0143_P2,119,119
sub-0143_P2,120,120
sub-0143_P2,121,121
sub-0143_P2,122,122
sub-0143_P2,123,123
sub-0143_P2,124,124
sub-0143_P2,125,125
sub-0143_P2,126,126
sub-0143_P2,127,127
sub-0143_P2,128,128
sub-0143_P2,129,129
sub-0143_P2,130,130
sub-0143_P2,131,131
sub-0143_P2,132,132
sub-0143_P2,133,133
sub-0143_P2,134,134
sub-0143_P2,135,135
sub-0143_P2,136,136
sub-0143_P2,137,137
sub-0143_P2,138,138
sub-0143_P2,139,139
sub-0143_P2,140,140
sub-0143_P2,141,63
sub-0143_P2,142,142
sub-0143_P2,143,123
sub-0143_P2,144,144
sub-0143_P2,145,145
sub-0143_P2,146,146
sub-0143_P2,147,147
sub-0143_P2,148,148
sub-0143_P2,149,149
sub-0143_P2,150,150
sub-0143_P2,151,151
sub-0143_P2,152,152
sub-0143_P2,153,153
sub-0143_P2,154,154
sub-0143_P2,155,155
sub-0143_P2,156,156
sub-0143_P2,157,157
sub-0143_P2,158,158
sub-0143_P2,159,159
sub-0143_P2,160,160
sub-0143_P2,161,53
sub-0143_P2,162,162
sub-0143_P2,163,163
sub-0143_P2,164,164
sub-0143_P2,165,65
sub-0143_P2,166,166
sub-0143_P2,167,167
sub-0143_P2,168,168
sub-0143_P2,169,169
sub-0143_P2,170,170
sub-0143_P2,171,171
sub-0143_P2,172,172
sub-0143_P2,173,173
sub-0143_P2,174,174
sub-0143_P2,175,175
sub-0143_P2,176,176
sub-0143_P2,177,177
sub-0143_P2,178,178
sub-0143_P2,179,179
sub-0143_P2,180,180
sub-0143_P2,181,181
sub-0143_P2,182,182
sub-0143_P2,183,183
sub-0143_P2,184,181
sub-0143_P2,185,185
sub-0143_P2,186,186
sub-0143_P2,187,187
sub-0143_P2,188,188
sub-0143_P2,189,189
sub-0143_P2,190,190
sub-0143_P2,191,191
sub-0143_P2,192,192
sub-0143_P2,193,193
sub-0143_P2,194,194
sub-0143_P2,195,195
sub-0143_P2,196,196
sub-0143_P2,197,171
sub-0143_P2,198,99
sub-0143_P2,199,199
sub-0143_P2,200,200
sub-0143_P2,201,201
sub-0143_P2,202,202
sub-0143_P2,203,208
sub-0143_P2,204,220
sub-0143_P2,205,220
sub-0143_P2,206,206
sub-0143_P2,207,207
sub-0143_P2,208,208
sub-0143_P2,209,209
sub-0143_P2,210,210
sub-0143_P2,211,210
sub-0143_P2,212,212
sub-0143_P2,213,213
sub-0143_P2,214,214
sub-0143_P2,215,215
sub-0143_P2,216,216
sub-0143_P2,217,217
sub-0143_P2,218,218
sub-0143_P2,219,219
sub-0143_P2,220,220
sub-0143_P2,221,221
sub-0143_P2,222,222
sub-0143_P2,223,223
sub-0143_P2,224,209
sub-0143_P2,225,225
sub-0143_P2,226,226
sub-0143_P2,227,208
sub-0143_P2,228,228
sub-0143_P2,229,229
sub-0143_P2,230,230
sub-0143_P2,231,231
sub-0144_P2,0,0
sub-0144_P2,1,1
sub-0144_P2,2,2
sub-0144_P2,3,3
sub-0144_P2,4,4
sub-0144_P2,5,5
sub-0144_P2,6,6
sub-0144_P2,7,7
sub-0144_P2,8,8
sub-0144_P2,9,9
sub-0144_P2,10,10
sub-0144_P2,11,11
sub-0144_P2,12,12
sub-0144_P2,13,13
sub-0144_P2,14,14
sub-0144_P2,15,15
sub-0144_P2,16,16
sub-0144_P2,17,17
sub-0144_P2,18,18
sub-0144_P2,19,19
sub-0144_P2,20,20
sub-0144_P2,21,21
sub-0144_P2,22,22
sub-0144_P2,23,23
sub-0144_P2,24,124
sub-0144_P2,25,25
sub-0144_P2,26,26
sub-0144_P2,27,27
sub-0144_P2,28,28
sub-0144_P2,29,29
sub-0144_P2,30,104
sub-0144_P2,31,31
sub-0144_P2,32,32
sub-0144_P2,33,33
sub-0144_P2,34,34
sub-0144_P2,35,35
sub-0144_P2,36,36
sub-0144_P2,37,37
sub-0144_P2,38,38
sub-0144_P2,39,39
sub-0144_P2,40,40
sub-0144_P2,41,41
sub-0144_P2,42,42
sub-0144_P2,43,43
sub-0144_P2,44,44
sub-0144_P2,45,45
sub-0144_P2,46,46
sub-0144_P2,47,47
sub-0144_P2,48,48
sub-0144_P2,49,49
sub-0144_P2,50,50
sub-0144_P2,51,51
sub-0144_P2,52,52
sub-0144_P2,53,53
sub-0144_P2,54,54
sub-0144_P2,55,162
sub-0144_P2,56,56
sub-0144_P2,57,57
sub-0144_P2,58,58
sub-0144_P2,59,59
sub-0144_P2,60,75
sub-0144_P2,61,61
sub-0144_P2,62,62
sub-0144_P2,63,211
sub-0144_P2,64,64
sub-0144_P2,65,65
sub-0144_P2,66,66
sub-0144_P2,67,67
sub-0144_P2,68,68
sub-0144_P2,69,69
sub-0144_P2,70,70
sub-0144_P2,71,71
sub-0144_P2,72,72
sub-0144_P2,73,73
sub-0144_P2,74,82
sub-0144_P2,75,75
sub-0144_P2,76,76
sub-0144_P2,77,77
sub-0144_P2,78,78
sub-0144_P2,79,79
sub-0144_P2,80,80
sub-0144_P2,81,187
sub-0144_P2,82,82
sub-0144_P2,83,83
sub-0144_P2,84,84
sub-0144_P2,85,85
sub-0144_P2,86,86
sub-0144_P2,87,87
sub-0144_P2,88,88
sub-0144_P2,89,89
sub-0144_P2,90,90
sub-0144_P2,91,91
sub-0144_P2,92,92
sub-0144_P2,93,93
sub-0144_P2,94,94
sub-0144_P2,95,95
sub-0144_P2,96,96
sub-0144_P2,97,97
sub-0144_P2,98,98
sub-0144_P2,99,99
sub-0144_P2,100,100
sub-0144_P2,101,101
sub-0144_P2,102,102
sub-0144_P2,103,103
sub-0144_P2,104,104
sub-0144_P2,105,105
sub-0144_P2,106,106
sub-0144_P2,107,107
sub-0144_P2,108,108
sub-0144_P2,109,109
sub-0144_P2,110,110
sub-0144_P2,111,111
sub-0144_P2,112,112
sub-0144_P2,113,113
sub-0144_P2,114,114
sub-0144_P2,115,115
sub-0144_P2,116,116
sub-0144_P2,117,117
sub-0144_P2,118,18
sub-0144_P2,119,119
sub-0144_P2,120,120
sub-0144_P2,121,121
sub-0144_P2,122,122
sub-0144_P2,123,123
sub-0144_P2,124,124
sub-0144_P2,125,125
sub-0144_P2,126,126
sub-0144_P2,127,127
sub-0144_P2,128,128
sub-0144_P2,129,129
sub-0144_P2,130,130
sub-0144_P2,131,131
sub-0144_P2,132,132
sub-0144_P2,133,133
sub-0144_P2,134,134
sub-0144_P2,135,173
sub-0144_P2,136,136
sub-0144_P2,137,137
sub-0144_P2,138,138
sub-0144_P2,139,118
sub-0144_P2,140,140
sub-0144_P2,141,141
sub-0144_P2,142,142
sub-0144_P2,143,143
sub-0144_P2,144,144
sub-0144_P2,145,143
sub-0144_P2,146,146
sub-0144_P2,147,147
sub-0144_P2,148,148
sub-0144_P2,149,149
sub-0144_P2,150,86
sub-0144_P2,151,151
sub-0144_P2,152,152
sub-0144_P2,153,153
sub-0144_P2,154,154
sub-0144_P2,155,155
sub-0144_P2,156,156
sub-0144_P2,157,157
sub-0144_P2,158,158
sub-0144_P2,159,159
sub-0144_P2,160,160
sub-0144_P2,161,161
sub-0144_P2,162,162
sub-0144_P2,163,163
sub-0144_P2,164,164
sub-0144_P2,165,165
sub-0144_P2,166,166
sub-0144_P2,167,167
sub-0144_P2,168,168
sub-0144_P2,169,169
sub-0144_P2,170,170
sub-0144_P2,171,171
sub-0144_P2,172,172
sub-0144_P2,173,173
sub-0144_P2,174,174
sub-0144_P2,175,173
sub-0144_P2,176,176
sub-0144_P2,177,177
sub-0144_P2,178,178
sub-0144_P2,179,179
sub-0144_P2,180,180
sub-0144_P2,181,181
sub-0144_P2,182,182
sub-0144_P2,183,183
sub-0144_P2,184,184
sub-0144_P2,185,185
sub-0144_P2,186,186
sub-0144_P2,187,187
sub-0144_P2,188,188
sub-0144_P2,189,197
sub-0144_P2,190,190
sub-0144_P2,191,191
sub-0144_P2,192,192
sub-0144_P2,193,193
sub-0144_P2,194,194
sub-0144_P2,195,195
sub-0144_P2,196,197
sub-0144_P2,197,124
sub-0144_P2,198,198
sub-0144_P2,199,199
sub-0144_P2,200,200
sub-0144_P2,201,201
sub-0144_P2,202,202
sub-0144_P2,203,162
sub-0144_P2,204,204
sub-0144_P2,205,205
sub-0144_P2,206,206
sub-0144_P2,207,207
sub-0144_P2,208,208
sub-0144_P2,209,209
sub-0144_P2,210,226
sub-0144_P2,211,211
sub-0144_P2,212,212
sub-0144_P2,213,213
sub-0144_P2,214,214
sub-0144_P2,215,215
sub-0144_P2,216,216
sub-0144_P2,217,218
sub-0144_P2,218,218
sub-0144_P2,219,219
sub-0144_P2,220,220
sub-0144_P2,221,221
sub-0144_P2,222,222
sub-0144_P2,223,223
sub-0144_P2,224,224
sub-0144_P2,225,225
sub-0144_P2,226,226
sub-0144_P2,227,227
sub-0144_P2,228,228
sub-0144_P2,229,229
sub-0144_P2,230,230
sub-0144_P2,231,231
sub-0145_P2,0,0
sub-0145_P2,1,1
sub-0145_P2,2,2
sub-0145_P2,3,3
sub-0145_P2,4,4
sub-0145_P2,5,5
sub-0145_P2,6,6
sub-0145_P2,7,7
sub-0145_P2,8,8
sub-0145_P2,9,9
sub-0145_P2,10,10
sub-0145_P2,11,11
sub-0145_P2,12,12
sub-0145_P2,13,13
sub-0145_P2,14,14
sub-0145_P2,15,15
sub-0145_P2,16,16
sub-0145_P2,17,17
sub-0145_P2,18,18
sub-0145_P2,19,19
sub-0145_P2,20,20
sub-0145_P2,21,21
sub-0145_P2,22,22
sub-0145_P2,23,23
sub-0145_P2,24,24
sub-0145_P2,25,224
sub-0145_P2,26,26
sub-0145_P2,27,27
sub-0145_P2,28,28
sub-0145_P2,29,29
sub-0145_P2,30,30
sub-0145_P2,31,31
sub-0145_P2,32,32
sub-0145_P2,33,33
sub-0145_P2,34,34
sub-0145_P2,35,35
sub-0145_P2,36,36
sub-0145_P2,37,37
sub-0145_P2,38,38
sub-0145_P2,39,140
sub-0145_P2,40,40
sub-0145_P2,41,41
sub-0145_P2,42,42
sub-0145_P2,43,43
sub-0145_P2,44,44
sub-0145_P2,45,45
sub-0145_P2,46,46
sub-0145_P2,47,47
sub-0145_P2,48,48
sub-0145_P2,49,49
sub-0145_P2,50,55
sub-0145_P2,51,51
sub-0145_P2,52,162
sub-0145_P2,53,53
sub-0145_P2,54,54
sub-0145_P2,55,55
sub-0145_P2,56,56
sub-0145_P2,57,57
sub-0145_P2,58,58
sub-0145_P2,59,59
sub-0145_P2,60,60
sub-0145_P2,61,61
sub-0145_P2,62,62
sub-0145_P2,63,63
sub-0145_P2,64,64
sub-0145_P2,65,65
sub-0145_P2,66,66
sub-0145_P2,67,67
sub-0145_P2,68,68
sub-0145_P2,69,69
sub-0145_P2,70,70
sub-0145_P2,71,71
sub-0145_P2,72,72
sub-0145_P2,73,73
sub-0145_P2,74,74
sub-0145_P2,75,184
sub-0145_P2,76,76
sub-0145_P2,77,77
sub-0145_P2,78,78
sub-0145_P2,79,79
sub-0145_P2,80,80
sub-0145_P2,81,81
sub-0145_P2,82,82
sub-0145_P2,83,83
sub-0145_P2,84,84
sub-0145_P2,85,85
sub-0145_P2,86,86
sub-0145_P2,87,87
sub-0145_P2,88,88
sub-0145_P2,89,89
sub-0145_P2,90,90
sub-0145_P2,91,91
sub-0145_P2,92,50
sub-0145_P2,93,93
sub-0145_P2,94,94
sub-0145_P2,95,95
sub-0145_P2,96,96
sub-0145_P2,97,97
sub-0145_P2,98,98
sub-0145_P2,99,99
sub-0145_P2,100,100
sub-0145_P2,101,101
sub-0145_P2,102,102
sub-0145_P2,103,103
sub-0145_P2,104,104
sub-0145_P2,105,105
sub-0145_P2,106,106
sub-0145_P2,107,107
sub-0145_P2,108,108
sub-0145_P2,109,109
sub-0145_P2,110,110
sub-0145_P2,111,111
sub-0145_P2,112,112
sub-0145_P2,113,113
sub-0145_P2,114,114
sub-0145_P2,115,115
sub-0145_P2,116,134
sub-0145_P2,117,117
sub-0145_P2,118,118
sub-0145_P2,119,119
sub-0145_P2,120,120
sub-0145_P2,121,121
sub-0145_P2,122,122
sub-0145_P2,123,123
sub-0145_P2,124,124
sub-0145_P2,125,125
sub-0145_P2,126,126
sub-0145_P2,127,127
sub-0145_P2,128,128
sub-0145_P2,129,129
sub-0145_P2,130,130
sub-0145_P2,131,131
sub-0145_P2,132,132
sub-0145_P2,133,133
sub-0145_P2,134,134
sub-0145_P2,135,135
sub-0145_P2,136,136
sub-0145_P2,137,134
sub-0145_P2,138,138
sub-0145_P2,139,139
sub-0145_P2,140,140
sub-0145_P2,141,141
sub-0145_P2,142,142
sub-0145_P2,143,55
sub-0145_P2,144,144
sub-0145_P2,145,145
sub-0145_P2,146,146
sub-0145_P2,147,147
sub-0145_P2,148,148
sub-0145_P2,149,149
sub-0145_P2,150,150
sub-0145_P2,151,151
sub-0145_P2,152,152
sub-0145_P2,153,153
sub-0145_P2,154,154
sub-0145_P2,155,155
sub-0145_P2,156,156
sub-0145_P2,157,157
sub-0145_P2,158,158
sub-0145_P2,159,159
sub-0145_P2,160,160
sub-0145_P2,161,161
sub-0145_P2,162,162
sub-0145_P2,163,163
sub-0145_P2,164,164
sub-0145_P2,165,165
sub-0145_P2,166,166
sub-0145_P2,167,167
sub-0145_P2,168,168
sub-0145_P2,169,169
sub-0145_P2,170,170
sub-0145_P2,171,171
sub-0145_P2,172,172
sub-0145_P2,173,173
sub-0145_P2,174,174
sub-0145_P2,175,175
sub-0145_P2,176,176
sub-0145_P2,177,177
sub-0145_P2,178,178
sub-0145_P2,179,179
sub-0145_P2,180,180
sub-0145_P2,181,181
sub-0145_P2,182,182
sub-0145_P2,183,183
sub-0145_P2,184,184
sub-0145_P2,185,185
sub-0145_P2,186,186
sub-0145_P2,187,187
sub-0145_P2,188,188
sub-0145_P2,189,189
sub-0145_P2,190,197
sub-0145_P2,191,191
sub-0145_P2,192,192
sub-0145_P2,193,193
sub-0145_P2,194,194
sub-0145_P2,195,195
sub-0145_P2,196,196
sub-0145_P2,197,197
sub-0145_P2,198,198
sub-0145_P2,199,199
sub-0145_P2,200,200
sub-0145_P2,201,201
sub-0145_P2,202,218
sub-0145_P2,203,203
sub-0145_P2,204,204
sub-0145_P2,205,205
sub-0145_P2,206,206
sub-0145_P2,207,207
sub-0145_P2,208,208
sub-0145_P2,209,209
sub-0145_P2,210,205
sub-0145_P2,211,211
sub-0145_P2,212,212
sub-0145_P2,213,213
sub-0145_P2,214,214
sub-0145_P2,215,215
sub-0145_P2,216,216
sub-0145_P2,217,217
sub-0145_P2,218,55
sub-0145_P2,219,219
sub-0145_P2,220,220
sub-0145_P2,221,221
sub-0145_P2,222,222
sub-0145_P2,223,223
sub-0145_P2,224,224
sub-0145_P2,225,224
sub-0145_P2,226,226
sub-0145_P2,227,227
sub-0145_P2,228,228
sub-0145_P2,229,229
sub-0145_P2,230,230
sub-0145_P2,231,231
sub-0146_P2,0,29
sub-0146_P2,1,1
sub-0146_P2,2,2
sub-0146_P2,3,3
sub-0146_P2,4,4
sub-0146_P2,5,5
sub-0146_P2,6,6
sub-0146_P2,7,7
sub-0146_P2,8,8
sub-0146_P2,9,9
sub-0146_P2,10,10
sub-0146_P2,11,11
sub-0146_P2,12,12
sub-0146_P2,13,13
sub-0146_P2,14,14
sub-0146_P2,15,15
sub-0146_P2,16,16
sub-0146_P2,17,17
sub-0146_P2,18,18
sub-0146_P2,19,19
sub-0146_P2,20,20
sub-0146_P2,21,21
sub-0146_P2,22,22
sub-0146_P2,23,23
sub-0146_P2,24,227
sub-0146_P2,25,25
sub-0146_P2,26,26
sub-0146_P2,27,27
sub-0146_P2,28,28
sub-0146_P2,29,29
sub-0146_P2,30,30
sub-0146_P2,31,31
sub-0146_P2,32,223
sub-0146_P2,33,33
sub-0146_P2,34,34
sub-0146_P2,35,35
sub-0146_P2,36,36
sub-0146_P2,37,37
sub-0146_P2,38,166
sub-0146_P2,39,39
sub-0146_P2,40,40
sub-0146_P2,41,41
sub-0146_P2,42,42
sub-0146_P2,43,43
sub-0146_P2,44,21
sub-0146_P2,45,45
sub-0146_P2,46,46
sub-0146_P2,47,47
sub-0146_P2,48,48
sub-0146_P2,49,49
sub-0146_P2,50,86
sub-0146_P2,51,51
sub-0146_P2,52,52
sub-0146_P2,53,53
sub-0146_P2,54,54
sub-0146_P2,55,55
sub-0146_P2,56,56
sub-0146_P2,57,57
sub-0146_P2,58,58
sub-0146_P2,59,59
sub-0146_P2,60,60
sub-0146_P2,61,61
sub-0146_P2,62,62
sub-0146_P2,63,63
sub-0146_P2,64,64
sub-0146_P2,65,65
sub-0146_P2,66,66
sub-0146_P2,67,67
sub-0146_P2,68,68
sub-0146_P2,69,69
sub-0146_P2,70,70
sub-0146_P2,71,71
sub-0146_P2,72,72
sub-0146_P2,73,73
sub-0146_P2,74,74
sub-0146_P2,75,68
sub-0146_P2,76,76
sub-0146_P2,77,77
sub-0146_P2,78,78
sub-0146_P2,79,79
sub-0146_P2,80,80
sub-0146_P2,81,81
sub-0146_P2,82,62
sub-0146_P2,83,83
sub-0146_P2,84,84
sub-0146_P2,85,85
sub-0146_P2,86,86
sub-0146_P2,87,87
sub-0146_P2,88,88
sub-0146_P2,89,89
sub-0146_P2,90,86
sub-0146_P2,91,91
sub-0146_P2,92,92
sub-0146_P2,93,93
sub-0146_P2,94,94
sub-0146_P2,95,95
sub-0146_P2,96,96
sub-0146_P2,97,97
sub-0146_P2,98,86
sub-0146_P2,99,99
sub-0146_P2,100,100
sub-0146_P2,101,101
sub-0146_P2,102,102
sub-0146_P2,103,103
sub-0146_P2,104,104
sub-0146_P2,105,105
sub-0146_P2,106,106
sub-0146_P2,107,107
sub-0146_P2,108,108
sub-0146_P2,109,109
sub-0146_P2,110,110
sub-0146_P2,111,111
sub-0146_P2,112,112
sub-0146_P2,113,113
sub-0146_P2,114,114
sub-0146_P2,115,115
sub-0146_P2,116,22
sub-0146_P2,117,117
sub-0146_P2,118,118
sub-0146_P2,119,119
sub-0146_P2,120,120
sub-0146_P2,121,121
sub-0146_P2,122,122
sub-0146_P2,123,123
sub-0146_P2,124,124
sub-0146_P2,125,125
sub-0146_P2,126,126
sub-0146_P2,127,127
sub-0146_P2,128,128
sub-0146_P2,129,129
sub-0146_P2,130,130
sub-0146_P2,131,131
sub-0146_P2,132,132
sub-0146_P2,133,133
sub-0146_P2,134,134
sub-0146_P2,135,135
sub-0146_P2,136,136
sub-0146_P2,137,137
sub-0146_P2,138,140
sub-0146_P2,139,139
sub-0146_P2,140,155
sub-0146_P2,141,141
sub-0146_P2,142,142
sub-0146_P2,143,187
sub-0146_P2,144,144
sub-0146_P2,145,145
sub-0146_P2,146,146
sub-0146_P2,147,147
sub-0146_P2,148,148
sub-0146_P2,149,149
sub-0146_P2,150,150
sub-0146_P2,151,151
sub-0146_P2,152,152
sub-0146_P2,153,153
sub-0146_P2,154,154
sub-0146_P2,155,155
sub-0146_P2,156,156
sub-0146_P2,157,187
sub-0146_P2,158,158
sub-0146_P2,159,187
sub-0146_P2,160,160
sub-0146_P2,161,161
sub-0146_P2,162,162
sub-0146_P2,163,163
sub-0146_P2,164,83
sub-0146_P2,165,165
sub-0146_P2,166,166
sub-0146_P2,167,167
sub-0146_P2,168,168
sub-0146_P2,169,169
sub-0146_P2,170,170
sub-0146_P2,171,171
sub-0146_P2,172,172
sub-0146_P2,173,173
sub-0146_P2,174,172
sub-0146_P2,175,175
sub-0146_P2,176,176
sub-0146_P2,177,155
sub-0146_P2,178,178
sub-0146_P2,179,179
sub-0146_P2,180,180
sub-0146_P2,181,181
sub-0146_P2,182,182
sub-0146_P2,183,183
sub-0146_P2,184,184
sub-0146_P2,185,185
sub-0146_P2,186,186
sub-0146_P2,187,187
sub-0146_P2,188,188
sub-0146_P2,189,189
sub-0146_P2,190,190
sub-0146_P2,191,191
sub-0146_P2,192,192
sub-0146_P2,193,193
sub-0146_P2,194,194
sub-0146_P2,195,195
sub-0146_P2,196,196
sub-0146_P2,197,197
sub-0146_P2,198,198
sub-0146_P2,199,199
sub-0146_P2,200,52
sub-0146_P2,201,201
sub-0146_P2,202,202
sub-0146_P2,203,201
sub-0146_P2,204,217
sub-0146_P2,205,205
sub-0146_P2,206,206
sub-0146_P2,207,207
sub-0146_P2,208,86
sub-0146_P2,209,209
sub-0146_P2,210,53
sub-0146_P2,211,147
sub-0146_P2,212,212
sub-0146_P2,213,229
sub-0146_P2,214,214
sub-0146_P2,215,215
sub-0146_P2,216,216
sub-0146_P2,217,217
sub-0146_P2,218,218
sub-0146_P2,219,210
sub-0146_P2,220,220
sub-0146_P2,221,221
sub-0146_P2,222,222
sub-0146_P2,223,223
sub-0146_P2,224,224
sub-0146_P2,225,225
sub-0146_P2,226,226
sub-0146_P2,227,211
sub-0146_P2,228,228
sub-0146_P2,229,229
sub-0146_P2,230,230
sub-0146_P2,231,231
sub-0147_P2,0,0
sub-0147_P2,1,1
sub-0147_P2,2,2
sub-0147_P2,3,3
sub-0147_P2,4,33
sub-0147_P2,5,5
sub-0147_P2,6,6
sub-0147_P2,7,7
sub-0147_P2,8,8
sub-0147_P2,9,9
sub-0147_P2,10,10
sub-0147_P2,11,11
sub-0147_P2,12,12
sub-0147_P2,13,13
sub-0147_P2,14,14
sub-0147_P2,15,15
sub-0147_P2,16,16
sub-0147_P2,17,17
sub-0147_P2,18,18
sub-0147_P2,19,19
sub-0147_P2,20,20
sub-0147_P2,21,21
sub-0147_P2,22,22
sub-0147_P2,23,23
sub-0147_P2,24,24
sub-0147_P2,25,25
sub-0147_P2,26,26
sub-0147_P2,27,27
sub-0147_P2,28,28
sub-0147_P2,29,29
sub-0147_P2,30,30
sub-0147_P2,31,31
sub-0147_P2,32,32
sub-0147_P2,33,33
sub-0147_P2,34,34
sub-0147_P2,35,35
sub-0147_P2,36,36
sub-0147_P2,37,37
sub-0147_P2,38,38
sub-0147_P2,39,39
sub-0147_P2,40,40
sub-0147_P2,41,41
sub-0147_P2,42,42
sub-0147_P2,43,43
sub-0147_P2,44,44
sub-0147_P2,45,45
sub-0147_P2,46,46
sub-0147_P2,47,47
sub-0147_P2,48,48
sub-0147_P2,49,49
sub-0147_P2,50,50
sub-0147_P2,51,51
sub-0147_P2,52,218
sub-0147_P2,53,53
sub-0147_P2,54,53
sub-0147_P2,55,55
sub-0147_P2,56,56
sub-0147_P2,57,57
sub-0147_P2,58,58
sub-0147_P2,59,59
sub-0147_P2,60,60
sub-0147_P2,61,61
sub-0147_P2,62,62
sub-0147_P2,63,63
sub-0147_P2,64,64
sub-0147_P2,65,65
sub-0147_P2,66,66
sub-0147_P2,67,67
sub-0147_P2,68,68
sub-0147_P2,69,83
sub-0147_P2,70,70
sub-0147_P2,71,71
sub-0147_P2,72,72
sub-0147_P2,73,73
sub-0147_P2,74,74
sub-0147_P2,75,75
sub-0147_P2,76,76
sub-0147_P2,77,77
sub-0147_P2,78,78
sub-0147_P2,79,79
sub-0147_P2,80,80
sub-0147_P2,81,81
sub-0147_P2,82,82
sub-0147_P2,83,83
sub-0147_P2,84,84
sub-0147_P2,85,85
sub-0147_P2,86,86
sub-0147_P2,87,87
sub-0147_P2,88,88
sub-0147_P2,89,89
sub-0147_P2,90,90
sub-0147_P2,91,91
sub-0147_P2,92,92
sub-0147_P2,93,93
sub-0147_P2,94,91
sub-0147_P2,95,95
sub-0147_P2,96,96
sub-0147_P2,97,97
sub-0147_P2,98,98
sub-0147_P2,99,99
sub-0147_P2,100,100
sub-0147_P2,101,101
sub-0147_P2,102,102
sub-0147_P2,103,103
sub-0147_P2,104,104
sub-0147_P2,105,105
sub-0147_P2,106,106
sub-0147_P2,107,107
sub-0147_P2,108,108
sub-0147_P2,109,109
sub-0147_P2,110,110
sub-0147_P2,111,111
sub-0147_P2,112,112
sub-0147_P2,113,113
sub-0147_P2,114,114
sub-0147_P2,115,115
sub-0147_P2,116,116
sub-0147_P2,117,117
sub-0147_P2,118,118
sub-0147_P2,119,119
sub-0147_P2,120,120
sub-0147_P2,121,121
sub-0147_P2,122,122
sub-0147_P2,123,123
sub-0147_P2,124,124
sub-0147_P2,125,125
sub-0147_P2,126,126
sub-0147_P2,127,127
sub-0147_P2,128,128
sub-0147_P2,129,129
sub-0147_P2,130,130
sub-0147_P2,131,56
sub-0147_P2,132,132
sub-0147_P2,133,133
sub-0147_P2,134,134
sub-0147_P2,135,135
sub-0147_P2,136,136
sub-0147_P2,137,137
sub-0147_P2,138,138
sub-0147_P2,139,139
sub-0147_P2,140,142
sub-0147_P2,141,141
sub-0147_P2,142,142
sub-0147_P2,143,143
sub-0147_P2,144,144
sub-0147_P2,145,145
sub-0147_P2,146,146
sub-0147_P2,147,147
sub-0147_P2,148,148
sub-0147_P2,149,149
sub-0147_P2,150,150
sub-0147_P2,151,151
sub-0147_P2,152,152
sub-0147_P2,153,157
sub-0147_P2,154,154
sub-0147_P2,155,155
sub-0147_P2,156,156
sub-0147_P2,157,157
sub-0147_P2,158,158
sub-0147_P2,159,83
sub-0147_P2,160,160
sub-0147_P2,161,161
sub-0147_P2,162,162
sub-0147_P2,163,163
sub-0147_P2,164,164
sub-0147_P2,165,165
sub-0147_P2,166,166
sub-0147_P2,167,167
sub-0147_P2,168,168
sub-0147_P2,169,169
sub-0147_P2,170,170
sub-0147_P2,171,171
sub-0147_P2,172,172
sub-0147_P2,173,173
sub-0147_P2,174,174
sub-0147_P2,175,175
sub-0147_P2,176,176
sub-0147_P2,177,177
sub-0147_P2,178,178
sub-0147_P2,179,179
sub-0147_P2,180,180
sub-0147_P2,181,181
sub-0147_P2,182,182
sub-0147_P2,183,183
sub-0147_P2,184,215
sub-0147_P2,185,185
sub-0147_P2,186,186
sub-0147_P2,187,187
sub-0147_P2,188,188
sub-0147_P2,189,189
sub-0147_P2,190,190
sub-0147_P2,191,191
sub-0147_P2,192,192
sub-0147_P2,193,193
sub-0147_P2,194,194
sub-0147_P2,195,195
sub-0147_P2,196,196
sub-0147_P2,197,197
sub-0147_P2,198,198
sub-0147_P2,199,199
sub-0147_P2,200,219
sub-0147_P2,201,201
sub-0147_P2,202,202
sub-0147_P2,203,203
sub-0147_P2,204,220
sub-0147_P2,205,205
sub-0147_P2,206,206
sub-0147_P2,207,207
sub-0147_P2,208,208
sub-0147_P2,209,209
sub-0147_P2,210,210
sub-0147_P2,211,211
sub-0147_P2,212,212
sub-0147_P2,213,213
sub-0147_P2,214,214
sub-0147_P2,215,215
sub-0147_P2,216,216
sub-0147_P2,217,33
sub-0147_P2,218,203
sub-0147_P2,219,219
sub-0147_P2,220,220
sub-0147_P2,221,221
sub-0147_P2,222,222
sub-0147_P2,223,223
sub-0147_P2,224,224
sub-0147_P2,225,225
sub-0147_P2,226,221
sub-0147_P2,227,210
sub-0147_P2,228,228
sub-0147_P2,229,229
sub-0147_P2,230,230
sub-0147_P2,231,231
sub-0148_P2,0,0
sub-0148_P2,1,1
sub-0148_P2,2,2
sub-0148_P2,3,3
sub-0148_P2,4,4
sub-0148_P2,5,5
sub-0148_P2,6,6
sub-0148_P2,7,7
sub-0148_P2,8,8
sub-0148_P2,9,9
sub-0148_P2,10,10
sub-0148_P2,11,11
sub-0148_P2,12,119
sub-0148_P2,13,13
sub-0148_P2,14,14
sub-0148_P2,15,15
sub-0148_P2,16,16
sub-0148_P2,17,17
sub-0148_P2,18,18
sub-0148_P2,19,19
sub-0148_P2,20,20
sub-0148_P2,21,21
sub-0148_P2,22,22
sub-0148_P2,23,23
sub-0148_P2,24,24
sub-0148_P2,25,25
sub-0148_P2,26,26
sub-0148_P2,27,27
sub-0148_P2,28,28
sub-0148_P2,29,29
sub-0148_P2,30,30
sub-0148_P2,31,164
sub-0148_P2,32,32
sub-0148_P2,33,33
sub-0148_P2,34,142
sub-0148_P2,35,35
sub-0148_P2,36,36
sub-0148_P2,37,37
sub-0148_P2,38,38
sub-0148_P2,39,39
sub-0148_P2,40,40
sub-0148_P2,41,41
sub-0148_P2,42,42
sub-0148_P2,43,43
sub-0148_P2,44,44
sub-0148_P2,45,45
sub-0148_P2,46,145
sub-0148_P2,47,47
sub-0148_P2,48,48
sub-0148_P2,49,49
sub-0148_P2,50,50
sub-0148_P2,51,51
sub-0148_P2,52,52
sub-0148_P2,53,220
sub-0148_P2,54,55
sub-0148_P2,55,55
sub-0148_P2,56,56
sub-0148_P2,57,57
sub-0148_P2,58,58
sub-0148_P2,59,59
sub-0148_P2,60,60
sub-0148_P2,61,61
sub-0148_P2,62,62
sub-0148_P2,63,63
sub-0148_P2,64,64
sub-0148_P2,65,65
sub-0148_P2,66,66
sub-0148_P2,67,67
sub-0148_P2,68,68
sub-0148_P2,69,69
sub-0148_P2,70,90
sub-0148_P2,71,71
sub-0148_P2,72,72
sub-0148_P2,73,73
sub-0148_P2,74,74
sub-0148_P2,75,75
sub-0148_P2,76,76
sub-0148_P2,77,77
sub-0148_P2,78,78
sub-0148_P2,79,79
sub-0148_P2,80,80
sub-0148_P2,81,81
sub-0148_P2,82,82
sub-0148_P2,83,83
sub-0148_P2,84,84
sub-0148_P2,85,85
sub-0148_P2,86,86
sub-0148_P2,87,87
sub-0148_P2,88,88
sub-0148_P2,89,89
sub-0148_P2,90,90
sub-0148_P2,91,91
sub-0148_P2,92,92
sub-0148_P2,93,93
sub-0148_P2,94,94
sub-0148_P2,95,95
sub-0148_P2,96,96
sub-0148_P2,97,97
sub-0148_P2,98,98
sub-0148_P2,99,99
sub-0148_P2,100,100
sub-0148_P2,101,101
sub-0148_P2,102,102
sub-0148_P2,103,103
sub-0148_P2,104,104
sub-0148_P2,105,105
sub-0148_P2,106,106
sub-0148_P2,107,107
sub-0148_P2,108,108
sub-0148_P2,109,109
sub-0148_P2,110,110
sub-0148_P2,111,111
sub-0148_P2,112,112
sub-0148_P2,113,113
sub-0148_P2,114,114
sub-0148_P2,115,115
sub-0148_P2,116,116
sub-0148_P2,117,117
sub-0148_P2,118,37
sub-0148_P2,119,119
sub-0148_P2,120,120
sub-0148_P2,121,121
sub-0148_P2,122,122
sub-0148_P2,123,123
sub-0148_P2,124,124
sub-0148_P2,125,125
sub-0148_P2,126,126
sub-0148_P2,127,20
sub-0148_P2,128,128
sub-0148_P2,129,129
sub-0148_P2,130,130
sub-0148_P2,131,131
sub-0148_P2,132,132
sub-0148_P2,133,133
sub-0148_P2,134,134
sub-0148_P2,135,135
sub-0148_P2,136,136
sub-0148_P2,137,137
sub-0148_P2,138,138
sub-0148_P2,139,139
sub-0148_P2,140,140
sub-0148_P2,141,141
sub-0148_P2,142,142
sub-0148_P2,143,143
sub-0148_P2,144,144
sub-0148_P2,145,145
sub-0148_P2,146,146
sub-0148_P2,147,147
sub-0148_P2,148,37
sub-0148_P2,149,149
sub-0148_P2,150,150
sub-0148_P2,151,151
sub-0148_P2,152,152
sub-0148_P2,153,174
sub-0148_P2,154,154
sub-0148_P2,155,155
sub-0148_P2,156,156
sub-0148_P2,157,157
sub-0148_P2,158,158
sub-0148_P2,159,159
sub-0148_P2,160,160
sub-0148_P2,161,161
sub-0148_P2,162,83
sub-0148_P2,163,163
sub-0148_P2,164,164
sub-0148_P2,165,165
sub-0148_P2,166,166
sub-0148_P2,167,167
sub-0148_P2,168,168
sub-0148_P2,169,169
sub-0148_P2,170,170
sub-0148_P2,171,97
sub-0148_P2,172,172
sub-0148_P2,173,173
sub-0148_P2,174,174
sub-0148_P2,175,175
sub-0148_P2,176,176
sub-0148_P2,177,177
sub-0148_P2,178,178
sub-0148_P2,179,179
sub-0148_P2,180,180
sub-0148_P2,181,181
sub-0148_P2,182,182
sub-0148_P2,183,183
sub-0148_P2,184,184
sub-0148_P2,185,185
sub-0148_P2,186,186
sub-0148_P2,187,225
sub-0148_P2,188,188
sub-0148_P2,189,189
sub-0148_P2,190,190
sub-0148_P2,191,191
sub-0148_P2,192,192
sub-0148_P2,193,193
sub-0148_P2,194,194
sub-0148_P2,195,195
sub-0148_P2,196,196
sub-0148_P2,197,197
sub-0148_P2,198,198
sub-0148_P2,199,199
sub-0148_P2,200,200
sub-0148_P2,201,201
sub-0148_P2,202,218
sub-0148_P2,203,203
sub-0148_P2,204,204
sub-0148_P2,205,205
sub-0148_P2,206,206
sub-0148_P2,207,207
sub-0148_P2,208,208
sub-0148_P2,209,209
sub-0148_P2,210,226
sub-0148_P2,211,211
sub-0148_P2,212,212
sub-0148_P2,213,213
sub-0148_P2,214,214
sub-0148_P2,215,215
sub-0148_P2,216,216
sub-0148_P2,217,217
sub-0148_P2,218,218
sub-0148_P2,219,219
sub-0148_P2,220,205
sub-0148_P2,221,221
sub-0148_P2,222,205
sub-0148_P2,223,223
sub-0148_P2,224,224
sub-0148_P2,225,225
sub-0148_P2,226,226
sub-0148_P2,227,227
sub-0148_P2,228,228
sub-0148_P2,229,229
sub-0148_P2,230,230
sub-0148_P2,231,231
sub-0149_P2,0,0
sub-0149_P2,1,1
sub-0149_P2,2,211
sub-0149_P2,3,3
sub-0149_P2,4,4
sub-0149_P2,5,5
sub-0149_P2,6,6
sub-0149_P2,7,7
sub-0149_P2,8,8
sub-0149_P2,9,9
sub-0149_P2,10,10
sub-0149_P2,11,11
sub-0149_P2,12,12
sub-0149_P2,13,13
sub-0149_P2,14,14
sub-0149_P2,15,15
sub-0149_P2,16,16
sub-0149_P2,17,45
sub-0149_P2,18,18
sub-0149_P2,19,19
sub-0149_P2,20,20
sub-0149_P2,21,21
sub-0149_P2,22,211
sub-0149_P2,23,23
sub-0149_P2,24,24
sub-0149_P2,25,20
sub-0149_P2,26,26
sub-0149_P2,27,27
sub-0149_P2,28,28
sub-0149_P2,29,29
sub-0149_P2,30,30
sub-0149_P2,31,31
sub-0149_P2,32,32
sub-0149_P2,33,33
sub-0149_P2,34,34
sub-0149_P2,35,35
sub-0149_P2,36,36
sub-0149_P2,37,37
sub-0149_P2,38,38
sub-0149_P2,39,39
sub-0149_P2,40,40
sub-0149_P2,41,41
sub-0149_P2,42,42
sub-0149_P2,43,43
sub-0149_P2,44,44
sub-0149_P2,45,45
sub-0149_P2,46,46
sub-0149_P2,47,47
sub-0149_P2,48,48
sub-0149_P2,49,49
sub-0149_P2,50,50
sub-0149_P2,51,50
sub-0149_P2,52,52
sub-0149_P2,53,53
sub-0149_P2,54,54
sub-0149_P2,55,55
sub-0149_P2,56,56
sub-0149_P2,57,57
sub-0149_P2,58,58
sub-0149_P2,59,59
sub-0149_P2,60,60
sub-0149_P2,61,61
sub-0149_P2,62,62
sub-0149_P2,63,63
sub-0149_P2,64,64
sub-0149_P2,65,65
sub-0149_P2,66,83
sub-0149_P2,67,67
sub-0149_P2,68,68
sub-0149_P2,69,69
sub-0149_P2,70,70
sub-0149_P2,71,71
sub-0149_P2,72,184
sub-0149_P2,73,73
sub-0149_P2,74,74
sub-0149_P2,75,75
sub-0149_P2,76,76
sub-0149_P2,77,77
sub-0149_P2,78,78
sub-0149_P2,79,79
sub-0149_P2,80,80
sub-0149_P2,81,187
sub-0149_P2,82,82
sub-0149_P2,83,83
sub-0149_P2,84,84
sub-0149_P2,85,85
sub-0149_P2,86,86
sub-0149_P2,87,87
sub-0149_P2,88,88
sub-0149_P2,89,89
sub-0149_P2,90,90
sub-0149_P2,91,91
sub-0149_P2,92,92
sub-0149_P2,93,91
sub-0149_P2,94,94
sub-0149_P2,95,95
sub-0149_P2,96,96
sub-0149_P2,97,97
sub-0149_P2,98,98
sub-0149_P2,99,91
sub-0149_P2,100,100
sub-0149_P2,101,101
sub-0149_P2,102,102
sub-0149_P2,103,103
sub-0149_P2,104,104
sub-0149_P2,105,105
sub-0149_P2,106,106
sub-0149_P2,107,107
sub-0149_P2,108,108
sub-0149_P2,109,109
sub-0149_P2,110,110
sub-0149_P2,111,111
sub-0149_P2,112,112
sub-0149_P2,113,113
sub-0149_P2,114,114
sub-0149_P2,115,115
sub-0149_P2,116,116
sub-0149_P2,117,117
sub-0149_P2,118,113
sub-0149_P2,119,119
sub-0149_P2,120,120
sub-0149_P2,121,121
sub-0149_P2,122,122
sub-0149_P2,123,123
sub-0149_P2,124,124
sub-0149_P2,125,125
sub-0149_P2,126,126
sub-0149_P2,127,127
sub-0149_P2,128,128
sub-0149_P2,129,129
sub-0149_P2,130,130
sub-0149_P2,131,131
sub-0149_P2,132,130
sub-0149_P2,133,133
sub-0149_P2,134,134
sub-0149_P2,135,135
sub-0149_P2,136,136
sub-0149_P2,137,13
sub-0149_P2,138,138
sub-0149_P2,139,139
sub-0149_P2,140,140
sub-0149_P2,141,141
sub-0149_P2,142,212
sub-0149_P2,143,143
sub-0149_P2,144,144
sub-0149_P2,145,63
sub-0149_P2,146,146
sub-0149_P2,147,147
sub-0149_P2,148,148
sub-0149_P2,149,149
sub-0149_P2,150,150
sub-0149_P2,151,151
sub-0149_P2,152,152
sub-0149_P2,153,153
sub-0149_P2,154,154
sub-0149_P2,155,155
sub-0149_P2,156,156
sub-0149_P2,157,157
sub-0149_P2,158,158
sub-0149_P2,159,225
sub-0149_P2,160,160
sub-0149_P2,161,223
sub-0149_P2,162,162
sub-0149_P2,163,163
sub-0149_P2,164,164
sub-0149_P2,165,165
sub-0149_P2,166,166
sub-0149_P2,167,167
sub-0149_P2,168,168
sub-0149_P2,169,169
sub-0149_P2,170,170
sub-0149_P2,171,171
sub-0149_P2,172,172
sub-0149_P2,173,173
sub-0149_P2,174,174
sub-0149_P2,175,175
sub-0149_P2,176,176
sub-0149_P2,177,177
sub-0149_P2,178,178
sub-0149_P2,179,179
sub-0149_P2,180,180
sub-0149_P2,181,181
sub-0149_P2,182,182
sub-0149_P2,183,183
sub-0149_P2,184,184
sub-0149_P2,185,185
sub-0149_P2,186,186
sub-0149_P2,187,187
sub-0149_P2,188,188
sub-0149_P2,189,189
sub-0149_P2,190,190
sub-0149_P2,191,191
sub-0149_P2,192,192
sub-0149_P2,193,193
sub-0149_P2,194,194
sub-0149_P2,195,195
sub-0149_P2,196,196
sub-0149_P2,197,197
sub-0149_P2,198,198
sub-0149_P2,199,199
sub-0149_P2,200,218
sub-0149_P2,201,218
sub-0149_P2,202,202
sub-0149_P2,203,203
sub-0149_P2,204,204
sub-0149_P2,205,205
sub-0149_P2,206,206
sub-0149_P2,207,207
sub-0149_P2,208,225
sub-0149_P2,209,209
sub-0149_P2,210,210
sub-0149_P2,211,226
sub-0149_P2,212,212
sub-0149_P2,213,213
sub-0149_P2,214,209
sub-0149_P2,215,215
sub-0149_P2,216,216
sub-0149_P2,217,218
sub-0149_P2,218,218
sub-0149_P2,219,200
sub-0149_P2,220,220
sub-0149_P2,221,221
sub-0149_P2,222,222
sub-0149_P2,223,223
sub-0149_P2,224,209
sub-0149_P2,225,187
sub-0149_P2,226,226
sub-0149_P2,227,226
sub-0149_P2,228,228
sub-0149_P2,229,227
sub-0149_P2,230,230
sub-0149_P2,231,231
sub-0150_P2,0,0
sub-0150_P2,1,1
sub-0150_P2,2,2
sub-0150_P2,3,3
sub-0150_P2,4,4
sub-0150_P2,5,5
sub-0150_P2,6,6
sub-0150_P2,7,7
sub-0150_P2,8,8
sub-0150_P2,9,9
sub-0150_P2,10,10
sub-0150_P2,11,11
sub-0150_P2,12,12
sub-0150_P2,13,13
sub-0150_P2,14,14
sub-0150_P2,15,15
sub-0150_P2,16,16
sub-0150_P2,17,17
sub-0150_P2,18,18
sub-0150_P2,19,19
sub-0150_P2,20,20
sub-0150_P2,21,21
sub-0150_P2,22,22
sub-0150_P2,23,23
sub-0150_P2,24,24
sub-0150_P2,25,25
sub-0150_P2,26,26
sub-0150_P2,27,27
sub-0150_P2,28,28
sub-0150_P2,29,134
sub-0150_P2,30,30
sub-0150_P2,31,33
sub-0150_P2,32,32
sub-0150_P2,33,33
sub-0150_P2,34,34
sub-0150_P2,35,35
sub-0150_P2,36,36
sub-0150_P2,37,37
sub-0150_P2,38,38
sub-0150_P2,39,39
sub-0150_P2,40,40
sub-0150_P2,41,41
sub-0150_P2,42,42
sub-0150_P2,43,43
sub-0150_P2,44,44
sub-0150_P2,45,45
sub-0150_P2,46,46
sub-0150_P2,47,47
sub-0150_P2,48,48
sub-0150_P2,49,49
sub-0150_P2,50,50
sub-0150_P2,51,51
sub-0150_P2,52,52
sub-0150_P2,53,53
sub-0150_P2,54,160
sub-0150_P2,55,55
sub-0150_P2,56,56
sub-0150_P2,57,57
sub-0150_P2,58,58
sub-0150_P2,59,59
sub-0150_P2,60,60
sub-0150_P2,61,61
sub-0150_P2,62,62
sub-0150_P2,63,63
sub-0150_P2,64,64
sub-0150_P2,65,65
sub-0150_P2,66,66
sub-0150_P2,67,67
sub-0150_P2,68,68
sub-0150_P2,69,69
sub-0150_P2,70,174
sub-0150_P2,71,71
sub-0150_P2,72,72
sub-0150_P2,73,73
sub-0150_P2,74,74
sub-0150_P2,75,75
sub-0150_P2,76,75
sub-0150_P2,77,77
sub-0150_P2,78,78
sub-0150_P2,79,79
sub-0150_P2,80,80
sub-0150_P2,81,81
sub-0150_P2,82,82
sub-0150_P2,83,83
sub-0150_P2,84,84
sub-0150_P2,85,85
sub-0150_P2,86,86
sub-0150_P2,87,87
sub-0150_P2,88,88
sub-0150_P2,89,169
sub-0150_P2,90,90
sub-0150_P2,91,91
sub-0150_P2,92,92
sub-0150_P2,93,93
sub-0150_P2,94,94
sub-0150_P2,95,95
sub-0150_P2,96,96
sub-0150_P2,97,97
sub-0150_P2,98,98
sub-0150_P2,99,99
sub-0150_P2,100,100
sub-0150_P2,101,101
sub-0150_P2,102,102
sub-0150_P2,103,103
sub-0150_P2,104,104
sub-0150_P2,105,105
sub-0150_P2,106,106
sub-0150_P2,107,107
sub-0150_P2,108,108
sub-0150_P2,109,109
sub-0150_P2,110,110
sub-0150_P2,111,111
sub-0150_P2,112,112
sub-0150_P2,113,113
sub-0150_P2,114,114
sub-0150_P2,115,115
sub-0150_P2,116,116
sub-0150_P2,117,117
sub-0150_P2,118,118
sub-0150_P2,119,119
sub-0150_P2,120,15
sub-0150_P2,121,121
sub-0150_P2,122,122
sub-0150_P2,123,123
sub-0150_P2,124,124
sub-0150_P2,125,125
sub-0150_P2,126,126
sub-0150_P2,127,127
sub-0150_P2,128,128
sub-0150_P2,129,129
sub-0150_P2,130,130
sub-0150_P2,131,131
sub-0150_P2,132,132
sub-0150_P2,133,133
sub-0150_P2,134,134
sub-0150_P2,135,135
sub-0150_P2,136,136
sub-0150_P2,137,137
sub-0150_P2,138,138
sub-0150_P2,139,139
sub-0150_P2,140,140
sub-0150_P2,141,141
sub-0150_P2,142,142
sub-0150_P2,143,143
sub-0150_P2,144,25
sub-0150_P2,145,145
sub-0150_P2,146,146
sub-0150_P2,147,65
sub-0150_P2,148,148
sub-0150_P2,149,149
sub-0150_P2,150,150
sub-0150_P2,151,151
sub-0150_P2,152,152
sub-0150_P2,153,157
sub-0150_P2,154,154
sub-0150_P2,155,155
sub-0150_P2,156,156
sub-0150_P2,157,51
sub-0150_P2,158,158
sub-0150_P2,159,159
sub-0150_P2,160,160
sub-0150_P2,161,161
sub-0150_P2,162,52
sub-0150_P2,163,163
sub-0150_P2,164,164
sub-0150_P2,165,165
sub-0150_P2,166,166
sub-0150_P2,167,167
sub-0150_P2,168,168
sub-0150_P2,169,169
sub-0150_P2,170,170
sub-0150_P2,171,171
sub-0150_P2,172,172
sub-0150_P2,173,173
sub-0150_P2,174,174
sub-0150_P2,175,175
sub-0150_P2,176,176
sub-0150_P2,177,177
sub-0150_P2,178,178
sub-0150_P2,179,179
sub-0150_P2,180,180
sub-0150_P2,181,181
sub-0150_P2,182,182
sub-0150_P2,183,183
sub-0150_P2,184,184
sub-0150_P2,185,185
sub-0150_P2,186,186
sub-0150_P2,187,187
sub-0150_P2,188,188
sub-0150_P2,189,189
sub-0150_P2,190,190
sub-0150_P2,191,191
sub-0150_P2,192,192
sub-0150_P2,193,193
sub-0150_P2,194,194
sub-0150_P2,195,195
sub-0150_P2,196,196
sub-0150_P2,197,197
sub-0150_P2,198,198
sub-0150_P2,199,199
sub-0150_P2,200,200
sub-0150_P2,201,201
sub-0150_P2,202,202
sub-0150_P2,203,203
sub-0150_P2,204,204
sub-0150_P2,205,205
sub-0150_P2,206,206
sub-0150_P2,207,207
sub-0150_P2,208,208
sub-0150_P2,209,209
sub-0150_P2,210,210
sub-0150_P2,211,211
sub-0150_P2,212,212
sub-0150_P2,213,213
sub-0150_P2,214,214
sub-0150_P2,215,215
sub-0150_P2,216,216
sub-0150_P2,217,217
sub-0150_P2,218,219
sub-0150_P2,219,219
sub-0150_P2,220,220
sub-0150_P2,221,221
sub-0150_P2,222,222
sub-0150_P2,223,223
sub-0150_P2,224,224
sub-0150_P2,225,225
sub-0150_P2,226,226
sub-0150_P2,227,211
sub-0150_P2,228,228
sub-0150_P2,229,229
sub-0150_P2,230,230
sub-0150_P2,231,231
sub-0151_P2,0,0
sub-0151_P2,1,1
sub-0151_P2,2,2
sub-0151_P2,3,3
sub-0151_P2,4,4
sub-0151_P2,5,5
sub-0151_P2,6,6
sub-0151_P2,7,7
sub-0151_P2,8,8
sub-0151_P2,9,9
sub-0151_P2,10,10
sub-0151_P2,11,11
sub-0151_P2,12,12
sub-0151_P2,13,13
sub-0151_P2,14,14
sub-0151_P2,15,15
sub-0151_P2,16,16
sub-0151_P2,17,17
sub-0151_P2,18,18
sub-0151_P2,19,19
sub-0151_P2,20,20
sub-0151_P2,21,21
sub-0151_P2,22,22
sub-0151_P2,23,23
sub-0151_P2,24,24
sub-0151_P2,25,25
sub-0151_P2,26,26
sub-0151_P2,27,27
sub-0151_P2,28,28
sub-0151_P2,29,29
sub-0151_P2,30,30
sub-0151_P2,31,31
sub-0151_P2,32,32
sub-0151_P2,33,33
sub-0151_P2,34,34
sub-0151_P2,35,35
sub-0151_P2,36,36
sub-0151_P2,37,37
sub-0151_P2,38,38
sub-0151_P2,39,39
sub-0151_P2,40,40
sub-0151_P2,41,41
sub-0151_P2,42,42
sub-0151_P2,43,43
sub-0151_P2,44,44
sub-0151_P2,45,113
sub-0151_P2,46,46
sub-0151_P2,47,47
sub-0151_P2,48,48
sub-0151_P2,49,49
sub-0151_P2,50,50
sub-0151_P2,51,51
sub-0151_P2,52,52
sub-0151_P2,53,53
sub-0151_P2,54,162
sub-0151_P2,55,55
sub-0151_P2,56,56
sub-0151_P2,57,57
sub-0151_P2,58,58
sub-0151_P2,59,59
sub-0151_P2,60,60
sub-0151_P2,61,61
sub-0151_P2,62,62
sub-0151_P2,63,63
sub-0151_P2,64,64
sub-0151_P2,65,65
sub-0151_P2,66,66
sub-0151_P2,67,67
sub-0151_P2,68,68
sub-0151_P2,69,69
sub-0151_P2,70,70
sub-0151_P2,71,71
sub-0151_P2,72,72
sub-0151_P2,73,73
sub-0151_P2,74,74
sub-0151_P2,75,75
sub-0151_P2,76,76
sub-0151_P2,77,77
sub-0151_P2,78,78
sub-0151_P2,79,79
sub-0151_P2,80,80
sub-0151_P2,81,81
sub-0151_P2,82,82
sub-0151_P2,83,83
sub-0151_P2,84,84
sub-0151_P2,85,85
sub-0151_P2,86,86
sub-0151_P2,87,87
sub-0151_P2,88,88
sub-0151_P2,89,89
sub-0151_P2,90,90
sub-0151_P2,91,91
sub-0151_P2,92,92
sub-0151_P2,93,93
sub-0151_P2,94,94
sub-0151_P2,95,95
sub-0151_P2,96,96
sub-0151_P2,97,97
sub-0151_P2,98,98
sub-0151_P2,99,99
sub-0151_P2,100,100
sub-0151_P2,101,101
sub-0151_P2,102,102
sub-0151_P2,103,103
sub-0151_P2,104,104
sub-0151_P2,105,105
sub-0151_P2,106,106
sub-0151_P2,107,107
sub-0151_P2,108,108
sub-0151_P2,109,109
sub-0151_P2,110,110
sub-0151_P2,111,111
sub-0151_P2,112,112
sub-0151_P2,113,113
sub-0151_P2,114,114
sub-0151_P2,115,115
sub-0151_P2,116,116
sub-0151_P2,117,117
sub-0151_P2,118,118
sub-0151_P2,119,119
sub-0151_P2,120,120
sub-0151_P2,121,121
sub-0151_P2,122,122
sub-0151_P2,123,123
sub-0151_P2,124,124
sub-0151_P2,125,125
sub-0151_P2,126,126
sub-0151_P2,127,127
sub-0151_P2,128,128
sub-0151_P2,129,129
sub-0151_P2,130,130
sub-0151_P2,131,131
sub-0151_P2,132,132
sub-0151_P2,133,133
sub-0151_P2,134,134
sub-0151_P2,135,135
sub-0151_P2,136,136
sub-0151_P2,137,137
sub-0151_P2,138,138
sub-0151_P2,139,139
sub-0151_P2,140,140
sub-0151_P2,141,141
sub-0151_P2,142,142
sub-0151_P2,143,143
sub-0151_P2,144,144
sub-0151_P2,145,145
sub-0151_P2,146,146
sub-0151_P2,147,147
sub-0151_P2,148,148
sub-0151_P2,149,149
sub-0151_P2,150,150
sub-0151_P2,151,151
sub-0151_P2,152,152
sub-0151_P2,153,153
sub-0151_P2,154,154
sub-0151_P2,155,155
sub-0151_P2,156,156
sub-0151_P2,157,217
sub-0151_P2,158,162
sub-0151_P2,159,159
sub-0151_P2,160,160
sub-0151_P2,161,161
sub-0151_P2,162,162
sub-0151_P2,163,163
sub-0151_P2,164,164
sub-0151_P2,165,165
sub-0151_P2,166,166
sub-0151_P2,167,167
sub-0151_P2,168,168
sub-0151_P2,169,169
sub-0151_P2,170,170
sub-0151_P2,171,171
sub-0151_P2,172,172
sub-0151_P2,173,173
sub-0151_P2,174,174
sub-0151_P2,175,175
sub-0151_P2,176,176
sub-0151_P2,177,177
sub-0151_P2,178,178
sub-0151_P2,179,179
sub-0151_P2,180,180
sub-0151_P2,181,181
sub-0151_P2,182,182
sub-0151_P2,183,183
sub-0151_P2,184,184
sub-0151_P2,185,185
sub-0151_P2,186,186
sub-0151_P2,187,187
sub-0151_P2,188,188
sub-0151_P2,189,189
sub-0151_P2,190,190
sub-0151_P2,191,191
sub-0151_P2,192,192
sub-0151_P2,193,193
sub-0151_P2,194,97
sub-0151_P2,195,195
sub-0151_P2,196,196
sub-0151_P2,197,197
sub-0151_P2,198,198
sub-0151_P2,199,199
sub-0151_P2,200,200
sub-0151_P2,201,97
sub-0151_P2,202,218
sub-0151_P2,203,203
sub-0151_P2,204,204
sub-0151_P2,205,205
sub-0151_P2,206,206
sub-0151_P2,207,207
sub-0151_P2,208,225
sub-0151_P2,209,224
sub-0151_P2,210,201
sub-0151_P2,211,211
sub-0151_P2,212,212
sub-0151_P2,213,213
sub-0151_P2,214,214
sub-0151_P2,215,215
sub-0151_P2,216,216
sub-0151_P2,217,217
sub-0151_P2,218,218
sub-0151_P2,219,219
sub-0151_P2,220,220
sub-0151_P2,221,221
sub-0151_P2,222,207
sub-0151_P2,223,223
sub-0151_P2,224,209
sub-0151_P2,225,225
sub-0151_P2,226,226
sub-0151_P2,227,227
sub-0151_P2,228,228
sub-0151_P2,229,229
sub-0151_P2,230,230
sub-0151_P2,231,231
sub-0152_P2,0,0
sub-0152_P2,1,1
sub-0152_P2,2,2
sub-0152_P2,3,3
sub-0152_P2,4,4
sub-0152_P2,5,5
sub-0152_P2,6,6
sub-0152_P2,7,7
sub-0152_P2,8,8
sub-0152_P2,9,9
sub-0152_P2,10,10
sub-0152_P2,11,11
sub-0152_P2,12,12
sub-0152_P2,13,13
sub-0152_P2,14,14
sub-0152_P2,15,15
sub-0152_P2,16,16
sub-0152_P2,17,17
sub-0152_P2,18,18
sub-0152_P2,19,19
sub-0152_P2,20,20
sub-0152_P2,21,21
sub-0152_P2,22,22
sub-0152_P2,23,23
sub-0152_P2,24,24
sub-0152_P2,25,25
sub-0152_P2,26,26
sub-0152_P2,27,27
sub-0152_P2,28,28
sub-0152_P2,29,29
sub-0152_P2,30,210
sub-0152_P2,31,31
sub-0152_P2,32,32
sub-0152_P2,33,33
sub-0152_P2,34,34
sub-0152_P2,35,35
sub-0152_P2,36,36
sub-0152_P2,37,37
sub-0152_P2,38,38
sub-0152_P2,39,39
sub-0152_P2,40,40
sub-0152_P2,41,41
sub-0152_P2,42,42
sub-0152_P2,43,43
sub-0152_P2,44,44
sub-0152_P2,45,45
sub-0152_P2,46,46
sub-0152_P2,47,47
sub-0152_P2,48,48
sub-0152_P2,49,49
sub-0152_P2,50,50
sub-0152_P2,51,187
sub-0152_P2,52,52
sub-0152_P2,53,53
sub-0152_P2,54,54
sub-0152_P2,55,55
sub-0152_P2,56,173
sub-0152_P2,57,57
sub-0152_P2,58,58
sub-0152_P2,59,139
sub-0152_P2,60,60
sub-0152_P2,61,61
sub-0152_P2,62,62
sub-0152_P2,63,64
sub-0152_P2,64,64
sub-0152_P2,65,65
sub-0152_P2,66,66
sub-0152_P2,67,67
sub-0152_P2,68,68
sub-0152_P2,69,69
sub-0152_P2,70,70
sub-0152_P2,71,71
sub-0152_P2,72,72
sub-0152_P2,73,73
sub-0152_P2,74,74
sub-0152_P2,75,75
sub-0152_P2,76,76
sub-0152_P2,77,77
sub-0152_P2,78,78
sub-0152_P2,79,79
sub-0152_P2,80,80
sub-0152_P2,81,81
sub-0152_P2,82,82
sub-0152_P2,83,83
sub-0152_P2,84,84
sub-0152_P2,85,85
sub-0152_P2,86,86
sub-0152_P2,87,87
sub-0152_P2,88,88
sub-0152_P2,89,89
sub-0152_P2,90,90
sub-0152_P2,91,91
sub-0152_P2,92,92
sub-0152_P2,93,93
sub-0152_P2,94,94
sub-0152_P2,95,95
sub-0152_P2,96,96
sub-0152_P2,97,97
sub-0152_P2,98,98
sub-0152_P2,99,99
sub-0152_P2,100,100
sub-0152_P2,101,101
sub-0152_P2,102,102
sub-0152_P2,103,103
sub-0152_P2,104,104
sub-0152_P2,105,105
sub-0152_P2,106,106
sub-0152_P2,107,107
sub-0152_P2,108,108
sub-0152_P2,109,109
sub-0152_P2,110,110
sub-0152_P2,111,111
sub-0152_P2,112,112
sub-0152_P2,113,113
sub-0152_P2,114,114
sub-0152_P2,115,115
sub-0152_P2,116,116
sub-0152_P2,117,117
sub-0152_P2,118,118
sub-0152_P2,119,119
sub-0152_P2,120,120
sub-0152_P2,121,121
sub-0152_P2,122,122
sub-0152_P2,123,123
sub-0152_P2,124,124
sub-0152_P2,125,21
sub-0152_P2,126,126
sub-0152_P2,127,127
sub-0152_P2,128,128
sub-0152_P2,129,129
sub-0152_P2,130,130
sub-0152_P2,131,131
sub-0152_P2,132,132
sub-0152_P2,133,133
sub-0152_P2,134,134
sub-0152_P2,135,135
sub-0152_P2,136,136
sub-0152_P2,137,137
sub-0152_P2,138,138
sub-0152_P2,139,139
sub-0152_P2,140,140
sub-0152_P2,141,141
sub-0152_P2,142,142
sub-0152_P2,143,143
sub-0152_P2,144,144
sub-0152_P2,145,145
sub-0152_P2,146,146
sub-0152_P2,147,147
sub-0152_P2,148,148
sub-0152_P2,149,149
sub-0152_P2,150,150
sub-0152_P2,151,151
sub-0152_P2,152,152
sub-0152_P2,153,153
sub-0152_P2,154,154
sub-0152_P2,155,155
sub-0152_P2,156,156
sub-0152_P2,157,157
sub-0152_P2,158,158
sub-0152_P2,159,159
sub-0152_P2,160,160
sub-0152_P2,161,161
sub-0152_P2,162,162
sub-0152_P2,163,163
sub-0152_P2,164,164
sub-0152_P2,165,165
sub-0152_P2,166,166
sub-0152_P2,167,167
sub-0152_P2,168,168
sub-0152_P2,169,169
sub-0152_P2,170,170
sub-0152_P2,171,171
sub-0152_P2,172,172
sub-0152_P2,173,173
sub-0152_P2,174,61
sub-0152_P2,175,175
sub-0152_P2,176,176
sub-0152_P2,177,177
sub-0152_P2,178,178
sub-0152_P2,179,179
sub-0152_P2,180,180
sub-0152_P2,181,181
sub-0152_P2,182,182
sub-0152_P2,183,183
sub-0152_P2,184,184
sub-0152_P2,185,185
sub-0152_P2,186,186
sub-0152_P2,187,187
sub-0152_P2,188,188
sub-0152_P2,189,189
sub-0152_P2,190,211
sub-0152_P2,191,191
sub-0152_P2,192,192
sub-0152_P2,193,193
sub-0152_P2,194,194
sub-0152_P2,195,195
sub-0152_P2,196,196
sub-0152_P2,197,197
sub-0152_P2,198,198
sub-0152_P2,199,199
sub-0152_P2,200,200
sub-0152_P2,201,201
sub-0152_P2,202,202
sub-0152_P2,203,203
sub-0152_P2,204,204
sub-0152_P2,205,205
sub-0152_P2,206,206
sub-0152_P2,207,207
sub-0152_P2,208,208
sub-0152_P2,209,209
sub-0152_P2,210,210
sub-0152_P2,211,210
sub-0152_P2,212,212
sub-0152_P2,213,213
sub-0152_P2,214,214
sub-0152_P2,215,215
sub-0152_P2,216,216
sub-0152_P2,217,226
sub-0152_P2,218,218
sub-0152_P2,219,219
sub-0152_P2,220,220
sub-0152_P2,221,221
sub-0152_P2,222,206
sub-0152_P2,223,223
sub-0152_P2,224,224
sub-0152_P2,225,225
sub-0152_P2,226,226
sub-0152_P2,227,224
sub-0152_P2,228,228
sub-0152_P2,229,229
sub-0152_P2,230,50
sub-0152_P2,231,231
sub-0153_P2,0,0
sub-0153_P2,1,1
sub-0153_P2,2,3
sub-0153_P2,3,3
sub-0153_P2,4,4
sub-0153_P2,5,5
sub-0153_P2,6,6
sub-0153_P2,7,7
sub-0153_P2,8,8
sub-0153_P2,9,9
sub-0153_P2,10,10
sub-0153_P2,11,11
sub-0153_P2,12,12
sub-0153_P2,13,13
sub-0153_P2,14,14
sub-0153_P2,15,15
sub-0153_P2,16,16
sub-0153_P2,17,17
sub-0153_P2,18,18
sub-0153_P2,19,19
sub-0153_P2,20,20
sub-0153_P2,21,21
sub-0153_P2,22,22
sub-0153_P2,23,23
sub-0153_P2,24,24
sub-0153_P2,25,25
sub-0153_P2,26,26
sub-0153_P2,27,27
sub-0153_P2,28,28
sub-0153_P2,29,29
sub-0153_P2,30,30
sub-0153_P2,31,31
sub-0153_P2,32,32
sub-0153_P2,33,33
sub-0153_P2,34,34
sub-0153_P2,35,35
sub-0153_P2,36,36
sub-0153_P2,37,37
sub-0153_P2,38,38
sub-0153_P2,39,39
sub-0153_P2,40,40
sub-0153_P2,41,41
sub-0153_P2,42,42
sub-0153_P2,43,43
sub-0153_P2,44,44
sub-0153_P2,45,45
sub-0153_P2,46,46
sub-0153_P2,47,47
sub-0153_P2,48,48
sub-0153_P2,49,49
sub-0153_P2,50,50
sub-0153_P2,51,51
sub-0153_P2,52,52
sub-0153_P2,53,53
sub-0153_P2,54,54
sub-0153_P2,55,55
sub-0153_P2,56,56
sub-0153_P2,57,57
sub-0153_P2,58,58
sub-0153_P2,59,56
sub-0153_P2,60,38
sub-0153_P2,61,63
sub-0153_P2,62,62
sub-0153_P2,63,63
sub-0153_P2,64,64
sub-0153_P2,65,65
sub-0153_P2,66,66
sub-0153_P2,67,67
sub-0153_P2,68,68
sub-0153_P2,69,69
sub-0153_P2,70,70
sub-0153_P2,71,71
sub-0153_P2,72,72
sub-0153_P2,73,73
sub-0153_P2,74,74
sub-0153_P2,75,75
sub-0153_P2,76,76
sub-0153_P2,77,77
sub-0153_P2,78,78
sub-0153_P2,79,79
sub-0153_P2,80,80
sub-0153_P2,81,81
sub-0153_P2,82,82
sub-0153_P2,83,83
sub-0153_P2,84,84
sub-0153_P2,85,85
sub-0153_P2,86,99
sub-0153_P2,87,87
sub-0153_P2,88,88
sub-0153_P2,89,89
sub-0153_P2,90,90
sub-0153_P2,91,91
sub-0153_P2,92,92
sub-0153_P2,93,93
sub-0153_P2,94,94
sub-0153_P2,95,95
sub-0153_P2,96,96
sub-0153_P2,97,97
sub-0153_P2,98,98
sub-0153_P2,99,99
sub-0153_P2,100,100
sub-0153_P2,101,101
sub-0153_P2,102,102
sub-0153_P2,103,103
sub-0153_P2,104,104
sub-0153_P2,105,105
sub-0153_P2,106,106
sub-0153_P2,107,107
sub-0153_P2,108,108
sub-0153_P2,109,109
sub-0153_P2,110,110
sub-0153_P2,111,111
sub-0153_P2,112,112
sub-0153_P2,113,113
sub-0153_P2,114,114
sub-0153_P2,115,118
sub-0153_P2,116,116
sub-0153_P2,117,117
sub-0153_P2,118,118
sub-0153_P2,119,119
sub-0153_P2,120,120
sub-0153_P2,121,121
sub-0153_P2,122,122
sub-0153_P2,123,123
sub-0153_P2,124,124
sub-0153_P2,125,125
sub-0153_P2,126,126
sub-0153_P2,127,127
sub-0153_P2,128,128
sub-0153_P2,129,129
sub-0153_P2,130,130
sub-0153_P2,131,131
sub-0153_P2,132,132
sub-0153_P2,133,133
sub-0153_P2,134,134
sub-0153_P2,135,135
sub-0153_P2,136,136
sub-0153_P2,137,137
sub-0153_P2,138,138
sub-0153_P2,139,139
sub-0153_P2,140,140
sub-0153_P2,141,141
sub-0153_P2,142,142
sub-0153_P2,143,143
sub-0153_P2,144,144
sub-0153_P2,145,145
sub-0153_P2,146,146
sub-0153_P2,147,147
sub-0153_P2,148,148
sub-0153_P2,149,149
sub-0153_P2,150,150
sub-0153_P2,151,151
sub-0153_P2,152,152
sub-0153_P2,153,153
sub-0153_P2,154,154
sub-0153_P2,155,155
sub-0153_P2,156,156
sub-0153_P2,157,159
sub-0153_P2,158,158
sub-0153_P2,159,159
sub-0153_P2,160,160
sub-0153_P2,161,161
sub-0153_P2,162,162
sub-0153_P2,163,97
sub-0153_P2,164,164
sub-0153_P2,165,165
sub-0153_P2,166,166
sub-0153_P2,167,167
sub-0153_P2,168,168
sub-0153_P2,169,169
sub-0153_P2,170,170
sub-0153_P2,171,171
sub-0153_P2,172,172
sub-0153_P2,173,173
sub-0153_P2,174,174
sub-0153_P2,175,175
sub-0153_P2,176,176
sub-0153_P2,177,177
sub-0153_P2,178,178
sub-0153_P2,179,179
sub-0153_P2,180,180
sub-0153_P2,181,181
sub-0153_P2,182,182
sub-0153_P2,183,183
sub-0153_P2,184,99
sub-0153_P2,185,185
sub-0153_P2,186,186
sub-0153_P2,187,52
sub-0153_P2,188,188
sub-0153_P2,189,189
sub-0153_P2,190,190
sub-0153_P2,191,191
sub-0153_P2,192,192
sub-0153_P2,193,193
sub-0153_P2,194,194
sub-0153_P2,195,195
sub-0153_P2,196,196
sub-0153_P2,197,197
sub-0153_P2,198,198
sub-0153_P2,199,199
sub-0153_P2,200,210
sub-0153_P2,201,201
sub-0153_P2,202,202
sub-0153_P2,203,203
sub-0153_P2,204,204
sub-0153_P2,205,205
sub-0153_P2,206,206
sub-0153_P2,207,207
sub-0153_P2,208,226
sub-0153_P2,209,209
sub-0153_P2,210,210
sub-0153_P2,211,211
sub-0153_P2,212,212
sub-0153_P2,213,213
sub-0153_P2,214,214
sub-0153_P2,215,215
sub-0153_P2,216,200
sub-0153_P2,217,217
sub-0153_P2,218,218
sub-0153_P2,219,219
sub-0153_P2,220,99
sub-0153_P2,221,221
sub-0153_P2,222,222
sub-0153_P2,223,223
sub-0153_P2,224,224
sub-0153_P2,225,208
sub-0153_P2,226,226
sub-0153_P2,227,227
sub-0153_P2,228,228
sub-0153_P2,229,229
sub-0153_P2,230,230
sub-0153_P2,231,231
sub-0154_P2,0,0
sub-0154_P2,1,1
sub-0154_P2,2,2
sub-0154_P2,3,0
sub-0154_P2,4,4
sub-0154_P2,5,5
sub-0154_P2,6,163
sub-0154_P2,7,7
sub-0154_P2,8,8
sub-0154_P2,9,9
sub-0154_P2,10,10
sub-0154_P2,11,11
sub-0154_P2,12,12
sub-0154_P2,13,13
sub-0154_P2,14,14
sub-0154_P2,15,15
sub-0154_P2,16,16
sub-0154_P2,17,17
sub-0154_P2,18,18
sub-0154_P2,19,19
sub-0154_P2,20,20
sub-0154_P2,21,25
sub-0154_P2,22,22
sub-0154_P2,23,23
sub-0154_P2,24,24
sub-0154_P2,25,25
sub-0154_P2,26,26
sub-0154_P2,27,27
sub-0154_P2,28,28
sub-0154_P2,29,29
sub-0154_P2,30,163
sub-0154_P2,31,31
sub-0154_P2,32,135
sub-0154_P2,33,33
sub-0154_P2,34,34
sub-0154_P2,35,35
sub-0154_P2,36,36
sub-0154_P2,37,37
sub-0154_P2,38,187
sub-0154_P2,39,39
sub-0154_P2,40,40
sub-0154_P2,41,41
sub-0154_P2,42,42
sub-0154_P2,43,43
sub-0154_P2,44,44
sub-0154_P2,45,45
sub-0154_P2,46,46
sub-0154_P2,47,47
sub-0154_P2,48,48
sub-0154_P2,49,49
sub-0154_P2,50,50
sub-0154_P2,51,51
sub-0154_P2,52,52
sub-0154_P2,53,53
sub-0154_P2,54,54
sub-0154_P2,55,92
sub-0154_P2,56,56
sub-0154_P2,57,57
sub-0154_P2,58,58
sub-0154_P2,59,59
sub-0154_P2,60,60
sub-0154_P2,61,61
sub-0154_P2,62,62
sub-0154_P2,63,63
sub-0154_P2,64,64
sub-0154_P2,65,65
sub-0154_P2,66,66
sub-0154_P2,67,67
sub-0154_P2,68,68
sub-0154_P2,69,69
sub-0154_P2,70,70
sub-0154_P2,71,71
sub-0154_P2,72,72
sub-0154_P2,73,180
sub-0154_P2,74,74
sub-0154_P2,75,75
sub-0154_P2,76,76
sub-0154_P2,77,77
sub-0154_P2,78,78
sub-0154_P2,79,79
sub-0154_P2,80,80
sub-0154_P2,81,81
sub-0154_P2,82,82
sub-0154_P2,83,83
sub-0154_P2,84,47
sub-0154_P2,85,85
sub-0154_P2,86,197
sub-0154_P2,87,87
sub-0154_P2,88,88
sub-0154_P2,89,89
sub-0154_P2,90,90
sub-0154_P2,91,91
sub-0154_P2,92,92
sub-0154_P2,93,93
sub-0154_P2,94,94
sub-0154_P2,95,95
sub-0154_P2,96,96
sub-0154_P2,97,97
sub-0154_P2,98,98
sub-0154_P2,99,99
sub-0154_P2,100,100
sub-0154_P2,101,101
sub-0154_P2,102,102
sub-0154_P2,103,103
sub-0154_P2,104,104
sub-0154_P2,105,105
sub-0154_P2,106,8
sub-0154_P2,107,107
sub-0154_P2,108,108
sub-0154_P2,109,109
sub-0154_P2,110,110
sub-0154_P2,111,111
sub-0154_P2,112,112
sub-0154_P2,113,113
sub-0154_P2,114,114
sub-0154_P2,115,115
sub-0154_P2,116,116
sub-0154_P2,117,117
sub-0154_P2,118,118
sub-0154_P2,119,227
sub-0154_P2,120,120
sub-0154_P2,121,121
sub-0154_P2,122,122
sub-0154_P2,123,123
sub-0154_P2,124,198
sub-0154_P2,125,125
sub-0154_P2,126,126
sub-0154_P2,127,127
sub-0154_P2,128,128
sub-0154_P2,129,129
sub-0154_P2,130,130
sub-0154_P2,131,131
sub-0154_P2,132,132
sub-0154_P2,133,133
sub-0154_P2,134,134
sub-0154_P2,135,135
sub-0154_P2,136,136
sub-0154_P2,137,137
sub-0154_P2,138,138
sub-0154_P2,139,139
sub-0154_P2,140,140
sub-0154_P2,141,141
sub-0154_P2,142,142
sub-0154_P2,143,143
sub-0154_P2,144,144
sub-0154_P2,145,145
sub-0154_P2,146,146
sub-0154_P2,147,147
sub-0154_P2,148,148
sub-0154_P2,149,149
sub-0154_P2,150,150
sub-0154_P2,151,151
sub-0154_P2,152,152
sub-0154_P2,153,83
sub-0154_P2,154,154
sub-0154_P2,155,155
sub-0154_P2,156,156
sub-0154_P2,157,157
sub-0154_P2,158,158
sub-0154_P2,159,159
sub-0154_P2,160,160
sub-0154_P2,161,161
sub-0154_P2,162,160
sub-0154_P2,163,163
sub-0154_P2,164,164
sub-0154_P2,165,165
sub-0154_P2,166,175
sub-0154_P2,167,167
sub-0154_P2,168,168
sub-0154_P2,169,169
sub-0154_P2,170,170
sub-0154_P2,171,171
sub-0154_P2,172,172
sub-0154_P2,173,171
sub-0154_P2,174,174
sub-0154_P2,175,175
sub-0154_P2,176,176
sub-0154_P2,177,177
sub-0154_P2,178,178
sub-0154_P2,179,179
sub-0154_P2,180,180
sub-0154_P2,181,181
sub-0154_P2,182,182
sub-0154_P2,183,183
sub-0154_P2,184,184
sub-0154_P2,185,185
sub-0154_P2,186,186
sub-0154_P2,187,187
sub-0154_P2,188,188
sub-0154_P2,189,189
sub-0154_P2,190,187
sub-0154_P2,191,191
sub-0154_P2,192,192
sub-0154_P2,193,193
sub-0154_P2,194,194
sub-0154_P2,195,195
sub-0154_P2,196,196
sub-0154_P2,197,197
sub-0154_P2,198,198
sub-0154_P2,199,199
sub-0154_P2,200,200
sub-0154_P2,201,201
sub-0154_P2,202,202
sub-0154_P2,203,203
sub-0154_P2,204,204
sub-0154_P2,205,205
sub-0154_P2,206,206
sub-0154_P2,207,207
sub-0154_P2,208,208
sub-0154_P2,209,209
sub-0154_P2,210,210
sub-0154_P2,211,211
sub-0154_P2,212,212
sub-0154_P2,213,213
sub-0154_P2,214,214
sub-0154_P2,215,215
sub-0154_P2,216,216
sub-0154_P2,217,217
sub-0154_P2,218,218
sub-0154_P2,219,219
sub-0154_P2,220,220
sub-0154_P2,221,221
sub-0154_P2,222,222
sub-0154_P2,223,223
sub-0154_P2,224,224
sub-0154_P2,225,225
sub-0154_P2,226,226
sub-0154_P2,227,227
sub-0154_P2,228,228
sub-0154_P2,229,229
sub-0154_P2,230,230
sub-0154_P2,231,231
sub-0155_P2,0,0
sub-0155_P2,1,1
sub-0155_P2,2,2
sub-0155_P2,3,3
sub-0155_P2,4,4
sub-0155_P2,5,111
sub-0155_P2,6,6
sub-0155_P2,7,7
sub-0155_P2,8,8
sub-0155_P2,9,9
sub-0155_P2,10,10
sub-0155_P2,11,11
sub-0155_P2,12,12
sub-0155_P2,13,13
sub-0155_P2,14,14
sub-0155_P2,15,15
sub-0155_P2,16,16
sub-0155_P2,17,17
sub-0155_P2,18,18
sub-0155_P2,19,19
sub-0155_P2,20,20
sub-0155_P2,21,21
sub-0155_P2,22,22
sub-0155_P2,23,23
sub-0155_P2,24,24
sub-0155_P2,25,25
sub-0155_P2,26,26
sub-0155_P2,27,27
sub-0155_P2,28,28
sub-0155_P2,29,29
sub-0155_P2,30,30
sub-0155_P2,31,31
sub-0155_P2,32,32
sub-0155_P2,33,33
sub-0155_P2,34,34
sub-0155_P2,35,35
sub-0155_P2,36,36
sub-0155_P2,37,37
sub-0155_P2,38,38
sub-0155_P2,39,39
sub-0155_P2,40,40
sub-0155_P2,41,41
sub-0155_P2,42,42
sub-0155_P2,43,43
sub-0155_P2,44,44
sub-0155_P2,45,45
sub-0155_P2,46,46
sub-0155_P2,47,47
sub-0155_P2,48,48
sub-0155_P2,49,49
sub-0155_P2,50,50
sub-0155_P2,51,51
sub-0155_P2,52,52
sub-0155_P2,53,53
sub-0155_P2,54,190
sub-0155_P2,55,55
sub-0155_P2,56,56
sub-0155_P2,57,57
sub-0155_P2,58,58
sub-0155_P2,59,59
sub-0155_P2,60,60
sub-0155_P2,61,61
sub-0155_P2,62,62
sub-0155_P2,63,63
sub-0155_P2,64,64
sub-0155_P2,65,65
sub-0155_P2,66,66
sub-0155_P2,67,67
sub-0155_P2,68,68
sub-0155_P2,69,69
sub-0155_P2,70,70
sub-0155_P2,71,71
sub-0155_P2,72,72
sub-0155_P2,73,73
sub-0155_P2,74,74
sub-0155_P2,75,75
sub-0155_P2,76,76
sub-0155_P2,77,77
sub-0155_P2,78,78
sub-0155_P2,79,79
sub-0155_P2,80,80
sub-0155_P2,81,81
sub-0155_P2,82,82
sub-0155_P2,83,83
sub-0155_P2,84,84
sub-0155_P2,85,85
sub-0155_P2,86,86
sub-0155_P2,87,87
sub-0155_P2,88,88
sub-0155_P2,89,89
sub-0155_P2,90,90
sub-0155_P2,91,91
sub-0155_P2,92,92
sub-0155_P2,93,93
sub-0155_P2,94,94
sub-0155_P2,95,95
sub-0155_P2,96,96
sub-0155_P2,97,97
sub-0155_P2,98,98
sub-0155_P2,99,99
sub-0155_P2,100,100
sub-0155_P2,101,101
sub-0155_P2,102,102
sub-0155_P2,103,103
sub-0155_P2,104,104
sub-0155_P2,105,105
sub-0155_P2,106,106
sub-0155_P2,107,107
sub-0155_P2,108,108
sub-0155_P2,109,109
sub-0155_P2,110,110
sub-0155_P2,111,111
sub-0155_P2,112,112
sub-0155_P2,113,113
sub-0155_P2,114,114
sub-0155_P2,115,115
sub-0155_P2,116,116
sub-0155_P2,117,117
sub-0155_P2,118,118
sub-0155_P2,119,119
sub-0155_P2,120,120
sub-0155_P2,121,121
sub-0155_P2,122,122
sub-0155_P2,123,123
sub-0155_P2,124,124
sub-0155_P2,125,125
sub-0155_P2,126,126
sub-0155_P2,127,127
sub-0155_P2,128,128
sub-0155_P2,129,129
sub-0155_P2,130,130
sub-0155_P2,131,131
sub-0155_P2,132,132
sub-0155_P2,133,133
sub-0155_P2,134,134
sub-0155_P2,135,135
sub-0155_P2,136,136
sub-0155_P2,137,137
sub-0155_P2,138,138
sub-0155_P2,139,139
sub-0155_P2,140,33
sub-0155_P2,141,141
sub-0155_P2,142,142
sub-0155_P2,143,143
sub-0155_P2,144,144
sub-0155_P2,145,145
sub-0155_P2,146,146
sub-0155_P2,147,147
sub-0155_P2,148,148
sub-0155_P2,149,149
sub-0155_P2,150,150
sub-0155_P2,151,151
sub-0155_P2,152,152
sub-0155_P2,153,153
sub-0155_P2,154,154
sub-0155_P2,155,155
sub-0155_P2,156,156
sub-0155_P2,157,157
sub-0155_P2,158,158
sub-0155_P2,159,159
sub-0155_P2,160,160
sub-0155_P2,161,187
sub-0155_P2,162,162
sub-0155_P2,163,163
sub-0155_P2,164,171
sub-0155_P2,165,165
sub-0155_P2,166,166
sub-0155_P2,167,167
sub-0155_P2,168,168
sub-0155_P2,169,169
sub-0155_P2,170,170
sub-0155_P2,171,171
sub-0155_P2,172,172
sub-0155_P2,173,173
sub-0155_P2,174,174
sub-0155_P2,175,175
sub-0155_P2,176,176
sub-0155_P2,177,177
sub-0155_P2,178,178
sub-0155_P2,179,226
sub-0155_P2,180,180
sub-0155_P2,181,181
sub-0155_P2,182,182
sub-0155_P2,183,183
sub-0155_P2,184,177
sub-0155_P2,185,185
sub-0155_P2,186,186
sub-0155_P2,187,187
sub-0155_P2,188,188
sub-0155_P2,189,189
sub-0155_P2,190,190
sub-0155_P2,191,191
sub-0155_P2,192,192
sub-0155_P2,193,193
sub-0155_P2,194,194
sub-0155_P2,195,195
sub-0155_P2,196,196
sub-0155_P2,197,197
sub-0155_P2,198,198
sub-0155_P2,199,199
sub-0155_P2,200,200
sub-0155_P2,201,201
sub-0155_P2,202,202
sub-0155_P2,203,203
sub-0155_P2,204,204
sub-0155_P2,205,205
sub-0155_P2,206,206
sub-0155_P2,207,207
sub-0155_P2,208,208
sub-0155_P2,209,209
sub-0155_P2,210,210
sub-0155_P2,211,211
sub-0155_P2,212,212
sub-0155_P2,213,213
sub-0155_P2,214,214
sub-0155_P2,215,214
sub-0155_P2,216,216
sub-0155_P2,217,217
sub-0155_P2,218,227
sub-0155_P2,219,219
sub-0155_P2,220,220
sub-0155_P2,221,221
sub-0155_P2,222,222
sub-0155_P2,223,223
sub-0155_P2,224,224
sub-0155_P2,225,225
sub-0155_P2,226,211
sub-0155_P2,227,227
sub-0155_P2,228,228
sub-0155_P2,229,229
sub-0155_P2,230,230
sub-0155_P2,231,207
sub-0156_P2,0,0
sub-0156_P2,1,1
sub-0156_P2,2,2
sub-0156_P2,3,3
sub-0156_P2,4,4
sub-0156_P2,5,5
sub-0156_P2,6,6
sub-0156_P2,7,7
sub-0156_P2,8,8
sub-0156_P2,9,9
sub-0156_P2,10,10
sub-0156_P2,11,11
sub-0156_P2,12,12
sub-0156_P2,13,13
sub-0156_P2,14,14
sub-0156_P2,15,15
sub-0156_P2,16,16
sub-0156_P2,17,17
sub-0156_P2,18,18
sub-0156_P2,19,19
sub-0156_P2,20,20
sub-0156_P2,21,21
sub-0156_P2,22,22
sub-0156_P2,23,23
sub-0156_P2,24,24
sub-0156_P2,25,25
sub-0156_P2,26,26
sub-0156_P2,27,27
sub-0156_P2,28,28
sub-0156_P2,29,29
sub-0156_P2,30,30
sub-0156_P2,31,31
sub-0156_P2,32,32
sub-0156_P2,33,33
sub-0156_P2,34,34
sub-0156_P2,35,35
sub-0156_P2,36,36
sub-0156_P2,37,37
sub-0156_P2,38,38
sub-0156_P2,39,39
sub-0156_P2,40,40
sub-0156_P2,41,41
sub-0156_P2,42,42
sub-0156_P2,43,43
sub-0156_P2,44,44
sub-0156_P2,45,45
sub-0156_P2,46,46
sub-0156_P2,47,47
sub-0156_P2,48,48
sub-0156_P2,49,86
sub-0156_P2,50,50
sub-0156_P2,51,51
sub-0156_P2,52,52
sub-0156_P2,53,53
sub-0156_P2,54,54
sub-0156_P2,55,55
sub-0156_P2,56,56
sub-0156_P2,57,57
sub-0156_P2,58,58
sub-0156_P2,59,59
sub-0156_P2,60,60
sub-0156_P2,61,61
sub-0156_P2,62,62
sub-0156_P2,63,63
sub-0156_P2,64,64
sub-0156_P2,65,65
sub-0156_P2,66,220
sub-0156_P2,67,67
sub-0156_P2,68,68
sub-0156_P2,69,69
sub-0156_P2,70,70
sub-0156_P2,71,71
sub-0156_P2,72,72
sub-0156_P2,73,73
sub-0156_P2,74,74
sub-0156_P2,75,75
sub-0156_P2,76,76
sub-0156_P2,77,77
sub-0156_P2,78,78
sub-0156_P2,79,79
sub-0156_P2,80,80
sub-0156_P2,81,81
sub-0156_P2,82,82
sub-0156_P2,83,83
sub-0156_P2,84,84
sub-0156_P2,85,85
sub-0156_P2,86,86
sub-0156_P2,87,87
sub-0156_P2,88,88
sub-0156_P2,89,89
sub-0156_P2,90,90
sub-0156_P2,91,91
sub-0156_P2,92,92
sub-0156_P2,93,93
sub-0156_P2,94,94
sub-0156_P2,95,95
sub-0156_P2,96,193
sub-0156_P2,97,97
sub-0156_P2,98,98
sub-0156_P2,99,99
sub-0156_P2,100,100
sub-0156_P2,101,101
sub-0156_P2,102,102
sub-0156_P2,103,103
sub-0156_P2,104,104
sub-0156_P2,105,105
sub-0156_P2,106,106
sub-0156_P2,107,107
sub-0156_P2,108,108
sub-0156_P2,109,109
sub-0156_P2,110,110
sub-0156_P2,111,111
sub-0156_P2,112,112
sub-0156_P2,113,113
sub-0156_P2,114,114
sub-0156_P2,115,115
sub-0156_P2,116,202
sub-0156_P2,117,117
sub-0156_P2,118,118
sub-0156_P2,119,119
sub-0156_P2,120,120
sub-0156_P2,121,121
sub-0156_P2,122,122
sub-0156_P2,123,123
sub-0156_P2,124,124
sub-0156_P2,125,125
sub-0156_P2,126,126
sub-0156_P2,127,127
sub-0156_P2,128,128
sub-0156_P2,129,129
sub-0156_P2,130,130
sub-0156_P2,131,99
sub-0156_P2,132,132
sub-0156_P2,133,133
sub-0156_P2,134,134
sub-0156_P2,135,135
sub-0156_P2,136,136
sub-0156_P2,137,137
sub-0156_P2,138,138
sub-0156_P2,139,139
sub-0156_P2,140,140
sub-0156_P2,141,141
sub-0156_P2,142,142
sub-0156_P2,143,143
sub-0156_P2,144,144
sub-0156_P2,145,145
sub-0156_P2,146,146
sub-0156_P2,147,147
sub-0156_P2,148,148
sub-0156_P2,149,149
sub-0156_P2,150,150
sub-0156_P2,151,151
sub-0156_P2,152,152
sub-0156_P2,153,153
sub-0156_P2,154,127
sub-0156_P2,155,155
sub-0156_P2,156,156
sub-0156_P2,157,157
sub-0156_P2,158,158
sub-0156_P2,159,159
sub-0156_P2,160,160
sub-0156_P2,161,161
sub-0156_P2,162,162
sub-0156_P2,163,163
sub-0156_P2,164,164
sub-0156_P2,165,165
sub-0156_P2,166,166
sub-0156_P2,167,167
sub-0156_P2,168,168
sub-0156_P2,169,169
sub-0156_P2,170,170
sub-0156_P2,171,156
sub-0156_P2,172,172
sub-0156_P2,173,173
sub-0156_P2,174,174
sub-0156_P2,175,175
sub-0156_P2,176,176
sub-0156_P2,177,177
sub-0156_P2,178,178
sub-0156_P2,179,179
sub-0156_P2,180,180
sub-0156_P2,181,181
sub-0156_P2,182,182
sub-0156_P2,183,183
sub-0156_P2,184,177
sub-0156_P2,185,185
sub-0156_P2,186,186
sub-0156_P2,187,211
sub-0156_P2,188,188
sub-0156_P2,189,189
sub-0156_P2,190,190
sub-0156_P2,191,191
sub-0156_P2,192,192
sub-0156_P2,193,193
sub-0156_P2,194,194
sub-0156_P2,195,195
sub-0156_P2,196,196
sub-0156_P2,197,197
sub-0156_P2,198,198
sub-0156_P2,199,199
sub-0156_P2,200,200
sub-0156_P2,201,201
sub-0156_P2,202,202
sub-0156_P2,203,203
sub-0156_P2,204,204
sub-0156_P2,205,204
sub-0156_P2,206,168
sub-0156_P2,207,207
sub-0156_P2,208,208
sub-0156_P2,209,209
sub-0156_P2,210,210
sub-0156_P2,211,211
sub-0156_P2,212,212
sub-0156_P2,213,213
sub-0156_P2,214,214
sub-0156_P2,215,215
sub-0156_P2,216,216
sub-0156_P2,217,203
sub-0156_P2,218,218
sub-0156_P2,219,219
sub-0156_P2,220,220
sub-0156_P2,221,221
sub-0156_P2,222,222
sub-0156_P2,223,223
sub-0156_P2,224,224
sub-0156_P2,225,225
sub-0156_P2,226,226
sub-0156_P2,227,211
sub-0156_P2,228,228
sub-0156_P2,229,229
sub-0156_P2,230,230
sub-0156_P2,231,231
sub-0157_P2,0,0
sub-0157_P2,1,1
sub-0157_P2,2,2
sub-0157_P2,3,3
sub-0157_P2,4,4
sub-0157_P2,5,5
sub-0157_P2,6,6
sub-0157_P2,7,7
sub-0157_P2,8,8
sub-0157_P2,9,9
sub-0157_P2,10,10
sub-0157_P2,11,11
sub-0157_P2,12,12
sub-0157_P2,13,13
sub-0157_P2,14,14
sub-0157_P2,15,19
sub-0157_P2,16,16
sub-0157_P2,17,17
sub-0157_P2,18,18
sub-0157_P2,19,19
sub-0157_P2,20,20
sub-0157_P2,21,21
sub-0157_P2,22,16
sub-0157_P2,23,23
sub-0157_P2,24,24
sub-0157_P2,25,25
sub-0157_P2,26,26
sub-0157_P2,27,33
sub-0157_P2,28,28
sub-0157_P2,29,29
sub-0157_P2,30,30
sub-0157_P2,31,31
sub-0157_P2,32,32
sub-0157_P2,33,33
sub-0157_P2,34,34
sub-0157_P2,35,30
sub-0157_P2,36,36
sub-0157_P2,37,37
sub-0157_P2,38,38
sub-0157_P2,39,39
sub-0157_P2,40,40
sub-0157_P2,41,41
sub-0157_P2,42,42
sub-0157_P2,43,43
sub-0157_P2,44,44
sub-0157_P2,45,45
sub-0157_P2,46,46
sub-0157_P2,47,47
sub-0157_P2,48,48
sub-0157_P2,49,49
sub-0157_P2,50,50
sub-0157_P2,51,51
sub-0157_P2,52,52
sub-0157_P2,53,53
sub-0157_P2,54,54
sub-0157_P2,55,55
sub-0157_P2,56,227
sub-0157_P2,57,57
sub-0157_P2,58,58
sub-0157_P2,59,59
sub-0157_P2,60,60
sub-0157_P2,61,50
sub-0157_P2,62,62
sub-0157_P2,63,63
sub-0157_P2,64,64
sub-0157_P2,65,65
sub-0157_P2,66,66
sub-0157_P2,67,67
sub-0157_P2,68,68
sub-0157_P2,69,69
sub-0157_P2,70,70
sub-0157_P2,71,71
sub-0157_P2,72,72
sub-0157_P2,73,73
sub-0157_P2,74,74
sub-0157_P2,75,75
sub-0157_P2,76,76
sub-0157_P2,77,77
sub-0157_P2,78,78
sub-0157_P2,79,79
sub-0157_P2,80,80
sub-0157_P2,81,81
sub-0157_P2,82,217
sub-0157_P2,83,83
sub-0157_P2,84,201
sub-0157_P2,85,85
sub-0157_P2,86,86
sub-0157_P2,87,87
sub-0157_P2,88,88
sub-0157_P2,89,89
sub-0157_P2,90,89
sub-0157_P2,91,91
sub-0157_P2,92,92
sub-0157_P2,93,93
sub-0157_P2,94,94
sub-0157_P2,95,95
sub-0157_P2,96,96
sub-0157_P2,97,97
sub-0157_P2,98,98
sub-0157_P2,99,99
sub-0157_P2,100,100
sub-0157_P2,101,101
sub-0157_P2,102,102
sub-0157_P2,103,103
sub-0157_P2,104,104
sub-0157_P2,105,105
sub-0157_P2,106,106
sub-0157_P2,107,107
sub-0157_P2,108,108
sub-0157_P2,109,109
sub-0157_P2,110,110
sub-0157_P2,111,111
sub-0157_P2,112,112
sub-0157_P2,113,113
sub-0157_P2,114,114
sub-0157_P2,115,115
sub-0157_P2,116,116
sub-0157_P2,117,117
sub-0157_P2,118,118
sub-0157_P2,119,119
sub-0157_P2,120,120
sub-0157_P2,121,121
sub-0157_P2,122,122
sub-0157_P2,123,123
sub-0157_P2,124,124
sub-0157_P2,125,125
sub-0157_P2,126,126
sub-0157_P2,127,127
sub-0157_P2,128,128
sub-0157_P2,129,129
sub-0157_P2,130,130
sub-0157_P2,131,131
sub-0157_P2,132,132
sub-0157_P2,133,133
sub-0157_P2,134,134
sub-0157_P2,135,135
sub-0157_P2,136,136
sub-0157_P2,137,137
sub-0157_P2,138,138
sub-0157_P2,139,139
sub-0157_P2,140,140
sub-0157_P2,141,141
sub-0157_P2,142,142
sub-0157_P2,143,143
sub-0157_P2,144,144
sub-0157_P2,145,145
sub-0157_P2,146,146
sub-0157_P2,147,147
sub-0157_P2,148,148
sub-0157_P2,149,149
sub-0157_P2,150,150
sub-0157_P2,151,168
sub-0157_P2,152,49
sub-0157_P2,153,153
sub-0157_P2,154,154
sub-0157_P2,155,155
sub-0157_P2,156,156
sub-0157_P2,157,157
sub-0157_P2,158,158
sub-0157_P2,159,159
sub-0157_P2,160,160
sub-0157_P2,161,161
sub-0157_P2,162,162
sub-0157_P2,163,163
sub-0157_P2,164,164
sub-0157_P2,165,165
sub-0157_P2,166,166
sub-0157_P2,167,167
sub-0157_P2,168,168
sub-0157_P2,169,169
sub-0157_P2,170,170
sub-0157_P2,171,171
sub-0157_P2,172,172
sub-0157_P2,173,173
sub-0157_P2,174,174
sub-0157_P2,175,175
sub-0157_P2,176,176
sub-0157_P2,177,177
sub-0157_P2,178,178
sub-0157_P2,179,179
sub-0157_P2,180,180
sub-0157_P2,181,181
sub-0157_P2,182,182
sub-0157_P2,183,183
sub-0157_P2,184,184
sub-0157_P2,185,185
sub-0157_P2,186,186
sub-0157_P2,187,187
sub-0157_P2,188,188
sub-0157_P2,189,191
sub-0157_P2,190,190
sub-0157_P2,191,191
sub-0157_P2,192,192
sub-0157_P2,193,193
sub-0157_P2,194,194
sub-0157_P2,195,195
sub-0157_P2,196,196
sub-0157_P2,197,197
sub-0157_P2,198,198
sub-0157_P2,199,199
sub-0157_P2,200,200
sub-0157_P2,201,217
sub-0157_P2,202,202
sub-0157_P2,203,203
sub-0157_P2,204,204
sub-0157_P2,205,205
sub-0157_P2,206,206
sub-0157_P2,207,207
sub-0157_P2,208,208
sub-0157_P2,209,225
sub-0157_P2,210,210
sub-0157_P2,211,211
sub-0157_P2,212,212
sub-0157_P2,213,213
sub-0157_P2,214,214
sub-0157_P2,215,215
sub-0157_P2,216,216
sub-0157_P2,217,201
sub-0157_P2,218,218
sub-0157_P2,219,219
sub-0157_P2,220,220
sub-0157_P2,221,221
sub-0157_P2,222,222
sub-0157_P2,223,223
sub-0157_P2,224,224
sub-0157_P2,225,225
sub-0157_P2,226,226
sub-0157_P2,227,221
sub-0157_P2,228,228
sub-0157_P2,229,229
sub-0157_P2,230,230
sub-0157_P2,231,214
sub-0158_P2,0,0
sub-0158_P2,1,1
sub-0158_P2,2,2
sub-0158_P2,3,3
sub-0158_P2,4,4
sub-0158_P2,5,5
sub-0158_P2,6,6
sub-0158_P2,7,7
sub-0158_P2,8,8
sub-0158_P2,9,9
sub-0158_P2,10,10
sub-0158_P2,11,11
sub-0158_P2,12,12
sub-0158_P2,13,13
sub-0158_P2,14,14
sub-0158_P2,15,15
sub-0158_P2,16,16
sub-0158_P2,17,17
sub-0158_P2,18,18
sub-0158_P2,19,19
sub-0158_P2,20,20
sub-0158_P2,21,21
sub-0158_P2,22,22
sub-0158_P2,23,23
sub-0158_P2,24,24
sub-0158_P2,25,25
sub-0158_P2,26,26
sub-0158_P2,27,27
sub-0158_P2,28,28
sub-0158_P2,29,29
sub-0158_P2,30,30
sub-0158_P2,31,31
sub-0158_P2,32,32
sub-0158_P2,33,33
sub-0158_P2,34,34
sub-0158_P2,35,35
sub-0158_P2,36,36
sub-0158_P2,37,37
sub-0158_P2,38,38
sub-0158_P2,39,39
sub-0158_P2,40,40
sub-0158_P2,41,41
sub-0158_P2,42,42
sub-0158_P2,43,43
sub-0158_P2,44,44
sub-0158_P2,45,45
sub-0158_P2,46,46
sub-0158_P2,47,47
sub-0158_P2,48,48
sub-0158_P2,49,49
sub-0158_P2,50,50
sub-0158_P2,51,50
sub-0158_P2,52,52
sub-0158_P2,53,65
sub-0158_P2,54,202
sub-0158_P2,55,55
sub-0158_P2,56,56
sub-0158_P2,57,57
sub-0158_P2,58,58
sub-0158_P2,59,59
sub-0158_P2,60,60
sub-0158_P2,61,61
sub-0158_P2,62,62
sub-0158_P2,63,63
sub-0158_P2,64,64
sub-0158_P2,65,65
sub-0158_P2,66,66
sub-0158_P2,67,67
sub-0158_P2,68,68
sub-0158_P2,69,69
sub-0158_P2,70,70
sub-0158_P2,71,71
sub-0158_P2,72,72
sub-0158_P2,73,73
sub-0158_P2,74,74
sub-0158_P2,75,68
sub-0158_P2,76,76
sub-0158_P2,77,77
sub-0158_P2,78,78
sub-0158_P2,79,79
sub-0158_P2,80,80
sub-0158_P2,81,81
sub-0158_P2,82,82
sub-0158_P2,83,161
sub-0158_P2,84,84
sub-0158_P2,85,85
sub-0158_P2,86,86
sub-0158_P2,87,87
sub-0158_P2,88,88
sub-0158_P2,89,89
sub-0158_P2,90,90
sub-0158_P2,91,91
sub-0158_P2,92,92
sub-0158_P2,93,93
sub-0158_P2,94,94
sub-0158_P2,95,95
sub-0158_P2,96,96
sub-0158_P2,97,97
sub-0158_P2,98,24
sub-0158_P2,99,99
sub-0158_P2,100,100
sub-0158_P2,101,101
sub-0158_P2,102,102
sub-0158_P2,103,103
sub-0158_P2,104,104
sub-0158_P2,105,105
sub-0158_P2,106,106
sub-0158_P2,107,107
sub-0158_P2,108,108
sub-0158_P2,109,109
sub-0158_P2,110,110
sub-0158_P2,111,111
sub-0158_P2,112,112
sub-0158_P2,113,113
sub-0158_P2,114,114
sub-0158_P2,115,115
sub-0158_P2,116,116
sub-0158_P2,117,117
sub-0158_P2,118,118
sub-0158_P2,119,119
sub-0158_P2,120,120
sub-0158_P2,121,121
sub-0158_P2,122,122
sub-0158_P2,123,123
sub-0158_P2,124,124
sub-0158_P2,125,125
sub-0158_P2,126,126
sub-0158_P2,127,40
sub-0158_P2,128,128
sub-0158_P2,129,129
sub-0158_P2,130,176
sub-0158_P2,131,131
sub-0158_P2,132,132
sub-0158_P2,133,133
sub-0158_P2,134,134
sub-0158_P2,135,135
sub-0158_P2,136,136
sub-0158_P2,137,137
sub-0158_P2,138,138
sub-0158_P2,139,139
sub-0158_P2,140,140
sub-0158_P2,141,141
sub-0158_P2,142,142
sub-0158_P2,143,143
sub-0158_P2,144,144
sub-0158_P2,145,145
sub-0158_P2,146,146
sub-0158_P2,147,147
sub-0158_P2,148,148
sub-0158_P2,149,149
sub-0158_P2,150,150
sub-0158_P2,151,151
sub-0158_P2,152,152
sub-0158_P2,153,91
sub-0158_P2,154,154
sub-0158_P2,155,155
sub-0158_P2,156,156
sub-0158_P2,157,157
sub-0158_P2,158,186
sub-0158_P2,159,159
sub-0158_P2,160,50
sub-0158_P2,161,161
sub-0158_P2,162,162
sub-0158_P2,163,163
sub-0158_P2,164,164
sub-0158_P2,165,165
sub-0158_P2,166,166
sub-0158_P2,167,167
sub-0158_P2,168,175
sub-0158_P2,169,169
sub-0158_P2,170,170
sub-0158_P2,171,171
sub-0158_P2,172,172
sub-0158_P2,173,173
sub-0158_P2,174,174
sub-0158_P2,175,175
sub-0158_P2,176,176
sub-0158_P2,177,177
sub-0158_P2,178,178
sub-0158_P2,179,179
sub-0158_P2,180,180
sub-0158_P2,181,181
sub-0158_P2,182,182
sub-0158_P2,183,183
sub-0158_P2,184,184
sub-0158_P2,185,185
sub-0158_P2,186,186
sub-0158_P2,187,187
sub-0158_P2,188,188
sub-0158_P2,189,189
sub-0158_P2,190,190
sub-0158_P2,191,191
sub-0158_P2,192,192
sub-0158_P2,193,193
sub-0158_P2,194,194
sub-0158_P2,195,195
sub-0158_P2,196,196
sub-0158_P2,197,197
sub-0158_P2,198,198
sub-0158_P2,199,199
sub-0158_P2,200,200
sub-0158_P2,201,201
sub-0158_P2,202,202
sub-0158_P2,203,203
sub-0158_P2,204,204
sub-0158_P2,205,205
sub-0158_P2,206,206
sub-0158_P2,207,207
sub-0158_P2,208,208
sub-0158_P2,209,209
sub-0158_P2,210,210
sub-0158_P2,211,211
sub-0158_P2,212,212
sub-0158_P2,213,213
sub-0158_P2,214,214
sub-0158_P2,215,207
sub-0158_P2,216,216
sub-0158_P2,217,217
sub-0158_P2,218,218
sub-0158_P2,219,219
sub-0158_P2,220,52
sub-0158_P2,221,221
sub-0158_P2,222,222
sub-0158_P2,223,223
sub-0158_P2,224,224
sub-0158_P2,225,225
sub-0158_P2,226,211
sub-0158_P2,227,210
sub-0158_P2,228,228
sub-0158_P2,229,229
sub-0158_P2,230,230
sub-0158_P2,231,231
sub-0159_P2,0,0
sub-0159_P2,1,1
sub-0159_P2,2,2
sub-0159_P2,3,3
sub-0159_P2,4,4
sub-0159_P2,5,5
sub-0159_P2,6,6
sub-0159_P2,7,7
sub-0159_P2,8,8
sub-0159_P2,9,9
sub-0159_P2,10,10
sub-0159_P2,11,11
sub-0159_P2,12,12
sub-0159_P2,13,13
sub-0159_P2,14,14
sub-0159_P2,15,15
sub-0159_P2,16,16
sub-0159_P2,17,17
sub-0159_P2,18,18
sub-0159_P2,19,19
sub-0159_P2,20,20
sub-0159_P2,21,21
sub-0159_P2,22,22
sub-0159_P2,23,23
sub-0159_P2,24,24
sub-0159_P2,25,25
sub-0159_P2,26,26
sub-0159_P2,27,27
sub-0159_P2,28,28
sub-0159_P2,29,29
sub-0159_P2,30,30
sub-0159_P2,31,31
sub-0159_P2,32,32
sub-0159_P2,33,33
sub-0159_P2,34,34
sub-0159_P2,35,35
sub-0159_P2,36,36
sub-0159_P2,37,37
sub-0159_P2,38,38
sub-0159_P2,39,39
sub-0159_P2,40,143
sub-0159_P2,41,41
sub-0159_P2,42,42
sub-0159_P2,43,43
sub-0159_P2,44,44
sub-0159_P2,45,45
sub-0159_P2,46,46
sub-0159_P2,47,47
sub-0159_P2,48,48
sub-0159_P2,49,187
sub-0159_P2,50,50
sub-0159_P2,51,51
sub-0159_P2,52,52
sub-0159_P2,53,53
sub-0159_P2,54,202
sub-0159_P2,55,55
sub-0159_P2,56,56
sub-0159_P2,57,57
sub-0159_P2,58,58
sub-0159_P2,59,59
sub-0159_P2,60,60
sub-0159_P2,61,61
sub-0159_P2,62,62
sub-0159_P2,63,63
sub-0159_P2,64,64
sub-0159_P2,65,65
sub-0159_P2,66,66
sub-0159_P2,67,67
sub-0159_P2,68,68
sub-0159_P2,69,69
sub-0159_P2,70,70
sub-0159_P2,71,71
sub-0159_P2,72,72
sub-0159_P2,73,73
sub-0159_P2,74,74
sub-0159_P2,75,75
sub-0159_P2,76,76
sub-0159_P2,77,77
sub-0159_P2,78,78
sub-0159_P2,79,79
sub-0159_P2,80,187
sub-0159_P2,81,81
sub-0159_P2,82,82
sub-0159_P2,83,83
sub-0159_P2,84,30
sub-0159_P2,85,85
sub-0159_P2,86,86
sub-0159_P2,87,87
sub-0159_P2,88,88
sub-0159_P2,89,89
sub-0159_P2,90,90
sub-0159_P2,91,91
sub-0159_P2,92,211
sub-0159_P2,93,93
sub-0159_P2,94,94
sub-0159_P2,95,95
sub-0159_P2,96,96
sub-0159_P2,97,97
sub-0159_P2,98,98
sub-0159_P2,99,99
sub-0159_P2,100,100
sub-0159_P2,101,101
sub-0159_P2,102,102
sub-0159_P2,103,103
sub-0159_P2,104,104
sub-0159_P2,105,105
sub-0159_P2,106,106
sub-0159_P2,107,107
sub-0159_P2,108,108
sub-0159_P2,109,109
sub-0159_P2,110,110
sub-0159_P2,111,111
sub-0159_P2,112,112
sub-0159_P2,113,113
sub-0159_P2,114,114
sub-0159_P2,115,115
sub-0159_P2,116,116
sub-0159_P2,117,117
sub-0159_P2,118,118
sub-0159_P2,119,119
sub-0159_P2,120,120
sub-0159_P2,121,121
sub-0159_P2,122,122
sub-0159_P2,123,197
sub-0159_P2,124,124
sub-0159_P2,125,125
sub-0159_P2,126,126
sub-0159_P2,127,127
sub-0159_P2,128,128
sub-0159_P2,129,129
sub-0159_P2,130,130
sub-0159_P2,131,131
sub-0159_P2,132,132
sub-0159_P2,133,133
sub-0159_P2,134,134
sub-0159_P2,135,135
sub-0159_P2,136,136
sub-0159_P2,137,137
sub-0159_P2,138,138
sub-0159_P2,139,139
sub-0159_P2,140,140
sub-0159_P2,141,141
sub-0159_P2,142,142
sub-0159_P2,143,143
sub-0159_P2,144,144
sub-0159_P2,145,145
sub-0159_P2,146,146
sub-0159_P2,147,147
sub-0159_P2,148,143
sub-0159_P2,149,149
sub-0159_P2,150,150
sub-0159_P2,151,151
sub-0159_P2,152,152
sub-0159_P2,153,153
sub-0159_P2,154,154
sub-0159_P2,155,155
sub-0159_P2,156,156
sub-0159_P2,157,157
sub-0159_P2,158,158
sub-0159_P2,159,174
sub-0159_P2,160,160
sub-0159_P2,161,161
sub-0159_P2,162,162
sub-0159_P2,163,131
sub-0159_P2,164,164
sub-0159_P2,165,165
sub-0159_P2,166,166
sub-0159_P2,167,167
sub-0159_P2,168,168
sub-0159_P2,169,169
sub-0159_P2,170,170
sub-0159_P2,171,171
sub-0159_P2,172,172
sub-0159_P2,173,173
sub-0159_P2,174,174
sub-0159_P2,175,175
sub-0159_P2,176,176
sub-0159_P2,177,177
sub-0159_P2,178,178
sub-0159_P2,179,179
sub-0159_P2,180,180
sub-0159_P2,181,181
sub-0159_P2,182,182
sub-0159_P2,183,183
sub-0159_P2,184,184
sub-0159_P2,185,185
sub-0159_P2,186,186
sub-0159_P2,187,187
sub-0159_P2,188,188
sub-0159_P2,189,189
sub-0159_P2,190,190
sub-0159_P2,191,191
sub-0159_P2,192,192
sub-0159_P2,193,193
sub-0159_P2,194,194
sub-0159_P2,195,195
sub-0159_P2,196,196
sub-0159_P2,197,197
sub-0159_P2,198,198
sub-0159_P2,199,199
sub-0159_P2,200,200
sub-0159_P2,201,217
sub-0159_P2,202,202
sub-0159_P2,203,203
sub-0159_P2,204,203
sub-0159_P2,205,205
sub-0159_P2,206,206
sub-0159_P2,207,207
sub-0159_P2,208,210
sub-0159_P2,209,209
sub-0159_P2,210,205
sub-0159_P2,211,227
sub-0159_P2,212,212
sub-0159_P2,213,213
sub-0159_P2,214,214
sub-0159_P2,215,215
sub-0159_P2,216,216
sub-0159_P2,217,217
sub-0159_P2,218,218
sub-0159_P2,219,219
sub-0159_P2,220,220
sub-0159_P2,221,221
sub-0159_P2,222,222
sub-0159_P2,223,223
sub-0159_P2,224,224
sub-0159_P2,225,225
sub-0159_P2,226,226
sub-0159_P2,227,227
sub-0159_P2,228,228
sub-0159_P2,229,229
sub-0159_P2,230,230
sub-0159_P2,231,231
sub-0160_P2,0,0
sub-0160_P2,1,1
sub-0160_P2,2,2
sub-0160_P2,3,3
sub-0160_P2,4,4
sub-0160_P2,5,5
sub-0160_P2,6,6
sub-0160_P2,7,7
sub-0160_P2,8,8
sub-0160_P2,9,9
sub-0160_P2,10,10
sub-0160_P2,11,11
sub-0160_P2,12,12
sub-0160_P2,13,13
sub-0160_P2,14,14
sub-0160_P2,15,15
sub-0160_P2,16,116
sub-0160_P2,17,17
sub-0160_P2,18,18
sub-0160_P2,19,19
sub-0160_P2,20,205
sub-0160_P2,21,21
sub-0160_P2,22,22
sub-0160_P2,23,23
sub-0160_P2,24,24
sub-0160_P2,25,25
sub-0160_P2,26,26
sub-0160_P2,27,27
sub-0160_P2,28,28
sub-0160_P2,29,29
sub-0160_P2,30,30
sub-0160_P2,31,31
sub-0160_P2,32,135
sub-0160_P2,33,33
sub-0160_P2,34,34
sub-0160_P2,35,35
sub-0160_P2,36,36
sub-0160_P2,37,37
sub-0160_P2,38,38
sub-0160_P2,39,39
sub-0160_P2,40,143
sub-0160_P2,41,41
sub-0160_P2,42,147
sub-0160_P2,43,43
sub-0160_P2,44,44
sub-0160_P2,45,45
sub-0160_P2,46,46
sub-0160_P2,47,47
sub-0160_P2,48,201
sub-0160_P2,49,49
sub-0160_P2,50,50
sub-0160_P2,51,51
sub-0160_P2,52,52
sub-0160_P2,53,53
sub-0160_P2,54,52
sub-0160_P2,55,55
sub-0160_P2,56,56
sub-0160_P2,57,57
sub-0160_P2,58,58
sub-0160_P2,59,59
sub-0160_P2,60,60
sub-0160_P2,61,152
sub-0160_P2,62,62
sub-0160_P2,63,63
sub-0160_P2,64,64
sub-0160_P2,65,65
sub-0160_P2,66,66
sub-0160_P2,67,67
sub-0160_P2,68,68
sub-0160_P2,69,69
sub-0160_P2,70,70
sub-0160_P2,71,71
sub-0160_P2,72,72
sub-0160_P2,73,73
sub-0160_P2,74,74
sub-0160_P2,75,75
sub-0160_P2,76,76
sub-0160_P2,77,77
sub-0160_P2,78,78
sub-0160_P2,79,79
sub-0160_P2,80,80
sub-0160_P2,81,81
sub-0160_P2,82,82
sub-0160_P2,83,83
sub-0160_P2,84,84
sub-0160_P2,85,85
sub-0160_P2,86,86
sub-0160_P2,87,87
sub-0160_P2,88,88
sub-0160_P2,89,89
sub-0160_P2,90,90
sub-0160_P2,91,91
sub-0160_P2,92,92
sub-0160_P2,93,70
sub-0160_P2,94,94
sub-0160_P2,95,95
sub-0160_P2,96,96
sub-0160_P2,97,97
sub-0160_P2,98,98
sub-0160_P2,99,99
sub-0160_P2,100,100
sub-0160_P2,101,101
sub-0160_P2,102,102
sub-0160_P2,103,103
sub-0160_P2,104,104
sub-0160_P2,105,105
sub-0160_P2,106,106
sub-0160_P2,107,107
sub-0160_P2,108,108
sub-0160_P2,109,109
sub-0160_P2,110,110
sub-0160_P2,111,111
sub-0160_P2,112,112
sub-0160_P2,113,113
sub-0160_P2,114,114
sub-0160_P2,115,115
sub-0160_P2,116,116
sub-0160_P2,117,117
sub-0160_P2,118,118
sub-0160_P2,119,119
sub-0160_P2,120,211
sub-0160_P2,121,121
sub-0160_P2,122,36
sub-0160_P2,123,123
sub-0160_P2,124,124
sub-0160_P2,125,125
sub-0160_P2,126,126
sub-0160_P2,127,127
sub-0160_P2,128,128
sub-0160_P2,129,129
sub-0160_P2,130,130
sub-0160_P2,131,131
sub-0160_P2,132,132
sub-0160_P2,133,133
sub-0160_P2,134,134
sub-0160_P2,135,135
sub-0160_P2,136,136
sub-0160_P2,137,137
sub-0160_P2,138,138
sub-0160_P2,139,111
sub-0160_P2,140,140
sub-0160_P2,141,141
sub-0160_P2,142,142
sub-0160_P2,143,143
sub-0160_P2,144,144
sub-0160_P2,145,145
sub-0160_P2,146,146
sub-0160_P2,147,147
sub-0160_P2,148,148
sub-0160_P2,149,149
sub-0160_P2,150,150
sub-0160_P2,151,151
sub-0160_P2,152,152
sub-0160_P2,153,153
sub-0160_P2,154,49
sub-0160_P2,155,155
sub-0160_P2,156,156
sub-0160_P2,157,157
sub-0160_P2,158,157
sub-0160_P2,159,74
sub-0160_P2,160,160
sub-0160_P2,161,161
sub-0160_P2,162,162
sub-0160_P2,163,163
sub-0160_P2,164,164
sub-0160_P2,165,165
sub-0160_P2,166,166
sub-0160_P2,167,167
sub-0160_P2,168,168
sub-0160_P2,169,169
sub-0160_P2,170,52
sub-0160_P2,171,171
sub-0160_P2,172,172
sub-0160_P2,173,173
sub-0160_P2,174,174
sub-0160_P2,175,175
sub-0160_P2,176,176
sub-0160_P2,177,177
sub-0160_P2,178,178
sub-0160_P2,179,179
sub-0160_P2,180,180
sub-0160_P2,181,181
sub-0160_P2,182,182
sub-0160_P2,183,183
sub-0160_P2,184,184
sub-0160_P2,185,185
sub-0160_P2,186,87
sub-0160_P2,187,187
sub-0160_P2,188,188
sub-0160_P2,189,189
sub-0160_P2,190,190
sub-0160_P2,191,191
sub-0160_P2,192,192
sub-0160_P2,193,193
sub-0160_P2,194,194
sub-0160_P2,195,195
sub-0160_P2,196,196
sub-0160_P2,197,197
sub-0160_P2,198,198
sub-0160_P2,199,199
sub-0160_P2,200,200
sub-0160_P2,201,201
sub-0160_P2,202,202
sub-0160_P2,203,203
sub-0160_P2,204,204
sub-0160_P2,205,205
sub-0160_P2,206,223
sub-0160_P2,207,207
sub-0160_P2,208,208
sub-0160_P2,209,209
sub-0160_P2,210,211
sub-0160_P2,211,211
sub-0160_P2,212,212
sub-0160_P2,213,213
sub-0160_P2,214,214
sub-0160_P2,215,215
sub-0160_P2,216,217
sub-0160_P2,217,203
sub-0160_P2,218,203
sub-0160_P2,219,219
sub-0160_P2,220,201
sub-0160_P2,221,221
sub-0160_P2,222,222
sub-0160_P2,223,223
sub-0160_P2,224,224
sub-0160_P2,225,225
sub-0160_P2,226,226
sub-0160_P2,227,227
sub-0160_P2,228,228
sub-0160_P2,229,229
sub-0160_P2,230,230
sub-0160_P2,231,231
sub-0161_P2,0,0
sub-0161_P2,1,1
sub-0161_P2,2,2
sub-0161_P2,3,3
sub-0161_P2,4,4
sub-0161_P2,5,5
sub-0161_P2,6,6
sub-0161_P2,7,7
sub-0161_P2,8,8
sub-0161_P2,9,9
sub-0161_P2,10,10
sub-0161_P2,11,11
sub-0161_P2,12,12
sub-0161_P2,13,13
sub-0161_P2,14,14
sub-0161_P2,15,15
sub-0161_P2,16,16
sub-0161_P2,17,17
sub-0161_P2,18,18
sub-0161_P2,19,19
sub-0161_P2,20,20
sub-0161_P2,21,21
sub-0161_P2,22,22
sub-0161_P2,23,23
sub-0161_P2,24,24
sub-0161_P2,25,25
sub-0161_P2,26,26
sub-0161_P2,27,27
sub-0161_P2,28,28
sub-0161_P2,29,29
sub-0161_P2,30,30
sub-0161_P2,31,31
sub-0161_P2,32,32
sub-0161_P2,33,33
sub-0161_P2,34,34
sub-0161_P2,35,35
sub-0161_P2,36,36
sub-0161_P2,37,37
sub-0161_P2,38,38
sub-0161_P2,39,39
sub-0161_P2,40,40
sub-0161_P2,41,41
sub-0161_P2,42,42
sub-0161_P2,43,43
sub-0161_P2,44,44
sub-0161_P2,45,45
sub-0161_P2,46,46
sub-0161_P2,47,91
sub-0161_P2,48,48
sub-0161_P2,49,49
sub-0161_P2,50,50
sub-0161_P2,51,51
sub-0161_P2,52,52
sub-0161_P2,53,53
sub-0161_P2,54,54
sub-0161_P2,55,55
sub-0161_P2,56,56
sub-0161_P2,57,57
sub-0161_P2,58,58
sub-0161_P2,59,59
sub-0161_P2,60,60
sub-0161_P2,61,61
sub-0161_P2,62,62
sub-0161_P2,63,63
sub-0161_P2,64,64
sub-0161_P2,65,65
sub-0161_P2,66,66
sub-0161_P2,67,67
sub-0161_P2,68,68
sub-0161_P2,69,69
sub-0161_P2,70,70
sub-0161_P2,71,71
sub-0161_P2,72,72
sub-0161_P2,73,73
sub-0161_P2,74,74
sub-0161_P2,75,75
sub-0161_P2,76,76
sub-0161_P2,77,77
sub-0161_P2,78,78
sub-0161_P2,79,79
sub-0161_P2,80,80
sub-0161_P2,81,81
sub-0161_P2,82,82
sub-0161_P2,83,83
sub-0161_P2,84,84
sub-0161_P2,85,85
sub-0161_P2,86,86
sub-0161_P2,87,87
sub-0161_P2,88,88
sub-0161_P2,89,89
sub-0161_P2,90,90
sub-0161_P2,91,91
sub-0161_P2,92,92
sub-0161_P2,93,93
sub-0161_P2,94,94
sub-0161_P2,95,95
sub-0161_P2,96,96
sub-0161_P2,97,97
sub-0161_P2,98,98
sub-0161_P2,99,99
sub-0161_P2,100,100
sub-0161_P2,101,101
sub-0161_P2,102,102
sub-0161_P2,103,103
sub-0161_P2,104,104
sub-0161_P2,105,105
sub-0161_P2,106,106
sub-0161_P2,107,107
sub-0161_P2,108,108
sub-0161_P2,109,109
sub-0161_P2,110,110
sub-0161_P2,111,111
sub-0161_P2,112,112
sub-0161_P2,113,113
sub-0161_P2,114,114
sub-0161_P2,115,115
sub-0161_P2,116,116
sub-0161_P2,117,117
sub-0161_P2,118,118
sub-0161_P2,119,119
sub-0161_P2,120,120
sub-0161_P2,121,121
sub-0161_P2,122,122
sub-0161_P2,123,123
sub-0161_P2,124,124
sub-0161_P2,125,125
sub-0161_P2,126,126
sub-0161_P2,127,127
sub-0161_P2,128,128
sub-0161_P2,129,129
sub-0161_P2,130,130
sub-0161_P2,131,131
sub-0161_P2,132,132
sub-0161_P2,133,133
sub-0161_P2,134,134
sub-0161_P2,135,135
sub-0161_P2,136,136
sub-0161_P2,137,137
sub-0161_P2,138,138
sub-0161_P2,139,139
sub-0161_P2,140,140
sub-0161_P2,141,141
sub-0161_P2,142,142
sub-0161_P2,143,143
sub-0161_P2,144,144
sub-0161_P2,145,145
sub-0161_P2,146,146
sub-0161_P2,147,147
sub-0161_P2,148,148
sub-0161_P2,149,149
sub-0161_P2,150,150
sub-0161_P2,151,151
sub-0161_P2,152,152
sub-0161_P2,153,153
sub-0161_P2,154,154
sub-0161_P2,155,155
sub-0161_P2,156,156
sub-0161_P2,157,157
sub-0161_P2,158,158
sub-0161_P2,159,159
sub-0161_P2,160,160
sub-0161_P2,161,161
sub-0161_P2,162,162
sub-0161_P2,163,163
sub-0161_P2,164,164
sub-0161_P2,165,165
sub-0161_P2,166,166
sub-0161_P2,167,167
sub-0161_P2,168,168
sub-0161_P2,169,169
sub-0161_P2,170,170
sub-0161_P2,171,171
sub-0161_P2,172,172
sub-0161_P2,173,173
sub-0161_P2,174,174
sub-0161_P2,175,175
sub-0161_P2,176,176
sub-0161_P2,177,177
sub-0161_P2,178,178
sub-0161_P2,179,179
sub-0161_P2,180,180
sub-0161_P2,181,181
sub-0161_P2,182,182
sub-0161_P2,183,183
sub-0161_P2,184,184
sub-0161_P2,185,185
sub-0161_P2,186,186
sub-0161_P2,187,187
sub-0161_P2,188,188
sub-0161_P2,189,189
sub-0161_P2,190,190
sub-0161_P2,191,191
sub-0161_P2,192,192
sub-0161_P2,193,198
sub-0161_P2,194,194
sub-0161_P2,195,195
sub-0161_P2,196,196
sub-0161_P2,197,197
sub-0161_P2,198,198
sub-0161_P2,199,199
sub-0161_P2,200,218
sub-0161_P2,201,201
sub-0161_P2,202,202
sub-0161_P2,203,203
sub-0161_P2,204,204
sub-0161_P2,205,205
sub-0161_P2,206,206
sub-0161_P2,207,207
sub-0161_P2,208,208
sub-0161_P2,209,209
sub-0161_P2,210,227
sub-0161_P2,211,211
sub-0161_P2,212,212
sub-0161_P2,213,213
sub-0161_P2,214,214
sub-0161_P2,215,215
sub-0161_P2,216,218
sub-0161_P2,217,187
sub-0161_P2,218,218
sub-0161_P2,219,219
sub-0161_P2,220,220
sub-0161_P2,221,221
sub-0161_P2,222,222
sub-0161_P2,223,223
sub-0161_P2,224,224
sub-0161_P2,225,225
sub-0161_P2,226,226
sub-0161_P2,227,227
sub-0161_P2,228,228
sub-0161_P2,229,229
sub-0161_P2,230,230
sub-0161_P2,231,231
sub-0162_P2,0,0
sub-0162_P2,1,1
sub-0162_P2,2,2
sub-0162_P2,3,3
sub-0162_P2,4,4
sub-0162_P2,5,5
sub-0162_P2,6,6
sub-0162_P2,7,7
sub-0162_P2,8,8
sub-0162_P2,9,9
sub-0162_P2,10,10
sub-0162_P2,11,11
sub-0162_P2,12,12
sub-0162_P2,13,25
sub-0162_P2,14,14
sub-0162_P2,15,15
sub-0162_P2,16,16
sub-0162_P2,17,17
sub-0162_P2,18,18
sub-0162_P2,19,19
sub-0162_P2,20,20
sub-0162_P2,21,21
sub-0162_P2,22,22
sub-0162_P2,23,23
sub-0162_P2,24,24
sub-0162_P2,25,25
sub-0162_P2,26,26
sub-0162_P2,27,27
sub-0162_P2,28,28
sub-0162_P2,29,29
sub-0162_P2,30,30
sub-0162_P2,31,59
sub-0162_P2,32,32
sub-0162_P2,33,33
sub-0162_P2,34,34
sub-0162_P2,35,35
sub-0162_P2,36,36
sub-0162_P2,37,43
sub-0162_P2,38,38
sub-0162_P2,39,39
sub-0162_P2,40,40
sub-0162_P2,41,41
sub-0162_P2,42,42
sub-0162_P2,43,43
sub-0162_P2,44,44
sub-0162_P2,45,45
sub-0162_P2,46,46
sub-0162_P2,47,47
sub-0162_P2,48,48
sub-0162_P2,49,49
sub-0162_P2,50,50
sub-0162_P2,51,51
sub-0162_P2,52,52
sub-0162_P2,53,53
sub-0162_P2,54,54
sub-0162_P2,55,224
sub-0162_P2,56,56
sub-0162_P2,57,57
sub-0162_P2,58,58
sub-0162_P2,59,59
sub-0162_P2,60,60
sub-0162_P2,61,61
sub-0162_P2,62,62
sub-0162_P2,63,63
sub-0162_P2,64,64
sub-0162_P2,65,169
sub-0162_P2,66,50
sub-0162_P2,67,67
sub-0162_P2,68,68
sub-0162_P2,69,69
sub-0162_P2,70,70
sub-0162_P2,71,71
sub-0162_P2,72,72
sub-0162_P2,73,73
sub-0162_P2,74,74
sub-0162_P2,75,75
sub-0162_P2,76,76
sub-0162_P2,77,77
sub-0162_P2,78,78
sub-0162_P2,79,79
sub-0162_P2,80,80
sub-0162_P2,81,81
sub-0162_P2,82,82
sub-0162_P2,83,83
sub-0162_P2,84,84
sub-0162_P2,85,85
sub-0162_P2,86,86
sub-0162_P2,87,87
sub-0162_P2,88,88
sub-0162_P2,89,89
sub-0162_P2,90,90
sub-0162_P2,91,91
sub-0162_P2,92,92
sub-0162_P2,93,93
sub-0162_P2,94,94
sub-0162_P2,95,95
sub-0162_P2,96,96
sub-0162_P2,97,97
sub-0162_P2,98,98
sub-0162_P2,99,99
sub-0162_P2,100,100
sub-0162_P2,101,101
sub-0162_P2,102,102
sub-0162_P2,103,103
sub-0162_P2,104,104
sub-0162_P2,105,105
sub-0162_P2,106,106
sub-0162_P2,107,107
sub-0162_P2,108,108
sub-0162_P2,109,109
sub-0162_P2,110,110
sub-0162_P2,111,111
sub-0162_P2,112,112
sub-0162_P2,113,113
sub-0162_P2,114,114
sub-0162_P2,115,115
sub-0162_P2,116,116
sub-0162_P2,117,117
sub-0162_P2,118,118
sub-0162_P2,119,119
sub-0162_P2,120,121
sub-0162_P2,121,121
sub-0162_P2,122,122
sub-0162_P2,123,123
sub-0162_P2,124,124
sub-0162_P2,125,125
sub-0162_P2,126,126
sub-0162_P2,127,127
sub-0162_P2,128,128
sub-0162_P2,129,129
sub-0162_P2,130,130
sub-0162_P2,131,131
sub-0162_P2,132,132
sub-0162_P2,133,133
sub-0162_P2,134,134
sub-0162_P2,135,135
sub-0162_P2,136,136
sub-0162_P2,137,137
sub-0162_P2,138,138
sub-0162_P2,139,139
sub-0162_P2,140,140
sub-0162_P2,141,141
sub-0162_P2,142,142
sub-0162_P2,143,55
sub-0162_P2,144,210
sub-0162_P2,145,145
sub-0162_P2,146,146
sub-0162_P2,147,147
sub-0162_P2,148,148
sub-0162_P2,149,149
sub-0162_P2,150,150
sub-0162_P2,151,151
sub-0162_P2,152,152
sub-0162_P2,153,55
sub-0162_P2,154,154
sub-0162_P2,155,155
sub-0162_P2,156,156
sub-0162_P2,157,157
sub-0162_P2,158,158
sub-0162_P2,159,159
sub-0162_P2,160,160
sub-0162_P2,161,161
sub-0162_P2,162,162
sub-0162_P2,163,163
sub-0162_P2,164,164
sub-0162_P2,165,165
sub-0162_P2,166,166
sub-0162_P2,167,142
sub-0162_P2,168,168
sub-0162_P2,169,169
sub-0162_P2,170,170
sub-0162_P2,171,171
sub-0162_P2,172,172
sub-0162_P2,173,173
sub-0162_P2,174,174
sub-0162_P2,175,175
sub-0162_P2,176,176
sub-0162_P2,177,177
sub-0162_P2,178,178
sub-0162_P2,179,179
sub-0162_P2,180,180
sub-0162_P2,181,181
sub-0162_P2,182,182
sub-0162_P2,183,183
sub-0162_P2,184,184
sub-0162_P2,185,185
sub-0162_P2,186,186
sub-0162_P2,187,187
sub-0162_P2,188,188
sub-0162_P2,189,189
sub-0162_P2,190,190
sub-0162_P2,191,191
sub-0162_P2,192,192
sub-0162_P2,193,97
sub-0162_P2,194,194
sub-0162_P2,195,195
sub-0162_P2,196,196
sub-0162_P2,197,197
sub-0162_P2,198,198
sub-0162_P2,199,199
sub-0162_P2,200,200
sub-0162_P2,201,201
sub-0162_P2,202,219
sub-0162_P2,203,203
sub-0162_P2,204,204
sub-0162_P2,205,205
sub-0162_P2,206,206
sub-0162_P2,207,207
sub-0162_P2,208,208
sub-0162_P2,209,224
sub-0162_P2,210,210
sub-0162_P2,211,211
sub-0162_P2,212,212
sub-0162_P2,213,213
sub-0162_P2,214,214
sub-0162_P2,215,215
sub-0162_P2,216,217
sub-0162_P2,217,217
sub-0162_P2,218,201
sub-0162_P2,219,219
sub-0162_P2,220,220
sub-0162_P2,221,221
sub-0162_P2,222,222
sub-0162_P2,223,223
sub-0162_P2,224,224
sub-0162_P2,225,225
sub-0162_P2,226,226
sub-0162_P2,227,227
sub-0162_P2,228,213
sub-0162_P2,229,229
sub-0162_P2,230,230
sub-0162_P2,231,231
sub-0163_P2,0,0
sub-0163_P2,1,1
sub-0163_P2,2,2
sub-0163_P2,3,3
sub-0163_P2,4,4
sub-0163_P2,5,5
sub-0163_P2,6,6
sub-0163_P2,7,7
sub-0163_P2,8,107
sub-0163_P2,9,9
sub-0163_P2,10,10
sub-0163_P2,11,11
sub-0163_P2,12,12
sub-0163_P2,13,13
sub-0163_P2,14,14
sub-0163_P2,15,15
sub-0163_P2,16,16
sub-0163_P2,17,17
sub-0163_P2,18,18
sub-0163_P2,19,19
sub-0163_P2,20,20
sub-0163_P2,21,21
sub-0163_P2,22,22
sub-0163_P2,23,23
sub-0163_P2,24,24
sub-0163_P2,25,25
sub-0163_P2,26,26
sub-0163_P2,27,27
sub-0163_P2,28,28
sub-0163_P2,29,29
sub-0163_P2,30,30
sub-0163_P2,31,31
sub-0163_P2,32,32
sub-0163_P2,33,33
sub-0163_P2,34,34
sub-0163_P2,35,35
sub-0163_P2,36,36
sub-0163_P2,37,37
sub-0163_P2,38,38
sub-0163_P2,39,39
sub-0163_P2,40,40
sub-0163_P2,41,41
sub-0163_P2,42,42
sub-0163_P2,43,43
sub-0163_P2,44,44
sub-0163_P2,45,45
sub-0163_P2,46,46
sub-0163_P2,47,47
sub-0163_P2,48,48
sub-0163_P2,49,49
sub-0163_P2,50,50
sub-0163_P2,51,51
sub-0163_P2,52,52
sub-0163_P2,53,53
sub-0163_P2,54,54
sub-0163_P2,55,219
sub-0163_P2,56,56
sub-0163_P2,57,57
sub-0163_P2,58,58
sub-0163_P2,59,59
sub-0163_P2,60,60
sub-0163_P2,61,61
sub-0163_P2,62,62
sub-0163_P2,63,63
sub-0163_P2,64,64
sub-0163_P2,65,169
sub-0163_P2,66,66
sub-0163_P2,67,67
sub-0163_P2,68,68
sub-0163_P2,69,69
sub-0163_P2,70,70
sub-0163_P2,71,71
sub-0163_P2,72,72
sub-0163_P2,73,73
sub-0163_P2,74,74
sub-0163_P2,75,75
sub-0163_P2,76,76
sub-0163_P2,77,77
sub-0163_P2,78,78
sub-0163_P2,79,79
sub-0163_P2,80,80
sub-0163_P2,81,81
sub-0163_P2,82,84
sub-0163_P2,83,83
sub-0163_P2,84,84
sub-0163_P2,85,85
sub-0163_P2,86,86
sub-0163_P2,87,87
sub-0163_P2,88,84
sub-0163_P2,89,89
sub-0163_P2,90,90
sub-0163_P2,91,91
sub-0163_P2,92,92
sub-0163_P2,93,93
sub-0163_P2,94,94
sub-0163_P2,95,97
sub-0163_P2,96,96
sub-0163_P2,97,97
sub-0163_P2,98,98
sub-0163_P2,99,99
sub-0163_P2,100,100
sub-0163_P2,101,101
sub-0163_P2,102,102
sub-0163_P2,103,103
sub-0163_P2,104,104
sub-0163_P2,105,105
sub-0163_P2,106,106
sub-0163_P2,107,107
sub-0163_P2,108,108
sub-0163_P2,109,109
sub-0163_P2,110,110
sub-0163_P2,111,111
sub-0163_P2,112,112
sub-0163_P2,113,113
sub-0163_P2,114,114
sub-0163_P2,115,115
sub-0163_P2,116,116
sub-0163_P2,117,117
sub-0163_P2,118,118
sub-0163_P2,119,119
sub-0163_P2,120,120
sub-0163_P2,121,121
sub-0163_P2,122,122
sub-0163_P2,123,123
sub-0163_P2,124,124
sub-0163_P2,125,125
sub-0163_P2,126,126
sub-0163_P2,127,127
sub-0163_P2,128,128
sub-0163_P2,129,129
sub-0163_P2,130,130
sub-0163_P2,131,131
sub-0163_P2,132,132
sub-0163_P2,133,133
sub-0163_P2,134,134
sub-0163_P2,135,135
sub-0163_P2,136,136
sub-0163_P2,137,137
sub-0163_P2,138,138
sub-0163_P2,139,139
sub-0163_P2,140,140
sub-0163_P2,141,141
sub-0163_P2,142,142
sub-0163_P2,143,226
sub-0163_P2,144,144
sub-0163_P2,145,145
sub-0163_P2,146,146
sub-0163_P2,147,147
sub-0163_P2,148,148
sub-0163_P2,149,149
sub-0163_P2,150,150
sub-0163_P2,151,92
sub-0163_P2,152,152
sub-0163_P2,153,153
sub-0163_P2,154,154
sub-0163_P2,155,155
sub-0163_P2,156,156
sub-0163_P2,157,157
sub-0163_P2,158,158
sub-0163_P2,159,159
sub-0163_P2,160,160
sub-0163_P2,161,161
sub-0163_P2,162,162
sub-0163_P2,163,163
sub-0163_P2,164,164
sub-0163_P2,165,165
sub-0163_P2,166,184
sub-0163_P2,167,167
sub-0163_P2,168,168
sub-0163_P2,169,169
sub-0163_P2,170,170
sub-0163_P2,171,171
sub-0163_P2,172,172
sub-0163_P2,173,173
sub-0163_P2,174,174
sub-0163_P2,175,175
sub-0163_P2,176,176
sub-0163_P2,177,177
sub-0163_P2,178,178
sub-0163_P2,179,179
sub-0163_P2,180,180
sub-0163_P2,181,181
sub-0163_P2,182,182
sub-0163_P2,183,183
sub-0163_P2,184,184
sub-0163_P2,185,185
sub-0163_P2,186,186
sub-0163_P2,187,99
sub-0163_P2,188,188
sub-0163_P2,189,189
sub-0163_P2,190,190
sub-0163_P2,191,191
sub-0163_P2,192,192
sub-0163_P2,193,193
sub-0163_P2,194,194
sub-0163_P2,195,195
sub-0163_P2,196,196
sub-0163_P2,197,197
sub-0163_P2,198,198
sub-0163_P2,199,199
sub-0163_P2,200,200
sub-0163_P2,201,201
sub-0163_P2,202,166
sub-0163_P2,203,203
sub-0163_P2,204,204
sub-0163_P2,205,205
sub-0163_P2,206,206
sub-0163_P2,207,207
sub-0163_P2,208,208
sub-0163_P2,209,209
sub-0163_P2,210,210
sub-0163_P2,211,211
sub-0163_P2,212,212
sub-0163_P2,213,213
sub-0163_P2,214,214
sub-0163_P2,215,215
sub-0163_P2,216,216
sub-0163_P2,217,217
sub-0163_P2,218,218
sub-0163_P2,219,219
sub-0163_P2,220,220
sub-0163_P2,221,221
sub-0163_P2,222,222
sub-0163_P2,223,223
sub-0163_P2,224,224
sub-0163_P2,225,225
sub-0163_P2,226,226
sub-0163_P2,227,227
sub-0163_P2,228,228
sub-0163_P2,229,229
sub-0163_P2,230,230
sub-0163_P2,231,231
sub-0164_P2,0,163
sub-0164_P2,1,1
sub-0164_P2,2,2
sub-0164_P2,3,217
sub-0164_P2,4,4
sub-0164_P2,5,5
sub-0164_P2,6,6
sub-0164_P2,7,7
sub-0164_P2,8,8
sub-0164_P2,9,9
sub-0164_P2,10,10
sub-0164_P2,11,11
sub-0164_P2,12,12
sub-0164_P2,13,13
sub-0164_P2,14,14
sub-0164_P2,15,15
sub-0164_P2,16,16
sub-0164_P2,17,17
sub-0164_P2,18,18
sub-0164_P2,19,19
sub-0164_P2,20,20
sub-0164_P2,21,21
sub-0164_P2,22,22
sub-0164_P2,23,23
sub-0164_P2,24,42
sub-0164_P2,25,25
sub-0164_P2,26,26
sub-0164_P2,27,27
sub-0164_P2,28,28
sub-0164_P2,29,29
sub-0164_P2,30,30
sub-0164_P2,31,31
sub-0164_P2,32,32
sub-0164_P2,33,33
sub-0164_P2,34,34
sub-0164_P2,35,42
sub-0164_P2,36,16
sub-0164_P2,37,37
sub-0164_P2,38,38
sub-0164_P2,39,42
sub-0164_P2,40,40
sub-0164_P2,41,41
sub-0164_P2,42,42
sub-0164_P2,43,43
sub-0164_P2,44,44
sub-0164_P2,45,45
sub-0164_P2,46,46
sub-0164_P2,47,47
sub-0164_P2,48,48
sub-0164_P2,49,49
sub-0164_P2,50,50
sub-0164_P2,51,51
sub-0164_P2,52,52
sub-0164_P2,53,53
sub-0164_P2,54,54
sub-0164_P2,55,55
sub-0164_P2,56,56
sub-0164_P2,57,57
sub-0164_P2,58,58
sub-0164_P2,59,59
sub-0164_P2,60,60
sub-0164_P2,61,61
sub-0164_P2,62,62
sub-0164_P2,63,63
sub-0164_P2,64,64
sub-0164_P2,65,65
sub-0164_P2,66,66
sub-0164_P2,67,67
sub-0164_P2,68,68
sub-0164_P2,69,69
sub-0164_P2,70,70
sub-0164_P2,71,71
sub-0164_P2,72,72
sub-0164_P2,73,73
sub-0164_P2,74,74
sub-0164_P2,75,75
sub-0164_P2,76,76
sub-0164_P2,77,77
sub-0164_P2,78,78
sub-0164_P2,79,50
sub-0164_P2,80,80
sub-0164_P2,81,81
sub-0164_P2,82,82
sub-0164_P2,83,83
sub-0164_P2,84,84
sub-0164_P2,85,85
sub-0164_P2,86,86
sub-0164_P2,87,87
sub-0164_P2,88,88
sub-0164_P2,89,89
sub-0164_P2,90,90
sub-0164_P2,91,91
sub-0164_P2,92,92
sub-0164_P2,93,93
sub-0164_P2,94,94
sub-0164_P2,95,95
sub-0164_P2,96,96
sub-0164_P2,97,97
sub-0164_P2,98,98
sub-0164_P2,99,99
sub-0164_P2,100,100
sub-0164_P2,101,101
sub-0164_P2,102,102
sub-0164_P2,103,103
sub-0164_P2,104,104
sub-0164_P2,105,105
sub-0164_P2,106,106
sub-0164_P2,107,107
sub-0164_P2,108,108
sub-0164_P2,109,109
sub-0164_P2,110,110
sub-0164_P2,111,111
sub-0164_P2,112,112
sub-0164_P2,113,113
sub-0164_P2,114,114
sub-0164_P2,115,115
sub-0164_P2,116,116
sub-0164_P2,117,117
sub-0164_P2,118,118
sub-0164_P2,119,119
sub-0164_P2,120,120
sub-0164_P2,121,121
sub-0164_P2,122,122
sub-0164_P2,123,123
sub-0164_P2,124,124
sub-0164_P2,125,125
sub-0164_P2,126,126
sub-0164_P2,127,127
sub-0164_P2,128,128
sub-0164_P2,129,129
sub-0164_P2,130,130
sub-0164_P2,131,131
sub-0164_P2,132,132
sub-0164_P2,133,133
sub-0164_P2,134,134
sub-0164_P2,135,135
sub-0164_P2,136,136
sub-0164_P2,137,137
sub-0164_P2,138,138
sub-0164_P2,139,139
sub-0164_P2,140,140
sub-0164_P2,141,141
sub-0164_P2,142,142
sub-0164_P2,143,143
sub-0164_P2,144,142
sub-0164_P2,145,145
sub-0164_P2,146,146
sub-0164_P2,147,147
sub-0164_P2,148,148
sub-0164_P2,149,149
sub-0164_P2,150,150
sub-0164_P2,151,151
sub-0164_P2,152,152
sub-0164_P2,153,153
sub-0164_P2,154,154
sub-0164_P2,155,42
sub-0164_P2,156,156
sub-0164_P2,157,157
sub-0164_P2,158,158
sub-0164_P2,159,159
sub-0164_P2,160,50
sub-0164_P2,161,161
sub-0164_P2,162,162
sub-0164_P2,163,163
sub-0164_P2,164,177
sub-0164_P2,165,165
sub-0164_P2,166,166
sub-0164_P2,167,167
sub-0164_P2,168,168
sub-0164_P2,169,169
sub-0164_P2,170,170
sub-0164_P2,171,171
sub-0164_P2,172,172
sub-0164_P2,173,173
sub-0164_P2,174,174
sub-0164_P2,175,175
sub-0164_P2,176,176
sub-0164_P2,177,177
sub-0164_P2,178,153
sub-0164_P2,179,179
sub-0164_P2,180,180
sub-0164_P2,181,181
sub-0164_P2,182,182
sub-0164_P2,183,183
sub-0164_P2,184,193
sub-0164_P2,185,185
sub-0164_P2,186,186
sub-0164_P2,187,187
sub-0164_P2,188,188
sub-0164_P2,189,189
sub-0164_P2,190,190
sub-0164_P2,191,191
sub-0164_P2,192,192
sub-0164_P2,193,193
sub-0164_P2,194,194
sub-0164_P2,195,195
sub-0164_P2,196,196
sub-0164_P2,197,197
sub-0164_P2,198,198
sub-0164_P2,199,199
sub-0164_P2,200,200
sub-0164_P2,201,201
sub-0164_P2,202,202
sub-0164_P2,203,203
sub-0164_P2,204,204
sub-0164_P2,205,221
sub-0164_P2,206,206
sub-0164_P2,207,207
sub-0164_P2,208,208
sub-0164_P2,209,209
sub-0164_P2,210,218
sub-0164_P2,211,211
sub-0164_P2,212,212
sub-0164_P2,213,213
sub-0164_P2,214,214
sub-0164_P2,215,215
sub-0164_P2,216,216
sub-0164_P2,217,217
sub-0164_P2,218,218
sub-0164_P2,219,219
sub-0164_P2,220,220
sub-0164_P2,221,221
sub-0164_P2,222,222
sub-0164_P2,223,223
sub-0164_P2,224,224
sub-0164_P2,225,225
sub-0164_P2,226,226
sub-0164_P2,227,227
sub-0164_P2,228,228
sub-0164_P2,229,229
sub-0164_P2,230,230
sub-0164_P2,231,231
sub-0165_P2,0,0
sub-0165_P2,1,1
sub-0165_P2,2,2
sub-0165_P2,3,3
sub-0165_P2,4,4
sub-0165_P2,5,5
sub-0165_P2,6,6
sub-0165_P2,7,7
sub-0165_P2,8,8
sub-0165_P2,9,9
sub-0165_P2,10,10
sub-0165_P2,11,11
sub-0165_P2,12,12
sub-0165_P2,13,13
sub-0165_P2,14,14
sub-0165_P2,15,15
sub-0165_P2,16,16
sub-0165_P2,17,17
sub-0165_P2,18,18
sub-0165_P2,19,19
sub-0165_P2,20,20
sub-0165_P2,21,21
sub-0165_P2,22,47
sub-0165_P2,23,125
sub-0165_P2,24,24
sub-0165_P2,25,25
sub-0165_P2,26,26
sub-0165_P2,27,27
sub-0165_P2,28,28
sub-0165_P2,29,29
sub-0165_P2,30,30
sub-0165_P2,31,31
sub-0165_P2,32,32
sub-0165_P2,33,33
sub-0165_P2,34,34
sub-0165_P2,35,35
sub-0165_P2,36,36
sub-0165_P2,37,37
sub-0165_P2,38,38
sub-0165_P2,39,39
sub-0165_P2,40,40
sub-0165_P2,41,41
sub-0165_P2,42,42
sub-0165_P2,43,43
sub-0165_P2,44,44
sub-0165_P2,45,45
sub-0165_P2,46,46
sub-0165_P2,47,47
sub-0165_P2,48,48
sub-0165_P2,49,49
sub-0165_P2,50,50
sub-0165_P2,51,51
sub-0165_P2,52,52
sub-0165_P2,53,53
sub-0165_P2,54,54
sub-0165_P2,55,55
sub-0165_P2,56,143
sub-0165_P2,57,57
sub-0165_P2,58,58
sub-0165_P2,59,59
sub-0165_P2,60,60
sub-0165_P2,61,61
sub-0165_P2,62,64
sub-0165_P2,63,63
sub-0165_P2,64,64
sub-0165_P2,65,65
sub-0165_P2,66,66
sub-0165_P2,67,67
sub-0165_P2,68,68
sub-0165_P2,69,69
sub-0165_P2,70,70
sub-0165_P2,71,71
sub-0165_P2,72,72
sub-0165_P2,73,73
sub-0165_P2,74,74
sub-0165_P2,75,75
sub-0165_P2,76,76
sub-0165_P2,77,77
sub-0165_P2,78,78
sub-0165_P2,79,79
sub-0165_P2,80,80
sub-0165_P2,81,81
sub-0165_P2,82,82
sub-0165_P2,83,83
sub-0165_P2,84,84
sub-0165_P2,85,85
sub-0165_P2,86,86
sub-0165_P2,87,87
sub-0165_P2,88,88
sub-0165_P2,89,89
sub-0165_P2,90,90
sub-0165_P2,91,91
sub-0165_P2,92,92
sub-0165_P2,93,93
sub-0165_P2,94,94
sub-0165_P2,95,95
sub-0165_P2,96,96
sub-0165_P2,97,97
sub-0165_P2,98,98
sub-0165_P2,99,99
sub-0165_P2,100,100
sub-0165_P2,101,101
sub-0165_P2,102,102
sub-0165_P2,103,103
sub-0165_P2,104,104
sub-0165_P2,105,105
sub-0165_P2,106,106
sub-0165_P2,107,107
sub-0165_P2,108,108
sub-0165_P2,109,109
sub-0165_P2,110,110
sub-0165_P2,111,111
sub-0165_P2,112,112
sub-0165_P2,113,113
sub-0165_P2,114,221
sub-0165_P2,115,115
sub-0165_P2,116,116
sub-0165_P2,117,117
sub-0165_P2,118,118
sub-0165_P2,119,119
sub-0165_P2,120,120
sub-0165_P2,121,121
sub-0165_P2,122,122
sub-0165_P2,123,123
sub-0165_P2,124,124
sub-0165_P2,125,125
sub-0165_P2,126,126
sub-0165_P2,127,127
sub-0165_P2,128,128
sub-0165_P2,129,129
sub-0165_P2,130,130
sub-0165_P2,131,131
sub-0165_P2,132,132
sub-0165_P2,133,133
sub-0165_P2,134,134
sub-0165_P2,135,135
sub-0165_P2,136,136
sub-0165_P2,137,137
sub-0165_P2,138,138
sub-0165_P2,139,139
sub-0165_P2,140,140
sub-0165_P2,141,141
sub-0165_P2,142,215
sub-0165_P2,143,143
sub-0165_P2,144,144
sub-0165_P2,145,145
sub-0165_P2,146,146
sub-0165_P2,147,147
sub-0165_P2,148,140
sub-0165_P2,149,149
sub-0165_P2,150,150
sub-0165_P2,151,151
sub-0165_P2,152,152
sub-0165_P2,153,153
sub-0165_P2,154,154
sub-0165_P2,155,155
sub-0165_P2,156,156
sub-0165_P2,157,157
sub-0165_P2,158,158
sub-0165_P2,159,159
sub-0165_P2,160,160
sub-0165_P2,161,52
sub-0165_P2,162,162
sub-0165_P2,163,163
sub-0165_P2,164,164
sub-0165_P2,165,137
sub-0165_P2,166,166
sub-0165_P2,167,167
sub-0165_P2,168,168
sub-0165_P2,169,169
sub-0165_P2,170,170
sub-0165_P2,171,171
sub-0165_P2,172,172
sub-0165_P2,173,173
sub-0165_P2,174,175
sub-0165_P2,175,175
sub-0165_P2,176,175
sub-0165_P2,177,177
sub-0165_P2,178,178
sub-0165_P2,179,179
sub-0165_P2,180,180
sub-0165_P2,181,181
sub-0165_P2,182,182
sub-0165_P2,183,183
sub-0165_P2,184,184
sub-0165_P2,185,185
sub-0165_P2,186,186
sub-0165_P2,187,187
sub-0165_P2,188,188
sub-0165_P2,189,189
sub-0165_P2,190,190
sub-0165_P2,191,191
sub-0165_P2,192,168
sub-0165_P2,193,193
sub-0165_P2,194,194
sub-0165_P2,195,195
sub-0165_P2,196,196
sub-0165_P2,197,197
sub-0165_P2,198,198
sub-0165_P2,199,199
sub-0165_P2,200,203
sub-0165_P2,201,201
sub-0165_P2,202,202
sub-0165_P2,203,203
sub-0165_P2,204,204
sub-0165_P2,205,141
sub-0165_P2,206,206
sub-0165_P2,207,207
sub-0165_P2,208,208
sub-0165_P2,209,209
sub-0165_P2,210,210
sub-0165_P2,211,211
sub-0165_P2,212,212
sub-0165_P2,213,213
sub-0165_P2,214,214
sub-0165_P2,215,215
sub-0165_P2,216,216
sub-0165_P2,217,217
sub-0165_P2,218,218
sub-0165_P2,219,219
sub-0165_P2,220,220
sub-0165_P2,221,221
sub-0165_P2,222,222
sub-0165_P2,223,223
sub-0165_P2,224,224
sub-0165_P2,225,225
sub-0165_P2,226,226
sub-0165_P2,227,210
sub-0165_P2,228,226
sub-0165_P2,229,229
sub-0165_P2,230,230
sub-0165_P2,231,231
sub-0166_P2,0,0
sub-0166_P2,1,1
sub-0166_P2,2,2
sub-0166_P2,3,3
sub-0166_P2,4,4
sub-0166_P2,5,5
sub-0166_P2,6,6
sub-0166_P2,7,7
sub-0166_P2,8,8
sub-0166_P2,9,9
sub-0166_P2,10,10
sub-0166_P2,11,11
sub-0166_P2,12,12
sub-0166_P2,13,13
sub-0166_P2,14,14
sub-0166_P2,15,15
sub-0166_P2,16,16
sub-0166_P2,17,17
sub-0166_P2,18,18
sub-0166_P2,19,19
sub-0166_P2,20,20
sub-0166_P2,21,21
sub-0166_P2,22,22
sub-0166_P2,23,23
sub-0166_P2,24,24
sub-0166_P2,25,25
sub-0166_P2,26,26
sub-0166_P2,27,27
sub-0166_P2,28,28
sub-0166_P2,29,29
sub-0166_P2,30,30
sub-0166_P2,31,31
sub-0166_P2,32,32
sub-0166_P2,33,33
sub-0166_P2,34,34
sub-0166_P2,35,35
sub-0166_P2,36,36
sub-0166_P2,37,37
sub-0166_P2,38,38
sub-0166_P2,39,39
sub-0166_P2,40,40
sub-0166_P2,41,41
sub-0166_P2,42,42
sub-0166_P2,43,43
sub-0166_P2,44,44
sub-0166_P2,45,45
sub-0166_P2,46,46
sub-0166_P2,47,47
sub-0166_P2,48,48
sub-0166_P2,49,49
sub-0166_P2,50,209
sub-0166_P2,51,83
sub-0166_P2,52,52
sub-0166_P2,53,53
sub-0166_P2,54,54
sub-0166_P2,55,55
sub-0166_P2,56,56
sub-0166_P2,57,57
sub-0166_P2,58,58
sub-0166_P2,59,59
sub-0166_P2,60,60
sub-0166_P2,61,61
sub-0166_P2,62,62
sub-0166_P2,63,63
sub-0166_P2,64,64
sub-0166_P2,65,65
sub-0166_P2,66,66
sub-0166_P2,67,67
sub-0166_P2,68,68
sub-0166_P2,69,69
sub-0166_P2,70,70
sub-0166_P2,71,71
sub-0166_P2,72,72
sub-0166_P2,73,73
sub-0166_P2,74,74
sub-0166_P2,75,75
sub-0166_P2,76,76
sub-0166_P2,77,77
sub-0166_P2,78,78
sub-0166_P2,79,33
sub-0166_P2,80,80
sub-0166_P2,81,81
sub-0166_P2,82,82
sub-0166_P2,83,83
sub-0166_P2,84,84
sub-0166_P2,85,85
sub-0166_P2,86,86
sub-0166_P2,87,87
sub-0166_P2,88,88
sub-0166_P2,89,89
sub-0166_P2,90,90
sub-0166_P2,91,91
sub-0166_P2,92,92
sub-0166_P2,93,93
sub-0166_P2,94,94
sub-0166_P2,95,95
sub-0166_P2,96,96
sub-0166_P2,97,97
sub-0166_P2,98,98
sub-0166_P2,99,99
sub-0166_P2,100,100
sub-0166_P2,101,101
sub-0166_P2,102,102
sub-0166_P2,103,103
sub-0166_P2,104,104
sub-0166_P2,105,105
sub-0166_P2,106,106
sub-0166_P2,107,107
sub-0166_P2,108,108
sub-0166_P2,109,109
sub-0166_P2,110,110
sub-0166_P2,111,111
sub-0166_P2,112,112
sub-0166_P2,113,113
sub-0166_P2,114,114
sub-0166_P2,115,115
sub-0166_P2,116,116
sub-0166_P2,117,117
sub-0166_P2,118,118
sub-0166_P2,119,119
sub-0166_P2,120,120
sub-0166_P2,121,121
sub-0166_P2,122,122
sub-0166_P2,123,123
sub-0166_P2,124,124
sub-0166_P2,125,125
sub-0166_P2,126,126
sub-0166_P2,127,127
sub-0166_P2,128,128
sub-0166_P2,129,129
sub-0166_P2,130,130
sub-0166_P2,131,131
sub-0166_P2,132,132
sub-0166_P2,133,133
sub-0166_P2,134,134
sub-0166_P2,135,135
sub-0166_P2,136,136
sub-0166_P2,137,225
sub-0166_P2,138,138
sub-0166_P2,139,139
sub-0166_P2,140,140
sub-0166_P2,141,141
sub-0166_P2,142,227
sub-0166_P2,143,143
sub-0166_P2,144,144
sub-0166_P2,145,145
sub-0166_P2,146,146
sub-0166_P2,147,147
sub-0166_P2,148,148
sub-0166_P2,149,149
sub-0166_P2,150,150
sub-0166_P2,151,151
sub-0166_P2,152,152
sub-0166_P2,153,153
sub-0166_P2,154,154
sub-0166_P2,155,155
sub-0166_P2,156,156
sub-0166_P2,157,157
sub-0166_P2,158,158
sub-0166_P2,159,159
sub-0166_P2,160,160
sub-0166_P2,161,161
sub-0166_P2,162,162
sub-0166_P2,163,163
sub-0166_P2,164,164
sub-0166_P2,165,165
sub-0166_P2,166,166
sub-0166_P2,167,167
sub-0166_P2,168,168
sub-0166_P2,169,169
sub-0166_P2,170,170
sub-0166_P2,171,171
sub-0166_P2,172,172
sub-0166_P2,173,173
sub-0166_P2,174,174
sub-0166_P2,175,175
sub-0166_P2,176,176
sub-0166_P2,177,177
sub-0166_P2,178,178
sub-0166_P2,179,179
sub-0166_P2,180,180
sub-0166_P2,181,181
sub-0166_P2,182,182
sub-0166_P2,183,183
sub-0166_P2,184,152
sub-0166_P2,185,185
sub-0166_P2,186,186
sub-0166_P2,187,187
sub-0166_P2,188,188
sub-0166_P2,189,189
sub-0166_P2,190,190
sub-0166_P2,191,191
sub-0166_P2,192,192
sub-0166_P2,193,193
sub-0166_P2,194,194
sub-0166_P2,195,195
sub-0166_P2,196,196
sub-0166_P2,197,197
sub-0166_P2,198,198
sub-0166_P2,199,199
sub-0166_P2,200,200
sub-0166_P2,201,218
sub-0166_P2,202,202
sub-0166_P2,203,203
sub-0166_P2,204,219
sub-0166_P2,205,205
sub-0166_P2,206,206
sub-0166_P2,207,207
sub-0166_P2,208,208
sub-0166_P2,209,209
sub-0166_P2,210,210
sub-0166_P2,211,211
sub-0166_P2,212,212
sub-0166_P2,213,213
sub-0166_P2,214,214
sub-0166_P2,215,215
sub-0166_P2,216,216
sub-0166_P2,217,217
sub-0166_P2,218,218
sub-0166_P2,219,219
sub-0166_P2,220,220
sub-0166_P2,221,221
sub-0166_P2,222,222
sub-0166_P2,223,223
sub-0166_P2,224,224
sub-0166_P2,225,225
sub-0166_P2,226,226
sub-0166_P2,227,227
sub-0166_P2,228,228
sub-0166_P2,229,229
sub-0166_P2,230,230
sub-0166_P2,231,231
sub-0167_P2,0,0
sub-0167_P2,1,1
sub-0167_P2,2,2
sub-0167_P2,3,3
sub-0167_P2,4,4
sub-0167_P2,5,111
sub-0167_P2,6,6
sub-0167_P2,7,7
sub-0167_P2,8,10
sub-0167_P2,9,9
sub-0167_P2,10,10
sub-0167_P2,11,131
sub-0167_P2,12,12
sub-0167_P2,13,13
sub-0167_P2,14,14
sub-0167_P2,15,15
sub-0167_P2,16,16
sub-0167_P2,17,17
sub-0167_P2,18,18
sub-0167_P2,19,19
sub-0167_P2,20,20
sub-0167_P2,21,123
sub-0167_P2,22,22
sub-0167_P2,23,23
sub-0167_P2,24,24
sub-0167_P2,25,148
sub-0167_P2,26,26
sub-0167_P2,27,27
sub-0167_P2,28,28
sub-0167_P2,29,29
sub-0167_P2,30,30
sub-0167_P2,31,31
sub-0167_P2,32,32
sub-0167_P2,33,33
sub-0167_P2,34,34
sub-0167_P2,35,35
sub-0167_P2,36,36
sub-0167_P2,37,37
sub-0167_P2,38,38
sub-0167_P2,39,39
sub-0167_P2,40,40
sub-0167_P2,41,41
sub-0167_P2,42,142
sub-0167_P2,43,43
sub-0167_P2,44,44
sub-0167_P2,45,45
sub-0167_P2,46,46
sub-0167_P2,47,47
sub-0167_P2,48,48
sub-0167_P2,49,49
sub-0167_P2,50,50
sub-0167_P2,51,51
sub-0167_P2,52,201
sub-0167_P2,53,53
sub-0167_P2,54,54
sub-0167_P2,55,218
sub-0167_P2,56,56
sub-0167_P2,57,220
sub-0167_P2,58,58
sub-0167_P2,59,59
sub-0167_P2,60,211
sub-0167_P2,61,61
sub-0167_P2,62,62
sub-0167_P2,63,63
sub-0167_P2,64,64
sub-0167_P2,65,65
sub-0167_P2,66,66
sub-0167_P2,67,67
sub-0167_P2,68,75
sub-0167_P2,69,69
sub-0167_P2,70,70
sub-0167_P2,71,71
sub-0167_P2,72,220
sub-0167_P2,73,73
sub-0167_P2,74,74
sub-0167_P2,75,75
sub-0167_P2,76,76
sub-0167_P2,77,201
sub-0167_P2,78,78
sub-0167_P2,79,79
sub-0167_P2,80,80
sub-0167_P2,81,81
sub-0167_P2,82,82
sub-0167_P2,83,83
sub-0167_P2,84,84
sub-0167_P2,85,85
sub-0167_P2,86,86
sub-0167_P2,87,87
sub-0167_P2,88,88
sub-0167_P2,89,89
sub-0167_P2,90,90
sub-0167_P2,91,91
sub-0167_P2,92,92
sub-0167_P2,93,93
sub-0167_P2,94,94
sub-0167_P2,95,95
sub-0167_P2,96,96
sub-0167_P2,97,97
sub-0167_P2,98,90
sub-0167_P2,99,99
sub-0167_P2,100,100
sub-0167_P2,101,0
sub-0167_P2,102,102
sub-0167_P2,103,103
sub-0167_P2,104,104
sub-0167_P2,105,105
sub-0167_P2,106,106
sub-0167_P2,107,107
sub-0167_P2,108,108
sub-0167_P2,109,109
sub-0167_P2,110,110
sub-0167_P2,111,210
sub-0167_P2,112,112
sub-0167_P2,113,113
sub-0167_P2,114,114
sub-0167_P2,115,115
sub-0167_P2,116,116
sub-0167_P2,117,117
sub-0167_P2,118,118
sub-0167_P2,119,119
sub-0167_P2,120,120
sub-0167_P2,121,121
sub-0167_P2,122,122
sub-0167_P2,123,123
sub-0167_P2,124,124
sub-0167_P2,125,125
sub-0167_P2,126,20
sub-0167_P2,127,127
sub-0167_P2,128,128
sub-0167_P2,129,129
sub-0167_P2,130,130
sub-0167_P2,131,131
sub-0167_P2,132,132
sub-0167_P2,133,133
sub-0167_P2,134,134
sub-0167_P2,135,135
sub-0167_P2,136,136
sub-0167_P2,137,137
sub-0167_P2,138,138
sub-0167_P2,139,139
sub-0167_P2,140,140
sub-0167_P2,141,141
sub-0167_P2,142,142
sub-0167_P2,143,143
sub-0167_P2,144,144
sub-0167_P2,145,145
sub-0167_P2,146,48
sub-0167_P2,147,147
sub-0167_P2,148,148
sub-0167_P2,149,149
sub-0167_P2,150,150
sub-0167_P2,151,151
sub-0167_P2,152,152
sub-0167_P2,153,159
sub-0167_P2,154,154
sub-0167_P2,155,155
sub-0167_P2,156,156
sub-0167_P2,157,157
sub-0167_P2,158,158
sub-0167_P2,159,209
sub-0167_P2,160,160
sub-0167_P2,161,161
sub-0167_P2,162,162
sub-0167_P2,163,163
sub-0167_P2,164,164
sub-0167_P2,165,165
sub-0167_P2,166,166
sub-0167_P2,167,167
sub-0167_P2,168,168
sub-0167_P2,169,169
sub-0167_P2,170,218
sub-0167_P2,171,171
sub-0167_P2,172,172
sub-0167_P2,173,173
sub-0167_P2,174,163
sub-0167_P2,175,175
sub-0167_P2,176,176
sub-0167_P2,177,177
sub-0167_P2,178,178
sub-0167_P2,179,179
sub-0167_P2,180,180
sub-0167_P2,181,181
sub-0167_P2,182,73
sub-0167_P2,183,183
sub-0167_P2,184,184
sub-0167_P2,185,185
sub-0167_P2,186,186
sub-0167_P2,187,187
sub-0167_P2,188,170
sub-0167_P2,189,189
sub-0167_P2,190,190
sub-0167_P2,191,191
sub-0167_P2,192,192
sub-0167_P2,193,193
sub-0167_P2,194,194
sub-0167_P2,195,195
sub-0167_P2,196,196
sub-0167_P2,197,197
sub-0167_P2,198,198
sub-0167_P2,199,199
sub-0167_P2,200,200
sub-0167_P2,201,201
sub-0167_P2,202,202
sub-0167_P2,203,203
sub-0167_P2,204,204
sub-0167_P2,205,205
sub-0167_P2,206,206
sub-0167_P2,207,207
sub-0167_P2,208,208
sub-0167_P2,209,209
sub-0167_P2,210,210
sub-0167_P2,211,211
sub-0167_P2,212,230
sub-0167_P2,213,213
sub-0167_P2,214,214
sub-0167_P2,215,215
sub-0167_P2,216,201
sub-0167_P2,217,217
sub-0167_P2,218,53
sub-0167_P2,219,226
sub-0167_P2,220,220
sub-0167_P2,221,221
sub-0167_P2,222,222
sub-0167_P2,223,223
sub-0167_P2,224,224
sub-0167_P2,225,225
sub-0167_P2,226,226
sub-0167_P2,227,227
sub-0167_P2,228,209
sub-0167_P2,229,229
sub-0167_P2,230,230
sub-0167_P2,231,231
sub-0168_P2,0,0
sub-0168_P2,1,1
sub-0168_P2,2,2
sub-0168_P2,3,134
sub-0168_P2,4,4
sub-0168_P2,5,5
sub-0168_P2,6,6
sub-0168_P2,7,7
sub-0168_P2,8,8
sub-0168_P2,9,9
sub-0168_P2,10,10
sub-0168_P2,11,11
sub-0168_P2,12,12
sub-0168_P2,13,13
sub-0168_P2,14,14
sub-0168_P2,15,15
sub-0168_P2,16,16
sub-0168_P2,17,17
sub-0168_P2,18,18
sub-0168_P2,19,19
sub-0168_P2,20,20
sub-0168_P2,21,21
sub-0168_P2,22,22
sub-0168_P2,23,127
sub-0168_P2,24,24
sub-0168_P2,25,25
sub-0168_P2,26,26
sub-0168_P2,27,27
sub-0168_P2,28,28
sub-0168_P2,29,29
sub-0168_P2,30,56
sub-0168_P2,31,31
sub-0168_P2,32,32
sub-0168_P2,33,33
sub-0168_P2,34,34
sub-0168_P2,35,35
sub-0168_P2,36,36
sub-0168_P2,37,37
sub-0168_P2,38,60
sub-0168_P2,39,39
sub-0168_P2,40,40
sub-0168_P2,41,41
sub-0168_P2,42,42
sub-0168_P2,43,43
sub-0168_P2,44,149
sub-0168_P2,45,140
sub-0168_P2,46,46
sub-0168_P2,47,47
sub-0168_P2,48,48
sub-0168_P2,49,49
sub-0168_P2,50,50
sub-0168_P2,51,51
sub-0168_P2,52,52
sub-0168_P2,53,218
sub-0168_P2,54,54
sub-0168_P2,55,55
sub-0168_P2,56,56
sub-0168_P2,57,57
sub-0168_P2,58,58
sub-0168_P2,59,59
sub-0168_P2,60,60
sub-0168_P2,61,0
sub-0168_P2,62,62
sub-0168_P2,63,63
sub-0168_P2,64,64
sub-0168_P2,65,65
sub-0168_P2,66,66
sub-0168_P2,67,67
sub-0168_P2,68,68
sub-0168_P2,69,69
sub-0168_P2,70,187
sub-0168_P2,71,71
sub-0168_P2,72,72
sub-0168_P2,73,73
sub-0168_P2,74,74
sub-0168_P2,75,75
sub-0168_P2,76,76
sub-0168_P2,77,77
sub-0168_P2,78,78
sub-0168_P2,79,79
sub-0168_P2,80,80
sub-0168_P2,81,81
sub-0168_P2,82,217
sub-0168_P2,83,83
sub-0168_P2,84,84
sub-0168_P2,85,85
sub-0168_P2,86,86
sub-0168_P2,87,87
sub-0168_P2,88,86
sub-0168_P2,89,89
sub-0168_P2,90,90
sub-0168_P2,91,91
sub-0168_P2,92,92
sub-0168_P2,93,93
sub-0168_P2,94,94
sub-0168_P2,95,95
sub-0168_P2,96,96
sub-0168_P2,97,97
sub-0168_P2,98,98
sub-0168_P2,99,99
sub-0168_P2,100,105
sub-0168_P2,101,103
sub-0168_P2,102,102
sub-0168_P2,103,103
sub-0168_P2,104,104
sub-0168_P2,105,105
sub-0168_P2,106,106
sub-0168_P2,107,107
sub-0168_P2,108,108
sub-0168_P2,109,109
sub-0168_P2,110,110
sub-0168_P2,111,111
sub-0168_P2,112,115
sub-0168_P2,113,113
sub-0168_P2,114,114
sub-0168_P2,115,115
sub-0168_P2,116,116
sub-0168_P2,117,117
sub-0168_P2,118,118
sub-0168_P2,119,119
sub-0168_P2,120,120
sub-0168_P2,121,121
sub-0168_P2,122,122
sub-0168_P2,123,199
sub-0168_P2,124,20
sub-0168_P2,125,125
sub-0168_P2,126,126
sub-0168_P2,127,127
sub-0168_P2,128,128
sub-0168_P2,129,129
sub-0168_P2,130,130
sub-0168_P2,131,131
sub-0168_P2,132,132
sub-0168_P2,133,133
sub-0168_P2,134,134
sub-0168_P2,135,135
sub-0168_P2,136,136
sub-0168_P2,137,137
sub-0168_P2,138,138
sub-0168_P2,139,139
sub-0168_P2,140,140
sub-0168_P2,141,141
sub-0168_P2,142,142
sub-0168_P2,143,143
sub-0168_P2,144,144
sub-0168_P2,145,145
sub-0168_P2,146,146
sub-0168_P2,147,143
sub-0168_P2,148,148
sub-0168_P2,149,149
sub-0168_P2,150,150
sub-0168_P2,151,151
sub-0168_P2,152,152
sub-0168_P2,153,153
sub-0168_P2,154,154
sub-0168_P2,155,155
sub-0168_P2,156,156
sub-0168_P2,157,157
sub-0168_P2,158,158
sub-0168_P2,159,159
sub-0168_P2,160,50
sub-0168_P2,161,189
sub-0168_P2,162,162
sub-0168_P2,163,163
sub-0168_P2,164,164
sub-0168_P2,165,165
sub-0168_P2,166,166
sub-0168_P2,167,167
sub-0168_P2,168,168
sub-0168_P2,169,169
sub-0168_P2,170,170
sub-0168_P2,171,171
sub-0168_P2,172,172
sub-0168_P2,173,176
sub-0168_P2,174,174
sub-0168_P2,175,175
sub-0168_P2,176,176
sub-0168_P2,177,177
sub-0168_P2,178,153
sub-0168_P2,179,179
sub-0168_P2,180,180
sub-0168_P2,181,181
sub-0168_P2,182,182
sub-0168_P2,183,183
sub-0168_P2,184,184
sub-0168_P2,185,185
sub-0168_P2,186,186
sub-0168_P2,187,187
sub-0168_P2,188,188
sub-0168_P2,189,189
sub-0168_P2,190,190
sub-0168_P2,191,191
sub-0168_P2,192,192
sub-0168_P2,193,193
sub-0168_P2,194,194
sub-0168_P2,195,195
sub-0168_P2,196,85
sub-0168_P2,197,197
sub-0168_P2,198,198
sub-0168_P2,199,199
sub-0168_P2,200,200
sub-0168_P2,201,201
sub-0168_P2,202,202
sub-0168_P2,203,203
sub-0168_P2,204,204
sub-0168_P2,205,205
sub-0168_P2,206,206
sub-0168_P2,207,207
sub-0168_P2,208,208
sub-0168_P2,209,209
sub-0168_P2,210,210
sub-0168_P2,211,211
sub-0168_P2,212,212
sub-0168_P2,213,213
sub-0168_P2,214,214
sub-0168_P2,215,215
sub-0168_P2,216,216
sub-0168_P2,217,217
sub-0168_P2,218,218
sub-0168_P2,219,219
sub-0168_P2,220,220
sub-0168_P2,221,221
sub-0168_P2,222,222
sub-0168_P2,223,223
sub-0168_P2,224,224
sub-0168_P2,225,225
sub-0168_P2,226,226
sub-0168_P2,227,227
sub-0168_P2,228,228
sub-0168_P2,229,229
sub-0168_P2,230,20
sub-0168_P2,231,231
sub-0169_P2,0,0
sub-0169_P2,1,1
sub-0169_P2,2,2
sub-0169_P2,3,3
sub-0169_P2,4,29
sub-0169_P2,5,5
sub-0169_P2,6,6
sub-0169_P2,7,7
sub-0169_P2,8,8
sub-0169_P2,9,9
sub-0169_P2,10,10
sub-0169_P2,11,11
sub-0169_P2,12,12
sub-0169_P2,13,13
sub-0169_P2,14,14
sub-0169_P2,15,15
sub-0169_P2,16,16
sub-0169_P2,17,44
sub-0169_P2,18,18
sub-0169_P2,19,19
sub-0169_P2,20,20
sub-0169_P2,21,21
sub-0169_P2,22,22
sub-0169_P2,23,23
sub-0169_P2,24,24
sub-0169_P2,25,25
sub-0169_P2,26,26
sub-0169_P2,27,27
sub-0169_P2,28,28
sub-0169_P2,29,29
sub-0169_P2,30,30
sub-0169_P2,31,31
sub-0169_P2,32,32
sub-0169_P2,33,33
sub-0169_P2,34,34
sub-0169_P2,35,35
sub-0169_P2,36,36
sub-0169_P2,37,37
sub-0169_P2,38,38
sub-0169_P2,39,39
sub-0169_P2,40,144
sub-0169_P2,41,41
sub-0169_P2,42,42
sub-0169_P2,43,43
sub-0169_P2,44,44
sub-0169_P2,45,45
sub-0169_P2,46,46
sub-0169_P2,47,47
sub-0169_P2,48,48
sub-0169_P2,49,49
sub-0169_P2,50,50
sub-0169_P2,51,51
sub-0169_P2,52,52
sub-0169_P2,53,64
sub-0169_P2,54,187
sub-0169_P2,55,55
sub-0169_P2,56,56
sub-0169_P2,57,57
sub-0169_P2,58,58
sub-0169_P2,59,59
sub-0169_P2,60,60
sub-0169_P2,61,61
sub-0169_P2,62,62
sub-0169_P2,63,63
sub-0169_P2,64,64
sub-0169_P2,65,65
sub-0169_P2,66,66
sub-0169_P2,67,208
sub-0169_P2,68,68
sub-0169_P2,69,69
sub-0169_P2,70,70
sub-0169_P2,71,71
sub-0169_P2,72,72
sub-0169_P2,73,73
sub-0169_P2,74,74
sub-0169_P2,75,75
sub-0169_P2,76,76
sub-0169_P2,77,77
sub-0169_P2,78,78
sub-0169_P2,79,79
sub-0169_P2,80,80
sub-0169_P2,81,81
sub-0169_P2,82,82
sub-0169_P2,83,83
sub-0169_P2,84,84
sub-0169_P2,85,85
sub-0169_P2,86,86
sub-0169_P2,87,87
sub-0169_P2,88,88
sub-0169_P2,89,89
sub-0169_P2,90,90
sub-0169_P2,91,91
sub-0169_P2,92,92
sub-0169_P2,93,93
sub-0169_P2,94,94
sub-0169_P2,95,95
sub-0169_P2,96,96
sub-0169_P2,97,97
sub-0169_P2,98,98
sub-0169_P2,99,99
sub-0169_P2,100,100
sub-0169_P2,101,101
sub-0169_P2,102,102
sub-0169_P2,103,103
sub-0169_P2,104,104
sub-0169_P2,105,105
sub-0169_P2,106,106
sub-0169_P2,107,107
sub-0169_P2,108,108
sub-0169_P2,109,109
sub-0169_P2,110,110
sub-0169_P2,111,111
sub-0169_P2,112,112
sub-0169_P2,113,118
sub-0169_P2,114,147
sub-0169_P2,115,115
sub-0169_P2,116,116
sub-0169_P2,117,117
sub-0169_P2,118,118
sub-0169_P2,119,119
sub-0169_P2,120,120
sub-0169_P2,121,121
sub-0169_P2,122,122
sub-0169_P2,123,123
sub-0169_P2,124,124
sub-0169_P2,125,125
sub-0169_P2,126,126
sub-0169_P2,127,127
sub-0169_P2,128,128
sub-0169_P2,129,129
sub-0169_P2,130,130
sub-0169_P2,131,131
sub-0169_P2,132,29
sub-0169_P2,133,133
sub-0169_P2,134,134
sub-0169_P2,135,135
sub-0169_P2,136,136
sub-0169_P2,137,137
sub-0169_P2,138,138
sub-0169_P2,139,139
sub-0169_P2,140,140
sub-0169_P2,141,141
sub-0169_P2,142,142
sub-0169_P2,143,144
sub-0169_P2,144,144
sub-0169_P2,145,145
sub-0169_P2,146,146
sub-0169_P2,147,147
sub-0169_P2,148,148
sub-0169_P2,149,149
sub-0169_P2,150,150
sub-0169_P2,151,151
sub-0169_P2,152,152
sub-0169_P2,153,153
sub-0169_P2,154,154
sub-0169_P2,155,155
sub-0169_P2,156,50
sub-0169_P2,157,157
sub-0169_P2,158,158
sub-0169_P2,159,159
sub-0169_P2,160,160
sub-0169_P2,161,161
sub-0169_P2,162,162
sub-0169_P2,163,163
sub-0169_P2,164,164
sub-0169_P2,165,165
sub-0169_P2,166,166
sub-0169_P2,167,167
sub-0169_P2,168,168
sub-0169_P2,169,169
sub-0169_P2,170,170
sub-0169_P2,171,171
sub-0169_P2,172,172
sub-0169_P2,173,173
sub-0169_P2,174,174
sub-0169_P2,175,175
sub-0169_P2,176,176
sub-0169_P2,177,177
sub-0169_P2,178,178
sub-0169_P2,179,179
sub-0169_P2,180,180
sub-0169_P2,181,181
sub-0169_P2,182,182
sub-0169_P2,183,183
sub-0169_P2,184,184
sub-0169_P2,185,185
sub-0169_P2,186,186
sub-0169_P2,187,187
sub-0169_P2,188,188
sub-0169_P2,189,189
sub-0169_P2,190,190
sub-0169_P2,191,191
sub-0169_P2,192,192
sub-0169_P2,193,202
sub-0169_P2,194,8
sub-0169_P2,195,195
sub-0169_P2,196,196
sub-0169_P2,197,197
sub-0169_P2,198,198
sub-0169_P2,199,199
sub-0169_P2,200,200
sub-0169_P2,201,201
sub-0169_P2,202,202
sub-0169_P2,203,203
sub-0169_P2,204,207
sub-0169_P2,205,205
sub-0169_P2,206,206
sub-0169_P2,207,207
sub-0169_P2,208,208
sub-0169_P2,209,209
sub-0169_P2,210,210
sub-0169_P2,211,187
sub-0169_P2,212,212
sub-0169_P2,213,213
sub-0169_P2,214,214
sub-0169_P2,215,215
sub-0169_P2,216,216
sub-0169_P2,217,218
sub-0169_P2,218,218
sub-0169_P2,219,219
sub-0169_P2,220,220
sub-0169_P2,221,221
sub-0169_P2,222,222
sub-0169_P2,223,223
sub-0169_P2,224,224
sub-0169_P2,225,225
sub-0169_P2,226,226
sub-0169_P2,227,227
sub-0169_P2,228,228
sub-0169_P2,229,229
sub-0169_P2,230,230
sub-0169_P2,231,231
sub-0170_P2,0,0
sub-0170_P2,1,1
sub-0170_P2,2,3
sub-0170_P2,3,3
sub-0170_P2,4,4
sub-0170_P2,5,5
sub-0170_P2,6,6
sub-0170_P2,7,7
sub-0170_P2,8,8
sub-0170_P2,9,9
sub-0170_P2,10,10
sub-0170_P2,11,11
sub-0170_P2,12,12
sub-0170_P2,13,13
sub-0170_P2,14,14
sub-0170_P2,15,15
sub-0170_P2,16,16
sub-0170_P2,17,17
sub-0170_P2,18,18
sub-0170_P2,19,19
sub-0170_P2,20,20
sub-0170_P2,21,21
sub-0170_P2,22,22
sub-0170_P2,23,23
sub-0170_P2,24,24
sub-0170_P2,25,25
sub-0170_P2,26,26
sub-0170_P2,27,27
sub-0170_P2,28,28
sub-0170_P2,29,29
sub-0170_P2,30,30
sub-0170_P2,31,31
sub-0170_P2,32,32
sub-0170_P2,33,33
sub-0170_P2,34,140
sub-0170_P2,35,35
sub-0170_P2,36,36
sub-0170_P2,37,37
sub-0170_P2,38,38
sub-0170_P2,39,39
sub-0170_P2,40,40
sub-0170_P2,41,41
sub-0170_P2,42,91
sub-0170_P2,43,43
sub-0170_P2,44,44
sub-0170_P2,45,45
sub-0170_P2,46,46
sub-0170_P2,47,47
sub-0170_P2,48,226
sub-0170_P2,49,49
sub-0170_P2,50,50
sub-0170_P2,51,79
sub-0170_P2,52,52
sub-0170_P2,53,53
sub-0170_P2,54,169
sub-0170_P2,55,211
sub-0170_P2,56,56
sub-0170_P2,57,57
sub-0170_P2,58,58
sub-0170_P2,59,59
sub-0170_P2,60,60
sub-0170_P2,61,60
sub-0170_P2,62,62
sub-0170_P2,63,63
sub-0170_P2,64,64
sub-0170_P2,65,65
sub-0170_P2,66,70
sub-0170_P2,67,67
sub-0170_P2,68,68
sub-0170_P2,69,69
sub-0170_P2,70,70
sub-0170_P2,71,71
sub-0170_P2,72,72
sub-0170_P2,73,73
sub-0170_P2,74,74
sub-0170_P2,75,75
sub-0170_P2,76,76
sub-0170_P2,77,77
sub-0170_P2,78,78
sub-0170_P2,79,79
sub-0170_P2,80,80
sub-0170_P2,81,81
sub-0170_P2,82,82
sub-0170_P2,83,83
sub-0170_P2,84,84
sub-0170_P2,85,85
sub-0170_P2,86,86
sub-0170_P2,87,87
sub-0170_P2,88,88
sub-0170_P2,89,89
sub-0170_P2,90,90
sub-0170_P2,91,91
sub-0170_P2,92,92
sub-0170_P2,93,93
sub-0170_P2,94,94
sub-0170_P2,95,95
sub-0170_P2,96,96
sub-0170_P2,97,97
sub-0170_P2,98,98
sub-0170_P2,99,99
sub-0170_P2,100,100
sub-0170_P2,101,101
sub-0170_P2,102,102
sub-0170_P2,103,103
sub-0170_P2,104,104
sub-0170_P2,105,105
sub-0170_P2,106,106
sub-0170_P2,107,107
sub-0170_P2,108,108
sub-0170_P2,109,109
sub-0170_P2,110,110
sub-0170_P2,111,111
sub-0170_P2,112,35
sub-0170_P2,113,113
sub-0170_P2,114,114
sub-0170_P2,115,115
sub-0170_P2,116,116
sub-0170_P2,117,117
sub-0170_P2,118,118
sub-0170_P2,119,119
sub-0170_P2,120,120
sub-0170_P2,121,121
sub-0170_P2,122,122
sub-0170_P2,123,123
sub-0170_P2,124,124
sub-0170_P2,125,125
sub-0170_P2,126,126
sub-0170_P2,127,127
sub-0170_P2,128,128
sub-0170_P2,129,129
sub-0170_P2,130,130
sub-0170_P2,131,131
sub-0170_P2,132,132
sub-0170_P2,133,133
sub-0170_P2,134,134
sub-0170_P2,135,135
sub-0170_P2,136,136
sub-0170_P2,137,137
sub-0170_P2,138,138
sub-0170_P2,139,139
sub-0170_P2,140,140
sub-0170_P2,141,141
sub-0170_P2,142,142
sub-0170_P2,143,143
sub-0170_P2,144,144
sub-0170_P2,145,145
sub-0170_P2,146,146
sub-0170_P2,147,147
sub-0170_P2,148,148
sub-0170_P2,149,149
sub-0170_P2,150,150
sub-0170_P2,151,151
sub-0170_P2,152,152
sub-0170_P2,153,153
sub-0170_P2,154,154
sub-0170_P2,155,155
sub-0170_P2,156,156
sub-0170_P2,157,157
sub-0170_P2,158,76
sub-0170_P2,159,159
sub-0170_P2,160,52
sub-0170_P2,161,161
sub-0170_P2,162,162
sub-0170_P2,163,29
sub-0170_P2,164,164
sub-0170_P2,165,165
sub-0170_P2,166,166
sub-0170_P2,167,167
sub-0170_P2,168,168
sub-0170_P2,169,169
sub-0170_P2,170,170
sub-0170_P2,171,171
sub-0170_P2,172,172
sub-0170_P2,173,173
sub-0170_P2,174,174
sub-0170_P2,175,175
sub-0170_P2,176,176
sub-0170_P2,177,177
sub-0170_P2,178,178
sub-0170_P2,179,179
sub-0170_P2,180,180
sub-0170_P2,181,181
sub-0170_P2,182,182
sub-0170_P2,183,183
sub-0170_P2,184,184
sub-0170_P2,185,185
sub-0170_P2,186,186
sub-0170_P2,187,187
sub-0170_P2,188,188
sub-0170_P2,189,189
sub-0170_P2,190,190
sub-0170_P2,191,191
sub-0170_P2,192,192
sub-0170_P2,193,170
sub-0170_P2,194,194
sub-0170_P2,195,195
sub-0170_P2,196,196
sub-0170_P2,197,197
sub-0170_P2,198,198
sub-0170_P2,199,199
sub-0170_P2,200,200
sub-0170_P2,201,201
sub-0170_P2,202,202
sub-0170_P2,203,203
sub-0170_P2,204,204
sub-0170_P2,205,205
sub-0170_P2,206,206
sub-0170_P2,207,207
sub-0170_P2,208,208
sub-0170_P2,209,209
sub-0170_P2,210,211
sub-0170_P2,211,211
sub-0170_P2,212,212
sub-0170_P2,213,213
sub-0170_P2,214,214
sub-0170_P2,215,215
sub-0170_P2,216,216
sub-0170_P2,217,217
sub-0170_P2,218,218
sub-0170_P2,219,219
sub-0170_P2,220,220
sub-0170_P2,221,221
sub-0170_P2,222,222
sub-0170_P2,223,223
sub-0170_P2,224,224
sub-0170_P2,225,225
sub-0170_P2,226,226
sub-0170_P2,227,227
sub-0170_P2,228,228
sub-0170_P2,229,229
sub-0170_P2,230,230
sub-0170_P2,231,231
sub-0171_P2,0,0
sub-0171_P2,1,1
sub-0171_P2,2,2
sub-0171_P2,3,3
sub-0171_P2,4,4
sub-0171_P2,5,5
sub-0171_P2,6,6
sub-0171_P2,7,7
sub-0171_P2,8,8
sub-0171_P2,9,9
sub-0171_P2,10,10
sub-0171_P2,11,11
sub-0171_P2,12,12
sub-0171_P2,13,13
sub-0171_P2,14,14
sub-0171_P2,15,15
sub-0171_P2,16,16
sub-0171_P2,17,17
sub-0171_P2,18,18
sub-0171_P2,19,19
sub-0171_P2,20,20
sub-0171_P2,21,127
sub-0171_P2,22,22
sub-0171_P2,23,23
sub-0171_P2,24,24
sub-0171_P2,25,25
sub-0171_P2,26,26
sub-0171_P2,27,27
sub-0171_P2,28,28
sub-0171_P2,29,29
sub-0171_P2,30,30
sub-0171_P2,31,31
sub-0171_P2,32,32
sub-0171_P2,33,33
sub-0171_P2,34,34
sub-0171_P2,35,35
sub-0171_P2,36,36
sub-0171_P2,37,37
sub-0171_P2,38,38
sub-0171_P2,39,39
sub-0171_P2,40,40
sub-0171_P2,41,41
sub-0171_P2,42,42
sub-0171_P2,43,43
sub-0171_P2,44,44
sub-0171_P2,45,45
sub-0171_P2,46,46
sub-0171_P2,47,47
sub-0171_P2,48,48
sub-0171_P2,49,49
sub-0171_P2,50,92
sub-0171_P2,51,51
sub-0171_P2,52,52
sub-0171_P2,53,218
sub-0171_P2,54,54
sub-0171_P2,55,55
sub-0171_P2,56,220
sub-0171_P2,57,57
sub-0171_P2,58,58
sub-0171_P2,59,59
sub-0171_P2,60,60
sub-0171_P2,61,61
sub-0171_P2,62,62
sub-0171_P2,63,63
sub-0171_P2,64,64
sub-0171_P2,65,65
sub-0171_P2,66,66
sub-0171_P2,67,67
sub-0171_P2,68,68
sub-0171_P2,69,69
sub-0171_P2,70,70
sub-0171_P2,71,71
sub-0171_P2,72,72
sub-0171_P2,73,73
sub-0171_P2,74,74
sub-0171_P2,75,75
sub-0171_P2,76,76
sub-0171_P2,77,77
sub-0171_P2,78,78
sub-0171_P2,79,79
sub-0171_P2,80,80
sub-0171_P2,81,81
sub-0171_P2,82,82
sub-0171_P2,83,83
sub-0171_P2,84,84
sub-0171_P2,85,85
sub-0171_P2,86,86
sub-0171_P2,87,87
sub-0171_P2,88,88
sub-0171_P2,89,89
sub-0171_P2,90,91
sub-0171_P2,91,91
sub-0171_P2,92,92
sub-0171_P2,93,93
sub-0171_P2,94,94
sub-0171_P2,95,95
sub-0171_P2,96,96
sub-0171_P2,97,97
sub-0171_P2,98,98
sub-0171_P2,99,99
sub-0171_P2,100,100
sub-0171_P2,101,101
sub-0171_P2,102,102
sub-0171_P2,103,103
sub-0171_P2,104,104
sub-0171_P2,105,105
sub-0171_P2,106,106
sub-0171_P2,107,107
sub-0171_P2,108,108
sub-0171_P2,109,109
sub-0171_P2,110,110
sub-0171_P2,111,111
sub-0171_P2,112,112
sub-0171_P2,113,113
sub-0171_P2,114,114
sub-0171_P2,115,115
sub-0171_P2,116,116
sub-0171_P2,117,117
sub-0171_P2,118,118
sub-0171_P2,119,119
sub-0171_P2,120,120
sub-0171_P2,121,121
sub-0171_P2,122,122
sub-0171_P2,123,123
sub-0171_P2,124,124
sub-0171_P2,125,125
sub-0171_P2,126,126
sub-0171_P2,127,127
sub-0171_P2,128,128
sub-0171_P2,129,129
sub-0171_P2,130,130
sub-0171_P2,131,131
sub-0171_P2,132,132
sub-0171_P2,133,133
sub-0171_P2,134,134
sub-0171_P2,135,135
sub-0171_P2,136,136
sub-0171_P2,137,137
sub-0171_P2,138,138
sub-0171_P2,139,139
sub-0171_P2,140,140
sub-0171_P2,141,141
sub-0171_P2,142,142
sub-0171_P2,143,153
sub-0171_P2,144,205
sub-0171_P2,145,145
sub-0171_P2,146,146
sub-0171_P2,147,147
sub-0171_P2,148,148
sub-0171_P2,149,149
sub-0171_P2,150,150
sub-0171_P2,151,151
sub-0171_P2,152,152
sub-0171_P2,153,153
sub-0171_P2,154,154
sub-0171_P2,155,155
sub-0171_P2,156,156
sub-0171_P2,157,157
sub-0171_P2,158,79
sub-0171_P2,159,159
sub-0171_P2,160,219
sub-0171_P2,161,161
sub-0171_P2,162,162
sub-0171_P2,163,163
sub-0171_P2,164,164
sub-0171_P2,165,165
sub-0171_P2,166,166
sub-0171_P2,167,167
sub-0171_P2,168,168
sub-0171_P2,169,169
sub-0171_P2,170,170
sub-0171_P2,171,173
sub-0171_P2,172,172
sub-0171_P2,173,173
sub-0171_P2,174,175
sub-0171_P2,175,175
sub-0171_P2,176,176
sub-0171_P2,177,177
sub-0171_P2,178,178
sub-0171_P2,179,179
sub-0171_P2,180,180
sub-0171_P2,181,181
sub-0171_P2,182,182
sub-0171_P2,183,183
sub-0171_P2,184,184
sub-0171_P2,185,185
sub-0171_P2,186,186
sub-0171_P2,187,187
sub-0171_P2,188,188
sub-0171_P2,189,189
sub-0171_P2,190,190
sub-0171_P2,191,191
sub-0171_P2,192,192
sub-0171_P2,193,193
sub-0171_P2,194,194
sub-0171_P2,195,195
sub-0171_P2,196,131
sub-0171_P2,197,197
sub-0171_P2,198,198
sub-0171_P2,199,199
sub-0171_P2,200,200
sub-0171_P2,201,201
sub-0171_P2,202,84
sub-0171_P2,203,203
sub-0171_P2,204,123
sub-0171_P2,205,205
sub-0171_P2,206,206
sub-0171_P2,207,207
sub-0171_P2,208,208
sub-0171_P2,209,209
sub-0171_P2,210,210
sub-0171_P2,211,210
sub-0171_P2,212,212
sub-0171_P2,213,213
sub-0171_P2,214,214
sub-0171_P2,215,215
sub-0171_P2,216,216
sub-0171_P2,217,201
sub-0171_P2,218,218
sub-0171_P2,219,219
sub-0171_P2,220,220
sub-0171_P2,221,221
sub-0171_P2,222,222
sub-0171_P2,223,207
sub-0171_P2,224,224
sub-0171_P2,225,225
sub-0171_P2,226,226
sub-0171_P2,227,189
sub-0171_P2,228,228
sub-0171_P2,229,229
sub-0171_P2,230,230
sub-0171_P2,231,215
sub-0172_P2,0,0
sub-0172_P2,1,1
sub-0172_P2,2,2
sub-0172_P2,3,3
sub-0172_P2,4,4
sub-0172_P2,5,5
sub-0172_P2,6,6
sub-0172_P2,7,7
sub-0172_P2,8,8
sub-0172_P2,9,9
sub-0172_P2,10,10
sub-0172_P2,11,11
sub-0172_P2,12,12
sub-0172_P2,13,13
sub-0172_P2,14,14
sub-0172_P2,15,15
sub-0172_P2,16,16
sub-0172_P2,17,17
sub-0172_P2,18,18
sub-0172_P2,19,19
sub-0172_P2,20,20
sub-0172_P2,21,21
sub-0172_P2,22,22
sub-0172_P2,23,23
sub-0172_P2,24,24
sub-0172_P2,25,24
sub-0172_P2,26,26
sub-0172_P2,27,27
sub-0172_P2,28,28
sub-0172_P2,29,29
sub-0172_P2,30,30
sub-0172_P2,31,31
sub-0172_P2,32,32
sub-0172_P2,33,33
sub-0172_P2,34,34
sub-0172_P2,35,35
sub-0172_P2,36,36
sub-0172_P2,37,37
sub-0172_P2,38,38
sub-0172_P2,39,39
sub-0172_P2,40,40
sub-0172_P2,41,41
sub-0172_P2,42,42
sub-0172_P2,43,43
sub-0172_P2,44,44
sub-0172_P2,45,45
sub-0172_P2,46,46
sub-0172_P2,47,47
sub-0172_P2,48,48
sub-0172_P2,49,49
sub-0172_P2,50,50
sub-0172_P2,51,51
sub-0172_P2,52,52
sub-0172_P2,53,53
sub-0172_P2,54,54
sub-0172_P2,55,55
sub-0172_P2,56,56
sub-0172_P2,57,57
sub-0172_P2,58,58
sub-0172_P2,59,59
sub-0172_P2,60,60
sub-0172_P2,61,61
sub-0172_P2,62,63
sub-0172_P2,63,63
sub-0172_P2,64,64
sub-0172_P2,65,65
sub-0172_P2,66,66
sub-0172_P2,67,175
sub-0172_P2,68,68
sub-0172_P2,69,69
sub-0172_P2,70,70
sub-0172_P2,71,71
sub-0172_P2,72,72
sub-0172_P2,73,73
sub-0172_P2,74,74
sub-0172_P2,75,75
sub-0172_P2,76,76
sub-0172_P2,77,77
sub-0172_P2,78,78
sub-0172_P2,79,79
sub-0172_P2,80,177
sub-0172_P2,81,81
sub-0172_P2,82,82
sub-0172_P2,83,83
sub-0172_P2,84,84
sub-0172_P2,85,98
sub-0172_P2,86,86
sub-0172_P2,87,87
sub-0172_P2,88,88
sub-0172_P2,89,89
sub-0172_P2,90,90
sub-0172_P2,91,91
sub-0172_P2,92,92
sub-0172_P2,93,93
sub-0172_P2,94,94
sub-0172_P2,95,95
sub-0172_P2,96,96
sub-0172_P2,97,97
sub-0172_P2,98,98
sub-0172_P2,99,99
sub-0172_P2,100,100
sub-0172_P2,101,101
sub-0172_P2,102,102
sub-0172_P2,103,103
sub-0172_P2,104,104
sub-0172_P2,105,105
sub-0172_P2,106,106
sub-0172_P2,107,107
sub-0172_P2,108,108
sub-0172_P2,109,109
sub-0172_P2,110,110
sub-0172_P2,111,111
sub-0172_P2,112,112
sub-0172_P2,113,113
sub-0172_P2,114,114
sub-0172_P2,115,115
sub-0172_P2,116,116
sub-0172_P2,117,117
sub-0172_P2,118,118
sub-0172_P2,119,119
sub-0172_P2,120,120
sub-0172_P2,121,121
sub-0172_P2,122,122
sub-0172_P2,123,123
sub-0172_P2,124,124
sub-0172_P2,125,125
sub-0172_P2,126,126
sub-0172_P2,127,127
sub-0172_P2,128,128
sub-0172_P2,129,129
sub-0172_P2,130,130
sub-0172_P2,131,131
sub-0172_P2,132,132
sub-0172_P2,133,31
sub-0172_P2,134,134
sub-0172_P2,135,135
sub-0172_P2,136,136
sub-0172_P2,137,137
sub-0172_P2,138,138
sub-0172_P2,139,139
sub-0172_P2,140,63
sub-0172_P2,141,141
sub-0172_P2,142,142
sub-0172_P2,143,143
sub-0172_P2,144,144
sub-0172_P2,145,145
sub-0172_P2,146,146
sub-0172_P2,147,147
sub-0172_P2,148,148
sub-0172_P2,149,149
sub-0172_P2,150,150
sub-0172_P2,151,151
sub-0172_P2,152,152
sub-0172_P2,153,153
sub-0172_P2,154,154
sub-0172_P2,155,155
sub-0172_P2,156,156
sub-0172_P2,157,157
sub-0172_P2,158,158
sub-0172_P2,159,159
sub-0172_P2,160,160
sub-0172_P2,161,161
sub-0172_P2,162,162
sub-0172_P2,163,163
sub-0172_P2,164,164
sub-0172_P2,165,165
sub-0172_P2,166,166
sub-0172_P2,167,167
sub-0172_P2,168,168
sub-0172_P2,169,169
sub-0172_P2,170,170
sub-0172_P2,171,171
sub-0172_P2,172,172
sub-0172_P2,173,173
sub-0172_P2,174,174
sub-0172_P2,175,175
sub-0172_P2,176,176
sub-0172_P2,177,177
sub-0172_P2,178,178
sub-0172_P2,179,179
sub-0172_P2,180,180
sub-0172_P2,181,181
sub-0172_P2,182,182
sub-0172_P2,183,183
sub-0172_P2,184,184
sub-0172_P2,185,185
sub-0172_P2,186,186
sub-0172_P2,187,187
sub-0172_P2,188,188
sub-0172_P2,189,189
sub-0172_P2,190,190
sub-0172_P2,191,191
sub-0172_P2,192,192
sub-0172_P2,193,193
sub-0172_P2,194,194
sub-0172_P2,195,195
sub-0172_P2,196,196
sub-0172_P2,197,197
sub-0172_P2,198,198
sub-0172_P2,199,199
sub-0172_P2,200,200
sub-0172_P2,201,201
sub-0172_P2,202,202
sub-0172_P2,203,203
sub-0172_P2,204,204
sub-0172_P2,205,205
sub-0172_P2,206,206
sub-0172_P2,207,207
sub-0172_P2,208,208
sub-0172_P2,209,209
sub-0172_P2,210,211
sub-0172_P2,211,211
sub-0172_P2,212,212
sub-0172_P2,213,213
sub-0172_P2,214,214
sub-0172_P2,215,215
sub-0172_P2,216,216
sub-0172_P2,217,217
sub-0172_P2,218,218
sub-0172_P2,219,219
sub-0172_P2,220,220
sub-0172_P2,221,221
sub-0172_P2,222,222
sub-0172_P2,223,223
sub-0172_P2,224,224
sub-0172_P2,225,225
sub-0172_P2,226,226
sub-0172_P2,227,227
sub-0172_P2,228,228
sub-0172_P2,229,229
sub-0172_P2,230,230
sub-0172_P2,231,214
sub-0173_P2,0,0
sub-0173_P2,1,1
sub-0173_P2,2,2
sub-0173_P2,3,3
sub-0173_P2,4,4
sub-0173_P2,5,5
sub-0173_P2,6,6
sub-0173_P2,7,163
sub-0173_P2,8,8
sub-0173_P2,9,9
sub-0173_P2,10,10
sub-0173_P2,11,11
sub-0173_P2,12,12
sub-0173_P2,13,13
sub-0173_P2,14,14
sub-0173_P2,15,15
sub-0173_P2,16,16
sub-0173_P2,17,17
sub-0173_P2,18,18
sub-0173_P2,19,13
sub-0173_P2,20,20
sub-0173_P2,21,21
sub-0173_P2,22,22
sub-0173_P2,23,23
sub-0173_P2,24,24
sub-0173_P2,25,25
sub-0173_P2,26,26
sub-0173_P2,27,27
sub-0173_P2,28,28
sub-0173_P2,29,29
sub-0173_P2,30,30
sub-0173_P2,31,29
sub-0173_P2,32,32
sub-0173_P2,33,33
sub-0173_P2,34,34
sub-0173_P2,35,35
sub-0173_P2,36,36
sub-0173_P2,37,37
sub-0173_P2,38,38
sub-0173_P2,39,143
sub-0173_P2,40,40
sub-0173_P2,41,41
sub-0173_P2,42,42
sub-0173_P2,43,43
sub-0173_P2,44,44
sub-0173_P2,45,45
sub-0173_P2,46,46
sub-0173_P2,47,47
sub-0173_P2,48,48
sub-0173_P2,49,49
sub-0173_P2,50,92
sub-0173_P2,51,51
sub-0173_P2,52,52
sub-0173_P2,53,53
sub-0173_P2,54,54
sub-0173_P2,55,55
sub-0173_P2,56,56
sub-0173_P2,57,57
sub-0173_P2,58,58
sub-0173_P2,59,59
sub-0173_P2,60,60
sub-0173_P2,61,61
sub-0173_P2,62,62
sub-0173_P2,63,63
sub-0173_P2,64,64
sub-0173_P2,65,65
sub-0173_P2,66,66
sub-0173_P2,67,67
sub-0173_P2,68,68
sub-0173_P2,69,99
sub-0173_P2,70,70
sub-0173_P2,71,71
sub-0173_P2,72,133
sub-0173_P2,73,54
sub-0173_P2,74,74
sub-0173_P2,75,75
sub-0173_P2,76,76
sub-0173_P2,77,77
sub-0173_P2,78,78
sub-0173_P2,79,79
sub-0173_P2,80,51
sub-0173_P2,81,81
sub-0173_P2,82,82
sub-0173_P2,83,83
sub-0173_P2,84,84
sub-0173_P2,85,98
sub-0173_P2,86,86
sub-0173_P2,87,87
sub-0173_P2,88,88
sub-0173_P2,89,89
sub-0173_P2,90,149
sub-0173_P2,91,91
sub-0173_P2,92,92
sub-0173_P2,93,93
sub-0173_P2,94,94
sub-0173_P2,95,95
sub-0173_P2,96,96
sub-0173_P2,97,97
sub-0173_P2,98,98
sub-0173_P2,99,99
sub-0173_P2,100,100
sub-0173_P2,101,101
sub-0173_P2,102,102
sub-0173_P2,103,103
sub-0173_P2,104,104
sub-0173_P2,105,105
sub-0173_P2,106,106
sub-0173_P2,107,107
sub-0173_P2,108,108
sub-0173_P2,109,109
sub-0173_P2,110,110
sub-0173_P2,111,111
sub-0173_P2,112,112
sub-0173_P2,113,113
sub-0173_P2,114,114
sub-0173_P2,115,115
sub-0173_P2,116,116
sub-0173_P2,117,117
sub-0173_P2,118,118
sub-0173_P2,119,119
sub-0173_P2,120,120
sub-0173_P2,121,121
sub-0173_P2,122,122
sub-0173_P2,123,123
sub-0173_P2,124,124
sub-0173_P2,125,125
sub-0173_P2,126,126
sub-0173_P2,127,127
sub-0173_P2,128,128
sub-0173_P2,129,129
sub-0173_P2,130,130
sub-0173_P2,131,118
sub-0173_P2,132,132
sub-0173_P2,133,133
sub-0173_P2,134,134
sub-0173_P2,135,135
sub-0173_P2,136,136
sub-0173_P2,137,137
sub-0173_P2,138,138
sub-0173_P2,139,139
sub-0173_P2,140,140
sub-0173_P2,141,141
sub-0173_P2,142,142
sub-0173_P2,143,143
sub-0173_P2,144,144
sub-0173_P2,145,145
sub-0173_P2,146,146
sub-0173_P2,147,147
sub-0173_P2,148,148
sub-0173_P2,149,149
sub-0173_P2,150,150
sub-0173_P2,151,151
sub-0173_P2,152,152
sub-0173_P2,153,153
sub-0173_P2,154,154
sub-0173_P2,155,155
sub-0173_P2,156,79
sub-0173_P2,157,157
sub-0173_P2,158,158
sub-0173_P2,159,159
sub-0173_P2,160,160
sub-0173_P2,161,161
sub-0173_P2,162,162
sub-0173_P2,163,163
sub-0173_P2,164,164
sub-0173_P2,165,165
sub-0173_P2,166,166
sub-0173_P2,167,167
sub-0173_P2,168,168
sub-0173_P2,169,169
sub-0173_P2,170,99
sub-0173_P2,171,171
sub-0173_P2,172,172
sub-0173_P2,173,173
sub-0173_P2,174,174
sub-0173_P2,175,175
sub-0173_P2,176,176
sub-0173_P2,177,177
sub-0173_P2,178,178
sub-0173_P2,179,179
sub-0173_P2,180,180
sub-0173_P2,181,181
sub-0173_P2,182,182
sub-0173_P2,183,183
sub-0173_P2,184,184
sub-0173_P2,185,185
sub-0173_P2,186,186
sub-0173_P2,187,187
sub-0173_P2,188,188
sub-0173_P2,189,189
sub-0173_P2,190,190
sub-0173_P2,191,191
sub-0173_P2,192,192
sub-0173_P2,193,193
sub-0173_P2,194,194
sub-0173_P2,195,195
sub-0173_P2,196,203
sub-0173_P2,197,143
sub-0173_P2,198,198
sub-0173_P2,199,199
sub-0173_P2,200,200
sub-0173_P2,201,201
sub-0173_P2,202,202
sub-0173_P2,203,203
sub-0173_P2,204,54
sub-0173_P2,205,205
sub-0173_P2,206,206
sub-0173_P2,207,207
sub-0173_P2,208,55
sub-0173_P2,209,209
sub-0173_P2,210,210
sub-0173_P2,211,211
sub-0173_P2,212,212
sub-0173_P2,213,213
sub-0173_P2,214,214
sub-0173_P2,215,215
sub-0173_P2,216,216
sub-0173_P2,217,217
sub-0173_P2,218,203
sub-0173_P2,219,219
sub-0173_P2,220,220
sub-0173_P2,221,221
sub-0173_P2,222,222
sub-0173_P2,223,223
sub-0173_P2,224,224
sub-0173_P2,225,225
sub-0173_P2,226,226
sub-0173_P2,227,227
sub-0173_P2,228,228
sub-0173_P2,229,229
sub-0173_P2,230,230
sub-0173_P2,231,231
sub-0174_P2,0,0
sub-0174_P2,1,1
sub-0174_P2,2,2
sub-0174_P2,3,3
sub-0174_P2,4,4
sub-0174_P2,5,5
sub-0174_P2,6,6
sub-0174_P2,7,7
sub-0174_P2,8,8
sub-0174_P2,9,9
sub-0174_P2,10,10
sub-0174_P2,11,11
sub-0174_P2,12,12
sub-0174_P2,13,13
sub-0174_P2,14,14
sub-0174_P2,15,15
sub-0174_P2,16,16
sub-0174_P2,17,17
sub-0174_P2,18,18
sub-0174_P2,19,19
sub-0174_P2,20,20
sub-0174_P2,21,21
sub-0174_P2,22,22
sub-0174_P2,23,23
sub-0174_P2,24,24
sub-0174_P2,25,25
sub-0174_P2,26,26
sub-0174_P2,27,27
sub-0174_P2,28,204
sub-0174_P2,29,29
sub-0174_P2,30,30
sub-0174_P2,31,31
sub-0174_P2,32,32
sub-0174_P2,33,33
sub-0174_P2,34,34
sub-0174_P2,35,35
sub-0174_P2,36,36
sub-0174_P2,37,37
sub-0174_P2,38,38
sub-0174_P2,39,39
sub-0174_P2,40,40
sub-0174_P2,41,41
sub-0174_P2,42,42
sub-0174_P2,43,43
sub-0174_P2,44,44
sub-0174_P2,45,45
sub-0174_P2,46,46
sub-0174_P2,47,47
sub-0174_P2,48,48
sub-0174_P2,49,49
sub-0174_P2,50,50
sub-0174_P2,51,169
sub-0174_P2,52,52
sub-0174_P2,53,53
sub-0174_P2,54,54
sub-0174_P2,55,55
sub-0174_P2,56,56
sub-0174_P2,57,57
sub-0174_P2,58,58
sub-0174_P2,59,59
sub-0174_P2,60,60
sub-0174_P2,61,61
sub-0174_P2,62,62
sub-0174_P2,63,63
sub-0174_P2,64,64
sub-0174_P2,65,65
sub-0174_P2,66,66
sub-0174_P2,67,67
sub-0174_P2,68,68
sub-0174_P2,69,69
sub-0174_P2,70,69
sub-0174_P2,71,71
sub-0174_P2,72,72
sub-0174_P2,73,73
sub-0174_P2,74,74
sub-0174_P2,75,75
sub-0174_P2,76,76
sub-0174_P2,77,227
sub-0174_P2,78,78
sub-0174_P2,79,79
sub-0174_P2,80,51
sub-0174_P2,81,187
sub-0174_P2,82,82
sub-0174_P2,83,83
sub-0174_P2,84,84
sub-0174_P2,85,85
sub-0174_P2,86,64
sub-0174_P2,87,87
sub-0174_P2,88,88
sub-0174_P2,89,89
sub-0174_P2,90,90
sub-0174_P2,91,91
sub-0174_P2,92,92
sub-0174_P2,93,93
sub-0174_P2,94,94
sub-0174_P2,95,95
sub-0174_P2,96,96
sub-0174_P2,97,97
sub-0174_P2,98,98
sub-0174_P2,99,99
sub-0174_P2,100,3
sub-0174_P2,101,101
sub-0174_P2,102,102
sub-0174_P2,103,103
sub-0174_P2,104,104
sub-0174_P2,105,105
sub-0174_P2,106,11
sub-0174_P2,107,107
sub-0174_P2,108,108
sub-0174_P2,109,109
sub-0174_P2,110,110
sub-0174_P2,111,111
sub-0174_P2,112,112
sub-0174_P2,113,113
sub-0174_P2,114,114
sub-0174_P2,115,115
sub-0174_P2,116,116
sub-0174_P2,117,117
sub-0174_P2,118,220
sub-0174_P2,119,119
sub-0174_P2,120,120
sub-0174_P2,121,218
sub-0174_P2,122,122
sub-0174_P2,123,123
sub-0174_P2,124,124
sub-0174_P2,125,125
sub-0174_P2,126,126
sub-0174_P2,127,127
sub-0174_P2,128,128
sub-0174_P2,129,129
sub-0174_P2,130,130
sub-0174_P2,131,131
sub-0174_P2,132,132
sub-0174_P2,133,133
sub-0174_P2,134,134
sub-0174_P2,135,135
sub-0174_P2,136,136
sub-0174_P2,137,137
sub-0174_P2,138,138
sub-0174_P2,139,139
sub-0174_P2,140,143
sub-0174_P2,141,141
sub-0174_P2,142,142
sub-0174_P2,143,143
sub-0174_P2,144,144
sub-0174_P2,145,145
sub-0174_P2,146,146
sub-0174_P2,147,147
sub-0174_P2,148,148
sub-0174_P2,149,149
sub-0174_P2,150,150
sub-0174_P2,151,153
sub-0174_P2,152,152
sub-0174_P2,153,153
sub-0174_P2,154,143
sub-0174_P2,155,155
sub-0174_P2,156,156
sub-0174_P2,157,51
sub-0174_P2,158,158
sub-0174_P2,159,159
sub-0174_P2,160,160
sub-0174_P2,161,161
sub-0174_P2,162,162
sub-0174_P2,163,163
sub-0174_P2,164,164
sub-0174_P2,165,165
sub-0174_P2,166,166
sub-0174_P2,167,166
sub-0174_P2,168,168
sub-0174_P2,169,169
sub-0174_P2,170,170
sub-0174_P2,171,171
sub-0174_P2,172,172
sub-0174_P2,173,173
sub-0174_P2,174,174
sub-0174_P2,175,175
sub-0174_P2,176,176
sub-0174_P2,177,177
sub-0174_P2,178,178
sub-0174_P2,179,179
sub-0174_P2,180,180
sub-0174_P2,181,181
sub-0174_P2,182,182
sub-0174_P2,183,183
sub-0174_P2,184,184
sub-0174_P2,185,185
sub-0174_P2,186,186
sub-0174_P2,187,227
sub-0174_P2,188,188
sub-0174_P2,189,189
sub-0174_P2,190,190
sub-0174_P2,191,191
sub-0174_P2,192,192
sub-0174_P2,193,193
sub-0174_P2,194,194
sub-0174_P2,195,195
sub-0174_P2,196,196
sub-0174_P2,197,197
sub-0174_P2,198,198
sub-0174_P2,199,199
sub-0174_P2,200,200
sub-0174_P2,201,201
sub-0174_P2,202,220
sub-0174_P2,203,203
sub-0174_P2,204,204
sub-0174_P2,205,205
sub-0174_P2,206,206
sub-0174_P2,207,207
sub-0174_P2,208,208
sub-0174_P2,209,143
sub-0174_P2,210,221
sub-0174_P2,211,211
sub-0174_P2,212,212
sub-0174_P2,213,213
sub-0174_P2,214,214
sub-0174_P2,215,215
sub-0174_P2,216,216
sub-0174_P2,217,217
sub-0174_P2,218,201
sub-0174_P2,219,202
sub-0174_P2,220,220
sub-0174_P2,221,221
sub-0174_P2,222,222
sub-0174_P2,223,223
sub-0174_P2,224,224
sub-0174_P2,225,225
sub-0174_P2,226,226
sub-0174_P2,227,227
sub-0174_P2,228,228
sub-0174_P2,229,229
sub-0174_P2,230,230
sub-0174_P2,231,231
sub-0175_P2,0,0
sub-0175_P2,1,1
sub-0175_P2,2,2
sub-0175_P2,3,3
sub-0175_P2,4,4
sub-0175_P2,5,5
sub-0175_P2,6,6
sub-0175_P2,7,7
sub-0175_P2,8,8
sub-0175_P2,9,9
sub-0175_P2,10,10
sub-0175_P2,11,11
sub-0175_P2,12,12
sub-0175_P2,13,13
sub-0175_P2,14,14
sub-0175_P2,15,15
sub-0175_P2,16,16
sub-0175_P2,17,17
sub-0175_P2,18,18
sub-0175_P2,19,19
sub-0175_P2,20,20
sub-0175_P2,21,21
sub-0175_P2,22,22
sub-0175_P2,23,23
sub-0175_P2,24,24
sub-0175_P2,25,25
sub-0175_P2,26,26
sub-0175_P2,27,27
sub-0175_P2,28,28
sub-0175_P2,29,29
sub-0175_P2,30,30
sub-0175_P2,31,31
sub-0175_P2,32,32
sub-0175_P2,33,33
sub-0175_P2,34,34
sub-0175_P2,35,35
sub-0175_P2,36,36
sub-0175_P2,37,119
sub-0175_P2,38,38
sub-0175_P2,39,39
sub-0175_P2,40,40
sub-0175_P2,41,41
sub-0175_P2,42,42
sub-0175_P2,43,43
sub-0175_P2,44,44
sub-0175_P2,45,45
sub-0175_P2,46,46
sub-0175_P2,47,47
sub-0175_P2,48,48
sub-0175_P2,49,49
sub-0175_P2,50,201
sub-0175_P2,51,51
sub-0175_P2,52,52
sub-0175_P2,53,53
sub-0175_P2,54,54
sub-0175_P2,55,55
sub-0175_P2,56,56
sub-0175_P2,57,57
sub-0175_P2,58,58
sub-0175_P2,59,59
sub-0175_P2,60,60
sub-0175_P2,61,61
sub-0175_P2,62,62
sub-0175_P2,63,63
sub-0175_P2,64,64
sub-0175_P2,65,65
sub-0175_P2,66,66
sub-0175_P2,67,67
sub-0175_P2,68,68
sub-0175_P2,69,69
sub-0175_P2,70,70
sub-0175_P2,71,71
sub-0175_P2,72,72
sub-0175_P2,73,73
sub-0175_P2,74,74
sub-0175_P2,75,75
sub-0175_P2,76,76
sub-0175_P2,77,77
sub-0175_P2,78,78
sub-0175_P2,79,79
sub-0175_P2,80,80
sub-0175_P2,81,81
sub-0175_P2,82,82
sub-0175_P2,83,83
sub-0175_P2,84,84
sub-0175_P2,85,85
sub-0175_P2,86,86
sub-0175_P2,87,87
sub-0175_P2,88,88
sub-0175_P2,89,89
sub-0175_P2,90,90
sub-0175_P2,91,91
sub-0175_P2,92,92
sub-0175_P2,93,93
sub-0175_P2,94,94
sub-0175_P2,95,95
sub-0175_P2,96,96
sub-0175_P2,97,97
sub-0175_P2,98,98
sub-0175_P2,99,99
sub-0175_P2,100,100
sub-0175_P2,101,101
sub-0175_P2,102,102
sub-0175_P2,103,103
sub-0175_P2,104,104
sub-0175_P2,105,105
sub-0175_P2,106,106
sub-0175_P2,107,107
sub-0175_P2,108,108
sub-0175_P2,109,8
sub-0175_P2,110,110
sub-0175_P2,111,111
sub-0175_P2,112,112
sub-0175_P2,113,113
sub-0175_P2,114,114
sub-0175_P2,115,14
sub-0175_P2,116,116
sub-0175_P2,117,117
sub-0175_P2,118,118
sub-0175_P2,119,119
sub-0175_P2,120,120
sub-0175_P2,121,121
sub-0175_P2,122,122
sub-0175_P2,123,123
sub-0175_P2,124,124
sub-0175_P2,125,125
sub-0175_P2,126,126
sub-0175_P2,127,127
sub-0175_P2,128,128
sub-0175_P2,129,129
sub-0175_P2,130,130
sub-0175_P2,131,131
sub-0175_P2,132,132
sub-0175_P2,133,133
sub-0175_P2,134,134
sub-0175_P2,135,135
sub-0175_P2,136,136
sub-0175_P2,137,137
sub-0175_P2,138,138
sub-0175_P2,139,139
sub-0175_P2,140,140
sub-0175_P2,141,141
sub-0175_P2,142,142
sub-0175_P2,143,143
sub-0175_P2,144,144
sub-0175_P2,145,145
sub-0175_P2,146,146
sub-0175_P2,147,147
sub-0175_P2,148,148
sub-0175_P2,149,149
sub-0175_P2,150,150
sub-0175_P2,151,151
sub-0175_P2,152,152
sub-0175_P2,153,153
sub-0175_P2,154,154
sub-0175_P2,155,155
sub-0175_P2,156,156
sub-0175_P2,157,157
sub-0175_P2,158,158
sub-0175_P2,159,159
sub-0175_P2,160,160
sub-0175_P2,161,161
sub-0175_P2,162,162
sub-0175_P2,163,220
sub-0175_P2,164,164
sub-0175_P2,165,165
sub-0175_P2,166,166
sub-0175_P2,167,167
sub-0175_P2,168,168
sub-0175_P2,169,169
sub-0175_P2,170,170
sub-0175_P2,171,171
sub-0175_P2,172,172
sub-0175_P2,173,173
sub-0175_P2,174,143
sub-0175_P2,175,175
sub-0175_P2,176,176
sub-0175_P2,177,177
sub-0175_P2,178,178
sub-0175_P2,179,179
sub-0175_P2,180,180
sub-0175_P2,181,181
sub-0175_P2,182,182
sub-0175_P2,183,183
sub-0175_P2,184,184
sub-0175_P2,185,185
sub-0175_P2,186,186
sub-0175_P2,187,187
sub-0175_P2,188,188
sub-0175_P2,189,189
sub-0175_P2,190,190
sub-0175_P2,191,191
sub-0175_P2,192,192
sub-0175_P2,193,193
sub-0175_P2,194,194
sub-0175_P2,195,195
sub-0175_P2,196,196
sub-0175_P2,197,197
sub-0175_P2,198,198
sub-0175_P2,199,199
sub-0175_P2,200,200
sub-0175_P2,201,201
sub-0175_P2,202,202
sub-0175_P2,203,203
sub-0175_P2,204,204
sub-0175_P2,205,205
sub-0175_P2,206,206
sub-0175_P2,207,207
sub-0175_P2,208,208
sub-0175_P2,209,209
sub-0175_P2,210,210
sub-0175_P2,211,211
sub-0175_P2,212,212
sub-0175_P2,213,213
sub-0175_P2,214,214
sub-0175_P2,215,215
sub-0175_P2,216,216
sub-0175_P2,217,217
sub-0175_P2,218,203
sub-0175_P2,219,219
sub-0175_P2,220,220
sub-0175_P2,221,221
sub-0175_P2,222,222
sub-0175_P2,223,223
sub-0175_P2,224,224
sub-0175_P2,225,225
sub-0175_P2,226,210
sub-0175_P2,227,227
sub-0175_P2,228,228
sub-0175_P2,229,229
sub-0175_P2,230,230
sub-0175_P2,231,231
sub-0176_P2,0,0
sub-0176_P2,1,1
sub-0176_P2,2,2
sub-0176_P2,3,3
sub-0176_P2,4,4
sub-0176_P2,5,5
sub-0176_P2,6,6
sub-0176_P2,7,7
sub-0176_P2,8,8
sub-0176_P2,9,9
sub-0176_P2,10,10
sub-0176_P2,11,11
sub-0176_P2,12,12
sub-0176_P2,13,13
sub-0176_P2,14,14
sub-0176_P2,15,15
sub-0176_P2,16,16
sub-0176_P2,17,17
sub-0176_P2,18,18
sub-0176_P2,19,19
sub-0176_P2,20,20
sub-0176_P2,21,21
sub-0176_P2,22,22
sub-0176_P2,23,23
sub-0176_P2,24,22
sub-0176_P2,25,25
sub-0176_P2,26,26
sub-0176_P2,27,27
sub-0176_P2,28,28
sub-0176_P2,29,29
sub-0176_P2,30,30
sub-0176_P2,31,31
sub-0176_P2,32,32
sub-0176_P2,33,33
sub-0176_P2,34,34
sub-0176_P2,35,35
sub-0176_P2,36,36
sub-0176_P2,37,116
sub-0176_P2,38,38
sub-0176_P2,39,39
sub-0176_P2,40,40
sub-0176_P2,41,41
sub-0176_P2,42,42
sub-0176_P2,43,43
sub-0176_P2,44,44
sub-0176_P2,45,45
sub-0176_P2,46,46
sub-0176_P2,47,47
sub-0176_P2,48,48
sub-0176_P2,49,49
sub-0176_P2,50,92
sub-0176_P2,51,51
sub-0176_P2,52,52
sub-0176_P2,53,53
sub-0176_P2,54,54
sub-0176_P2,55,55
sub-0176_P2,56,56
sub-0176_P2,57,57
sub-0176_P2,58,58
sub-0176_P2,59,59
sub-0176_P2,60,60
sub-0176_P2,61,61
sub-0176_P2,62,62
sub-0176_P2,63,63
sub-0176_P2,64,64
sub-0176_P2,65,142
sub-0176_P2,66,66
sub-0176_P2,67,67
sub-0176_P2,68,68
sub-0176_P2,69,69
sub-0176_P2,70,70
sub-0176_P2,71,71
sub-0176_P2,72,72
sub-0176_P2,73,182
sub-0176_P2,74,74
sub-0176_P2,75,75
sub-0176_P2,76,76
sub-0176_P2,77,77
sub-0176_P2,78,78
sub-0176_P2,79,79
sub-0176_P2,80,80
sub-0176_P2,81,81
sub-0176_P2,82,82
sub-0176_P2,83,83
sub-0176_P2,84,84
sub-0176_P2,85,85
sub-0176_P2,86,86
sub-0176_P2,87,87
sub-0176_P2,88,88
sub-0176_P2,89,89
sub-0176_P2,90,90
sub-0176_P2,91,91
sub-0176_P2,92,92
sub-0176_P2,93,93
sub-0176_P2,94,94
sub-0176_P2,95,95
sub-0176_P2,96,96
sub-0176_P2,97,97
sub-0176_P2,98,98
sub-0176_P2,99,99
sub-0176_P2,100,100
sub-0176_P2,101,56
sub-0176_P2,102,102
sub-0176_P2,103,0
sub-0176_P2,104,104
sub-0176_P2,105,105
sub-0176_P2,106,106
sub-0176_P2,107,107
sub-0176_P2,108,108
sub-0176_P2,109,109
sub-0176_P2,110,110
sub-0176_P2,111,111
sub-0176_P2,112,112
sub-0176_P2,113,113
sub-0176_P2,114,114
sub-0176_P2,115,115
sub-0176_P2,116,116
sub-0176_P2,117,117
sub-0176_P2,118,118
sub-0176_P2,119,119
sub-0176_P2,120,120
sub-0176_P2,121,121
sub-0176_P2,122,122
sub-0176_P2,123,123
sub-0176_P2,124,124
sub-0176_P2,125,125
sub-0176_P2,126,126
sub-0176_P2,127,127
sub-0176_P2,128,128
sub-0176_P2,129,129
sub-0176_P2,130,130
sub-0176_P2,131,131
sub-0176_P2,132,132
sub-0176_P2,133,133
sub-0176_P2,134,134
sub-0176_P2,135,135
sub-0176_P2,136,136
sub-0176_P2,137,137
sub-0176_P2,138,138
sub-0176_P2,139,139
sub-0176_P2,140,140
sub-0176_P2,141,141
sub-0176_P2,142,142
sub-0176_P2,143,143
sub-0176_P2,144,144
sub-0176_P2,145,145
sub-0176_P2,146,146
sub-0176_P2,147,142
sub-0176_P2,148,148
sub-0176_P2,149,149
sub-0176_P2,150,150
sub-0176_P2,151,151
sub-0176_P2,152,152
sub-0176_P2,153,153
sub-0176_P2,154,206
sub-0176_P2,155,155
sub-0176_P2,156,156
sub-0176_P2,157,157
sub-0176_P2,158,158
sub-0176_P2,159,159
sub-0176_P2,160,160
sub-0176_P2,161,161
sub-0176_P2,162,162
sub-0176_P2,163,163
sub-0176_P2,164,164
sub-0176_P2,165,165
sub-0176_P2,166,166
sub-0176_P2,167,167
sub-0176_P2,168,168
sub-0176_P2,169,169
sub-0176_P2,170,170
sub-0176_P2,171,171
sub-0176_P2,172,172
sub-0176_P2,173,173
sub-0176_P2,174,174
sub-0176_P2,175,175
sub-0176_P2,176,176
sub-0176_P2,177,177
sub-0176_P2,178,178
sub-0176_P2,179,179
sub-0176_P2,180,180
sub-0176_P2,181,181
sub-0176_P2,182,182
sub-0176_P2,183,183
sub-0176_P2,184,74
sub-0176_P2,185,185
sub-0176_P2,186,186
sub-0176_P2,187,208
sub-0176_P2,188,188
sub-0176_P2,189,189
sub-0176_P2,190,190
sub-0176_P2,191,191
sub-0176_P2,192,192
sub-0176_P2,193,193
sub-0176_P2,194,194
sub-0176_P2,195,195
sub-0176_P2,196,197
sub-0176_P2,197,197
sub-0176_P2,198,198
sub-0176_P2,199,86
sub-0176_P2,200,200
sub-0176_P2,201,201
sub-0176_P2,202,202
sub-0176_P2,203,157
sub-0176_P2,204,204
sub-0176_P2,205,205
sub-0176_P2,206,206
sub-0176_P2,207,207
sub-0176_P2,208,156
sub-0176_P2,209,209
sub-0176_P2,210,210
sub-0176_P2,211,211
sub-0176_P2,212,212
sub-0176_P2,213,213
sub-0176_P2,214,214
sub-0176_P2,215,215
sub-0176_P2,216,216
sub-0176_P2,217,217
sub-0176_P2,218,54
sub-0176_P2,219,219
sub-0176_P2,220,220
sub-0176_P2,221,221
sub-0176_P2,222,55
sub-0176_P2,223,223
sub-0176_P2,224,224
sub-0176_P2,225,225
sub-0176_P2,226,226
sub-0176_P2,227,210
sub-0176_P2,228,228
sub-0176_P2,229,229
sub-0176_P2,230,230
sub-0176_P2,231,231
sub-0177_P2,0,0
sub-0177_P2,1,1
sub-0177_P2,2,2
sub-0177_P2,3,3
sub-0177_P2,4,4
sub-0177_P2,5,5
sub-0177_P2,6,6
sub-0177_P2,7,7
sub-0177_P2,8,8
sub-0177_P2,9,9
sub-0177_P2,10,10
sub-0177_P2,11,11
sub-0177_P2,12,12
sub-0177_P2,13,13
sub-0177_P2,14,14
sub-0177_P2,15,15
sub-0177_P2,16,16
sub-0177_P2,17,17
sub-0177_P2,18,18
sub-0177_P2,19,19
sub-0177_P2,20,20
sub-0177_P2,21,21
sub-0177_P2,22,22
sub-0177_P2,23,23
sub-0177_P2,24,24
sub-0177_P2,25,25
sub-0177_P2,26,26
sub-0177_P2,27,27
sub-0177_P2,28,28
sub-0177_P2,29,29
sub-0177_P2,30,4
sub-0177_P2,31,31
sub-0177_P2,32,32
sub-0177_P2,33,33
sub-0177_P2,34,34
sub-0177_P2,35,35
sub-0177_P2,36,36
sub-0177_P2,37,37
sub-0177_P2,38,38
sub-0177_P2,39,39
sub-0177_P2,40,40
sub-0177_P2,41,41
sub-0177_P2,42,42
sub-0177_P2,43,43
sub-0177_P2,44,44
sub-0177_P2,45,45
sub-0177_P2,46,46
sub-0177_P2,47,70
sub-0177_P2,48,48
sub-0177_P2,49,49
sub-0177_P2,50,50
sub-0177_P2,51,51
sub-0177_P2,52,52
sub-0177_P2,53,53
sub-0177_P2,54,54
sub-0177_P2,55,55
sub-0177_P2,56,53
sub-0177_P2,57,57
sub-0177_P2,58,58
sub-0177_P2,59,59
sub-0177_P2,60,60
sub-0177_P2,61,61
sub-0177_P2,62,62
sub-0177_P2,63,63
sub-0177_P2,64,64
sub-0177_P2,65,65
sub-0177_P2,66,66
sub-0177_P2,67,67
sub-0177_P2,68,68
sub-0177_P2,69,69
sub-0177_P2,70,70
sub-0177_P2,71,71
sub-0177_P2,72,72
sub-0177_P2,73,73
sub-0177_P2,74,74
sub-0177_P2,75,75
sub-0177_P2,76,76
sub-0177_P2,77,77
sub-0177_P2,78,78
sub-0177_P2,79,79
sub-0177_P2,80,80
sub-0177_P2,81,81
sub-0177_P2,82,82
sub-0177_P2,83,77
sub-0177_P2,84,225
sub-0177_P2,85,85
sub-0177_P2,86,86
sub-0177_P2,87,87
sub-0177_P2,88,88
sub-0177_P2,89,89
sub-0177_P2,90,90
sub-0177_P2,91,91
sub-0177_P2,92,92
sub-0177_P2,93,91
sub-0177_P2,94,94
sub-0177_P2,95,95
sub-0177_P2,96,96
sub-0177_P2,97,97
sub-0177_P2,98,98
sub-0177_P2,99,211
sub-0177_P2,100,100
sub-0177_P2,101,101
sub-0177_P2,102,102
sub-0177_P2,103,103
sub-0177_P2,104,104
sub-0177_P2,105,105
sub-0177_P2,106,106
sub-0177_P2,107,107
sub-0177_P2,108,108
sub-0177_P2,109,107
sub-0177_P2,110,110
sub-0177_P2,111,111
sub-0177_P2,112,112
sub-0177_P2,113,113
sub-0177_P2,114,114
sub-0177_P2,115,115
sub-0177_P2,116,116
sub-0177_P2,117,117
sub-0177_P2,118,118
sub-0177_P2,119,119
sub-0177_P2,120,120
sub-0177_P2,121,121
sub-0177_P2,122,122
sub-0177_P2,123,123
sub-0177_P2,124,124
sub-0177_P2,125,125
sub-0177_P2,126,126
sub-0177_P2,127,127
sub-0177_P2,128,128
sub-0177_P2,129,129
sub-0177_P2,130,130
sub-0177_P2,131,131
sub-0177_P2,132,132
sub-0177_P2,133,133
sub-0177_P2,134,134
sub-0177_P2,135,135
sub-0177_P2,136,136
sub-0177_P2,137,63
sub-0177_P2,138,138
sub-0177_P2,139,139
sub-0177_P2,140,140
sub-0177_P2,141,145
sub-0177_P2,142,142
sub-0177_P2,143,143
sub-0177_P2,144,144
sub-0177_P2,145,145
sub-0177_P2,146,146
sub-0177_P2,147,147
sub-0177_P2,148,148
sub-0177_P2,149,149
sub-0177_P2,150,150
sub-0177_P2,151,136
sub-0177_P2,152,152
sub-0177_P2,153,153
sub-0177_P2,154,154
sub-0177_P2,155,155
sub-0177_P2,156,156
sub-0177_P2,157,157
sub-0177_P2,158,158
sub-0177_P2,159,159
sub-0177_P2,160,160
sub-0177_P2,161,161
sub-0177_P2,162,162
sub-0177_P2,163,163
sub-0177_P2,164,164
sub-0177_P2,165,165
sub-0177_P2,166,166
sub-0177_P2,167,167
sub-0177_P2,168,168
sub-0177_P2,169,169
sub-0177_P2,170,170
sub-0177_P2,171,171
sub-0177_P2,172,172
sub-0177_P2,173,173
sub-0177_P2,174,174
sub-0177_P2,175,175
sub-0177_P2,176,176
sub-0177_P2,177,187
sub-0177_P2,178,178
sub-0177_P2,179,179
sub-0177_P2,180,180
sub-0177_P2,181,181
sub-0177_P2,182,182
sub-0177_P2,183,183
sub-0177_P2,184,184
sub-0177_P2,185,185
sub-0177_P2,186,186
sub-0177_P2,187,187
sub-0177_P2,188,90
sub-0177_P2,189,189
sub-0177_P2,190,190
sub-0177_P2,191,191
sub-0177_P2,192,192
sub-0177_P2,193,193
sub-0177_P2,194,194
sub-0177_P2,195,195
sub-0177_P2,196,196
sub-0177_P2,197,197
sub-0177_P2,198,198
sub-0177_P2,199,199
sub-0177_P2,200,200
sub-0177_P2,201,201
sub-0177_P2,202,202
sub-0177_P2,203,162
sub-0177_P2,204,204
sub-0177_P2,205,205
sub-0177_P2,206,206
sub-0177_P2,207,207
sub-0177_P2,208,211
sub-0177_P2,209,209
sub-0177_P2,210,210
sub-0177_P2,211,211
sub-0177_P2,212,212
sub-0177_P2,213,213
sub-0177_P2,214,214
sub-0177_P2,215,215
sub-0177_P2,216,216
sub-0177_P2,217,219
sub-0177_P2,218,218
sub-0177_P2,219,219
sub-0177_P2,220,220
sub-0177_P2,221,221
sub-0177_P2,222,222
sub-0177_P2,223,223
sub-0177_P2,224,224
sub-0177_P2,225,225
sub-0177_P2,226,226
sub-0177_P2,227,227
sub-0177_P2,228,228
sub-0177_P2,229,229
sub-0177_P2,230,230
sub-0177_P2,231,231
sub-0178_P2,0,0
sub-0178_P2,1,1
sub-0178_P2,2,2
sub-0178_P2,3,3
sub-0178_P2,4,4
sub-0178_P2,5,5
sub-0178_P2,6,6
sub-0178_P2,7,7
sub-0178_P2,8,8
sub-0178_P2,9,9
sub-0178_P2,10,8
sub-0178_P2,11,11
sub-0178_P2,12,12
sub-0178_P2,13,13
sub-0178_P2,14,14
sub-0178_P2,15,15
sub-0178_P2,16,16
sub-0178_P2,17,17
sub-0178_P2,18,18
sub-0178_P2,19,19
sub-0178_P2,20,20
sub-0178_P2,21,21
sub-0178_P2,22,22
sub-0178_P2,23,23
sub-0178_P2,24,24
sub-0178_P2,25,25
sub-0178_P2,26,26
sub-0178_P2,27,27
sub-0178_P2,28,28
sub-0178_P2,29,29
sub-0178_P2,30,30
sub-0178_P2,31,31
sub-0178_P2,32,32
sub-0178_P2,33,33
sub-0178_P2,34,34
sub-0178_P2,35,35
sub-0178_P2,36,36
sub-0178_P2,37,37
sub-0178_P2,38,38
sub-0178_P2,39,39
sub-0178_P2,40,40
sub-0178_P2,41,41
sub-0178_P2,42,94
sub-0178_P2,43,43
sub-0178_P2,44,44
sub-0178_P2,45,45
sub-0178_P2,46,46
sub-0178_P2,47,47
sub-0178_P2,48,48
sub-0178_P2,49,49
sub-0178_P2,50,50
sub-0178_P2,51,51
sub-0178_P2,52,52
sub-0178_P2,53,53
sub-0178_P2,54,54
sub-0178_P2,55,55
sub-0178_P2,56,56
sub-0178_P2,57,57
sub-0178_P2,58,58
sub-0178_P2,59,59
sub-0178_P2,60,60
sub-0178_P2,61,61
sub-0178_P2,62,62
sub-0178_P2,63,63
sub-0178_P2,64,64
sub-0178_P2,65,169
sub-0178_P2,66,66
sub-0178_P2,67,67
sub-0178_P2,68,75
sub-0178_P2,69,69
sub-0178_P2,70,70
sub-0178_P2,71,71
sub-0178_P2,72,72
sub-0178_P2,73,73
sub-0178_P2,74,74
sub-0178_P2,75,75
sub-0178_P2,76,76
sub-0178_P2,77,77
sub-0178_P2,78,78
sub-0178_P2,79,79
sub-0178_P2,80,80
sub-0178_P2,81,81
sub-0178_P2,82,82
sub-0178_P2,83,83
sub-0178_P2,84,84
sub-0178_P2,85,85
sub-0178_P2,86,86
sub-0178_P2,87,87
sub-0178_P2,88,88
sub-0178_P2,89,89
sub-0178_P2,90,90
sub-0178_P2,91,91
sub-0178_P2,92,92
sub-0178_P2,93,93
sub-0178_P2,94,94
sub-0178_P2,95,95
sub-0178_P2,96,96
sub-0178_P2,97,97
sub-0178_P2,98,98
sub-0178_P2,99,99
sub-0178_P2,100,100
sub-0178_P2,101,101
sub-0178_P2,102,102
sub-0178_P2,103,103
sub-0178_P2,104,104
sub-0178_P2,105,105
sub-0178_P2,106,106
sub-0178_P2,107,107
sub-0178_P2,108,108
sub-0178_P2,109,109
sub-0178_P2,110,110
sub-0178_P2,111,111
sub-0178_P2,112,13
sub-0178_P2,113,113
sub-0178_P2,114,114
sub-0178_P2,115,115
sub-0178_P2,116,116
sub-0178_P2,117,117
sub-0178_P2,118,118
sub-0178_P2,119,119
sub-0178_P2,120,120
sub-0178_P2,121,121
sub-0178_P2,122,122
sub-0178_P2,123,123
sub-0178_P2,124,124
sub-0178_P2,125,125
sub-0178_P2,126,126
sub-0178_P2,127,127
sub-0178_P2,128,128
sub-0178_P2,129,129
sub-0178_P2,130,130
sub-0178_P2,131,131
sub-0178_P2,132,132
sub-0178_P2,133,133
sub-0178_P2,134,134
sub-0178_P2,135,135
sub-0178_P2,136,136
sub-0178_P2,137,137
sub-0178_P2,138,138
sub-0178_P2,139,139
sub-0178_P2,140,140
sub-0178_P2,141,141
sub-0178_P2,142,142
sub-0178_P2,143,143
sub-0178_P2,144,144
sub-0178_P2,145,145
sub-0178_P2,146,146
sub-0178_P2,147,147
sub-0178_P2,148,148
sub-0178_P2,149,149
sub-0178_P2,150,150
sub-0178_P2,151,151
sub-0178_P2,152,152
sub-0178_P2,153,153
sub-0178_P2,154,153
sub-0178_P2,155,155
sub-0178_P2,156,156
sub-0178_P2,157,157
sub-0178_P2,158,158
sub-0178_P2,159,159
sub-0178_P2,160,160
sub-0178_P2,161,161
sub-0178_P2,162,162
sub-0178_P2,163,163
sub-0178_P2,164,164
sub-0178_P2,165,165
sub-0178_P2,166,166
sub-0178_P2,167,167
sub-0178_P2,168,168
sub-0178_P2,169,169
sub-0178_P2,170,170
sub-0178_P2,171,171
sub-0178_P2,172,172
sub-0178_P2,173,173
sub-0178_P2,174,174
sub-0178_P2,175,175
sub-0178_P2,176,176
sub-0178_P2,177,177
sub-0178_P2,178,178
sub-0178_P2,179,179
sub-0178_P2,180,180
sub-0178_P2,181,181
sub-0178_P2,182,182
sub-0178_P2,183,183
sub-0178_P2,184,184
sub-0178_P2,185,185
sub-0178_P2,186,186
sub-0178_P2,187,187
sub-0178_P2,188,188
sub-0178_P2,189,189
sub-0178_P2,190,190
sub-0178_P2,191,191
sub-0178_P2,192,192
sub-0178_P2,193,193
sub-0178_P2,194,194
sub-0178_P2,195,195
sub-0178_P2,196,196
sub-0178_P2,197,197
sub-0178_P2,198,198
sub-0178_P2,199,199
sub-0178_P2,200,200
sub-0178_P2,201,217
sub-0178_P2,202,202
sub-0178_P2,203,203
sub-0178_P2,204,204
sub-0178_P2,205,205
sub-0178_P2,206,206
sub-0178_P2,207,207
sub-0178_P2,208,208
sub-0178_P2,209,209
sub-0178_P2,210,210
sub-0178_P2,211,226
sub-0178_P2,212,212
sub-0178_P2,213,213
sub-0178_P2,214,214
sub-0178_P2,215,215
sub-0178_P2,216,216
sub-0178_P2,217,217
sub-0178_P2,218,202
sub-0178_P2,219,202
sub-0178_P2,220,220
sub-0178_P2,221,221
sub-0178_P2,222,222
sub-0178_P2,223,223
sub-0178_P2,224,224
sub-0178_P2,225,225
sub-0178_P2,226,226
sub-0178_P2,227,226
sub-0178_P2,228,228
sub-0178_P2,229,229
sub-0178_P2,230,230
sub-0178_P2,231,231
sub-0179_P2,0,0
sub-0179_P2,1,1
sub-0179_P2,2,2
sub-0179_P2,3,3
sub-0179_P2,4,4
sub-0179_P2,5,5
sub-0179_P2,6,6
sub-0179_P2,7,7
sub-0179_P2,8,8
sub-0179_P2,9,9
sub-0179_P2,10,10
sub-0179_P2,11,11
sub-0179_P2,12,12
sub-0179_P2,13,13
sub-0179_P2,14,14
sub-0179_P2,15,15
sub-0179_P2,16,16
sub-0179_P2,17,17
sub-0179_P2,18,18
sub-0179_P2,19,19
sub-0179_P2,20,20
sub-0179_P2,21,21
sub-0179_P2,22,22
sub-0179_P2,23,23
sub-0179_P2,24,24
sub-0179_P2,25,25
sub-0179_P2,26,26
sub-0179_P2,27,113
sub-0179_P2,28,28
sub-0179_P2,29,29
sub-0179_P2,30,30
sub-0179_P2,31,31
sub-0179_P2,32,32
sub-0179_P2,33,33
sub-0179_P2,34,34
sub-0179_P2,35,35
sub-0179_P2,36,36
sub-0179_P2,37,37
sub-0179_P2,38,38
sub-0179_P2,39,39
sub-0179_P2,40,40
sub-0179_P2,41,41
sub-0179_P2,42,42
sub-0179_P2,43,43
sub-0179_P2,44,44
sub-0179_P2,45,45
sub-0179_P2,46,46
sub-0179_P2,47,47
sub-0179_P2,48,48
sub-0179_P2,49,49
sub-0179_P2,50,50
sub-0179_P2,51,218
sub-0179_P2,52,52
sub-0179_P2,53,50
sub-0179_P2,54,54
sub-0179_P2,55,55
sub-0179_P2,56,56
sub-0179_P2,57,57
sub-0179_P2,58,58
sub-0179_P2,59,59
sub-0179_P2,60,60
sub-0179_P2,61,61
sub-0179_P2,62,62
sub-0179_P2,63,63
sub-0179_P2,64,64
sub-0179_P2,65,148
sub-0179_P2,66,66
sub-0179_P2,67,67
sub-0179_P2,68,68
sub-0179_P2,69,69
sub-0179_P2,70,70
sub-0179_P2,71,71
sub-0179_P2,72,72
sub-0179_P2,73,73
sub-0179_P2,74,74
sub-0179_P2,75,75
sub-0179_P2,76,76
sub-0179_P2,77,77
sub-0179_P2,78,78
sub-0179_P2,79,79
sub-0179_P2,80,80
sub-0179_P2,81,81
sub-0179_P2,82,82
sub-0179_P2,83,159
sub-0179_P2,84,84
sub-0179_P2,85,85
sub-0179_P2,86,86
sub-0179_P2,87,87
sub-0179_P2,88,88
sub-0179_P2,89,89
sub-0179_P2,90,90
sub-0179_P2,91,91
sub-0179_P2,92,92
sub-0179_P2,93,93
sub-0179_P2,94,94
sub-0179_P2,95,95
sub-0179_P2,96,96
sub-0179_P2,97,97
sub-0179_P2,98,98
sub-0179_P2,99,99
sub-0179_P2,100,100
sub-0179_P2,101,101
sub-0179_P2,102,102
sub-0179_P2,103,103
sub-0179_P2,104,104
sub-0179_P2,105,105
sub-0179_P2,106,106
sub-0179_P2,107,107
sub-0179_P2,108,108
sub-0179_P2,109,109
sub-0179_P2,110,110
sub-0179_P2,111,111
sub-0179_P2,112,112
sub-0179_P2,113,113
sub-0179_P2,114,114
sub-0179_P2,115,115
sub-0179_P2,116,116
sub-0179_P2,117,117
sub-0179_P2,118,118
sub-0179_P2,119,119
sub-0179_P2,120,120
sub-0179_P2,121,121
sub-0179_P2,122,122
sub-0179_P2,123,124
sub-0179_P2,124,124
sub-0179_P2,125,125
sub-0179_P2,126,126
sub-0179_P2,127,127
sub-0179_P2,128,128
sub-0179_P2,129,129
sub-0179_P2,130,130
sub-0179_P2,131,131
sub-0179_P2,132,132
sub-0179_P2,133,33
sub-0179_P2,134,134
sub-0179_P2,135,31
sub-0179_P2,136,136
sub-0179_P2,137,137
sub-0179_P2,138,138
sub-0179_P2,139,139
sub-0179_P2,140,140
sub-0179_P2,141,141
sub-0179_P2,142,142
sub-0179_P2,143,143
sub-0179_P2,144,40
sub-0179_P2,145,145
sub-0179_P2,146,146
sub-0179_P2,147,147
sub-0179_P2,148,148
sub-0179_P2,149,149
sub-0179_P2,150,150
sub-0179_P2,151,151
sub-0179_P2,152,152
sub-0179_P2,153,153
sub-0179_P2,154,154
sub-0179_P2,155,187
sub-0179_P2,156,156
sub-0179_P2,157,157
sub-0179_P2,158,158
sub-0179_P2,159,159
sub-0179_P2,160,160
sub-0179_P2,161,52
sub-0179_P2,162,201
sub-0179_P2,163,163
sub-0179_P2,164,164
sub-0179_P2,165,165
sub-0179_P2,166,166
sub-0179_P2,167,167
sub-0179_P2,168,168
sub-0179_P2,169,169
sub-0179_P2,170,170
sub-0179_P2,171,171
sub-0179_P2,172,172
sub-0179_P2,173,173
sub-0179_P2,174,174
sub-0179_P2,175,175
sub-0179_P2,176,176
sub-0179_P2,177,177
sub-0179_P2,178,178
sub-0179_P2,179,179
sub-0179_P2,180,180
sub-0179_P2,181,181
sub-0179_P2,182,182
sub-0179_P2,183,183
sub-0179_P2,184,184
sub-0179_P2,185,185
sub-0179_P2,186,186
sub-0179_P2,187,187
sub-0179_P2,188,188
sub-0179_P2,189,189
sub-0179_P2,190,190
sub-0179_P2,191,191
sub-0179_P2,192,192
sub-0179_P2,193,193
sub-0179_P2,194,194
sub-0179_P2,195,195
sub-0179_P2,196,196
sub-0179_P2,197,197
sub-0179_P2,198,198
sub-0179_P2,199,24
sub-0179_P2,200,200
sub-0179_P2,201,201
sub-0179_P2,202,202
sub-0179_P2,203,203
sub-0179_P2,204,204
sub-0179_P2,205,205
sub-0179_P2,206,206
sub-0179_P2,207,207
sub-0179_P2,208,208
sub-0179_P2,209,209
sub-0179_P2,210,210
sub-0179_P2,211,218
sub-0179_P2,212,228
sub-0179_P2,213,213
sub-0179_P2,214,222
sub-0179_P2,215,215
sub-0179_P2,216,216
sub-0179_P2,217,217
sub-0179_P2,218,218
sub-0179_P2,219,219
sub-0179_P2,220,220
sub-0179_P2,221,221
sub-0179_P2,222,222
sub-0179_P2,223,223
sub-0179_P2,224,224
sub-0179_P2,225,225
sub-0179_P2,226,226
sub-0179_P2,227,226
sub-0179_P2,228,228
sub-0179_P2,229,229
sub-0179_P2,230,230
sub-0179_P2,231,231
sub-0180_P2,0,0
sub-0180_P2,1,1
sub-0180_P2,2,2
sub-0180_P2,3,99
sub-0180_P2,4,4
sub-0180_P2,5,5
sub-0180_P2,6,210
sub-0180_P2,7,7
sub-0180_P2,8,8
sub-0180_P2,9,9
sub-0180_P2,10,10
sub-0180_P2,11,11
sub-0180_P2,12,12
sub-0180_P2,13,13
sub-0180_P2,14,14
sub-0180_P2,15,15
sub-0180_P2,16,16
sub-0180_P2,17,221
sub-0180_P2,18,18
sub-0180_P2,19,19
sub-0180_P2,20,20
sub-0180_P2,21,21
sub-0180_P2,22,22
sub-0180_P2,23,23
sub-0180_P2,24,24
sub-0180_P2,25,25
sub-0180_P2,26,26
sub-0180_P2,27,27
sub-0180_P2,28,28
sub-0180_P2,29,29
sub-0180_P2,30,219
sub-0180_P2,31,31
sub-0180_P2,32,32
sub-0180_P2,33,33
sub-0180_P2,34,34
sub-0180_P2,35,35
sub-0180_P2,36,36
sub-0180_P2,37,37
sub-0180_P2,38,38
sub-0180_P2,39,24
sub-0180_P2,40,55
sub-0180_P2,41,41
sub-0180_P2,42,24
sub-0180_P2,43,43
sub-0180_P2,44,44
sub-0180_P2,45,45
sub-0180_P2,46,147
sub-0180_P2,47,47
sub-0180_P2,48,48
sub-0180_P2,49,49
sub-0180_P2,50,50
sub-0180_P2,51,187
sub-0180_P2,52,52
sub-0180_P2,53,53
sub-0180_P2,54,226
sub-0180_P2,55,55
sub-0180_P2,56,56
sub-0180_P2,57,57
sub-0180_P2,58,58
sub-0180_P2,59,59
sub-0180_P2,60,60
sub-0180_P2,61,61
sub-0180_P2,62,62
sub-0180_P2,63,63
sub-0180_P2,64,64
sub-0180_P2,65,65
sub-0180_P2,66,66
sub-0180_P2,67,67
sub-0180_P2,68,68
sub-0180_P2,69,69
sub-0180_P2,70,70
sub-0180_P2,71,71
sub-0180_P2,72,72
sub-0180_P2,73,73
sub-0180_P2,74,74
sub-0180_P2,75,75
sub-0180_P2,76,76
sub-0180_P2,77,77
sub-0180_P2,78,78
sub-0180_P2,79,79
sub-0180_P2,80,80
sub-0180_P2,81,81
sub-0180_P2,82,82
sub-0180_P2,83,83
sub-0180_P2,84,84
sub-0180_P2,85,85
sub-0180_P2,86,86
sub-0180_P2,87,87
sub-0180_P2,88,88
sub-0180_P2,89,89
sub-0180_P2,90,90
sub-0180_P2,91,91
sub-0180_P2,92,92
sub-0180_P2,93,93
sub-0180_P2,94,94
sub-0180_P2,95,83
sub-0180_P2,96,96
sub-0180_P2,97,97
sub-0180_P2,98,98
sub-0180_P2,99,210
sub-0180_P2,100,100
sub-0180_P2,101,101
sub-0180_P2,102,102
sub-0180_P2,103,103
sub-0180_P2,104,104
sub-0180_P2,105,105
sub-0180_P2,106,106
sub-0180_P2,107,220
sub-0180_P2,108,108
sub-0180_P2,109,109
sub-0180_P2,110,110
sub-0180_P2,111,111
sub-0180_P2,112,112
sub-0180_P2,113,113
sub-0180_P2,114,114
sub-0180_P2,115,115
sub-0180_P2,116,116
sub-0180_P2,117,117
sub-0180_P2,118,118
sub-0180_P2,119,119
sub-0180_P2,120,120
sub-0180_P2,121,121
sub-0180_P2,122,122
sub-0180_P2,123,123
sub-0180_P2,124,124
sub-0180_P2,125,125
sub-0180_P2,126,24
sub-0180_P2,127,127
sub-0180_P2,128,128
sub-0180_P2,129,129
sub-0180_P2,130,130
sub-0180_P2,131,131
sub-0180_P2,132,132
sub-0180_P2,133,133
sub-0180_P2,134,134
sub-0180_P2,135,135
sub-0180_P2,136,136
sub-0180_P2,137,137
sub-0180_P2,138,138
sub-0180_P2,139,139
sub-0180_P2,140,140
sub-0180_P2,141,141
sub-0180_P2,142,142
sub-0180_P2,143,143
sub-0180_P2,144,144
sub-0180_P2,145,145
sub-0180_P2,146,146
sub-0180_P2,147,114
sub-0180_P2,148,148
sub-0180_P2,149,149
sub-0180_P2,150,150
sub-0180_P2,151,151
sub-0180_P2,152,152
sub-0180_P2,153,153
sub-0180_P2,154,226
sub-0180_P2,155,155
sub-0180_P2,156,156
sub-0180_P2,157,157
sub-0180_P2,158,158
sub-0180_P2,159,159
sub-0180_P2,160,160
sub-0180_P2,161,93
sub-0180_P2,162,162
sub-0180_P2,163,163
sub-0180_P2,164,164
sub-0180_P2,165,165
sub-0180_P2,166,166
sub-0180_P2,167,167
sub-0180_P2,168,168
sub-0180_P2,169,169
sub-0180_P2,170,170
sub-0180_P2,171,171
sub-0180_P2,172,172
sub-0180_P2,173,173
sub-0180_P2,174,174
sub-0180_P2,175,175
sub-0180_P2,176,176
sub-0180_P2,177,177
sub-0180_P2,178,178
sub-0180_P2,179,179
sub-0180_P2,180,180
sub-0180_P2,181,181
sub-0180_P2,182,182
sub-0180_P2,183,183
sub-0180_P2,184,184
sub-0180_P2,185,185
sub-0180_P2,186,186
sub-0180_P2,187,187
sub-0180_P2,188,188
sub-0180_P2,189,189
sub-0180_P2,190,190
sub-0180_P2,191,191
sub-0180_P2,192,192
sub-0180_P2,193,193
sub-0180_P2,194,194
sub-0180_P2,195,29
sub-0180_P2,196,196
sub-0180_P2,197,197
sub-0180_P2,198,197
sub-0180_P2,199,199
sub-0180_P2,200,200
sub-0180_P2,201,201
sub-0180_P2,202,219
sub-0180_P2,203,203
sub-0180_P2,204,204
sub-0180_P2,205,205
sub-0180_P2,206,206
sub-0180_P2,207,207
sub-0180_P2,208,208
sub-0180_P2,209,224
sub-0180_P2,210,201
sub-0180_P2,211,210
sub-0180_P2,212,212
sub-0180_P2,213,213
sub-0180_P2,214,214
sub-0180_P2,215,215
sub-0180_P2,216,216
sub-0180_P2,217,217
sub-0180_P2,218,216
sub-0180_P2,219,219
sub-0180_P2,220,205
sub-0180_P2,221,205
sub-0180_P2,222,222
sub-0180_P2,223,223
sub-0180_P2,224,83
sub-0180_P2,225,225
sub-0180_P2,226,226
sub-0180_P2,227,227
sub-0180_P2,228,228
sub-0180_P2,229,228
sub-0180_P2,230,230
sub-0180_P2,231,231
sub-0181_P2,0,0
sub-0181_P2,1,1
sub-0181_P2,2,100
sub-0181_P2,3,3
sub-0181_P2,4,4
sub-0181_P2,5,5
sub-0181_P2,6,6
sub-0181_P2,7,7
sub-0181_P2,8,97
sub-0181_P2,9,9
sub-0181_P2,10,10
sub-0181_P2,11,11
sub-0181_P2,12,12
sub-0181_P2,13,13
sub-0181_P2,14,14
sub-0181_P2,15,15
sub-0181_P2,16,16
sub-0181_P2,17,17
sub-0181_P2,18,18
sub-0181_P2,19,19
sub-0181_P2,20,20
sub-0181_P2,21,21
sub-0181_P2,22,22
sub-0181_P2,23,23
sub-0181_P2,24,24
sub-0181_P2,25,25
sub-0181_P2,26,26
sub-0181_P2,27,27
sub-0181_P2,28,28
sub-0181_P2,29,29
sub-0181_P2,30,30
sub-0181_P2,31,31
sub-0181_P2,32,32
sub-0181_P2,33,38
sub-0181_P2,34,34
sub-0181_P2,35,35
sub-0181_P2,36,36
sub-0181_P2,37,37
sub-0181_P2,38,38
sub-0181_P2,39,39
sub-0181_P2,40,40
sub-0181_P2,41,41
sub-0181_P2,42,42
sub-0181_P2,43,43
sub-0181_P2,44,44
sub-0181_P2,45,45
sub-0181_P2,46,46
sub-0181_P2,47,47
sub-0181_P2,48,48
sub-0181_P2,49,49
sub-0181_P2,50,50
sub-0181_P2,51,210
sub-0181_P2,52,52
sub-0181_P2,53,53
sub-0181_P2,54,54
sub-0181_P2,55,55
sub-0181_P2,56,193
sub-0181_P2,57,59
sub-0181_P2,58,58
sub-0181_P2,59,59
sub-0181_P2,60,60
sub-0181_P2,61,61
sub-0181_P2,62,62
sub-0181_P2,63,63
sub-0181_P2,64,64
sub-0181_P2,65,65
sub-0181_P2,66,66
sub-0181_P2,67,67
sub-0181_P2,68,68
sub-0181_P2,69,69
sub-0181_P2,70,70
sub-0181_P2,71,71
sub-0181_P2,72,72
sub-0181_P2,73,73
sub-0181_P2,74,66
sub-0181_P2,75,75
sub-0181_P2,76,76
sub-0181_P2,77,77
sub-0181_P2,78,78
sub-0181_P2,79,79
sub-0181_P2,80,51
sub-0181_P2,81,81
sub-0181_P2,82,82
sub-0181_P2,83,83
sub-0181_P2,84,84
sub-0181_P2,85,85
sub-0181_P2,86,86
sub-0181_P2,87,87
sub-0181_P2,88,88
sub-0181_P2,89,89
sub-0181_P2,90,90
sub-0181_P2,91,91
sub-0181_P2,92,92
sub-0181_P2,93,93
sub-0181_P2,94,94
sub-0181_P2,95,95
sub-0181_P2,96,96
sub-0181_P2,97,97
sub-0181_P2,98,98
sub-0181_P2,99,99
sub-0181_P2,100,100
sub-0181_P2,101,101
sub-0181_P2,102,102
sub-0181_P2,103,103
sub-0181_P2,104,104
sub-0181_P2,105,105
sub-0181_P2,106,106
sub-0181_P2,107,107
sub-0181_P2,108,108
sub-0181_P2,109,109
sub-0181_P2,110,110
sub-0181_P2,111,111
sub-0181_P2,112,112
sub-0181_P2,113,113
sub-0181_P2,114,12
sub-0181_P2,115,115
sub-0181_P2,116,116
sub-0181_P2,117,117
sub-0181_P2,118,118
sub-0181_P2,119,119
sub-0181_P2,120,120
sub-0181_P2,121,121
sub-0181_P2,122,122
sub-0181_P2,123,123
sub-0181_P2,124,124
sub-0181_P2,125,125
sub-0181_P2,126,126
sub-0181_P2,127,127
sub-0181_P2,128,128
sub-0181_P2,129,129
sub-0181_P2,130,130
sub-0181_P2,131,131
sub-0181_P2,132,132
sub-0181_P2,133,133
sub-0181_P2,134,134
sub-0181_P2,135,135
sub-0181_P2,136,136
sub-0181_P2,137,137
sub-0181_P2,138,138
sub-0181_P2,139,118
sub-0181_P2,140,137
sub-0181_P2,141,141
sub-0181_P2,142,142
sub-0181_P2,143,143
sub-0181_P2,144,198
sub-0181_P2,145,145
sub-0181_P2,146,146
sub-0181_P2,147,147
sub-0181_P2,148,148
sub-0181_P2,149,149
sub-0181_P2,150,150
sub-0181_P2,151,70
sub-0181_P2,152,152
sub-0181_P2,153,153
sub-0181_P2,154,154
sub-0181_P2,155,187
sub-0181_P2,156,156
sub-0181_P2,157,103
sub-0181_P2,158,158
sub-0181_P2,159,159
sub-0181_P2,160,160
sub-0181_P2,161,161
sub-0181_P2,162,162
sub-0181_P2,163,163
sub-0181_P2,164,164
sub-0181_P2,165,165
sub-0181_P2,166,166
sub-0181_P2,167,167
sub-0181_P2,168,168
sub-0181_P2,169,169
sub-0181_P2,170,170
sub-0181_P2,171,171
sub-0181_P2,172,172
sub-0181_P2,173,173
sub-0181_P2,174,174
sub-0181_P2,175,175
sub-0181_P2,176,51
sub-0181_P2,177,177
sub-0181_P2,178,178
sub-0181_P2,179,179
sub-0181_P2,180,180
sub-0181_P2,181,181
sub-0181_P2,182,182
sub-0181_P2,183,183
sub-0181_P2,184,184
sub-0181_P2,185,185
sub-0181_P2,186,186
sub-0181_P2,187,187
sub-0181_P2,188,188
sub-0181_P2,189,189
sub-0181_P2,190,190
sub-0181_P2,191,191
sub-0181_P2,192,192
sub-0181_P2,193,193
sub-0181_P2,194,194
sub-0181_P2,195,195
sub-0181_P2,196,196
sub-0181_P2,197,197
sub-0181_P2,198,198
sub-0181_P2,199,199
sub-0181_P2,200,200
sub-0181_P2,201,201
sub-0181_P2,202,202
sub-0181_P2,203,203
sub-0181_P2,204,204
sub-0181_P2,205,205
sub-0181_P2,206,206
sub-0181_P2,207,207
sub-0181_P2,208,208
sub-0181_P2,209,209
sub-0181_P2,210,211
sub-0181_P2,211,211
sub-0181_P2,212,212
sub-0181_P2,213,213
sub-0181_P2,214,225
sub-0181_P2,215,215
sub-0181_P2,216,216
sub-0181_P2,217,217
sub-0181_P2,218,218
sub-0181_P2,219,219
sub-0181_P2,220,220
sub-0181_P2,221,221
sub-0181_P2,222,222
sub-0181_P2,223,223
sub-0181_P2,224,209
sub-0181_P2,225,225
sub-0181_P2,226,227
sub-0181_P2,227,227
sub-0181_P2,228,228
sub-0181_P2,229,229
sub-0181_P2,230,230
sub-0181_P2,231,231
sub-0182_P2,0,0
sub-0182_P2,1,1
sub-0182_P2,2,2
sub-0182_P2,3,3
sub-0182_P2,4,4
sub-0182_P2,5,5
sub-0182_P2,6,6
sub-0182_P2,7,7
sub-0182_P2,8,200
sub-0182_P2,9,9
sub-0182_P2,10,109
sub-0182_P2,11,11
sub-0182_P2,12,12
sub-0182_P2,13,13
sub-0182_P2,14,14
sub-0182_P2,15,15
sub-0182_P2,16,16
sub-0182_P2,17,17
sub-0182_P2,18,18
sub-0182_P2,19,19
sub-0182_P2,20,20
sub-0182_P2,21,21
sub-0182_P2,22,22
sub-0182_P2,23,23
sub-0182_P2,24,24
sub-0182_P2,25,25
sub-0182_P2,26,26
sub-0182_P2,27,27
sub-0182_P2,28,28
sub-0182_P2,29,29
sub-0182_P2,30,30
sub-0182_P2,31,31
sub-0182_P2,32,32
sub-0182_P2,33,33
sub-0182_P2,34,34
sub-0182_P2,35,35
sub-0182_P2,36,36
sub-0182_P2,37,37
sub-0182_P2,38,38
sub-0182_P2,39,39
sub-0182_P2,40,40
sub-0182_P2,41,41
sub-0182_P2,42,42
sub-0182_P2,43,43
sub-0182_P2,44,44
sub-0182_P2,45,45
sub-0182_P2,46,46
sub-0182_P2,47,47
sub-0182_P2,48,48
sub-0182_P2,49,49
sub-0182_P2,50,50
sub-0182_P2,51,51
sub-0182_P2,52,52
sub-0182_P2,53,53
sub-0182_P2,54,54
sub-0182_P2,55,231
sub-0182_P2,56,56
sub-0182_P2,57,57
sub-0182_P2,58,58
sub-0182_P2,59,59
sub-0182_P2,60,60
sub-0182_P2,61,61
sub-0182_P2,62,62
sub-0182_P2,63,63
sub-0182_P2,64,64
sub-0182_P2,65,65
sub-0182_P2,66,50
sub-0182_P2,67,67
sub-0182_P2,68,68
sub-0182_P2,69,69
sub-0182_P2,70,70
sub-0182_P2,71,71
sub-0182_P2,72,72
sub-0182_P2,73,73
sub-0182_P2,74,74
sub-0182_P2,75,75
sub-0182_P2,76,76
sub-0182_P2,77,77
sub-0182_P2,78,78
sub-0182_P2,79,79
sub-0182_P2,80,80
sub-0182_P2,81,81
sub-0182_P2,82,82
sub-0182_P2,83,83
sub-0182_P2,84,84
sub-0182_P2,85,85
sub-0182_P2,86,86
sub-0182_P2,87,87
sub-0182_P2,88,88
sub-0182_P2,89,50
sub-0182_P2,90,90
sub-0182_P2,91,91
sub-0182_P2,92,143
sub-0182_P2,93,93
sub-0182_P2,94,94
sub-0182_P2,95,95
sub-0182_P2,96,96
sub-0182_P2,97,8
sub-0182_P2,98,98
sub-0182_P2,99,99
sub-0182_P2,100,100
sub-0182_P2,101,101
sub-0182_P2,102,102
sub-0182_P2,103,103
sub-0182_P2,104,104
sub-0182_P2,105,105
sub-0182_P2,106,106
sub-0182_P2,107,107
sub-0182_P2,108,108
sub-0182_P2,109,109
sub-0182_P2,110,110
sub-0182_P2,111,111
sub-0182_P2,112,112
sub-0182_P2,113,113
sub-0182_P2,114,114
sub-0182_P2,115,115
sub-0182_P2,116,116
sub-0182_P2,117,117
sub-0182_P2,118,118
sub-0182_P2,119,119
sub-0182_P2,120,120
sub-0182_P2,121,121
sub-0182_P2,122,122
sub-0182_P2,123,123
sub-0182_P2,124,124
sub-0182_P2,125,125
sub-0182_P2,126,126
sub-0182_P2,127,127
sub-0182_P2,128,128
sub-0182_P2,129,129
sub-0182_P2,130,130
sub-0182_P2,131,131
sub-0182_P2,132,132
sub-0182_P2,133,133
sub-0182_P2,134,134
sub-0182_P2,135,135
sub-0182_P2,136,136
sub-0182_P2,137,137
sub-0182_P2,138,138
sub-0182_P2,139,139
sub-0182_P2,140,140
sub-0182_P2,141,141
sub-0182_P2,142,142
sub-0182_P2,143,143
sub-0182_P2,144,144
sub-0182_P2,145,145
sub-0182_P2,146,146
sub-0182_P2,147,147
sub-0182_P2,148,148
sub-0182_P2,149,149
sub-0182_P2,150,150
sub-0182_P2,151,151
sub-0182_P2,152,152
sub-0182_P2,153,49
sub-0182_P2,154,154
sub-0182_P2,155,155
sub-0182_P2,156,156
sub-0182_P2,157,157
sub-0182_P2,158,158
sub-0182_P2,159,159
sub-0182_P2,160,211
sub-0182_P2,161,161
sub-0182_P2,162,201
sub-0182_P2,163,163
sub-0182_P2,164,164
sub-0182_P2,165,165
sub-0182_P2,166,166
sub-0182_P2,167,167
sub-0182_P2,168,168
sub-0182_P2,169,169
sub-0182_P2,170,170
sub-0182_P2,171,171
sub-0182_P2,172,172
sub-0182_P2,173,173
sub-0182_P2,174,174
sub-0182_P2,175,175
sub-0182_P2,176,176
sub-0182_P2,177,177
sub-0182_P2,178,178
sub-0182_P2,179,179
sub-0182_P2,180,180
sub-0182_P2,181,181
sub-0182_P2,182,182
sub-0182_P2,183,183
sub-0182_P2,184,184
sub-0182_P2,185,185
sub-0182_P2,186,186
sub-0182_P2,187,86
sub-0182_P2,188,188
sub-0182_P2,189,189
sub-0182_P2,190,190
sub-0182_P2,191,191
sub-0182_P2,192,192
sub-0182_P2,193,193
sub-0182_P2,194,194
sub-0182_P2,195,195
sub-0182_P2,196,196
sub-0182_P2,197,197
sub-0182_P2,198,198
sub-0182_P2,199,199
sub-0182_P2,200,200
sub-0182_P2,201,187
sub-0182_P2,202,202
sub-0182_P2,203,203
sub-0182_P2,204,204
sub-0182_P2,205,205
sub-0182_P2,206,206
sub-0182_P2,207,207
sub-0182_P2,208,208
sub-0182_P2,209,209
sub-0182_P2,210,211
sub-0182_P2,211,211
sub-0182_P2,212,212
sub-0182_P2,213,213
sub-0182_P2,214,214
sub-0182_P2,215,215
sub-0182_P2,216,216
sub-0182_P2,217,217
sub-0182_P2,218,218
sub-0182_P2,219,219
sub-0182_P2,220,220
sub-0182_P2,221,221
sub-0182_P2,222,222
sub-0182_P2,223,223
sub-0182_P2,224,224
sub-0182_P2,225,225
sub-0182_P2,226,226
sub-0182_P2,227,227
sub-0182_P2,228,228
sub-0182_P2,229,229
sub-0182_P2,230,230
sub-0182_P2,231,231
sub-0183_P2,0,0
sub-0183_P2,1,1
sub-0183_P2,2,2
sub-0183_P2,3,3
sub-0183_P2,4,4
sub-0183_P2,5,5
sub-0183_P2,6,6
sub-0183_P2,7,7
sub-0183_P2,8,8
sub-0183_P2,9,9
sub-0183_P2,10,10
sub-0183_P2,11,11
sub-0183_P2,12,12
sub-0183_P2,13,13
sub-0183_P2,14,14
sub-0183_P2,15,15
sub-0183_P2,16,16
sub-0183_P2,17,17
sub-0183_P2,18,18
sub-0183_P2,19,19
sub-0183_P2,20,20
sub-0183_P2,21,21
sub-0183_P2,22,22
sub-0183_P2,23,23
sub-0183_P2,24,24
sub-0183_P2,25,25
sub-0183_P2,26,26
sub-0183_P2,27,27
sub-0183_P2,28,28
sub-0183_P2,29,29
sub-0183_P2,30,30
sub-0183_P2,31,31
sub-0183_P2,32,32
sub-0183_P2,33,33
sub-0183_P2,34,34
sub-0183_P2,35,35
sub-0183_P2,36,36
sub-0183_P2,37,37
sub-0183_P2,38,38
sub-0183_P2,39,63
sub-0183_P2,40,40
sub-0183_P2,41,41
sub-0183_P2,42,42
sub-0183_P2,43,43
sub-0183_P2,44,44
sub-0183_P2,45,45
sub-0183_P2,46,46
sub-0183_P2,47,47
sub-0183_P2,48,48
sub-0183_P2,49,49
sub-0183_P2,50,50
sub-0183_P2,51,51
sub-0183_P2,52,52
sub-0183_P2,53,201
sub-0183_P2,54,54
sub-0183_P2,55,55
sub-0183_P2,56,56
sub-0183_P2,57,57
sub-0183_P2,58,58
sub-0183_P2,59,59
sub-0183_P2,60,60
sub-0183_P2,61,61
sub-0183_P2,62,62
sub-0183_P2,63,63
sub-0183_P2,64,64
sub-0183_P2,65,65
sub-0183_P2,66,66
sub-0183_P2,67,67
sub-0183_P2,68,68
sub-0183_P2,69,92
sub-0183_P2,70,70
sub-0183_P2,71,71
sub-0183_P2,72,72
sub-0183_P2,73,73
sub-0183_P2,74,74
sub-0183_P2,75,75
sub-0183_P2,76,76
sub-0183_P2,77,77
sub-0183_P2,78,78
sub-0183_P2,79,79
sub-0183_P2,80,80
sub-0183_P2,81,81
sub-0183_P2,82,82
sub-0183_P2,83,83
sub-0183_P2,84,84
sub-0183_P2,85,85
sub-0183_P2,86,86
sub-0183_P2,87,87
sub-0183_P2,88,88
sub-0183_P2,89,89
sub-0183_P2,90,90
sub-0183_P2,91,50
sub-0183_P2,92,92
sub-0183_P2,93,93
sub-0183_P2,94,94
sub-0183_P2,95,95
sub-0183_P2,96,96
sub-0183_P2,97,97
sub-0183_P2,98,98
sub-0183_P2,99,99
sub-0183_P2,100,100
sub-0183_P2,101,101
sub-0183_P2,102,102
sub-0183_P2,103,103
sub-0183_P2,104,104
sub-0183_P2,105,105
sub-0183_P2,106,106
sub-0183_P2,107,107
sub-0183_P2,108,108
sub-0183_P2,109,109
sub-0183_P2,110,110
sub-0183_P2,111,111
sub-0183_P2,112,112
sub-0183_P2,113,113
sub-0183_P2,114,114
sub-0183_P2,115,115
sub-0183_P2,116,116
sub-0183_P2,117,117
sub-0183_P2,118,118
sub-0183_P2,119,119
sub-0183_P2,120,120
sub-0183_P2,121,117
sub-0183_P2,122,122
sub-0183_P2,123,123
sub-0183_P2,124,124
sub-0183_P2,125,125
sub-0183_P2,126,126
sub-0183_P2,127,127
sub-0183_P2,128,128
sub-0183_P2,129,129
sub-0183_P2,130,130
sub-0183_P2,131,131
sub-0183_P2,132,132
sub-0183_P2,133,133
sub-0183_P2,134,134
sub-0183_P2,135,135
sub-0183_P2,136,136
sub-0183_P2,137,137
sub-0183_P2,138,138
sub-0183_P2,139,139
sub-0183_P2,140,211
sub-0183_P2,141,141
sub-0183_P2,142,142
sub-0183_P2,143,143
sub-0183_P2,144,144
sub-0183_P2,145,145
sub-0183_P2,146,146
sub-0183_P2,147,147
sub-0183_P2,148,148
sub-0183_P2,149,149
sub-0183_P2,150,150
sub-0183_P2,151,176
sub-0183_P2,152,152
sub-0183_P2,153,153
sub-0183_P2,154,154
sub-0183_P2,155,155
sub-0183_P2,156,156
sub-0183_P2,157,176
sub-0183_P2,158,158
sub-0183_P2,159,159
sub-0183_P2,160,160
sub-0183_P2,161,161
sub-0183_P2,162,203
sub-0183_P2,163,163
sub-0183_P2,164,164
sub-0183_P2,165,165
sub-0183_P2,166,166
sub-0183_P2,167,167
sub-0183_P2,168,168
sub-0183_P2,169,169
sub-0183_P2,170,210
sub-0183_P2,171,171
sub-0183_P2,172,172
sub-0183_P2,173,173
sub-0183_P2,174,174
sub-0183_P2,175,175
sub-0183_P2,176,176
sub-0183_P2,177,177
sub-0183_P2,178,178
sub-0183_P2,179,179
sub-0183_P2,180,180
sub-0183_P2,181,181
sub-0183_P2,182,182
sub-0183_P2,183,183
sub-0183_P2,184,184
sub-0183_P2,185,185
sub-0183_P2,186,186
sub-0183_P2,187,187
sub-0183_P2,188,188
sub-0183_P2,189,189
sub-0183_P2,190,190
sub-0183_P2,191,191
sub-0183_P2,192,192
sub-0183_P2,193,193
sub-0183_P2,194,194
sub-0183_P2,195,195
sub-0183_P2,196,196
sub-0183_P2,197,197
sub-0183_P2,198,198
sub-0183_P2,199,199
sub-0183_P2,200,200
sub-0183_P2,201,201
sub-0183_P2,202,218
sub-0183_P2,203,203
sub-0183_P2,204,204
sub-0183_P2,205,205
sub-0183_P2,206,206
sub-0183_P2,207,207
sub-0183_P2,208,225
sub-0183_P2,209,209
sub-0183_P2,210,210
sub-0183_P2,211,227
sub-0183_P2,212,212
sub-0183_P2,213,213
sub-0183_P2,214,214
sub-0183_P2,215,215
sub-0183_P2,216,201
sub-0183_P2,217,217
sub-0183_P2,218,218
sub-0183_P2,219,201
sub-0183_P2,220,220
sub-0183_P2,221,221
sub-0183_P2,222,222
sub-0183_P2,223,223
sub-0183_P2,224,224
sub-0183_P2,225,225
sub-0183_P2,226,226
sub-0183_P2,227,227
sub-0183_P2,228,228
sub-0183_P2,229,229
sub-0183_P2,230,230
sub-0183_P2,231,231
sub-0184_P2,0,0
sub-0184_P2,1,1
sub-0184_P2,2,2
sub-0184_P2,3,3
sub-0184_P2,4,4
sub-0184_P2,5,5
sub-0184_P2,6,6
sub-0184_P2,7,7
sub-0184_P2,8,8
sub-0184_P2,9,9
sub-0184_P2,10,10
sub-0184_P2,11,11
sub-0184_P2,12,12
sub-0184_P2,13,13
sub-0184_P2,14,14
sub-0184_P2,15,15
sub-0184_P2,16,16
sub-0184_P2,17,17
sub-0184_P2,18,18
sub-0184_P2,19,19
sub-0184_P2,20,20
sub-0184_P2,21,21
sub-0184_P2,22,118
sub-0184_P2,23,23
sub-0184_P2,24,24
sub-0184_P2,25,25
sub-0184_P2,26,26
sub-0184_P2,27,27
sub-0184_P2,28,162
sub-0184_P2,29,29
sub-0184_P2,30,30
sub-0184_P2,31,31
sub-0184_P2,32,32
sub-0184_P2,33,135
sub-0184_P2,34,34
sub-0184_P2,35,35
sub-0184_P2,36,36
sub-0184_P2,37,37
sub-0184_P2,38,230
sub-0184_P2,39,39
sub-0184_P2,40,40
sub-0184_P2,41,41
sub-0184_P2,42,42
sub-0184_P2,43,43
sub-0184_P2,44,44
sub-0184_P2,45,12
sub-0184_P2,46,46
sub-0184_P2,47,47
sub-0184_P2,48,48
sub-0184_P2,49,49
sub-0184_P2,50,50
sub-0184_P2,51,51
sub-0184_P2,52,52
sub-0184_P2,53,162
sub-0184_P2,54,54
sub-0184_P2,55,55
sub-0184_P2,56,66
sub-0184_P2,57,57
sub-0184_P2,58,58
sub-0184_P2,59,59
sub-0184_P2,60,60
sub-0184_P2,61,61
sub-0184_P2,62,62
sub-0184_P2,63,63
sub-0184_P2,64,64
sub-0184_P2,65,65
sub-0184_P2,66,66
sub-0184_P2,67,67
sub-0184_P2,68,68
sub-0184_P2,69,69
sub-0184_P2,70,70
sub-0184_P2,71,71
sub-0184_P2,72,72
sub-0184_P2,73,73
sub-0184_P2,74,74
sub-0184_P2,75,75
sub-0184_P2,76,76
sub-0184_P2,77,77
sub-0184_P2,78,78
sub-0184_P2,79,79
sub-0184_P2,80,80
sub-0184_P2,81,81
sub-0184_P2,82,82
sub-0184_P2,83,83
sub-0184_P2,84,84
sub-0184_P2,85,85
sub-0184_P2,86,86
sub-0184_P2,87,87
sub-0184_P2,88,88
sub-0184_P2,89,89
sub-0184_P2,90,90
sub-0184_P2,91,91
sub-0184_P2,92,92
sub-0184_P2,93,93
sub-0184_P2,94,94
sub-0184_P2,95,95
sub-0184_P2,96,96
sub-0184_P2,97,66
sub-0184_P2,98,98
sub-0184_P2,99,99
sub-0184_P2,100,100
sub-0184_P2,101,101
sub-0184_P2,102,102
sub-0184_P2,103,103
sub-0184_P2,104,104
sub-0184_P2,105,105
sub-0184_P2,106,106
sub-0184_P2,107,107
sub-0184_P2,108,108
sub-0184_P2,109,109
sub-0184_P2,110,110
sub-0184_P2,111,111
sub-0184_P2,112,112
sub-0184_P2,113,113
sub-0184_P2,114,114
sub-0184_P2,115,118
sub-0184_P2,116,116
sub-0184_P2,117,117
sub-0184_P2,118,118
sub-0184_P2,119,119
sub-0184_P2,120,120
sub-0184_P2,121,121
sub-0184_P2,122,122
sub-0184_P2,123,123
sub-0184_P2,124,21
sub-0184_P2,125,125
sub-0184_P2,126,126
sub-0184_P2,127,127
sub-0184_P2,128,128
sub-0184_P2,129,129
sub-0184_P2,130,130
sub-0184_P2,131,131
sub-0184_P2,132,132
sub-0184_P2,133,133
sub-0184_P2,134,134
sub-0184_P2,135,135
sub-0184_P2,136,136
sub-0184_P2,137,137
sub-0184_P2,138,138
sub-0184_P2,139,139
sub-0184_P2,140,140
sub-0184_P2,141,141
sub-0184_P2,142,142
sub-0184_P2,143,143
sub-0184_P2,144,144
sub-0184_P2,145,145
sub-0184_P2,146,146
sub-0184_P2,147,147
sub-0184_P2,148,148
sub-0184_P2,149,149
sub-0184_P2,150,150
sub-0184_P2,151,151
sub-0184_P2,152,152
sub-0184_P2,153,153
sub-0184_P2,154,154
sub-0184_P2,155,155
sub-0184_P2,156,156
sub-0184_P2,157,157
sub-0184_P2,158,158
sub-0184_P2,159,159
sub-0184_P2,160,160
sub-0184_P2,161,161
sub-0184_P2,162,162
sub-0184_P2,163,163
sub-0184_P2,164,164
sub-0184_P2,165,165
sub-0184_P2,166,166
sub-0184_P2,167,167
sub-0184_P2,168,168
sub-0184_P2,169,169
sub-0184_P2,170,170
sub-0184_P2,171,171
sub-0184_P2,172,172
sub-0184_P2,173,173
sub-0184_P2,174,174
sub-0184_P2,175,175
sub-0184_P2,176,176
sub-0184_P2,177,0
sub-0184_P2,178,191
sub-0184_P2,179,179
sub-0184_P2,180,180
sub-0184_P2,181,181
sub-0184_P2,182,182
sub-0184_P2,183,183
sub-0184_P2,184,184
sub-0184_P2,185,78
sub-0184_P2,186,186
sub-0184_P2,187,187
sub-0184_P2,188,188
sub-0184_P2,189,189
sub-0184_P2,190,190
sub-0184_P2,191,191
sub-0184_P2,192,192
sub-0184_P2,193,193
sub-0184_P2,194,194
sub-0184_P2,195,195
sub-0184_P2,196,196
sub-0184_P2,197,197
sub-0184_P2,198,198
sub-0184_P2,199,199
sub-0184_P2,200,200
sub-0184_P2,201,201
sub-0184_P2,202,202
sub-0184_P2,203,203
sub-0184_P2,204,204
sub-0184_P2,205,205
sub-0184_P2,206,206
sub-0184_P2,207,207
sub-0184_P2,208,209
sub-0184_P2,209,209
sub-0184_P2,210,210
sub-0184_P2,211,211
sub-0184_P2,212,212
sub-0184_P2,213,213
sub-0184_P2,214,214
sub-0184_P2,215,215
sub-0184_P2,216,216
sub-0184_P2,217,217
sub-0184_P2,218,218
sub-0184_P2,219,219
sub-0184_P2,220,220
sub-0184_P2,221,217
sub-0184_P2,222,222
sub-0184_P2,223,223
sub-0184_P2,224,224
sub-0184_P2,225,0
sub-0184_P2,226,211
sub-0184_P2,227,211
sub-0184_P2,228,228
sub-0184_P2,229,229
sub-0184_P2,230,230
sub-0184_P2,231,231
sub-0185_P2,0,0
sub-0185_P2,1,1
sub-0185_P2,2,2
sub-0185_P2,3,3
sub-0185_P2,4,4
sub-0185_P2,5,5
sub-0185_P2,6,6
sub-0185_P2,7,107
sub-0185_P2,8,204
sub-0185_P2,9,9
sub-0185_P2,10,10
sub-0185_P2,11,11
sub-0185_P2,12,12
sub-0185_P2,13,13
sub-0185_P2,14,14
sub-0185_P2,15,15
sub-0185_P2,16,16
sub-0185_P2,17,17
sub-0185_P2,18,18
sub-0185_P2,19,19
sub-0185_P2,20,20
sub-0185_P2,21,21
sub-0185_P2,22,22
sub-0185_P2,23,23
sub-0185_P2,24,24
sub-0185_P2,25,25
sub-0185_P2,26,26
sub-0185_P2,27,27
sub-0185_P2,28,28
sub-0185_P2,29,29
sub-0185_P2,30,30
sub-0185_P2,31,31
sub-0185_P2,32,32
sub-0185_P2,33,33
sub-0185_P2,34,34
sub-0185_P2,35,35
sub-0185_P2,36,36
sub-0185_P2,37,37
sub-0185_P2,38,38
sub-0185_P2,39,39
sub-0185_P2,40,143
sub-0185_P2,41,41
sub-0185_P2,42,42
sub-0185_P2,43,43
sub-0185_P2,44,44
sub-0185_P2,45,45
sub-0185_P2,46,46
sub-0185_P2,47,47
sub-0185_P2,48,48
sub-0185_P2,49,49
sub-0185_P2,50,51
sub-0185_P2,51,51
sub-0185_P2,52,52
sub-0185_P2,53,53
sub-0185_P2,54,160
sub-0185_P2,55,143
sub-0185_P2,56,56
sub-0185_P2,57,57
sub-0185_P2,58,58
sub-0185_P2,59,59
sub-0185_P2,60,60
sub-0185_P2,61,61
sub-0185_P2,62,62
sub-0185_P2,63,63
sub-0185_P2,64,64
sub-0185_P2,65,65
sub-0185_P2,66,66
sub-0185_P2,67,67
sub-0185_P2,68,68
sub-0185_P2,69,69
sub-0185_P2,70,70
sub-0185_P2,71,71
sub-0185_P2,72,72
sub-0185_P2,73,73
sub-0185_P2,74,74
sub-0185_P2,75,75
sub-0185_P2,76,76
sub-0185_P2,77,77
sub-0185_P2,78,78
sub-0185_P2,79,79
sub-0185_P2,80,80
sub-0185_P2,81,217
sub-0185_P2,82,82
sub-0185_P2,83,83
sub-0185_P2,84,84
sub-0185_P2,85,85
sub-0185_P2,86,86
sub-0185_P2,87,87
sub-0185_P2,88,88
sub-0185_P2,89,89
sub-0185_P2,90,90
sub-0185_P2,91,91
sub-0185_P2,92,92
sub-0185_P2,93,93
sub-0185_P2,94,94
sub-0185_P2,95,95
sub-0185_P2,96,96
sub-0185_P2,97,95
sub-0185_P2,98,98
sub-0185_P2,99,99
sub-0185_P2,100,100
sub-0185_P2,101,101
sub-0185_P2,102,102
sub-0185_P2,103,103
sub-0185_P2,104,104
sub-0185_P2,105,105
sub-0185_P2,106,106
sub-0185_P2,107,107
sub-0185_P2,108,108
sub-0185_P2,109,109
sub-0185_P2,110,110
sub-0185_P2,111,111
sub-0185_P2,112,112
sub-0185_P2,113,113
sub-0185_P2,114,114
sub-0185_P2,115,13
sub-0185_P2,116,116
sub-0185_P2,117,117
sub-0185_P2,118,118
sub-0185_P2,119,119
sub-0185_P2,120,16
sub-0185_P2,121,121
sub-0185_P2,122,122
sub-0185_P2,123,123
sub-0185_P2,124,124
sub-0185_P2,125,126
sub-0185_P2,126,126
sub-0185_P2,127,127
sub-0185_P2,128,128
sub-0185_P2,129,129
sub-0185_P2,130,130
sub-0185_P2,131,131
sub-0185_P2,132,132
sub-0185_P2,133,133
sub-0185_P2,134,134
sub-0185_P2,135,135
sub-0185_P2,136,136
sub-0185_P2,137,137
sub-0185_P2,138,138
sub-0185_P2,139,139
sub-0185_P2,140,140
sub-0185_P2,141,141
sub-0185_P2,142,142
sub-0185_P2,143,143
sub-0185_P2,144,25
sub-0185_P2,145,145
sub-0185_P2,146,146
sub-0185_P2,147,147
sub-0185_P2,148,224
sub-0185_P2,149,149
sub-0185_P2,150,150
sub-0185_P2,151,151
sub-0185_P2,152,152
sub-0185_P2,153,153
sub-0185_P2,154,154
sub-0185_P2,155,155
sub-0185_P2,156,52
sub-0185_P2,157,157
sub-0185_P2,158,158
sub-0185_P2,159,159
sub-0185_P2,160,160
sub-0185_P2,161,161
sub-0185_P2,162,53
sub-0185_P2,163,33
sub-0185_P2,164,164
sub-0185_P2,165,165
sub-0185_P2,166,211
sub-0185_P2,167,167
sub-0185_P2,168,168
sub-0185_P2,169,169
sub-0185_P2,170,170
sub-0185_P2,171,171
sub-0185_P2,172,172
sub-0185_P2,173,173
sub-0185_P2,174,174
sub-0185_P2,175,175
sub-0185_P2,176,48
sub-0185_P2,177,177
sub-0185_P2,178,178
sub-0185_P2,179,179
sub-0185_P2,180,180
sub-0185_P2,181,181
sub-0185_P2,182,182
sub-0185_P2,183,183
sub-0185_P2,184,184
sub-0185_P2,185,185
sub-0185_P2,186,186
sub-0185_P2,187,187
sub-0185_P2,188,188
sub-0185_P2,189,83
sub-0185_P2,190,190
sub-0185_P2,191,191
sub-0185_P2,192,192
sub-0185_P2,193,193
sub-0185_P2,194,194
sub-0185_P2,195,195
sub-0185_P2,196,196
sub-0185_P2,197,199
sub-0185_P2,198,198
sub-0185_P2,199,199
sub-0185_P2,200,200
sub-0185_P2,201,217
sub-0185_P2,202,202
sub-0185_P2,203,203
sub-0185_P2,204,204
sub-0185_P2,205,205
sub-0185_P2,206,206
sub-0185_P2,207,207
sub-0185_P2,208,55
sub-0185_P2,209,210
sub-0185_P2,210,210
sub-0185_P2,211,211
sub-0185_P2,212,212
sub-0185_P2,213,213
sub-0185_P2,214,214
sub-0185_P2,215,215
sub-0185_P2,216,220
sub-0185_P2,217,217
sub-0185_P2,218,218
sub-0185_P2,219,219
sub-0185_P2,220,220
sub-0185_P2,221,221
sub-0185_P2,222,222
sub-0185_P2,223,223
sub-0185_P2,224,224
sub-0185_P2,225,225
sub-0185_P2,226,226
sub-0185_P2,227,227
sub-0185_P2,228,228
sub-0185_P2,229,229
sub-0185_P2,230,230
sub-0185_P2,231,231
sub-0186_P2,0,0
sub-0186_P2,1,1
sub-0186_P2,2,2
sub-0186_P2,3,3
sub-0186_P2,4,4
sub-0186_P2,5,5
sub-0186_P2,6,6
sub-0186_P2,7,7
sub-0186_P2,8,8
sub-0186_P2,9,9
sub-0186_P2,10,10
sub-0186_P2,11,11
sub-0186_P2,12,12
sub-0186_P2,13,13
sub-0186_P2,14,14
sub-0186_P2,15,15
sub-0186_P2,16,16
sub-0186_P2,17,17
sub-0186_P2,18,18
sub-0186_P2,19,19
sub-0186_P2,20,20
sub-0186_P2,21,21
sub-0186_P2,22,22
sub-0186_P2,23,23
sub-0186_P2,24,24
sub-0186_P2,25,25
sub-0186_P2,26,26
sub-0186_P2,27,220
sub-0186_P2,28,28
sub-0186_P2,29,29
sub-0186_P2,30,30
sub-0186_P2,31,31
sub-0186_P2,32,32
sub-0186_P2,33,33
sub-0186_P2,34,34
sub-0186_P2,35,35
sub-0186_P2,36,36
sub-0186_P2,37,37
sub-0186_P2,38,38
sub-0186_P2,39,39
sub-0186_P2,40,40
sub-0186_P2,41,41
sub-0186_P2,42,42
sub-0186_P2,43,43
sub-0186_P2,44,44
sub-0186_P2,45,45
sub-0186_P2,46,46
sub-0186_P2,47,47
sub-0186_P2,48,48
sub-0186_P2,49,49
sub-0186_P2,50,50
sub-0186_P2,51,51
sub-0186_P2,52,52
sub-0186_P2,53,53
sub-0186_P2,54,53
sub-0186_P2,55,55
sub-0186_P2,56,56
sub-0186_P2,57,57
sub-0186_P2,58,58
sub-0186_P2,59,59
sub-0186_P2,60,60
sub-0186_P2,61,61
sub-0186_P2,62,62
sub-0186_P2,63,63
sub-0186_P2,64,220
sub-0186_P2,65,65
sub-0186_P2,66,66
sub-0186_P2,67,67
sub-0186_P2,68,68
sub-0186_P2,69,69
sub-0186_P2,70,152
sub-0186_P2,71,71
sub-0186_P2,72,72
sub-0186_P2,73,73
sub-0186_P2,74,74
sub-0186_P2,75,75
sub-0186_P2,76,76
sub-0186_P2,77,77
sub-0186_P2,78,78
sub-0186_P2,79,79
sub-0186_P2,80,80
sub-0186_P2,81,81
sub-0186_P2,82,82
sub-0186_P2,83,83
sub-0186_P2,84,84
sub-0186_P2,85,85
sub-0186_P2,86,86
sub-0186_P2,87,87
sub-0186_P2,88,88
sub-0186_P2,89,89
sub-0186_P2,90,90
sub-0186_P2,91,91
sub-0186_P2,92,69
sub-0186_P2,93,93
sub-0186_P2,94,94
sub-0186_P2,95,95
sub-0186_P2,96,96
sub-0186_P2,97,97
sub-0186_P2,98,53
sub-0186_P2,99,99
sub-0186_P2,100,100
sub-0186_P2,101,101
sub-0186_P2,102,102
sub-0186_P2,103,103
sub-0186_P2,104,104
sub-0186_P2,105,105
sub-0186_P2,106,106
sub-0186_P2,107,107
sub-0186_P2,108,108
sub-0186_P2,109,109
sub-0186_P2,110,110
sub-0186_P2,111,111
sub-0186_P2,112,112
sub-0186_P2,113,113
sub-0186_P2,114,114
sub-0186_P2,115,115
sub-0186_P2,116,116
sub-0186_P2,117,117
sub-0186_P2,118,118
sub-0186_P2,119,115
sub-0186_P2,120,120
sub-0186_P2,121,121
sub-0186_P2,122,122
sub-0186_P2,123,25
sub-0186_P2,124,124
sub-0186_P2,125,125
sub-0186_P2,126,126
sub-0186_P2,127,25
sub-0186_P2,128,128
sub-0186_P2,129,129
sub-0186_P2,130,130
sub-0186_P2,131,131
sub-0186_P2,132,132
sub-0186_P2,133,133
sub-0186_P2,134,134
sub-0186_P2,135,135
sub-0186_P2,136,136
sub-0186_P2,137,137
sub-0186_P2,138,138
sub-0186_P2,139,139
sub-0186_P2,140,140
sub-0186_P2,141,141
sub-0186_P2,142,142
sub-0186_P2,143,210
sub-0186_P2,144,144
sub-0186_P2,145,145
sub-0186_P2,146,146
sub-0186_P2,147,147
sub-0186_P2,148,148
sub-0186_P2,149,149
sub-0186_P2,150,150
sub-0186_P2,151,151
sub-0186_P2,152,152
sub-0186_P2,153,153
sub-0186_P2,154,154
sub-0186_P2,155,155
sub-0186_P2,156,156
sub-0186_P2,157,225
sub-0186_P2,158,158
sub-0186_P2,159,196
sub-0186_P2,160,160
sub-0186_P2,161,161
sub-0186_P2,162,162
sub-0186_P2,163,163
sub-0186_P2,164,164
sub-0186_P2,165,165
sub-0186_P2,166,166
sub-0186_P2,167,167
sub-0186_P2,168,168
sub-0186_P2,169,169
sub-0186_P2,170,170
sub-0186_P2,171,171
sub-0186_P2,172,172
sub-0186_P2,173,173
sub-0186_P2,174,174
sub-0186_P2,175,175
sub-0186_P2,176,176
sub-0186_P2,177,177
sub-0186_P2,178,178
sub-0186_P2,179,179
sub-0186_P2,180,180
sub-0186_P2,181,181
sub-0186_P2,182,182
sub-0186_P2,183,183
sub-0186_P2,184,184
sub-0186_P2,185,185
sub-0186_P2,186,186
sub-0186_P2,187,169
sub-0186_P2,188,188
sub-0186_P2,189,189
sub-0186_P2,190,84
sub-0186_P2,191,191
sub-0186_P2,192,192
sub-0186_P2,193,193
sub-0186_P2,194,194
sub-0186_P2,195,195
sub-0186_P2,196,196
sub-0186_P2,197,197
sub-0186_P2,198,198
sub-0186_P2,199,199
sub-0186_P2,200,200
sub-0186_P2,201,201
sub-0186_P2,202,202
sub-0186_P2,203,203
sub-0186_P2,204,204
sub-0186_P2,205,205
sub-0186_P2,206,206
sub-0186_P2,207,207
sub-0186_P2,208,208
sub-0186_P2,209,209
sub-0186_P2,210,211
sub-0186_P2,211,211
sub-0186_P2,212,212
sub-0186_P2,213,213
sub-0186_P2,214,214
sub-0186_P2,215,215
sub-0186_P2,216,216
sub-0186_P2,217,53
sub-0186_P2,218,218
sub-0186_P2,219,219
sub-0186_P2,220,220
sub-0186_P2,221,221
sub-0186_P2,222,222
sub-0186_P2,223,223
sub-0186_P2,224,224
sub-0186_P2,225,225
sub-0186_P2,226,226
sub-0186_P2,227,227
sub-0186_P2,228,228
sub-0186_P2,229,229
sub-0186_P2,230,230
sub-0186_P2,231,231
sub-0187_P2,0,0
sub-0187_P2,1,1
sub-0187_P2,2,2
sub-0187_P2,3,3
sub-0187_P2,4,4
sub-0187_P2,5,5
sub-0187_P2,6,6
sub-0187_P2,7,7
sub-0187_P2,8,8
sub-0187_P2,9,9
sub-0187_P2,10,10
sub-0187_P2,11,11
sub-0187_P2,12,12
sub-0187_P2,13,13
sub-0187_P2,14,14
sub-0187_P2,15,15
sub-0187_P2,16,16
sub-0187_P2,17,17
sub-0187_P2,18,18
sub-0187_P2,19,120
sub-0187_P2,20,20
sub-0187_P2,21,21
sub-0187_P2,22,22
sub-0187_P2,23,23
sub-0187_P2,24,24
sub-0187_P2,25,25
sub-0187_P2,26,26
sub-0187_P2,27,27
sub-0187_P2,28,28
sub-0187_P2,29,29
sub-0187_P2,30,30
sub-0187_P2,31,31
sub-0187_P2,32,32
sub-0187_P2,33,59
sub-0187_P2,34,34
sub-0187_P2,35,35
sub-0187_P2,36,36
sub-0187_P2,37,37
sub-0187_P2,38,38
sub-0187_P2,39,39
sub-0187_P2,40,40
sub-0187_P2,41,41
sub-0187_P2,42,42
sub-0187_P2,43,43
sub-0187_P2,44,44
sub-0187_P2,45,45
sub-0187_P2,46,46
sub-0187_P2,47,47
sub-0187_P2,48,48
sub-0187_P2,49,49
sub-0187_P2,50,50
sub-0187_P2,51,51
sub-0187_P2,52,52
sub-0187_P2,53,53
sub-0187_P2,54,143
sub-0187_P2,55,201
sub-0187_P2,56,56
sub-0187_P2,57,57
sub-0187_P2,58,58
sub-0187_P2,59,59
sub-0187_P2,60,60
sub-0187_P2,61,61
sub-0187_P2,62,62
sub-0187_P2,63,63
sub-0187_P2,64,64
sub-0187_P2,65,65
sub-0187_P2,66,66
sub-0187_P2,67,67
sub-0187_P2,68,68
sub-0187_P2,69,69
sub-0187_P2,70,70
sub-0187_P2,71,187
sub-0187_P2,72,72
sub-0187_P2,73,73
sub-0187_P2,74,74
sub-0187_P2,75,75
sub-0187_P2,76,76
sub-0187_P2,77,77
sub-0187_P2,78,78
sub-0187_P2,79,79
sub-0187_P2,80,80
sub-0187_P2,81,81
sub-0187_P2,82,82
sub-0187_P2,83,83
sub-0187_P2,84,84
sub-0187_P2,85,85
sub-0187_P2,86,86
sub-0187_P2,87,87
sub-0187_P2,88,88
sub-0187_P2,89,89
sub-0187_P2,90,90
sub-0187_P2,91,91
sub-0187_P2,92,92
sub-0187_P2,93,93
sub-0187_P2,94,94
sub-0187_P2,95,95
sub-0187_P2,96,96
sub-0187_P2,97,97
sub-0187_P2,98,98
sub-0187_P2,99,99
sub-0187_P2,100,100
sub-0187_P2,101,101
sub-0187_P2,102,102
sub-0187_P2,103,103
sub-0187_P2,104,104
sub-0187_P2,105,105
sub-0187_P2,106,106
sub-0187_P2,107,107
sub-0187_P2,108,108
sub-0187_P2,109,109
sub-0187_P2,110,110
sub-0187_P2,111,111
sub-0187_P2,112,112
sub-0187_P2,113,113
sub-0187_P2,114,147
sub-0187_P2,115,115
sub-0187_P2,116,116
sub-0187_P2,117,117
sub-0187_P2,118,118
sub-0187_P2,119,119
sub-0187_P2,120,217
sub-0187_P2,121,121
sub-0187_P2,122,122
sub-0187_P2,123,123
sub-0187_P2,124,124
sub-0187_P2,125,125
sub-0187_P2,126,126
sub-0187_P2,127,127
sub-0187_P2,128,128
sub-0187_P2,129,129
sub-0187_P2,130,130
sub-0187_P2,131,131
sub-0187_P2,132,132
sub-0187_P2,133,133
sub-0187_P2,134,134
sub-0187_P2,135,135
sub-0187_P2,136,136
sub-0187_P2,137,137
sub-0187_P2,138,138
sub-0187_P2,139,139
sub-0187_P2,140,140
sub-0187_P2,141,141
sub-0187_P2,142,140
sub-0187_P2,143,143
sub-0187_P2,144,143
sub-0187_P2,145,145
sub-0187_P2,146,146
sub-0187_P2,147,147
sub-0187_P2,148,148
sub-0187_P2,149,149
sub-0187_P2,150,150
sub-0187_P2,151,151
sub-0187_P2,152,152
sub-0187_P2,153,153
sub-0187_P2,154,154
sub-0187_P2,155,155
sub-0187_P2,156,156
sub-0187_P2,157,157
sub-0187_P2,158,158
sub-0187_P2,159,159
sub-0187_P2,160,160
sub-0187_P2,161,52
sub-0187_P2,162,162
sub-0187_P2,163,163
sub-0187_P2,164,164
sub-0187_P2,165,165
sub-0187_P2,166,166
sub-0187_P2,167,167
sub-0187_P2,168,168
sub-0187_P2,169,169
sub-0187_P2,170,170
sub-0187_P2,171,171
sub-0187_P2,172,172
sub-0187_P2,173,173
sub-0187_P2,174,174
sub-0187_P2,175,175
sub-0187_P2,176,176
sub-0187_P2,177,177
sub-0187_P2,178,178
sub-0187_P2,179,179
sub-0187_P2,180,180
sub-0187_P2,181,181
sub-0187_P2,182,182
sub-0187_P2,183,183
sub-0187_P2,184,184
sub-0187_P2,185,185
sub-0187_P2,186,186
sub-0187_P2,187,187
sub-0187_P2,188,188
sub-0187_P2,189,189
sub-0187_P2,190,190
sub-0187_P2,191,191
sub-0187_P2,192,192
sub-0187_P2,193,193
sub-0187_P2,194,194
sub-0187_P2,195,195
sub-0187_P2,196,196
sub-0187_P2,197,197
sub-0187_P2,198,198
sub-0187_P2,199,199
sub-0187_P2,200,200
sub-0187_P2,201,52
sub-0187_P2,202,202
sub-0187_P2,203,203
sub-0187_P2,204,204
sub-0187_P2,205,205
sub-0187_P2,206,206
sub-0187_P2,207,207
sub-0187_P2,208,208
sub-0187_P2,209,209
sub-0187_P2,210,210
sub-0187_P2,211,211
sub-0187_P2,212,212
sub-0187_P2,213,213
sub-0187_P2,214,214
sub-0187_P2,215,215
sub-0187_P2,216,51
sub-0187_P2,217,217
sub-0187_P2,218,218
sub-0187_P2,219,219
sub-0187_P2,220,220
sub-0187_P2,221,221
sub-0187_P2,222,222
sub-0187_P2,223,205
sub-0187_P2,224,224
sub-0187_P2,225,225
sub-0187_P2,226,211
sub-0187_P2,227,210
sub-0187_P2,228,228
sub-0187_P2,229,229
sub-0187_P2,230,230
sub-0187_P2,231,231
sub-0188_P2,0,0
sub-0188_P2,1,1
sub-0188_P2,2,2
sub-0188_P2,3,3
sub-0188_P2,4,4
sub-0188_P2,5,5
sub-0188_P2,6,6
sub-0188_P2,7,7
sub-0188_P2,8,8
sub-0188_P2,9,9
sub-0188_P2,10,10
sub-0188_P2,11,11
sub-0188_P2,12,12
sub-0188_P2,13,13
sub-0188_P2,14,14
sub-0188_P2,15,15
sub-0188_P2,16,16
sub-0188_P2,17,17
sub-0188_P2,18,18
sub-0188_P2,19,19
sub-0188_P2,20,20
sub-0188_P2,21,21
sub-0188_P2,22,22
sub-0188_P2,23,23
sub-0188_P2,24,24
sub-0188_P2,25,25
sub-0188_P2,26,26
sub-0188_P2,27,27
sub-0188_P2,28,28
sub-0188_P2,29,29
sub-0188_P2,30,30
sub-0188_P2,31,31
sub-0188_P2,32,32
sub-0188_P2,33,33
sub-0188_P2,34,34
sub-0188_P2,35,35
sub-0188_P2,36,119
sub-0188_P2,37,37
sub-0188_P2,38,38
sub-0188_P2,39,39
sub-0188_P2,40,40
sub-0188_P2,41,41
sub-0188_P2,42,42
sub-0188_P2,43,43
sub-0188_P2,44,44
sub-0188_P2,45,45
sub-0188_P2,46,86
sub-0188_P2,47,47
sub-0188_P2,48,48
sub-0188_P2,49,49
sub-0188_P2,50,50
sub-0188_P2,51,158
sub-0188_P2,52,52
sub-0188_P2,53,53
sub-0188_P2,54,54
sub-0188_P2,55,55
sub-0188_P2,56,31
sub-0188_P2,57,57
sub-0188_P2,58,58
sub-0188_P2,59,59
sub-0188_P2,60,60
sub-0188_P2,61,61
sub-0188_P2,62,62
sub-0188_P2,63,63
sub-0188_P2,64,64
sub-0188_P2,65,65
sub-0188_P2,66,66
sub-0188_P2,67,67
sub-0188_P2,68,68
sub-0188_P2,69,69
sub-0188_P2,70,70
sub-0188_P2,71,71
sub-0188_P2,72,72
sub-0188_P2,73,73
sub-0188_P2,74,74
sub-0188_P2,75,75
sub-0188_P2,76,76
sub-0188_P2,77,77
sub-0188_P2,78,78
sub-0188_P2,79,79
sub-0188_P2,80,80
sub-0188_P2,81,81
sub-0188_P2,82,82
sub-0188_P2,83,83
sub-0188_P2,84,84
sub-0188_P2,85,85
sub-0188_P2,86,86
sub-0188_P2,87,87
sub-0188_P2,88,88
sub-0188_P2,89,89
sub-0188_P2,90,90
sub-0188_P2,91,91
sub-0188_P2,92,92
sub-0188_P2,93,93
sub-0188_P2,94,94
sub-0188_P2,95,95
sub-0188_P2,96,96
sub-0188_P2,97,97
sub-0188_P2,98,98
sub-0188_P2,99,99
sub-0188_P2,100,100
sub-0188_P2,101,101
sub-0188_P2,102,102
sub-0188_P2,103,103
sub-0188_P2,104,104
sub-0188_P2,105,105
sub-0188_P2,106,106
sub-0188_P2,107,107
sub-0188_P2,108,108
sub-0188_P2,109,109
sub-0188_P2,110,110
sub-0188_P2,111,111
sub-0188_P2,112,112
sub-0188_P2,113,113
sub-0188_P2,114,114
sub-0188_P2,115,115
sub-0188_P2,116,116
sub-0188_P2,117,117
sub-0188_P2,118,118
sub-0188_P2,119,119
sub-0188_P2,120,120
sub-0188_P2,121,121
sub-0188_P2,122,122
sub-0188_P2,123,123
sub-0188_P2,124,124
sub-0188_P2,125,125
sub-0188_P2,126,126
sub-0188_P2,127,127
sub-0188_P2,128,128
sub-0188_P2,129,129
sub-0188_P2,130,130
sub-0188_P2,131,131
sub-0188_P2,132,132
sub-0188_P2,133,133
sub-0188_P2,134,134
sub-0188_P2,135,135
sub-0188_P2,136,136
sub-0188_P2,137,137
sub-0188_P2,138,138
sub-0188_P2,139,139
sub-0188_P2,140,140
sub-0188_P2,141,141
sub-0188_P2,142,142
sub-0188_P2,143,143
sub-0188_P2,144,144
sub-0188_P2,145,145
sub-0188_P2,146,146
sub-0188_P2,147,147
sub-0188_P2,148,148
sub-0188_P2,149,149
sub-0188_P2,150,150
sub-0188_P2,151,151
sub-0188_P2,152,152
sub-0188_P2,153,154
sub-0188_P2,154,154
sub-0188_P2,155,155
sub-0188_P2,156,156
sub-0188_P2,157,157
sub-0188_P2,158,158
sub-0188_P2,159,158
sub-0188_P2,160,160
sub-0188_P2,161,161
sub-0188_P2,162,162
sub-0188_P2,163,163
sub-0188_P2,164,164
sub-0188_P2,165,165
sub-0188_P2,166,166
sub-0188_P2,167,167
sub-0188_P2,168,168
sub-0188_P2,169,169
sub-0188_P2,170,170
sub-0188_P2,171,171
sub-0188_P2,172,172
sub-0188_P2,173,173
sub-0188_P2,174,174
sub-0188_P2,175,175
sub-0188_P2,176,176
sub-0188_P2,177,177
sub-0188_P2,178,178
sub-0188_P2,179,179
sub-0188_P2,180,180
sub-0188_P2,181,181
sub-0188_P2,182,182
sub-0188_P2,183,183
sub-0188_P2,184,184
sub-0188_P2,185,185
sub-0188_P2,186,186
sub-0188_P2,187,187
sub-0188_P2,188,188
sub-0188_P2,189,189
sub-0188_P2,190,190
sub-0188_P2,191,191
sub-0188_P2,192,192
sub-0188_P2,193,193
sub-0188_P2,194,194
sub-0188_P2,195,195
sub-0188_P2,196,196
sub-0188_P2,197,197
sub-0188_P2,198,198
sub-0188_P2,199,196
sub-0188_P2,200,220
sub-0188_P2,201,201
sub-0188_P2,202,202
sub-0188_P2,203,203
sub-0188_P2,204,204
sub-0188_P2,205,221
sub-0188_P2,206,206
sub-0188_P2,207,207
sub-0188_P2,208,208
sub-0188_P2,209,209
sub-0188_P2,210,210
sub-0188_P2,211,211
sub-0188_P2,212,212
sub-0188_P2,213,213
sub-0188_P2,214,214
sub-0188_P2,215,215
sub-0188_P2,216,216
sub-0188_P2,217,217
sub-0188_P2,218,218
sub-0188_P2,219,219
sub-0188_P2,220,221
sub-0188_P2,221,221
sub-0188_P2,222,222
sub-0188_P2,223,226
sub-0188_P2,224,224
sub-0188_P2,225,225
sub-0188_P2,226,226
sub-0188_P2,227,211
sub-0188_P2,228,228
sub-0188_P2,229,229
sub-0188_P2,230,230
sub-0188_P2,231,231
sub-0189_P2,0,0
sub-0189_P2,1,1
sub-0189_P2,2,2
sub-0189_P2,3,3
sub-0189_P2,4,4
sub-0189_P2,5,5
sub-0189_P2,6,6
sub-0189_P2,7,7
sub-0189_P2,8,8
sub-0189_P2,9,9
sub-0189_P2,10,10
sub-0189_P2,11,11
sub-0189_P2,12,27
sub-0189_P2,13,13
sub-0189_P2,14,14
sub-0189_P2,15,15
sub-0189_P2,16,16
sub-0189_P2,17,17
sub-0189_P2,18,18
sub-0189_P2,19,19
sub-0189_P2,20,20
sub-0189_P2,21,21
sub-0189_P2,22,22
sub-0189_P2,23,23
sub-0189_P2,24,24
sub-0189_P2,25,25
sub-0189_P2,26,26
sub-0189_P2,27,27
sub-0189_P2,28,28
sub-0189_P2,29,29
sub-0189_P2,30,30
sub-0189_P2,31,31
sub-0189_P2,32,32
sub-0189_P2,33,33
sub-0189_P2,34,34
sub-0189_P2,35,35
sub-0189_P2,36,36
sub-0189_P2,37,37
sub-0189_P2,38,38
sub-0189_P2,39,39
sub-0189_P2,40,40
sub-0189_P2,41,41
sub-0189_P2,42,42
sub-0189_P2,43,43
sub-0189_P2,44,44
sub-0189_P2,45,45
sub-0189_P2,46,46
sub-0189_P2,47,47
sub-0189_P2,48,48
sub-0189_P2,49,49
sub-0189_P2,50,50
sub-0189_P2,51,51
sub-0189_P2,52,53
sub-0189_P2,53,53
sub-0189_P2,54,54
sub-0189_P2,55,55
sub-0189_P2,56,56
sub-0189_P2,57,57
sub-0189_P2,58,58
sub-0189_P2,59,59
sub-0189_P2,60,60
sub-0189_P2,61,61
sub-0189_P2,62,62
sub-0189_P2,63,63
sub-0189_P2,64,64
sub-0189_P2,65,65
sub-0189_P2,66,66
sub-0189_P2,67,67
sub-0189_P2,68,68
sub-0189_P2,69,187
sub-0189_P2,70,70
sub-0189_P2,71,71
sub-0189_P2,72,72
sub-0189_P2,73,73
sub-0189_P2,74,74
sub-0189_P2,75,75
sub-0189_P2,76,76
sub-0189_P2,77,77
sub-0189_P2,78,78
sub-0189_P2,79,79
sub-0189_P2,80,80
sub-0189_P2,81,81
sub-0189_P2,82,82
sub-0189_P2,83,83
sub-0189_P2,84,84
sub-0189_P2,85,85
sub-0189_P2,86,68
sub-0189_P2,87,87
sub-0189_P2,88,88
sub-0189_P2,89,187
sub-0189_P2,90,90
sub-0189_P2,91,91
sub-0189_P2,92,92
sub-0189_P2,93,93
sub-0189_P2,94,94
sub-0189_P2,95,95
sub-0189_P2,96,96
sub-0189_P2,97,99
sub-0189_P2,98,98
sub-0189_P2,99,99
sub-0189_P2,100,100
sub-0189_P2,101,101
sub-0189_P2,102,102
sub-0189_P2,103,103
sub-0189_P2,104,163
sub-0189_P2,105,105
sub-0189_P2,106,106
sub-0189_P2,107,107
sub-0189_P2,108,108
sub-0189_P2,109,109
sub-0189_P2,110,110
sub-0189_P2,111,111
sub-0189_P2,112,112
sub-0189_P2,113,113
sub-0189_P2,114,114
sub-0189_P2,115,115
sub-0189_P2,116,116
sub-0189_P2,117,117
sub-0189_P2,118,118
sub-0189_P2,119,119
sub-0189_P2,120,120
sub-0189_P2,121,121
sub-0189_P2,122,122
sub-0189_P2,123,123
sub-0189_P2,124,124
sub-0189_P2,125,125
sub-0189_P2,126,126
sub-0189_P2,127,127
sub-0189_P2,128,128
sub-0189_P2,129,129
sub-0189_P2,130,130
sub-0189_P2,131,131
sub-0189_P2,132,132
sub-0189_P2,133,133
sub-0189_P2,134,134
sub-0189_P2,135,135
sub-0189_P2,136,136
sub-0189_P2,137,137
sub-0189_P2,138,138
sub-0189_P2,139,139
sub-0189_P2,140,140
sub-0189_P2,141,141
sub-0189_P2,142,142
sub-0189_P2,143,143
sub-0189_P2,144,144
sub-0189_P2,145,145
sub-0189_P2,146,146
sub-0189_P2,147,147
sub-0189_P2,148,148
sub-0189_P2,149,149
sub-0189_P2,150,150
sub-0189_P2,151,151
sub-0189_P2,152,152
sub-0189_P2,153,153
sub-0189_P2,154,154
sub-0189_P2,155,155
sub-0189_P2,156,156
sub-0189_P2,157,157
sub-0189_P2,158,158
sub-0189_P2,159,159
sub-0189_P2,160,160
sub-0189_P2,161,161
sub-0189_P2,162,162
sub-0189_P2,163,163
sub-0189_P2,164,164
sub-0189_P2,165,165
sub-0189_P2,166,166
sub-0189_P2,167,167
sub-0189_P2,168,168
sub-0189_P2,169,169
sub-0189_P2,170,170
sub-0189_P2,171,171
sub-0189_P2,172,172
sub-0189_P2,173,173
sub-0189_P2,174,174
sub-0189_P2,175,175
sub-0189_P2,176,176
sub-0189_P2,177,177
sub-0189_P2,178,178
sub-0189_P2,179,179
sub-0189_P2,180,180
sub-0189_P2,181,181
sub-0189_P2,182,182
sub-0189_P2,183,183
sub-0189_P2,184,184
sub-0189_P2,185,185
sub-0189_P2,186,186
sub-0189_P2,187,187
sub-0189_P2,188,188
sub-0189_P2,189,189
sub-0189_P2,190,190
sub-0189_P2,191,191
sub-0189_P2,192,192
sub-0189_P2,193,193
sub-0189_P2,194,194
sub-0189_P2,195,195
sub-0189_P2,196,196
sub-0189_P2,197,197
sub-0189_P2,198,198
sub-0189_P2,199,199
sub-0189_P2,200,200
sub-0189_P2,201,201
sub-0189_P2,202,8
sub-0189_P2,203,203
sub-0189_P2,204,204
sub-0189_P2,205,205
sub-0189_P2,206,206
sub-0189_P2,207,207
sub-0189_P2,208,208
sub-0189_P2,209,209
sub-0189_P2,210,210
sub-0189_P2,211,211
sub-0189_P2,212,212
sub-0189_P2,213,213
sub-0189_P2,214,214
sub-0189_P2,215,215
sub-0189_P2,216,216
sub-0189_P2,217,217
sub-0189_P2,218,218
sub-0189_P2,219,219
sub-0189_P2,220,220
sub-0189_P2,221,227
sub-0189_P2,222,206
sub-0189_P2,223,223
sub-0189_P2,224,224
sub-0189_P2,225,209
sub-0189_P2,226,226
sub-0189_P2,227,227
sub-0189_P2,228,219
sub-0189_P2,229,229
sub-0189_P2,230,230
sub-0189_P2,231,231
sub-0190_P2,0,0
sub-0190_P2,1,1
sub-0190_P2,2,2
sub-0190_P2,3,3
sub-0190_P2,4,4
sub-0190_P2,5,3
sub-0190_P2,6,6
sub-0190_P2,7,7
sub-0190_P2,8,8
sub-0190_P2,9,9
sub-0190_P2,10,10
sub-0190_P2,11,11
sub-0190_P2,12,12
sub-0190_P2,13,13
sub-0190_P2,14,14
sub-0190_P2,15,15
sub-0190_P2,16,16
sub-0190_P2,17,17
sub-0190_P2,18,18
sub-0190_P2,19,19
sub-0190_P2,20,20
sub-0190_P2,21,21
sub-0190_P2,22,22
sub-0190_P2,23,23
sub-0190_P2,24,199
sub-0190_P2,25,25
sub-0190_P2,26,26
sub-0190_P2,27,27
sub-0190_P2,28,28
sub-0190_P2,29,29
sub-0190_P2,30,30
sub-0190_P2,31,104
sub-0190_P2,32,32
sub-0190_P2,33,33
sub-0190_P2,34,34
sub-0190_P2,35,35
sub-0190_P2,36,36
sub-0190_P2,37,37
sub-0190_P2,38,38
sub-0190_P2,39,148
sub-0190_P2,40,40
sub-0190_P2,41,41
sub-0190_P2,42,42
sub-0190_P2,43,43
sub-0190_P2,44,44
sub-0190_P2,45,45
sub-0190_P2,46,46
sub-0190_P2,47,47
sub-0190_P2,48,48
sub-0190_P2,49,49
sub-0190_P2,50,50
sub-0190_P2,51,51
sub-0190_P2,52,52
sub-0190_P2,53,53
sub-0190_P2,54,54
sub-0190_P2,55,55
sub-0190_P2,56,56
sub-0190_P2,57,57
sub-0190_P2,58,61
sub-0190_P2,59,59
sub-0190_P2,60,60
sub-0190_P2,61,61
sub-0190_P2,62,62
sub-0190_P2,63,63
sub-0190_P2,64,169
sub-0190_P2,65,65
sub-0190_P2,66,66
sub-0190_P2,67,67
sub-0190_P2,68,68
sub-0190_P2,69,93
sub-0190_P2,70,70
sub-0190_P2,71,71
sub-0190_P2,72,72
sub-0190_P2,73,73
sub-0190_P2,74,74
sub-0190_P2,75,75
sub-0190_P2,76,76
sub-0190_P2,77,77
sub-0190_P2,78,78
sub-0190_P2,79,79
sub-0190_P2,80,80
sub-0190_P2,81,81
sub-0190_P2,82,82
sub-0190_P2,83,83
sub-0190_P2,84,84
sub-0190_P2,85,85
sub-0190_P2,86,86
sub-0190_P2,87,87
sub-0190_P2,88,88
sub-0190_P2,89,89
sub-0190_P2,90,90
sub-0190_P2,91,91
sub-0190_P2,92,92
sub-0190_P2,93,93
sub-0190_P2,94,94
sub-0190_P2,95,37
sub-0190_P2,96,96
sub-0190_P2,97,97
sub-0190_P2,98,98
sub-0190_P2,99,99
sub-0190_P2,100,100
sub-0190_P2,101,101
sub-0190_P2,102,102
sub-0190_P2,103,103
sub-0190_P2,104,104
sub-0190_P2,105,105
sub-0190_P2,106,106
sub-0190_P2,107,107
sub-0190_P2,108,108
sub-0190_P2,109,109
sub-0190_P2,110,110
sub-0190_P2,111,111
sub-0190_P2,112,112
sub-0190_P2,113,113
sub-0190_P2,114,114
sub-0190_P2,115,115
sub-0190_P2,116,116
sub-0190_P2,117,117
sub-0190_P2,118,118
sub-0190_P2,119,119
sub-0190_P2,120,120
sub-0190_P2,121,121
sub-0190_P2,122,122
sub-0190_P2,123,123
sub-0190_P2,124,124
sub-0190_P2,125,125
sub-0190_P2,126,126
sub-0190_P2,127,127
sub-0190_P2,128,128
sub-0190_P2,129,129
sub-0190_P2,130,130
sub-0190_P2,131,131
sub-0190_P2,132,132
sub-0190_P2,133,133
sub-0190_P2,134,140
sub-0190_P2,135,135
sub-0190_P2,136,136
sub-0190_P2,137,137
sub-0190_P2,138,138
sub-0190_P2,139,139
sub-0190_P2,140,140
sub-0190_P2,141,141
sub-0190_P2,142,142
sub-0190_P2,143,143
sub-0190_P2,144,144
sub-0190_P2,145,145
sub-0190_P2,146,146
sub-0190_P2,147,147
sub-0190_P2,148,148
sub-0190_P2,149,149
sub-0190_P2,150,150
sub-0190_P2,151,151
sub-0190_P2,152,152
sub-0190_P2,153,153
sub-0190_P2,154,154
sub-0190_P2,155,155
sub-0190_P2,156,156
sub-0190_P2,157,157
sub-0190_P2,158,158
sub-0190_P2,159,159
sub-0190_P2,160,160
sub-0190_P2,161,161
sub-0190_P2,162,162
sub-0190_P2,163,163
sub-0190_P2,164,164
sub-0190_P2,165,140
sub-0190_P2,166,166
sub-0190_P2,167,167
sub-0190_P2,168,168
sub-0190_P2,169,169
sub-0190_P2,170,170
sub-0190_P2,171,171
sub-0190_P2,172,172
sub-0190_P2,173,173
sub-0190_P2,174,174
sub-0190_P2,175,175
sub-0190_P2,176,50
sub-0190_P2,177,177
sub-0190_P2,178,178
sub-0190_P2,179,179
sub-0190_P2,180,180
sub-0190_P2,181,181
sub-0190_P2,182,182
sub-0190_P2,183,12
sub-0190_P2,184,184
sub-0190_P2,185,185
sub-0190_P2,186,186
sub-0190_P2,187,187
sub-0190_P2,188,188
sub-0190_P2,189,179
sub-0190_P2,190,190
sub-0190_P2,191,191
sub-0190_P2,192,173
sub-0190_P2,193,193
sub-0190_P2,194,194
sub-0190_P2,195,195
sub-0190_P2,196,219
sub-0190_P2,197,197
sub-0190_P2,198,198
sub-0190_P2,199,199
sub-0190_P2,200,200
sub-0190_P2,201,201
sub-0190_P2,202,202
sub-0190_P2,203,203
sub-0190_P2,204,204
sub-0190_P2,205,220
sub-0190_P2,206,206
sub-0190_P2,207,207
sub-0190_P2,208,208
sub-0190_P2,209,209
sub-0190_P2,210,210
sub-0190_P2,211,211
sub-0190_P2,212,212
sub-0190_P2,213,213
sub-0190_P2,214,214
sub-0190_P2,215,215
sub-0190_P2,216,216
sub-0190_P2,217,52
sub-0190_P2,218,218
sub-0190_P2,219,219
sub-0190_P2,220,220
sub-0190_P2,221,221
sub-0190_P2,222,222
sub-0190_P2,223,223
sub-0190_P2,224,209
sub-0190_P2,225,225
sub-0190_P2,226,161
sub-0190_P2,227,50
sub-0190_P2,228,228
sub-0190_P2,229,226
sub-0190_P2,230,230
sub-0190_P2,231,231
sub-0191_P2,0,103
sub-0191_P2,1,1
sub-0191_P2,2,2
sub-0191_P2,3,3
sub-0191_P2,4,4
sub-0191_P2,5,5
sub-0191_P2,6,6
sub-0191_P2,7,7
sub-0191_P2,8,211
sub-0191_P2,9,9
sub-0191_P2,10,10
sub-0191_P2,11,11
sub-0191_P2,12,12
sub-0191_P2,13,13
sub-0191_P2,14,14
sub-0191_P2,15,15
sub-0191_P2,16,16
sub-0191_P2,17,17
sub-0191_P2,18,18
sub-0191_P2,19,19
sub-0191_P2,20,20
sub-0191_P2,21,21
sub-0191_P2,22,22
sub-0191_P2,23,23
sub-0191_P2,24,24
sub-0191_P2,25,25
sub-0191_P2,26,26
sub-0191_P2,27,27
sub-0191_P2,28,28
sub-0191_P2,29,29
sub-0191_P2,30,30
sub-0191_P2,31,31
sub-0191_P2,32,32
sub-0191_P2,33,33
sub-0191_P2,34,34
sub-0191_P2,35,35
sub-0191_P2,36,36
sub-0191_P2,37,37
sub-0191_P2,38,38
sub-0191_P2,39,39
sub-0191_P2,40,40
sub-0191_P2,41,41
sub-0191_P2,42,42
sub-0191_P2,43,43
sub-0191_P2,44,44
sub-0191_P2,45,45
sub-0191_P2,46,46
sub-0191_P2,47,47
sub-0191_P2,48,48
sub-0191_P2,49,153
sub-0191_P2,50,50
sub-0191_P2,51,203
sub-0191_P2,52,52
sub-0191_P2,53,53
sub-0191_P2,54,54
sub-0191_P2,55,55
sub-0191_P2,56,56
sub-0191_P2,57,57
sub-0191_P2,58,58
sub-0191_P2,59,59
sub-0191_P2,60,60
sub-0191_P2,61,61
sub-0191_P2,62,62
sub-0191_P2,63,63
sub-0191_P2,64,66
sub-0191_P2,65,65
sub-0191_P2,66,66
sub-0191_P2,67,67
sub-0191_P2,68,68
sub-0191_P2,69,69
sub-0191_P2,70,187
sub-0191_P2,71,71
sub-0191_P2,72,72
sub-0191_P2,73,73
sub-0191_P2,74,74
sub-0191_P2,75,124
sub-0191_P2,76,76
sub-0191_P2,77,77
sub-0191_P2,78,78
sub-0191_P2,79,203
sub-0191_P2,80,187
sub-0191_P2,81,81
sub-0191_P2,82,82
sub-0191_P2,83,28
sub-0191_P2,84,84
sub-0191_P2,85,85
sub-0191_P2,86,86
sub-0191_P2,87,87
sub-0191_P2,88,88
sub-0191_P2,89,89
sub-0191_P2,90,90
sub-0191_P2,91,91
sub-0191_P2,92,92
sub-0191_P2,93,93
sub-0191_P2,94,94
sub-0191_P2,95,95
sub-0191_P2,96,96
sub-0191_P2,97,97
sub-0191_P2,98,98
sub-0191_P2,99,99
sub-0191_P2,100,100
sub-0191_P2,101,101
sub-0191_P2,102,3
sub-0191_P2,103,103
sub-0191_P2,104,104
sub-0191_P2,105,105
sub-0191_P2,106,106
sub-0191_P2,107,107
sub-0191_P2,108,108
sub-0191_P2,109,109
sub-0191_P2,110,110
sub-0191_P2,111,111
sub-0191_P2,112,112
sub-0191_P2,113,113
sub-0191_P2,114,114
sub-0191_P2,115,115
sub-0191_P2,116,116
sub-0191_P2,117,117
sub-0191_P2,118,118
sub-0191_P2,119,119
sub-0191_P2,120,120
sub-0191_P2,121,121
sub-0191_P2,122,122
sub-0191_P2,123,123
sub-0191_P2,124,124
sub-0191_P2,125,199
sub-0191_P2,126,126
sub-0191_P2,127,127
sub-0191_P2,128,128
sub-0191_P2,129,129
sub-0191_P2,130,130
sub-0191_P2,131,131
sub-0191_P2,132,132
sub-0191_P2,133,133
sub-0191_P2,134,134
sub-0191_P2,135,135
sub-0191_P2,136,136
sub-0191_P2,137,137
sub-0191_P2,138,138
sub-0191_P2,139,139
sub-0191_P2,140,140
sub-0191_P2,141,141
sub-0191_P2,142,142
sub-0191_P2,143,143
sub-0191_P2,144,144
sub-0191_P2,145,145
sub-0191_P2,146,149
sub-0191_P2,147,147
sub-0191_P2,148,148
sub-0191_P2,149,149
sub-0191_P2,150,150
sub-0191_P2,151,151
sub-0191_P2,152,152
sub-0191_P2,153,153
sub-0191_P2,154,154
sub-0191_P2,155,155
sub-0191_P2,156,156
sub-0191_P2,157,157
sub-0191_P2,158,158
sub-0191_P2,159,159
sub-0191_P2,160,160
sub-0191_P2,161,161
sub-0191_P2,162,162
sub-0191_P2,163,163
sub-0191_P2,164,164
sub-0191_P2,165,165
sub-0191_P2,166,166
sub-0191_P2,167,167
sub-0191_P2,168,168
sub-0191_P2,169,169
sub-0191_P2,170,218
sub-0191_P2,171,171
sub-0191_P2,172,172
sub-0191_P2,173,173
sub-0191_P2,174,174
sub-0191_P2,175,175
sub-0191_P2,176,187
sub-0191_P2,177,177
sub-0191_P2,178,178
sub-0191_P2,179,179
sub-0191_P2,180,180
sub-0191_P2,181,181
sub-0191_P2,182,182
sub-0191_P2,183,183
sub-0191_P2,184,172
sub-0191_P2,185,185
sub-0191_P2,186,186
sub-0191_P2,187,187
sub-0191_P2,188,187
sub-0191_P2,189,189
sub-0191_P2,190,190
sub-0191_P2,191,191
sub-0191_P2,192,192
sub-0191_P2,193,193
sub-0191_P2,194,194
sub-0191_P2,195,195
sub-0191_P2,196,196
sub-0191_P2,197,197
sub-0191_P2,198,198
sub-0191_P2,199,199
sub-0191_P2,200,200
sub-0191_P2,201,201
sub-0191_P2,202,202
sub-0191_P2,203,203
sub-0191_P2,204,204
sub-0191_P2,205,221
sub-0191_P2,206,206
sub-0191_P2,207,207
sub-0191_P2,208,208
sub-0191_P2,209,209
sub-0191_P2,210,205
sub-0191_P2,211,211
sub-0191_P2,212,212
sub-0191_P2,213,211
sub-0191_P2,214,214
sub-0191_P2,215,215
sub-0191_P2,216,216
sub-0191_P2,217,217
sub-0191_P2,218,218
sub-0191_P2,219,219
sub-0191_P2,220,220
sub-0191_P2,221,204
sub-0191_P2,222,222
sub-0191_P2,223,223
sub-0191_P2,224,224
sub-0191_P2,225,225
sub-0191_P2,226,226
sub-0191_P2,227,227
sub-0191_P2,228,228
sub-0191_P2,229,229
sub-0191_P2,230,230
sub-0191_P2,231,231
sub-0192_P2,0,0
sub-0192_P2,1,1
sub-0192_P2,2,2
sub-0192_P2,3,3
sub-0192_P2,4,4
sub-0192_P2,5,5
sub-0192_P2,6,6
sub-0192_P2,7,7
sub-0192_P2,8,8
sub-0192_P2,9,9
sub-0192_P2,10,10
sub-0192_P2,11,11
sub-0192_P2,12,12
sub-0192_P2,13,13
sub-0192_P2,14,202
sub-0192_P2,15,15
sub-0192_P2,16,16
sub-0192_P2,17,17
sub-0192_P2,18,18
sub-0192_P2,19,19
sub-0192_P2,20,20
sub-0192_P2,21,21
sub-0192_P2,22,22
sub-0192_P2,23,23
sub-0192_P2,24,24
sub-0192_P2,25,25
sub-0192_P2,26,26
sub-0192_P2,27,142
sub-0192_P2,28,28
sub-0192_P2,29,29
sub-0192_P2,30,30
sub-0192_P2,31,31
sub-0192_P2,32,32
sub-0192_P2,33,32
sub-0192_P2,34,34
sub-0192_P2,35,35
sub-0192_P2,36,36
sub-0192_P2,37,37
sub-0192_P2,38,38
sub-0192_P2,39,39
sub-0192_P2,40,40
sub-0192_P2,41,41
sub-0192_P2,42,42
sub-0192_P2,43,43
sub-0192_P2,44,44
sub-0192_P2,45,45
sub-0192_P2,46,61
sub-0192_P2,47,47
sub-0192_P2,48,48
sub-0192_P2,49,49
sub-0192_P2,50,50
sub-0192_P2,51,51
sub-0192_P2,52,52
sub-0192_P2,53,53
sub-0192_P2,54,54
sub-0192_P2,55,55
sub-0192_P2,56,56
sub-0192_P2,57,57
sub-0192_P2,58,58
sub-0192_P2,59,59
sub-0192_P2,60,60
sub-0192_P2,61,61
sub-0192_P2,62,62
sub-0192_P2,63,63
sub-0192_P2,64,64
sub-0192_P2,65,65
sub-0192_P2,66,220
sub-0192_P2,67,67
sub-0192_P2,68,68
sub-0192_P2,69,69
sub-0192_P2,70,61
sub-0192_P2,71,71
sub-0192_P2,72,72
sub-0192_P2,73,73
sub-0192_P2,74,74
sub-0192_P2,75,75
sub-0192_P2,76,76
sub-0192_P2,77,77
sub-0192_P2,78,78
sub-0192_P2,79,79
sub-0192_P2,80,80
sub-0192_P2,81,81
sub-0192_P2,82,82
sub-0192_P2,83,83
sub-0192_P2,84,84
sub-0192_P2,85,85
sub-0192_P2,86,86
sub-0192_P2,87,87
sub-0192_P2,88,88
sub-0192_P2,89,61
sub-0192_P2,90,90
sub-0192_P2,91,91
sub-0192_P2,92,92
sub-0192_P2,93,93
sub-0192_P2,94,94
sub-0192_P2,95,95
sub-0192_P2,96,96
sub-0192_P2,97,97
sub-0192_P2,98,98
sub-0192_P2,99,218
sub-0192_P2,100,100
sub-0192_P2,101,101
sub-0192_P2,102,102
sub-0192_P2,103,103
sub-0192_P2,104,104
sub-0192_P2,105,105
sub-0192_P2,106,106
sub-0192_P2,107,107
sub-0192_P2,108,108
sub-0192_P2,109,109
sub-0192_P2,110,110
sub-0192_P2,111,111
sub-0192_P2,112,112
sub-0192_P2,113,113
sub-0192_P2,114,114
sub-0192_P2,115,115
sub-0192_P2,116,116
sub-0192_P2,117,117
sub-0192_P2,118,118
sub-0192_P2,119,224
sub-0192_P2,120,120
sub-0192_P2,121,121
sub-0192_P2,122,122
sub-0192_P2,123,123
sub-0192_P2,124,124
sub-0192_P2,125,125
sub-0192_P2,126,126
sub-0192_P2,127,127
sub-0192_P2,128,128
sub-0192_P2,129,129
sub-0192_P2,130,130
sub-0192_P2,131,131
sub-0192_P2,132,132
sub-0192_P2,133,166
sub-0192_P2,134,134
sub-0192_P2,135,135
sub-0192_P2,136,136
sub-0192_P2,137,137
sub-0192_P2,138,138
sub-0192_P2,139,139
sub-0192_P2,140,134
sub-0192_P2,141,141
sub-0192_P2,142,142
sub-0192_P2,143,143
sub-0192_P2,144,144
sub-0192_P2,145,145
sub-0192_P2,146,146
sub-0192_P2,147,147
sub-0192_P2,148,148
sub-0192_P2,149,149
sub-0192_P2,150,150
sub-0192_P2,151,151
sub-0192_P2,152,152
sub-0192_P2,153,153
sub-0192_P2,154,154
sub-0192_P2,155,155
sub-0192_P2,156,156
sub-0192_P2,157,157
sub-0192_P2,158,158
sub-0192_P2,159,159
sub-0192_P2,160,160
sub-0192_P2,161,161
sub-0192_P2,162,162
sub-0192_P2,163,163
sub-0192_P2,164,164
sub-0192_P2,165,165
sub-0192_P2,166,166
sub-0192_P2,167,167
sub-0192_P2,168,168
sub-0192_P2,169,169
sub-0192_P2,170,82
sub-0192_P2,171,171
sub-0192_P2,172,172
sub-0192_P2,173,173
sub-0192_P2,174,174
sub-0192_P2,175,175
sub-0192_P2,176,176
sub-0192_P2,177,177
sub-0192_P2,178,178
sub-0192_P2,179,179
sub-0192_P2,180,180
sub-0192_P2,181,181
sub-0192_P2,182,182
sub-0192_P2,183,183
sub-0192_P2,184,184
sub-0192_P2,185,185
sub-0192_P2,186,186
sub-0192_P2,187,187
sub-0192_P2,188,188
sub-0192_P2,189,189
sub-0192_P2,190,190
sub-0192_P2,191,86
sub-0192_P2,192,192
sub-0192_P2,193,193
sub-0192_P2,194,194
sub-0192_P2,195,131
sub-0192_P2,196,196
sub-0192_P2,197,197
sub-0192_P2,198,198
sub-0192_P2,199,199
sub-0192_P2,200,200
sub-0192_P2,201,201
sub-0192_P2,202,202
sub-0192_P2,203,203
sub-0192_P2,204,204
sub-0192_P2,205,205
sub-0192_P2,206,206
sub-0192_P2,207,207
sub-0192_P2,208,208
sub-0192_P2,209,209
sub-0192_P2,210,229
sub-0192_P2,211,211
sub-0192_P2,212,212
sub-0192_P2,213,213
sub-0192_P2,214,214
sub-0192_P2,215,214
sub-0192_P2,216,216
sub-0192_P2,217,217
sub-0192_P2,218,218
sub-0192_P2,219,219
sub-0192_P2,220,220
sub-0192_P2,221,210
sub-0192_P2,222,222
sub-0192_P2,223,220
sub-0192_P2,224,225
sub-0192_P2,225,225
sub-0192_P2,226,226
sub-0192_P2,227,227
sub-0192_P2,228,228
sub-0192_P2,229,229
sub-0192_P2,230,230
sub-0192_P2,231,226
sub-0193_P2,0,0
sub-0193_P2,1,1
sub-0193_P2,2,2
sub-0193_P2,3,3
sub-0193_P2,4,4
sub-0193_P2,5,5
sub-0193_P2,6,195
sub-0193_P2,7,7
sub-0193_P2,8,8
sub-0193_P2,9,9
sub-0193_P2,10,10
sub-0193_P2,11,11
sub-0193_P2,12,12
sub-0193_P2,13,13
sub-0193_P2,14,115
sub-0193_P2,15,15
sub-0193_P2,16,16
sub-0193_P2,17,17
sub-0193_P2,18,18
sub-0193_P2,19,19
sub-0193_P2,20,143
sub-0193_P2,21,21
sub-0193_P2,22,22
sub-0193_P2,23,40
sub-0193_P2,24,98
sub-0193_P2,25,25
sub-0193_P2,26,26
sub-0193_P2,27,27
sub-0193_P2,28,28
sub-0193_P2,29,29
sub-0193_P2,30,30
sub-0193_P2,31,4
sub-0193_P2,32,32
sub-0193_P2,33,33
sub-0193_P2,34,34
sub-0193_P2,35,35
sub-0193_P2,36,36
sub-0193_P2,37,37
sub-0193_P2,38,38
sub-0193_P2,39,43
sub-0193_P2,40,55
sub-0193_P2,41,41
sub-0193_P2,42,42
sub-0193_P2,43,43
sub-0193_P2,44,44
sub-0193_P2,45,45
sub-0193_P2,46,46
sub-0193_P2,47,47
sub-0193_P2,48,48
sub-0193_P2,49,49
sub-0193_P2,50,50
sub-0193_P2,51,51
sub-0193_P2,52,52
sub-0193_P2,53,53
sub-0193_P2,54,160
sub-0193_P2,55,153
sub-0193_P2,56,56
sub-0193_P2,57,57
sub-0193_P2,58,58
sub-0193_P2,59,59
sub-0193_P2,60,60
sub-0193_P2,61,61
sub-0193_P2,62,62
sub-0193_P2,63,63
sub-0193_P2,64,64
sub-0193_P2,65,65
sub-0193_P2,66,66
sub-0193_P2,67,67
sub-0193_P2,68,68
sub-0193_P2,69,69
sub-0193_P2,70,70
sub-0193_P2,71,71
sub-0193_P2,72,72
sub-0193_P2,73,73
sub-0193_P2,74,74
sub-0193_P2,75,75
sub-0193_P2,76,76
sub-0193_P2,77,77
sub-0193_P2,78,78
sub-0193_P2,79,79
sub-0193_P2,80,70
sub-0193_P2,81,81
sub-0193_P2,82,82
sub-0193_P2,83,83
sub-0193_P2,84,84
sub-0193_P2,85,85
sub-0193_P2,86,86
sub-0193_P2,87,87
sub-0193_P2,88,88
sub-0193_P2,89,89
sub-0193_P2,90,90
sub-0193_P2,91,91
sub-0193_P2,92,92
sub-0193_P2,93,93
sub-0193_P2,94,94
sub-0193_P2,95,95
sub-0193_P2,96,96
sub-0193_P2,97,97
sub-0193_P2,98,98
sub-0193_P2,99,99
sub-0193_P2,100,100
sub-0193_P2,101,101
sub-0193_P2,102,102
sub-0193_P2,103,103
sub-0193_P2,104,104
sub-0193_P2,105,105
sub-0193_P2,106,106
sub-0193_P2,107,107
sub-0193_P2,108,108
sub-0193_P2,109,109
sub-0193_P2,110,110
sub-0193_P2,111,111
sub-0193_P2,112,112
sub-0193_P2,113,113
sub-0193_P2,114,114
sub-0193_P2,115,115
sub-0193_P2,116,116
sub-0193_P2,117,117
sub-0193_P2,118,118
sub-0193_P2,119,119
sub-0193_P2,120,120
sub-0193_P2,121,121
sub-0193_P2,122,122
sub-0193_P2,123,123
sub-0193_P2,124,124
sub-0193_P2,125,125
sub-0193_P2,126,126
sub-0193_P2,127,127
sub-0193_P2,128,128
sub-0193_P2,129,129
sub-0193_P2,130,130
sub-0193_P2,131,131
sub-0193_P2,132,132
sub-0193_P2,133,133
sub-0193_P2,134,134
sub-0193_P2,135,135
sub-0193_P2,136,136
sub-0193_P2,137,142
sub-0193_P2,138,138
sub-0193_P2,139,139
sub-0193_P2,140,140
sub-0193_P2,141,141
sub-0193_P2,142,142
sub-0193_P2,143,40
sub-0193_P2,144,144
sub-0193_P2,145,145
sub-0193_P2,146,146
sub-0193_P2,147,147
sub-0193_P2,148,148
sub-0193_P2,149,149
sub-0193_P2,150,86
sub-0193_P2,151,151
sub-0193_P2,152,152
sub-0193_P2,153,153
sub-0193_P2,154,154
sub-0193_P2,155,155
sub-0193_P2,156,156
sub-0193_P2,157,157
sub-0193_P2,158,158
sub-0193_P2,159,159
sub-0193_P2,160,160
sub-0193_P2,161,53
sub-0193_P2,162,162
sub-0193_P2,163,163
sub-0193_P2,164,164
sub-0193_P2,165,165
sub-0193_P2,166,166
sub-0193_P2,167,167
sub-0193_P2,168,168
sub-0193_P2,169,169
sub-0193_P2,170,170
sub-0193_P2,171,171
sub-0193_P2,172,172
sub-0193_P2,173,173
sub-0193_P2,174,174
sub-0193_P2,175,175
sub-0193_P2,176,176
sub-0193_P2,177,177
sub-0193_P2,178,178
sub-0193_P2,179,179
sub-0193_P2,180,180
sub-0193_P2,181,181
sub-0193_P2,182,182
sub-0193_P2,183,183
sub-0193_P2,184,184
sub-0193_P2,185,185
sub-0193_P2,186,186
sub-0193_P2,187,187
sub-0193_P2,188,188
sub-0193_P2,189,189
sub-0193_P2,190,190
sub-0193_P2,191,191
sub-0193_P2,192,192
sub-0193_P2,193,193
sub-0193_P2,194,194
sub-0193_P2,195,195
sub-0193_P2,196,196
sub-0193_P2,197,197
sub-0193_P2,198,198
sub-0193_P2,199,199
sub-0193_P2,200,201
sub-0193_P2,201,201
sub-0193_P2,202,202
sub-0193_P2,203,203
sub-0193_P2,204,204
sub-0193_P2,205,220
sub-0193_P2,206,206
sub-0193_P2,207,207
sub-0193_P2,208,208
sub-0193_P2,209,209
sub-0193_P2,210,210
sub-0193_P2,211,211
sub-0193_P2,212,212
sub-0193_P2,213,213
sub-0193_P2,214,214
sub-0193_P2,215,215
sub-0193_P2,216,216
sub-0193_P2,217,217
sub-0193_P2,218,218
sub-0193_P2,219,219
sub-0193_P2,220,220
sub-0193_P2,221,218
sub-0193_P2,222,222
sub-0193_P2,223,223
sub-0193_P2,224,224
sub-0193_P2,225,225
sub-0193_P2,226,226
sub-0193_P2,227,227
sub-0193_P2,228,228
sub-0193_P2,229,229
sub-0193_P2,230,230
sub-0193_P2,231,231
sub-0194_P2,0,0
sub-0194_P2,1,1
sub-0194_P2,2,2
sub-0194_P2,3,3
sub-0194_P2,4,4
sub-0194_P2,5,5
sub-0194_P2,6,6
sub-0194_P2,7,7
sub-0194_P2,8,222
sub-0194_P2,9,9
sub-0194_P2,10,10
sub-0194_P2,11,11
sub-0194_P2,12,12
sub-0194_P2,13,13
sub-0194_P2,14,14
sub-0194_P2,15,15
sub-0194_P2,16,16
sub-0194_P2,17,17
sub-0194_P2,18,18
sub-0194_P2,19,121
sub-0194_P2,20,20
sub-0194_P2,21,21
sub-0194_P2,22,41
sub-0194_P2,23,23
sub-0194_P2,24,24
sub-0194_P2,25,25
sub-0194_P2,26,26
sub-0194_P2,27,27
sub-0194_P2,28,28
sub-0194_P2,29,29
sub-0194_P2,30,30
sub-0194_P2,31,133
sub-0194_P2,32,32
sub-0194_P2,33,33
sub-0194_P2,34,34
sub-0194_P2,35,35
sub-0194_P2,36,36
sub-0194_P2,37,37
sub-0194_P2,38,38
sub-0194_P2,39,39
sub-0194_P2,40,40
sub-0194_P2,41,41
sub-0194_P2,42,42
sub-0194_P2,43,43
sub-0194_P2,44,44
sub-0194_P2,45,147
sub-0194_P2,46,46
sub-0194_P2,47,47
sub-0194_P2,48,48
sub-0194_P2,49,49
sub-0194_P2,50,50
sub-0194_P2,51,51
sub-0194_P2,52,52
sub-0194_P2,53,53
sub-0194_P2,54,54
sub-0194_P2,55,201
sub-0194_P2,56,56
sub-0194_P2,57,57
sub-0194_P2,58,58
sub-0194_P2,59,59
sub-0194_P2,60,60
sub-0194_P2,61,61
sub-0194_P2,62,62
sub-0194_P2,63,61
sub-0194_P2,64,64
sub-0194_P2,65,65
sub-0194_P2,66,66
sub-0194_P2,67,67
sub-0194_P2,68,68
sub-0194_P2,69,69
sub-0194_P2,70,70
sub-0194_P2,71,71
sub-0194_P2,72,72
sub-0194_P2,73,73
sub-0194_P2,74,74
sub-0194_P2,75,75
sub-0194_P2,76,76
sub-0194_P2,77,77
sub-0194_P2,78,78
sub-0194_P2,79,79
sub-0194_P2,80,80
sub-0194_P2,81,81
sub-0194_P2,82,82
sub-0194_P2,83,83
sub-0194_P2,84,84
sub-0194_P2,85,85
sub-0194_P2,86,86
sub-0194_P2,87,87
sub-0194_P2,88,88
sub-0194_P2,89,89
sub-0194_P2,90,90
sub-0194_P2,91,91
sub-0194_P2,92,92
sub-0194_P2,93,93
sub-0194_P2,94,94
sub-0194_P2,95,95
sub-0194_P2,96,96
sub-0194_P2,97,97
sub-0194_P2,98,98
sub-0194_P2,99,99
sub-0194_P2,100,100
sub-0194_P2,101,101
sub-0194_P2,102,102
sub-0194_P2,103,103
sub-0194_P2,104,104
sub-0194_P2,105,105
sub-0194_P2,106,106
sub-0194_P2,107,107
sub-0194_P2,108,108
sub-0194_P2,109,109
sub-0194_P2,110,110
sub-0194_P2,111,111
sub-0194_P2,112,112
sub-0194_P2,113,113
sub-0194_P2,114,114
sub-0194_P2,115,115
sub-0194_P2,116,34
sub-0194_P2,117,117
sub-0194_P2,118,118
sub-0194_P2,119,119
sub-0194_P2,120,120
sub-0194_P2,121,121
sub-0194_P2,122,18
sub-0194_P2,123,123
sub-0194_P2,124,124
sub-0194_P2,125,210
sub-0194_P2,126,126
sub-0194_P2,127,27
sub-0194_P2,128,128
sub-0194_P2,129,129
sub-0194_P2,130,130
sub-0194_P2,131,131
sub-0194_P2,132,132
sub-0194_P2,133,133
sub-0194_P2,134,134
sub-0194_P2,135,135
sub-0194_P2,136,136
sub-0194_P2,137,137
sub-0194_P2,138,138
sub-0194_P2,139,139
sub-0194_P2,140,227
sub-0194_P2,141,141
sub-0194_P2,142,142
sub-0194_P2,143,143
sub-0194_P2,144,144
sub-0194_P2,145,145
sub-0194_P2,146,146
sub-0194_P2,147,147
sub-0194_P2,148,140
sub-0194_P2,149,149
sub-0194_P2,150,150
sub-0194_P2,151,151
sub-0194_P2,152,152
sub-0194_P2,153,153
sub-0194_P2,154,154
sub-0194_P2,155,155
sub-0194_P2,156,156
sub-0194_P2,157,157
sub-0194_P2,158,51
sub-0194_P2,159,159
sub-0194_P2,160,160
sub-0194_P2,161,161
sub-0194_P2,162,162
sub-0194_P2,163,163
sub-0194_P2,164,164
sub-0194_P2,165,165
sub-0194_P2,166,166
sub-0194_P2,167,167
sub-0194_P2,168,168
sub-0194_P2,169,169
sub-0194_P2,170,170
sub-0194_P2,171,171
sub-0194_P2,172,172
sub-0194_P2,173,173
sub-0194_P2,174,174
sub-0194_P2,175,130
sub-0194_P2,176,176
sub-0194_P2,177,47
sub-0194_P2,178,211
sub-0194_P2,179,179
sub-0194_P2,180,180
sub-0194_P2,181,181
sub-0194_P2,182,182
sub-0194_P2,183,183
sub-0194_P2,184,184
sub-0194_P2,185,185
sub-0194_P2,186,186
sub-0194_P2,187,187
sub-0194_P2,188,188
sub-0194_P2,189,189
sub-0194_P2,190,190
sub-0194_P2,191,191
sub-0194_P2,192,192
sub-0194_P2,193,193
sub-0194_P2,194,194
sub-0194_P2,195,195
sub-0194_P2,196,196
sub-0194_P2,197,197
sub-0194_P2,198,198
sub-0194_P2,199,199
sub-0194_P2,200,200
sub-0194_P2,201,201
sub-0194_P2,202,162
sub-0194_P2,203,203
sub-0194_P2,204,176
sub-0194_P2,205,221
sub-0194_P2,206,206
sub-0194_P2,207,207
sub-0194_P2,208,210
sub-0194_P2,209,209
sub-0194_P2,210,210
sub-0194_P2,211,211
sub-0194_P2,212,212
sub-0194_P2,213,213
sub-0194_P2,214,214
sub-0194_P2,215,215
sub-0194_P2,216,216
sub-0194_P2,217,217
sub-0194_P2,218,218
sub-0194_P2,219,203
sub-0194_P2,220,220
sub-0194_P2,221,221
sub-0194_P2,222,222
sub-0194_P2,223,223
sub-0194_P2,224,209
sub-0194_P2,225,227
sub-0194_P2,226,226
sub-0194_P2,227,227
sub-0194_P2,228,228
sub-0194_P2,229,229
sub-0194_P2,230,230
sub-0194_P2,231,231
sub-0195_P2,0,0
sub-0195_P2,1,1
sub-0195_P2,2,2
sub-0195_P2,3,3
sub-0195_P2,4,4
sub-0195_P2,5,5
sub-0195_P2,6,6
sub-0195_P2,7,7
sub-0195_P2,8,8
sub-0195_P2,9,9
sub-0195_P2,10,10
sub-0195_P2,11,11
sub-0195_P2,12,12
sub-0195_P2,13,13
sub-0195_P2,14,14
sub-0195_P2,15,15
sub-0195_P2,16,16
sub-0195_P2,17,17
sub-0195_P2,18,18
sub-0195_P2,19,19
sub-0195_P2,20,20
sub-0195_P2,21,21
sub-0195_P2,22,22
sub-0195_P2,23,23
sub-0195_P2,24,24
sub-0195_P2,25,25
sub-0195_P2,26,26
sub-0195_P2,27,27
sub-0195_P2,28,28
sub-0195_P2,29,29
sub-0195_P2,30,30
sub-0195_P2,31,31
sub-0195_P2,32,32
sub-0195_P2,33,33
sub-0195_P2,34,34
sub-0195_P2,35,35
sub-0195_P2,36,33
sub-0195_P2,37,37
sub-0195_P2,38,38
sub-0195_P2,39,39
sub-0195_P2,40,40
sub-0195_P2,41,41
sub-0195_P2,42,42
sub-0195_P2,43,43
sub-0195_P2,44,44
sub-0195_P2,45,45
sub-0195_P2,46,46
sub-0195_P2,47,47
sub-0195_P2,48,48
sub-0195_P2,49,49
sub-0195_P2,50,50
sub-0195_P2,51,51
sub-0195_P2,52,52
sub-0195_P2,53,53
sub-0195_P2,54,187
sub-0195_P2,55,55
sub-0195_P2,56,56
sub-0195_P2,57,57
sub-0195_P2,58,58
sub-0195_P2,59,59
sub-0195_P2,60,60
sub-0195_P2,61,61
sub-0195_P2,62,62
sub-0195_P2,63,63
sub-0195_P2,64,64
sub-0195_P2,65,65
sub-0195_P2,66,66
sub-0195_P2,67,67
sub-0195_P2,68,68
sub-0195_P2,69,69
sub-0195_P2,70,70
sub-0195_P2,71,71
sub-0195_P2,72,184
sub-0195_P2,73,73
sub-0195_P2,74,74
sub-0195_P2,75,75
sub-0195_P2,76,76
sub-0195_P2,77,77
sub-0195_P2,78,78
sub-0195_P2,79,79
sub-0195_P2,80,80
sub-0195_P2,81,81
sub-0195_P2,82,82
sub-0195_P2,83,83
sub-0195_P2,84,84
sub-0195_P2,85,85
sub-0195_P2,86,84
sub-0195_P2,87,87
sub-0195_P2,88,88
sub-0195_P2,89,89
sub-0195_P2,90,90
sub-0195_P2,91,91
sub-0195_P2,92,92
sub-0195_P2,93,93
sub-0195_P2,94,94
sub-0195_P2,95,95
sub-0195_P2,96,96
sub-0195_P2,97,219
sub-0195_P2,98,98
sub-0195_P2,99,99
sub-0195_P2,100,100
sub-0195_P2,101,101
sub-0195_P2,102,102
sub-0195_P2,103,103
sub-0195_P2,104,104
sub-0195_P2,105,105
sub-0195_P2,106,106
sub-0195_P2,107,107
sub-0195_P2,108,108
sub-0195_P2,109,109
sub-0195_P2,110,110
sub-0195_P2,111,111
sub-0195_P2,112,112
sub-0195_P2,113,113
sub-0195_P2,114,114
sub-0195_P2,115,115
sub-0195_P2,116,116
sub-0195_P2,117,117
sub-0195_P2,118,118
sub-0195_P2,119,119
sub-0195_P2,120,120
sub-0195_P2,121,121
sub-0195_P2,122,122
sub-0195_P2,123,123
sub-0195_P2,124,124
sub-0195_P2,125,125
sub-0195_P2,126,126
sub-0195_P2,127,127
sub-0195_P2,128,128
sub-0195_P2,129,129
sub-0195_P2,130,130
sub-0195_P2,131,131
sub-0195_P2,132,132
sub-0195_P2,133,133
sub-0195_P2,134,134
sub-0195_P2,135,135
sub-0195_P2,136,136
sub-0195_P2,137,137
sub-0195_P2,138,138
sub-0195_P2,139,139
sub-0195_P2,140,142
sub-0195_P2,141,141
sub-0195_P2,142,142
sub-0195_P2,143,143
sub-0195_P2,144,144
sub-0195_P2,145,145
sub-0195_P2,146,146
sub-0195_P2,147,209
sub-0195_P2,148,148
sub-0195_P2,149,149
sub-0195_P2,150,150
sub-0195_P2,151,151
sub-0195_P2,152,152
sub-0195_P2,153,153
sub-0195_P2,154,154
sub-0195_P2,155,155
sub-0195_P2,156,156
sub-0195_P2,157,157
sub-0195_P2,158,158
sub-0195_P2,159,159
sub-0195_P2,160,160
sub-0195_P2,161,161
sub-0195_P2,162,162
sub-0195_P2,163,163
sub-0195_P2,164,164
sub-0195_P2,165,165
sub-0195_P2,166,166
sub-0195_P2,167,167
sub-0195_P2,168,168
sub-0195_P2,169,169
sub-0195_P2,170,170
sub-0195_P2,171,171
sub-0195_P2,172,172
sub-0195_P2,173,173
sub-0195_P2,174,174
sub-0195_P2,175,175
sub-0195_P2,176,176
sub-0195_P2,177,177
sub-0195_P2,178,178
sub-0195_P2,179,179
sub-0195_P2,180,180
sub-0195_P2,181,181
sub-0195_P2,182,182
sub-0195_P2,183,183
sub-0195_P2,184,184
sub-0195_P2,185,185
sub-0195_P2,186,186
sub-0195_P2,187,187
sub-0195_P2,188,188
sub-0195_P2,189,189
sub-0195_P2,190,190
sub-0195_P2,191,191
sub-0195_P2,192,192
sub-0195_P2,193,193
sub-0195_P2,194,194
sub-0195_P2,195,195
sub-0195_P2,196,196
sub-0195_P2,197,197
sub-0195_P2,198,198
sub-0195_P2,199,199
sub-0195_P2,200,217
sub-0195_P2,201,201
sub-0195_P2,202,202
sub-0195_P2,203,203
sub-0195_P2,204,204
sub-0195_P2,205,205
sub-0195_P2,206,206
sub-0195_P2,207,207
sub-0195_P2,208,208
sub-0195_P2,209,209
sub-0195_P2,210,210
sub-0195_P2,211,226
sub-0195_P2,212,212
sub-0195_P2,213,213
sub-0195_P2,214,214
sub-0195_P2,215,215
sub-0195_P2,216,216
sub-0195_P2,217,217
sub-0195_P2,218,218
sub-0195_P2,219,218
sub-0195_P2,220,220
sub-0195_P2,221,221
sub-0195_P2,222,222
sub-0195_P2,223,223
sub-0195_P2,224,224
sub-0195_P2,225,225
sub-0195_P2,226,227
sub-0195_P2,227,227
sub-0195_P2,228,213
sub-0195_P2,229,229
sub-0195_P2,230,90
sub-0195_P2,231,214
sub-0196_P2,0,0
sub-0196_P2,1,1
sub-0196_P2,2,2
sub-0196_P2,3,3
sub-0196_P2,4,4
sub-0196_P2,5,5
sub-0196_P2,6,6
sub-0196_P2,7,7
sub-0196_P2,8,8
sub-0196_P2,9,9
sub-0196_P2,10,10
sub-0196_P2,11,11
sub-0196_P2,12,12
sub-0196_P2,13,13
sub-0196_P2,14,114
sub-0196_P2,15,15
sub-0196_P2,16,16
sub-0196_P2,17,17
sub-0196_P2,18,18
sub-0196_P2,19,19
sub-0196_P2,20,20
sub-0196_P2,21,21
sub-0196_P2,22,22
sub-0196_P2,23,23
sub-0196_P2,24,24
sub-0196_P2,25,25
sub-0196_P2,26,26
sub-0196_P2,27,27
sub-0196_P2,28,28
sub-0196_P2,29,29
sub-0196_P2,30,30
sub-0196_P2,31,31
sub-0196_P2,32,32
sub-0196_P2,33,33
sub-0196_P2,34,34
sub-0196_P2,35,35
sub-0196_P2,36,36
sub-0196_P2,37,37
sub-0196_P2,38,38
sub-0196_P2,39,39
sub-0196_P2,40,40
sub-0196_P2,41,41
sub-0196_P2,42,42
sub-0196_P2,43,43
sub-0196_P2,44,44
sub-0196_P2,45,45
sub-0196_P2,46,46
sub-0196_P2,47,47
sub-0196_P2,48,48
sub-0196_P2,49,49
sub-0196_P2,50,50
sub-0196_P2,51,51
sub-0196_P2,52,52
sub-0196_P2,53,53
sub-0196_P2,54,54
sub-0196_P2,55,55
sub-0196_P2,56,56
sub-0196_P2,57,57
sub-0196_P2,58,58
sub-0196_P2,59,59
sub-0196_P2,60,60
sub-0196_P2,61,61
sub-0196_P2,62,62
sub-0196_P2,63,63
sub-0196_P2,64,64
sub-0196_P2,65,65
sub-0196_P2,66,66
sub-0196_P2,67,67
sub-0196_P2,68,68
sub-0196_P2,69,69
sub-0196_P2,70,70
sub-0196_P2,71,71
sub-0196_P2,72,72
sub-0196_P2,73,73
sub-0196_P2,74,74
sub-0196_P2,75,66
sub-0196_P2,76,76
sub-0196_P2,77,77
sub-0196_P2,78,78
sub-0196_P2,79,79
sub-0196_P2,80,80
sub-0196_P2,81,81
sub-0196_P2,82,82
sub-0196_P2,83,83
sub-0196_P2,84,84
sub-0196_P2,85,85
sub-0196_P2,86,86
sub-0196_P2,87,87
sub-0196_P2,88,88
sub-0196_P2,89,89
sub-0196_P2,90,90
sub-0196_P2,91,91
sub-0196_P2,92,92
sub-0196_P2,93,93
sub-0196_P2,94,94
sub-0196_P2,95,95
sub-0196_P2,96,96
sub-0196_P2,97,97
sub-0196_P2,98,98
sub-0196_P2,99,99
sub-0196_P2,100,100
sub-0196_P2,101,101
sub-0196_P2,102,102
sub-0196_P2,103,103
sub-0196_P2,104,104
sub-0196_P2,105,105
sub-0196_P2,106,106
sub-0196_P2,107,107
sub-0196_P2,108,108
sub-0196_P2,109,109
sub-0196_P2,110,110
sub-0196_P2,111,111
sub-0196_P2,112,112
sub-0196_P2,113,113
sub-0196_P2,114,114
sub-0196_P2,115,115
sub-0196_P2,116,116
sub-0196_P2,117,117
sub-0196_P2,118,217
sub-0196_P2,119,119
sub-0196_P2,120,120
sub-0196_P2,121,121
sub-0196_P2,122,122
sub-0196_P2,123,123
sub-0196_P2,124,124
sub-0196_P2,125,125
sub-0196_P2,126,126
sub-0196_P2,127,127
sub-0196_P2,128,128
sub-0196_P2,129,129
sub-0196_P2,130,130
sub-0196_P2,131,131
sub-0196_P2,132,132
sub-0196_P2,133,133
sub-0196_P2,134,134
sub-0196_P2,135,135
sub-0196_P2,136,136
sub-0196_P2,137,137
sub-0196_P2,138,138
sub-0196_P2,139,139
sub-0196_P2,140,140
sub-0196_P2,141,141
sub-0196_P2,142,142
sub-0196_P2,143,143
sub-0196_P2,144,144
sub-0196_P2,145,145
sub-0196_P2,146,146
sub-0196_P2,147,147
sub-0196_P2,148,148
sub-0196_P2,149,149
sub-0196_P2,150,150
sub-0196_P2,151,178
sub-0196_P2,152,152
sub-0196_P2,153,153
sub-0196_P2,154,154
sub-0196_P2,155,155
sub-0196_P2,156,156
sub-0196_P2,157,157
sub-0196_P2,158,158
sub-0196_P2,159,159
sub-0196_P2,160,160
sub-0196_P2,161,161
sub-0196_P2,162,162
sub-0196_P2,163,163
sub-0196_P2,164,164
sub-0196_P2,165,165
sub-0196_P2,166,184
sub-0196_P2,167,167
sub-0196_P2,168,168
sub-0196_P2,169,169
sub-0196_P2,170,170
sub-0196_P2,171,58
sub-0196_P2,172,172
sub-0196_P2,173,173
sub-0196_P2,174,174
sub-0196_P2,175,175
sub-0196_P2,176,159
sub-0196_P2,177,177
sub-0196_P2,178,178
sub-0196_P2,179,179
sub-0196_P2,180,180
sub-0196_P2,181,181
sub-0196_P2,182,182
sub-0196_P2,183,183
sub-0196_P2,184,184
sub-0196_P2,185,185
sub-0196_P2,186,186
sub-0196_P2,187,187
sub-0196_P2,188,188
sub-0196_P2,189,189
sub-0196_P2,190,190
sub-0196_P2,191,191
sub-0196_P2,192,192
sub-0196_P2,193,193
sub-0196_P2,194,194
sub-0196_P2,195,195
sub-0196_P2,196,196
sub-0196_P2,197,197
sub-0196_P2,198,198
sub-0196_P2,199,199
sub-0196_P2,200,200
sub-0196_P2,201,201
sub-0196_P2,202,202
sub-0196_P2,203,203
sub-0196_P2,204,204
sub-0196_P2,205,205
sub-0196_P2,206,206
sub-0196_P2,207,207
sub-0196_P2,208,224
sub-0196_P2,209,209
sub-0196_P2,210,227
sub-0196_P2,211,211
sub-0196_P2,212,212
sub-0196_P2,213,213
sub-0196_P2,214,214
sub-0196_P2,215,215
sub-0196_P2,216,216
sub-0196_P2,217,217
sub-0196_P2,218,218
sub-0196_P2,219,219
sub-0196_P2,220,204
sub-0196_P2,221,221
sub-0196_P2,222,222
sub-0196_P2,223,223
sub-0196_P2,224,224
sub-0196_P2,225,225
sub-0196_P2,226,227
sub-0196_P2,227,227
sub-0196_P2,228,228
sub-0196_P2,229,229
sub-0196_P2,230,230
sub-0196_P2,231,231
sub-0197_P2,0,0
sub-0197_P2,1,1
sub-0197_P2,2,2
sub-0197_P2,3,3
sub-0197_P2,4,4
sub-0197_P2,5,5
sub-0197_P2,6,6
sub-0197_P2,7,7
sub-0197_P2,8,8
sub-0197_P2,9,9
sub-0197_P2,10,10
sub-0197_P2,11,11
sub-0197_P2,12,12
sub-0197_P2,13,13
sub-0197_P2,14,14
sub-0197_P2,15,15
sub-0197_P2,16,16
sub-0197_P2,17,17
sub-0197_P2,18,18
sub-0197_P2,19,19
sub-0197_P2,20,20
sub-0197_P2,21,21
sub-0197_P2,22,22
sub-0197_P2,23,23
sub-0197_P2,24,24
sub-0197_P2,25,25
sub-0197_P2,26,26
sub-0197_P2,27,27
sub-0197_P2,28,28
sub-0197_P2,29,29
sub-0197_P2,30,30
sub-0197_P2,31,31
sub-0197_P2,32,32
sub-0197_P2,33,33
sub-0197_P2,34,34
sub-0197_P2,35,35
sub-0197_P2,36,36
sub-0197_P2,37,37
sub-0197_P2,38,38
sub-0197_P2,39,39
sub-0197_P2,40,40
sub-0197_P2,41,41
sub-0197_P2,42,42
sub-0197_P2,43,43
sub-0197_P2,44,44
sub-0197_P2,45,45
sub-0197_P2,46,46
sub-0197_P2,47,47
sub-0197_P2,48,48
sub-0197_P2,49,49
sub-0197_P2,50,50
sub-0197_P2,51,51
sub-0197_P2,52,202
sub-0197_P2,53,53
sub-0197_P2,54,54
sub-0197_P2,55,55
sub-0197_P2,56,56
sub-0197_P2,57,57
sub-0197_P2,58,58
sub-0197_P2,59,56
sub-0197_P2,60,60
sub-0197_P2,61,61
sub-0197_P2,62,62
sub-0197_P2,63,63
sub-0197_P2,64,64
sub-0197_P2,65,65
sub-0197_P2,66,66
sub-0197_P2,67,67
sub-0197_P2,68,68
sub-0197_P2,69,69
sub-0197_P2,70,70
sub-0197_P2,71,71
sub-0197_P2,72,72
sub-0197_P2,73,73
sub-0197_P2,74,74
sub-0197_P2,75,75
sub-0197_P2,76,76
sub-0197_P2,77,77
sub-0197_P2,78,78
sub-0197_P2,79,79
sub-0197_P2,80,80
sub-0197_P2,81,81
sub-0197_P2,82,82
sub-0197_P2,83,83
sub-0197_P2,84,84
sub-0197_P2,85,85
sub-0197_P2,86,86
sub-0197_P2,87,87
sub-0197_P2,88,88
sub-0197_P2,89,89
sub-0197_P2,90,90
sub-0197_P2,91,91
sub-0197_P2,92,92
sub-0197_P2,93,93
sub-0197_P2,94,94
sub-0197_P2,95,95
sub-0197_P2,96,96
sub-0197_P2,97,97
sub-0197_P2,98,98
sub-0197_P2,99,99
sub-0197_P2,100,100
sub-0197_P2,101,101
sub-0197_P2,102,102
sub-0197_P2,103,103
sub-0197_P2,104,104
sub-0197_P2,105,105
sub-0197_P2,106,106
sub-0197_P2,107,107
sub-0197_P2,108,108
sub-0197_P2,109,109
sub-0197_P2,110,110
sub-0197_P2,111,111
sub-0197_P2,112,112
sub-0197_P2,113,113
sub-0197_P2,114,114
sub-0197_P2,115,115
sub-0197_P2,116,116
sub-0197_P2,117,117
sub-0197_P2,118,118
sub-0197_P2,119,119
sub-0197_P2,120,120
sub-0197_P2,121,121
sub-0197_P2,122,122
sub-0197_P2,123,123
sub-0197_P2,124,124
sub-0197_P2,125,125
sub-0197_P2,126,25
sub-0197_P2,127,127
sub-0197_P2,128,128
sub-0197_P2,129,129
sub-0197_P2,130,130
sub-0197_P2,131,131
sub-0197_P2,132,132
sub-0197_P2,133,133
sub-0197_P2,134,134
sub-0197_P2,135,148
sub-0197_P2,136,136
sub-0197_P2,137,137
sub-0197_P2,138,138
sub-0197_P2,139,139
sub-0197_P2,140,140
sub-0197_P2,141,141
sub-0197_P2,142,142
sub-0197_P2,143,143
sub-0197_P2,144,144
sub-0197_P2,145,127
sub-0197_P2,146,146
sub-0197_P2,147,147
sub-0197_P2,148,148
sub-0197_P2,149,149
sub-0197_P2,150,213
sub-0197_P2,151,151
sub-0197_P2,152,152
sub-0197_P2,153,153
sub-0197_P2,154,154
sub-0197_P2,155,155
sub-0197_P2,156,156
sub-0197_P2,157,55
sub-0197_P2,158,158
sub-0197_P2,159,159
sub-0197_P2,160,160
sub-0197_P2,161,161
sub-0197_P2,162,162
sub-0197_P2,163,163
sub-0197_P2,164,164
sub-0197_P2,165,165
sub-0197_P2,166,166
sub-0197_P2,167,167
sub-0197_P2,168,168
sub-0197_P2,169,169
sub-0197_P2,170,170
sub-0197_P2,171,171
sub-0197_P2,172,172
sub-0197_P2,173,173
sub-0197_P2,174,174
sub-0197_P2,175,89
sub-0197_P2,176,176
sub-0197_P2,177,177
sub-0197_P2,178,178
sub-0197_P2,179,179
sub-0197_P2,180,180
sub-0197_P2,181,181
sub-0197_P2,182,182
sub-0197_P2,183,183
sub-0197_P2,184,184
sub-0197_P2,185,185
sub-0197_P2,186,186
sub-0197_P2,187,187
sub-0197_P2,188,188
sub-0197_P2,189,189
sub-0197_P2,190,190
sub-0197_P2,191,191
sub-0197_P2,192,192
sub-0197_P2,193,193
sub-0197_P2,194,194
sub-0197_P2,195,195
sub-0197_P2,196,196
sub-0197_P2,197,197
sub-0197_P2,198,198
sub-0197_P2,199,199
sub-0197_P2,200,200
sub-0197_P2,201,201
sub-0197_P2,202,54
sub-0197_P2,203,203
sub-0197_P2,204,204
sub-0197_P2,205,205
sub-0197_P2,206,206
sub-0197_P2,207,207
sub-0197_P2,208,208
sub-0197_P2,209,209
sub-0197_P2,210,210
sub-0197_P2,211,211
sub-0197_P2,212,212
sub-0197_P2,213,213
sub-0197_P2,214,214
sub-0197_P2,215,215
sub-0197_P2,216,216
sub-0197_P2,217,217
sub-0197_P2,218,218
sub-0197_P2,219,219
sub-0197_P2,220,220
sub-0197_P2,221,227
sub-0197_P2,222,222
sub-0197_P2,223,60
sub-0197_P2,224,224
sub-0197_P2,225,225
sub-0197_P2,226,226
sub-0197_P2,227,227
sub-0197_P2,228,228
sub-0197_P2,229,229
sub-0197_P2,230,230
sub-0197_P2,231,231
sub-0198_P2,0,0
sub-0198_P2,1,1
sub-0198_P2,2,2
sub-0198_P2,3,3
sub-0198_P2,4,4
sub-0198_P2,5,5
sub-0198_P2,6,6
sub-0198_P2,7,7
sub-0198_P2,8,8
sub-0198_P2,9,9
sub-0198_P2,10,10
sub-0198_P2,11,11
sub-0198_P2,12,12
sub-0198_P2,13,13
sub-0198_P2,14,14
sub-0198_P2,15,33
sub-0198_P2,16,16
sub-0198_P2,17,17
sub-0198_P2,18,18
sub-0198_P2,19,19
sub-0198_P2,20,20
sub-0198_P2,21,21
sub-0198_P2,22,22
sub-0198_P2,23,23
sub-0198_P2,24,24
sub-0198_P2,25,25
sub-0198_P2,26,26
sub-0198_P2,27,27
sub-0198_P2,28,28
sub-0198_P2,29,29
sub-0198_P2,30,30
sub-0198_P2,31,31
sub-0198_P2,32,32
sub-0198_P2,33,33
sub-0198_P2,34,34
sub-0198_P2,35,184
sub-0198_P2,36,36
sub-0198_P2,37,37
sub-0198_P2,38,38
sub-0198_P2,39,39
sub-0198_P2,40,40
sub-0198_P2,41,41
sub-0198_P2,42,42
sub-0198_P2,43,43
sub-0198_P2,44,44
sub-0198_P2,45,45
sub-0198_P2,46,46
sub-0198_P2,47,47
sub-0198_P2,48,48
sub-0198_P2,49,49
sub-0198_P2,50,50
sub-0198_P2,51,51
sub-0198_P2,52,52
sub-0198_P2,53,53
sub-0198_P2,54,54
sub-0198_P2,55,219
sub-0198_P2,56,56
sub-0198_P2,57,57
sub-0198_P2,58,58
sub-0198_P2,59,59
sub-0198_P2,60,60
sub-0198_P2,61,46
sub-0198_P2,62,62
sub-0198_P2,63,63
sub-0198_P2,64,64
sub-0198_P2,65,65
sub-0198_P2,66,66
sub-0198_P2,67,67
sub-0198_P2,68,68
sub-0198_P2,69,69
sub-0198_P2,70,70
sub-0198_P2,71,71
sub-0198_P2,72,72
sub-0198_P2,73,73
sub-0198_P2,74,74
sub-0198_P2,75,75
sub-0198_P2,76,76
sub-0198_P2,77,77
sub-0198_P2,78,78
sub-0198_P2,79,79
sub-0198_P2,80,86
sub-0198_P2,81,81
sub-0198_P2,82,82
sub-0198_P2,83,83
sub-0198_P2,84,84
sub-0198_P2,85,85
sub-0198_P2,86,86
sub-0198_P2,87,87
sub-0198_P2,88,86
sub-0198_P2,89,89
sub-0198_P2,90,90
sub-0198_P2,91,86
sub-0198_P2,92,92
sub-0198_P2,93,93
sub-0198_P2,94,94
sub-0198_P2,95,95
sub-0198_P2,96,96
sub-0198_P2,97,97
sub-0198_P2,98,98
sub-0198_P2,99,99
sub-0198_P2,100,100
sub-0198_P2,101,101
sub-0198_P2,102,0
sub-0198_P2,103,103
sub-0198_P2,104,104
sub-0198_P2,105,105
sub-0198_P2,106,106
sub-0198_P2,107,107
sub-0198_P2,108,108
sub-0198_P2,109,109
sub-0198_P2,110,110
sub-0198_P2,111,111
sub-0198_P2,112,112
sub-0198_P2,113,113
sub-0198_P2,114,137
sub-0198_P2,115,115
sub-0198_P2,116,116
sub-0198_P2,117,117
sub-0198_P2,118,118
sub-0198_P2,119,119
sub-0198_P2,120,120
sub-0198_P2,121,121
sub-0198_P2,122,122
sub-0198_P2,123,123
sub-0198_P2,124,124
sub-0198_P2,125,125
sub-0198_P2,126,126
sub-0198_P2,127,127
sub-0198_P2,128,128
sub-0198_P2,129,129
sub-0198_P2,130,130
sub-0198_P2,131,131
sub-0198_P2,132,132
sub-0198_P2,133,133
sub-0198_P2,134,134
sub-0198_P2,135,135
sub-0198_P2,136,136
sub-0198_P2,137,164
sub-0198_P2,138,138
sub-0198_P2,139,139
sub-0198_P2,140,140
sub-0198_P2,141,141
sub-0198_P2,142,142
sub-0198_P2,143,143
sub-0198_P2,144,144
sub-0198_P2,145,145
sub-0198_P2,146,146
sub-0198_P2,147,147
sub-0198_P2,148,148
sub-0198_P2,149,149
sub-0198_P2,150,150
sub-0198_P2,151,151
sub-0198_P2,152,152
sub-0198_P2,153,153
sub-0198_P2,154,154
sub-0198_P2,155,155
sub-0198_P2,156,156
sub-0198_P2,157,209
sub-0198_P2,158,158
sub-0198_P2,159,159
sub-0198_P2,160,160
sub-0198_P2,161,161
sub-0198_P2,162,162
sub-0198_P2,163,163
sub-0198_P2,164,164
sub-0198_P2,165,165
sub-0198_P2,166,166
sub-0198_P2,167,167
sub-0198_P2,168,168
sub-0198_P2,169,169
sub-0198_P2,170,170
sub-0198_P2,171,171
sub-0198_P2,172,172
sub-0198_P2,173,173
sub-0198_P2,174,174
sub-0198_P2,175,175
sub-0198_P2,176,176
sub-0198_P2,177,177
sub-0198_P2,178,178
sub-0198_P2,179,184
sub-0198_P2,180,180
sub-0198_P2,181,181
sub-0198_P2,182,182
sub-0198_P2,183,183
sub-0198_P2,184,184
sub-0198_P2,185,185
sub-0198_P2,186,186
sub-0198_P2,187,187
sub-0198_P2,188,188
sub-0198_P2,189,189
sub-0198_P2,190,190
sub-0198_P2,191,191
sub-0198_P2,192,192
sub-0198_P2,193,170
sub-0198_P2,194,194
sub-0198_P2,195,201
sub-0198_P2,196,196
sub-0198_P2,197,197
sub-0198_P2,198,198
sub-0198_P2,199,199
sub-0198_P2,200,200
sub-0198_P2,201,201
sub-0198_P2,202,202
sub-0198_P2,203,203
sub-0198_P2,204,204
sub-0198_P2,205,209
sub-0198_P2,206,206
sub-0198_P2,207,207
sub-0198_P2,208,208
sub-0198_P2,209,209
sub-0198_P2,210,227
sub-0198_P2,211,210
sub-0198_P2,212,212
sub-0198_P2,213,213
sub-0198_P2,214,214
sub-0198_P2,215,215
sub-0198_P2,216,216
sub-0198_P2,217,217
sub-0198_P2,218,218
sub-0198_P2,219,219
sub-0198_P2,220,220
sub-0198_P2,221,221
sub-0198_P2,222,222
sub-0198_P2,223,223
sub-0198_P2,224,224
sub-0198_P2,225,225
sub-0198_P2,226,226
sub-0198_P2,227,224
sub-0198_P2,228,228
sub-0198_P2,229,229
sub-0198_P2,230,230
sub-0198_P2,231,231
sub-0199_P2,0,0
sub-0199_P2,1,1
sub-0199_P2,2,2
sub-0199_P2,3,3
sub-0199_P2,4,4
sub-0199_P2,5,5
sub-0199_P2,6,6
sub-0199_P2,7,7
sub-0199_P2,8,8
sub-0199_P2,9,9
sub-0199_P2,10,10
sub-0199_P2,11,11
sub-0199_P2,12,12
sub-0199_P2,13,13
sub-0199_P2,14,14
sub-0199_P2,15,15
sub-0199_P2,16,16
sub-0199_P2,17,17
sub-0199_P2,18,18
sub-0199_P2,19,19
sub-0199_P2,20,20
sub-0199_P2,21,21
sub-0199_P2,22,22
sub-0199_P2,23,23
sub-0199_P2,24,24
sub-0199_P2,25,25
sub-0199_P2,26,26
sub-0199_P2,27,226
sub-0199_P2,28,28
sub-0199_P2,29,29
sub-0199_P2,30,30
sub-0199_P2,31,31
sub-0199_P2,32,32
sub-0199_P2,33,33
sub-0199_P2,34,34
sub-0199_P2,35,35
sub-0199_P2,36,36
sub-0199_P2,37,37
sub-0199_P2,38,38
sub-0199_P2,39,39
sub-0199_P2,40,40
sub-0199_P2,41,41
sub-0199_P2,42,42
sub-0199_P2,43,43
sub-0199_P2,44,44
sub-0199_P2,45,45
sub-0199_P2,46,46
sub-0199_P2,47,47
sub-0199_P2,48,48
sub-0199_P2,49,49
sub-0199_P2,50,50
sub-0199_P2,51,51
sub-0199_P2,52,52
sub-0199_P2,53,53
sub-0199_P2,54,54
sub-0199_P2,55,52
sub-0199_P2,56,56
sub-0199_P2,57,57
sub-0199_P2,58,58
sub-0199_P2,59,59
sub-0199_P2,60,60
sub-0199_P2,61,61
sub-0199_P2,62,62
sub-0199_P2,63,63
sub-0199_P2,64,169
sub-0199_P2,65,65
sub-0199_P2,66,66
sub-0199_P2,67,67
sub-0199_P2,68,68
sub-0199_P2,69,69
sub-0199_P2,70,70
sub-0199_P2,71,71
sub-0199_P2,72,72
sub-0199_P2,73,73
sub-0199_P2,74,74
sub-0199_P2,75,75
sub-0199_P2,76,76
sub-0199_P2,77,77
sub-0199_P2,78,78
sub-0199_P2,79,79
sub-0199_P2,80,80
sub-0199_P2,81,81
sub-0199_P2,82,82
sub-0199_P2,83,83
sub-0199_P2,84,84
sub-0199_P2,85,83
sub-0199_P2,86,86
sub-0199_P2,87,87
sub-0199_P2,88,88
sub-0199_P2,89,49
sub-0199_P2,90,90
sub-0199_P2,91,91
sub-0199_P2,92,92
sub-0199_P2,93,93
sub-0199_P2,94,94
sub-0199_P2,95,181
sub-0199_P2,96,96
sub-0199_P2,97,97
sub-0199_P2,98,98
sub-0199_P2,99,99
sub-0199_P2,100,100
sub-0199_P2,101,101
sub-0199_P2,102,102
sub-0199_P2,103,103
sub-0199_P2,104,104
sub-0199_P2,105,105
sub-0199_P2,106,106
sub-0199_P2,107,107
sub-0199_P2,108,108
sub-0199_P2,109,109
sub-0199_P2,110,110
sub-0199_P2,111,111
sub-0199_P2,112,112
sub-0199_P2,113,113
sub-0199_P2,114,114
sub-0199_P2,115,115
sub-0199_P2,116,116
sub-0199_P2,117,117
sub-0199_P2,118,118
sub-0199_P2,119,119
sub-0199_P2,120,120
sub-0199_P2,121,121
sub-0199_P2,122,122
sub-0199_P2,123,123
sub-0199_P2,124,124
sub-0199_P2,125,125
sub-0199_P2,126,126
sub-0199_P2,127,127
sub-0199_P2,128,128
sub-0199_P2,129,123
sub-0199_P2,130,130
sub-0199_P2,131,131
sub-0199_P2,132,132
sub-0199_P2,133,133
sub-0199_P2,134,134
sub-0199_P2,135,135
sub-0199_P2,136,136
sub-0199_P2,137,137
sub-0199_P2,138,138
sub-0199_P2,139,139
sub-0199_P2,140,140
sub-0199_P2,141,141
sub-0199_P2,142,142
sub-0199_P2,143,143
sub-0199_P2,144,144
sub-0199_P2,145,145
sub-0199_P2,146,146
sub-0199_P2,147,147
sub-0199_P2,148,148
sub-0199_P2,149,149
sub-0199_P2,150,150
sub-0199_P2,151,151
sub-0199_P2,152,152
sub-0199_P2,153,153
sub-0199_P2,154,154
sub-0199_P2,155,155
sub-0199_P2,156,156
sub-0199_P2,157,157
sub-0199_P2,158,158
sub-0199_P2,159,159
sub-0199_P2,160,160
sub-0199_P2,161,161
sub-0199_P2,162,162
sub-0199_P2,163,163
sub-0199_P2,164,164
sub-0199_P2,165,165
sub-0199_P2,166,166
sub-0199_P2,167,167
sub-0199_P2,168,176
sub-0199_P2,169,169
sub-0199_P2,170,170
sub-0199_P2,171,171
sub-0199_P2,172,172
sub-0199_P2,173,173
sub-0199_P2,174,174
sub-0199_P2,175,175
sub-0199_P2,176,176
sub-0199_P2,177,177
sub-0199_P2,178,178
sub-0199_P2,179,176
sub-0199_P2,180,180
sub-0199_P2,181,181
sub-0199_P2,182,182
sub-0199_P2,183,183
sub-0199_P2,184,184
sub-0199_P2,185,185
sub-0199_P2,186,187
sub-0199_P2,187,187
sub-0199_P2,188,188
sub-0199_P2,189,189
sub-0199_P2,190,190
sub-0199_P2,191,191
sub-0199_P2,192,192
sub-0199_P2,193,193
sub-0199_P2,194,194
sub-0199_P2,195,195
sub-0199_P2,196,196
sub-0199_P2,197,197
sub-0199_P2,198,24
sub-0199_P2,199,199
sub-0199_P2,200,200
sub-0199_P2,201,201
sub-0199_P2,202,202
sub-0199_P2,203,203
sub-0199_P2,204,204
sub-0199_P2,205,205
sub-0199_P2,206,206
sub-0199_P2,207,207
sub-0199_P2,208,208
sub-0199_P2,209,209
sub-0199_P2,210,210
sub-0199_P2,211,211
sub-0199_P2,212,212
sub-0199_P2,213,213
sub-0199_P2,214,214
sub-0199_P2,215,230
sub-0199_P2,216,216
sub-0199_P2,217,217
sub-0199_P2,218,218
sub-0199_P2,219,219
sub-0199_P2,220,220
sub-0199_P2,221,221
sub-0199_P2,222,222
sub-0199_P2,223,223
sub-0199_P2,224,103
sub-0199_P2,225,225
sub-0199_P2,226,226
sub-0199_P2,227,227
sub-0199_P2,228,228
sub-0199_P2,229,229
sub-0199_P2,230,230
sub-0199_P2,231,231
sub-0200_P2,0,0
sub-0200_P2,1,1
sub-0200_P2,2,2
sub-0200_P2,3,3
sub-0200_P2,4,4
sub-0200_P2,5,5
sub-0200_P2,6,6
sub-0200_P2,7,7
sub-0200_P2,8,8
sub-0200_P2,9,9
sub-0200_P2,10,10
sub-0200_P2,11,11
sub-0200_P2,12,12
sub-0200_P2,13,13
sub-0200_P2,14,14
sub-0200_P2,15,15
sub-0200_P2,16,16
sub-0200_P2,17,17
sub-0200_P2,18,18
sub-0200_P2,19,19
sub-0200_P2,20,20
sub-0200_P2,21,21
sub-0200_P2,22,22
sub-0200_P2,23,23
sub-0200_P2,24,24
sub-0200_P2,25,25
sub-0200_P2,26,26
sub-0200_P2,27,27
sub-0200_P2,28,28
sub-0200_P2,29,29
sub-0200_P2,30,30
sub-0200_P2,31,31
sub-0200_P2,32,32
sub-0200_P2,33,33
sub-0200_P2,34,34
sub-0200_P2,35,35
sub-0200_P2,36,36
sub-0200_P2,37,37
sub-0200_P2,38,38
sub-0200_P2,39,39
sub-0200_P2,40,40
sub-0200_P2,41,41
sub-0200_P2,42,42
sub-0200_P2,43,43
sub-0200_P2,44,44
sub-0200_P2,45,45
sub-0200_P2,46,46
sub-0200_P2,47,47
sub-0200_P2,48,48
sub-0200_P2,49,49
sub-0200_P2,50,50
sub-0200_P2,51,53
sub-0200_P2,52,52
sub-0200_P2,53,53
sub-0200_P2,54,54
sub-0200_P2,55,55
sub-0200_P2,56,56
sub-0200_P2,57,57
sub-0200_P2,58,58
sub-0200_P2,59,59
sub-0200_P2,60,60
sub-0200_P2,61,61
sub-0200_P2,62,62
sub-0200_P2,63,63
sub-0200_P2,64,64
sub-0200_P2,65,65
sub-0200_P2,66,68
sub-0200_P2,67,67
sub-0200_P2,68,68
sub-0200_P2,69,69
sub-0200_P2,70,70
sub-0200_P2,71,71
sub-0200_P2,72,72
sub-0200_P2,73,73
sub-0200_P2,74,74
sub-0200_P2,75,75
sub-0200_P2,76,76
sub-0200_P2,77,77
sub-0200_P2,78,78
sub-0200_P2,79,79
sub-0200_P2,80,80
sub-0200_P2,81,81
sub-0200_P2,82,82
sub-0200_P2,83,83
sub-0200_P2,84,84
sub-0200_P2,85,85
sub-0200_P2,86,86
sub-0200_P2,87,87
sub-0200_P2,88,88
sub-0200_P2,89,89
sub-0200_P2,90,90
sub-0200_P2,91,91
sub-0200_P2,92,92
sub-0200_P2,93,93
sub-0200_P2,94,94
sub-0200_P2,95,95
sub-0200_P2,96,96
sub-0200_P2,97,97
sub-0200_P2,98,98
sub-0200_P2,99,99
sub-0200_P2,100,100
sub-0200_P2,101,101
sub-0200_P2,102,102
sub-0200_P2,103,103
sub-0200_P2,104,104
sub-0200_P2,105,105
sub-0200_P2,106,106
sub-0200_P2,107,107
sub-0200_P2,108,108
sub-0200_P2,109,109
sub-0200_P2,110,110
sub-0200_P2,111,111
sub-0200_P2,112,112
sub-0200_P2,113,113
sub-0200_P2,114,114
sub-0200_P2,115,115
sub-0200_P2,116,116
sub-0200_P2,117,117
sub-0200_P2,118,118
sub-0200_P2,119,119
sub-0200_P2,120,120
sub-0200_P2,121,121
sub-0200_P2,122,122
sub-0200_P2,123,123
sub-0200_P2,124,124
sub-0200_P2,125,125
sub-0200_P2,126,126
sub-0200_P2,127,127
sub-0200_P2,128,128
sub-0200_P2,129,129
sub-0200_P2,130,130
sub-0200_P2,131,131
sub-0200_P2,132,132
sub-0200_P2,133,133
sub-0200_P2,134,134
sub-0200_P2,135,32
sub-0200_P2,136,136
sub-0200_P2,137,137
sub-0200_P2,138,138
sub-0200_P2,139,22
sub-0200_P2,140,149
sub-0200_P2,141,141
sub-0200_P2,142,149
sub-0200_P2,143,143
sub-0200_P2,144,144
sub-0200_P2,145,145
sub-0200_P2,146,149
sub-0200_P2,147,147
sub-0200_P2,148,148
sub-0200_P2,149,149
sub-0200_P2,150,150
sub-0200_P2,151,151
sub-0200_P2,152,152
sub-0200_P2,153,153
sub-0200_P2,154,154
sub-0200_P2,155,155
sub-0200_P2,156,224
sub-0200_P2,157,157
sub-0200_P2,158,204
sub-0200_P2,159,159
sub-0200_P2,160,160
sub-0200_P2,161,161
sub-0200_P2,162,216
sub-0200_P2,163,163
sub-0200_P2,164,164
sub-0200_P2,165,165
sub-0200_P2,166,166
sub-0200_P2,167,167
sub-0200_P2,168,168
sub-0200_P2,169,169
sub-0200_P2,170,170
sub-0200_P2,171,171
sub-0200_P2,172,172
sub-0200_P2,173,173
sub-0200_P2,174,174
sub-0200_P2,175,175
sub-0200_P2,176,176
sub-0200_P2,177,177
sub-0200_P2,178,178
sub-0200_P2,179,179
sub-0200_P2,180,180
sub-0200_P2,181,181
sub-0200_P2,182,182
sub-0200_P2,183,183
sub-0200_P2,184,184
sub-0200_P2,185,185
sub-0200_P2,186,186
sub-0200_P2,187,187
sub-0200_P2,188,88
sub-0200_P2,189,189
sub-0200_P2,190,190
sub-0200_P2,191,191
sub-0200_P2,192,192
sub-0200_P2,193,193
sub-0200_P2,194,194
sub-0200_P2,195,195
sub-0200_P2,196,196
sub-0200_P2,197,197
sub-0200_P2,198,198
sub-0200_P2,199,199
sub-0200_P2,200,200
sub-0200_P2,201,201
sub-0200_P2,202,202
sub-0200_P2,203,203
sub-0200_P2,204,204
sub-0200_P2,205,205
sub-0200_P2,206,206
sub-0200_P2,207,207
sub-0200_P2,208,208
sub-0200_P2,209,209
sub-0200_P2,210,210
sub-0200_P2,211,211
sub-0200_P2,212,212
sub-0200_P2,213,213
sub-0200_P2,214,214
sub-0200_P2,215,215
sub-0200_P2,216,216
sub-0200_P2,217,217
sub-0200_P2,218,218
sub-0200_P2,219,218
sub-0200_P2,220,220
sub-0200_P2,221,221
sub-0200_P2,222,222
sub-0200_P2,223,223
sub-0200_P2,224,224
sub-0200_P2,225,225
sub-0200_P2,226,226
sub-0200_P2,227,227
sub-0200_P2,228,228
sub-0200_P2,229,229
sub-0200_P2,230,230
sub-0200_P2,231,231
sub-0201_P2,0,0
sub-0201_P2,1,1
sub-0201_P2,2,2
sub-0201_P2,3,3
sub-0201_P2,4,4
sub-0201_P2,5,5
sub-0201_P2,6,6
sub-0201_P2,7,7
sub-0201_P2,8,8
sub-0201_P2,9,9
sub-0201_P2,10,10
sub-0201_P2,11,11
sub-0201_P2,12,12
sub-0201_P2,13,13
sub-0201_P2,14,14
sub-0201_P2,15,15
sub-0201_P2,16,16
sub-0201_P2,17,17
sub-0201_P2,18,18
sub-0201_P2,19,19
sub-0201_P2,20,20
sub-0201_P2,21,21
sub-0201_P2,22,92
sub-0201_P2,23,23
sub-0201_P2,24,24
sub-0201_P2,25,25
sub-0201_P2,26,26
sub-0201_P2,27,113
sub-0201_P2,28,130
sub-0201_P2,29,29
sub-0201_P2,30,130
sub-0201_P2,31,31
sub-0201_P2,32,32
sub-0201_P2,33,33
sub-0201_P2,34,34
sub-0201_P2,35,35
sub-0201_P2,36,36
sub-0201_P2,37,37
sub-0201_P2,38,38
sub-0201_P2,39,39
sub-0201_P2,40,40
sub-0201_P2,41,41
sub-0201_P2,42,42
sub-0201_P2,43,60
sub-0201_P2,44,44
sub-0201_P2,45,45
sub-0201_P2,46,46
sub-0201_P2,47,47
sub-0201_P2,48,48
sub-0201_P2,49,49
sub-0201_P2,50,50
sub-0201_P2,51,51
sub-0201_P2,52,52
sub-0201_P2,53,53
sub-0201_P2,54,160
sub-0201_P2,55,55
sub-0201_P2,56,56
sub-0201_P2,57,57
sub-0201_P2,58,135
sub-0201_P2,59,59
sub-0201_P2,60,60
sub-0201_P2,61,61
sub-0201_P2,62,62
sub-0201_P2,63,63
sub-0201_P2,64,64
sub-0201_P2,65,65
sub-0201_P2,66,66
sub-0201_P2,67,67
sub-0201_P2,68,68
sub-0201_P2,69,69
sub-0201_P2,70,70
sub-0201_P2,71,71
sub-0201_P2,72,72
sub-0201_P2,73,73
sub-0201_P2,74,74
sub-0201_P2,75,75
sub-0201_P2,76,76
sub-0201_P2,77,77
sub-0201_P2,78,78
sub-0201_P2,79,79
sub-0201_P2,80,80
sub-0201_P2,81,81
sub-0201_P2,82,82
sub-0201_P2,83,83
sub-0201_P2,84,84
sub-0201_P2,85,85
sub-0201_P2,86,86
sub-0201_P2,87,87
sub-0201_P2,88,88
sub-0201_P2,89,89
sub-0201_P2,90,90
sub-0201_P2,91,91
sub-0201_P2,92,92
sub-0201_P2,93,93
sub-0201_P2,94,94
sub-0201_P2,95,95
sub-0201_P2,96,96
sub-0201_P2,97,97
sub-0201_P2,98,98
sub-0201_P2,99,99
sub-0201_P2,100,100
sub-0201_P2,101,101
sub-0201_P2,102,102
sub-0201_P2,103,103
sub-0201_P2,104,104
sub-0201_P2,105,105
sub-0201_P2,106,106
sub-0201_P2,107,107
sub-0201_P2,108,108
sub-0201_P2,109,109
sub-0201_P2,110,110
sub-0201_P2,111,0
sub-0201_P2,112,112
sub-0201_P2,113,113
sub-0201_P2,114,114
sub-0201_P2,115,115
sub-0201_P2,116,116
sub-0201_P2,117,117
sub-0201_P2,118,118
sub-0201_P2,119,119
sub-0201_P2,120,120
sub-0201_P2,121,121
sub-0201_P2,122,122
sub-0201_P2,123,157
sub-0201_P2,124,124
sub-0201_P2,125,125
sub-0201_P2,126,126
sub-0201_P2,127,127
sub-0201_P2,128,128
sub-0201_P2,129,129
sub-0201_P2,130,130
sub-0201_P2,131,131
sub-0201_P2,132,95
sub-0201_P2,133,133
sub-0201_P2,134,134
sub-0201_P2,135,135
sub-0201_P2,136,136
sub-0201_P2,137,137
sub-0201_P2,138,138
sub-0201_P2,139,139
sub-0201_P2,140,140
sub-0201_P2,141,141
sub-0201_P2,142,142
sub-0201_P2,143,143
sub-0201_P2,144,144
sub-0201_P2,145,145
sub-0201_P2,146,146
sub-0201_P2,147,147
sub-0201_P2,148,148
sub-0201_P2,149,149
sub-0201_P2,150,150
sub-0201_P2,151,151
sub-0201_P2,152,152
sub-0201_P2,153,153
sub-0201_P2,154,154
sub-0201_P2,155,155
sub-0201_P2,156,156
sub-0201_P2,157,157
sub-0201_P2,158,158
sub-0201_P2,159,159
sub-0201_P2,160,160
sub-0201_P2,161,161
sub-0201_P2,162,162
sub-0201_P2,163,163
sub-0201_P2,164,164
sub-0201_P2,165,165
sub-0201_P2,166,166
sub-0201_P2,167,167
sub-0201_P2,168,168
sub-0201_P2,169,169
sub-0201_P2,170,170
sub-0201_P2,171,171
sub-0201_P2,172,172
sub-0201_P2,173,173
sub-0201_P2,174,174
sub-0201_P2,175,175
sub-0201_P2,176,176
sub-0201_P2,177,177
sub-0201_P2,178,178
sub-0201_P2,179,179
sub-0201_P2,180,180
sub-0201_P2,181,181
sub-0201_P2,182,155
sub-0201_P2,183,183
sub-0201_P2,184,184
sub-0201_P2,185,185
sub-0201_P2,186,186
sub-0201_P2,187,187
sub-0201_P2,188,188
sub-0201_P2,189,189
sub-0201_P2,190,190
sub-0201_P2,191,191
sub-0201_P2,192,192
sub-0201_P2,193,193
sub-0201_P2,194,194
sub-0201_P2,195,195
sub-0201_P2,196,196
sub-0201_P2,197,197
sub-0201_P2,198,198
sub-0201_P2,199,199
sub-0201_P2,200,200
sub-0201_P2,201,201
sub-0201_P2,202,202
sub-0201_P2,203,203
sub-0201_P2,204,204
sub-0201_P2,205,205
sub-0201_P2,206,206
sub-0201_P2,207,207
sub-0201_P2,208,208
sub-0201_P2,209,209
sub-0201_P2,210,226
sub-0201_P2,211,211
sub-0201_P2,212,212
sub-0201_P2,213,213
sub-0201_P2,214,214
sub-0201_P2,215,215
sub-0201_P2,216,216
sub-0201_P2,217,217
sub-0201_P2,218,218
sub-0201_P2,219,219
sub-0201_P2,220,55
sub-0201_P2,221,221
sub-0201_P2,222,222
sub-0201_P2,223,223
sub-0201_P2,224,224
sub-0201_P2,225,225
sub-0201_P2,226,226
sub-0201_P2,227,211
sub-0201_P2,228,228
sub-0201_P2,229,229
sub-0201_P2,230,230
sub-0201_P2,231,231
sub-0202_P2,0,0
sub-0202_P2,1,1
sub-0202_P2,2,2
sub-0202_P2,3,3
sub-0202_P2,4,4
sub-0202_P2,5,5
sub-0202_P2,6,6
sub-0202_P2,7,7
sub-0202_P2,8,8
sub-0202_P2,9,9
sub-0202_P2,10,10
sub-0202_P2,11,11
sub-0202_P2,12,12
sub-0202_P2,13,99
sub-0202_P2,14,14
sub-0202_P2,15,15
sub-0202_P2,16,16
sub-0202_P2,17,17
sub-0202_P2,18,18
sub-0202_P2,19,19
sub-0202_P2,20,20
sub-0202_P2,21,124
sub-0202_P2,22,22
sub-0202_P2,23,23
sub-0202_P2,24,99
sub-0202_P2,25,25
sub-0202_P2,26,26
sub-0202_P2,27,27
sub-0202_P2,28,28
sub-0202_P2,29,29
sub-0202_P2,30,30
sub-0202_P2,31,31
sub-0202_P2,32,32
sub-0202_P2,33,33
sub-0202_P2,34,34
sub-0202_P2,35,35
sub-0202_P2,36,36
sub-0202_P2,37,37
sub-0202_P2,38,38
sub-0202_P2,39,39
sub-0202_P2,40,40
sub-0202_P2,41,127
sub-0202_P2,42,42
sub-0202_P2,43,43
sub-0202_P2,44,44
sub-0202_P2,45,45
sub-0202_P2,46,46
sub-0202_P2,47,47
sub-0202_P2,48,48
sub-0202_P2,49,49
sub-0202_P2,50,211
sub-0202_P2,51,225
sub-0202_P2,52,52
sub-0202_P2,53,53
sub-0202_P2,54,202
sub-0202_P2,55,144
sub-0202_P2,56,56
sub-0202_P2,57,57
sub-0202_P2,58,58
sub-0202_P2,59,59
sub-0202_P2,60,60
sub-0202_P2,61,56
sub-0202_P2,62,62
sub-0202_P2,63,63
sub-0202_P2,64,64
sub-0202_P2,65,65
sub-0202_P2,66,56
sub-0202_P2,67,67
sub-0202_P2,68,68
sub-0202_P2,69,69
sub-0202_P2,70,70
sub-0202_P2,71,71
sub-0202_P2,72,72
sub-0202_P2,73,73
sub-0202_P2,74,74
sub-0202_P2,75,75
sub-0202_P2,76,76
sub-0202_P2,77,77
sub-0202_P2,78,78
sub-0202_P2,79,79
sub-0202_P2,80,80
sub-0202_P2,81,81
sub-0202_P2,82,82
sub-0202_P2,83,83
sub-0202_P2,84,84
sub-0202_P2,85,85
sub-0202_P2,86,86
sub-0202_P2,87,87
sub-0202_P2,88,88
sub-0202_P2,89,89
sub-0202_P2,90,90
sub-0202_P2,91,91
sub-0202_P2,92,92
sub-0202_P2,93,93
sub-0202_P2,94,94
sub-0202_P2,95,95
sub-0202_P2,96,96
sub-0202_P2,97,97
sub-0202_P2,98,98
sub-0202_P2,99,99
sub-0202_P2,100,100
sub-0202_P2,101,101
sub-0202_P2,102,102
sub-0202_P2,103,103
sub-0202_P2,104,104
sub-0202_P2,105,105
sub-0202_P2,106,106
sub-0202_P2,107,107
sub-0202_P2,108,108
sub-0202_P2,109,109
sub-0202_P2,110,110
sub-0202_P2,111,111
sub-0202_P2,112,112
sub-0202_P2,113,113
sub-0202_P2,114,114
sub-0202_P2,115,115
sub-0202_P2,116,116
sub-0202_P2,117,117
sub-0202_P2,118,118
sub-0202_P2,119,119
sub-0202_P2,120,120
sub-0202_P2,121,121
sub-0202_P2,122,122
sub-0202_P2,123,123
sub-0202_P2,124,124
sub-0202_P2,125,125
sub-0202_P2,126,126
sub-0202_P2,127,127
sub-0202_P2,128,128
sub-0202_P2,129,129
sub-0202_P2,130,130
sub-0202_P2,131,131
sub-0202_P2,132,132
sub-0202_P2,133,133
sub-0202_P2,134,134
sub-0202_P2,135,135
sub-0202_P2,136,136
sub-0202_P2,137,137
sub-0202_P2,138,138
sub-0202_P2,139,139
sub-0202_P2,140,140
sub-0202_P2,141,56
sub-0202_P2,142,198
sub-0202_P2,143,143
sub-0202_P2,144,144
sub-0202_P2,145,145
sub-0202_P2,146,146
sub-0202_P2,147,147
sub-0202_P2,148,148
sub-0202_P2,149,149
sub-0202_P2,150,198
sub-0202_P2,151,151
sub-0202_P2,152,152
sub-0202_P2,153,153
sub-0202_P2,154,154
sub-0202_P2,155,155
sub-0202_P2,156,156
sub-0202_P2,157,157
sub-0202_P2,158,158
sub-0202_P2,159,159
sub-0202_P2,160,187
sub-0202_P2,161,161
sub-0202_P2,162,162
sub-0202_P2,163,163
sub-0202_P2,164,164
sub-0202_P2,165,165
sub-0202_P2,166,166
sub-0202_P2,167,167
sub-0202_P2,168,168
sub-0202_P2,169,169
sub-0202_P2,170,170
sub-0202_P2,171,171
sub-0202_P2,172,172
sub-0202_P2,173,173
sub-0202_P2,174,177
sub-0202_P2,175,175
sub-0202_P2,176,176
sub-0202_P2,177,177
sub-0202_P2,178,178
sub-0202_P2,179,179
sub-0202_P2,180,180
sub-0202_P2,181,181
sub-0202_P2,182,182
sub-0202_P2,183,183
sub-0202_P2,184,184
sub-0202_P2,185,185
sub-0202_P2,186,186
sub-0202_P2,187,187
sub-0202_P2,188,188
sub-0202_P2,189,189
sub-0202_P2,190,190
sub-0202_P2,191,191
sub-0202_P2,192,192
sub-0202_P2,193,218
sub-0202_P2,194,194
sub-0202_P2,195,200
sub-0202_P2,196,86
sub-0202_P2,197,197
sub-0202_P2,198,198
sub-0202_P2,199,199
sub-0202_P2,200,200
sub-0202_P2,201,201
sub-0202_P2,202,202
sub-0202_P2,203,203
sub-0202_P2,204,221
sub-0202_P2,205,205
sub-0202_P2,206,206
sub-0202_P2,207,221
sub-0202_P2,208,208
sub-0202_P2,209,225
sub-0202_P2,210,210
sub-0202_P2,211,211
sub-0202_P2,212,212
sub-0202_P2,213,213
sub-0202_P2,214,214
sub-0202_P2,215,215
sub-0202_P2,216,216
sub-0202_P2,217,217
sub-0202_P2,218,218
sub-0202_P2,219,219
sub-0202_P2,220,220
sub-0202_P2,221,221
sub-0202_P2,222,222
sub-0202_P2,223,223
sub-0202_P2,224,225
sub-0202_P2,225,225
sub-0202_P2,226,226
sub-0202_P2,227,220
sub-0202_P2,228,228
sub-0202_P2,229,215
sub-0202_P2,230,230
sub-0202_P2,231,231
sub-0203_P2,0,0
sub-0203_P2,1,1
sub-0203_P2,2,2
sub-0203_P2,3,3
sub-0203_P2,4,4
sub-0203_P2,5,5
sub-0203_P2,6,6
sub-0203_P2,7,7
sub-0203_P2,8,8
sub-0203_P2,9,9
sub-0203_P2,10,10
sub-0203_P2,11,11
sub-0203_P2,12,12
sub-0203_P2,13,13
sub-0203_P2,14,14
sub-0203_P2,15,15
sub-0203_P2,16,16
sub-0203_P2,17,17
sub-0203_P2,18,18
sub-0203_P2,19,19
sub-0203_P2,20,20
sub-0203_P2,21,21
sub-0203_P2,22,22
sub-0203_P2,23,23
sub-0203_P2,24,131
sub-0203_P2,25,25
sub-0203_P2,26,26
sub-0203_P2,27,27
sub-0203_P2,28,28
sub-0203_P2,29,29
sub-0203_P2,30,30
sub-0203_P2,31,31
sub-0203_P2,32,32
sub-0203_P2,33,33
sub-0203_P2,34,34
sub-0203_P2,35,35
sub-0203_P2,36,36
sub-0203_P2,37,37
sub-0203_P2,38,38
sub-0203_P2,39,39
sub-0203_P2,40,40
sub-0203_P2,41,41
sub-0203_P2,42,42
sub-0203_P2,43,43
sub-0203_P2,44,44
sub-0203_P2,45,45
sub-0203_P2,46,46
sub-0203_P2,47,47
sub-0203_P2,48,48
sub-0203_P2,49,49
sub-0203_P2,50,50
sub-0203_P2,51,51
sub-0203_P2,52,52
sub-0203_P2,53,204
sub-0203_P2,54,202
sub-0203_P2,55,55
sub-0203_P2,56,56
sub-0203_P2,57,57
sub-0203_P2,58,166
sub-0203_P2,59,59
sub-0203_P2,60,60
sub-0203_P2,61,61
sub-0203_P2,62,62
sub-0203_P2,63,63
sub-0203_P2,64,64
sub-0203_P2,65,65
sub-0203_P2,66,66
sub-0203_P2,67,67
sub-0203_P2,68,68
sub-0203_P2,69,69
sub-0203_P2,70,70
sub-0203_P2,71,71
sub-0203_P2,72,46
sub-0203_P2,73,73
sub-0203_P2,74,74
sub-0203_P2,75,75
sub-0203_P2,76,76
sub-0203_P2,77,77
sub-0203_P2,78,78
sub-0203_P2,79,79
sub-0203_P2,80,80
sub-0203_P2,81,81
sub-0203_P2,82,82
sub-0203_P2,83,83
sub-0203_P2,84,84
sub-0203_P2,85,85
sub-0203_P2,86,86
sub-0203_P2,87,87
sub-0203_P2,88,88
sub-0203_P2,89,50
sub-0203_P2,90,90
sub-0203_P2,91,91
sub-0203_P2,92,92
sub-0203_P2,93,93
sub-0203_P2,94,50
sub-0203_P2,95,95
sub-0203_P2,96,96
sub-0203_P2,97,97
sub-0203_P2,98,147
sub-0203_P2,99,99
sub-0203_P2,100,100
sub-0203_P2,101,101
sub-0203_P2,102,102
sub-0203_P2,103,103
sub-0203_P2,104,104
sub-0203_P2,105,105
sub-0203_P2,106,106
sub-0203_P2,107,107
sub-0203_P2,108,108
sub-0203_P2,109,109
sub-0203_P2,110,110
sub-0203_P2,111,111
sub-0203_P2,112,112
sub-0203_P2,113,113
sub-0203_P2,114,114
sub-0203_P2,115,115
sub-0203_P2,116,116
sub-0203_P2,117,117
sub-0203_P2,118,118
sub-0203_P2,119,119
sub-0203_P2,120,120
sub-0203_P2,121,121
sub-0203_P2,122,122
sub-0203_P2,123,123
sub-0203_P2,124,124
sub-0203_P2,125,125
sub-0203_P2,126,126
sub-0203_P2,127,127
sub-0203_P2,128,128
sub-0203_P2,129,129
sub-0203_P2,130,130
sub-0203_P2,131,131
sub-0203_P2,132,132
sub-0203_P2,133,133
sub-0203_P2,134,167
sub-0203_P2,135,135
sub-0203_P2,136,136
sub-0203_P2,137,137
sub-0203_P2,138,138
sub-0203_P2,139,139
sub-0203_P2,140,140
sub-0203_P2,141,141
sub-0203_P2,142,142
sub-0203_P2,143,143
sub-0203_P2,144,144
sub-0203_P2,145,145
sub-0203_P2,146,146
sub-0203_P2,147,147
sub-0203_P2,148,148
sub-0203_P2,149,149
sub-0203_P2,150,150
sub-0203_P2,151,151
sub-0203_P2,152,0
sub-0203_P2,153,153
sub-0203_P2,154,154
sub-0203_P2,155,155
sub-0203_P2,156,156
sub-0203_P2,157,157
sub-0203_P2,158,158
sub-0203_P2,159,159
sub-0203_P2,160,160
sub-0203_P2,161,161
sub-0203_P2,162,160
sub-0203_P2,163,163
sub-0203_P2,164,164
sub-0203_P2,165,165
sub-0203_P2,166,166
sub-0203_P2,167,167
sub-0203_P2,168,168
sub-0203_P2,169,169
sub-0203_P2,170,170
sub-0203_P2,171,83
sub-0203_P2,172,172
sub-0203_P2,173,173
sub-0203_P2,174,174
sub-0203_P2,175,175
sub-0203_P2,176,176
sub-0203_P2,177,177
sub-0203_P2,178,178
sub-0203_P2,179,179
sub-0203_P2,180,180
sub-0203_P2,181,181
sub-0203_P2,182,182
sub-0203_P2,183,183
sub-0203_P2,184,184
sub-0203_P2,185,185
sub-0203_P2,186,186
sub-0203_P2,187,50
sub-0203_P2,188,188
sub-0203_P2,189,189
sub-0203_P2,190,190
sub-0203_P2,191,174
sub-0203_P2,192,177
sub-0203_P2,193,193
sub-0203_P2,194,194
sub-0203_P2,195,195
sub-0203_P2,196,196
sub-0203_P2,197,197
sub-0203_P2,198,198
sub-0203_P2,199,199
sub-0203_P2,200,200
sub-0203_P2,201,201
sub-0203_P2,202,202
sub-0203_P2,203,217
sub-0203_P2,204,204
sub-0203_P2,205,205
sub-0203_P2,206,206
sub-0203_P2,207,207
sub-0203_P2,208,50
sub-0203_P2,209,209
sub-0203_P2,210,211
sub-0203_P2,211,211
sub-0203_P2,212,212
sub-0203_P2,213,213
sub-0203_P2,214,214
sub-0203_P2,215,215
sub-0203_P2,216,216
sub-0203_P2,217,217
sub-0203_P2,218,218
sub-0203_P2,219,219
sub-0203_P2,220,55
sub-0203_P2,221,221
sub-0203_P2,222,222
sub-0203_P2,223,223
sub-0203_P2,224,224
sub-0203_P2,225,208
sub-0203_P2,226,226
sub-0203_P2,227,227
sub-0203_P2,228,228
sub-0203_P2,229,229
sub-0203_P2,230,230
sub-0203_P2,231,231
sub-0204_P2,0,0
sub-0204_P2,1,1
sub-0204_P2,2,2
sub-0204_P2,3,3
sub-0204_P2,4,4
sub-0204_P2,5,5
sub-0204_P2,6,6
sub-0204_P2,7,7
sub-0204_P2,8,8
sub-0204_P2,9,9
sub-0204_P2,10,10
sub-0204_P2,11,11
sub-0204_P2,12,12
sub-0204_P2,13,13
sub-0204_P2,14,14
sub-0204_P2,15,15
sub-0204_P2,16,16
sub-0204_P2,17,17
sub-0204_P2,18,18
sub-0204_P2,19,19
sub-0204_P2,20,20
sub-0204_P2,21,21
sub-0204_P2,22,22
sub-0204_P2,23,23
sub-0204_P2,24,24
sub-0204_P2,25,25
sub-0204_P2,26,26
sub-0204_P2,27,27
sub-0204_P2,28,28
sub-0204_P2,29,29
sub-0204_P2,30,30
sub-0204_P2,31,31
sub-0204_P2,32,32
sub-0204_P2,33,33
sub-0204_P2,34,34
sub-0204_P2,35,35
sub-0204_P2,36,36
sub-0204_P2,37,37
sub-0204_P2,38,38
sub-0204_P2,39,39
sub-0204_P2,40,40
sub-0204_P2,41,41
sub-0204_P2,42,42
sub-0204_P2,43,43
sub-0204_P2,44,44
sub-0204_P2,45,45
sub-0204_P2,46,46
sub-0204_P2,47,47
sub-0204_P2,48,48
sub-0204_P2,49,49
sub-0204_P2,50,51
sub-0204_P2,51,159
sub-0204_P2,52,52
sub-0204_P2,53,53
sub-0204_P2,54,161
sub-0204_P2,55,55
sub-0204_P2,56,56
sub-0204_P2,57,57
sub-0204_P2,58,58
sub-0204_P2,59,59
sub-0204_P2,60,59
sub-0204_P2,61,61
sub-0204_P2,62,62
sub-0204_P2,63,63
sub-0204_P2,64,64
sub-0204_P2,65,65
sub-0204_P2,66,66
sub-0204_P2,67,67
sub-0204_P2,68,68
sub-0204_P2,69,69
sub-0204_P2,70,70
sub-0204_P2,71,71
sub-0204_P2,72,72
sub-0204_P2,73,73
sub-0204_P2,74,74
sub-0204_P2,75,75
sub-0204_P2,76,76
sub-0204_P2,77,77
sub-0204_P2,78,78
sub-0204_P2,79,79
sub-0204_P2,80,80
sub-0204_P2,81,81
sub-0204_P2,82,82
sub-0204_P2,83,83
sub-0204_P2,84,84
sub-0204_P2,85,85
sub-0204_P2,86,86
sub-0204_P2,87,87
sub-0204_P2,88,68
sub-0204_P2,89,89
sub-0204_P2,90,90
sub-0204_P2,91,91
sub-0204_P2,92,92
sub-0204_P2,93,93
sub-0204_P2,94,94
sub-0204_P2,95,193
sub-0204_P2,96,96
sub-0204_P2,97,97
sub-0204_P2,98,98
sub-0204_P2,99,99
sub-0204_P2,100,100
sub-0204_P2,101,101
sub-0204_P2,102,102
sub-0204_P2,103,103
sub-0204_P2,104,104
sub-0204_P2,105,105
sub-0204_P2,106,106
sub-0204_P2,107,107
sub-0204_P2,108,108
sub-0204_P2,109,109
sub-0204_P2,110,110
sub-0204_P2,111,111
sub-0204_P2,112,218
sub-0204_P2,113,113
sub-0204_P2,114,114
sub-0204_P2,115,115
sub-0204_P2,116,116
sub-0204_P2,117,117
sub-0204_P2,118,36
sub-0204_P2,119,119
sub-0204_P2,120,120
sub-0204_P2,121,121
sub-0204_P2,122,122
sub-0204_P2,123,123
sub-0204_P2,124,124
sub-0204_P2,125,125
sub-0204_P2,126,24
sub-0204_P2,127,127
sub-0204_P2,128,128
sub-0204_P2,129,129
sub-0204_P2,130,130
sub-0204_P2,131,131
sub-0204_P2,132,132
sub-0204_P2,133,31
sub-0204_P2,134,134
sub-0204_P2,135,135
sub-0204_P2,136,136
sub-0204_P2,137,54
sub-0204_P2,138,138
sub-0204_P2,139,139
sub-0204_P2,140,153
sub-0204_P2,141,141
sub-0204_P2,142,142
sub-0204_P2,143,143
sub-0204_P2,144,144
sub-0204_P2,145,145
sub-0204_P2,146,146
sub-0204_P2,147,147
sub-0204_P2,148,148
sub-0204_P2,149,149
sub-0204_P2,150,150
sub-0204_P2,151,151
sub-0204_P2,152,152
sub-0204_P2,153,153
sub-0204_P2,154,154
sub-0204_P2,155,155
sub-0204_P2,156,156
sub-0204_P2,157,157
sub-0204_P2,158,158
sub-0204_P2,159,159
sub-0204_P2,160,51
sub-0204_P2,161,161
sub-0204_P2,162,160
sub-0204_P2,163,163
sub-0204_P2,164,164
sub-0204_P2,165,165
sub-0204_P2,166,166
sub-0204_P2,167,167
sub-0204_P2,168,168
sub-0204_P2,169,169
sub-0204_P2,170,170
sub-0204_P2,171,171
sub-0204_P2,172,172
sub-0204_P2,173,173
sub-0204_P2,174,174
sub-0204_P2,175,175
sub-0204_P2,176,176
sub-0204_P2,177,156
sub-0204_P2,178,178
sub-0204_P2,179,179
sub-0204_P2,180,180
sub-0204_P2,181,181
sub-0204_P2,182,182
sub-0204_P2,183,183
sub-0204_P2,184,184
sub-0204_P2,185,185
sub-0204_P2,186,186
sub-0204_P2,187,187
sub-0204_P2,188,188
sub-0204_P2,189,189
sub-0204_P2,190,190
sub-0204_P2,191,191
sub-0204_P2,192,192
sub-0204_P2,193,99
sub-0204_P2,194,194
sub-0204_P2,195,195
sub-0204_P2,196,196
sub-0204_P2,197,197
sub-0204_P2,198,198
sub-0204_P2,199,199
sub-0204_P2,200,200
sub-0204_P2,201,220
sub-0204_P2,202,202
sub-0204_P2,203,203
sub-0204_P2,204,204
sub-0204_P2,205,205
sub-0204_P2,206,206
sub-0204_P2,207,207
sub-0204_P2,208,208
sub-0204_P2,209,224
sub-0204_P2,210,209
sub-0204_P2,211,210
sub-0204_P2,212,212
sub-0204_P2,213,213
sub-0204_P2,214,214
sub-0204_P2,215,215
sub-0204_P2,216,217
sub-0204_P2,217,217
sub-0204_P2,218,218
sub-0204_P2,219,218
sub-0204_P2,220,220
sub-0204_P2,221,211
sub-0204_P2,222,222
sub-0204_P2,223,223
sub-0204_P2,224,225
sub-0204_P2,225,225
sub-0204_P2,226,226
sub-0204_P2,227,227
sub-0204_P2,228,228
sub-0204_P2,229,229
sub-0204_P2,230,230
sub-0204_P2,231,231
sub-0205_P2,0,0
sub-0205_P2,1,1
sub-0205_P2,2,2
sub-0205_P2,3,3
sub-0205_P2,4,4
sub-0205_P2,5,5
sub-0205_P2,6,6
sub-0205_P2,7,7
sub-0205_P2,8,8
sub-0205_P2,9,9
sub-0205_P2,10,10
sub-0205_P2,11,11
sub-0205_P2,12,12
sub-0205_P2,13,13
sub-0205_P2,14,14
sub-0205_P2,15,15
sub-0205_P2,16,16
sub-0205_P2,17,119
sub-0205_P2,18,18
sub-0205_P2,19,19
sub-0205_P2,20,20
sub-0205_P2,21,21
sub-0205_P2,22,22
sub-0205_P2,23,23
sub-0205_P2,24,24
sub-0205_P2,25,25
sub-0205_P2,26,26
sub-0205_P2,27,27
sub-0205_P2,28,28
sub-0205_P2,29,29
sub-0205_P2,30,30
sub-0205_P2,31,31
sub-0205_P2,32,32
sub-0205_P2,33,33
sub-0205_P2,34,34
sub-0205_P2,35,35
sub-0205_P2,36,36
sub-0205_P2,37,37
sub-0205_P2,38,38
sub-0205_P2,39,39
sub-0205_P2,40,40
sub-0205_P2,41,41
sub-0205_P2,42,42
sub-0205_P2,43,43
sub-0205_P2,44,44
sub-0205_P2,45,45
sub-0205_P2,46,46
sub-0205_P2,47,47
sub-0205_P2,48,48
sub-0205_P2,49,49
sub-0205_P2,50,50
sub-0205_P2,51,51
sub-0205_P2,52,52
sub-0205_P2,53,53
sub-0205_P2,54,54
sub-0205_P2,55,55
sub-0205_P2,56,63
sub-0205_P2,57,57
sub-0205_P2,58,58
sub-0205_P2,59,59
sub-0205_P2,60,60
sub-0205_P2,61,61
sub-0205_P2,62,62
sub-0205_P2,63,63
sub-0205_P2,64,64
sub-0205_P2,65,169
sub-0205_P2,66,66
sub-0205_P2,67,67
sub-0205_P2,68,47
sub-0205_P2,69,69
sub-0205_P2,70,70
sub-0205_P2,71,71
sub-0205_P2,72,72
sub-0205_P2,73,73
sub-0205_P2,74,74
sub-0205_P2,75,75
sub-0205_P2,76,76
sub-0205_P2,77,77
sub-0205_P2,78,78
sub-0205_P2,79,79
sub-0205_P2,80,80
sub-0205_P2,81,81
sub-0205_P2,82,82
sub-0205_P2,83,83
sub-0205_P2,84,84
sub-0205_P2,85,85
sub-0205_P2,86,40
sub-0205_P2,87,87
sub-0205_P2,88,88
sub-0205_P2,89,89
sub-0205_P2,90,90
sub-0205_P2,91,91
sub-0205_P2,92,92
sub-0205_P2,93,93
sub-0205_P2,94,94
sub-0205_P2,95,95
sub-0205_P2,96,96
sub-0205_P2,97,97
sub-0205_P2,98,98
sub-0205_P2,99,99
sub-0205_P2,100,100
sub-0205_P2,101,101
sub-0205_P2,102,102
sub-0205_P2,103,103
sub-0205_P2,104,104
sub-0205_P2,105,104
sub-0205_P2,106,106
sub-0205_P2,107,107
sub-0205_P2,108,108
sub-0205_P2,109,109
sub-0205_P2,110,110
sub-0205_P2,111,111
sub-0205_P2,112,112
sub-0205_P2,113,113
sub-0205_P2,114,114
sub-0205_P2,115,115
sub-0205_P2,116,116
sub-0205_P2,117,117
sub-0205_P2,118,118
sub-0205_P2,119,119
sub-0205_P2,120,120
sub-0205_P2,121,121
sub-0205_P2,122,122
sub-0205_P2,123,123
sub-0205_P2,124,124
sub-0205_P2,125,125
sub-0205_P2,126,126
sub-0205_P2,127,127
sub-0205_P2,128,128
sub-0205_P2,129,129
sub-0205_P2,130,130
sub-0205_P2,131,131
sub-0205_P2,132,132
sub-0205_P2,133,133
sub-0205_P2,134,134
sub-0205_P2,135,135
sub-0205_P2,136,136
sub-0205_P2,137,137
sub-0205_P2,138,138
sub-0205_P2,139,139
sub-0205_P2,140,140
sub-0205_P2,141,141
sub-0205_P2,142,142
sub-0205_P2,143,143
sub-0205_P2,144,144
sub-0205_P2,145,145
sub-0205_P2,146,146
sub-0205_P2,147,147
sub-0205_P2,148,40
sub-0205_P2,149,149
sub-0205_P2,150,150
sub-0205_P2,151,151
sub-0205_P2,152,152
sub-0205_P2,153,153
sub-0205_P2,154,154
sub-0205_P2,155,155
sub-0205_P2,156,156
sub-0205_P2,157,157
sub-0205_P2,158,158
sub-0205_P2,159,159
sub-0205_P2,160,22
sub-0205_P2,161,161
sub-0205_P2,162,218
sub-0205_P2,163,163
sub-0205_P2,164,164
sub-0205_P2,165,165
sub-0205_P2,166,166
sub-0205_P2,167,35
sub-0205_P2,168,168
sub-0205_P2,169,169
sub-0205_P2,170,170
sub-0205_P2,171,171
sub-0205_P2,172,172
sub-0205_P2,173,173
sub-0205_P2,174,174
sub-0205_P2,175,175
sub-0205_P2,176,176
sub-0205_P2,177,177
sub-0205_P2,178,178
sub-0205_P2,179,179
sub-0205_P2,180,180
sub-0205_P2,181,181
sub-0205_P2,182,182
sub-0205_P2,183,183
sub-0205_P2,184,184
sub-0205_P2,185,185
sub-0205_P2,186,186
sub-0205_P2,187,187
sub-0205_P2,188,188
sub-0205_P2,189,189
sub-0205_P2,190,190
sub-0205_P2,191,191
sub-0205_P2,192,192
sub-0205_P2,193,193
sub-0205_P2,194,194
sub-0205_P2,195,195
sub-0205_P2,196,196
sub-0205_P2,197,197
sub-0205_P2,198,198
sub-0205_P2,199,199
sub-0205_P2,200,200
sub-0205_P2,201,8
sub-0205_P2,202,202
sub-0205_P2,203,203
sub-0205_P2,204,204
sub-0205_P2,205,205
sub-0205_P2,206,206
sub-0205_P2,207,207
sub-0205_P2,208,208
sub-0205_P2,209,209
sub-0205_P2,210,210
sub-0205_P2,211,211
sub-0205_P2,212,212
sub-0205_P2,213,213
sub-0205_P2,214,214
sub-0205_P2,215,215
sub-0205_P2,216,216
sub-0205_P2,217,227
sub-0205_P2,218,203
sub-0205_P2,219,219
sub-0205_P2,220,220
sub-0205_P2,221,221
sub-0205_P2,222,222
sub-0205_P2,223,223
sub-0205_P2,224,224
sub-0205_P2,225,225
sub-0205_P2,226,227
sub-0205_P2,227,227
sub-0205_P2,228,228
sub-0205_P2,229,229
sub-0205_P2,230,230
sub-0205_P2,231,231
sub-0206_P2,0,0
sub-0206_P2,1,1
sub-0206_P2,2,2
sub-0206_P2,3,3
sub-0206_P2,4,4
sub-0206_P2,5,5
sub-0206_P2,6,6
sub-0206_P2,7,7
sub-0206_P2,8,8
sub-0206_P2,9,9
sub-0206_P2,10,10
sub-0206_P2,11,11
sub-0206_P2,12,12
sub-0206_P2,13,13
sub-0206_P2,14,14
sub-0206_P2,15,15
sub-0206_P2,16,16
sub-0206_P2,17,17
sub-0206_P2,18,18
sub-0206_P2,19,19
sub-0206_P2,20,20
sub-0206_P2,21,21
sub-0206_P2,22,22
sub-0206_P2,23,23
sub-0206_P2,24,24
sub-0206_P2,25,25
sub-0206_P2,26,26
sub-0206_P2,27,27
sub-0206_P2,28,28
sub-0206_P2,29,33
sub-0206_P2,30,31
sub-0206_P2,31,31
sub-0206_P2,32,32
sub-0206_P2,33,33
sub-0206_P2,34,34
sub-0206_P2,35,33
sub-0206_P2,36,36
sub-0206_P2,37,37
sub-0206_P2,38,38
sub-0206_P2,39,39
sub-0206_P2,40,40
sub-0206_P2,41,41
sub-0206_P2,42,42
sub-0206_P2,43,43
sub-0206_P2,44,44
sub-0206_P2,45,45
sub-0206_P2,46,211
sub-0206_P2,47,47
sub-0206_P2,48,48
sub-0206_P2,49,49
sub-0206_P2,50,52
sub-0206_P2,51,51
sub-0206_P2,52,52
sub-0206_P2,53,53
sub-0206_P2,54,54
sub-0206_P2,55,55
sub-0206_P2,56,56
sub-0206_P2,57,57
sub-0206_P2,58,58
sub-0206_P2,59,59
sub-0206_P2,60,63
sub-0206_P2,61,61
sub-0206_P2,62,62
sub-0206_P2,63,63
sub-0206_P2,64,64
sub-0206_P2,65,65
sub-0206_P2,66,66
sub-0206_P2,67,67
sub-0206_P2,68,68
sub-0206_P2,69,69
sub-0206_P2,70,70
sub-0206_P2,71,71
sub-0206_P2,72,72
sub-0206_P2,73,73
sub-0206_P2,74,74
sub-0206_P2,75,75
sub-0206_P2,76,76
sub-0206_P2,77,77
sub-0206_P2,78,78
sub-0206_P2,79,79
sub-0206_P2,80,80
sub-0206_P2,81,81
sub-0206_P2,82,82
sub-0206_P2,83,83
sub-0206_P2,84,84
sub-0206_P2,85,85
sub-0206_P2,86,86
sub-0206_P2,87,87
sub-0206_P2,88,88
sub-0206_P2,89,227
sub-0206_P2,90,90
sub-0206_P2,91,91
sub-0206_P2,92,92
sub-0206_P2,93,93
sub-0206_P2,94,94
sub-0206_P2,95,95
sub-0206_P2,96,96
sub-0206_P2,97,97
sub-0206_P2,98,98
sub-0206_P2,99,99
sub-0206_P2,100,100
sub-0206_P2,101,101
sub-0206_P2,102,102
sub-0206_P2,103,103
sub-0206_P2,104,104
sub-0206_P2,105,105
sub-0206_P2,106,106
sub-0206_P2,107,107
sub-0206_P2,108,108
sub-0206_P2,109,109
sub-0206_P2,110,110
sub-0206_P2,111,111
sub-0206_P2,112,112
sub-0206_P2,113,113
sub-0206_P2,114,114
sub-0206_P2,115,115
sub-0206_P2,116,116
sub-0206_P2,117,117
sub-0206_P2,118,118
sub-0206_P2,119,16
sub-0206_P2,120,120
sub-0206_P2,121,121
sub-0206_P2,122,122
sub-0206_P2,123,123
sub-0206_P2,124,143
sub-0206_P2,125,125
sub-0206_P2,126,126
sub-0206_P2,127,127
sub-0206_P2,128,128
sub-0206_P2,129,129
sub-0206_P2,130,171
sub-0206_P2,131,131
sub-0206_P2,132,33
sub-0206_P2,133,133
sub-0206_P2,134,134
sub-0206_P2,135,135
sub-0206_P2,136,136
sub-0206_P2,137,137
sub-0206_P2,138,138
sub-0206_P2,139,16
sub-0206_P2,140,140
sub-0206_P2,141,141
sub-0206_P2,142,142
sub-0206_P2,143,143
sub-0206_P2,144,144
sub-0206_P2,145,145
sub-0206_P2,146,146
sub-0206_P2,147,147
sub-0206_P2,148,148
sub-0206_P2,149,149
sub-0206_P2,150,150
sub-0206_P2,151,151
sub-0206_P2,152,152
sub-0206_P2,153,153
sub-0206_P2,154,154
sub-0206_P2,155,155
sub-0206_P2,156,156
sub-0206_P2,157,160
sub-0206_P2,158,158
sub-0206_P2,159,159
sub-0206_P2,160,162
sub-0206_P2,161,161
sub-0206_P2,162,162
sub-0206_P2,163,219
sub-0206_P2,164,164
sub-0206_P2,165,165
sub-0206_P2,166,166
sub-0206_P2,167,167
sub-0206_P2,168,168
sub-0206_P2,169,169
sub-0206_P2,170,170
sub-0206_P2,171,171
sub-0206_P2,172,172
sub-0206_P2,173,173
sub-0206_P2,174,174
sub-0206_P2,175,175
sub-0206_P2,176,176
sub-0206_P2,177,226
sub-0206_P2,178,178
sub-0206_P2,179,179
sub-0206_P2,180,180
sub-0206_P2,181,181
sub-0206_P2,182,182
sub-0206_P2,183,183
sub-0206_P2,184,184
sub-0206_P2,185,185
sub-0206_P2,186,186
sub-0206_P2,187,187
sub-0206_P2,188,188
sub-0206_P2,189,189
sub-0206_P2,190,190
sub-0206_P2,191,191
sub-0206_P2,192,192
sub-0206_P2,193,193
sub-0206_P2,194,194
sub-0206_P2,195,195
sub-0206_P2,196,197
sub-0206_P2,197,197
sub-0206_P2,198,198
sub-0206_P2,199,199
sub-0206_P2,200,200
sub-0206_P2,201,201
sub-0206_P2,202,202
sub-0206_P2,203,203
sub-0206_P2,204,204
sub-0206_P2,205,205
sub-0206_P2,206,206
sub-0206_P2,207,205
sub-0206_P2,208,162
sub-0206_P2,209,209
sub-0206_P2,210,210
sub-0206_P2,211,211
sub-0206_P2,212,212
sub-0206_P2,213,213
sub-0206_P2,214,214
sub-0206_P2,215,215
sub-0206_P2,216,216
sub-0206_P2,217,217
sub-0206_P2,218,162
sub-0206_P2,219,219
sub-0206_P2,220,205
sub-0206_P2,221,221
sub-0206_P2,222,222
sub-0206_P2,223,223
sub-0206_P2,224,224
sub-0206_P2,225,225
sub-0206_P2,226,211
sub-0206_P2,227,227
sub-0206_P2,228,228
sub-0206_P2,229,229
sub-0206_P2,230,230
sub-0206_P2,231,231
sub-0207_P2,0,0
sub-0207_P2,1,1
sub-0207_P2,2,2
sub-0207_P2,3,3
sub-0207_P2,4,4
sub-0207_P2,5,5
sub-0207_P2,6,6
sub-0207_P2,7,223
sub-0207_P2,8,8
sub-0207_P2,9,9
sub-0207_P2,10,10
sub-0207_P2,11,11
sub-0207_P2,12,12
sub-0207_P2,13,13
sub-0207_P2,14,14
sub-0207_P2,15,15
sub-0207_P2,16,16
sub-0207_P2,17,17
sub-0207_P2,18,207
sub-0207_P2,19,19
sub-0207_P2,20,20
sub-0207_P2,21,21
sub-0207_P2,22,22
sub-0207_P2,23,23
sub-0207_P2,24,24
sub-0207_P2,25,25
sub-0207_P2,26,26
sub-0207_P2,27,27
sub-0207_P2,28,28
sub-0207_P2,29,29
sub-0207_P2,30,30
sub-0207_P2,31,31
sub-0207_P2,32,32
sub-0207_P2,33,33
sub-0207_P2,34,34
sub-0207_P2,35,35
sub-0207_P2,36,36
sub-0207_P2,37,37
sub-0207_P2,38,38
sub-0207_P2,39,39
sub-0207_P2,40,40
sub-0207_P2,41,41
sub-0207_P2,42,42
sub-0207_P2,43,43
sub-0207_P2,44,44
sub-0207_P2,45,45
sub-0207_P2,46,46
sub-0207_P2,47,47
sub-0207_P2,48,48
sub-0207_P2,49,49
sub-0207_P2,50,50
sub-0207_P2,51,51
sub-0207_P2,52,52
sub-0207_P2,53,53
sub-0207_P2,54,54
sub-0207_P2,55,55
sub-0207_P2,56,56
sub-0207_P2,57,57
sub-0207_P2,58,58
sub-0207_P2,59,59
sub-0207_P2,60,60
sub-0207_P2,61,61
sub-0207_P2,62,62
sub-0207_P2,63,63
sub-0207_P2,64,64
sub-0207_P2,65,65
sub-0207_P2,66,66
sub-0207_P2,67,67
sub-0207_P2,68,68
sub-0207_P2,69,69
sub-0207_P2,70,83
sub-0207_P2,71,71
sub-0207_P2,72,72
sub-0207_P2,73,73
sub-0207_P2,74,74
sub-0207_P2,75,75
sub-0207_P2,76,76
sub-0207_P2,77,77
sub-0207_P2,78,78
sub-0207_P2,79,79
sub-0207_P2,80,80
sub-0207_P2,81,81
sub-0207_P2,82,82
sub-0207_P2,83,83
sub-0207_P2,84,84
sub-0207_P2,85,85
sub-0207_P2,86,86
sub-0207_P2,87,87
sub-0207_P2,88,88
sub-0207_P2,89,89
sub-0207_P2,90,90
sub-0207_P2,91,91
sub-0207_P2,92,92
sub-0207_P2,93,93
sub-0207_P2,94,94
sub-0207_P2,95,95
sub-0207_P2,96,96
sub-0207_P2,97,97
sub-0207_P2,98,98
sub-0207_P2,99,99
sub-0207_P2,100,100
sub-0207_P2,101,101
sub-0207_P2,102,102
sub-0207_P2,103,103
sub-0207_P2,104,104
sub-0207_P2,105,105
sub-0207_P2,106,106
sub-0207_P2,107,107
sub-0207_P2,108,108
sub-0207_P2,109,109
sub-0207_P2,110,110
sub-0207_P2,111,111
sub-0207_P2,112,27
sub-0207_P2,113,113
sub-0207_P2,114,114
sub-0207_P2,115,115
sub-0207_P2,116,116
sub-0207_P2,117,117
sub-0207_P2,118,118
sub-0207_P2,119,119
sub-0207_P2,120,120
sub-0207_P2,121,121
sub-0207_P2,122,122
sub-0207_P2,123,123
sub-0207_P2,124,124
sub-0207_P2,125,125
sub-0207_P2,126,126
sub-0207_P2,127,127
sub-0207_P2,128,128
sub-0207_P2,129,129
sub-0207_P2,130,130
sub-0207_P2,131,131
sub-0207_P2,132,132
sub-0207_P2,133,133
sub-0207_P2,134,134
sub-0207_P2,135,135
sub-0207_P2,136,136
sub-0207_P2,137,137
sub-0207_P2,138,138
sub-0207_P2,139,139
sub-0207_P2,140,140
sub-0207_P2,141,141
sub-0207_P2,142,142
sub-0207_P2,143,211
sub-0207_P2,144,144
sub-0207_P2,145,145
sub-0207_P2,146,146
sub-0207_P2,147,147
sub-0207_P2,148,148
sub-0207_P2,149,149
sub-0207_P2,150,150
sub-0207_P2,151,151
sub-0207_P2,152,152
sub-0207_P2,153,153
sub-0207_P2,154,154
sub-0207_P2,155,155
sub-0207_P2,156,92
sub-0207_P2,157,157
sub-0207_P2,158,158
sub-0207_P2,159,159
sub-0207_P2,160,160
sub-0207_P2,161,161
sub-0207_P2,162,162
sub-0207_P2,163,163
sub-0207_P2,164,164
sub-0207_P2,165,165
sub-0207_P2,166,166
sub-0207_P2,167,167
sub-0207_P2,168,168
sub-0207_P2,169,169
sub-0207_P2,170,170
sub-0207_P2,171,171
sub-0207_P2,172,172
sub-0207_P2,173,173
sub-0207_P2,174,174
sub-0207_P2,175,175
sub-0207_P2,176,176
sub-0207_P2,177,177
sub-0207_P2,178,178
sub-0207_P2,179,179
sub-0207_P2,180,180
sub-0207_P2,181,181
sub-0207_P2,182,182
sub-0207_P2,183,183
sub-0207_P2,184,184
sub-0207_P2,185,186
sub-0207_P2,186,186
sub-0207_P2,187,187
sub-0207_P2,188,188
sub-0207_P2,189,189
sub-0207_P2,190,190
sub-0207_P2,191,191
sub-0207_P2,192,211
sub-0207_P2,193,193
sub-0207_P2,194,194
sub-0207_P2,195,195
sub-0207_P2,196,196
sub-0207_P2,197,197
sub-0207_P2,198,198
sub-0207_P2,199,199
sub-0207_P2,200,204
sub-0207_P2,201,201
sub-0207_P2,202,202
sub-0207_P2,203,219
sub-0207_P2,204,204
sub-0207_P2,205,205
sub-0207_P2,206,206
sub-0207_P2,207,211
sub-0207_P2,208,220
sub-0207_P2,209,209
sub-0207_P2,210,210
sub-0207_P2,211,211
sub-0207_P2,212,212
sub-0207_P2,213,213
sub-0207_P2,214,214
sub-0207_P2,215,215
sub-0207_P2,216,216
sub-0207_P2,217,217
sub-0207_P2,218,218
sub-0207_P2,219,219
sub-0207_P2,220,220
sub-0207_P2,221,221
sub-0207_P2,222,222
sub-0207_P2,223,210
sub-0207_P2,224,224
sub-0207_P2,225,225
sub-0207_P2,226,210
sub-0207_P2,227,227
sub-0207_P2,228,228
sub-0207_P2,229,229
sub-0207_P2,230,230
sub-0207_P2,231,231
sub-0208_P2,0,0
sub-0208_P2,1,1
sub-0208_P2,2,2
sub-0208_P2,3,3
sub-0208_P2,4,4
sub-0208_P2,5,5
sub-0208_P2,6,6
sub-0208_P2,7,7
sub-0208_P2,8,8
sub-0208_P2,9,9
sub-0208_P2,10,107
sub-0208_P2,11,11
sub-0208_P2,12,12
sub-0208_P2,13,13
sub-0208_P2,14,14
sub-0208_P2,15,15
sub-0208_P2,16,16
sub-0208_P2,17,17
sub-0208_P2,18,18
sub-0208_P2,19,19
sub-0208_P2,20,20
sub-0208_P2,21,21
sub-0208_P2,22,22
sub-0208_P2,23,23
sub-0208_P2,24,24
sub-0208_P2,25,25
sub-0208_P2,26,26
sub-0208_P2,27,142
sub-0208_P2,28,28
sub-0208_P2,29,29
sub-0208_P2,30,30
sub-0208_P2,31,31
sub-0208_P2,32,32
sub-0208_P2,33,33
sub-0208_P2,34,34
sub-0208_P2,35,35
sub-0208_P2,36,36
sub-0208_P2,37,37
sub-0208_P2,38,38
sub-0208_P2,39,39
sub-0208_P2,40,40
sub-0208_P2,41,41
sub-0208_P2,42,42
sub-0208_P2,43,43
sub-0208_P2,44,44
sub-0208_P2,45,45
sub-0208_P2,46,46
sub-0208_P2,47,47
sub-0208_P2,48,48
sub-0208_P2,49,49
sub-0208_P2,50,50
sub-0208_P2,51,51
sub-0208_P2,52,53
sub-0208_P2,53,53
sub-0208_P2,54,54
sub-0208_P2,55,55
sub-0208_P2,56,56
sub-0208_P2,57,57
sub-0208_P2,58,58
sub-0208_P2,59,59
sub-0208_P2,60,60
sub-0208_P2,61,61
sub-0208_P2,62,62
sub-0208_P2,63,215
sub-0208_P2,64,64
sub-0208_P2,65,65
sub-0208_P2,66,217
sub-0208_P2,67,67
sub-0208_P2,68,68
sub-0208_P2,69,69
sub-0208_P2,70,61
sub-0208_P2,71,71
sub-0208_P2,72,72
sub-0208_P2,73,73
sub-0208_P2,74,74
sub-0208_P2,75,75
sub-0208_P2,76,76
sub-0208_P2,77,77
sub-0208_P2,78,78
sub-0208_P2,79,79
sub-0208_P2,80,80
sub-0208_P2,81,81
sub-0208_P2,82,82
sub-0208_P2,83,83
sub-0208_P2,84,84
sub-0208_P2,85,85
sub-0208_P2,86,86
sub-0208_P2,87,87
sub-0208_P2,88,88
sub-0208_P2,89,89
sub-0208_P2,90,90
sub-0208_P2,91,91
sub-0208_P2,92,92
sub-0208_P2,93,93
sub-0208_P2,94,94
sub-0208_P2,95,95
sub-0208_P2,96,195
sub-0208_P2,97,97
sub-0208_P2,98,98
sub-0208_P2,99,99
sub-0208_P2,100,100
sub-0208_P2,101,101
sub-0208_P2,102,102
sub-0208_P2,103,103
sub-0208_P2,104,104
sub-0208_P2,105,105
sub-0208_P2,106,106
sub-0208_P2,107,107
sub-0208_P2,108,108
sub-0208_P2,109,109
sub-0208_P2,110,110
sub-0208_P2,111,111
sub-0208_P2,112,112
sub-0208_P2,113,113
sub-0208_P2,114,114
sub-0208_P2,115,115
sub-0208_P2,116,116
sub-0208_P2,117,117
sub-0208_P2,118,118
sub-0208_P2,119,119
sub-0208_P2,120,120
sub-0208_P2,121,121
sub-0208_P2,122,122
sub-0208_P2,123,40
sub-0208_P2,124,124
sub-0208_P2,125,125
sub-0208_P2,126,126
sub-0208_P2,127,127
sub-0208_P2,128,128
sub-0208_P2,129,129
sub-0208_P2,130,130
sub-0208_P2,131,131
sub-0208_P2,132,132
sub-0208_P2,133,133
sub-0208_P2,134,134
sub-0208_P2,135,135
sub-0208_P2,136,136
sub-0208_P2,137,137
sub-0208_P2,138,138
sub-0208_P2,139,139
sub-0208_P2,140,140
sub-0208_P2,141,141
sub-0208_P2,142,142
sub-0208_P2,143,143
sub-0208_P2,144,144
sub-0208_P2,145,145
sub-0208_P2,146,146
sub-0208_P2,147,147
sub-0208_P2,148,148
sub-0208_P2,149,149
sub-0208_P2,150,150
sub-0208_P2,151,151
sub-0208_P2,152,152
sub-0208_P2,153,153
sub-0208_P2,154,154
sub-0208_P2,155,155
sub-0208_P2,156,156
sub-0208_P2,157,157
sub-0208_P2,158,158
sub-0208_P2,159,159
sub-0208_P2,160,160
sub-0208_P2,161,161
sub-0208_P2,162,162
sub-0208_P2,163,163
sub-0208_P2,164,164
sub-0208_P2,165,165
sub-0208_P2,166,166
sub-0208_P2,167,167
sub-0208_P2,168,168
sub-0208_P2,169,169
sub-0208_P2,170,170
sub-0208_P2,171,171
sub-0208_P2,172,172
sub-0208_P2,173,173
sub-0208_P2,174,174
sub-0208_P2,175,175
sub-0208_P2,176,176
sub-0208_P2,177,177
sub-0208_P2,178,178
sub-0208_P2,179,179
sub-0208_P2,180,180
sub-0208_P2,181,181
sub-0208_P2,182,182
sub-0208_P2,183,183
sub-0208_P2,184,184
sub-0208_P2,185,185
sub-0208_P2,186,186
sub-0208_P2,187,187
sub-0208_P2,188,188
sub-0208_P2,189,189
sub-0208_P2,190,190
sub-0208_P2,191,191
sub-0208_P2,192,192
sub-0208_P2,193,193
sub-0208_P2,194,194
sub-0208_P2,195,195
sub-0208_P2,196,196
sub-0208_P2,197,197
sub-0208_P2,198,198
sub-0208_P2,199,199
sub-0208_P2,200,200
sub-0208_P2,201,201
sub-0208_P2,202,202
sub-0208_P2,203,203
sub-0208_P2,204,204
sub-0208_P2,205,205
sub-0208_P2,206,210
sub-0208_P2,207,207
sub-0208_P2,208,208
sub-0208_P2,209,224
sub-0208_P2,210,210
sub-0208_P2,211,211
sub-0208_P2,212,212
sub-0208_P2,213,213
sub-0208_P2,214,214
sub-0208_P2,215,215
sub-0208_P2,216,216
sub-0208_P2,217,217
sub-0208_P2,218,218
sub-0208_P2,219,202
sub-0208_P2,220,220
sub-0208_P2,221,221
sub-0208_P2,222,222
sub-0208_P2,223,223
sub-0208_P2,224,224
sub-0208_P2,225,225
sub-0208_P2,226,226
sub-0208_P2,227,227
sub-0208_P2,228,228
sub-0208_P2,229,229
sub-0208_P2,230,230
sub-0208_P2,231,231
sub-0209_P2,0,0
sub-0209_P2,1,1
sub-0209_P2,2,2
sub-0209_P2,3,3
sub-0209_P2,4,4
sub-0209_P2,5,5
sub-0209_P2,6,6
sub-0209_P2,7,7
sub-0209_P2,8,8
sub-0209_P2,9,9
sub-0209_P2,10,10
sub-0209_P2,11,11
sub-0209_P2,12,12
sub-0209_P2,13,13
sub-0209_P2,14,14
sub-0209_P2,15,15
sub-0209_P2,16,16
sub-0209_P2,17,17
sub-0209_P2,18,18
sub-0209_P2,19,19
sub-0209_P2,20,20
sub-0209_P2,21,21
sub-0209_P2,22,22
sub-0209_P2,23,23
sub-0209_P2,24,24
sub-0209_P2,25,25
sub-0209_P2,26,26
sub-0209_P2,27,27
sub-0209_P2,28,28
sub-0209_P2,29,29
sub-0209_P2,30,30
sub-0209_P2,31,31
sub-0209_P2,32,32
sub-0209_P2,33,33
sub-0209_P2,34,34
sub-0209_P2,35,35
sub-0209_P2,36,36
sub-0209_P2,37,37
sub-0209_P2,38,38
sub-0209_P2,39,39
sub-0209_P2,40,40
sub-0209_P2,41,41
sub-0209_P2,42,42
sub-0209_P2,43,43
sub-0209_P2,44,44
sub-0209_P2,45,45
sub-0209_P2,46,46
sub-0209_P2,47,47
sub-0209_P2,48,48
sub-0209_P2,49,49
sub-0209_P2,50,92
sub-0209_P2,51,51
sub-0209_P2,52,52
sub-0209_P2,53,53
sub-0209_P2,54,218
sub-0209_P2,55,55
sub-0209_P2,56,59
sub-0209_P2,57,57
sub-0209_P2,58,58
sub-0209_P2,59,59
sub-0209_P2,60,60
sub-0209_P2,61,61
sub-0209_P2,62,62
sub-0209_P2,63,63
sub-0209_P2,64,64
sub-0209_P2,65,65
sub-0209_P2,66,66
sub-0209_P2,67,67
sub-0209_P2,68,68
sub-0209_P2,69,69
sub-0209_P2,70,70
sub-0209_P2,71,71
sub-0209_P2,72,72
sub-0209_P2,73,73
sub-0209_P2,74,74
sub-0209_P2,75,75
sub-0209_P2,76,76
sub-0209_P2,77,77
sub-0209_P2,78,78
sub-0209_P2,79,79
sub-0209_P2,80,80
sub-0209_P2,81,81
sub-0209_P2,82,82
sub-0209_P2,83,83
sub-0209_P2,84,84
sub-0209_P2,85,85
sub-0209_P2,86,86
sub-0209_P2,87,87
sub-0209_P2,88,88
sub-0209_P2,89,89
sub-0209_P2,90,90
sub-0209_P2,91,91
sub-0209_P2,92,92
sub-0209_P2,93,93
sub-0209_P2,94,94
sub-0209_P2,95,95
sub-0209_P2,96,96
sub-0209_P2,97,97
sub-0209_P2,98,98
sub-0209_P2,99,99
sub-0209_P2,100,100
sub-0209_P2,101,204
sub-0209_P2,102,102
sub-0209_P2,103,103
sub-0209_P2,104,104
sub-0209_P2,105,105
sub-0209_P2,106,106
sub-0209_P2,107,107
sub-0209_P2,108,108
sub-0209_P2,109,109
sub-0209_P2,110,110
sub-0209_P2,111,111
sub-0209_P2,112,112
sub-0209_P2,113,113
sub-0209_P2,114,114
sub-0209_P2,115,115
sub-0209_P2,116,116
sub-0209_P2,117,117
sub-0209_P2,118,118
sub-0209_P2,119,119
sub-0209_P2,120,120
sub-0209_P2,121,121
sub-0209_P2,122,122
sub-0209_P2,123,123
sub-0209_P2,124,124
sub-0209_P2,125,125
sub-0209_P2,126,126
sub-0209_P2,127,127
sub-0209_P2,128,128
sub-0209_P2,129,129
sub-0209_P2,130,130
sub-0209_P2,131,131
sub-0209_P2,132,132
sub-0209_P2,133,133
sub-0209_P2,134,134
sub-0209_P2,135,135
sub-0209_P2,136,136
sub-0209_P2,137,137
sub-0209_P2,138,138
sub-0209_P2,139,139
sub-0209_P2,140,140
sub-0209_P2,141,141
sub-0209_P2,142,142
sub-0209_P2,143,143
sub-0209_P2,144,144
sub-0209_P2,145,145
sub-0209_P2,146,146
sub-0209_P2,147,147
sub-0209_P2,148,148
sub-0209_P2,149,149
sub-0209_P2,150,150
sub-0209_P2,151,151
sub-0209_P2,152,152
sub-0209_P2,153,153
sub-0209_P2,154,154
sub-0209_P2,155,155
sub-0209_P2,156,156
sub-0209_P2,157,157
sub-0209_P2,158,158
sub-0209_P2,159,159
sub-0209_P2,160,160
sub-0209_P2,161,83
sub-0209_P2,162,202
sub-0209_P2,163,163
sub-0209_P2,164,164
sub-0209_P2,165,165
sub-0209_P2,166,166
sub-0209_P2,167,167
sub-0209_P2,168,168
sub-0209_P2,169,169
sub-0209_P2,170,170
sub-0209_P2,171,171
sub-0209_P2,172,172
sub-0209_P2,173,173
sub-0209_P2,174,174
sub-0209_P2,175,175
sub-0209_P2,176,176
sub-0209_P2,177,177
sub-0209_P2,178,178
sub-0209_P2,179,179
sub-0209_P2,180,180
sub-0209_P2,181,181
sub-0209_P2,182,182
sub-0209_P2,183,183
sub-0209_P2,184,184
sub-0209_P2,185,185
sub-0209_P2,186,186
sub-0209_P2,187,187
sub-0209_P2,188,80
sub-0209_P2,189,189
sub-0209_P2,190,54
sub-0209_P2,191,191
sub-0209_P2,192,192
sub-0209_P2,193,193
sub-0209_P2,194,194
sub-0209_P2,195,195
sub-0209_P2,196,196
sub-0209_P2,197,197
sub-0209_P2,198,198
sub-0209_P2,199,199
sub-0209_P2,200,200
sub-0209_P2,201,201
sub-0209_P2,202,219
sub-0209_P2,203,203
sub-0209_P2,204,204
sub-0209_P2,205,205
sub-0209_P2,206,206
sub-0209_P2,207,207
sub-0209_P2,208,208
sub-0209_P2,209,209
sub-0209_P2,210,210
sub-0209_P2,211,211
sub-0209_P2,212,212
sub-0209_P2,213,213
sub-0209_P2,214,214
sub-0209_P2,215,215
sub-0209_P2,216,216
sub-0209_P2,217,200
sub-0209_P2,218,218
sub-0209_P2,219,219
sub-0209_P2,220,147
sub-0209_P2,221,221
sub-0209_P2,222,222
sub-0209_P2,223,223
sub-0209_P2,224,225
sub-0209_P2,225,225
sub-0209_P2,226,208
sub-0209_P2,227,227
sub-0209_P2,228,228
sub-0209_P2,229,229
sub-0209_P2,230,230
sub-0209_P2,231,231
sub-0210_P2,0,0
sub-0210_P2,1,1
sub-0210_P2,2,2
sub-0210_P2,3,3
sub-0210_P2,4,4
sub-0210_P2,5,5
sub-0210_P2,6,6
sub-0210_P2,7,7
sub-0210_P2,8,8
sub-0210_P2,9,9
sub-0210_P2,10,10
sub-0210_P2,11,11
sub-0210_P2,12,12
sub-0210_P2,13,13
sub-0210_P2,14,14
sub-0210_P2,15,15
sub-0210_P2,16,16
sub-0210_P2,17,17
sub-0210_P2,18,18
sub-0210_P2,19,19
sub-0210_P2,20,20
sub-0210_P2,21,21
sub-0210_P2,22,22
sub-0210_P2,23,23
sub-0210_P2,24,24
sub-0210_P2,25,25
sub-0210_P2,26,26
sub-0210_P2,27,27
sub-0210_P2,28,28
sub-0210_P2,29,29
sub-0210_P2,30,30
sub-0210_P2,31,31
sub-0210_P2,32,32
sub-0210_P2,33,33
sub-0210_P2,34,34
sub-0210_P2,35,35
sub-0210_P2,36,36
sub-0210_P2,37,37
sub-0210_P2,38,38
sub-0210_P2,39,39
sub-0210_P2,40,40
sub-0210_P2,41,41
sub-0210_P2,42,42
sub-0210_P2,43,43
sub-0210_P2,44,44
sub-0210_P2,45,45
sub-0210_P2,46,46
sub-0210_P2,47,47
sub-0210_P2,48,48
sub-0210_P2,49,49
sub-0210_P2,50,50
sub-0210_P2,51,51
sub-0210_P2,52,52
sub-0210_P2,53,53
sub-0210_P2,54,54
sub-0210_P2,55,55
sub-0210_P2,56,56
sub-0210_P2,57,57
sub-0210_P2,58,58
sub-0210_P2,59,59
sub-0210_P2,60,60
sub-0210_P2,61,61
sub-0210_P2,62,62
sub-0210_P2,63,63
sub-0210_P2,64,64
sub-0210_P2,65,65
sub-0210_P2,66,90
sub-0210_P2,67,67
sub-0210_P2,68,68
sub-0210_P2,69,69
sub-0210_P2,70,70
sub-0210_P2,71,71
sub-0210_P2,72,72
sub-0210_P2,73,73
sub-0210_P2,74,74
sub-0210_P2,75,75
sub-0210_P2,76,76
sub-0210_P2,77,77
sub-0210_P2,78,78
sub-0210_P2,79,79
sub-0210_P2,80,80
sub-0210_P2,81,81
sub-0210_P2,82,82
sub-0210_P2,83,83
sub-0210_P2,84,84
sub-0210_P2,85,85
sub-0210_P2,86,86
sub-0210_P2,87,87
sub-0210_P2,88,88
sub-0210_P2,89,89
sub-0210_P2,90,90
sub-0210_P2,91,90
sub-0210_P2,92,51
sub-0210_P2,93,93
sub-0210_P2,94,94
sub-0210_P2,95,95
sub-0210_P2,96,96
sub-0210_P2,97,97
sub-0210_P2,98,98
sub-0210_P2,99,99
sub-0210_P2,100,100
sub-0210_P2,101,101
sub-0210_P2,102,102
sub-0210_P2,103,103
sub-0210_P2,104,104
sub-0210_P2,105,105
sub-0210_P2,106,106
sub-0210_P2,107,107
sub-0210_P2,108,108
sub-0210_P2,109,109
sub-0210_P2,110,110
sub-0210_P2,111,111
sub-0210_P2,112,112
sub-0210_P2,113,113
sub-0210_P2,114,114
sub-0210_P2,115,115
sub-0210_P2,116,116
sub-0210_P2,117,117
sub-0210_P2,118,118
sub-0210_P2,119,114
sub-0210_P2,120,120
sub-0210_P2,121,121
sub-0210_P2,122,122
sub-0210_P2,123,123
sub-0210_P2,124,124
sub-0210_P2,125,125
sub-0210_P2,126,126
sub-0210_P2,127,127
sub-0210_P2,128,128
sub-0210_P2,129,129
sub-0210_P2,130,130
sub-0210_P2,131,131
sub-0210_P2,132,132
sub-0210_P2,133,133
sub-0210_P2,134,134
sub-0210_P2,135,135
sub-0210_P2,136,136
sub-0210_P2,137,137
sub-0210_P2,138,138
sub-0210_P2,139,139
sub-0210_P2,140,142
sub-0210_P2,141,141
sub-0210_P2,142,142
sub-0210_P2,143,143
sub-0210_P2,144,144
sub-0210_P2,145,145
sub-0210_P2,146,146
sub-0210_P2,147,147
sub-0210_P2,148,148
sub-0210_P2,149,149
sub-0210_P2,150,150
sub-0210_P2,151,151
sub-0210_P2,152,152
sub-0210_P2,153,63
sub-0210_P2,154,154
sub-0210_P2,155,155
sub-0210_P2,156,156
sub-0210_P2,157,157
sub-0210_P2,158,158
sub-0210_P2,159,159
sub-0210_P2,160,160
sub-0210_P2,161,161
sub-0210_P2,162,162
sub-0210_P2,163,163
sub-0210_P2,164,164
sub-0210_P2,165,156
sub-0210_P2,166,166
sub-0210_P2,167,167
sub-0210_P2,168,168
sub-0210_P2,169,169
sub-0210_P2,170,170
sub-0210_P2,171,171
sub-0210_P2,172,172
sub-0210_P2,173,173
sub-0210_P2,174,174
sub-0210_P2,175,175
sub-0210_P2,176,176
sub-0210_P2,177,153
sub-0210_P2,178,178
sub-0210_P2,179,179
sub-0210_P2,180,180
sub-0210_P2,181,181
sub-0210_P2,182,182
sub-0210_P2,183,183
sub-0210_P2,184,184
sub-0210_P2,185,185
sub-0210_P2,186,186
sub-0210_P2,187,187
sub-0210_P2,188,188
sub-0210_P2,189,189
sub-0210_P2,190,190
sub-0210_P2,191,191
sub-0210_P2,192,192
sub-0210_P2,193,193
sub-0210_P2,194,194
sub-0210_P2,195,195
sub-0210_P2,196,196
sub-0210_P2,197,197
sub-0210_P2,198,198
sub-0210_P2,199,199
sub-0210_P2,200,200
sub-0210_P2,201,201
sub-0210_P2,202,202
sub-0210_P2,203,203
sub-0210_P2,204,227
sub-0210_P2,205,205
sub-0210_P2,206,206
sub-0210_P2,207,207
sub-0210_P2,208,208
sub-0210_P2,209,209
sub-0210_P2,210,201
sub-0210_P2,211,210
sub-0210_P2,212,212
sub-0210_P2,213,213
sub-0210_P2,214,214
sub-0210_P2,215,215
sub-0210_P2,216,216
sub-0210_P2,217,217
sub-0210_P2,218,218
sub-0210_P2,219,219
sub-0210_P2,220,220
sub-0210_P2,221,221
sub-0210_P2,222,222
sub-0210_P2,223,116
sub-0210_P2,224,224
sub-0210_P2,225,225
sub-0210_P2,226,226
sub-0210_P2,227,227
sub-0210_P2,228,228
sub-0210_P2,229,229
sub-0210_P2,230,230
sub-0210_P2,231,231
sub-0211_P2,0,0
sub-0211_P2,1,1
sub-0211_P2,2,2
sub-0211_P2,3,3
sub-0211_P2,4,4
sub-0211_P2,5,5
sub-0211_P2,6,6
sub-0211_P2,7,7
sub-0211_P2,8,8
sub-0211_P2,9,9
sub-0211_P2,10,10
sub-0211_P2,11,11
sub-0211_P2,12,12
sub-0211_P2,13,13
sub-0211_P2,14,14
sub-0211_P2,15,15
sub-0211_P2,16,16
sub-0211_P2,17,17
sub-0211_P2,18,18
sub-0211_P2,19,19
sub-0211_P2,20,20
sub-0211_P2,21,21
sub-0211_P2,22,22
sub-0211_P2,23,23
sub-0211_P2,24,24
sub-0211_P2,25,25
sub-0211_P2,26,26
sub-0211_P2,27,227
sub-0211_P2,28,28
sub-0211_P2,29,29
sub-0211_P2,30,30
sub-0211_P2,31,31
sub-0211_P2,32,32
sub-0211_P2,33,33
sub-0211_P2,34,34
sub-0211_P2,35,35
sub-0211_P2,36,36
sub-0211_P2,37,37
sub-0211_P2,38,38
sub-0211_P2,39,39
sub-0211_P2,40,40
sub-0211_P2,41,41
sub-0211_P2,42,42
sub-0211_P2,43,43
sub-0211_P2,44,44
sub-0211_P2,45,45
sub-0211_P2,46,46
sub-0211_P2,47,47
sub-0211_P2,48,48
sub-0211_P2,49,49
sub-0211_P2,50,50
sub-0211_P2,51,51
sub-0211_P2,52,52
sub-0211_P2,53,201
sub-0211_P2,54,54
sub-0211_P2,55,55
sub-0211_P2,56,56
sub-0211_P2,57,57
sub-0211_P2,58,58
sub-0211_P2,59,59
sub-0211_P2,60,60
sub-0211_P2,61,61
sub-0211_P2,62,62
sub-0211_P2,63,63
sub-0211_P2,64,64
sub-0211_P2,65,65
sub-0211_P2,66,66
sub-0211_P2,67,67
sub-0211_P2,68,68
sub-0211_P2,69,69
sub-0211_P2,70,70
sub-0211_P2,71,71
sub-0211_P2,72,72
sub-0211_P2,73,73
sub-0211_P2,74,74
sub-0211_P2,75,83
sub-0211_P2,76,76
sub-0211_P2,77,77
sub-0211_P2,78,78
sub-0211_P2,79,79
sub-0211_P2,80,80
sub-0211_P2,81,81
sub-0211_P2,82,82
sub-0211_P2,83,83
sub-0211_P2,84,84
sub-0211_P2,85,85
sub-0211_P2,86,86
sub-0211_P2,87,87
sub-0211_P2,88,88
sub-0211_P2,89,89
sub-0211_P2,90,90
sub-0211_P2,91,91
sub-0211_P2,92,92
sub-0211_P2,93,93
sub-0211_P2,94,94
sub-0211_P2,95,95
sub-0211_P2,96,96
sub-0211_P2,97,97
sub-0211_P2,98,98
sub-0211_P2,99,99
sub-0211_P2,100,100
sub-0211_P2,101,101
sub-0211_P2,102,102
sub-0211_P2,103,103
sub-0211_P2,104,104
sub-0211_P2,105,105
sub-0211_P2,106,106
sub-0211_P2,107,107
sub-0211_P2,108,108
sub-0211_P2,109,109
sub-0211_P2,110,110
sub-0211_P2,111,111
sub-0211_P2,112,112
sub-0211_P2,113,113
sub-0211_P2,114,114
sub-0211_P2,115,115
sub-0211_P2,116,116
sub-0211_P2,117,117
sub-0211_P2,118,118
sub-0211_P2,119,114
sub-0211_P2,120,120
sub-0211_P2,121,121
sub-0211_P2,122,122
sub-0211_P2,123,123
sub-0211_P2,124,124
sub-0211_P2,125,125
sub-0211_P2,126,126
sub-0211_P2,127,127
sub-0211_P2,128,128
sub-0211_P2,129,129
sub-0211_P2,130,130
sub-0211_P2,131,203
sub-0211_P2,132,132
sub-0211_P2,133,133
sub-0211_P2,134,134
sub-0211_P2,135,135
sub-0211_P2,136,136
sub-0211_P2,137,137
sub-0211_P2,138,138
sub-0211_P2,139,139
sub-0211_P2,140,140
sub-0211_P2,141,141
sub-0211_P2,142,151
sub-0211_P2,143,143
sub-0211_P2,144,144
sub-0211_P2,145,145
sub-0211_P2,146,146
sub-0211_P2,147,114
sub-0211_P2,148,171
sub-0211_P2,149,149
sub-0211_P2,150,150
sub-0211_P2,151,151
sub-0211_P2,152,152
sub-0211_P2,153,153
sub-0211_P2,154,154
sub-0211_P2,155,155
sub-0211_P2,156,156
sub-0211_P2,157,157
sub-0211_P2,158,158
sub-0211_P2,159,159
sub-0211_P2,160,160
sub-0211_P2,161,161
sub-0211_P2,162,162
sub-0211_P2,163,163
sub-0211_P2,164,164
sub-0211_P2,165,165
sub-0211_P2,166,166
sub-0211_P2,167,167
sub-0211_P2,168,168
sub-0211_P2,169,169
sub-0211_P2,170,170
sub-0211_P2,171,171
sub-0211_P2,172,172
sub-0211_P2,173,173
sub-0211_P2,174,174
sub-0211_P2,175,175
sub-0211_P2,176,176
sub-0211_P2,177,177
sub-0211_P2,178,178
sub-0211_P2,179,179
sub-0211_P2,180,180
sub-0211_P2,181,181
sub-0211_P2,182,182
sub-0211_P2,183,183
sub-0211_P2,184,184
sub-0211_P2,185,185
sub-0211_P2,186,186
sub-0211_P2,187,160
sub-0211_P2,188,188
sub-0211_P2,189,189
sub-0211_P2,190,190
sub-0211_P2,191,191
sub-0211_P2,192,192
sub-0211_P2,193,193
sub-0211_P2,194,194
sub-0211_P2,195,195
sub-0211_P2,196,196
sub-0211_P2,197,197
sub-0211_P2,198,198
sub-0211_P2,199,199
sub-0211_P2,200,200
sub-0211_P2,201,201
sub-0211_P2,202,202
sub-0211_P2,203,203
sub-0211_P2,204,204
sub-0211_P2,205,220
sub-0211_P2,206,206
sub-0211_P2,207,207
sub-0211_P2,208,208
sub-0211_P2,209,209
sub-0211_P2,210,210
sub-0211_P2,211,211
sub-0211_P2,212,212
sub-0211_P2,213,213
sub-0211_P2,214,225
sub-0211_P2,215,215
sub-0211_P2,216,216
sub-0211_P2,217,220
sub-0211_P2,218,218
sub-0211_P2,219,219
sub-0211_P2,220,220
sub-0211_P2,221,221
sub-0211_P2,222,222
sub-0211_P2,223,223
sub-0211_P2,224,224
sub-0211_P2,225,225
sub-0211_P2,226,226
sub-0211_P2,227,227
sub-0211_P2,228,228
sub-0211_P2,229,229
sub-0211_P2,230,230
sub-0211_P2,231,231
sub-0212_P2,0,0
sub-0212_P2,1,1
sub-0212_P2,2,2
sub-0212_P2,3,3
sub-0212_P2,4,4
sub-0212_P2,5,5
sub-0212_P2,6,6
sub-0212_P2,7,7
sub-0212_P2,8,8
sub-0212_P2,9,9
sub-0212_P2,10,10
sub-0212_P2,11,11
sub-0212_P2,12,12
sub-0212_P2,13,13
sub-0212_P2,14,14
sub-0212_P2,15,15
sub-0212_P2,16,16
sub-0212_P2,17,17
sub-0212_P2,18,18
sub-0212_P2,19,19
sub-0212_P2,20,20
sub-0212_P2,21,21
sub-0212_P2,22,22
sub-0212_P2,23,23
sub-0212_P2,24,24
sub-0212_P2,25,25
sub-0212_P2,26,26
sub-0212_P2,27,27
sub-0212_P2,28,28
sub-0212_P2,29,29
sub-0212_P2,30,30
sub-0212_P2,31,31
sub-0212_P2,32,32
sub-0212_P2,33,33
sub-0212_P2,34,34
sub-0212_P2,35,35
sub-0212_P2,36,36
sub-0212_P2,37,37
sub-0212_P2,38,33
sub-0212_P2,39,39
sub-0212_P2,40,40
sub-0212_P2,41,41
sub-0212_P2,42,42
sub-0212_P2,43,43
sub-0212_P2,44,44
sub-0212_P2,45,45
sub-0212_P2,46,46
sub-0212_P2,47,47
sub-0212_P2,48,48
sub-0212_P2,49,49
sub-0212_P2,50,50
sub-0212_P2,51,51
sub-0212_P2,52,227
sub-0212_P2,53,53
sub-0212_P2,54,218
sub-0212_P2,55,196
sub-0212_P2,56,56
sub-0212_P2,57,57
sub-0212_P2,58,58
sub-0212_P2,59,59
sub-0212_P2,60,60
sub-0212_P2,61,61
sub-0212_P2,62,62
sub-0212_P2,63,63
sub-0212_P2,64,64
sub-0212_P2,65,65
sub-0212_P2,66,66
sub-0212_P2,67,67
sub-0212_P2,68,68
sub-0212_P2,69,69
sub-0212_P2,70,70
sub-0212_P2,71,71
sub-0212_P2,72,72
sub-0212_P2,73,73
sub-0212_P2,74,74
sub-0212_P2,75,75
sub-0212_P2,76,76
sub-0212_P2,77,77
sub-0212_P2,78,78
sub-0212_P2,79,79
sub-0212_P2,80,80
sub-0212_P2,81,81
sub-0212_P2,82,82
sub-0212_P2,83,83
sub-0212_P2,84,84
sub-0212_P2,85,85
sub-0212_P2,86,86
sub-0212_P2,87,87
sub-0212_P2,88,88
sub-0212_P2,89,89
sub-0212_P2,90,90
sub-0212_P2,91,91
sub-0212_P2,92,92
sub-0212_P2,93,93
sub-0212_P2,94,94
sub-0212_P2,95,95
sub-0212_P2,96,96
sub-0212_P2,97,97
sub-0212_P2,98,98
sub-0212_P2,99,53
sub-0212_P2,100,100
sub-0212_P2,101,101
sub-0212_P2,102,102
sub-0212_P2,103,227
sub-0212_P2,104,135
sub-0212_P2,105,105
sub-0212_P2,106,106
sub-0212_P2,107,107
sub-0212_P2,108,108
sub-0212_P2,109,10
sub-0212_P2,110,110
sub-0212_P2,111,111
sub-0212_P2,112,112
sub-0212_P2,113,113
sub-0212_P2,114,114
sub-0212_P2,115,115
sub-0212_P2,116,116
sub-0212_P2,117,117
sub-0212_P2,118,118
sub-0212_P2,119,119
sub-0212_P2,120,120
sub-0212_P2,121,121
sub-0212_P2,122,122
sub-0212_P2,123,123
sub-0212_P2,124,124
sub-0212_P2,125,125
sub-0212_P2,126,126
sub-0212_P2,127,127
sub-0212_P2,128,128
sub-0212_P2,129,129
sub-0212_P2,130,130
sub-0212_P2,131,99
sub-0212_P2,132,132
sub-0212_P2,133,133
sub-0212_P2,134,134
sub-0212_P2,135,135
sub-0212_P2,136,136
sub-0212_P2,137,137
sub-0212_P2,138,138
sub-0212_P2,139,139
sub-0212_P2,140,140
sub-0212_P2,141,141
sub-0212_P2,142,142
sub-0212_P2,143,143
sub-0212_P2,144,144
sub-0212_P2,145,145
sub-0212_P2,146,146
sub-0212_P2,147,147
sub-0212_P2,148,148
sub-0212_P2,149,149
sub-0212_P2,150,150
sub-0212_P2,151,151
sub-0212_P2,152,152
sub-0212_P2,153,153
sub-0212_P2,154,154
sub-0212_P2,155,155
sub-0212_P2,156,156
sub-0212_P2,157,157
sub-0212_P2,158,158
sub-0212_P2,159,159
sub-0212_P2,160,160
sub-0212_P2,161,161
sub-0212_P2,162,162
sub-0212_P2,163,163
sub-0212_P2,164,164
sub-0212_P2,165,165
sub-0212_P2,166,166
sub-0212_P2,167,167
sub-0212_P2,168,168
sub-0212_P2,169,169
sub-0212_P2,170,170
sub-0212_P2,171,171
sub-0212_P2,172,172
sub-0212_P2,173,173
sub-0212_P2,174,174
sub-0212_P2,175,175
sub-0212_P2,176,176
sub-0212_P2,177,177
sub-0212_P2,178,178
sub-0212_P2,179,179
sub-0212_P2,180,180
sub-0212_P2,181,181
sub-0212_P2,182,182
sub-0212_P2,183,183
sub-0212_P2,184,184
sub-0212_P2,185,185
sub-0212_P2,186,186
sub-0212_P2,187,187
sub-0212_P2,188,188
sub-0212_P2,189,189
sub-0212_P2,190,190
sub-0212_P2,191,191
sub-0212_P2,192,192
sub-0212_P2,193,193
sub-0212_P2,194,194
sub-0212_P2,195,195
sub-0212_P2,196,196
sub-0212_P2,197,197
sub-0212_P2,198,198
sub-0212_P2,199,199
sub-0212_P2,200,200
sub-0212_P2,201,201
sub-0212_P2,202,202
sub-0212_P2,203,203
sub-0212_P2,204,204
sub-0212_P2,205,218
sub-0212_P2,206,206
sub-0212_P2,207,207
sub-0212_P2,208,208
sub-0212_P2,209,209
sub-0212_P2,210,210
sub-0212_P2,211,211
sub-0212_P2,212,212
sub-0212_P2,213,213
sub-0212_P2,214,214
sub-0212_P2,215,215
sub-0212_P2,216,216
sub-0212_P2,217,217
sub-0212_P2,218,218
sub-0212_P2,219,219
sub-0212_P2,220,220
sub-0212_P2,221,221
sub-0212_P2,222,222
sub-0212_P2,223,223
sub-0212_P2,224,224
sub-0212_P2,225,225
sub-0212_P2,226,211
sub-0212_P2,227,227
sub-0212_P2,228,228
sub-0212_P2,229,229
sub-0212_P2,230,230
sub-0212_P2,231,231
sub-0213_P2,0,0
sub-0213_P2,1,1
sub-0213_P2,2,2
sub-0213_P2,3,3
sub-0213_P2,4,4
sub-0213_P2,5,5
sub-0213_P2,6,6
sub-0213_P2,7,7
sub-0213_P2,8,8
sub-0213_P2,9,9
sub-0213_P2,10,10
sub-0213_P2,11,11
sub-0213_P2,12,12
sub-0213_P2,13,161
sub-0213_P2,14,14
sub-0213_P2,15,15
sub-0213_P2,16,16
sub-0213_P2,17,17
sub-0213_P2,18,18
sub-0213_P2,19,19
sub-0213_P2,20,20
sub-0213_P2,21,21
sub-0213_P2,22,22
sub-0213_P2,23,23
sub-0213_P2,24,24
sub-0213_P2,25,25
sub-0213_P2,26,26
sub-0213_P2,27,27
sub-0213_P2,28,28
sub-0213_P2,29,29
sub-0213_P2,30,30
sub-0213_P2,31,31
sub-0213_P2,32,32
sub-0213_P2,33,33
sub-0213_P2,34,34
sub-0213_P2,35,35
sub-0213_P2,36,36
sub-0213_P2,37,37
sub-0213_P2,38,38
sub-0213_P2,39,39
sub-0213_P2,40,40
sub-0213_P2,41,41
sub-0213_P2,42,42
sub-0213_P2,43,43
sub-0213_P2,44,44
sub-0213_P2,45,45
sub-0213_P2,46,46
sub-0213_P2,47,47
sub-0213_P2,48,48
sub-0213_P2,49,49
sub-0213_P2,50,50
sub-0213_P2,51,51
sub-0213_P2,52,52
sub-0213_P2,53,53
sub-0213_P2,54,52
sub-0213_P2,55,55
sub-0213_P2,56,56
sub-0213_P2,57,57
sub-0213_P2,58,58
sub-0213_P2,59,59
sub-0213_P2,60,60
sub-0213_P2,61,61
sub-0213_P2,62,62
sub-0213_P2,63,63
sub-0213_P2,64,64
sub-0213_P2,65,65
sub-0213_P2,66,66
sub-0213_P2,67,67
sub-0213_P2,68,64
sub-0213_P2,69,69
sub-0213_P2,70,187
sub-0213_P2,71,71
sub-0213_P2,72,72
sub-0213_P2,73,73
sub-0213_P2,74,74
sub-0213_P2,75,75
sub-0213_P2,76,76
sub-0213_P2,77,180
sub-0213_P2,78,78
sub-0213_P2,79,79
sub-0213_P2,80,80
sub-0213_P2,81,187
sub-0213_P2,82,82
sub-0213_P2,83,83
sub-0213_P2,84,84
sub-0213_P2,85,85
sub-0213_P2,86,86
sub-0213_P2,87,87
sub-0213_P2,88,88
sub-0213_P2,89,89
sub-0213_P2,90,90
sub-0213_P2,91,91
sub-0213_P2,92,226
sub-0213_P2,93,93
sub-0213_P2,94,94
sub-0213_P2,95,95
sub-0213_P2,96,96
sub-0213_P2,97,97
sub-0213_P2,98,98
sub-0213_P2,99,99
sub-0213_P2,100,33
sub-0213_P2,101,101
sub-0213_P2,102,102
sub-0213_P2,103,103
sub-0213_P2,104,104
sub-0213_P2,105,105
sub-0213_P2,106,106
sub-0213_P2,107,107
sub-0213_P2,108,108
sub-0213_P2,109,109
sub-0213_P2,110,110
sub-0213_P2,111,111
sub-0213_P2,112,140
sub-0213_P2,113,113
sub-0213_P2,114,114
sub-0213_P2,115,115
sub-0213_P2,116,116
sub-0213_P2,117,117
sub-0213_P2,118,118
sub-0213_P2,119,119
sub-0213_P2,120,120
sub-0213_P2,121,121
sub-0213_P2,122,122
sub-0213_P2,123,123
sub-0213_P2,124,124
sub-0213_P2,125,125
sub-0213_P2,126,126
sub-0213_P2,127,127
sub-0213_P2,128,128
sub-0213_P2,129,129
sub-0213_P2,130,130
sub-0213_P2,131,131
sub-0213_P2,132,132
sub-0213_P2,133,133
sub-0213_P2,134,134
sub-0213_P2,135,135
sub-0213_P2,136,136
sub-0213_P2,137,201
sub-0213_P2,138,138
sub-0213_P2,139,139
sub-0213_P2,140,142
sub-0213_P2,141,141
sub-0213_P2,142,142
sub-0213_P2,143,143
sub-0213_P2,144,144
sub-0213_P2,145,145
sub-0213_P2,146,146
sub-0213_P2,147,147
sub-0213_P2,148,148
sub-0213_P2,149,149
sub-0213_P2,150,150
sub-0213_P2,151,151
sub-0213_P2,152,152
sub-0213_P2,153,153
sub-0213_P2,154,154
sub-0213_P2,155,155
sub-0213_P2,156,156
sub-0213_P2,157,157
sub-0213_P2,158,158
sub-0213_P2,159,159
sub-0213_P2,160,160
sub-0213_P2,161,161
sub-0213_P2,162,162
sub-0213_P2,163,163
sub-0213_P2,164,164
sub-0213_P2,165,165
sub-0213_P2,166,166
sub-0213_P2,167,167
sub-0213_P2,168,168
sub-0213_P2,169,169
sub-0213_P2,170,82
sub-0213_P2,171,83
sub-0213_P2,172,172
sub-0213_P2,173,173
sub-0213_P2,174,165
sub-0213_P2,175,175
sub-0213_P2,176,176
sub-0213_P2,177,74
sub-0213_P2,178,178
sub-0213_P2,179,179
sub-0213_P2,180,180
sub-0213_P2,181,181
sub-0213_P2,182,182
sub-0213_P2,183,183
sub-0213_P2,184,184
sub-0213_P2,185,185
sub-0213_P2,186,186
sub-0213_P2,187,187
sub-0213_P2,188,188
sub-0213_P2,189,189
sub-0213_P2,190,190
sub-0213_P2,191,191
sub-0213_P2,192,192
sub-0213_P2,193,193
sub-0213_P2,194,194
sub-0213_P2,195,195
sub-0213_P2,196,196
sub-0213_P2,197,197
sub-0213_P2,198,198
sub-0213_P2,199,199
sub-0213_P2,200,200
sub-0213_P2,201,201
sub-0213_P2,202,202
sub-0213_P2,203,203
sub-0213_P2,204,204
sub-0213_P2,205,205
sub-0213_P2,206,206
sub-0213_P2,207,207
sub-0213_P2,208,208
sub-0213_P2,209,209
sub-0213_P2,210,227
sub-0213_P2,211,211
sub-0213_P2,212,212
sub-0213_P2,213,213
sub-0213_P2,214,214
sub-0213_P2,215,215
sub-0213_P2,216,216
sub-0213_P2,217,217
sub-0213_P2,218,218
sub-0213_P2,219,219
sub-0213_P2,220,220
sub-0213_P2,221,229
sub-0213_P2,222,222
sub-0213_P2,223,213
sub-0213_P2,224,224
sub-0213_P2,225,225
sub-0213_P2,226,226
sub-0213_P2,227,227
sub-0213_P2,228,228
sub-0213_P2,229,229
sub-0213_P2,230,230
sub-0213_P2,231,231
sub-0214_P2,0,0
sub-0214_P2,1,1
sub-0214_P2,2,2
sub-0214_P2,3,3
sub-0214_P2,4,4
sub-0214_P2,5,5
sub-0214_P2,6,111
sub-0214_P2,7,7
sub-0214_P2,8,8
sub-0214_P2,9,9
sub-0214_P2,10,10
sub-0214_P2,11,11
sub-0214_P2,12,12
sub-0214_P2,13,13
sub-0214_P2,14,14
sub-0214_P2,15,15
sub-0214_P2,16,16
sub-0214_P2,17,17
sub-0214_P2,18,18
sub-0214_P2,19,19
sub-0214_P2,20,20
sub-0214_P2,21,21
sub-0214_P2,22,22
sub-0214_P2,23,23
sub-0214_P2,24,24
sub-0214_P2,25,25
sub-0214_P2,26,26
sub-0214_P2,27,27
sub-0214_P2,28,28
sub-0214_P2,29,29
sub-0214_P2,30,30
sub-0214_P2,31,31
sub-0214_P2,32,32
sub-0214_P2,33,33
sub-0214_P2,34,34
sub-0214_P2,35,220
sub-0214_P2,36,36
sub-0214_P2,37,37
sub-0214_P2,38,38
sub-0214_P2,39,39
sub-0214_P2,40,40
sub-0214_P2,41,41
sub-0214_P2,42,42
sub-0214_P2,43,43
sub-0214_P2,44,44
sub-0214_P2,45,45
sub-0214_P2,46,46
sub-0214_P2,47,47
sub-0214_P2,48,48
sub-0214_P2,49,49
sub-0214_P2,50,50
sub-0214_P2,51,51
sub-0214_P2,52,54
sub-0214_P2,53,53
sub-0214_P2,54,54
sub-0214_P2,55,55
sub-0214_P2,56,56
sub-0214_P2,57,57
sub-0214_P2,58,58
sub-0214_P2,59,59
sub-0214_P2,60,60
sub-0214_P2,61,61
sub-0214_P2,62,62
sub-0214_P2,63,63
sub-0214_P2,64,64
sub-0214_P2,65,65
sub-0214_P2,66,66
sub-0214_P2,67,67
sub-0214_P2,68,68
sub-0214_P2,69,69
sub-0214_P2,70,70
sub-0214_P2,71,71
sub-0214_P2,72,72
sub-0214_P2,73,73
sub-0214_P2,74,74
sub-0214_P2,75,75
sub-0214_P2,76,76
sub-0214_P2,77,77
sub-0214_P2,78,78
sub-0214_P2,79,79
sub-0214_P2,80,80
sub-0214_P2,81,81
sub-0214_P2,82,82
sub-0214_P2,83,83
sub-0214_P2,84,84
sub-0214_P2,85,85
sub-0214_P2,86,86
sub-0214_P2,87,87
sub-0214_P2,88,88
sub-0214_P2,89,62
sub-0214_P2,90,90
sub-0214_P2,91,93
sub-0214_P2,92,92
sub-0214_P2,93,62
sub-0214_P2,94,94
sub-0214_P2,95,95
sub-0214_P2,96,96
sub-0214_P2,97,97
sub-0214_P2,98,98
sub-0214_P2,99,99
sub-0214_P2,100,100
sub-0214_P2,101,101
sub-0214_P2,102,102
sub-0214_P2,103,0
sub-0214_P2,104,104
sub-0214_P2,105,105
sub-0214_P2,106,106
sub-0214_P2,107,109
sub-0214_P2,108,108
sub-0214_P2,109,109
sub-0214_P2,110,110
sub-0214_P2,111,111
sub-0214_P2,112,112
sub-0214_P2,113,113
sub-0214_P2,114,114
sub-0214_P2,115,115
sub-0214_P2,116,116
sub-0214_P2,117,117
sub-0214_P2,118,118
sub-0214_P2,119,119
sub-0214_P2,120,120
sub-0214_P2,121,121
sub-0214_P2,122,122
sub-0214_P2,123,123
sub-0214_P2,124,124
sub-0214_P2,125,125
sub-0214_P2,126,126
sub-0214_P2,127,127
sub-0214_P2,128,128
sub-0214_P2,129,129
sub-0214_P2,130,130
sub-0214_P2,131,131
sub-0214_P2,132,132
sub-0214_P2,133,133
sub-0214_P2,134,134
sub-0214_P2,135,135
sub-0214_P2,136,136
sub-0214_P2,137,137
sub-0214_P2,138,138
sub-0214_P2,139,139
sub-0214_P2,140,140
sub-0214_P2,141,141
sub-0214_P2,142,142
sub-0214_P2,143,143
sub-0214_P2,144,144
sub-0214_P2,145,145
sub-0214_P2,146,146
sub-0214_P2,147,147
sub-0214_P2,148,148
sub-0214_P2,149,149
sub-0214_P2,150,150
sub-0214_P2,151,151
sub-0214_P2,152,152
sub-0214_P2,153,153
sub-0214_P2,154,154
sub-0214_P2,155,187
sub-0214_P2,156,187
sub-0214_P2,157,157
sub-0214_P2,158,158
sub-0214_P2,159,159
sub-0214_P2,160,160
sub-0214_P2,161,161
sub-0214_P2,162,162
sub-0214_P2,163,163
sub-0214_P2,164,164
sub-0214_P2,165,165
sub-0214_P2,166,166
sub-0214_P2,167,167
sub-0214_P2,168,168
sub-0214_P2,169,169
sub-0214_P2,170,170
sub-0214_P2,171,171
sub-0214_P2,172,172
sub-0214_P2,173,173
sub-0214_P2,174,174
sub-0214_P2,175,175
sub-0214_P2,176,176
sub-0214_P2,177,177
sub-0214_P2,178,178
sub-0214_P2,179,179
sub-0214_P2,180,180
sub-0214_P2,181,181
sub-0214_P2,182,182
sub-0214_P2,183,183
sub-0214_P2,184,184
sub-0214_P2,185,185
sub-0214_P2,186,186
sub-0214_P2,187,187
sub-0214_P2,188,188
sub-0214_P2,189,189
sub-0214_P2,190,190
sub-0214_P2,191,191
sub-0214_P2,192,192
sub-0214_P2,193,193
sub-0214_P2,194,194
sub-0214_P2,195,195
sub-0214_P2,196,196
sub-0214_P2,197,197
sub-0214_P2,198,198
sub-0214_P2,199,199
sub-0214_P2,200,200
sub-0214_P2,201,201
sub-0214_P2,202,202
sub-0214_P2,203,203
sub-0214_P2,204,162
sub-0214_P2,205,205
sub-0214_P2,206,206
sub-0214_P2,207,207
sub-0214_P2,208,208
sub-0214_P2,209,208
sub-0214_P2,210,210
sub-0214_P2,211,211
sub-0214_P2,212,212
sub-0214_P2,213,213
sub-0214_P2,214,214
sub-0214_P2,215,215
sub-0214_P2,216,216
sub-0214_P2,217,217
sub-0214_P2,218,218
sub-0214_P2,219,219
sub-0214_P2,220,220
sub-0214_P2,221,221
sub-0214_P2,222,222
sub-0214_P2,223,223
sub-0214_P2,224,224
sub-0214_P2,225,225
sub-0214_P2,226,226
sub-0214_P2,227,227
sub-0214_P2,228,228
sub-0214_P2,229,229
sub-0214_P2,230,230
sub-0214_P2,231,231
sub-0215_P2,0,0
sub-0215_P2,1,1
sub-0215_P2,2,2
sub-0215_P2,3,3
sub-0215_P2,4,4
sub-0215_P2,5,5
sub-0215_P2,6,6
sub-0215_P2,7,7
sub-0215_P2,8,8
sub-0215_P2,9,9
sub-0215_P2,10,10
sub-0215_P2,11,11
sub-0215_P2,12,12
sub-0215_P2,13,13
sub-0215_P2,14,14
sub-0215_P2,15,15
sub-0215_P2,16,16
sub-0215_P2,17,17
sub-0215_P2,18,18
sub-0215_P2,19,19
sub-0215_P2,20,20
sub-0215_P2,21,21
sub-0215_P2,22,22
sub-0215_P2,23,23
sub-0215_P2,24,24
sub-0215_P2,25,25
sub-0215_P2,26,26
sub-0215_P2,27,27
sub-0215_P2,28,28
sub-0215_P2,29,29
sub-0215_P2,30,30
sub-0215_P2,31,31
sub-0215_P2,32,32
sub-0215_P2,33,33
sub-0215_P2,34,34
sub-0215_P2,35,35
sub-0215_P2,36,36
sub-0215_P2,37,17
sub-0215_P2,38,38
sub-0215_P2,39,39
sub-0215_P2,40,40
sub-0215_P2,41,41
sub-0215_P2,42,42
sub-0215_P2,43,43
sub-0215_P2,44,44
sub-0215_P2,45,45
sub-0215_P2,46,46
sub-0215_P2,47,47
sub-0215_P2,48,48
sub-0215_P2,49,49
sub-0215_P2,50,50
sub-0215_P2,51,51
sub-0215_P2,52,202
sub-0215_P2,53,219
sub-0215_P2,54,50
sub-0215_P2,55,55
sub-0215_P2,56,56
sub-0215_P2,57,57
sub-0215_P2,58,58
sub-0215_P2,59,59
sub-0215_P2,60,60
sub-0215_P2,61,61
sub-0215_P2,62,62
sub-0215_P2,63,63
sub-0215_P2,64,64
sub-0215_P2,65,65
sub-0215_P2,66,66
sub-0215_P2,67,67
sub-0215_P2,68,68
sub-0215_P2,69,69
sub-0215_P2,70,70
sub-0215_P2,71,71
sub-0215_P2,72,72
sub-0215_P2,73,73
sub-0215_P2,74,74
sub-0215_P2,75,75
sub-0215_P2,76,76
sub-0215_P2,77,77
sub-0215_P2,78,78
sub-0215_P2,79,79
sub-0215_P2,80,80
sub-0215_P2,81,81
sub-0215_P2,82,82
sub-0215_P2,83,83
sub-0215_P2,84,84
sub-0215_P2,85,68
sub-0215_P2,86,86
sub-0215_P2,87,87
sub-0215_P2,88,88
sub-0215_P2,89,89
sub-0215_P2,90,90
sub-0215_P2,91,91
sub-0215_P2,92,83
sub-0215_P2,93,93
sub-0215_P2,94,94
sub-0215_P2,95,95
sub-0215_P2,96,96
sub-0215_P2,97,97
sub-0215_P2,98,24
sub-0215_P2,99,99
sub-0215_P2,100,100
sub-0215_P2,101,101
sub-0215_P2,102,2
sub-0215_P2,103,103
sub-0215_P2,104,104
sub-0215_P2,105,105
sub-0215_P2,106,106
sub-0215_P2,107,107
sub-0215_P2,108,108
sub-0215_P2,109,109
sub-0215_P2,110,110
sub-0215_P2,111,111
sub-0215_P2,112,112
sub-0215_P2,113,113
sub-0215_P2,114,114
sub-0215_P2,115,115
sub-0215_P2,116,116
sub-0215_P2,117,117
sub-0215_P2,118,125
sub-0215_P2,119,119
sub-0215_P2,120,120
sub-0215_P2,121,121
sub-0215_P2,122,125
sub-0215_P2,123,123
sub-0215_P2,124,124
sub-0215_P2,125,125
sub-0215_P2,126,126
sub-0215_P2,127,127
sub-0215_P2,128,128
sub-0215_P2,129,129
sub-0215_P2,130,130
sub-0215_P2,131,131
sub-0215_P2,132,132
sub-0215_P2,133,133
sub-0215_P2,134,134
sub-0215_P2,135,135
sub-0215_P2,136,136
sub-0215_P2,137,137
sub-0215_P2,138,138
sub-0215_P2,139,139
sub-0215_P2,140,140
sub-0215_P2,141,141
sub-0215_P2,142,142
sub-0215_P2,143,55
sub-0215_P2,144,144
sub-0215_P2,145,145
sub-0215_P2,146,146
sub-0215_P2,147,147
sub-0215_P2,148,148
sub-0215_P2,149,149
sub-0215_P2,150,150
sub-0215_P2,151,151
sub-0215_P2,152,152
sub-0215_P2,153,153
sub-0215_P2,154,154
sub-0215_P2,155,155
sub-0215_P2,156,156
sub-0215_P2,157,157
sub-0215_P2,158,158
sub-0215_P2,159,159
sub-0215_P2,160,160
sub-0215_P2,161,161
sub-0215_P2,162,162
sub-0215_P2,163,163
sub-0215_P2,164,164
sub-0215_P2,165,165
sub-0215_P2,166,166
sub-0215_P2,167,167
sub-0215_P2,168,168
sub-0215_P2,169,169
sub-0215_P2,170,170
sub-0215_P2,171,171
sub-0215_P2,172,172
sub-0215_P2,173,173
sub-0215_P2,174,174
sub-0215_P2,175,175
sub-0215_P2,176,176
sub-0215_P2,177,177
sub-0215_P2,178,178
sub-0215_P2,179,179
sub-0215_P2,180,180
sub-0215_P2,181,181
sub-0215_P2,182,182
sub-0215_P2,183,183
sub-0215_P2,184,184
sub-0215_P2,185,185
sub-0215_P2,186,186
sub-0215_P2,187,187
sub-0215_P2,188,188
sub-0215_P2,189,189
sub-0215_P2,190,190
sub-0215_P2,191,191
sub-0215_P2,192,192
sub-0215_P2,193,193
sub-0215_P2,194,194
sub-0215_P2,195,195
sub-0215_P2,196,196
sub-0215_P2,197,197
sub-0215_P2,198,198
sub-0215_P2,199,199
sub-0215_P2,200,200
sub-0215_P2,201,54
sub-0215_P2,202,202
sub-0215_P2,203,203
sub-0215_P2,204,204
sub-0215_P2,205,205
sub-0215_P2,206,206
sub-0215_P2,207,207
sub-0215_P2,208,208
sub-0215_P2,209,209
sub-0215_P2,210,211
sub-0215_P2,211,211
sub-0215_P2,212,212
sub-0215_P2,213,213
sub-0215_P2,214,214
sub-0215_P2,215,215
sub-0215_P2,216,216
sub-0215_P2,217,217
sub-0215_P2,218,218
sub-0215_P2,219,219
sub-0215_P2,220,220
sub-0215_P2,221,221
sub-0215_P2,222,222
sub-0215_P2,223,223
sub-0215_P2,224,224
sub-0215_P2,225,225
sub-0215_P2,226,211
sub-0215_P2,227,226
sub-0215_P2,228,228
sub-0215_P2,229,212
sub-0215_P2,230,230
sub-0215_P2,231,231
sub-0216_P2,0,0
sub-0216_P2,1,1
sub-0216_P2,2,2
sub-0216_P2,3,3
sub-0216_P2,4,4
sub-0216_P2,5,5
sub-0216_P2,6,6
sub-0216_P2,7,7
sub-0216_P2,8,8
sub-0216_P2,9,9
sub-0216_P2,10,10
sub-0216_P2,11,11
sub-0216_P2,12,12
sub-0216_P2,13,13
sub-0216_P2,14,14
sub-0216_P2,15,15
sub-0216_P2,16,16
sub-0216_P2,17,17
sub-0216_P2,18,18
sub-0216_P2,19,19
sub-0216_P2,20,20
sub-0216_P2,21,21
sub-0216_P2,22,22
sub-0216_P2,23,23
sub-0216_P2,24,199
sub-0216_P2,25,25
sub-0216_P2,26,26
sub-0216_P2,27,128
sub-0216_P2,28,28
sub-0216_P2,29,29
sub-0216_P2,30,30
sub-0216_P2,31,31
sub-0216_P2,32,32
sub-0216_P2,33,33
sub-0216_P2,34,34
sub-0216_P2,35,35
sub-0216_P2,36,36
sub-0216_P2,37,37
sub-0216_P2,38,99
sub-0216_P2,39,39
sub-0216_P2,40,40
sub-0216_P2,41,41
sub-0216_P2,42,42
sub-0216_P2,43,43
sub-0216_P2,44,44
sub-0216_P2,45,45
sub-0216_P2,46,46
sub-0216_P2,47,47
sub-0216_P2,48,48
sub-0216_P2,49,49
sub-0216_P2,50,50
sub-0216_P2,51,51
sub-0216_P2,52,52
sub-0216_P2,53,53
sub-0216_P2,54,52
sub-0216_P2,55,55
sub-0216_P2,56,56
sub-0216_P2,57,57
sub-0216_P2,58,58
sub-0216_P2,59,59
sub-0216_P2,60,60
sub-0216_P2,61,61
sub-0216_P2,62,62
sub-0216_P2,63,63
sub-0216_P2,64,64
sub-0216_P2,65,187
sub-0216_P2,66,66
sub-0216_P2,67,67
sub-0216_P2,68,68
sub-0216_P2,69,69
sub-0216_P2,70,70
sub-0216_P2,71,71
sub-0216_P2,72,72
sub-0216_P2,73,73
sub-0216_P2,74,74
sub-0216_P2,75,75
sub-0216_P2,76,76
sub-0216_P2,77,77
sub-0216_P2,78,78
sub-0216_P2,79,79
sub-0216_P2,80,80
sub-0216_P2,81,81
sub-0216_P2,82,82
sub-0216_P2,83,83
sub-0216_P2,84,84
sub-0216_P2,85,85
sub-0216_P2,86,86
sub-0216_P2,87,87
sub-0216_P2,88,88
sub-0216_P2,89,89
sub-0216_P2,90,90
sub-0216_P2,91,91
sub-0216_P2,92,92
sub-0216_P2,93,93
sub-0216_P2,94,94
sub-0216_P2,95,95
sub-0216_P2,96,96
sub-0216_P2,97,97
sub-0216_P2,98,98
sub-0216_P2,99,99
sub-0216_P2,100,100
sub-0216_P2,101,101
sub-0216_P2,102,102
sub-0216_P2,103,103
sub-0216_P2,104,104
sub-0216_P2,105,105
sub-0216_P2,106,106
sub-0216_P2,107,107
sub-0216_P2,108,108
sub-0216_P2,109,8
sub-0216_P2,110,110
sub-0216_P2,111,111
sub-0216_P2,112,112
sub-0216_P2,113,113
sub-0216_P2,114,114
sub-0216_P2,115,115
sub-0216_P2,116,116
sub-0216_P2,117,117
sub-0216_P2,118,118
sub-0216_P2,119,119
sub-0216_P2,120,120
sub-0216_P2,121,121
sub-0216_P2,122,122
sub-0216_P2,123,123
sub-0216_P2,124,124
sub-0216_P2,125,125
sub-0216_P2,126,126
sub-0216_P2,127,127
sub-0216_P2,128,128
sub-0216_P2,129,129
sub-0216_P2,130,130
sub-0216_P2,131,131
sub-0216_P2,132,132
sub-0216_P2,133,133
sub-0216_P2,134,134
sub-0216_P2,135,135
sub-0216_P2,136,136
sub-0216_P2,137,137
sub-0216_P2,138,138
sub-0216_P2,139,139
sub-0216_P2,140,140
sub-0216_P2,141,141
sub-0216_P2,142,142
sub-0216_P2,143,143
sub-0216_P2,144,144
sub-0216_P2,145,145
sub-0216_P2,146,146
sub-0216_P2,147,147
sub-0216_P2,148,148
sub-0216_P2,149,149
sub-0216_P2,150,150
sub-0216_P2,151,151
sub-0216_P2,152,152
sub-0216_P2,153,187
sub-0216_P2,154,154
sub-0216_P2,155,155
sub-0216_P2,156,156
sub-0216_P2,157,157
sub-0216_P2,158,158
sub-0216_P2,159,159
sub-0216_P2,160,160
sub-0216_P2,161,160
sub-0216_P2,162,204
sub-0216_P2,163,163
sub-0216_P2,164,164
sub-0216_P2,165,165
sub-0216_P2,166,166
sub-0216_P2,167,167
sub-0216_P2,168,168
sub-0216_P2,169,169
sub-0216_P2,170,170
sub-0216_P2,171,140
sub-0216_P2,172,172
sub-0216_P2,173,173
sub-0216_P2,174,174
sub-0216_P2,175,175
sub-0216_P2,176,176
sub-0216_P2,177,177
sub-0216_P2,178,178
sub-0216_P2,179,179
sub-0216_P2,180,180
sub-0216_P2,181,181
sub-0216_P2,182,182
sub-0216_P2,183,183
sub-0216_P2,184,184
sub-0216_P2,185,185
sub-0216_P2,186,186
sub-0216_P2,187,187
sub-0216_P2,188,188
sub-0216_P2,189,189
sub-0216_P2,190,190
sub-0216_P2,191,191
sub-0216_P2,192,192
sub-0216_P2,193,193
sub-0216_P2,194,194
sub-0216_P2,195,195
sub-0216_P2,196,198
sub-0216_P2,197,197
sub-0216_P2,198,198
sub-0216_P2,199,199
sub-0216_P2,200,200
sub-0216_P2,201,201
sub-0216_P2,202,53
sub-0216_P2,203,203
sub-0216_P2,204,204
sub-0216_P2,205,205
sub-0216_P2,206,221
sub-0216_P2,207,207
sub-0216_P2,208,208
sub-0216_P2,209,209
sub-0216_P2,210,210
sub-0216_P2,211,226
sub-0216_P2,212,212
sub-0216_P2,213,213
sub-0216_P2,214,214
sub-0216_P2,215,215
sub-0216_P2,216,216
sub-0216_P2,217,217
sub-0216_P2,218,8
sub-0216_P2,219,219
sub-0216_P2,220,220
sub-0216_P2,221,221
sub-0216_P2,222,222
sub-0216_P2,223,223
sub-0216_P2,224,208
sub-0216_P2,225,225
sub-0216_P2,226,210
sub-0216_P2,227,227
sub-0216_P2,228,228
sub-0216_P2,229,229
sub-0216_P2,230,230
sub-0216_P2,231,231
sub-0217_P2,0,0
sub-0217_P2,1,1
sub-0217_P2,2,8
sub-0217_P2,3,3
sub-0217_P2,4,4
sub-0217_P2,5,5
sub-0217_P2,6,6
sub-0217_P2,7,7
sub-0217_P2,8,8
sub-0217_P2,9,9
sub-0217_P2,10,10
sub-0217_P2,11,11
sub-0217_P2,12,227
sub-0217_P2,13,13
sub-0217_P2,14,14
sub-0217_P2,15,15
sub-0217_P2,16,16
sub-0217_P2,17,17
sub-0217_P2,18,18
sub-0217_P2,19,19
sub-0217_P2,20,20
sub-0217_P2,21,21
sub-0217_P2,22,22
sub-0217_P2,23,23
sub-0217_P2,24,24
sub-0217_P2,25,25
sub-0217_P2,26,26
sub-0217_P2,27,27
sub-0217_P2,28,28
sub-0217_P2,29,29
sub-0217_P2,30,30
sub-0217_P2,31,31
sub-0217_P2,32,32
sub-0217_P2,33,33
sub-0217_P2,34,34
sub-0217_P2,35,35
sub-0217_P2,36,116
sub-0217_P2,37,14
sub-0217_P2,38,38
sub-0217_P2,39,39
sub-0217_P2,40,40
sub-0217_P2,41,41
sub-0217_P2,42,42
sub-0217_P2,43,43
sub-0217_P2,44,44
sub-0217_P2,45,45
sub-0217_P2,46,46
sub-0217_P2,47,47
sub-0217_P2,48,48
sub-0217_P2,49,49
sub-0217_P2,50,50
sub-0217_P2,51,51
sub-0217_P2,52,52
sub-0217_P2,53,53
sub-0217_P2,54,54
sub-0217_P2,55,55
sub-0217_P2,56,56
sub-0217_P2,57,57
sub-0217_P2,58,58
sub-0217_P2,59,59
sub-0217_P2,60,92
sub-0217_P2,61,61
sub-0217_P2,62,62
sub-0217_P2,63,63
sub-0217_P2,64,64
sub-0217_P2,65,65
sub-0217_P2,66,66
sub-0217_P2,67,86
sub-0217_P2,68,68
sub-0217_P2,69,69
sub-0217_P2,70,70
sub-0217_P2,71,71
sub-0217_P2,72,72
sub-0217_P2,73,73
sub-0217_P2,74,74
sub-0217_P2,75,75
sub-0217_P2,76,76
sub-0217_P2,77,77
sub-0217_P2,78,78
sub-0217_P2,79,79
sub-0217_P2,80,80
sub-0217_P2,81,81
sub-0217_P2,82,82
sub-0217_P2,83,83
sub-0217_P2,84,84
sub-0217_P2,85,85
sub-0217_P2,86,86
sub-0217_P2,87,87
sub-0217_P2,88,88
sub-0217_P2,89,89
sub-0217_P2,90,90
sub-0217_P2,91,91
sub-0217_P2,92,92
sub-0217_P2,93,93
sub-0217_P2,94,94
sub-0217_P2,95,95
sub-0217_P2,96,96
sub-0217_P2,97,97
sub-0217_P2,98,98
sub-0217_P2,99,99
sub-0217_P2,100,100
sub-0217_P2,101,101
sub-0217_P2,102,102
sub-0217_P2,103,103
sub-0217_P2,104,104
sub-0217_P2,105,105
sub-0217_P2,106,106
sub-0217_P2,107,107
sub-0217_P2,108,108
sub-0217_P2,109,109
sub-0217_P2,110,110
sub-0217_P2,111,111
sub-0217_P2,112,112
sub-0217_P2,113,113
sub-0217_P2,114,114
sub-0217_P2,115,13
sub-0217_P2,116,116
sub-0217_P2,117,117
sub-0217_P2,118,118
sub-0217_P2,119,119
sub-0217_P2,120,120
sub-0217_P2,121,121
sub-0217_P2,122,122
sub-0217_P2,123,123
sub-0217_P2,124,197
sub-0217_P2,125,125
sub-0217_P2,126,126
sub-0217_P2,127,127
sub-0217_P2,128,128
sub-0217_P2,129,129
sub-0217_P2,130,130
sub-0217_P2,131,199
sub-0217_P2,132,132
sub-0217_P2,133,133
sub-0217_P2,134,134
sub-0217_P2,135,135
sub-0217_P2,136,136
sub-0217_P2,137,137
sub-0217_P2,138,138
sub-0217_P2,139,210
sub-0217_P2,140,140
sub-0217_P2,141,141
sub-0217_P2,142,142
sub-0217_P2,143,143
sub-0217_P2,144,144
sub-0217_P2,145,145
sub-0217_P2,146,146
sub-0217_P2,147,147
sub-0217_P2,148,148
sub-0217_P2,149,149
sub-0217_P2,150,150
sub-0217_P2,151,151
sub-0217_P2,152,152
sub-0217_P2,153,153
sub-0217_P2,154,154
sub-0217_P2,155,155
sub-0217_P2,156,156
sub-0217_P2,157,157
sub-0217_P2,158,158
sub-0217_P2,159,159
sub-0217_P2,160,160
sub-0217_P2,161,161
sub-0217_P2,162,162
sub-0217_P2,163,163
sub-0217_P2,164,164
sub-0217_P2,165,165
sub-0217_P2,166,166
sub-0217_P2,167,163
sub-0217_P2,168,168
sub-0217_P2,169,169
sub-0217_P2,170,170
sub-0217_P2,171,171
sub-0217_P2,172,172
sub-0217_P2,173,173
sub-0217_P2,174,174
sub-0217_P2,175,175
sub-0217_P2,176,176
sub-0217_P2,177,177
sub-0217_P2,178,178
sub-0217_P2,179,179
sub-0217_P2,180,180
sub-0217_P2,181,181
sub-0217_P2,182,182
sub-0217_P2,183,183
sub-0217_P2,184,184
sub-0217_P2,185,185
sub-0217_P2,186,186
sub-0217_P2,187,187
sub-0217_P2,188,188
sub-0217_P2,189,197
sub-0217_P2,190,190
sub-0217_P2,191,191
sub-0217_P2,192,192
sub-0217_P2,193,193
sub-0217_P2,194,194
sub-0217_P2,195,195
sub-0217_P2,196,196
sub-0217_P2,197,197
sub-0217_P2,198,198
sub-0217_P2,199,199
sub-0217_P2,200,200
sub-0217_P2,201,211
sub-0217_P2,202,162
sub-0217_P2,203,203
sub-0217_P2,204,204
sub-0217_P2,205,205
sub-0217_P2,206,206
sub-0217_P2,207,207
sub-0217_P2,208,208
sub-0217_P2,209,209
sub-0217_P2,210,210
sub-0217_P2,211,211
sub-0217_P2,212,212
sub-0217_P2,213,213
sub-0217_P2,214,214
sub-0217_P2,215,215
sub-0217_P2,216,216
sub-0217_P2,217,217
sub-0217_P2,218,218
sub-0217_P2,219,219
sub-0217_P2,220,220
sub-0217_P2,221,221
sub-0217_P2,222,222
sub-0217_P2,223,223
sub-0217_P2,224,224
sub-0217_P2,225,225
sub-0217_P2,226,226
sub-0217_P2,227,211
sub-0217_P2,228,228
sub-0217_P2,229,229
sub-0217_P2,230,230
sub-0217_P2,231,231
sub-0218_P2,0,0
sub-0218_P2,1,1
sub-0218_P2,2,2
sub-0218_P2,3,3
sub-0218_P2,4,4
sub-0218_P2,5,5
sub-0218_P2,6,6
sub-0218_P2,7,7
sub-0218_P2,8,8
sub-0218_P2,9,9
sub-0218_P2,10,10
sub-0218_P2,11,11
sub-0218_P2,12,12
sub-0218_P2,13,13
sub-0218_P2,14,14
sub-0218_P2,15,15
sub-0218_P2,16,16
sub-0218_P2,17,17
sub-0218_P2,18,18
sub-0218_P2,19,19
sub-0218_P2,20,20
sub-0218_P2,21,21
sub-0218_P2,22,22
sub-0218_P2,23,126
sub-0218_P2,24,24
sub-0218_P2,25,25
sub-0218_P2,26,26
sub-0218_P2,27,12
sub-0218_P2,28,28
sub-0218_P2,29,29
sub-0218_P2,30,30
sub-0218_P2,31,31
sub-0218_P2,32,32
sub-0218_P2,33,33
sub-0218_P2,34,34
sub-0218_P2,35,35
sub-0218_P2,36,36
sub-0218_P2,37,37
sub-0218_P2,38,38
sub-0218_P2,39,39
sub-0218_P2,40,40
sub-0218_P2,41,213
sub-0218_P2,42,213
sub-0218_P2,43,43
sub-0218_P2,44,44
sub-0218_P2,45,45
sub-0218_P2,46,64
sub-0218_P2,47,47
sub-0218_P2,48,48
sub-0218_P2,49,64
sub-0218_P2,50,50
sub-0218_P2,51,51
sub-0218_P2,52,52
sub-0218_P2,53,53
sub-0218_P2,54,54
sub-0218_P2,55,187
sub-0218_P2,56,56
sub-0218_P2,57,169
sub-0218_P2,58,58
sub-0218_P2,59,59
sub-0218_P2,60,60
sub-0218_P2,61,61
sub-0218_P2,62,62
sub-0218_P2,63,63
sub-0218_P2,64,64
sub-0218_P2,65,65
sub-0218_P2,66,66
sub-0218_P2,67,67
sub-0218_P2,68,68
sub-0218_P2,69,69
sub-0218_P2,70,70
sub-0218_P2,71,71
sub-0218_P2,72,72
sub-0218_P2,73,73
sub-0218_P2,74,74
sub-0218_P2,75,75
sub-0218_P2,76,76
sub-0218_P2,77,77
sub-0218_P2,78,78
sub-0218_P2,79,79
sub-0218_P2,80,80
sub-0218_P2,81,81
sub-0218_P2,82,82
sub-0218_P2,83,83
sub-0218_P2,84,84
sub-0218_P2,85,85
sub-0218_P2,86,82
sub-0218_P2,87,87
sub-0218_P2,88,88
sub-0218_P2,89,89
sub-0218_P2,90,90
sub-0218_P2,91,91
sub-0218_P2,92,92
sub-0218_P2,93,93
sub-0218_P2,94,94
sub-0218_P2,95,95
sub-0218_P2,96,96
sub-0218_P2,97,97
sub-0218_P2,98,98
sub-0218_P2,99,99
sub-0218_P2,100,100
sub-0218_P2,101,101
sub-0218_P2,102,102
sub-0218_P2,103,103
sub-0218_P2,104,104
sub-0218_P2,105,105
sub-0218_P2,106,106
sub-0218_P2,107,107
sub-0218_P2,108,108
sub-0218_P2,109,109
sub-0218_P2,110,110
sub-0218_P2,111,111
sub-0218_P2,112,112
sub-0218_P2,113,113
sub-0218_P2,114,114
sub-0218_P2,115,115
sub-0218_P2,116,116
sub-0218_P2,117,117
sub-0218_P2,118,118
sub-0218_P2,119,119
sub-0218_P2,120,120
sub-0218_P2,121,121
sub-0218_P2,122,122
sub-0218_P2,123,22
sub-0218_P2,124,124
sub-0218_P2,125,125
sub-0218_P2,126,126
sub-0218_P2,127,127
sub-0218_P2,128,22
sub-0218_P2,129,129
sub-0218_P2,130,130
sub-0218_P2,131,131
sub-0218_P2,132,132
sub-0218_P2,133,133
sub-0218_P2,134,134
sub-0218_P2,135,135
sub-0218_P2,136,136
sub-0218_P2,137,137
sub-0218_P2,138,138
sub-0218_P2,139,139
sub-0218_P2,140,140
sub-0218_P2,141,141
sub-0218_P2,142,142
sub-0218_P2,143,143
sub-0218_P2,144,144
sub-0218_P2,145,145
sub-0218_P2,146,146
sub-0218_P2,147,147
sub-0218_P2,148,148
sub-0218_P2,149,149
sub-0218_P2,150,64
sub-0218_P2,151,151
sub-0218_P2,152,152
sub-0218_P2,153,153
sub-0218_P2,154,154
sub-0218_P2,155,155
sub-0218_P2,156,156
sub-0218_P2,157,157
sub-0218_P2,158,158
sub-0218_P2,159,159
sub-0218_P2,160,160
sub-0218_P2,161,161
sub-0218_P2,162,92
sub-0218_P2,163,163
sub-0218_P2,164,164
sub-0218_P2,165,165
sub-0218_P2,166,166
sub-0218_P2,167,167
sub-0218_P2,168,169
sub-0218_P2,169,169
sub-0218_P2,170,170
sub-0218_P2,171,171
sub-0218_P2,172,172
sub-0218_P2,173,173
sub-0218_P2,174,174
sub-0218_P2,175,176
sub-0218_P2,176,176
sub-0218_P2,177,177
sub-0218_P2,178,178
sub-0218_P2,179,179
sub-0218_P2,180,180
sub-0218_P2,181,181
sub-0218_P2,182,182
sub-0218_P2,183,183
sub-0218_P2,184,184
sub-0218_P2,185,185
sub-0218_P2,186,186
sub-0218_P2,187,169
sub-0218_P2,188,188
sub-0218_P2,189,189
sub-0218_P2,190,190
sub-0218_P2,191,191
sub-0218_P2,192,192
sub-0218_P2,193,193
sub-0218_P2,194,194
sub-0218_P2,195,195
sub-0218_P2,196,196
sub-0218_P2,197,189
sub-0218_P2,198,198
sub-0218_P2,199,199
sub-0218_P2,200,200
sub-0218_P2,201,201
sub-0218_P2,202,202
sub-0218_P2,203,203
sub-0218_P2,204,204
sub-0218_P2,205,221
sub-0218_P2,206,206
sub-0218_P2,207,205
sub-0218_P2,208,208
sub-0218_P2,209,209
sub-0218_P2,210,211
sub-0218_P2,211,211
sub-0218_P2,212,212
sub-0218_P2,213,213
sub-0218_P2,214,214
sub-0218_P2,215,215
sub-0218_P2,216,216
sub-0218_P2,217,217
sub-0218_P2,218,202
sub-0218_P2,219,219
sub-0218_P2,220,220
sub-0218_P2,221,221
sub-0218_P2,222,222
sub-0218_P2,223,223
sub-0218_P2,224,224
sub-0218_P2,225,225
sub-0218_P2,226,226
sub-0218_P2,227,227
sub-0218_P2,228,228
sub-0218_P2,229,229
sub-0218_P2,230,215
sub-0218_P2,231,231
sub-0219_P2,0,0
sub-0219_P2,1,1
sub-0219_P2,2,2
sub-0219_P2,3,3
sub-0219_P2,4,4
sub-0219_P2,5,5
sub-0219_P2,6,6
sub-0219_P2,7,7
sub-0219_P2,8,8
sub-0219_P2,9,109
sub-0219_P2,10,10
sub-0219_P2,11,11
sub-0219_P2,12,12
sub-0219_P2,13,13
sub-0219_P2,14,14
sub-0219_P2,15,15
sub-0219_P2,16,16
sub-0219_P2,17,17
sub-0219_P2,18,18
sub-0219_P2,19,19
sub-0219_P2,20,20
sub-0219_P2,21,21
sub-0219_P2,22,22
sub-0219_P2,23,23
sub-0219_P2,24,24
sub-0219_P2,25,25
sub-0219_P2,26,26
sub-0219_P2,27,27
sub-0219_P2,28,28
sub-0219_P2,29,29
sub-0219_P2,30,30
sub-0219_P2,31,31
sub-0219_P2,32,32
sub-0219_P2,33,33
sub-0219_P2,34,34
sub-0219_P2,35,35
sub-0219_P2,36,36
sub-0219_P2,37,37
sub-0219_P2,38,38
sub-0219_P2,39,39
sub-0219_P2,40,40
sub-0219_P2,41,41
sub-0219_P2,42,42
sub-0219_P2,43,43
sub-0219_P2,44,44
sub-0219_P2,45,45
sub-0219_P2,46,46
sub-0219_P2,47,47
sub-0219_P2,48,48
sub-0219_P2,49,49
sub-0219_P2,50,208
sub-0219_P2,51,51
sub-0219_P2,52,52
sub-0219_P2,53,53
sub-0219_P2,54,54
sub-0219_P2,55,55
sub-0219_P2,56,56
sub-0219_P2,57,57
sub-0219_P2,58,58
sub-0219_P2,59,59
sub-0219_P2,60,60
sub-0219_P2,61,61
sub-0219_P2,62,62
sub-0219_P2,63,63
sub-0219_P2,64,64
sub-0219_P2,65,65
sub-0219_P2,66,66
sub-0219_P2,67,67
sub-0219_P2,68,68
sub-0219_P2,69,176
sub-0219_P2,70,70
sub-0219_P2,71,71
sub-0219_P2,72,72
sub-0219_P2,73,73
sub-0219_P2,74,74
sub-0219_P2,75,75
sub-0219_P2,76,76
sub-0219_P2,77,77
sub-0219_P2,78,78
sub-0219_P2,79,79
sub-0219_P2,80,80
sub-0219_P2,81,81
sub-0219_P2,82,82
sub-0219_P2,83,83
sub-0219_P2,84,84
sub-0219_P2,85,85
sub-0219_P2,86,86
sub-0219_P2,87,87
sub-0219_P2,88,88
sub-0219_P2,89,89
sub-0219_P2,90,90
sub-0219_P2,91,91
sub-0219_P2,92,92
sub-0219_P2,93,192
sub-0219_P2,94,94
sub-0219_P2,95,95
sub-0219_P2,96,96
sub-0219_P2,97,97
sub-0219_P2,98,98
sub-0219_P2,99,99
sub-0219_P2,100,100
sub-0219_P2,101,101
sub-0219_P2,102,102
sub-0219_P2,103,103
sub-0219_P2,104,104
sub-0219_P2,105,105
sub-0219_P2,106,106
sub-0219_P2,107,107
sub-0219_P2,108,108
sub-0219_P2,109,109
sub-0219_P2,110,211
sub-0219_P2,111,111
sub-0219_P2,112,112
sub-0219_P2,113,113
sub-0219_P2,114,114
sub-0219_P2,115,115
sub-0219_P2,116,99
sub-0219_P2,117,117
sub-0219_P2,118,118
sub-0219_P2,119,119
sub-0219_P2,120,120
sub-0219_P2,121,121
sub-0219_P2,122,122
sub-0219_P2,123,123
sub-0219_P2,124,124
sub-0219_P2,125,125
sub-0219_P2,126,126
sub-0219_P2,127,127
sub-0219_P2,128,128
sub-0219_P2,129,129
sub-0219_P2,130,130
sub-0219_P2,131,131
sub-0219_P2,132,132
sub-0219_P2,133,133
sub-0219_P2,134,171
sub-0219_P2,135,135
sub-0219_P2,136,136
sub-0219_P2,137,137
sub-0219_P2,138,138
sub-0219_P2,139,139
sub-0219_P2,140,140
sub-0219_P2,141,141
sub-0219_P2,142,167
sub-0219_P2,143,143
sub-0219_P2,144,144
sub-0219_P2,145,145
sub-0219_P2,146,146
sub-0219_P2,147,147
sub-0219_P2,148,148
sub-0219_P2,149,149
sub-0219_P2,150,150
sub-0219_P2,151,151
sub-0219_P2,152,152
sub-0219_P2,153,153
sub-0219_P2,154,154
sub-0219_P2,155,153
sub-0219_P2,156,156
sub-0219_P2,157,157
sub-0219_P2,158,158
sub-0219_P2,159,159
sub-0219_P2,160,160
sub-0219_P2,161,161
sub-0219_P2,162,162
sub-0219_P2,163,163
sub-0219_P2,164,164
sub-0219_P2,165,164
sub-0219_P2,166,166
sub-0219_P2,167,167
sub-0219_P2,168,168
sub-0219_P2,169,169
sub-0219_P2,170,170
sub-0219_P2,171,171
sub-0219_P2,172,172
sub-0219_P2,173,173
sub-0219_P2,174,174
sub-0219_P2,175,175
sub-0219_P2,176,176
sub-0219_P2,177,177
sub-0219_P2,178,178
sub-0219_P2,179,179
sub-0219_P2,180,180
sub-0219_P2,181,181
sub-0219_P2,182,182
sub-0219_P2,183,183
sub-0219_P2,184,184
sub-0219_P2,185,185
sub-0219_P2,186,186
sub-0219_P2,187,187
sub-0219_P2,188,188
sub-0219_P2,189,189
sub-0219_P2,190,190
sub-0219_P2,191,191
sub-0219_P2,192,192
sub-0219_P2,193,193
sub-0219_P2,194,194
sub-0219_P2,195,195
sub-0219_P2,196,196
sub-0219_P2,197,197
sub-0219_P2,198,198
sub-0219_P2,199,199
sub-0219_P2,200,200
sub-0219_P2,201,201
sub-0219_P2,202,202
sub-0219_P2,203,203
sub-0219_P2,204,204
sub-0219_P2,205,205
sub-0219_P2,206,206
sub-0219_P2,207,207
sub-0219_P2,208,208
sub-0219_P2,209,209
sub-0219_P2,210,210
sub-0219_P2,211,227
sub-0219_P2,212,212
sub-0219_P2,213,213
sub-0219_P2,214,55
sub-0219_P2,215,215
sub-0219_P2,216,216
sub-0219_P2,217,217
sub-0219_P2,218,202
sub-0219_P2,219,92
sub-0219_P2,220,220
sub-0219_P2,221,221
sub-0219_P2,222,222
sub-0219_P2,223,223
sub-0219_P2,224,224
sub-0219_P2,225,225
sub-0219_P2,226,226
sub-0219_P2,227,227
sub-0219_P2,228,228
sub-0219_P2,229,229
sub-0219_P2,230,215
sub-0219_P2,231,231
sub-0220_P2,0,0
sub-0220_P2,1,1
sub-0220_P2,2,2
sub-0220_P2,3,3
sub-0220_P2,4,4
sub-0220_P2,5,5
sub-0220_P2,6,6
sub-0220_P2,7,7
sub-0220_P2,8,8
sub-0220_P2,9,9
sub-0220_P2,10,10
sub-0220_P2,11,11
sub-0220_P2,12,12
sub-0220_P2,13,13
sub-0220_P2,14,14
sub-0220_P2,15,15
sub-0220_P2,16,16
sub-0220_P2,17,17
sub-0220_P2,18,18
sub-0220_P2,19,19
sub-0220_P2,20,20
sub-0220_P2,21,21
sub-0220_P2,22,22
sub-0220_P2,23,23
sub-0220_P2,24,24
sub-0220_P2,25,25
sub-0220_P2,26,26
sub-0220_P2,27,27
sub-0220_P2,28,28
sub-0220_P2,29,29
sub-0220_P2,30,30
sub-0220_P2,31,1
sub-0220_P2,32,32
sub-0220_P2,33,33
sub-0220_P2,34,34
sub-0220_P2,35,35
sub-0220_P2,36,36
sub-0220_P2,37,37
sub-0220_P2,38,38
sub-0220_P2,39,39
sub-0220_P2,40,40
sub-0220_P2,41,41
sub-0220_P2,42,42
sub-0220_P2,43,43
sub-0220_P2,44,44
sub-0220_P2,45,45
sub-0220_P2,46,46
sub-0220_P2,47,47
sub-0220_P2,48,48
sub-0220_P2,49,49
sub-0220_P2,50,50
sub-0220_P2,51,51
sub-0220_P2,52,52
sub-0220_P2,53,53
sub-0220_P2,54,54
sub-0220_P2,55,226
sub-0220_P2,56,56
sub-0220_P2,57,57
sub-0220_P2,58,58
sub-0220_P2,59,59
sub-0220_P2,60,60
sub-0220_P2,61,61
sub-0220_P2,62,62
sub-0220_P2,63,63
sub-0220_P2,64,64
sub-0220_P2,65,65
sub-0220_P2,66,171
sub-0220_P2,67,67
sub-0220_P2,68,64
sub-0220_P2,69,69
sub-0220_P2,70,70
sub-0220_P2,71,71
sub-0220_P2,72,72
sub-0220_P2,73,73
sub-0220_P2,74,74
sub-0220_P2,75,75
sub-0220_P2,76,76
sub-0220_P2,77,77
sub-0220_P2,78,78
sub-0220_P2,79,79
sub-0220_P2,80,80
sub-0220_P2,81,81
sub-0220_P2,82,82
sub-0220_P2,83,83
sub-0220_P2,84,84
sub-0220_P2,85,85
sub-0220_P2,86,86
sub-0220_P2,87,87
sub-0220_P2,88,88
sub-0220_P2,89,89
sub-0220_P2,90,90
sub-0220_P2,91,91
sub-0220_P2,92,92
sub-0220_P2,93,93
sub-0220_P2,94,94
sub-0220_P2,95,95
sub-0220_P2,96,180
sub-0220_P2,97,97
sub-0220_P2,98,98
sub-0220_P2,99,99
sub-0220_P2,100,100
sub-0220_P2,101,101
sub-0220_P2,102,102
sub-0220_P2,103,103
sub-0220_P2,104,104
sub-0220_P2,105,105
sub-0220_P2,106,106
sub-0220_P2,107,107
sub-0220_P2,108,108
sub-0220_P2,109,109
sub-0220_P2,110,110
sub-0220_P2,111,111
sub-0220_P2,112,112
sub-0220_P2,113,113
sub-0220_P2,114,114
sub-0220_P2,115,115
sub-0220_P2,116,116
sub-0220_P2,117,117
sub-0220_P2,118,118
sub-0220_P2,119,119
sub-0220_P2,120,120
sub-0220_P2,121,121
sub-0220_P2,122,122
sub-0220_P2,123,123
sub-0220_P2,124,124
sub-0220_P2,125,125
sub-0220_P2,126,126
sub-0220_P2,127,127
sub-0220_P2,128,128
sub-0220_P2,129,129
sub-0220_P2,130,130
sub-0220_P2,131,25
sub-0220_P2,132,132
sub-0220_P2,133,133
sub-0220_P2,134,134
sub-0220_P2,135,135
sub-0220_P2,136,136
sub-0220_P2,137,137
sub-0220_P2,138,138
sub-0220_P2,139,139
sub-0220_P2,140,140
sub-0220_P2,141,141
sub-0220_P2,142,142
sub-0220_P2,143,143
sub-0220_P2,144,144
sub-0220_P2,145,145
sub-0220_P2,146,146
sub-0220_P2,147,147
sub-0220_P2,148,148
sub-0220_P2,149,149
sub-0220_P2,150,150
sub-0220_P2,151,151
sub-0220_P2,152,152
sub-0220_P2,153,153
sub-0220_P2,154,199
sub-0220_P2,155,155
sub-0220_P2,156,156
sub-0220_P2,157,157
sub-0220_P2,158,158
sub-0220_P2,159,159
sub-0220_P2,160,160
sub-0220_P2,161,161
sub-0220_P2,162,162
sub-0220_P2,163,163
sub-0220_P2,164,164
sub-0220_P2,165,165
sub-0220_P2,166,166
sub-0220_P2,167,167
sub-0220_P2,168,168
sub-0220_P2,169,169
sub-0220_P2,170,170
sub-0220_P2,171,171
sub-0220_P2,172,172
sub-0220_P2,173,173
sub-0220_P2,174,174
sub-0220_P2,175,175
sub-0220_P2,176,176
sub-0220_P2,177,177
sub-0220_P2,178,178
sub-0220_P2,179,179
sub-0220_P2,180,180
sub-0220_P2,181,181
sub-0220_P2,182,182
sub-0220_P2,183,91
sub-0220_P2,184,184
sub-0220_P2,185,185
sub-0220_P2,186,91
sub-0220_P2,187,187
sub-0220_P2,188,188
sub-0220_P2,189,189
sub-0220_P2,190,190
sub-0220_P2,191,191
sub-0220_P2,192,192
sub-0220_P2,193,193
sub-0220_P2,194,194
sub-0220_P2,195,195
sub-0220_P2,196,196
sub-0220_P2,197,197
sub-0220_P2,198,147
sub-0220_P2,199,199
sub-0220_P2,200,200
sub-0220_P2,201,201
sub-0220_P2,202,202
sub-0220_P2,203,202
sub-0220_P2,204,204
sub-0220_P2,205,205
sub-0220_P2,206,206
sub-0220_P2,207,207
sub-0220_P2,208,208
sub-0220_P2,209,209
sub-0220_P2,210,210
sub-0220_P2,211,211
sub-0220_P2,212,212
sub-0220_P2,213,213
sub-0220_P2,214,214
sub-0220_P2,215,215
sub-0220_P2,216,216
sub-0220_P2,217,217
sub-0220_P2,218,218
sub-0220_P2,219,219
sub-0220_P2,220,223
sub-0220_P2,221,221
sub-0220_P2,222,222
sub-0220_P2,223,223
sub-0220_P2,224,224
sub-0220_P2,225,225
sub-0220_P2,226,226
sub-0220_P2,227,227
sub-0220_P2,228,228
sub-0220_P2,229,229
sub-0220_P2,230,230
sub-0220_P2,231,231
sub-0221_P2,0,0
sub-0221_P2,1,1
sub-0221_P2,2,2
sub-0221_P2,3,3
sub-0221_P2,4,4
sub-0221_P2,5,5
sub-0221_P2,6,6
sub-0221_P2,7,7
sub-0221_P2,8,8
sub-0221_P2,9,9
sub-0221_P2,10,10
sub-0221_P2,11,11
sub-0221_P2,12,12
sub-0221_P2,13,35
sub-0221_P2,14,14
sub-0221_P2,15,15
sub-0221_P2,16,16
sub-0221_P2,17,17
sub-0221_P2,18,18
sub-0221_P2,19,19
sub-0221_P2,20,20
sub-0221_P2,21,21
sub-0221_P2,22,22
sub-0221_P2,23,23
sub-0221_P2,24,24
sub-0221_P2,25,25
sub-0221_P2,26,26
sub-0221_P2,27,27
sub-0221_P2,28,28
sub-0221_P2,29,29
sub-0221_P2,30,30
sub-0221_P2,31,31
sub-0221_P2,32,32
sub-0221_P2,33,33
sub-0221_P2,34,34
sub-0221_P2,35,35
sub-0221_P2,36,36
sub-0221_P2,37,37
sub-0221_P2,38,38
sub-0221_P2,39,39
sub-0221_P2,40,40
sub-0221_P2,41,41
sub-0221_P2,42,42
sub-0221_P2,43,43
sub-0221_P2,44,44
sub-0221_P2,45,45
sub-0221_P2,46,46
sub-0221_P2,47,47
sub-0221_P2,48,48
sub-0221_P2,49,49
sub-0221_P2,50,50
sub-0221_P2,51,51
sub-0221_P2,52,48
sub-0221_P2,53,53
sub-0221_P2,54,52
sub-0221_P2,55,55
sub-0221_P2,56,56
sub-0221_P2,57,57
sub-0221_P2,58,58
sub-0221_P2,59,59
sub-0221_P2,60,60
sub-0221_P2,61,61
sub-0221_P2,62,62
sub-0221_P2,63,63
sub-0221_P2,64,64
sub-0221_P2,65,65
sub-0221_P2,66,66
sub-0221_P2,67,67
sub-0221_P2,68,68
sub-0221_P2,69,69
sub-0221_P2,70,70
sub-0221_P2,71,71
sub-0221_P2,72,72
sub-0221_P2,73,73
sub-0221_P2,74,74
sub-0221_P2,75,75
sub-0221_P2,76,76
sub-0221_P2,77,77
sub-0221_P2,78,78
sub-0221_P2,79,79
sub-0221_P2,80,80
sub-0221_P2,81,81
sub-0221_P2,82,82
sub-0221_P2,83,83
sub-0221_P2,84,84
sub-0221_P2,85,85
sub-0221_P2,86,86
sub-0221_P2,87,87
sub-0221_P2,88,88
sub-0221_P2,89,89
sub-0221_P2,90,90
sub-0221_P2,91,91
sub-0221_P2,92,92
sub-0221_P2,93,93
sub-0221_P2,94,94
sub-0221_P2,95,95
sub-0221_P2,96,96
sub-0221_P2,97,97
sub-0221_P2,98,98
sub-0221_P2,99,86
sub-0221_P2,100,100
sub-0221_P2,101,101
sub-0221_P2,102,102
sub-0221_P2,103,103
sub-0221_P2,104,104
sub-0221_P2,105,105
sub-0221_P2,106,106
sub-0221_P2,107,107
sub-0221_P2,108,108
sub-0221_P2,109,109
sub-0221_P2,110,110
sub-0221_P2,111,111
sub-0221_P2,112,112
sub-0221_P2,113,113
sub-0221_P2,114,114
sub-0221_P2,115,115
sub-0221_P2,116,116
sub-0221_P2,117,117
sub-0221_P2,118,118
sub-0221_P2,119,119
sub-0221_P2,120,120
sub-0221_P2,121,121
sub-0221_P2,122,122
sub-0221_P2,123,123
sub-0221_P2,124,124
sub-0221_P2,125,125
sub-0221_P2,126,126
sub-0221_P2,127,127
sub-0221_P2,128,128
sub-0221_P2,129,129
sub-0221_P2,130,130
sub-0221_P2,131,131
sub-0221_P2,132,132
sub-0221_P2,133,133
sub-0221_P2,134,134
sub-0221_P2,135,135
sub-0221_P2,136,136
sub-0221_P2,137,137
sub-0221_P2,138,138
sub-0221_P2,139,139
sub-0221_P2,140,140
sub-0221_P2,141,141
sub-0221_P2,142,142
sub-0221_P2,143,143
sub-0221_P2,144,144
sub-0221_P2,145,145
sub-0221_P2,146,146
sub-0221_P2,147,147
sub-0221_P2,148,148
sub-0221_P2,149,149
sub-0221_P2,150,150
sub-0221_P2,151,151
sub-0221_P2,152,166
sub-0221_P2,153,153
sub-0221_P2,154,154
sub-0221_P2,155,155
sub-0221_P2,156,156
sub-0221_P2,157,157
sub-0221_P2,158,158
sub-0221_P2,159,159
sub-0221_P2,160,160
sub-0221_P2,161,161
sub-0221_P2,162,162
sub-0221_P2,163,163
sub-0221_P2,164,164
sub-0221_P2,165,165
sub-0221_P2,166,166
sub-0221_P2,167,167
sub-0221_P2,168,168
sub-0221_P2,169,169
sub-0221_P2,170,170
sub-0221_P2,171,171
sub-0221_P2,172,172
sub-0221_P2,173,173
sub-0221_P2,174,174
sub-0221_P2,175,175
sub-0221_P2,176,176
sub-0221_P2,177,177
sub-0221_P2,178,178
sub-0221_P2,179,179
sub-0221_P2,180,180
sub-0221_P2,181,181
sub-0221_P2,182,182
sub-0221_P2,183,183
sub-0221_P2,184,184
sub-0221_P2,185,185
sub-0221_P2,186,186
sub-0221_P2,187,187
sub-0221_P2,188,188
sub-0221_P2,189,189
sub-0221_P2,190,190
sub-0221_P2,191,191
sub-0221_P2,192,192
sub-0221_P2,193,193
sub-0221_P2,194,194
sub-0221_P2,195,195
sub-0221_P2,196,196
sub-0221_P2,197,197
sub-0221_P2,198,189
sub-0221_P2,199,199
sub-0221_P2,200,200
sub-0221_P2,201,201
sub-0221_P2,202,202
sub-0221_P2,203,203
sub-0221_P2,204,204
sub-0221_P2,205,205
sub-0221_P2,206,206
sub-0221_P2,207,207
sub-0221_P2,208,208
sub-0221_P2,209,209
sub-0221_P2,210,210
sub-0221_P2,211,211
sub-0221_P2,212,212
sub-0221_P2,213,213
sub-0221_P2,214,214
sub-0221_P2,215,215
sub-0221_P2,216,216
sub-0221_P2,217,217
sub-0221_P2,218,218
sub-0221_P2,219,219
sub-0221_P2,220,220
sub-0221_P2,221,221
sub-0221_P2,222,222
sub-0221_P2,223,223
sub-0221_P2,224,224
sub-0221_P2,225,208
sub-0221_P2,226,226
sub-0221_P2,227,227
sub-0221_P2,228,228
sub-0221_P2,229,229
sub-0221_P2,230,230
sub-0221_P2,231,214
sub-0222_P2,0,0
sub-0222_P2,1,1
sub-0222_P2,2,2
sub-0222_P2,3,3
sub-0222_P2,4,4
sub-0222_P2,5,5
sub-0222_P2,6,6
sub-0222_P2,7,7
sub-0222_P2,8,8
sub-0222_P2,9,9
sub-0222_P2,10,10
sub-0222_P2,11,11
sub-0222_P2,12,12
sub-0222_P2,13,13
sub-0222_P2,14,14
sub-0222_P2,15,15
sub-0222_P2,16,16
sub-0222_P2,17,17
sub-0222_P2,18,18
sub-0222_P2,19,19
sub-0222_P2,20,20
sub-0222_P2,21,21
sub-0222_P2,22,22
sub-0222_P2,23,23
sub-0222_P2,24,24
sub-0222_P2,25,25
sub-0222_P2,26,26
sub-0222_P2,27,27
sub-0222_P2,28,28
sub-0222_P2,29,29
sub-0222_P2,30,30
sub-0222_P2,31,31
sub-0222_P2,32,32
sub-0222_P2,33,33
sub-0222_P2,34,34
sub-0222_P2,35,35
sub-0222_P2,36,36
sub-0222_P2,37,37
sub-0222_P2,38,38
sub-0222_P2,39,39
sub-0222_P2,40,40
sub-0222_P2,41,41
sub-0222_P2,42,42
sub-0222_P2,43,43
sub-0222_P2,44,44
sub-0222_P2,45,45
sub-0222_P2,46,46
sub-0222_P2,47,47
sub-0222_P2,48,48
sub-0222_P2,49,153
sub-0222_P2,50,50
sub-0222_P2,51,50
sub-0222_P2,52,218
sub-0222_P2,53,53
sub-0222_P2,54,54
sub-0222_P2,55,55
sub-0222_P2,56,56
sub-0222_P2,57,57
sub-0222_P2,58,58
sub-0222_P2,59,59
sub-0222_P2,60,60
sub-0222_P2,61,61
sub-0222_P2,62,62
sub-0222_P2,63,63
sub-0222_P2,64,64
sub-0222_P2,65,65
sub-0222_P2,66,66
sub-0222_P2,67,67
sub-0222_P2,68,68
sub-0222_P2,69,69
sub-0222_P2,70,70
sub-0222_P2,71,71
sub-0222_P2,72,72
sub-0222_P2,73,73
sub-0222_P2,74,74
sub-0222_P2,75,75
sub-0222_P2,76,76
sub-0222_P2,77,77
sub-0222_P2,78,78
sub-0222_P2,79,79
sub-0222_P2,80,80
sub-0222_P2,81,81
sub-0222_P2,82,82
sub-0222_P2,83,83
sub-0222_P2,84,84
sub-0222_P2,85,85
sub-0222_P2,86,86
sub-0222_P2,87,87
sub-0222_P2,88,88
sub-0222_P2,89,89
sub-0222_P2,90,90
sub-0222_P2,91,91
sub-0222_P2,92,92
sub-0222_P2,93,51
sub-0222_P2,94,94
sub-0222_P2,95,95
sub-0222_P2,96,96
sub-0222_P2,97,97
sub-0222_P2,98,98
sub-0222_P2,99,99
sub-0222_P2,100,100
sub-0222_P2,101,101
sub-0222_P2,102,102
sub-0222_P2,103,103
sub-0222_P2,104,104
sub-0222_P2,105,105
sub-0222_P2,106,106
sub-0222_P2,107,107
sub-0222_P2,108,108
sub-0222_P2,109,109
sub-0222_P2,110,110
sub-0222_P2,111,111
sub-0222_P2,112,112
sub-0222_P2,113,113
sub-0222_P2,114,114
sub-0222_P2,115,115
sub-0222_P2,116,116
sub-0222_P2,117,117
sub-0222_P2,118,118
sub-0222_P2,119,119
sub-0222_P2,120,120
sub-0222_P2,121,16
sub-0222_P2,122,122
sub-0222_P2,123,123
sub-0222_P2,124,124
sub-0222_P2,125,125
sub-0222_P2,126,20
sub-0222_P2,127,127
sub-0222_P2,128,128
sub-0222_P2,129,129
sub-0222_P2,130,130
sub-0222_P2,131,131
sub-0222_P2,132,132
sub-0222_P2,133,133
sub-0222_P2,134,134
sub-0222_P2,135,135
sub-0222_P2,136,136
sub-0222_P2,137,137
sub-0222_P2,138,138
sub-0222_P2,139,139
sub-0222_P2,140,140
sub-0222_P2,141,141
sub-0222_P2,142,142
sub-0222_P2,143,143
sub-0222_P2,144,55
sub-0222_P2,145,145
sub-0222_P2,146,146
sub-0222_P2,147,113
sub-0222_P2,148,148
sub-0222_P2,149,149
sub-0222_P2,150,150
sub-0222_P2,151,225
sub-0222_P2,152,152
sub-0222_P2,153,187
sub-0222_P2,154,154
sub-0222_P2,155,155
sub-0222_P2,156,156
sub-0222_P2,157,157
sub-0222_P2,158,158
sub-0222_P2,159,159
sub-0222_P2,160,160
sub-0222_P2,161,187
sub-0222_P2,162,53
sub-0222_P2,163,163
sub-0222_P2,164,164
sub-0222_P2,165,165
sub-0222_P2,166,166
sub-0222_P2,167,167
sub-0222_P2,168,168
sub-0222_P2,169,169
sub-0222_P2,170,170
sub-0222_P2,171,171
sub-0222_P2,172,172
sub-0222_P2,173,173
sub-0222_P2,174,174
sub-0222_P2,175,175
sub-0222_P2,176,176
sub-0222_P2,177,177
sub-0222_P2,178,178
sub-0222_P2,179,179
sub-0222_P2,180,10
sub-0222_P2,181,181
sub-0222_P2,182,182
sub-0222_P2,183,183
sub-0222_P2,184,174
sub-0222_P2,185,185
sub-0222_P2,186,186
sub-0222_P2,187,187
sub-0222_P2,188,188
sub-0222_P2,189,189
sub-0222_P2,190,190
sub-0222_P2,191,191
sub-0222_P2,192,192
sub-0222_P2,193,193
sub-0222_P2,194,194
sub-0222_P2,195,195
sub-0222_P2,196,196
sub-0222_P2,197,197
sub-0222_P2,198,198
sub-0222_P2,199,199
sub-0222_P2,200,200
sub-0222_P2,201,201
sub-0222_P2,202,202
sub-0222_P2,203,203
sub-0222_P2,204,204
sub-0222_P2,205,205
sub-0222_P2,206,206
sub-0222_P2,207,207
sub-0222_P2,208,208
sub-0222_P2,209,209
sub-0222_P2,210,210
sub-0222_P2,211,211
sub-0222_P2,212,229
sub-0222_P2,213,213
sub-0222_P2,214,214
sub-0222_P2,215,215
sub-0222_P2,216,216
sub-0222_P2,217,217
sub-0222_P2,218,218
sub-0222_P2,219,219
sub-0222_P2,220,220
sub-0222_P2,221,221
sub-0222_P2,222,222
sub-0222_P2,223,223
sub-0222_P2,224,224
sub-0222_P2,225,225
sub-0222_P2,226,221
sub-0222_P2,227,227
sub-0222_P2,228,228
sub-0222_P2,229,229
sub-0222_P2,230,230
sub-0222_P2,231,231
sub-0223_P2,0,0
sub-0223_P2,1,1
sub-0223_P2,2,2
sub-0223_P2,3,3
sub-0223_P2,4,4
sub-0223_P2,5,5
sub-0223_P2,6,1
sub-0223_P2,7,7
sub-0223_P2,8,220
sub-0223_P2,9,9
sub-0223_P2,10,10
sub-0223_P2,11,11
sub-0223_P2,12,12
sub-0223_P2,13,13
sub-0223_P2,14,14
sub-0223_P2,15,15
sub-0223_P2,16,16
sub-0223_P2,17,17
sub-0223_P2,18,18
sub-0223_P2,19,19
sub-0223_P2,20,20
sub-0223_P2,21,21
sub-0223_P2,22,22
sub-0223_P2,23,23
sub-0223_P2,24,24
sub-0223_P2,25,25
sub-0223_P2,26,26
sub-0223_P2,27,27
sub-0223_P2,28,28
sub-0223_P2,29,29
sub-0223_P2,30,30
sub-0223_P2,31,31
sub-0223_P2,32,32
sub-0223_P2,33,33
sub-0223_P2,34,34
sub-0223_P2,35,35
sub-0223_P2,36,36
sub-0223_P2,37,37
sub-0223_P2,38,38
sub-0223_P2,39,39
sub-0223_P2,40,40
sub-0223_P2,41,41
sub-0223_P2,42,42
sub-0223_P2,43,43
sub-0223_P2,44,44
sub-0223_P2,45,45
sub-0223_P2,46,46
sub-0223_P2,47,47
sub-0223_P2,48,48
sub-0223_P2,49,49
sub-0223_P2,50,50
sub-0223_P2,51,51
sub-0223_P2,52,52
sub-0223_P2,53,53
sub-0223_P2,54,54
sub-0223_P2,55,55
sub-0223_P2,56,56
sub-0223_P2,57,57
sub-0223_P2,58,58
sub-0223_P2,59,59
sub-0223_P2,60,60
sub-0223_P2,61,61
sub-0223_P2,62,62
sub-0223_P2,63,63
sub-0223_P2,64,64
sub-0223_P2,65,169
sub-0223_P2,66,66
sub-0223_P2,67,67
sub-0223_P2,68,68
sub-0223_P2,69,69
sub-0223_P2,70,70
sub-0223_P2,71,71
sub-0223_P2,72,72
sub-0223_P2,73,73
sub-0223_P2,74,74
sub-0223_P2,75,75
sub-0223_P2,76,76
sub-0223_P2,77,77
sub-0223_P2,78,78
sub-0223_P2,79,162
sub-0223_P2,80,80
sub-0223_P2,81,81
sub-0223_P2,82,82
sub-0223_P2,83,83
sub-0223_P2,84,84
sub-0223_P2,85,85
sub-0223_P2,86,86
sub-0223_P2,87,87
sub-0223_P2,88,88
sub-0223_P2,89,89
sub-0223_P2,90,90
sub-0223_P2,91,91
sub-0223_P2,92,92
sub-0223_P2,93,50
sub-0223_P2,94,94
sub-0223_P2,95,95
sub-0223_P2,96,96
sub-0223_P2,97,97
sub-0223_P2,98,98
sub-0223_P2,99,99
sub-0223_P2,100,100
sub-0223_P2,101,101
sub-0223_P2,102,102
sub-0223_P2,103,103
sub-0223_P2,104,104
sub-0223_P2,105,105
sub-0223_P2,106,106
sub-0223_P2,107,107
sub-0223_P2,108,108
sub-0223_P2,109,109
sub-0223_P2,110,110
sub-0223_P2,111,111
sub-0223_P2,112,112
sub-0223_P2,113,113
sub-0223_P2,114,114
sub-0223_P2,115,115
sub-0223_P2,116,161
sub-0223_P2,117,117
sub-0223_P2,118,118
sub-0223_P2,119,119
sub-0223_P2,120,120
sub-0223_P2,121,121
sub-0223_P2,122,122
sub-0223_P2,123,123
sub-0223_P2,124,124
sub-0223_P2,125,125
sub-0223_P2,126,126
sub-0223_P2,127,127
sub-0223_P2,128,128
sub-0223_P2,129,129
sub-0223_P2,130,130
sub-0223_P2,131,131
sub-0223_P2,132,132
sub-0223_P2,133,133
sub-0223_P2,134,134
sub-0223_P2,135,135
sub-0223_P2,136,136
sub-0223_P2,137,137
sub-0223_P2,138,138
sub-0223_P2,139,139
sub-0223_P2,140,140
sub-0223_P2,141,141
sub-0223_P2,142,142
sub-0223_P2,143,143
sub-0223_P2,144,144
sub-0223_P2,145,145
sub-0223_P2,146,146
sub-0223_P2,147,147
sub-0223_P2,148,148
sub-0223_P2,149,149
sub-0223_P2,150,150
sub-0223_P2,151,151
sub-0223_P2,152,152
sub-0223_P2,153,153
sub-0223_P2,154,154
sub-0223_P2,155,155
sub-0223_P2,156,156
sub-0223_P2,157,157
sub-0223_P2,158,158
sub-0223_P2,159,159
sub-0223_P2,160,160
sub-0223_P2,161,161
sub-0223_P2,162,203
sub-0223_P2,163,163
sub-0223_P2,164,164
sub-0223_P2,165,165
sub-0223_P2,166,166
sub-0223_P2,167,174
sub-0223_P2,168,168
sub-0223_P2,169,169
sub-0223_P2,170,170
sub-0223_P2,171,171
sub-0223_P2,172,172
sub-0223_P2,173,173
sub-0223_P2,174,174
sub-0223_P2,175,175
sub-0223_P2,176,176
sub-0223_P2,177,177
sub-0223_P2,178,178
sub-0223_P2,179,179
sub-0223_P2,180,180
sub-0223_P2,181,181
sub-0223_P2,182,182
sub-0223_P2,183,183
sub-0223_P2,184,184
sub-0223_P2,185,185
sub-0223_P2,186,186
sub-0223_P2,187,187
sub-0223_P2,188,157
sub-0223_P2,189,189
sub-0223_P2,190,190
sub-0223_P2,191,191
sub-0223_P2,192,192
sub-0223_P2,193,193
sub-0223_P2,194,194
sub-0223_P2,195,195
sub-0223_P2,196,196
sub-0223_P2,197,197
sub-0223_P2,198,198
sub-0223_P2,199,199
sub-0223_P2,200,200
sub-0223_P2,201,201
sub-0223_P2,202,202
sub-0223_P2,203,203
sub-0223_P2,204,204
sub-0223_P2,205,205
sub-0223_P2,206,206
sub-0223_P2,207,207
sub-0223_P2,208,208
sub-0223_P2,209,209
sub-0223_P2,210,226
sub-0223_P2,211,210
sub-0223_P2,212,212
sub-0223_P2,213,213
sub-0223_P2,214,214
sub-0223_P2,215,215
sub-0223_P2,216,216
sub-0223_P2,217,217
sub-0223_P2,218,218
sub-0223_P2,219,202
sub-0223_P2,220,201
sub-0223_P2,221,221
sub-0223_P2,222,222
sub-0223_P2,223,223
sub-0223_P2,224,224
sub-0223_P2,225,225
sub-0223_P2,226,226
sub-0223_P2,227,211
sub-0223_P2,228,228
sub-0223_P2,229,229
sub-0223_P2,230,230
sub-0223_P2,231,231
sub-0224_P2,0,0
sub-0224_P2,1,1
sub-0224_P2,2,2
sub-0224_P2,3,3
sub-0224_P2,4,4
sub-0224_P2,5,5
sub-0224_P2,6,6
sub-0224_P2,7,7
sub-0224_P2,8,8
sub-0224_P2,9,9
sub-0224_P2,10,10
sub-0224_P2,11,11
sub-0224_P2,12,12
sub-0224_P2,13,13
sub-0224_P2,14,14
sub-0224_P2,15,131
sub-0224_P2,16,16
sub-0224_P2,17,17
sub-0224_P2,18,18
sub-0224_P2,19,19
sub-0224_P2,20,20
sub-0224_P2,21,21
sub-0224_P2,22,22
sub-0224_P2,23,23
sub-0224_P2,24,24
sub-0224_P2,25,25
sub-0224_P2,26,26
sub-0224_P2,27,27
sub-0224_P2,28,28
sub-0224_P2,29,29
sub-0224_P2,30,30
sub-0224_P2,31,31
sub-0224_P2,32,32
sub-0224_P2,33,33
sub-0224_P2,34,34
sub-0224_P2,35,35
sub-0224_P2,36,36
sub-0224_P2,37,37
sub-0224_P2,38,38
sub-0224_P2,39,39
sub-0224_P2,40,40
sub-0224_P2,41,41
sub-0224_P2,42,42
sub-0224_P2,43,43
sub-0224_P2,44,44
sub-0224_P2,45,45
sub-0224_P2,46,46
sub-0224_P2,47,47
sub-0224_P2,48,48
sub-0224_P2,49,49
sub-0224_P2,50,50
sub-0224_P2,51,51
sub-0224_P2,52,52
sub-0224_P2,53,53
sub-0224_P2,54,52
sub-0224_P2,55,162
sub-0224_P2,56,56
sub-0224_P2,57,57
sub-0224_P2,58,58
sub-0224_P2,59,59
sub-0224_P2,60,60
sub-0224_P2,61,61
sub-0224_P2,62,62
sub-0224_P2,63,63
sub-0224_P2,64,64
sub-0224_P2,65,65
sub-0224_P2,66,66
sub-0224_P2,67,67
sub-0224_P2,68,68
sub-0224_P2,69,69
sub-0224_P2,70,70
sub-0224_P2,71,71
sub-0224_P2,72,72
sub-0224_P2,73,73
sub-0224_P2,74,74
sub-0224_P2,75,75
sub-0224_P2,76,76
sub-0224_P2,77,77
sub-0224_P2,78,78
sub-0224_P2,79,79
sub-0224_P2,80,80
sub-0224_P2,81,81
sub-0224_P2,82,82
sub-0224_P2,83,83
sub-0224_P2,84,84
sub-0224_P2,85,85
sub-0224_P2,86,86
sub-0224_P2,87,87
sub-0224_P2,88,88
sub-0224_P2,89,89
sub-0224_P2,90,90
sub-0224_P2,91,91
sub-0224_P2,92,92
sub-0224_P2,93,93
sub-0224_P2,94,94
sub-0224_P2,95,95
sub-0224_P2,96,96
sub-0224_P2,97,97
sub-0224_P2,98,94
sub-0224_P2,99,99
sub-0224_P2,100,100
sub-0224_P2,101,101
sub-0224_P2,102,102
sub-0224_P2,103,103
sub-0224_P2,104,104
sub-0224_P2,105,105
sub-0224_P2,106,106
sub-0224_P2,107,107
sub-0224_P2,108,108
sub-0224_P2,109,7
sub-0224_P2,110,110
sub-0224_P2,111,111
sub-0224_P2,112,112
sub-0224_P2,113,113
sub-0224_P2,114,114
sub-0224_P2,115,115
sub-0224_P2,116,116
sub-0224_P2,117,117
sub-0224_P2,118,118
sub-0224_P2,119,119
sub-0224_P2,120,120
sub-0224_P2,121,121
sub-0224_P2,122,122
sub-0224_P2,123,123
sub-0224_P2,124,124
sub-0224_P2,125,125
sub-0224_P2,126,126
sub-0224_P2,127,127
sub-0224_P2,128,128
sub-0224_P2,129,129
sub-0224_P2,130,130
sub-0224_P2,131,131
sub-0224_P2,132,132
sub-0224_P2,133,133
sub-0224_P2,134,134
sub-0224_P2,135,135
sub-0224_P2,136,136
sub-0224_P2,137,137
sub-0224_P2,138,138
sub-0224_P2,139,139
sub-0224_P2,140,140
sub-0224_P2,141,141
sub-0224_P2,142,142
sub-0224_P2,143,210
sub-0224_P2,144,144
sub-0224_P2,145,145
sub-0224_P2,146,146
sub-0224_P2,147,147
sub-0224_P2,148,148
sub-0224_P2,149,149
sub-0224_P2,150,150
sub-0224_P2,151,151
sub-0224_P2,152,152
sub-0224_P2,153,153
sub-0224_P2,154,154
sub-0224_P2,155,155
sub-0224_P2,156,156
sub-0224_P2,157,157
sub-0224_P2,158,158
sub-0224_P2,159,159
sub-0224_P2,160,54
sub-0224_P2,161,53
sub-0224_P2,162,161
sub-0224_P2,163,163
sub-0224_P2,164,164
sub-0224_P2,165,165
sub-0224_P2,166,166
sub-0224_P2,167,167
sub-0224_P2,168,168
sub-0224_P2,169,169
sub-0224_P2,170,170
sub-0224_P2,171,171
sub-0224_P2,172,172
sub-0224_P2,173,173
sub-0224_P2,174,164
sub-0224_P2,175,175
sub-0224_P2,176,176
sub-0224_P2,177,177
sub-0224_P2,178,178
sub-0224_P2,179,179
sub-0224_P2,180,180
sub-0224_P2,181,189
sub-0224_P2,182,182
sub-0224_P2,183,183
sub-0224_P2,184,184
sub-0224_P2,185,185
sub-0224_P2,186,186
sub-0224_P2,187,187
sub-0224_P2,188,188
sub-0224_P2,189,189
sub-0224_P2,190,190
sub-0224_P2,191,191
sub-0224_P2,192,192
sub-0224_P2,193,193
sub-0224_P2,194,194
sub-0224_P2,195,195
sub-0224_P2,196,196
sub-0224_P2,197,197
sub-0224_P2,198,198
sub-0224_P2,199,199
sub-0224_P2,200,200
sub-0224_P2,201,201
sub-0224_P2,202,202
sub-0224_P2,203,210
sub-0224_P2,204,204
sub-0224_P2,205,205
sub-0224_P2,206,223
sub-0224_P2,207,207
sub-0224_P2,208,208
sub-0224_P2,209,209
sub-0224_P2,210,207
sub-0224_P2,211,211
sub-0224_P2,212,212
sub-0224_P2,213,213
sub-0224_P2,214,214
sub-0224_P2,215,215
sub-0224_P2,216,216
sub-0224_P2,217,217
sub-0224_P2,218,218
sub-0224_P2,219,202
sub-0224_P2,220,220
sub-0224_P2,221,221
sub-0224_P2,222,222
sub-0224_P2,223,223
sub-0224_P2,224,224
sub-0224_P2,225,225
sub-0224_P2,226,226
sub-0224_P2,227,227
sub-0224_P2,228,228
sub-0224_P2,229,229
sub-0224_P2,230,230
sub-0224_P2,231,231
sub-0225_P2,0,0
sub-0225_P2,1,1
sub-0225_P2,2,2
sub-0225_P2,3,3
sub-0225_P2,4,4
sub-0225_P2,5,5
sub-0225_P2,6,6
sub-0225_P2,7,7
sub-0225_P2,8,8
sub-0225_P2,9,9
sub-0225_P2,10,10
sub-0225_P2,11,11
sub-0225_P2,12,12
sub-0225_P2,13,13
sub-0225_P2,14,14
sub-0225_P2,15,15
sub-0225_P2,16,16
sub-0225_P2,17,17
sub-0225_P2,18,16
sub-0225_P2,19,19
sub-0225_P2,20,20
sub-0225_P2,21,21
sub-0225_P2,22,22
sub-0225_P2,23,23
sub-0225_P2,24,24
sub-0225_P2,25,25
sub-0225_P2,26,26
sub-0225_P2,27,27
sub-0225_P2,28,28
sub-0225_P2,29,29
sub-0225_P2,30,210
sub-0225_P2,31,31
sub-0225_P2,32,32
sub-0225_P2,33,33
sub-0225_P2,34,34
sub-0225_P2,35,35
sub-0225_P2,36,36
sub-0225_P2,37,37
sub-0225_P2,38,38
sub-0225_P2,39,39
sub-0225_P2,40,40
sub-0225_P2,41,41
sub-0225_P2,42,42
sub-0225_P2,43,43
sub-0225_P2,44,44
sub-0225_P2,45,45
sub-0225_P2,46,46
sub-0225_P2,47,47
sub-0225_P2,48,48
sub-0225_P2,49,49
sub-0225_P2,50,50
sub-0225_P2,51,51
sub-0225_P2,52,52
sub-0225_P2,53,53
sub-0225_P2,54,54
sub-0225_P2,55,55
sub-0225_P2,56,56
sub-0225_P2,57,57
sub-0225_P2,58,58
sub-0225_P2,59,59
sub-0225_P2,60,60
sub-0225_P2,61,61
sub-0225_P2,62,62
sub-0225_P2,63,63
sub-0225_P2,64,64
sub-0225_P2,65,65
sub-0225_P2,66,66
sub-0225_P2,67,67
sub-0225_P2,68,68
sub-0225_P2,69,69
sub-0225_P2,70,70
sub-0225_P2,71,71
sub-0225_P2,72,72
sub-0225_P2,73,73
sub-0225_P2,74,74
sub-0225_P2,75,75
sub-0225_P2,76,76
sub-0225_P2,77,77
sub-0225_P2,78,78
sub-0225_P2,79,79
sub-0225_P2,80,80
sub-0225_P2,81,81
sub-0225_P2,82,82
sub-0225_P2,83,161
sub-0225_P2,84,84
sub-0225_P2,85,85
sub-0225_P2,86,86
sub-0225_P2,87,87
sub-0225_P2,88,88
sub-0225_P2,89,89
sub-0225_P2,90,90
sub-0225_P2,91,91
sub-0225_P2,92,92
sub-0225_P2,93,90
sub-0225_P2,94,94
sub-0225_P2,95,95
sub-0225_P2,96,96
sub-0225_P2,97,97
sub-0225_P2,98,98
sub-0225_P2,99,99
sub-0225_P2,100,100
sub-0225_P2,101,101
sub-0225_P2,102,102
sub-0225_P2,103,103
sub-0225_P2,104,104
sub-0225_P2,105,105
sub-0225_P2,106,106
sub-0225_P2,107,107
sub-0225_P2,108,108
sub-0225_P2,109,109
sub-0225_P2,110,110
sub-0225_P2,111,111
sub-0225_P2,112,112
sub-0225_P2,113,113
sub-0225_P2,114,114
sub-0225_P2,115,115
sub-0225_P2,116,116
sub-0225_P2,117,117
sub-0225_P2,118,118
sub-0225_P2,119,119
sub-0225_P2,120,120
sub-0225_P2,121,121
sub-0225_P2,122,122
sub-0225_P2,123,123
sub-0225_P2,124,124
sub-0225_P2,125,125
sub-0225_P2,126,126
sub-0225_P2,127,127
sub-0225_P2,128,128
sub-0225_P2,129,129
sub-0225_P2,130,130
sub-0225_P2,131,131
sub-0225_P2,132,132
sub-0225_P2,133,133
sub-0225_P2,134,134
sub-0225_P2,135,135
sub-0225_P2,136,136
sub-0225_P2,137,137
sub-0225_P2,138,138
sub-0225_P2,139,139
sub-0225_P2,140,140
sub-0225_P2,141,141
sub-0225_P2,142,142
sub-0225_P2,143,143
sub-0225_P2,144,144
sub-0225_P2,145,145
sub-0225_P2,146,146
sub-0225_P2,147,147
sub-0225_P2,148,148
sub-0225_P2,149,149
sub-0225_P2,150,150
sub-0225_P2,151,151
sub-0225_P2,152,152
sub-0225_P2,153,153
sub-0225_P2,154,154
sub-0225_P2,155,155
sub-0225_P2,156,156
sub-0225_P2,157,157
sub-0225_P2,158,158
sub-0225_P2,159,224
sub-0225_P2,160,54
sub-0225_P2,161,161
sub-0225_P2,162,162
sub-0225_P2,163,163
sub-0225_P2,164,164
sub-0225_P2,165,165
sub-0225_P2,166,166
sub-0225_P2,167,167
sub-0225_P2,168,168
sub-0225_P2,169,169
sub-0225_P2,170,170
sub-0225_P2,171,171
sub-0225_P2,172,172
sub-0225_P2,173,173
sub-0225_P2,174,174
sub-0225_P2,175,179
sub-0225_P2,176,176
sub-0225_P2,177,177
sub-0225_P2,178,91
sub-0225_P2,179,179
sub-0225_P2,180,180
sub-0225_P2,181,181
sub-0225_P2,182,182
sub-0225_P2,183,183
sub-0225_P2,184,184
sub-0225_P2,185,185
sub-0225_P2,186,186
sub-0225_P2,187,187
sub-0225_P2,188,188
sub-0225_P2,189,189
sub-0225_P2,190,190
sub-0225_P2,191,191
sub-0225_P2,192,192
sub-0225_P2,193,193
sub-0225_P2,194,194
sub-0225_P2,195,195
sub-0225_P2,196,196
sub-0225_P2,197,197
sub-0225_P2,198,198
sub-0225_P2,199,199
sub-0225_P2,200,200
sub-0225_P2,201,201
sub-0225_P2,202,218
sub-0225_P2,203,203
sub-0225_P2,204,204
sub-0225_P2,205,210
sub-0225_P2,206,222
sub-0225_P2,207,207
sub-0225_P2,208,208
sub-0225_P2,209,209
sub-0225_P2,210,210
sub-0225_P2,211,157
sub-0225_P2,212,212
sub-0225_P2,213,213
sub-0225_P2,214,214
sub-0225_P2,215,215
sub-0225_P2,216,216
sub-0225_P2,217,217
sub-0225_P2,218,218
sub-0225_P2,219,219
sub-0225_P2,220,220
sub-0225_P2,221,221
sub-0225_P2,222,222
sub-0225_P2,223,223
sub-0225_P2,224,224
sub-0225_P2,225,225
sub-0225_P2,226,226
sub-0225_P2,227,227
sub-0225_P2,228,228
sub-0225_P2,229,229
sub-0225_P2,230,230
sub-0225_P2,231,231
sub-0226_P2,0,0
sub-0226_P2,1,1
sub-0226_P2,2,2
sub-0226_P2,3,3
sub-0226_P2,4,4
sub-0226_P2,5,5
sub-0226_P2,6,6
sub-0226_P2,7,7
sub-0226_P2,8,8
sub-0226_P2,9,9
sub-0226_P2,10,10
sub-0226_P2,11,11
sub-0226_P2,12,12
sub-0226_P2,13,13
sub-0226_P2,14,14
sub-0226_P2,15,15
sub-0226_P2,16,16
sub-0226_P2,17,17
sub-0226_P2,18,18
sub-0226_P2,19,19
sub-0226_P2,20,20
sub-0226_P2,21,21
sub-0226_P2,22,22
sub-0226_P2,23,23
sub-0226_P2,24,24
sub-0226_P2,25,25
sub-0226_P2,26,26
sub-0226_P2,27,27
sub-0226_P2,28,28
sub-0226_P2,29,29
sub-0226_P2,30,30
sub-0226_P2,31,31
sub-0226_P2,32,32
sub-0226_P2,33,33
sub-0226_P2,34,34
sub-0226_P2,35,35
sub-0226_P2,36,36
sub-0226_P2,37,37
sub-0226_P2,38,38
sub-0226_P2,39,39
sub-0226_P2,40,40
sub-0226_P2,41,41
sub-0226_P2,42,42
sub-0226_P2,43,43
sub-0226_P2,44,44
sub-0226_P2,45,45
sub-0226_P2,46,46
sub-0226_P2,47,47
sub-0226_P2,48,48
sub-0226_P2,49,49
sub-0226_P2,50,50
sub-0226_P2,51,51
sub-0226_P2,52,52
sub-0226_P2,53,53
sub-0226_P2,54,54
sub-0226_P2,55,55
sub-0226_P2,56,56
sub-0226_P2,57,70
sub-0226_P2,58,58
sub-0226_P2,59,59
sub-0226_P2,60,60
sub-0226_P2,61,61
sub-0226_P2,62,62
sub-0226_P2,63,64
sub-0226_P2,64,64
sub-0226_P2,65,65
sub-0226_P2,66,66
sub-0226_P2,67,67
sub-0226_P2,68,68
sub-0226_P2,69,69
sub-0226_P2,70,187
sub-0226_P2,71,71
sub-0226_P2,72,72
sub-0226_P2,73,73
sub-0226_P2,74,74
sub-0226_P2,75,75
sub-0226_P2,76,76
sub-0226_P2,77,77
sub-0226_P2,78,78
sub-0226_P2,79,79
sub-0226_P2,80,80
sub-0226_P2,81,81
sub-0226_P2,82,82
sub-0226_P2,83,83
sub-0226_P2,84,84
sub-0226_P2,85,85
sub-0226_P2,86,86
sub-0226_P2,87,87
sub-0226_P2,88,88
sub-0226_P2,89,89
sub-0226_P2,90,90
sub-0226_P2,91,93
sub-0226_P2,92,92
sub-0226_P2,93,93
sub-0226_P2,94,94
sub-0226_P2,95,95
sub-0226_P2,96,96
sub-0226_P2,97,97
sub-0226_P2,98,98
sub-0226_P2,99,99
sub-0226_P2,100,100
sub-0226_P2,101,101
sub-0226_P2,102,102
sub-0226_P2,103,103
sub-0226_P2,104,104
sub-0226_P2,105,105
sub-0226_P2,106,106
sub-0226_P2,107,107
sub-0226_P2,108,108
sub-0226_P2,109,8
sub-0226_P2,110,110
sub-0226_P2,111,111
sub-0226_P2,112,112
sub-0226_P2,113,113
sub-0226_P2,114,114
sub-0226_P2,115,115
sub-0226_P2,116,116
sub-0226_P2,117,117
sub-0226_P2,118,118
sub-0226_P2,119,119
sub-0226_P2,120,120
sub-0226_P2,121,121
sub-0226_P2,122,122
sub-0226_P2,123,123
sub-0226_P2,124,124
sub-0226_P2,125,125
sub-0226_P2,126,126
sub-0226_P2,127,127
sub-0226_P2,128,128
sub-0226_P2,129,129
sub-0226_P2,130,130
sub-0226_P2,131,131
sub-0226_P2,132,132
sub-0226_P2,133,133
sub-0226_P2,134,134
sub-0226_P2,135,135
sub-0226_P2,136,136
sub-0226_P2,137,137
sub-0226_P2,138,138
sub-0226_P2,139,139
sub-0226_P2,140,140
sub-0226_P2,141,141
sub-0226_P2,142,142
sub-0226_P2,143,55
sub-0226_P2,144,144
sub-0226_P2,145,145
sub-0226_P2,146,146
sub-0226_P2,147,147
sub-0226_P2,148,148
sub-0226_P2,149,149
sub-0226_P2,150,46
sub-0226_P2,151,215
sub-0226_P2,152,153
sub-0226_P2,153,153
sub-0226_P2,154,154
sub-0226_P2,155,155
sub-0226_P2,156,92
sub-0226_P2,157,157
sub-0226_P2,158,158
sub-0226_P2,159,159
sub-0226_P2,160,160
sub-0226_P2,161,160
sub-0226_P2,162,162
sub-0226_P2,163,163
sub-0226_P2,164,164
sub-0226_P2,165,165
sub-0226_P2,166,166
sub-0226_P2,167,167
sub-0226_P2,168,168
sub-0226_P2,169,169
sub-0226_P2,170,170
sub-0226_P2,171,171
sub-0226_P2,172,172
sub-0226_P2,173,173
sub-0226_P2,174,174
sub-0226_P2,175,175
sub-0226_P2,176,176
sub-0226_P2,177,177
sub-0226_P2,178,178
sub-0226_P2,179,179
sub-0226_P2,180,180
sub-0226_P2,181,181
sub-0226_P2,182,182
sub-0226_P2,183,183
sub-0226_P2,184,184
sub-0226_P2,185,185
sub-0226_P2,186,186
sub-0226_P2,187,187
sub-0226_P2,188,188
sub-0226_P2,189,189
sub-0226_P2,190,190
sub-0226_P2,191,191
sub-0226_P2,192,192
sub-0226_P2,193,193
sub-0226_P2,194,194
sub-0226_P2,195,195
sub-0226_P2,196,196
sub-0226_P2,197,197
sub-0226_P2,198,198
sub-0226_P2,199,199
sub-0226_P2,200,200
sub-0226_P2,201,201
sub-0226_P2,202,216
sub-0226_P2,203,203
sub-0226_P2,204,204
sub-0226_P2,205,220
sub-0226_P2,206,206
sub-0226_P2,207,207
sub-0226_P2,208,208
sub-0226_P2,209,209
sub-0226_P2,210,210
sub-0226_P2,211,226
sub-0226_P2,212,212
sub-0226_P2,213,213
sub-0226_P2,214,214
sub-0226_P2,215,215
sub-0226_P2,216,216
sub-0226_P2,217,220
sub-0226_P2,218,218
sub-0226_P2,219,219
sub-0226_P2,220,162
sub-0226_P2,221,221
sub-0226_P2,222,222
sub-0226_P2,223,223
sub-0226_P2,224,224
sub-0226_P2,225,225
sub-0226_P2,226,227
sub-0226_P2,227,226
sub-0226_P2,228,228
sub-0226_P2,229,229
sub-0226_P2,230,230
sub-0226_P2,231,231
